source,source_url,source_revision,source_row,observed_at,league,season,date,home_team,away_team,ft_home_goals,ft_away_goals,ft_result,ht_home_goals,ht_away_goals,ht_result,round,score_period,home_team_raw,away_team_raw
openfootball/europe,https://raw.githubusercontent.com/openfootball/europe/7faa522aef63fa9a6fcb9d8189bd8bc52381e967/netherlands/2020-21_nl2.txt,7faa522aef63fa9a6fcb9d8189bd8bc52381e967,11,2026-09-04T07:12:27.858Z,Eerste Divisie,2020-21,2020-08-28,FC Utrecht J,FC Eindhoven,1,2,A,0,1,A,Matchday 1,source_reported_FT,FC Utrecht J,FC Eindhoven
openfootball/europe,https://raw.githubusercontent.com/openfootball/europe/7faa522aef63fa9a6fcb9d8189bd8bc52381e967/netherlands/2020-21_nl2.txt,7faa522aef63fa9a6fcb9d8189bd8bc52381e967,12,2026-09-04T07:12:27.858Z,Eerste Divisie,2020-21,2020-08-28,SC Cambuur,NEC Nijmegen,2,0,H,0,0,D,Matchday 1,source_reported_FT,SC Cambuur,NEC Nijmegen
openfootball/europe,https://raw.githubusercontent.com/openfootball/europe/7faa522aef63fa9a6fcb9d8189bd8bc52381e967/netherlands/2020-21_nl2.txt,7faa522aef63fa9a6fcb9d8189bd8bc52381e967,14,2026-09-04T07:12:27.858Z,Eerste Divisie,2020-21,2020-08-29,Jong PSV,SBV Excelsior,1,6,A,0,2,A,Matchday 1,source_reported_FT,Jong PSV,SBV Excelsior
openfootball/europe,https://raw.githubusercontent.com/openfootball/europe/7faa522aef63fa9a6fcb9d8189bd8bc52381e967/netherlands/2020-21_nl2.txt,7faa522aef63fa9a6fcb9d8189bd8bc52381e967,16,2026-09-04T07:12:27.858Z,Eerste Divisie,2020-21,2020-08-29,NAC Breda,AZ Alkmaar J,6,1,H,3,0,H,Matchday 1,source_reported_FT,NAC Breda,AZ Alkmaar J
openfootball/europe,https://raw.githubusercontent.com/openfootball/europe/7faa522aef63fa9a6fcb9d8189bd8bc52381e967/netherlands/2020-21_nl2.txt,7faa522aef63fa9a6fcb9d8189bd8bc52381e967,15,2026-09-04T07:12:27.858Z,Eerste Divisie,2020-21,2020-08-29,TOP Oss,Helmond Sport,1,2,A,0,1,A,Matchday 1,source_reported_FT,TOP Oss,Helmond Sport
openfootball/europe,https://raw.githubusercontent.com/openfootball/europe/7faa522aef63fa9a6fcb9d8189bd8bc52381e967/netherlands/2020-21_nl2.txt,7faa522aef63fa9a6fcb9d8189bd8bc52381e967,21,2026-09-04T07:12:27.858Z,Eerste Divisie,2020-21,2020-08-30,Almere City FC,MVV,0,0,D,,,,Matchday 1,source_reported_FT,Almere City FC,MVV
openfootball/europe,https://raw.githubusercontent.com/openfootball/europe/7faa522aef63fa9a6fcb9d8189bd8bc52381e967/netherlands/2020-21_nl2.txt,7faa522aef63fa9a6fcb9d8189bd8bc52381e967,20,2026-09-04T07:12:27.858Z,Eerste Divisie,2020-21,2020-08-30,FC Dordrecht,Go Ahead Eagles,0,0,D,,,,Matchday 1,source_reported_FT,FC Dordrecht,Go Ahead Eagles
openfootball/europe,https://raw.githubusercontent.com/openfootball/europe/7faa522aef63fa9a6fcb9d8189bd8bc52381e967/netherlands/2020-21_nl2.txt,7faa522aef63fa9a6fcb9d8189bd8bc52381e967,19,2026-09-04T07:12:27.858Z,Eerste Divisie,2020-21,2020-08-30,Jong Ajax,Roda JC Kerkrade,0,4,A,0,1,A,Matchday 1,source_reported_FT,Jong Ajax,Roda JC Kerkrade
openfootball/europe,https://raw.githubusercontent.com/openfootball/europe/7faa522aef63fa9a6fcb9d8189bd8bc52381e967/netherlands/2020-21_nl2.txt,7faa522aef63fa9a6fcb9d8189bd8bc52381e967,18,2026-09-04T07:12:27.858Z,Eerste Divisie,2020-21,2020-08-30,Telstar,FC Volendam,2,2,D,2,1,H,Matchday 1,source_reported_FT,Telstar,FC Volendam
openfootball/europe,https://raw.githubusercontent.com/openfootball/europe/7faa522aef63fa9a6fcb9d8189bd8bc52381e967/netherlands/2020-21_nl2.txt,7faa522aef63fa9a6fcb9d8189bd8bc52381e967,23,2026-09-04T07:12:27.858Z,Eerste Divisie,2020-21,2020-08-31,De Graafschap,FC Den Bosch,4,2,H,1,0,H,Matchday 1,source_reported_FT,De Graafschap,FC Den Bosch
openfootball/europe,https://raw.githubusercontent.com/openfootball/europe/7faa522aef63fa9a6fcb9d8189bd8bc52381e967/netherlands/2020-21_nl2.txt,7faa522aef63fa9a6fcb9d8189bd8bc52381e967,28,2026-09-04T07:12:27.858Z,Eerste Divisie,2020-21,2020-09-05,FC Eindhoven,Telstar,2,3,A,0,1,A,Matchday 2,source_reported_FT,FC Eindhoven,Telstar
openfootball/europe,https://raw.githubusercontent.com/openfootball/europe/7faa522aef63fa9a6fcb9d8189bd8bc52381e967/netherlands/2020-21_nl2.txt,7faa522aef63fa9a6fcb9d8189bd8bc52381e967,29,2026-09-04T07:12:27.858Z,Eerste Divisie,2020-21,2020-09-05,MVV,SC Cambuur,1,7,A,1,4,A,Matchday 2,source_reported_FT,MVV,SC Cambuur
openfootball/europe,https://raw.githubusercontent.com/openfootball/europe/7faa522aef63fa9a6fcb9d8189bd8bc52381e967/netherlands/2020-21_nl2.txt,7faa522aef63fa9a6fcb9d8189bd8bc52381e967,30,2026-09-04T07:12:27.858Z,Eerste Divisie,2020-21,2020-09-05,Roda JC Kerkrade,TOP Oss,3,0,H,3,0,H,Matchday 2,source_reported_FT,Roda JC Kerkrade,TOP Oss
openfootball/europe,https://raw.githubusercontent.com/openfootball/europe/7faa522aef63fa9a6fcb9d8189bd8bc52381e967/netherlands/2020-21_nl2.txt,7faa522aef63fa9a6fcb9d8189bd8bc52381e967,33,2026-09-04T07:12:27.858Z,Eerste Divisie,2020-21,2020-09-06,FC Den Bosch,FC Dordrecht,2,1,H,0,1,A,Matchday 2,source_reported_FT,FC Den Bosch,FC Dordrecht
openfootball/europe,https://raw.githubusercontent.com/openfootball/europe/7faa522aef63fa9a6fcb9d8189bd8bc52381e967/netherlands/2020-21_nl2.txt,7faa522aef63fa9a6fcb9d8189bd8bc52381e967,34,2026-09-04T07:12:27.858Z,Eerste Divisie,2020-21,2020-09-06,Helmond Sport,NAC Breda,0,2,A,0,1,A,Matchday 2,source_reported_FT,Helmond Sport,NAC Breda
openfootball/europe,https://raw.githubusercontent.com/openfootball/europe/7faa522aef63fa9a6fcb9d8189bd8bc52381e967/netherlands/2020-21_nl2.txt,7faa522aef63fa9a6fcb9d8189bd8bc52381e967,32,2026-09-04T07:12:27.858Z,Eerste Divisie,2020-21,2020-09-06,SBV Excelsior,Almere City FC,4,6,A,3,4,A,Matchday 2,source_reported_FT,SBV Excelsior,Almere City FC
openfootball/europe,https://raw.githubusercontent.com/openfootball/europe/7faa522aef63fa9a6fcb9d8189bd8bc52381e967/netherlands/2020-21_nl2.txt,7faa522aef63fa9a6fcb9d8189bd8bc52381e967,49,2026-09-04T07:12:27.858Z,Eerste Divisie,2020-21,2020-09-11,AZ Alkmaar J,Jong PSV,1,4,A,1,1,D,Matchday 3,source_reported_FT,AZ Alkmaar J,Jong PSV
openfootball/europe,https://raw.githubusercontent.com/openfootball/europe/7faa522aef63fa9a6fcb9d8189bd8bc52381e967/netherlands/2020-21_nl2.txt,7faa522aef63fa9a6fcb9d8189bd8bc52381e967,46,2026-09-04T07:12:27.858Z,Eerste Divisie,2020-21,2020-09-11,FC Dordrecht,SBV Excelsior,1,3,A,1,2,A,Matchday 3,source_reported_FT,FC Dordrecht,SBV Excelsior
openfootball/europe,https://raw.githubusercontent.com/openfootball/europe/7faa522aef63fa9a6fcb9d8189bd8bc52381e967/netherlands/2020-21_nl2.txt,7faa522aef63fa9a6fcb9d8189bd8bc52381e967,48,2026-09-04T07:12:27.858Z,Eerste Divisie,2020-21,2020-09-11,FC Eindhoven,Helmond Sport,0,0,D,,,,Matchday 3,source_reported_FT,FC Eindhoven,Helmond Sport
openfootball/europe,https://raw.githubusercontent.com/openfootball/europe/7faa522aef63fa9a6fcb9d8189bd8bc52381e967/netherlands/2020-21_nl2.txt,7faa522aef63fa9a6fcb9d8189bd8bc52381e967,47,2026-09-04T07:12:27.858Z,Eerste Divisie,2020-21,2020-09-11,FC Volendam,FC Utrecht J,0,1,A,0,0,D,Matchday 3,source_reported_FT,FC Volendam,FC Utrecht J
openfootball/europe,https://raw.githubusercontent.com/openfootball/europe/7faa522aef63fa9a6fcb9d8189bd8bc52381e967/netherlands/2020-21_nl2.txt,7faa522aef63fa9a6fcb9d8189bd8bc52381e967,50,2026-09-04T07:12:27.858Z,Eerste Divisie,2020-21,2020-09-11,NEC Nijmegen,Jong Ajax,2,1,H,1,0,H,Matchday 3,source_reported_FT,NEC Nijmegen,Jong Ajax
openfootball/europe,https://raw.githubusercontent.com/openfootball/europe/7faa522aef63fa9a6fcb9d8189bd8bc52381e967/netherlands/2020-21_nl2.txt,7faa522aef63fa9a6fcb9d8189bd8bc52381e967,51,2026-09-04T07:12:27.858Z,Eerste Divisie,2020-21,2020-09-11,SC Cambuur,Go Ahead Eagles,0,2,A,0,1,A,Matchday 3,source_reported_FT,SC Cambuur,Go Ahead Eagles
openfootball/europe,https://raw.githubusercontent.com/openfootball/europe/7faa522aef63fa9a6fcb9d8189bd8bc52381e967/netherlands/2020-21_nl2.txt,7faa522aef63fa9a6fcb9d8189bd8bc52381e967,53,2026-09-04T07:12:27.858Z,Eerste Divisie,2020-21,2020-09-12,De Graafschap,Roda JC Kerkrade,4,0,H,2,0,H,Matchday 3,source_reported_FT,De Graafschap,Roda JC Kerkrade
openfootball/europe,https://raw.githubusercontent.com/openfootball/europe/7faa522aef63fa9a6fcb9d8189bd8bc52381e967/netherlands/2020-21_nl2.txt,7faa522aef63fa9a6fcb9d8189bd8bc52381e967,55,2026-09-04T07:12:27.858Z,Eerste Divisie,2020-21,2020-09-13,Telstar,MVV,1,2,A,0,1,A,Matchday 3,source_reported_FT,Telstar,MVV
openfootball/europe,https://raw.githubusercontent.com/openfootball/europe/7faa522aef63fa9a6fcb9d8189bd8bc52381e967/netherlands/2020-21_nl2.txt,7faa522aef63fa9a6fcb9d8189bd8bc52381e967,37,2026-09-04T07:12:27.858Z,Eerste Divisie,2020-21,2020-09-14,FC Utrecht J,AZ Alkmaar J,1,2,A,1,1,D,Matchday 2,source_reported_FT,FC Utrecht J,AZ Alkmaar J
openfootball/europe,https://raw.githubusercontent.com/openfootball/europe/7faa522aef63fa9a6fcb9d8189bd8bc52381e967/netherlands/2020-21_nl2.txt,7faa522aef63fa9a6fcb9d8189bd8bc52381e967,36,2026-09-04T07:12:27.858Z,Eerste Divisie,2020-21,2020-09-14,Jong Ajax,Jong PSV,1,2,A,1,2,A,Matchday 2,source_reported_FT,Jong Ajax,Jong PSV
openfootball/europe,https://raw.githubusercontent.com/openfootball/europe/7faa522aef63fa9a6fcb9d8189bd8bc52381e967/netherlands/2020-21_nl2.txt,7faa522aef63fa9a6fcb9d8189bd8bc52381e967,57,2026-09-04T07:12:27.858Z,Eerste Divisie,2020-21,2020-09-14,NAC Breda,FC Den Bosch,2,1,H,0,1,A,Matchday 3,source_reported_FT,NAC Breda,FC Den Bosch
openfootball/europe,https://raw.githubusercontent.com/openfootball/europe/7faa522aef63fa9a6fcb9d8189bd8bc52381e967/netherlands/2020-21_nl2.txt,7faa522aef63fa9a6fcb9d8189bd8bc52381e967,59,2026-09-04T07:12:27.858Z,Eerste Divisie,2020-21,2020-09-15,Almere City FC,TOP Oss,3,0,H,2,0,H,Matchday 3,source_reported_FT,Almere City FC,TOP Oss
openfootball/europe,https://raw.githubusercontent.com/openfootball/europe/7faa522aef63fa9a6fcb9d8189bd8bc52381e967/netherlands/2020-21_nl2.txt,7faa522aef63fa9a6fcb9d8189bd8bc52381e967,39,2026-09-04T07:12:27.858Z,Eerste Divisie,2020-21,2020-09-15,FC Volendam,NEC Nijmegen,1,3,A,0,2,A,Matchday 2,source_reported_FT,FC Volendam,NEC Nijmegen
openfootball/europe,https://raw.githubusercontent.com/openfootball/europe/7faa522aef63fa9a6fcb9d8189bd8bc52381e967/netherlands/2020-21_nl2.txt,7faa522aef63fa9a6fcb9d8189bd8bc52381e967,66,2026-09-04T07:12:27.858Z,Eerste Divisie,2020-21,2020-09-18,Go Ahead Eagles,Jong Ajax,0,3,A,0,1,A,Matchday 4,source_reported_FT,Go Ahead Eagles,Jong Ajax
openfootball/europe,https://raw.githubusercontent.com/openfootball/europe/7faa522aef63fa9a6fcb9d8189bd8bc52381e967/netherlands/2020-21_nl2.txt,7faa522aef63fa9a6fcb9d8189bd8bc52381e967,65,2026-09-04T07:12:27.858Z,Eerste Divisie,2020-21,2020-09-18,Helmond Sport,FC Volendam,0,1,A,0,0,D,Matchday 4,source_reported_FT,Helmond Sport,FC Volendam
openfootball/europe,https://raw.githubusercontent.com/openfootball/europe/7faa522aef63fa9a6fcb9d8189bd8bc52381e967/netherlands/2020-21_nl2.txt,7faa522aef63fa9a6fcb9d8189bd8bc52381e967,64,2026-09-04T07:12:27.858Z,Eerste Divisie,2020-21,2020-09-18,Jong PSV,FC Eindhoven,1,2,A,0,1,A,Matchday 4,source_reported_FT,Jong PSV,FC Eindhoven
openfootball/europe,https://raw.githubusercontent.com/openfootball/europe/7faa522aef63fa9a6fcb9d8189bd8bc52381e967/netherlands/2020-21_nl2.txt,7faa522aef63fa9a6fcb9d8189bd8bc52381e967,67,2026-09-04T07:12:27.858Z,Eerste Divisie,2020-21,2020-09-18,Roda JC Kerkrade,FC Dordrecht,4,0,H,2,0,H,Matchday 4,source_reported_FT,Roda JC Kerkrade,FC Dordrecht
openfootball/europe,https://raw.githubusercontent.com/openfootball/europe/7faa522aef63fa9a6fcb9d8189bd8bc52381e967/netherlands/2020-21_nl2.txt,7faa522aef63fa9a6fcb9d8189bd8bc52381e967,69,2026-09-04T07:12:27.858Z,Eerste Divisie,2020-21,2020-09-19,TOP Oss,SC Cambuur,2,2,D,1,2,A,Matchday 4,source_reported_FT,TOP Oss,SC Cambuur
openfootball/europe,https://raw.githubusercontent.com/openfootball/europe/7faa522aef63fa9a6fcb9d8189bd8bc52381e967/netherlands/2020-21_nl2.txt,7faa522aef63fa9a6fcb9d8189bd8bc52381e967,71,2026-09-04T07:12:27.858Z,Eerste Divisie,2020-21,2020-09-20,NEC Nijmegen,Almere City FC,0,1,A,0,0,D,Matchday 4,source_reported_FT,NEC Nijmegen,Almere City FC
openfootball/europe,https://raw.githubusercontent.com/openfootball/europe/7faa522aef63fa9a6fcb9d8189bd8bc52381e967/netherlands/2020-21_nl2.txt,7faa522aef63fa9a6fcb9d8189bd8bc52381e967,73,2026-09-04T07:12:27.858Z,Eerste Divisie,2020-21,2020-09-21,AZ Alkmaar J,De Graafschap,7,3,H,5,1,H,Matchday 4,source_reported_FT,AZ Alkmaar J,De Graafschap
openfootball/europe,https://raw.githubusercontent.com/openfootball/europe/7faa522aef63fa9a6fcb9d8189bd8bc52381e967/netherlands/2020-21_nl2.txt,7faa522aef63fa9a6fcb9d8189bd8bc52381e967,74,2026-09-04T07:12:27.858Z,Eerste Divisie,2020-21,2020-09-21,FC Utrecht J,NAC Breda,0,2,A,0,1,A,Matchday 4,source_reported_FT,FC Utrecht J,NAC Breda
openfootball/europe,https://raw.githubusercontent.com/openfootball/europe/7faa522aef63fa9a6fcb9d8189bd8bc52381e967/netherlands/2020-21_nl2.txt,7faa522aef63fa9a6fcb9d8189bd8bc52381e967,77,2026-09-04T07:12:27.858Z,Eerste Divisie,2020-21,2020-09-22,FC Den Bosch,MVV,2,0,H,0,0,D,Matchday 4,source_reported_FT,FC Den Bosch,MVV
openfootball/europe,https://raw.githubusercontent.com/openfootball/europe/7faa522aef63fa9a6fcb9d8189bd8bc52381e967/netherlands/2020-21_nl2.txt,7faa522aef63fa9a6fcb9d8189bd8bc52381e967,76,2026-09-04T07:12:27.858Z,Eerste Divisie,2020-21,2020-09-22,SBV Excelsior,Telstar,1,2,A,0,0,D,Matchday 4,source_reported_FT,SBV Excelsior,Telstar
openfootball/europe,https://raw.githubusercontent.com/openfootball/europe/7faa522aef63fa9a6fcb9d8189bd8bc52381e967/netherlands/2020-21_nl2.txt,7faa522aef63fa9a6fcb9d8189bd8bc52381e967,82,2026-09-04T07:12:27.858Z,Eerste Divisie,2020-21,2020-09-25,Almere City FC,Helmond Sport,2,0,H,0,0,D,Matchday 5,source_reported_FT,Almere City FC,Helmond Sport
openfootball/europe,https://raw.githubusercontent.com/openfootball/europe/7faa522aef63fa9a6fcb9d8189bd8bc52381e967/netherlands/2020-21_nl2.txt,7faa522aef63fa9a6fcb9d8189bd8bc52381e967,83,2026-09-04T07:12:27.858Z,Eerste Divisie,2020-21,2020-09-25,FC Dordrecht,AZ Alkmaar J,2,0,H,1,0,H,Matchday 5,source_reported_FT,FC Dordrecht,AZ Alkmaar J
openfootball/europe,https://raw.githubusercontent.com/openfootball/europe/7faa522aef63fa9a6fcb9d8189bd8bc52381e967/netherlands/2020-21_nl2.txt,7faa522aef63fa9a6fcb9d8189bd8bc52381e967,84,2026-09-04T07:12:27.858Z,Eerste Divisie,2020-21,2020-09-25,MVV,TOP Oss,3,0,H,0,0,D,Matchday 5,source_reported_FT,MVV,TOP Oss
openfootball/europe,https://raw.githubusercontent.com/openfootball/europe/7faa522aef63fa9a6fcb9d8189bd8bc52381e967/netherlands/2020-21_nl2.txt,7faa522aef63fa9a6fcb9d8189bd8bc52381e967,85,2026-09-04T07:12:27.858Z,Eerste Divisie,2020-21,2020-09-25,SC Cambuur,FC Utrecht J,5,2,H,2,0,H,Matchday 5,source_reported_FT,SC Cambuur,FC Utrecht J
openfootball/europe,https://raw.githubusercontent.com/openfootball/europe/7faa522aef63fa9a6fcb9d8189bd8bc52381e967/netherlands/2020-21_nl2.txt,7faa522aef63fa9a6fcb9d8189bd8bc52381e967,87,2026-09-04T07:12:27.858Z,Eerste Divisie,2020-21,2020-09-26,NAC Breda,Jong PSV,2,1,H,1,1,D,Matchday 5,source_reported_FT,NAC Breda,Jong PSV
openfootball/europe,https://raw.githubusercontent.com/openfootball/europe/7faa522aef63fa9a6fcb9d8189bd8bc52381e967/netherlands/2020-21_nl2.txt,7faa522aef63fa9a6fcb9d8189bd8bc52381e967,89,2026-09-04T07:12:27.858Z,Eerste Divisie,2020-21,2020-09-27,De Graafschap,NEC Nijmegen,2,0,H,0,0,D,Matchday 5,source_reported_FT,De Graafschap,NEC Nijmegen
openfootball/europe,https://raw.githubusercontent.com/openfootball/europe/7faa522aef63fa9a6fcb9d8189bd8bc52381e967/netherlands/2020-21_nl2.txt,7faa522aef63fa9a6fcb9d8189bd8bc52381e967,90,2026-09-04T07:12:27.858Z,Eerste Divisie,2020-21,2020-09-27,FC Volendam,Go Ahead Eagles,0,0,D,,,,Matchday 5,source_reported_FT,FC Volendam,Go Ahead Eagles
openfootball/europe,https://raw.githubusercontent.com/openfootball/europe/7faa522aef63fa9a6fcb9d8189bd8bc52381e967/netherlands/2020-21_nl2.txt,7faa522aef63fa9a6fcb9d8189bd8bc52381e967,92,2026-09-04T07:12:27.858Z,Eerste Divisie,2020-21,2020-09-28,Jong Ajax,SBV Excelsior,3,0,H,0,0,D,Matchday 5,source_reported_FT,Jong Ajax,SBV Excelsior
openfootball/europe,https://raw.githubusercontent.com/openfootball/europe/7faa522aef63fa9a6fcb9d8189bd8bc52381e967/netherlands/2020-21_nl2.txt,7faa522aef63fa9a6fcb9d8189bd8bc52381e967,93,2026-09-04T07:12:27.858Z,Eerste Divisie,2020-21,2020-09-28,Telstar,FC Den Bosch,6,1,H,2,0,H,Matchday 5,source_reported_FT,Telstar,FC Den Bosch
openfootball/europe,https://raw.githubusercontent.com/openfootball/europe/7faa522aef63fa9a6fcb9d8189bd8bc52381e967/netherlands/2020-21_nl2.txt,7faa522aef63fa9a6fcb9d8189bd8bc52381e967,95,2026-09-04T07:12:27.858Z,Eerste Divisie,2020-21,2020-09-29,FC Eindhoven,Roda JC Kerkrade,3,3,D,2,3,A,Matchday 5,source_reported_FT,FC Eindhoven,Roda JC Kerkrade
openfootball/europe,https://raw.githubusercontent.com/openfootball/europe/7faa522aef63fa9a6fcb9d8189bd8bc52381e967/netherlands/2020-21_nl2.txt,7faa522aef63fa9a6fcb9d8189bd8bc52381e967,102,2026-09-04T07:12:27.858Z,Eerste Divisie,2020-21,2020-10-02,AZ Alkmaar J,MVV,3,3,D,2,1,H,Matchday 6,source_reported_FT,AZ Alkmaar J,MVV
openfootball/europe,https://raw.githubusercontent.com/openfootball/europe/7faa522aef63fa9a6fcb9d8189bd8bc52381e967/netherlands/2020-21_nl2.txt,7faa522aef63fa9a6fcb9d8189bd8bc52381e967,100,2026-09-04T07:12:27.858Z,Eerste Divisie,2020-21,2020-10-02,Go Ahead Eagles,FC Utrecht J,2,3,A,0,1,A,Matchday 6,source_reported_FT,Go Ahead Eagles,FC Utrecht J
openfootball/europe,https://raw.githubusercontent.com/openfootball/europe/7faa522aef63fa9a6fcb9d8189bd8bc52381e967/netherlands/2020-21_nl2.txt,7faa522aef63fa9a6fcb9d8189bd8bc52381e967,101,2026-09-04T07:12:27.858Z,Eerste Divisie,2020-21,2020-10-02,Jong PSV,Telstar,3,0,H,0,0,D,Matchday 6,source_reported_FT,Jong PSV,Telstar
openfootball/europe,https://raw.githubusercontent.com/openfootball/europe/7faa522aef63fa9a6fcb9d8189bd8bc52381e967/netherlands/2020-21_nl2.txt,7faa522aef63fa9a6fcb9d8189bd8bc52381e967,103,2026-09-04T07:12:27.858Z,Eerste Divisie,2020-21,2020-10-02,NAC Breda,Jong Ajax,4,0,H,2,0,H,Matchday 6,source_reported_FT,NAC Breda,Jong Ajax
openfootball/europe,https://raw.githubusercontent.com/openfootball/europe/7faa522aef63fa9a6fcb9d8189bd8bc52381e967/netherlands/2020-21_nl2.txt,7faa522aef63fa9a6fcb9d8189bd8bc52381e967,105,2026-09-04T07:12:27.858Z,Eerste Divisie,2020-21,2020-10-03,NEC Nijmegen,FC Eindhoven,6,0,H,2,0,H,Matchday 6,source_reported_FT,NEC Nijmegen,FC Eindhoven
openfootball/europe,https://raw.githubusercontent.com/openfootball/europe/7faa522aef63fa9a6fcb9d8189bd8bc52381e967/netherlands/2020-21_nl2.txt,7faa522aef63fa9a6fcb9d8189bd8bc52381e967,107,2026-09-04T07:12:27.858Z,Eerste Divisie,2020-21,2020-10-04,Roda JC Kerkrade,FC Volendam,1,1,D,0,1,A,Matchday 6,source_reported_FT,Roda JC Kerkrade,FC Volendam
openfootball/europe,https://raw.githubusercontent.com/openfootball/europe/7faa522aef63fa9a6fcb9d8189bd8bc52381e967/netherlands/2020-21_nl2.txt,7faa522aef63fa9a6fcb9d8189bd8bc52381e967,109,2026-09-04T07:12:27.858Z,Eerste Divisie,2020-21,2020-10-05,SBV Excelsior,De Graafschap,1,2,A,1,1,D,Matchday 6,source_reported_FT,SBV Excelsior,De Graafschap
openfootball/europe,https://raw.githubusercontent.com/openfootball/europe/7faa522aef63fa9a6fcb9d8189bd8bc52381e967/netherlands/2020-21_nl2.txt,7faa522aef63fa9a6fcb9d8189bd8bc52381e967,110,2026-09-04T07:12:27.858Z,Eerste Divisie,2020-21,2020-10-05,TOP Oss,FC Dordrecht,2,0,H,1,0,H,Matchday 6,source_reported_FT,TOP Oss,FC Dordrecht
openfootball/europe,https://raw.githubusercontent.com/openfootball/europe/7faa522aef63fa9a6fcb9d8189bd8bc52381e967/netherlands/2020-21_nl2.txt,7faa522aef63fa9a6fcb9d8189bd8bc52381e967,112,2026-09-04T07:12:27.858Z,Eerste Divisie,2020-21,2020-10-06,Helmond Sport,SC Cambuur,1,5,A,1,0,H,Matchday 6,source_reported_FT,Helmond Sport,SC Cambuur
openfootball/europe,https://raw.githubusercontent.com/openfootball/europe/7faa522aef63fa9a6fcb9d8189bd8bc52381e967/netherlands/2020-21_nl2.txt,7faa522aef63fa9a6fcb9d8189bd8bc52381e967,119,2026-09-04T07:12:27.858Z,Eerste Divisie,2020-21,2020-10-09,FC Eindhoven,SBV Excelsior,1,1,D,0,0,D,Matchday 7,source_reported_FT,FC Eindhoven,SBV Excelsior
openfootball/europe,https://raw.githubusercontent.com/openfootball/europe/7faa522aef63fa9a6fcb9d8189bd8bc52381e967/netherlands/2020-21_nl2.txt,7faa522aef63fa9a6fcb9d8189bd8bc52381e967,122,2026-09-04T07:12:27.858Z,Eerste Divisie,2020-21,2020-10-10,Almere City FC,Roda JC Kerkrade,2,1,H,2,1,H,Matchday 7,source_reported_FT,Almere City FC,Roda JC Kerkrade
openfootball/europe,https://raw.githubusercontent.com/openfootball/europe/7faa522aef63fa9a6fcb9d8189bd8bc52381e967/netherlands/2020-21_nl2.txt,7faa522aef63fa9a6fcb9d8189bd8bc52381e967,121,2026-09-04T07:12:27.858Z,Eerste Divisie,2020-21,2020-10-10,MVV,Go Ahead Eagles,0,2,A,0,2,A,Matchday 7,source_reported_FT,MVV,Go Ahead Eagles
openfootball/europe,https://raw.githubusercontent.com/openfootball/europe/7faa522aef63fa9a6fcb9d8189bd8bc52381e967/netherlands/2020-21_nl2.txt,7faa522aef63fa9a6fcb9d8189bd8bc52381e967,123,2026-09-04T07:12:27.858Z,Eerste Divisie,2020-21,2020-10-10,Telstar,TOP Oss,1,1,D,1,0,H,Matchday 7,source_reported_FT,Telstar,TOP Oss
openfootball/europe,https://raw.githubusercontent.com/openfootball/europe/7faa522aef63fa9a6fcb9d8189bd8bc52381e967/netherlands/2020-21_nl2.txt,7faa522aef63fa9a6fcb9d8189bd8bc52381e967,125,2026-09-04T07:12:27.858Z,Eerste Divisie,2020-21,2020-10-11,SC Cambuur,FC Dordrecht,5,0,H,3,0,H,Matchday 7,source_reported_FT,SC Cambuur,FC Dordrecht
openfootball/europe,https://raw.githubusercontent.com/openfootball/europe/7faa522aef63fa9a6fcb9d8189bd8bc52381e967/netherlands/2020-21_nl2.txt,7faa522aef63fa9a6fcb9d8189bd8bc52381e967,127,2026-09-04T07:12:27.858Z,Eerste Divisie,2020-21,2020-10-12,FC Den Bosch,Helmond Sport,1,2,A,0,0,D,Matchday 7,source_reported_FT,FC Den Bosch,Helmond Sport
openfootball/europe,https://raw.githubusercontent.com/openfootball/europe/7faa522aef63fa9a6fcb9d8189bd8bc52381e967/netherlands/2020-21_nl2.txt,7faa522aef63fa9a6fcb9d8189bd8bc52381e967,41,2026-09-04T07:12:27.858Z,Eerste Divisie,2020-21,2020-10-13,Go Ahead Eagles,De Graafschap,0,0,D,,,,Matchday 2,source_reported_FT,Go Ahead Eagles,De Graafschap
openfootball/europe,https://raw.githubusercontent.com/openfootball/europe/7faa522aef63fa9a6fcb9d8189bd8bc52381e967/netherlands/2020-21_nl2.txt,7faa522aef63fa9a6fcb9d8189bd8bc52381e967,114,2026-09-04T07:12:27.858Z,Eerste Divisie,2020-21,2020-10-15,FC Den Bosch,Almere City FC,1,1,D,0,1,A,Matchday 6,source_reported_FT,FC Den Bosch,Almere City FC
openfootball/europe,https://raw.githubusercontent.com/openfootball/europe/7faa522aef63fa9a6fcb9d8189bd8bc52381e967/netherlands/2020-21_nl2.txt,7faa522aef63fa9a6fcb9d8189bd8bc52381e967,140,2026-09-04T07:12:27.858Z,Eerste Divisie,2020-21,2020-10-16,FC Utrecht J,NEC Nijmegen,1,4,A,1,1,D,Matchday 8,source_reported_FT,FC Utrecht J,NEC Nijmegen
openfootball/europe,https://raw.githubusercontent.com/openfootball/europe/7faa522aef63fa9a6fcb9d8189bd8bc52381e967/netherlands/2020-21_nl2.txt,7faa522aef63fa9a6fcb9d8189bd8bc52381e967,142,2026-09-04T07:12:27.858Z,Eerste Divisie,2020-21,2020-10-16,FC Volendam,Jong PSV,5,1,H,0,0,D,Matchday 8,source_reported_FT,FC Volendam,Jong PSV
openfootball/europe,https://raw.githubusercontent.com/openfootball/europe/7faa522aef63fa9a6fcb9d8189bd8bc52381e967/netherlands/2020-21_nl2.txt,7faa522aef63fa9a6fcb9d8189bd8bc52381e967,139,2026-09-04T07:12:27.858Z,Eerste Divisie,2020-21,2020-10-16,Jong Ajax,AZ Alkmaar J,3,2,H,2,1,H,Matchday 8,source_reported_FT,Jong Ajax,AZ Alkmaar J
openfootball/europe,https://raw.githubusercontent.com/openfootball/europe/7faa522aef63fa9a6fcb9d8189bd8bc52381e967/netherlands/2020-21_nl2.txt,7faa522aef63fa9a6fcb9d8189bd8bc52381e967,141,2026-09-04T07:12:27.858Z,Eerste Divisie,2020-21,2020-10-16,SBV Excelsior,MVV,2,0,H,0,0,D,Matchday 8,source_reported_FT,SBV Excelsior,MVV
openfootball/europe,https://raw.githubusercontent.com/openfootball/europe/7faa522aef63fa9a6fcb9d8189bd8bc52381e967/netherlands/2020-21_nl2.txt,7faa522aef63fa9a6fcb9d8189bd8bc52381e967,144,2026-09-04T07:12:27.858Z,Eerste Divisie,2020-21,2020-10-17,Go Ahead Eagles,FC Eindhoven,3,0,H,1,0,H,Matchday 8,source_reported_FT,Go Ahead Eagles,FC Eindhoven
openfootball/europe,https://raw.githubusercontent.com/openfootball/europe/7faa522aef63fa9a6fcb9d8189bd8bc52381e967/netherlands/2020-21_nl2.txt,7faa522aef63fa9a6fcb9d8189bd8bc52381e967,146,2026-09-04T07:12:27.858Z,Eerste Divisie,2020-21,2020-10-18,FC Dordrecht,Almere City FC,2,2,D,2,1,H,Matchday 8,source_reported_FT,FC Dordrecht,Almere City FC
openfootball/europe,https://raw.githubusercontent.com/openfootball/europe/7faa522aef63fa9a6fcb9d8189bd8bc52381e967/netherlands/2020-21_nl2.txt,7faa522aef63fa9a6fcb9d8189bd8bc52381e967,130,2026-09-04T07:12:27.858Z,Eerste Divisie,2020-21,2020-10-19,AZ Alkmaar J,FC Volendam,2,6,A,1,4,A,Matchday 7,source_reported_FT,AZ Alkmaar J,FC Volendam
openfootball/europe,https://raw.githubusercontent.com/openfootball/europe/7faa522aef63fa9a6fcb9d8189bd8bc52381e967/netherlands/2020-21_nl2.txt,7faa522aef63fa9a6fcb9d8189bd8bc52381e967,148,2026-09-04T07:12:27.858Z,Eerste Divisie,2020-21,2020-10-19,Helmond Sport,De Graafschap,1,2,A,1,1,D,Matchday 8,source_reported_FT,Helmond Sport,De Graafschap
openfootball/europe,https://raw.githubusercontent.com/openfootball/europe/7faa522aef63fa9a6fcb9d8189bd8bc52381e967/netherlands/2020-21_nl2.txt,7faa522aef63fa9a6fcb9d8189bd8bc52381e967,129,2026-09-04T07:12:27.858Z,Eerste Divisie,2020-21,2020-10-19,Jong Ajax,FC Utrecht J,3,2,H,0,0,D,Matchday 7,source_reported_FT,Jong Ajax,FC Utrecht J
openfootball/europe,https://raw.githubusercontent.com/openfootball/europe/7faa522aef63fa9a6fcb9d8189bd8bc52381e967/netherlands/2020-21_nl2.txt,7faa522aef63fa9a6fcb9d8189bd8bc52381e967,149,2026-09-04T07:12:27.858Z,Eerste Divisie,2020-21,2020-10-19,Roda JC Kerkrade,Telstar,1,1,D,0,0,D,Matchday 8,source_reported_FT,Roda JC Kerkrade,Telstar
openfootball/europe,https://raw.githubusercontent.com/openfootball/europe/7faa522aef63fa9a6fcb9d8189bd8bc52381e967/netherlands/2020-21_nl2.txt,7faa522aef63fa9a6fcb9d8189bd8bc52381e967,132,2026-09-04T07:12:27.858Z,Eerste Divisie,2020-21,2020-10-20,Jong PSV,NEC Nijmegen,1,1,D,1,0,H,Matchday 7,source_reported_FT,Jong PSV,NEC Nijmegen
openfootball/europe,https://raw.githubusercontent.com/openfootball/europe/7faa522aef63fa9a6fcb9d8189bd8bc52381e967/netherlands/2020-21_nl2.txt,7faa522aef63fa9a6fcb9d8189bd8bc52381e967,151,2026-09-04T07:12:27.858Z,Eerste Divisie,2020-21,2020-10-20,NAC Breda,SC Cambuur,0,4,A,0,1,A,Matchday 8,source_reported_FT,NAC Breda,SC Cambuur
openfootball/europe,https://raw.githubusercontent.com/openfootball/europe/7faa522aef63fa9a6fcb9d8189bd8bc52381e967/netherlands/2020-21_nl2.txt,7faa522aef63fa9a6fcb9d8189bd8bc52381e967,152,2026-09-04T07:12:27.858Z,Eerste Divisie,2020-21,2020-10-20,TOP Oss,FC Den Bosch,2,0,H,1,0,H,Matchday 8,source_reported_FT,TOP Oss,FC Den Bosch
openfootball/europe,https://raw.githubusercontent.com/openfootball/europe/7faa522aef63fa9a6fcb9d8189bd8bc52381e967/netherlands/2020-21_nl2.txt,7faa522aef63fa9a6fcb9d8189bd8bc52381e967,161,2026-09-04T07:12:27.858Z,Eerste Divisie,2020-21,2020-10-23,Almere City FC,NAC Breda,2,0,H,1,0,H,Matchday 9,source_reported_FT,Almere City FC,NAC Breda
openfootball/europe,https://raw.githubusercontent.com/openfootball/europe/7faa522aef63fa9a6fcb9d8189bd8bc52381e967/netherlands/2020-21_nl2.txt,7faa522aef63fa9a6fcb9d8189bd8bc52381e967,162,2026-09-04T07:12:27.858Z,Eerste Divisie,2020-21,2020-10-23,De Graafschap,Jong PSV,2,1,H,1,1,D,Matchday 9,source_reported_FT,De Graafschap,Jong PSV
openfootball/europe,https://raw.githubusercontent.com/openfootball/europe/7faa522aef63fa9a6fcb9d8189bd8bc52381e967/netherlands/2020-21_nl2.txt,7faa522aef63fa9a6fcb9d8189bd8bc52381e967,163,2026-09-04T07:12:27.858Z,Eerste Divisie,2020-21,2020-10-23,FC Den Bosch,SBV Excelsior,0,1,A,0,0,D,Matchday 9,source_reported_FT,FC Den Bosch,SBV Excelsior
openfootball/europe,https://raw.githubusercontent.com/openfootball/europe/7faa522aef63fa9a6fcb9d8189bd8bc52381e967/netherlands/2020-21_nl2.txt,7faa522aef63fa9a6fcb9d8189bd8bc52381e967,164,2026-09-04T07:12:27.858Z,Eerste Divisie,2020-21,2020-10-23,FC Eindhoven,AZ Alkmaar J,3,0,H,0,0,D,Matchday 9,source_reported_FT,FC Eindhoven,AZ Alkmaar J
openfootball/europe,https://raw.githubusercontent.com/openfootball/europe/7faa522aef63fa9a6fcb9d8189bd8bc52381e967/netherlands/2020-21_nl2.txt,7faa522aef63fa9a6fcb9d8189bd8bc52381e967,157,2026-09-04T07:12:27.858Z,Eerste Divisie,2020-21,2020-10-23,FC Volendam,FC Dordrecht,7,1,H,4,0,H,Matchday 9,source_reported_FT,FC Volendam,FC Dordrecht
openfootball/europe,https://raw.githubusercontent.com/openfootball/europe/7faa522aef63fa9a6fcb9d8189bd8bc52381e967/netherlands/2020-21_nl2.txt,7faa522aef63fa9a6fcb9d8189bd8bc52381e967,158,2026-09-04T07:12:27.858Z,Eerste Divisie,2020-21,2020-10-23,MVV,Jong Ajax,1,5,A,1,1,D,Matchday 9,source_reported_FT,MVV,Jong Ajax
openfootball/europe,https://raw.githubusercontent.com/openfootball/europe/7faa522aef63fa9a6fcb9d8189bd8bc52381e967/netherlands/2020-21_nl2.txt,7faa522aef63fa9a6fcb9d8189bd8bc52381e967,159,2026-09-04T07:12:27.858Z,Eerste Divisie,2020-21,2020-10-23,NEC Nijmegen,Go Ahead Eagles,2,1,H,1,0,H,Matchday 9,source_reported_FT,NEC Nijmegen,Go Ahead Eagles
openfootball/europe,https://raw.githubusercontent.com/openfootball/europe/7faa522aef63fa9a6fcb9d8189bd8bc52381e967/netherlands/2020-21_nl2.txt,7faa522aef63fa9a6fcb9d8189bd8bc52381e967,165,2026-09-04T07:12:27.858Z,Eerste Divisie,2020-21,2020-10-23,SC Cambuur,Roda JC Kerkrade,3,0,H,2,0,H,Matchday 9,source_reported_FT,SC Cambuur,Roda JC Kerkrade
openfootball/europe,https://raw.githubusercontent.com/openfootball/europe/7faa522aef63fa9a6fcb9d8189bd8bc52381e967/netherlands/2020-21_nl2.txt,7faa522aef63fa9a6fcb9d8189bd8bc52381e967,160,2026-09-04T07:12:27.858Z,Eerste Divisie,2020-21,2020-10-23,Telstar,Helmond Sport,2,0,H,0,0,D,Matchday 9,source_reported_FT,Telstar,Helmond Sport
openfootball/europe,https://raw.githubusercontent.com/openfootball/europe/7faa522aef63fa9a6fcb9d8189bd8bc52381e967/netherlands/2020-21_nl2.txt,7faa522aef63fa9a6fcb9d8189bd8bc52381e967,172,2026-09-04T07:12:27.858Z,Eerste Divisie,2020-21,2020-10-30,Helmond Sport,MVV,1,1,D,0,0,D,Matchday 10,source_reported_FT,Helmond Sport,MVV
openfootball/europe,https://raw.githubusercontent.com/openfootball/europe/7faa522aef63fa9a6fcb9d8189bd8bc52381e967/netherlands/2020-21_nl2.txt,7faa522aef63fa9a6fcb9d8189bd8bc52381e967,173,2026-09-04T07:12:27.858Z,Eerste Divisie,2020-21,2020-10-30,Jong Ajax,Almere City FC,1,4,A,0,3,A,Matchday 10,source_reported_FT,Jong Ajax,Almere City FC
openfootball/europe,https://raw.githubusercontent.com/openfootball/europe/7faa522aef63fa9a6fcb9d8189bd8bc52381e967/netherlands/2020-21_nl2.txt,7faa522aef63fa9a6fcb9d8189bd8bc52381e967,175,2026-09-04T07:12:27.858Z,Eerste Divisie,2020-21,2020-10-30,NAC Breda,NEC Nijmegen,0,1,A,0,1,A,Matchday 10,source_reported_FT,NAC Breda,NEC Nijmegen
openfootball/europe,https://raw.githubusercontent.com/openfootball/europe/7faa522aef63fa9a6fcb9d8189bd8bc52381e967/netherlands/2020-21_nl2.txt,7faa522aef63fa9a6fcb9d8189bd8bc52381e967,174,2026-09-04T07:12:27.858Z,Eerste Divisie,2020-21,2020-10-30,TOP Oss,De Graafschap,0,2,A,0,0,D,Matchday 10,source_reported_FT,TOP Oss,De Graafschap
openfootball/europe,https://raw.githubusercontent.com/openfootball/europe/7faa522aef63fa9a6fcb9d8189bd8bc52381e967/netherlands/2020-21_nl2.txt,7faa522aef63fa9a6fcb9d8189bd8bc52381e967,177,2026-09-04T07:12:27.858Z,Eerste Divisie,2020-21,2020-10-31,Go Ahead Eagles,SBV Excelsior,0,0,D,,,,Matchday 10,source_reported_FT,Go Ahead Eagles,SBV Excelsior
openfootball/europe,https://raw.githubusercontent.com/openfootball/europe/7faa522aef63fa9a6fcb9d8189bd8bc52381e967/netherlands/2020-21_nl2.txt,7faa522aef63fa9a6fcb9d8189bd8bc52381e967,178,2026-09-04T07:12:27.858Z,Eerste Divisie,2020-21,2020-10-31,Roda JC Kerkrade,FC Den Bosch,0,0,D,,,,Matchday 10,source_reported_FT,Roda JC Kerkrade,FC Den Bosch
openfootball/europe,https://raw.githubusercontent.com/openfootball/europe/7faa522aef63fa9a6fcb9d8189bd8bc52381e967/netherlands/2020-21_nl2.txt,7faa522aef63fa9a6fcb9d8189bd8bc52381e967,180,2026-09-04T07:12:27.858Z,Eerste Divisie,2020-21,2020-11-01,FC Volendam,FC Eindhoven,2,0,H,2,0,H,Matchday 10,source_reported_FT,FC Volendam,FC Eindhoven
openfootball/europe,https://raw.githubusercontent.com/openfootball/europe/7faa522aef63fa9a6fcb9d8189bd8bc52381e967/netherlands/2020-21_nl2.txt,7faa522aef63fa9a6fcb9d8189bd8bc52381e967,182,2026-09-04T07:12:27.858Z,Eerste Divisie,2020-21,2020-11-02,AZ Alkmaar J,Telstar,1,1,D,1,1,D,Matchday 10,source_reported_FT,AZ Alkmaar J,Telstar
openfootball/europe,https://raw.githubusercontent.com/openfootball/europe/7faa522aef63fa9a6fcb9d8189bd8bc52381e967/netherlands/2020-21_nl2.txt,7faa522aef63fa9a6fcb9d8189bd8bc52381e967,184,2026-09-04T07:12:27.858Z,Eerste Divisie,2020-21,2020-11-03,FC Dordrecht,FC Utrecht J,0,3,A,0,0,D,Matchday 10,source_reported_FT,FC Dordrecht,FC Utrecht J
openfootball/europe,https://raw.githubusercontent.com/openfootball/europe/7faa522aef63fa9a6fcb9d8189bd8bc52381e967/netherlands/2020-21_nl2.txt,7faa522aef63fa9a6fcb9d8189bd8bc52381e967,193,2026-09-04T07:12:27.858Z,Eerste Divisie,2020-21,2020-11-06,Almere City FC,AZ Alkmaar J,2,0,H,0,0,D,Matchday 11,source_reported_FT,Almere City FC,AZ Alkmaar J
openfootball/europe,https://raw.githubusercontent.com/openfootball/europe/7faa522aef63fa9a6fcb9d8189bd8bc52381e967/netherlands/2020-21_nl2.txt,7faa522aef63fa9a6fcb9d8189bd8bc52381e967,191,2026-09-04T07:12:27.858Z,Eerste Divisie,2020-21,2020-11-06,FC Den Bosch,Jong PSV,1,2,A,0,1,A,Matchday 11,source_reported_FT,FC Den Bosch,Jong PSV
openfootball/europe,https://raw.githubusercontent.com/openfootball/europe/7faa522aef63fa9a6fcb9d8189bd8bc52381e967/netherlands/2020-21_nl2.txt,7faa522aef63fa9a6fcb9d8189bd8bc52381e967,192,2026-09-04T07:12:27.858Z,Eerste Divisie,2020-21,2020-11-06,MVV,NAC Breda,1,4,A,1,2,A,Matchday 11,source_reported_FT,MVV,NAC Breda
openfootball/europe,https://raw.githubusercontent.com/openfootball/europe/7faa522aef63fa9a6fcb9d8189bd8bc52381e967/netherlands/2020-21_nl2.txt,7faa522aef63fa9a6fcb9d8189bd8bc52381e967,194,2026-09-04T07:12:27.858Z,Eerste Divisie,2020-21,2020-11-06,NEC Nijmegen,Helmond Sport,2,2,D,1,1,D,Matchday 11,source_reported_FT,NEC Nijmegen,Helmond Sport
openfootball/europe,https://raw.githubusercontent.com/openfootball/europe/7faa522aef63fa9a6fcb9d8189bd8bc52381e967/netherlands/2020-21_nl2.txt,7faa522aef63fa9a6fcb9d8189bd8bc52381e967,196,2026-09-04T07:12:27.858Z,Eerste Divisie,2020-21,2020-11-07,De Graafschap,FC Volendam,2,5,A,2,2,D,Matchday 11,source_reported_FT,De Graafschap,FC Volendam
openfootball/europe,https://raw.githubusercontent.com/openfootball/europe/7faa522aef63fa9a6fcb9d8189bd8bc52381e967/netherlands/2020-21_nl2.txt,7faa522aef63fa9a6fcb9d8189bd8bc52381e967,197,2026-09-04T07:12:27.858Z,Eerste Divisie,2020-21,2020-11-07,SC Cambuur,Jong Ajax,2,3,A,2,1,H,Matchday 11,source_reported_FT,SC Cambuur,Jong Ajax
openfootball/europe,https://raw.githubusercontent.com/openfootball/europe/7faa522aef63fa9a6fcb9d8189bd8bc52381e967/netherlands/2020-21_nl2.txt,7faa522aef63fa9a6fcb9d8189bd8bc52381e967,199,2026-09-04T07:12:27.858Z,Eerste Divisie,2020-21,2020-11-09,FC Eindhoven,FC Dordrecht,5,1,H,3,0,H,Matchday 11,source_reported_FT,FC Eindhoven,FC Dordrecht
openfootball/europe,https://raw.githubusercontent.com/openfootball/europe/7faa522aef63fa9a6fcb9d8189bd8bc52381e967/netherlands/2020-21_nl2.txt,7faa522aef63fa9a6fcb9d8189bd8bc52381e967,200,2026-09-04T07:12:27.858Z,Eerste Divisie,2020-21,2020-11-09,FC Utrecht J,Roda JC Kerkrade,2,0,H,1,0,H,Matchday 11,source_reported_FT,FC Utrecht J,Roda JC Kerkrade
openfootball/europe,https://raw.githubusercontent.com/openfootball/europe/7faa522aef63fa9a6fcb9d8189bd8bc52381e967/netherlands/2020-21_nl2.txt,7faa522aef63fa9a6fcb9d8189bd8bc52381e967,202,2026-09-04T07:12:27.858Z,Eerste Divisie,2020-21,2020-11-10,SBV Excelsior,TOP Oss,3,0,H,1,0,H,Matchday 11,source_reported_FT,SBV Excelsior,TOP Oss
openfootball/europe,https://raw.githubusercontent.com/openfootball/europe/7faa522aef63fa9a6fcb9d8189bd8bc52381e967/netherlands/2020-21_nl2.txt,7faa522aef63fa9a6fcb9d8189bd8bc52381e967,203,2026-09-04T07:12:27.858Z,Eerste Divisie,2020-21,2020-11-10,Telstar,Go Ahead Eagles,1,2,A,0,0,D,Matchday 11,source_reported_FT,Telstar,Go Ahead Eagles
openfootball/europe,https://raw.githubusercontent.com/openfootball/europe/7faa522aef63fa9a6fcb9d8189bd8bc52381e967/netherlands/2020-21_nl2.txt,7faa522aef63fa9a6fcb9d8189bd8bc52381e967,134,2026-09-04T07:12:27.858Z,Eerste Divisie,2020-21,2020-11-11,De Graafschap,NAC Breda,1,0,H,1,0,H,Matchday 7,source_reported_FT,De Graafschap,NAC Breda
openfootball/europe,https://raw.githubusercontent.com/openfootball/europe/7faa522aef63fa9a6fcb9d8189bd8bc52381e967/netherlands/2020-21_nl2.txt,7faa522aef63fa9a6fcb9d8189bd8bc52381e967,208,2026-09-04T07:12:27.858Z,Eerste Divisie,2020-21,2020-11-13,Helmond Sport,SBV Excelsior,2,1,H,1,0,H,Matchday 12,source_reported_FT,Helmond Sport,SBV Excelsior
openfootball/europe,https://raw.githubusercontent.com/openfootball/europe/7faa522aef63fa9a6fcb9d8189bd8bc52381e967/netherlands/2020-21_nl2.txt,7faa522aef63fa9a6fcb9d8189bd8bc52381e967,209,2026-09-04T07:12:27.858Z,Eerste Divisie,2020-21,2020-11-13,TOP Oss,FC Eindhoven,0,1,A,0,0,D,Matchday 12,source_reported_FT,TOP Oss,FC Eindhoven
openfootball/europe,https://raw.githubusercontent.com/openfootball/europe/7faa522aef63fa9a6fcb9d8189bd8bc52381e967/netherlands/2020-21_nl2.txt,7faa522aef63fa9a6fcb9d8189bd8bc52381e967,211,2026-09-04T07:12:27.858Z,Eerste Divisie,2020-21,2020-11-14,FC Dordrecht,De Graafschap,0,2,A,0,1,A,Matchday 12,source_reported_FT,FC Dordrecht,De Graafschap
openfootball/europe,https://raw.githubusercontent.com/openfootball/europe/7faa522aef63fa9a6fcb9d8189bd8bc52381e967/netherlands/2020-21_nl2.txt,7faa522aef63fa9a6fcb9d8189bd8bc52381e967,212,2026-09-04T07:12:27.858Z,Eerste Divisie,2020-21,2020-11-14,NAC Breda,Telstar,1,0,H,0,0,D,Matchday 12,source_reported_FT,NAC Breda,Telstar
openfootball/europe,https://raw.githubusercontent.com/openfootball/europe/7faa522aef63fa9a6fcb9d8189bd8bc52381e967/netherlands/2020-21_nl2.txt,7faa522aef63fa9a6fcb9d8189bd8bc52381e967,213,2026-09-04T07:12:27.858Z,Eerste Divisie,2020-21,2020-11-14,Roda JC Kerkrade,MVV,2,0,H,1,0,H,Matchday 12,source_reported_FT,Roda JC Kerkrade,MVV
openfootball/europe,https://raw.githubusercontent.com/openfootball/europe/7faa522aef63fa9a6fcb9d8189bd8bc52381e967/netherlands/2020-21_nl2.txt,7faa522aef63fa9a6fcb9d8189bd8bc52381e967,215,2026-09-04T07:12:27.858Z,Eerste Divisie,2020-21,2020-11-15,Go Ahead Eagles,FC Den Bosch,3,0,H,3,0,H,Matchday 12,source_reported_FT,Go Ahead Eagles,FC Den Bosch
openfootball/europe,https://raw.githubusercontent.com/openfootball/europe/7faa522aef63fa9a6fcb9d8189bd8bc52381e967/netherlands/2020-21_nl2.txt,7faa522aef63fa9a6fcb9d8189bd8bc52381e967,216,2026-09-04T07:12:27.858Z,Eerste Divisie,2020-21,2020-11-15,SC Cambuur,Almere City FC,7,2,H,4,1,H,Matchday 12,source_reported_FT,SC Cambuur,Almere City FC
openfootball/europe,https://raw.githubusercontent.com/openfootball/europe/7faa522aef63fa9a6fcb9d8189bd8bc52381e967/netherlands/2020-21_nl2.txt,7faa522aef63fa9a6fcb9d8189bd8bc52381e967,227,2026-09-04T07:12:27.858Z,Eerste Divisie,2020-21,2020-11-19,De Graafschap,SC Cambuur,0,2,A,0,1,A,Matchday 13,source_reported_FT,De Graafschap,SC Cambuur
openfootball/europe,https://raw.githubusercontent.com/openfootball/europe/7faa522aef63fa9a6fcb9d8189bd8bc52381e967/netherlands/2020-21_nl2.txt,7faa522aef63fa9a6fcb9d8189bd8bc52381e967,226,2026-09-04T07:12:27.858Z,Eerste Divisie,2020-21,2020-11-19,Telstar,FC Dordrecht,2,0,H,0,0,D,Matchday 13,source_reported_FT,Telstar,FC Dordrecht
openfootball/europe,https://raw.githubusercontent.com/openfootball/europe/7faa522aef63fa9a6fcb9d8189bd8bc52381e967/netherlands/2020-21_nl2.txt,7faa522aef63fa9a6fcb9d8189bd8bc52381e967,232,2026-09-04T07:12:27.858Z,Eerste Divisie,2020-21,2020-11-20,FC Den Bosch,Jong Ajax,2,2,D,0,2,A,Matchday 13,source_reported_FT,FC Den Bosch,Jong Ajax
openfootball/europe,https://raw.githubusercontent.com/openfootball/europe/7faa522aef63fa9a6fcb9d8189bd8bc52381e967/netherlands/2020-21_nl2.txt,7faa522aef63fa9a6fcb9d8189bd8bc52381e967,233,2026-09-04T07:12:27.858Z,Eerste Divisie,2020-21,2020-11-20,FC Utrecht J,Helmond Sport,2,1,H,1,1,D,Matchday 13,source_reported_FT,FC Utrecht J,Helmond Sport
openfootball/europe,https://raw.githubusercontent.com/openfootball/europe/7faa522aef63fa9a6fcb9d8189bd8bc52381e967/netherlands/2020-21_nl2.txt,7faa522aef63fa9a6fcb9d8189bd8bc52381e967,230,2026-09-04T07:12:27.858Z,Eerste Divisie,2020-21,2020-11-20,FC Volendam,TOP Oss,1,1,D,1,0,H,Matchday 13,source_reported_FT,FC Volendam,TOP Oss
openfootball/europe,https://raw.githubusercontent.com/openfootball/europe/7faa522aef63fa9a6fcb9d8189bd8bc52381e967/netherlands/2020-21_nl2.txt,7faa522aef63fa9a6fcb9d8189bd8bc52381e967,234,2026-09-04T07:12:27.858Z,Eerste Divisie,2020-21,2020-11-20,MVV,Jong PSV,3,3,D,2,0,H,Matchday 13,source_reported_FT,MVV,Jong PSV
openfootball/europe,https://raw.githubusercontent.com/openfootball/europe/7faa522aef63fa9a6fcb9d8189bd8bc52381e967/netherlands/2020-21_nl2.txt,7faa522aef63fa9a6fcb9d8189bd8bc52381e967,231,2026-09-04T07:12:27.858Z,Eerste Divisie,2020-21,2020-11-20,NEC Nijmegen,Roda JC Kerkrade,1,1,D,0,1,A,Matchday 13,source_reported_FT,NEC Nijmegen,Roda JC Kerkrade
openfootball/europe,https://raw.githubusercontent.com/openfootball/europe/7faa522aef63fa9a6fcb9d8189bd8bc52381e967/netherlands/2020-21_nl2.txt,7faa522aef63fa9a6fcb9d8189bd8bc52381e967,229,2026-09-04T07:12:27.858Z,Eerste Divisie,2020-21,2020-11-20,SBV Excelsior,AZ Alkmaar J,4,1,H,0,0,D,Matchday 13,source_reported_FT,SBV Excelsior,AZ Alkmaar J
openfootball/europe,https://raw.githubusercontent.com/openfootball/europe/7faa522aef63fa9a6fcb9d8189bd8bc52381e967/netherlands/2020-21_nl2.txt,7faa522aef63fa9a6fcb9d8189bd8bc52381e967,237,2026-09-04T07:12:27.858Z,Eerste Divisie,2020-21,2020-11-21,Almere City FC,Go Ahead Eagles,3,0,H,1,0,H,Matchday 13,source_reported_FT,Almere City FC,Go Ahead Eagles
openfootball/europe,https://raw.githubusercontent.com/openfootball/europe/7faa522aef63fa9a6fcb9d8189bd8bc52381e967/netherlands/2020-21_nl2.txt,7faa522aef63fa9a6fcb9d8189bd8bc52381e967,236,2026-09-04T07:12:27.858Z,Eerste Divisie,2020-21,2020-11-21,FC Eindhoven,NAC Breda,2,4,A,1,2,A,Matchday 13,source_reported_FT,FC Eindhoven,NAC Breda
openfootball/europe,https://raw.githubusercontent.com/openfootball/europe/7faa522aef63fa9a6fcb9d8189bd8bc52381e967/netherlands/2020-21_nl2.txt,7faa522aef63fa9a6fcb9d8189bd8bc52381e967,218,2026-09-04T07:12:27.858Z,Eerste Divisie,2020-21,2020-11-23,AZ Alkmaar J,NEC Nijmegen,0,3,A,0,2,A,Matchday 12,source_reported_FT,AZ Alkmaar J,NEC Nijmegen
openfootball/europe,https://raw.githubusercontent.com/openfootball/europe/7faa522aef63fa9a6fcb9d8189bd8bc52381e967/netherlands/2020-21_nl2.txt,7faa522aef63fa9a6fcb9d8189bd8bc52381e967,219,2026-09-04T07:12:27.858Z,Eerste Divisie,2020-21,2020-11-23,Jong Ajax,FC Volendam,1,1,D,1,1,D,Matchday 12,source_reported_FT,Jong Ajax,FC Volendam
openfootball/europe,https://raw.githubusercontent.com/openfootball/europe/7faa522aef63fa9a6fcb9d8189bd8bc52381e967/netherlands/2020-21_nl2.txt,7faa522aef63fa9a6fcb9d8189bd8bc52381e967,221,2026-09-04T07:12:27.858Z,Eerste Divisie,2020-21,2020-11-24,Jong PSV,FC Utrecht J,1,1,D,0,1,A,Matchday 12,source_reported_FT,Jong PSV,FC Utrecht J
openfootball/europe,https://raw.githubusercontent.com/openfootball/europe/7faa522aef63fa9a6fcb9d8189bd8bc52381e967/netherlands/2020-21_nl2.txt,7faa522aef63fa9a6fcb9d8189bd8bc52381e967,244,2026-09-04T07:12:27.858Z,Eerste Divisie,2020-21,2020-11-27,FC Volendam,Almere City FC,2,2,D,1,1,D,Matchday 14,source_reported_FT,FC Volendam,Almere City FC
openfootball/europe,https://raw.githubusercontent.com/openfootball/europe/7faa522aef63fa9a6fcb9d8189bd8bc52381e967/netherlands/2020-21_nl2.txt,7faa522aef63fa9a6fcb9d8189bd8bc52381e967,245,2026-09-04T07:12:27.858Z,Eerste Divisie,2020-21,2020-11-27,Helmond Sport,Jong PSV,1,0,H,1,0,H,Matchday 14,source_reported_FT,Helmond Sport,Jong PSV
openfootball/europe,https://raw.githubusercontent.com/openfootball/europe/7faa522aef63fa9a6fcb9d8189bd8bc52381e967/netherlands/2020-21_nl2.txt,7faa522aef63fa9a6fcb9d8189bd8bc52381e967,243,2026-09-04T07:12:27.858Z,Eerste Divisie,2020-21,2020-11-27,SC Cambuur,FC Den Bosch,3,1,H,1,1,D,Matchday 14,source_reported_FT,SC Cambuur,FC Den Bosch
openfootball/europe,https://raw.githubusercontent.com/openfootball/europe/7faa522aef63fa9a6fcb9d8189bd8bc52381e967/netherlands/2020-21_nl2.txt,7faa522aef63fa9a6fcb9d8189bd8bc52381e967,242,2026-09-04T07:12:27.858Z,Eerste Divisie,2020-21,2020-11-27,TOP Oss,NAC Breda,0,0,D,,,,Matchday 14,source_reported_FT,TOP Oss,NAC Breda
openfootball/europe,https://raw.githubusercontent.com/openfootball/europe/7faa522aef63fa9a6fcb9d8189bd8bc52381e967/netherlands/2020-21_nl2.txt,7faa522aef63fa9a6fcb9d8189bd8bc52381e967,248,2026-09-04T07:12:27.858Z,Eerste Divisie,2020-21,2020-11-28,FC Dordrecht,Jong Ajax,3,1,H,2,1,H,Matchday 14,source_reported_FT,FC Dordrecht,Jong Ajax
openfootball/europe,https://raw.githubusercontent.com/openfootball/europe/7faa522aef63fa9a6fcb9d8189bd8bc52381e967/netherlands/2020-21_nl2.txt,7faa522aef63fa9a6fcb9d8189bd8bc52381e967,247,2026-09-04T07:12:27.858Z,Eerste Divisie,2020-21,2020-11-28,Roda JC Kerkrade,SBV Excelsior,3,1,H,1,1,D,Matchday 14,source_reported_FT,Roda JC Kerkrade,SBV Excelsior
openfootball/europe,https://raw.githubusercontent.com/openfootball/europe/7faa522aef63fa9a6fcb9d8189bd8bc52381e967/netherlands/2020-21_nl2.txt,7faa522aef63fa9a6fcb9d8189bd8bc52381e967,250,2026-09-04T07:12:27.858Z,Eerste Divisie,2020-21,2020-11-29,FC Eindhoven,De Graafschap,3,2,H,1,1,D,Matchday 14,source_reported_FT,FC Eindhoven,De Graafschap
openfootball/europe,https://raw.githubusercontent.com/openfootball/europe/7faa522aef63fa9a6fcb9d8189bd8bc52381e967/netherlands/2020-21_nl2.txt,7faa522aef63fa9a6fcb9d8189bd8bc52381e967,252,2026-09-04T07:12:27.858Z,Eerste Divisie,2020-21,2020-11-30,FC Utrecht J,Telstar,1,2,A,1,1,D,Matchday 14,source_reported_FT,FC Utrecht J,Telstar
openfootball/europe,https://raw.githubusercontent.com/openfootball/europe/7faa522aef63fa9a6fcb9d8189bd8bc52381e967/netherlands/2020-21_nl2.txt,7faa522aef63fa9a6fcb9d8189bd8bc52381e967,186,2026-09-04T07:12:27.858Z,Eerste Divisie,2020-21,2020-11-30,Jong PSV,SC Cambuur,0,1,A,0,0,D,Matchday 10,source_reported_FT,Jong PSV,SC Cambuur
openfootball/europe,https://raw.githubusercontent.com/openfootball/europe/7faa522aef63fa9a6fcb9d8189bd8bc52381e967/netherlands/2020-21_nl2.txt,7faa522aef63fa9a6fcb9d8189bd8bc52381e967,253,2026-09-04T07:12:27.858Z,Eerste Divisie,2020-21,2020-11-30,NEC Nijmegen,MVV,2,1,H,1,1,D,Matchday 14,source_reported_FT,NEC Nijmegen,MVV
openfootball/europe,https://raw.githubusercontent.com/openfootball/europe/7faa522aef63fa9a6fcb9d8189bd8bc52381e967/netherlands/2020-21_nl2.txt,7faa522aef63fa9a6fcb9d8189bd8bc52381e967,255,2026-09-04T07:12:27.858Z,Eerste Divisie,2020-21,2020-12-01,Go Ahead Eagles,AZ Alkmaar J,0,1,A,0,0,D,Matchday 14,source_reported_FT,Go Ahead Eagles,AZ Alkmaar J
openfootball/europe,https://raw.githubusercontent.com/openfootball/europe/7faa522aef63fa9a6fcb9d8189bd8bc52381e967/netherlands/2020-21_nl2.txt,7faa522aef63fa9a6fcb9d8189bd8bc52381e967,262,2026-09-04T07:12:27.858Z,Eerste Divisie,2020-21,2020-12-04,Almere City FC,FC Utrecht J,4,1,H,0,0,D,Matchday 15,source_reported_FT,Almere City FC,FC Utrecht J
openfootball/europe,https://raw.githubusercontent.com/openfootball/europe/7faa522aef63fa9a6fcb9d8189bd8bc52381e967/netherlands/2020-21_nl2.txt,7faa522aef63fa9a6fcb9d8189bd8bc52381e967,263,2026-09-04T07:12:27.858Z,Eerste Divisie,2020-21,2020-12-04,Helmond Sport,Go Ahead Eagles,0,2,A,0,2,A,Matchday 15,source_reported_FT,Helmond Sport,Go Ahead Eagles
openfootball/europe,https://raw.githubusercontent.com/openfootball/europe/7faa522aef63fa9a6fcb9d8189bd8bc52381e967/netherlands/2020-21_nl2.txt,7faa522aef63fa9a6fcb9d8189bd8bc52381e967,260,2026-09-04T07:12:27.858Z,Eerste Divisie,2020-21,2020-12-04,MVV,De Graafschap,2,3,A,1,1,D,Matchday 15,source_reported_FT,MVV,De Graafschap
openfootball/europe,https://raw.githubusercontent.com/openfootball/europe/7faa522aef63fa9a6fcb9d8189bd8bc52381e967/netherlands/2020-21_nl2.txt,7faa522aef63fa9a6fcb9d8189bd8bc52381e967,261,2026-09-04T07:12:27.858Z,Eerste Divisie,2020-21,2020-12-04,Telstar,SC Cambuur,1,2,A,0,0,D,Matchday 15,source_reported_FT,Telstar,SC Cambuur
openfootball/europe,https://raw.githubusercontent.com/openfootball/europe/7faa522aef63fa9a6fcb9d8189bd8bc52381e967/netherlands/2020-21_nl2.txt,7faa522aef63fa9a6fcb9d8189bd8bc52381e967,265,2026-09-04T07:12:27.858Z,Eerste Divisie,2020-21,2020-12-05,AZ Alkmaar J,TOP Oss,0,1,A,0,1,A,Matchday 15,source_reported_FT,AZ Alkmaar J,TOP Oss
openfootball/europe,https://raw.githubusercontent.com/openfootball/europe/7faa522aef63fa9a6fcb9d8189bd8bc52381e967/netherlands/2020-21_nl2.txt,7faa522aef63fa9a6fcb9d8189bd8bc52381e967,266,2026-09-04T07:12:27.858Z,Eerste Divisie,2020-21,2020-12-05,Jong PSV,Roda JC Kerkrade,1,1,D,1,1,D,Matchday 15,source_reported_FT,Jong PSV,Roda JC Kerkrade
openfootball/europe,https://raw.githubusercontent.com/openfootball/europe/7faa522aef63fa9a6fcb9d8189bd8bc52381e967/netherlands/2020-21_nl2.txt,7faa522aef63fa9a6fcb9d8189bd8bc52381e967,268,2026-09-04T07:12:27.858Z,Eerste Divisie,2020-21,2020-12-06,FC Den Bosch,NEC Nijmegen,2,2,D,2,2,D,Matchday 15,source_reported_FT,FC Den Bosch,NEC Nijmegen
openfootball/europe,https://raw.githubusercontent.com/openfootball/europe/7faa522aef63fa9a6fcb9d8189bd8bc52381e967/netherlands/2020-21_nl2.txt,7faa522aef63fa9a6fcb9d8189bd8bc52381e967,269,2026-09-04T07:12:27.858Z,Eerste Divisie,2020-21,2020-12-06,NAC Breda,FC Dordrecht,0,1,A,0,0,D,Matchday 15,source_reported_FT,NAC Breda,FC Dordrecht
openfootball/europe,https://raw.githubusercontent.com/openfootball/europe/7faa522aef63fa9a6fcb9d8189bd8bc52381e967/netherlands/2020-21_nl2.txt,7faa522aef63fa9a6fcb9d8189bd8bc52381e967,271,2026-09-04T07:12:27.858Z,Eerste Divisie,2020-21,2020-12-07,Jong Ajax,FC Eindhoven,1,1,D,1,0,H,Matchday 15,source_reported_FT,Jong Ajax,FC Eindhoven
openfootball/europe,https://raw.githubusercontent.com/openfootball/europe/7faa522aef63fa9a6fcb9d8189bd8bc52381e967/netherlands/2020-21_nl2.txt,7faa522aef63fa9a6fcb9d8189bd8bc52381e967,272,2026-09-04T07:12:27.858Z,Eerste Divisie,2020-21,2020-12-07,SBV Excelsior,FC Volendam,2,3,A,2,2,D,Matchday 15,source_reported_FT,SBV Excelsior,FC Volendam
openfootball/europe,https://raw.githubusercontent.com/openfootball/europe/7faa522aef63fa9a6fcb9d8189bd8bc52381e967/netherlands/2020-21_nl2.txt,7faa522aef63fa9a6fcb9d8189bd8bc52381e967,280,2026-09-04T07:12:27.858Z,Eerste Divisie,2020-21,2020-12-11,De Graafschap,Jong Ajax,2,2,D,2,1,H,Matchday 16,source_reported_FT,De Graafschap,Jong Ajax
openfootball/europe,https://raw.githubusercontent.com/openfootball/europe/7faa522aef63fa9a6fcb9d8189bd8bc52381e967/netherlands/2020-21_nl2.txt,7faa522aef63fa9a6fcb9d8189bd8bc52381e967,279,2026-09-04T07:12:27.858Z,Eerste Divisie,2020-21,2020-12-11,FC Utrecht J,SBV Excelsior,3,2,H,2,0,H,Matchday 16,source_reported_FT,FC Utrecht J,SBV Excelsior
openfootball/europe,https://raw.githubusercontent.com/openfootball/europe/7faa522aef63fa9a6fcb9d8189bd8bc52381e967/netherlands/2020-21_nl2.txt,7faa522aef63fa9a6fcb9d8189bd8bc52381e967,278,2026-09-04T07:12:27.858Z,Eerste Divisie,2020-21,2020-12-11,FC Volendam,FC Den Bosch,6,0,H,2,0,H,Matchday 16,source_reported_FT,FC Volendam,FC Den Bosch
openfootball/europe,https://raw.githubusercontent.com/openfootball/europe/7faa522aef63fa9a6fcb9d8189bd8bc52381e967/netherlands/2020-21_nl2.txt,7faa522aef63fa9a6fcb9d8189bd8bc52381e967,281,2026-09-04T07:12:27.858Z,Eerste Divisie,2020-21,2020-12-11,Go Ahead Eagles,NAC Breda,0,0,D,,,,Matchday 16,source_reported_FT,Go Ahead Eagles,NAC Breda
openfootball/europe,https://raw.githubusercontent.com/openfootball/europe/7faa522aef63fa9a6fcb9d8189bd8bc52381e967/netherlands/2020-21_nl2.txt,7faa522aef63fa9a6fcb9d8189bd8bc52381e967,277,2026-09-04T07:12:27.858Z,Eerste Divisie,2020-21,2020-12-11,TOP Oss,Jong PSV,3,2,H,1,1,D,Matchday 16,source_reported_FT,TOP Oss,Jong PSV
openfootball/europe,https://raw.githubusercontent.com/openfootball/europe/7faa522aef63fa9a6fcb9d8189bd8bc52381e967/netherlands/2020-21_nl2.txt,7faa522aef63fa9a6fcb9d8189bd8bc52381e967,282,2026-09-04T07:12:27.858Z,Eerste Divisie,2020-21,2020-12-11,Telstar,Almere City FC,2,3,A,1,3,A,Matchday 16,source_reported_FT,Telstar,Almere City FC
openfootball/europe,https://raw.githubusercontent.com/openfootball/europe/7faa522aef63fa9a6fcb9d8189bd8bc52381e967/netherlands/2020-21_nl2.txt,7faa522aef63fa9a6fcb9d8189bd8bc52381e967,284,2026-09-04T07:12:27.858Z,Eerste Divisie,2020-21,2020-12-12,FC Dordrecht,NEC Nijmegen,1,2,A,0,2,A,Matchday 16,source_reported_FT,FC Dordrecht,NEC Nijmegen
openfootball/europe,https://raw.githubusercontent.com/openfootball/europe/7faa522aef63fa9a6fcb9d8189bd8bc52381e967/netherlands/2020-21_nl2.txt,7faa522aef63fa9a6fcb9d8189bd8bc52381e967,286,2026-09-04T07:12:27.858Z,Eerste Divisie,2020-21,2020-12-12,FC Eindhoven,MVV,4,0,H,1,0,H,Matchday 16,source_reported_FT,FC Eindhoven,MVV
openfootball/europe,https://raw.githubusercontent.com/openfootball/europe/7faa522aef63fa9a6fcb9d8189bd8bc52381e967/netherlands/2020-21_nl2.txt,7faa522aef63fa9a6fcb9d8189bd8bc52381e967,285,2026-09-04T07:12:27.858Z,Eerste Divisie,2020-21,2020-12-12,SC Cambuur,AZ Alkmaar J,2,0,H,0,0,D,Matchday 16,source_reported_FT,SC Cambuur,AZ Alkmaar J
openfootball/europe,https://raw.githubusercontent.com/openfootball/europe/7faa522aef63fa9a6fcb9d8189bd8bc52381e967/netherlands/2020-21_nl2.txt,7faa522aef63fa9a6fcb9d8189bd8bc52381e967,167,2026-09-04T07:12:27.858Z,Eerste Divisie,2020-21,2020-12-14,FC Utrecht J,TOP Oss,0,1,A,0,1,A,Matchday 9,source_reported_FT,FC Utrecht J,TOP Oss
openfootball/europe,https://raw.githubusercontent.com/openfootball/europe/7faa522aef63fa9a6fcb9d8189bd8bc52381e967/netherlands/2020-21_nl2.txt,7faa522aef63fa9a6fcb9d8189bd8bc52381e967,288,2026-09-04T07:12:27.858Z,Eerste Divisie,2020-21,2020-12-14,Roda JC Kerkrade,Helmond Sport,2,2,D,1,0,H,Matchday 16,source_reported_FT,Roda JC Kerkrade,Helmond Sport
openfootball/europe,https://raw.githubusercontent.com/openfootball/europe/7faa522aef63fa9a6fcb9d8189bd8bc52381e967/netherlands/2020-21_nl2.txt,7faa522aef63fa9a6fcb9d8189bd8bc52381e967,296,2026-09-04T07:12:27.858Z,Eerste Divisie,2020-21,2020-12-18,AZ Alkmaar J,Helmond Sport,2,2,D,1,1,D,Matchday 17,source_reported_FT,AZ Alkmaar J,Helmond Sport
openfootball/europe,https://raw.githubusercontent.com/openfootball/europe/7faa522aef63fa9a6fcb9d8189bd8bc52381e967/netherlands/2020-21_nl2.txt,7faa522aef63fa9a6fcb9d8189bd8bc52381e967,293,2026-09-04T07:12:27.858Z,Eerste Divisie,2020-21,2020-12-18,FC Den Bosch,FC Eindhoven,1,1,D,1,0,H,Matchday 17,source_reported_FT,FC Den Bosch,FC Eindhoven
openfootball/europe,https://raw.githubusercontent.com/openfootball/europe/7faa522aef63fa9a6fcb9d8189bd8bc52381e967/netherlands/2020-21_nl2.txt,7faa522aef63fa9a6fcb9d8189bd8bc52381e967,295,2026-09-04T07:12:27.858Z,Eerste Divisie,2020-21,2020-12-18,MVV,FC Dordrecht,3,1,H,0,0,D,Matchday 17,source_reported_FT,MVV,FC Dordrecht
openfootball/europe,https://raw.githubusercontent.com/openfootball/europe/7faa522aef63fa9a6fcb9d8189bd8bc52381e967/netherlands/2020-21_nl2.txt,7faa522aef63fa9a6fcb9d8189bd8bc52381e967,294,2026-09-04T07:12:27.858Z,Eerste Divisie,2020-21,2020-12-18,NAC Breda,FC Volendam,3,0,H,0,0,D,Matchday 17,source_reported_FT,NAC Breda,FC Volendam
openfootball/europe,https://raw.githubusercontent.com/openfootball/europe/7faa522aef63fa9a6fcb9d8189bd8bc52381e967/netherlands/2020-21_nl2.txt,7faa522aef63fa9a6fcb9d8189bd8bc52381e967,298,2026-09-04T07:12:27.858Z,Eerste Divisie,2020-21,2020-12-19,De Graafschap,FC Utrecht J,3,1,H,2,0,H,Matchday 17,source_reported_FT,De Graafschap,FC Utrecht J
openfootball/europe,https://raw.githubusercontent.com/openfootball/europe/7faa522aef63fa9a6fcb9d8189bd8bc52381e967/netherlands/2020-21_nl2.txt,7faa522aef63fa9a6fcb9d8189bd8bc52381e967,299,2026-09-04T07:12:27.858Z,Eerste Divisie,2020-21,2020-12-19,NEC Nijmegen,TOP Oss,0,1,A,0,1,A,Matchday 17,source_reported_FT,NEC Nijmegen,TOP Oss
openfootball/europe,https://raw.githubusercontent.com/openfootball/europe/7faa522aef63fa9a6fcb9d8189bd8bc52381e967/netherlands/2020-21_nl2.txt,7faa522aef63fa9a6fcb9d8189bd8bc52381e967,302,2026-09-04T07:12:27.858Z,Eerste Divisie,2020-21,2020-12-20,Roda JC Kerkrade,Go Ahead Eagles,0,3,A,0,2,A,Matchday 17,source_reported_FT,Roda JC Kerkrade,Go Ahead Eagles
openfootball/europe,https://raw.githubusercontent.com/openfootball/europe/7faa522aef63fa9a6fcb9d8189bd8bc52381e967/netherlands/2020-21_nl2.txt,7faa522aef63fa9a6fcb9d8189bd8bc52381e967,301,2026-09-04T07:12:27.858Z,Eerste Divisie,2020-21,2020-12-20,SBV Excelsior,SC Cambuur,0,1,A,0,1,A,Matchday 17,source_reported_FT,SBV Excelsior,SC Cambuur
openfootball/europe,https://raw.githubusercontent.com/openfootball/europe/7faa522aef63fa9a6fcb9d8189bd8bc52381e967/netherlands/2020-21_nl2.txt,7faa522aef63fa9a6fcb9d8189bd8bc52381e967,305,2026-09-04T07:12:27.858Z,Eerste Divisie,2020-21,2020-12-21,Jong Ajax,Telstar,1,2,A,1,0,H,Matchday 17,source_reported_FT,Jong Ajax,Telstar
openfootball/europe,https://raw.githubusercontent.com/openfootball/europe/7faa522aef63fa9a6fcb9d8189bd8bc52381e967/netherlands/2020-21_nl2.txt,7faa522aef63fa9a6fcb9d8189bd8bc52381e967,304,2026-09-04T07:12:27.858Z,Eerste Divisie,2020-21,2020-12-21,Jong PSV,Almere City FC,1,2,A,1,0,H,Matchday 17,source_reported_FT,Jong PSV,Almere City FC
openfootball/europe,https://raw.githubusercontent.com/openfootball/europe/7faa522aef63fa9a6fcb9d8189bd8bc52381e967/netherlands/2020-21_nl2.txt,7faa522aef63fa9a6fcb9d8189bd8bc52381e967,311,2026-09-04T07:12:27.858Z,Eerste Divisie,2020-21,2021-01-02,Almere City FC,De Graafschap,1,0,H,0,0,D,Matchday 18,source_reported_FT,Almere City FC,De Graafschap
openfootball/europe,https://raw.githubusercontent.com/openfootball/europe/7faa522aef63fa9a6fcb9d8189bd8bc52381e967/netherlands/2020-21_nl2.txt,7faa522aef63fa9a6fcb9d8189bd8bc52381e967,310,2026-09-04T07:12:27.858Z,Eerste Divisie,2020-21,2021-01-02,Helmond Sport,FC Dordrecht,5,2,H,1,2,A,Matchday 18,source_reported_FT,Helmond Sport,FC Dordrecht
openfootball/europe,https://raw.githubusercontent.com/openfootball/europe/7faa522aef63fa9a6fcb9d8189bd8bc52381e967/netherlands/2020-21_nl2.txt,7faa522aef63fa9a6fcb9d8189bd8bc52381e967,314,2026-09-04T07:12:27.858Z,Eerste Divisie,2020-21,2021-01-03,FC Eindhoven,SC Cambuur,2,5,A,1,5,A,Matchday 18,source_reported_FT,FC Eindhoven,SC Cambuur
openfootball/europe,https://raw.githubusercontent.com/openfootball/europe/7faa522aef63fa9a6fcb9d8189bd8bc52381e967/netherlands/2020-21_nl2.txt,7faa522aef63fa9a6fcb9d8189bd8bc52381e967,316,2026-09-04T07:12:27.858Z,Eerste Divisie,2020-21,2021-01-03,FC Volendam,MVV,0,1,A,0,1,A,Matchday 18,source_reported_FT,FC Volendam,MVV
openfootball/europe,https://raw.githubusercontent.com/openfootball/europe/7faa522aef63fa9a6fcb9d8189bd8bc52381e967/netherlands/2020-21_nl2.txt,7faa522aef63fa9a6fcb9d8189bd8bc52381e967,313,2026-09-04T07:12:27.858Z,Eerste Divisie,2020-21,2021-01-03,SBV Excelsior,NAC Breda,0,3,A,0,2,A,Matchday 18,source_reported_FT,SBV Excelsior,NAC Breda
openfootball/europe,https://raw.githubusercontent.com/openfootball/europe/7faa522aef63fa9a6fcb9d8189bd8bc52381e967/netherlands/2020-21_nl2.txt,7faa522aef63fa9a6fcb9d8189bd8bc52381e967,315,2026-09-04T07:12:27.858Z,Eerste Divisie,2020-21,2021-01-03,Telstar,NEC Nijmegen,5,2,H,3,0,H,Matchday 18,source_reported_FT,Telstar,NEC Nijmegen
openfootball/europe,https://raw.githubusercontent.com/openfootball/europe/7faa522aef63fa9a6fcb9d8189bd8bc52381e967/netherlands/2020-21_nl2.txt,7faa522aef63fa9a6fcb9d8189bd8bc52381e967,318,2026-09-04T07:12:27.858Z,Eerste Divisie,2020-21,2021-01-04,AZ Alkmaar J,Roda JC Kerkrade,0,1,A,0,0,D,Matchday 18,source_reported_FT,AZ Alkmaar J,Roda JC Kerkrade
openfootball/europe,https://raw.githubusercontent.com/openfootball/europe/7faa522aef63fa9a6fcb9d8189bd8bc52381e967/netherlands/2020-21_nl2.txt,7faa522aef63fa9a6fcb9d8189bd8bc52381e967,319,2026-09-04T07:12:27.858Z,Eerste Divisie,2020-21,2021-01-04,FC Utrecht J,FC Den Bosch,3,1,H,2,0,H,Matchday 18,source_reported_FT,FC Utrecht J,FC Den Bosch
openfootball/europe,https://raw.githubusercontent.com/openfootball/europe/7faa522aef63fa9a6fcb9d8189bd8bc52381e967/netherlands/2020-21_nl2.txt,7faa522aef63fa9a6fcb9d8189bd8bc52381e967,321,2026-09-04T07:12:27.858Z,Eerste Divisie,2020-21,2021-01-05,Jong PSV,Go Ahead Eagles,2,3,A,0,2,A,Matchday 18,source_reported_FT,Jong PSV,Go Ahead Eagles
openfootball/europe,https://raw.githubusercontent.com/openfootball/europe/7faa522aef63fa9a6fcb9d8189bd8bc52381e967/netherlands/2020-21_nl2.txt,7faa522aef63fa9a6fcb9d8189bd8bc52381e967,322,2026-09-04T07:12:27.858Z,Eerste Divisie,2020-21,2021-01-05,TOP Oss,Jong Ajax,1,0,H,1,0,H,Matchday 18,source_reported_FT,TOP Oss,Jong Ajax
openfootball/europe,https://raw.githubusercontent.com/openfootball/europe/7faa522aef63fa9a6fcb9d8189bd8bc52381e967/netherlands/2020-21_nl2.txt,7faa522aef63fa9a6fcb9d8189bd8bc52381e967,330,2026-09-04T07:12:27.858Z,Eerste Divisie,2020-21,2021-01-08,Almere City FC,FC Eindhoven,0,0,D,,,,Matchday 19,source_reported_FT,Almere City FC,FC Eindhoven
openfootball/europe,https://raw.githubusercontent.com/openfootball/europe/7faa522aef63fa9a6fcb9d8189bd8bc52381e967/netherlands/2020-21_nl2.txt,7faa522aef63fa9a6fcb9d8189bd8bc52381e967,327,2026-09-04T07:12:27.858Z,Eerste Divisie,2020-21,2021-01-08,De Graafschap,Telstar,2,0,H,2,0,H,Matchday 19,source_reported_FT,De Graafschap,Telstar
openfootball/europe,https://raw.githubusercontent.com/openfootball/europe/7faa522aef63fa9a6fcb9d8189bd8bc52381e967/netherlands/2020-21_nl2.txt,7faa522aef63fa9a6fcb9d8189bd8bc52381e967,328,2026-09-04T07:12:27.858Z,Eerste Divisie,2020-21,2021-01-08,MVV,FC Utrecht J,0,2,A,0,1,A,Matchday 19,source_reported_FT,MVV,FC Utrecht J
openfootball/europe,https://raw.githubusercontent.com/openfootball/europe/7faa522aef63fa9a6fcb9d8189bd8bc52381e967/netherlands/2020-21_nl2.txt,7faa522aef63fa9a6fcb9d8189bd8bc52381e967,331,2026-09-04T07:12:27.858Z,Eerste Divisie,2020-21,2021-01-08,NAC Breda,Roda JC Kerkrade,2,2,D,1,0,H,Matchday 19,source_reported_FT,NAC Breda,Roda JC Kerkrade
openfootball/europe,https://raw.githubusercontent.com/openfootball/europe/7faa522aef63fa9a6fcb9d8189bd8bc52381e967/netherlands/2020-21_nl2.txt,7faa522aef63fa9a6fcb9d8189bd8bc52381e967,329,2026-09-04T07:12:27.858Z,Eerste Divisie,2020-21,2021-01-08,NEC Nijmegen,SBV Excelsior,3,2,H,0,2,A,Matchday 19,source_reported_FT,NEC Nijmegen,SBV Excelsior
openfootball/europe,https://raw.githubusercontent.com/openfootball/europe/7faa522aef63fa9a6fcb9d8189bd8bc52381e967/netherlands/2020-21_nl2.txt,7faa522aef63fa9a6fcb9d8189bd8bc52381e967,332,2026-09-04T07:12:27.858Z,Eerste Divisie,2020-21,2021-01-08,SC Cambuur,FC Volendam,0,1,A,0,0,D,Matchday 19,source_reported_FT,SC Cambuur,FC Volendam
openfootball/europe,https://raw.githubusercontent.com/openfootball/europe/7faa522aef63fa9a6fcb9d8189bd8bc52381e967/netherlands/2020-21_nl2.txt,7faa522aef63fa9a6fcb9d8189bd8bc52381e967,334,2026-09-04T07:12:27.858Z,Eerste Divisie,2020-21,2021-01-09,Jong Ajax,Helmond Sport,2,2,D,2,2,D,Matchday 19,source_reported_FT,Jong Ajax,Helmond Sport
openfootball/europe,https://raw.githubusercontent.com/openfootball/europe/7faa522aef63fa9a6fcb9d8189bd8bc52381e967/netherlands/2020-21_nl2.txt,7faa522aef63fa9a6fcb9d8189bd8bc52381e967,336,2026-09-04T07:12:27.858Z,Eerste Divisie,2020-21,2021-01-10,Go Ahead Eagles,TOP Oss,1,0,H,0,0,D,Matchday 19,source_reported_FT,Go Ahead Eagles,TOP Oss
openfootball/europe,https://raw.githubusercontent.com/openfootball/europe/7faa522aef63fa9a6fcb9d8189bd8bc52381e967/netherlands/2020-21_nl2.txt,7faa522aef63fa9a6fcb9d8189bd8bc52381e967,338,2026-09-04T07:12:27.858Z,Eerste Divisie,2020-21,2021-01-11,FC Den Bosch,AZ Alkmaar J,1,2,A,1,1,D,Matchday 19,source_reported_FT,FC Den Bosch,AZ Alkmaar J
openfootball/europe,https://raw.githubusercontent.com/openfootball/europe/7faa522aef63fa9a6fcb9d8189bd8bc52381e967/netherlands/2020-21_nl2.txt,7faa522aef63fa9a6fcb9d8189bd8bc52381e967,339,2026-09-04T07:12:27.858Z,Eerste Divisie,2020-21,2021-01-11,FC Dordrecht,Jong PSV,2,3,A,0,1,A,Matchday 19,source_reported_FT,FC Dordrecht,Jong PSV
openfootball/europe,https://raw.githubusercontent.com/openfootball/europe/7faa522aef63fa9a6fcb9d8189bd8bc52381e967/netherlands/2020-21_nl2.txt,7faa522aef63fa9a6fcb9d8189bd8bc52381e967,349,2026-09-04T07:12:27.858Z,Eerste Divisie,2020-21,2021-01-15,AZ Alkmaar J,Almere City FC,2,5,A,1,4,A,Matchday 20,source_reported_FT,AZ Alkmaar J,Almere City FC
openfootball/europe,https://raw.githubusercontent.com/openfootball/europe/7faa522aef63fa9a6fcb9d8189bd8bc52381e967/netherlands/2020-21_nl2.txt,7faa522aef63fa9a6fcb9d8189bd8bc52381e967,344,2026-09-04T07:12:27.858Z,Eerste Divisie,2020-21,2021-01-15,FC Dordrecht,FC Volendam,0,0,D,,,,Matchday 20,source_reported_FT,FC Dordrecht,FC Volendam
openfootball/europe,https://raw.githubusercontent.com/openfootball/europe/7faa522aef63fa9a6fcb9d8189bd8bc52381e967/netherlands/2020-21_nl2.txt,7faa522aef63fa9a6fcb9d8189bd8bc52381e967,347,2026-09-04T07:12:27.858Z,Eerste Divisie,2020-21,2021-01-15,Go Ahead Eagles,MVV,3,0,H,2,0,H,Matchday 20,source_reported_FT,Go Ahead Eagles,MVV
openfootball/europe,https://raw.githubusercontent.com/openfootball/europe/7faa522aef63fa9a6fcb9d8189bd8bc52381e967/netherlands/2020-21_nl2.txt,7faa522aef63fa9a6fcb9d8189bd8bc52381e967,348,2026-09-04T07:12:27.858Z,Eerste Divisie,2020-21,2021-01-15,Helmond Sport,FC Den Bosch,4,0,H,3,0,H,Matchday 20,source_reported_FT,Helmond Sport,FC Den Bosch
openfootball/europe,https://raw.githubusercontent.com/openfootball/europe/7faa522aef63fa9a6fcb9d8189bd8bc52381e967/netherlands/2020-21_nl2.txt,7faa522aef63fa9a6fcb9d8189bd8bc52381e967,346,2026-09-04T07:12:27.858Z,Eerste Divisie,2020-21,2021-01-15,Roda JC Kerkrade,De Graafschap,1,3,A,0,3,A,Matchday 20,source_reported_FT,Roda JC Kerkrade,De Graafschap
openfootball/europe,https://raw.githubusercontent.com/openfootball/europe/7faa522aef63fa9a6fcb9d8189bd8bc52381e967/netherlands/2020-21_nl2.txt,7faa522aef63fa9a6fcb9d8189bd8bc52381e967,345,2026-09-04T07:12:27.858Z,Eerste Divisie,2020-21,2021-01-15,SBV Excelsior,FC Eindhoven,1,0,H,1,0,H,Matchday 20,source_reported_FT,SBV Excelsior,FC Eindhoven
openfootball/europe,https://raw.githubusercontent.com/openfootball/europe/7faa522aef63fa9a6fcb9d8189bd8bc52381e967/netherlands/2020-21_nl2.txt,7faa522aef63fa9a6fcb9d8189bd8bc52381e967,351,2026-09-04T07:12:27.858Z,Eerste Divisie,2020-21,2021-01-16,TOP Oss,Telstar,1,4,A,0,2,A,Matchday 20,source_reported_FT,TOP Oss,Telstar
openfootball/europe,https://raw.githubusercontent.com/openfootball/europe/7faa522aef63fa9a6fcb9d8189bd8bc52381e967/netherlands/2020-21_nl2.txt,7faa522aef63fa9a6fcb9d8189bd8bc52381e967,353,2026-09-04T07:12:27.858Z,Eerste Divisie,2020-21,2021-01-17,NEC Nijmegen,SC Cambuur,0,0,D,,,,Matchday 20,source_reported_FT,NEC Nijmegen,SC Cambuur
openfootball/europe,https://raw.githubusercontent.com/openfootball/europe/7faa522aef63fa9a6fcb9d8189bd8bc52381e967/netherlands/2020-21_nl2.txt,7faa522aef63fa9a6fcb9d8189bd8bc52381e967,355,2026-09-04T07:12:27.858Z,Eerste Divisie,2020-21,2021-01-18,FC Utrecht J,Jong Ajax,1,2,A,0,2,A,Matchday 20,source_reported_FT,FC Utrecht J,Jong Ajax
openfootball/europe,https://raw.githubusercontent.com/openfootball/europe/7faa522aef63fa9a6fcb9d8189bd8bc52381e967/netherlands/2020-21_nl2.txt,7faa522aef63fa9a6fcb9d8189bd8bc52381e967,356,2026-09-04T07:12:27.858Z,Eerste Divisie,2020-21,2021-01-18,Jong PSV,NAC Breda,1,1,D,1,0,H,Matchday 20,source_reported_FT,Jong PSV,NAC Breda
openfootball/europe,https://raw.githubusercontent.com/openfootball/europe/7faa522aef63fa9a6fcb9d8189bd8bc52381e967/netherlands/2020-21_nl2.txt,7faa522aef63fa9a6fcb9d8189bd8bc52381e967,363,2026-09-04T07:12:27.858Z,Eerste Divisie,2020-21,2021-01-22,Almere City FC,FC Dordrecht,3,0,H,0,0,D,Matchday 21,source_reported_FT,Almere City FC,FC Dordrecht
openfootball/europe,https://raw.githubusercontent.com/openfootball/europe/7faa522aef63fa9a6fcb9d8189bd8bc52381e967/netherlands/2020-21_nl2.txt,7faa522aef63fa9a6fcb9d8189bd8bc52381e967,361,2026-09-04T07:12:27.858Z,Eerste Divisie,2020-21,2021-01-22,MVV,Helmond Sport,1,1,D,1,0,H,Matchday 21,source_reported_FT,MVV,Helmond Sport
openfootball/europe,https://raw.githubusercontent.com/openfootball/europe/7faa522aef63fa9a6fcb9d8189bd8bc52381e967/netherlands/2020-21_nl2.txt,7faa522aef63fa9a6fcb9d8189bd8bc52381e967,362,2026-09-04T07:12:27.858Z,Eerste Divisie,2020-21,2021-01-22,SC Cambuur,Jong PSV,5,1,H,3,1,H,Matchday 21,source_reported_FT,SC Cambuur,Jong PSV
openfootball/europe,https://raw.githubusercontent.com/openfootball/europe/7faa522aef63fa9a6fcb9d8189bd8bc52381e967/netherlands/2020-21_nl2.txt,7faa522aef63fa9a6fcb9d8189bd8bc52381e967,364,2026-09-04T07:12:27.858Z,Eerste Divisie,2020-21,2021-01-22,Telstar,AZ Alkmaar J,2,2,D,1,1,D,Matchday 21,source_reported_FT,Telstar,AZ Alkmaar J
openfootball/europe,https://raw.githubusercontent.com/openfootball/europe/7faa522aef63fa9a6fcb9d8189bd8bc52381e967/netherlands/2020-21_nl2.txt,7faa522aef63fa9a6fcb9d8189bd8bc52381e967,366,2026-09-04T07:12:27.858Z,Eerste Divisie,2020-21,2021-01-23,FC Den Bosch,NAC Breda,1,1,D,1,0,H,Matchday 21,source_reported_FT,FC Den Bosch,NAC Breda
openfootball/europe,https://raw.githubusercontent.com/openfootball/europe/7faa522aef63fa9a6fcb9d8189bd8bc52381e967/netherlands/2020-21_nl2.txt,7faa522aef63fa9a6fcb9d8189bd8bc52381e967,367,2026-09-04T07:12:27.858Z,Eerste Divisie,2020-21,2021-01-23,TOP Oss,SBV Excelsior,1,3,A,0,1,A,Matchday 21,source_reported_FT,TOP Oss,SBV Excelsior
openfootball/europe,https://raw.githubusercontent.com/openfootball/europe/7faa522aef63fa9a6fcb9d8189bd8bc52381e967/netherlands/2020-21_nl2.txt,7faa522aef63fa9a6fcb9d8189bd8bc52381e967,369,2026-09-04T07:12:27.858Z,Eerste Divisie,2020-21,2021-01-24,FC Volendam,De Graafschap,1,4,A,0,1,A,Matchday 21,source_reported_FT,FC Volendam,De Graafschap
openfootball/europe,https://raw.githubusercontent.com/openfootball/europe/7faa522aef63fa9a6fcb9d8189bd8bc52381e967/netherlands/2020-21_nl2.txt,7faa522aef63fa9a6fcb9d8189bd8bc52381e967,370,2026-09-04T07:12:27.858Z,Eerste Divisie,2020-21,2021-01-24,Roda JC Kerkrade,FC Utrecht J,2,1,H,1,1,D,Matchday 21,source_reported_FT,Roda JC Kerkrade,FC Utrecht J
openfootball/europe,https://raw.githubusercontent.com/openfootball/europe/7faa522aef63fa9a6fcb9d8189bd8bc52381e967/netherlands/2020-21_nl2.txt,7faa522aef63fa9a6fcb9d8189bd8bc52381e967,373,2026-09-04T07:12:27.858Z,Eerste Divisie,2020-21,2021-01-25,FC Eindhoven,NEC Nijmegen,0,1,A,0,1,A,Matchday 21,source_reported_FT,FC Eindhoven,NEC Nijmegen
openfootball/europe,https://raw.githubusercontent.com/openfootball/europe/7faa522aef63fa9a6fcb9d8189bd8bc52381e967/netherlands/2020-21_nl2.txt,7faa522aef63fa9a6fcb9d8189bd8bc52381e967,372,2026-09-04T07:12:27.858Z,Eerste Divisie,2020-21,2021-01-25,Jong Ajax,Go Ahead Eagles,0,2,A,0,0,D,Matchday 21,source_reported_FT,Jong Ajax,Go Ahead Eagles
openfootball/europe,https://raw.githubusercontent.com/openfootball/europe/7faa522aef63fa9a6fcb9d8189bd8bc52381e967/netherlands/2020-21_nl2.txt,7faa522aef63fa9a6fcb9d8189bd8bc52381e967,380,2026-09-04T07:12:27.858Z,Eerste Divisie,2020-21,2021-01-29,De Graafschap,TOP Oss,2,1,H,1,0,H,Matchday 22,source_reported_FT,De Graafschap,TOP Oss
openfootball/europe,https://raw.githubusercontent.com/openfootball/europe/7faa522aef63fa9a6fcb9d8189bd8bc52381e967/netherlands/2020-21_nl2.txt,7faa522aef63fa9a6fcb9d8189bd8bc52381e967,378,2026-09-04T07:12:27.858Z,Eerste Divisie,2020-21,2021-01-29,Helmond Sport,Telstar,1,1,D,1,0,H,Matchday 22,source_reported_FT,Helmond Sport,Telstar
openfootball/europe,https://raw.githubusercontent.com/openfootball/europe/7faa522aef63fa9a6fcb9d8189bd8bc52381e967/netherlands/2020-21_nl2.txt,7faa522aef63fa9a6fcb9d8189bd8bc52381e967,379,2026-09-04T07:12:27.858Z,Eerste Divisie,2020-21,2021-01-29,Jong PSV,Jong Ajax,1,2,A,0,1,A,Matchday 22,source_reported_FT,Jong PSV,Jong Ajax
openfootball/europe,https://raw.githubusercontent.com/openfootball/europe/7faa522aef63fa9a6fcb9d8189bd8bc52381e967/netherlands/2020-21_nl2.txt,7faa522aef63fa9a6fcb9d8189bd8bc52381e967,381,2026-09-04T07:12:27.858Z,Eerste Divisie,2020-21,2021-01-29,NEC Nijmegen,FC Utrecht J,2,0,H,0,0,D,Matchday 22,source_reported_FT,NEC Nijmegen,FC Utrecht J
openfootball/europe,https://raw.githubusercontent.com/openfootball/europe/7faa522aef63fa9a6fcb9d8189bd8bc52381e967/netherlands/2020-21_nl2.txt,7faa522aef63fa9a6fcb9d8189bd8bc52381e967,384,2026-09-04T07:12:27.858Z,Eerste Divisie,2020-21,2021-01-30,FC Dordrecht,Roda JC Kerkrade,0,5,A,0,3,A,Matchday 22,source_reported_FT,FC Dordrecht,Roda JC Kerkrade
openfootball/europe,https://raw.githubusercontent.com/openfootball/europe/7faa522aef63fa9a6fcb9d8189bd8bc52381e967/netherlands/2020-21_nl2.txt,7faa522aef63fa9a6fcb9d8189bd8bc52381e967,383,2026-09-04T07:12:27.858Z,Eerste Divisie,2020-21,2021-01-30,SBV Excelsior,FC Den Bosch,4,4,D,2,0,H,Matchday 22,source_reported_FT,SBV Excelsior,FC Den Bosch
openfootball/europe,https://raw.githubusercontent.com/openfootball/europe/7faa522aef63fa9a6fcb9d8189bd8bc52381e967/netherlands/2020-21_nl2.txt,7faa522aef63fa9a6fcb9d8189bd8bc52381e967,386,2026-09-04T07:12:27.858Z,Eerste Divisie,2020-21,2021-01-31,SC Cambuur,MVV,2,0,H,0,0,D,Matchday 22,source_reported_FT,SC Cambuur,MVV
openfootball/europe,https://raw.githubusercontent.com/openfootball/europe/7faa522aef63fa9a6fcb9d8189bd8bc52381e967/netherlands/2020-21_nl2.txt,7faa522aef63fa9a6fcb9d8189bd8bc52381e967,388,2026-09-04T07:12:27.858Z,Eerste Divisie,2020-21,2021-02-01,AZ Alkmaar J,FC Eindhoven,3,2,H,0,1,A,Matchday 22,source_reported_FT,AZ Alkmaar J,FC Eindhoven
openfootball/europe,https://raw.githubusercontent.com/openfootball/europe/7faa522aef63fa9a6fcb9d8189bd8bc52381e967/netherlands/2020-21_nl2.txt,7faa522aef63fa9a6fcb9d8189bd8bc52381e967,389,2026-09-04T07:12:27.858Z,Eerste Divisie,2020-21,2021-02-01,NAC Breda,Almere City FC,4,0,H,2,0,H,Matchday 22,source_reported_FT,NAC Breda,Almere City FC
openfootball/europe,https://raw.githubusercontent.com/openfootball/europe/7faa522aef63fa9a6fcb9d8189bd8bc52381e967/netherlands/2020-21_nl2.txt,7faa522aef63fa9a6fcb9d8189bd8bc52381e967,391,2026-09-04T07:12:27.858Z,Eerste Divisie,2020-21,2021-02-02,Go Ahead Eagles,FC Volendam,1,3,A,0,1,A,Matchday 22,source_reported_FT,Go Ahead Eagles,FC Volendam
openfootball/europe,https://raw.githubusercontent.com/openfootball/europe/7faa522aef63fa9a6fcb9d8189bd8bc52381e967/netherlands/2020-21_nl2.txt,7faa522aef63fa9a6fcb9d8189bd8bc52381e967,396,2026-09-04T07:12:27.858Z,Eerste Divisie,2020-21,2021-02-05,FC Eindhoven,Go Ahead Eagles,0,2,A,0,1,A,Matchday 23,source_reported_FT,FC Eindhoven,Go Ahead Eagles
openfootball/europe,https://raw.githubusercontent.com/openfootball/europe/7faa522aef63fa9a6fcb9d8189bd8bc52381e967/netherlands/2020-21_nl2.txt,7faa522aef63fa9a6fcb9d8189bd8bc52381e967,398,2026-09-04T07:12:27.858Z,Eerste Divisie,2020-21,2021-02-05,FC Volendam,SBV Excelsior,0,2,A,0,0,D,Matchday 23,source_reported_FT,FC Volendam,SBV Excelsior
openfootball/europe,https://raw.githubusercontent.com/openfootball/europe/7faa522aef63fa9a6fcb9d8189bd8bc52381e967/netherlands/2020-21_nl2.txt,7faa522aef63fa9a6fcb9d8189bd8bc52381e967,399,2026-09-04T07:12:27.858Z,Eerste Divisie,2020-21,2021-02-05,Roda JC Kerkrade,Jong PSV,5,1,H,2,0,H,Matchday 23,source_reported_FT,Roda JC Kerkrade,Jong PSV
openfootball/europe,https://raw.githubusercontent.com/openfootball/europe/7faa522aef63fa9a6fcb9d8189bd8bc52381e967/netherlands/2020-21_nl2.txt,7faa522aef63fa9a6fcb9d8189bd8bc52381e967,397,2026-09-04T07:12:27.858Z,Eerste Divisie,2020-21,2021-02-05,TOP Oss,AZ Alkmaar J,6,0,H,3,0,H,Matchday 23,source_reported_FT,TOP Oss,AZ Alkmaar J
openfootball/europe,https://raw.githubusercontent.com/openfootball/europe/7faa522aef63fa9a6fcb9d8189bd8bc52381e967/netherlands/2020-21_nl2.txt,7faa522aef63fa9a6fcb9d8189bd8bc52381e967,401,2026-09-04T07:12:27.858Z,Eerste Divisie,2020-21,2021-02-06,FC Den Bosch,De Graafschap,2,3,A,1,2,A,Matchday 23,source_reported_FT,FC Den Bosch,De Graafschap
openfootball/europe,https://raw.githubusercontent.com/openfootball/europe/7faa522aef63fa9a6fcb9d8189bd8bc52381e967/netherlands/2020-21_nl2.txt,7faa522aef63fa9a6fcb9d8189bd8bc52381e967,402,2026-09-04T07:12:27.858Z,Eerste Divisie,2020-21,2021-02-06,MVV,NEC Nijmegen,2,1,H,1,0,H,Matchday 23,source_reported_FT,MVV,NEC Nijmegen
openfootball/europe,https://raw.githubusercontent.com/openfootball/europe/7faa522aef63fa9a6fcb9d8189bd8bc52381e967/netherlands/2020-21_nl2.txt,7faa522aef63fa9a6fcb9d8189bd8bc52381e967,415,2026-09-04T07:12:27.858Z,Eerste Divisie,2020-21,2021-02-12,AZ Alkmaar J,FC Utrecht J,3,2,H,2,1,H,Matchday 24,source_reported_FT,AZ Alkmaar J,FC Utrecht J
openfootball/europe,https://raw.githubusercontent.com/openfootball/europe/7faa522aef63fa9a6fcb9d8189bd8bc52381e967/netherlands/2020-21_nl2.txt,7faa522aef63fa9a6fcb9d8189bd8bc52381e967,414,2026-09-04T07:12:27.858Z,Eerste Divisie,2020-21,2021-02-12,NAC Breda,FC Eindhoven,2,1,H,2,1,H,Matchday 24,source_reported_FT,NAC Breda,FC Eindhoven
openfootball/europe,https://raw.githubusercontent.com/openfootball/europe/7faa522aef63fa9a6fcb9d8189bd8bc52381e967/netherlands/2020-21_nl2.txt,7faa522aef63fa9a6fcb9d8189bd8bc52381e967,418,2026-09-04T07:12:27.858Z,Eerste Divisie,2020-21,2021-02-13,De Graafschap,MVV,1,0,H,1,0,H,Matchday 24,source_reported_FT,De Graafschap,MVV
openfootball/europe,https://raw.githubusercontent.com/openfootball/europe/7faa522aef63fa9a6fcb9d8189bd8bc52381e967/netherlands/2020-21_nl2.txt,7faa522aef63fa9a6fcb9d8189bd8bc52381e967,417,2026-09-04T07:12:27.858Z,Eerste Divisie,2020-21,2021-02-13,Go Ahead Eagles,Telstar,1,0,H,1,0,H,Matchday 24,source_reported_FT,Go Ahead Eagles,Telstar
openfootball/europe,https://raw.githubusercontent.com/openfootball/europe/7faa522aef63fa9a6fcb9d8189bd8bc52381e967/netherlands/2020-21_nl2.txt,7faa522aef63fa9a6fcb9d8189bd8bc52381e967,420,2026-09-04T07:12:27.858Z,Eerste Divisie,2020-21,2021-02-15,Jong Ajax,FC Dordrecht,1,2,A,0,0,D,Matchday 24,source_reported_FT,Jong Ajax,FC Dordrecht
openfootball/europe,https://raw.githubusercontent.com/openfootball/europe/7faa522aef63fa9a6fcb9d8189bd8bc52381e967/netherlands/2020-21_nl2.txt,7faa522aef63fa9a6fcb9d8189bd8bc52381e967,421,2026-09-04T07:12:27.858Z,Eerste Divisie,2020-21,2021-02-15,SBV Excelsior,Roda JC Kerkrade,1,3,A,0,1,A,Matchday 24,source_reported_FT,SBV Excelsior,Roda JC Kerkrade
openfootball/europe,https://raw.githubusercontent.com/openfootball/europe/7faa522aef63fa9a6fcb9d8189bd8bc52381e967/netherlands/2020-21_nl2.txt,7faa522aef63fa9a6fcb9d8189bd8bc52381e967,404,2026-09-04T07:12:27.858Z,Eerste Divisie,2020-21,2021-02-16,Helmond Sport,Almere City FC,2,1,H,1,0,H,Matchday 23,source_reported_FT,Helmond Sport,Almere City FC
openfootball/europe,https://raw.githubusercontent.com/openfootball/europe/7faa522aef63fa9a6fcb9d8189bd8bc52381e967/netherlands/2020-21_nl2.txt,7faa522aef63fa9a6fcb9d8189bd8bc52381e967,423,2026-09-04T07:12:27.858Z,Eerste Divisie,2020-21,2021-02-16,SC Cambuur,TOP Oss,3,0,H,1,0,H,Matchday 24,source_reported_FT,SC Cambuur,TOP Oss
openfootball/europe,https://raw.githubusercontent.com/openfootball/europe/7faa522aef63fa9a6fcb9d8189bd8bc52381e967/netherlands/2020-21_nl2.txt,7faa522aef63fa9a6fcb9d8189bd8bc52381e967,405,2026-09-04T07:12:27.858Z,Eerste Divisie,2020-21,2021-02-16,Telstar,NAC Breda,1,2,A,1,0,H,Matchday 23,source_reported_FT,Telstar,NAC Breda
openfootball/europe,https://raw.githubusercontent.com/openfootball/europe/7faa522aef63fa9a6fcb9d8189bd8bc52381e967/netherlands/2020-21_nl2.txt,7faa522aef63fa9a6fcb9d8189bd8bc52381e967,434,2026-09-04T07:12:27.858Z,Eerste Divisie,2020-21,2021-02-19,FC Dordrecht,NAC Breda,2,3,A,1,2,A,Matchday 25,source_reported_FT,FC Dordrecht,NAC Breda
openfootball/europe,https://raw.githubusercontent.com/openfootball/europe/7faa522aef63fa9a6fcb9d8189bd8bc52381e967/netherlands/2020-21_nl2.txt,7faa522aef63fa9a6fcb9d8189bd8bc52381e967,436,2026-09-04T07:12:27.858Z,Eerste Divisie,2020-21,2021-02-19,Helmond Sport,Roda JC Kerkrade,1,2,A,1,1,D,Matchday 25,source_reported_FT,Helmond Sport,Roda JC Kerkrade
openfootball/europe,https://raw.githubusercontent.com/openfootball/europe/7faa522aef63fa9a6fcb9d8189bd8bc52381e967/netherlands/2020-21_nl2.txt,7faa522aef63fa9a6fcb9d8189bd8bc52381e967,407,2026-09-04T07:12:27.858Z,Eerste Divisie,2020-21,2021-02-19,Jong Ajax,SC Cambuur,1,1,D,1,0,H,Matchday 23,source_reported_FT,Jong Ajax,SC Cambuur
openfootball/europe,https://raw.githubusercontent.com/openfootball/europe/7faa522aef63fa9a6fcb9d8189bd8bc52381e967/netherlands/2020-21_nl2.txt,7faa522aef63fa9a6fcb9d8189bd8bc52381e967,435,2026-09-04T07:12:27.858Z,Eerste Divisie,2020-21,2021-02-19,Jong PSV,FC Den Bosch,1,0,H,1,0,H,Matchday 25,source_reported_FT,Jong PSV,FC Den Bosch
openfootball/europe,https://raw.githubusercontent.com/openfootball/europe/7faa522aef63fa9a6fcb9d8189bd8bc52381e967/netherlands/2020-21_nl2.txt,7faa522aef63fa9a6fcb9d8189bd8bc52381e967,437,2026-09-04T07:12:27.858Z,Eerste Divisie,2020-21,2021-02-19,Telstar,FC Eindhoven,1,1,D,1,0,H,Matchday 25,source_reported_FT,Telstar,FC Eindhoven
openfootball/europe,https://raw.githubusercontent.com/openfootball/europe/7faa522aef63fa9a6fcb9d8189bd8bc52381e967/netherlands/2020-21_nl2.txt,7faa522aef63fa9a6fcb9d8189bd8bc52381e967,440,2026-09-04T07:12:27.858Z,Eerste Divisie,2020-21,2021-02-20,MVV,SBV Excelsior,1,0,H,0,0,D,Matchday 25,source_reported_FT,MVV,SBV Excelsior
openfootball/europe,https://raw.githubusercontent.com/openfootball/europe/7faa522aef63fa9a6fcb9d8189bd8bc52381e967/netherlands/2020-21_nl2.txt,7faa522aef63fa9a6fcb9d8189bd8bc52381e967,439,2026-09-04T07:12:27.858Z,Eerste Divisie,2020-21,2021-02-20,TOP Oss,Almere City FC,2,4,A,0,2,A,Matchday 25,source_reported_FT,TOP Oss,Almere City FC
openfootball/europe,https://raw.githubusercontent.com/openfootball/europe/7faa522aef63fa9a6fcb9d8189bd8bc52381e967/netherlands/2020-21_nl2.txt,7faa522aef63fa9a6fcb9d8189bd8bc52381e967,442,2026-09-04T07:12:27.858Z,Eerste Divisie,2020-21,2021-02-21,NEC Nijmegen,De Graafschap,1,2,A,0,0,D,Matchday 25,source_reported_FT,NEC Nijmegen,De Graafschap
openfootball/europe,https://raw.githubusercontent.com/openfootball/europe/7faa522aef63fa9a6fcb9d8189bd8bc52381e967/netherlands/2020-21_nl2.txt,7faa522aef63fa9a6fcb9d8189bd8bc52381e967,444,2026-09-04T07:12:27.858Z,Eerste Divisie,2020-21,2021-02-22,AZ Alkmaar J,Go Ahead Eagles,0,3,A,0,1,A,Matchday 25,source_reported_FT,AZ Alkmaar J,Go Ahead Eagles
openfootball/europe,https://raw.githubusercontent.com/openfootball/europe/7faa522aef63fa9a6fcb9d8189bd8bc52381e967/netherlands/2020-21_nl2.txt,7faa522aef63fa9a6fcb9d8189bd8bc52381e967,445,2026-09-04T07:12:27.858Z,Eerste Divisie,2020-21,2021-02-22,FC Utrecht J,SC Cambuur,1,3,A,0,1,A,Matchday 25,source_reported_FT,FC Utrecht J,SC Cambuur
openfootball/europe,https://raw.githubusercontent.com/openfootball/europe/7faa522aef63fa9a6fcb9d8189bd8bc52381e967/netherlands/2020-21_nl2.txt,7faa522aef63fa9a6fcb9d8189bd8bc52381e967,447,2026-09-04T07:12:27.858Z,Eerste Divisie,2020-21,2021-02-23,FC Volendam,Jong Ajax,3,2,H,0,0,D,Matchday 25,source_reported_FT,FC Volendam,Jong Ajax
openfootball/europe,https://raw.githubusercontent.com/openfootball/europe/7faa522aef63fa9a6fcb9d8189bd8bc52381e967/netherlands/2020-21_nl2.txt,7faa522aef63fa9a6fcb9d8189bd8bc52381e967,425,2026-09-04T07:12:27.858Z,Eerste Divisie,2020-21,2021-02-23,Jong PSV,Helmond Sport,2,2,D,0,0,D,Matchday 24,source_reported_FT,Jong PSV,Helmond Sport
openfootball/europe,https://raw.githubusercontent.com/openfootball/europe/7faa522aef63fa9a6fcb9d8189bd8bc52381e967/netherlands/2020-21_nl2.txt,7faa522aef63fa9a6fcb9d8189bd8bc52381e967,454,2026-09-04T07:12:27.858Z,Eerste Divisie,2020-21,2021-02-26,De Graafschap,AZ Alkmaar J,1,1,D,1,0,H,Matchday 26,source_reported_FT,De Graafschap,AZ Alkmaar J
openfootball/europe,https://raw.githubusercontent.com/openfootball/europe/7faa522aef63fa9a6fcb9d8189bd8bc52381e967/netherlands/2020-21_nl2.txt,7faa522aef63fa9a6fcb9d8189bd8bc52381e967,455,2026-09-04T07:12:27.858Z,Eerste Divisie,2020-21,2021-02-26,FC Den Bosch,FC Utrecht J,3,0,H,1,0,H,Matchday 26,source_reported_FT,FC Den Bosch,FC Utrecht J
openfootball/europe,https://raw.githubusercontent.com/openfootball/europe/7faa522aef63fa9a6fcb9d8189bd8bc52381e967/netherlands/2020-21_nl2.txt,7faa522aef63fa9a6fcb9d8189bd8bc52381e967,452,2026-09-04T07:12:27.858Z,Eerste Divisie,2020-21,2021-02-26,Go Ahead Eagles,Jong PSV,1,0,H,1,0,H,Matchday 26,source_reported_FT,Go Ahead Eagles,Jong PSV
openfootball/europe,https://raw.githubusercontent.com/openfootball/europe/7faa522aef63fa9a6fcb9d8189bd8bc52381e967/netherlands/2020-21_nl2.txt,7faa522aef63fa9a6fcb9d8189bd8bc52381e967,453,2026-09-04T07:12:27.858Z,Eerste Divisie,2020-21,2021-02-26,MVV,Telstar,2,0,H,0,0,D,Matchday 26,source_reported_FT,MVV,Telstar
openfootball/europe,https://raw.githubusercontent.com/openfootball/europe/7faa522aef63fa9a6fcb9d8189bd8bc52381e967/netherlands/2020-21_nl2.txt,7faa522aef63fa9a6fcb9d8189bd8bc52381e967,456,2026-09-04T07:12:27.858Z,Eerste Divisie,2020-21,2021-02-26,Roda JC Kerkrade,NEC Nijmegen,1,3,A,0,1,A,Matchday 26,source_reported_FT,Roda JC Kerkrade,NEC Nijmegen
openfootball/europe,https://raw.githubusercontent.com/openfootball/europe/7faa522aef63fa9a6fcb9d8189bd8bc52381e967/netherlands/2020-21_nl2.txt,7faa522aef63fa9a6fcb9d8189bd8bc52381e967,459,2026-09-04T07:12:27.858Z,Eerste Divisie,2020-21,2021-02-27,FC Dordrecht,Helmond Sport,2,1,H,0,0,D,Matchday 26,source_reported_FT,FC Dordrecht,Helmond Sport
openfootball/europe,https://raw.githubusercontent.com/openfootball/europe/7faa522aef63fa9a6fcb9d8189bd8bc52381e967/netherlands/2020-21_nl2.txt,7faa522aef63fa9a6fcb9d8189bd8bc52381e967,458,2026-09-04T07:12:27.858Z,Eerste Divisie,2020-21,2021-02-27,FC Eindhoven,FC Volendam,1,1,D,0,1,A,Matchday 26,source_reported_FT,FC Eindhoven,FC Volendam
openfootball/europe,https://raw.githubusercontent.com/openfootball/europe/7faa522aef63fa9a6fcb9d8189bd8bc52381e967/netherlands/2020-21_nl2.txt,7faa522aef63fa9a6fcb9d8189bd8bc52381e967,461,2026-09-04T07:12:27.858Z,Eerste Divisie,2020-21,2021-02-28,Almere City FC,SC Cambuur,0,2,A,0,1,A,Matchday 26,source_reported_FT,Almere City FC,SC Cambuur
openfootball/europe,https://raw.githubusercontent.com/openfootball/europe/7faa522aef63fa9a6fcb9d8189bd8bc52381e967/netherlands/2020-21_nl2.txt,7faa522aef63fa9a6fcb9d8189bd8bc52381e967,464,2026-09-04T07:12:27.858Z,Eerste Divisie,2020-21,2021-03-01,NAC Breda,TOP Oss,3,0,H,2,0,H,Matchday 26,source_reported_FT,NAC Breda,TOP Oss
openfootball/europe,https://raw.githubusercontent.com/openfootball/europe/7faa522aef63fa9a6fcb9d8189bd8bc52381e967/netherlands/2020-21_nl2.txt,7faa522aef63fa9a6fcb9d8189bd8bc52381e967,463,2026-09-04T07:12:27.858Z,Eerste Divisie,2020-21,2021-03-01,SBV Excelsior,Jong Ajax,5,1,H,3,0,H,Matchday 26,source_reported_FT,SBV Excelsior,Jong Ajax
openfootball/europe,https://raw.githubusercontent.com/openfootball/europe/7faa522aef63fa9a6fcb9d8189bd8bc52381e967/netherlands/2020-21_nl2.txt,7faa522aef63fa9a6fcb9d8189bd8bc52381e967,409,2026-09-04T07:12:27.858Z,Eerste Divisie,2020-21,2021-03-02,FC Utrecht J,FC Dordrecht,3,1,H,2,0,H,Matchday 23,source_reported_FT,FC Utrecht J,FC Dordrecht
openfootball/europe,https://raw.githubusercontent.com/openfootball/europe/7faa522aef63fa9a6fcb9d8189bd8bc52381e967/netherlands/2020-21_nl2.txt,7faa522aef63fa9a6fcb9d8189bd8bc52381e967,427,2026-09-04T07:12:27.858Z,Eerste Divisie,2020-21,2021-03-02,NEC Nijmegen,FC Den Bosch,4,1,H,1,0,H,Matchday 24,source_reported_FT,NEC Nijmegen,FC Den Bosch
openfootball/europe,https://raw.githubusercontent.com/openfootball/europe/7faa522aef63fa9a6fcb9d8189bd8bc52381e967/netherlands/2020-21_nl2.txt,7faa522aef63fa9a6fcb9d8189bd8bc52381e967,429,2026-09-04T07:12:27.858Z,Eerste Divisie,2020-21,2021-03-03,Almere City FC,FC Volendam,1,2,A,1,2,A,Matchday 24,source_reported_FT,Almere City FC,FC Volendam
openfootball/europe,https://raw.githubusercontent.com/openfootball/europe/7faa522aef63fa9a6fcb9d8189bd8bc52381e967/netherlands/2020-21_nl2.txt,7faa522aef63fa9a6fcb9d8189bd8bc52381e967,470,2026-09-04T07:12:27.858Z,Eerste Divisie,2020-21,2021-03-05,FC Utrecht J,MVV,0,1,A,0,1,A,Matchday 27,source_reported_FT,FC Utrecht J,MVV
openfootball/europe,https://raw.githubusercontent.com/openfootball/europe/7faa522aef63fa9a6fcb9d8189bd8bc52381e967/netherlands/2020-21_nl2.txt,7faa522aef63fa9a6fcb9d8189bd8bc52381e967,469,2026-09-04T07:12:27.858Z,Eerste Divisie,2020-21,2021-03-05,Helmond Sport,NEC Nijmegen,0,7,A,0,3,A,Matchday 27,source_reported_FT,Helmond Sport,NEC Nijmegen
openfootball/europe,https://raw.githubusercontent.com/openfootball/europe/7faa522aef63fa9a6fcb9d8189bd8bc52381e967/netherlands/2020-21_nl2.txt,7faa522aef63fa9a6fcb9d8189bd8bc52381e967,472,2026-09-04T07:12:27.858Z,Eerste Divisie,2020-21,2021-03-05,SC Cambuur,Telstar,3,1,H,2,1,H,Matchday 27,source_reported_FT,SC Cambuur,Telstar
openfootball/europe,https://raw.githubusercontent.com/openfootball/europe/7faa522aef63fa9a6fcb9d8189bd8bc52381e967/netherlands/2020-21_nl2.txt,7faa522aef63fa9a6fcb9d8189bd8bc52381e967,471,2026-09-04T07:12:27.858Z,Eerste Divisie,2020-21,2021-03-05,TOP Oss,Go Ahead Eagles,0,4,A,0,1,A,Matchday 27,source_reported_FT,TOP Oss,Go Ahead Eagles
openfootball/europe,https://raw.githubusercontent.com/openfootball/europe/7faa522aef63fa9a6fcb9d8189bd8bc52381e967/netherlands/2020-21_nl2.txt,7faa522aef63fa9a6fcb9d8189bd8bc52381e967,474,2026-09-04T07:12:27.858Z,Eerste Divisie,2020-21,2021-03-06,Almere City FC,SBV Excelsior,4,1,H,2,0,H,Matchday 27,source_reported_FT,Almere City FC,SBV Excelsior
openfootball/europe,https://raw.githubusercontent.com/openfootball/europe/7faa522aef63fa9a6fcb9d8189bd8bc52381e967/netherlands/2020-21_nl2.txt,7faa522aef63fa9a6fcb9d8189bd8bc52381e967,475,2026-09-04T07:12:27.858Z,Eerste Divisie,2020-21,2021-03-06,FC Volendam,Roda JC Kerkrade,3,4,A,2,1,H,Matchday 27,source_reported_FT,FC Volendam,Roda JC Kerkrade
openfootball/europe,https://raw.githubusercontent.com/openfootball/europe/7faa522aef63fa9a6fcb9d8189bd8bc52381e967/netherlands/2020-21_nl2.txt,7faa522aef63fa9a6fcb9d8189bd8bc52381e967,477,2026-09-04T07:12:27.858Z,Eerste Divisie,2020-21,2021-03-07,De Graafschap,FC Eindhoven,1,0,H,0,0,D,Matchday 27,source_reported_FT,De Graafschap,FC Eindhoven
openfootball/europe,https://raw.githubusercontent.com/openfootball/europe/7faa522aef63fa9a6fcb9d8189bd8bc52381e967/netherlands/2020-21_nl2.txt,7faa522aef63fa9a6fcb9d8189bd8bc52381e967,480,2026-09-04T07:12:27.858Z,Eerste Divisie,2020-21,2021-03-08,AZ Alkmaar J,NAC Breda,2,3,A,0,2,A,Matchday 27,source_reported_FT,AZ Alkmaar J,NAC Breda
openfootball/europe,https://raw.githubusercontent.com/openfootball/europe/7faa522aef63fa9a6fcb9d8189bd8bc52381e967/netherlands/2020-21_nl2.txt,7faa522aef63fa9a6fcb9d8189bd8bc52381e967,479,2026-09-04T07:12:27.858Z,Eerste Divisie,2020-21,2021-03-08,Jong Ajax,FC Den Bosch,1,2,A,1,1,D,Matchday 27,source_reported_FT,Jong Ajax,FC Den Bosch
openfootball/europe,https://raw.githubusercontent.com/openfootball/europe/7faa522aef63fa9a6fcb9d8189bd8bc52381e967/netherlands/2020-21_nl2.txt,7faa522aef63fa9a6fcb9d8189bd8bc52381e967,482,2026-09-04T07:12:27.858Z,Eerste Divisie,2020-21,2021-03-09,Jong PSV,FC Dordrecht,0,1,A,0,1,A,Matchday 27,source_reported_FT,Jong PSV,FC Dordrecht
openfootball/europe,https://raw.githubusercontent.com/openfootball/europe/7faa522aef63fa9a6fcb9d8189bd8bc52381e967/netherlands/2020-21_nl2.txt,7faa522aef63fa9a6fcb9d8189bd8bc52381e967,489,2026-09-04T07:12:27.858Z,Eerste Divisie,2020-21,2021-03-12,FC Den Bosch,FC Volendam,1,5,A,0,1,A,Matchday 28,source_reported_FT,FC Den Bosch,FC Volendam
openfootball/europe,https://raw.githubusercontent.com/openfootball/europe/7faa522aef63fa9a6fcb9d8189bd8bc52381e967/netherlands/2020-21_nl2.txt,7faa522aef63fa9a6fcb9d8189bd8bc52381e967,490,2026-09-04T07:12:27.858Z,Eerste Divisie,2020-21,2021-03-12,FC Dordrecht,TOP Oss,1,3,A,0,1,A,Matchday 28,source_reported_FT,FC Dordrecht,TOP Oss
openfootball/europe,https://raw.githubusercontent.com/openfootball/europe/7faa522aef63fa9a6fcb9d8189bd8bc52381e967/netherlands/2020-21_nl2.txt,7faa522aef63fa9a6fcb9d8189bd8bc52381e967,488,2026-09-04T07:12:27.858Z,Eerste Divisie,2020-21,2021-03-12,FC Eindhoven,Almere City FC,1,3,A,1,3,A,Matchday 28,source_reported_FT,FC Eindhoven,Almere City FC
openfootball/europe,https://raw.githubusercontent.com/openfootball/europe/7faa522aef63fa9a6fcb9d8189bd8bc52381e967/netherlands/2020-21_nl2.txt,7faa522aef63fa9a6fcb9d8189bd8bc52381e967,493,2026-09-04T07:12:27.858Z,Eerste Divisie,2020-21,2021-03-12,Go Ahead Eagles,SC Cambuur,0,0,D,,,,Matchday 28,source_reported_FT,Go Ahead Eagles,SC Cambuur
openfootball/europe,https://raw.githubusercontent.com/openfootball/europe/7faa522aef63fa9a6fcb9d8189bd8bc52381e967/netherlands/2020-21_nl2.txt,7faa522aef63fa9a6fcb9d8189bd8bc52381e967,487,2026-09-04T07:12:27.858Z,Eerste Divisie,2020-21,2021-03-12,MVV,AZ Alkmaar J,3,2,H,1,1,D,Matchday 28,source_reported_FT,MVV,AZ Alkmaar J
openfootball/europe,https://raw.githubusercontent.com/openfootball/europe/7faa522aef63fa9a6fcb9d8189bd8bc52381e967/netherlands/2020-21_nl2.txt,7faa522aef63fa9a6fcb9d8189bd8bc52381e967,494,2026-09-04T07:12:27.858Z,Eerste Divisie,2020-21,2021-03-12,NAC Breda,Helmond Sport,3,2,H,0,1,A,Matchday 28,source_reported_FT,NAC Breda,Helmond Sport
openfootball/europe,https://raw.githubusercontent.com/openfootball/europe/7faa522aef63fa9a6fcb9d8189bd8bc52381e967/netherlands/2020-21_nl2.txt,7faa522aef63fa9a6fcb9d8189bd8bc52381e967,492,2026-09-04T07:12:27.858Z,Eerste Divisie,2020-21,2021-03-12,NEC Nijmegen,Jong PSV,2,0,H,0,0,D,Matchday 28,source_reported_FT,NEC Nijmegen,Jong PSV
openfootball/europe,https://raw.githubusercontent.com/openfootball/europe/7faa522aef63fa9a6fcb9d8189bd8bc52381e967/netherlands/2020-21_nl2.txt,7faa522aef63fa9a6fcb9d8189bd8bc52381e967,495,2026-09-04T07:12:27.858Z,Eerste Divisie,2020-21,2021-03-12,Roda JC Kerkrade,Jong Ajax,2,2,D,1,0,H,Matchday 28,source_reported_FT,Roda JC Kerkrade,Jong Ajax
openfootball/europe,https://raw.githubusercontent.com/openfootball/europe/7faa522aef63fa9a6fcb9d8189bd8bc52381e967/netherlands/2020-21_nl2.txt,7faa522aef63fa9a6fcb9d8189bd8bc52381e967,491,2026-09-04T07:12:27.858Z,Eerste Divisie,2020-21,2021-03-12,SBV Excelsior,FC Utrecht J,2,0,H,1,0,H,Matchday 28,source_reported_FT,SBV Excelsior,FC Utrecht J
openfootball/europe,https://raw.githubusercontent.com/openfootball/europe/7faa522aef63fa9a6fcb9d8189bd8bc52381e967/netherlands/2020-21_nl2.txt,7faa522aef63fa9a6fcb9d8189bd8bc52381e967,496,2026-09-04T07:12:27.858Z,Eerste Divisie,2020-21,2021-03-12,Telstar,De Graafschap,1,2,A,1,1,D,Matchday 28,source_reported_FT,Telstar,De Graafschap
openfootball/europe,https://raw.githubusercontent.com/openfootball/europe/7faa522aef63fa9a6fcb9d8189bd8bc52381e967/netherlands/2020-21_nl2.txt,7faa522aef63fa9a6fcb9d8189bd8bc52381e967,516,2026-09-04T07:12:27.858Z,Eerste Divisie,2020-21,2021-03-15,AZ Alkmaar J,Jong Ajax,2,1,H,1,1,D,Matchday 30,source_reported_FT,AZ Alkmaar J,Jong Ajax
openfootball/europe,https://raw.githubusercontent.com/openfootball/europe/7faa522aef63fa9a6fcb9d8189bd8bc52381e967/netherlands/2020-21_nl2.txt,7faa522aef63fa9a6fcb9d8189bd8bc52381e967,517,2026-09-04T07:12:27.858Z,Eerste Divisie,2020-21,2021-03-15,FC Utrecht J,Jong PSV,1,6,A,0,3,A,Matchday 30,source_reported_FT,FC Utrecht J,Jong PSV
openfootball/europe,https://raw.githubusercontent.com/openfootball/europe/7faa522aef63fa9a6fcb9d8189bd8bc52381e967/netherlands/2020-21_nl2.txt,7faa522aef63fa9a6fcb9d8189bd8bc52381e967,518,2026-09-04T07:12:27.858Z,Eerste Divisie,2020-21,2021-03-15,NEC Nijmegen,FC Volendam,1,0,H,1,0,H,Matchday 30,source_reported_FT,NEC Nijmegen,FC Volendam
openfootball/europe,https://raw.githubusercontent.com/openfootball/europe/7faa522aef63fa9a6fcb9d8189bd8bc52381e967/netherlands/2020-21_nl2.txt,7faa522aef63fa9a6fcb9d8189bd8bc52381e967,501,2026-09-04T07:12:27.858Z,Eerste Divisie,2020-21,2021-03-19,Almere City FC,FC Den Bosch,2,0,H,1,0,H,Matchday 29,source_reported_FT,Almere City FC,FC Den Bosch
openfootball/europe,https://raw.githubusercontent.com/openfootball/europe/7faa522aef63fa9a6fcb9d8189bd8bc52381e967/netherlands/2020-21_nl2.txt,7faa522aef63fa9a6fcb9d8189bd8bc52381e967,502,2026-09-04T07:12:27.858Z,Eerste Divisie,2020-21,2021-03-19,De Graafschap,SBV Excelsior,1,1,D,1,1,D,Matchday 29,source_reported_FT,De Graafschap,SBV Excelsior
openfootball/europe,https://raw.githubusercontent.com/openfootball/europe/7faa522aef63fa9a6fcb9d8189bd8bc52381e967/netherlands/2020-21_nl2.txt,7faa522aef63fa9a6fcb9d8189bd8bc52381e967,504,2026-09-04T07:12:27.858Z,Eerste Divisie,2020-21,2021-03-19,FC Volendam,NAC Breda,2,1,H,1,0,H,Matchday 29,source_reported_FT,FC Volendam,NAC Breda
openfootball/europe,https://raw.githubusercontent.com/openfootball/europe/7faa522aef63fa9a6fcb9d8189bd8bc52381e967/netherlands/2020-21_nl2.txt,7faa522aef63fa9a6fcb9d8189bd8bc52381e967,505,2026-09-04T07:12:27.858Z,Eerste Divisie,2020-21,2021-03-19,Go Ahead Eagles,FC Dordrecht,5,1,H,3,0,H,Matchday 29,source_reported_FT,Go Ahead Eagles,FC Dordrecht
openfootball/europe,https://raw.githubusercontent.com/openfootball/europe/7faa522aef63fa9a6fcb9d8189bd8bc52381e967/netherlands/2020-21_nl2.txt,7faa522aef63fa9a6fcb9d8189bd8bc52381e967,506,2026-09-04T07:12:27.858Z,Eerste Divisie,2020-21,2021-03-19,Helmond Sport,FC Utrecht J,2,1,H,1,0,H,Matchday 29,source_reported_FT,Helmond Sport,FC Utrecht J
openfootball/europe,https://raw.githubusercontent.com/openfootball/europe/7faa522aef63fa9a6fcb9d8189bd8bc52381e967/netherlands/2020-21_nl2.txt,7faa522aef63fa9a6fcb9d8189bd8bc52381e967,507,2026-09-04T07:12:27.858Z,Eerste Divisie,2020-21,2021-03-19,Jong Ajax,MVV,4,3,H,2,1,H,Matchday 29,source_reported_FT,Jong Ajax,MVV
openfootball/europe,https://raw.githubusercontent.com/openfootball/europe/7faa522aef63fa9a6fcb9d8189bd8bc52381e967/netherlands/2020-21_nl2.txt,7faa522aef63fa9a6fcb9d8189bd8bc52381e967,508,2026-09-04T07:12:27.858Z,Eerste Divisie,2020-21,2021-03-19,Jong PSV,AZ Alkmaar J,3,0,H,2,0,H,Matchday 29,source_reported_FT,Jong PSV,AZ Alkmaar J
openfootball/europe,https://raw.githubusercontent.com/openfootball/europe/7faa522aef63fa9a6fcb9d8189bd8bc52381e967/netherlands/2020-21_nl2.txt,7faa522aef63fa9a6fcb9d8189bd8bc52381e967,503,2026-09-04T07:12:27.858Z,Eerste Divisie,2020-21,2021-03-19,TOP Oss,NEC Nijmegen,2,1,H,0,1,A,Matchday 29,source_reported_FT,TOP Oss,NEC Nijmegen
openfootball/europe,https://raw.githubusercontent.com/openfootball/europe/7faa522aef63fa9a6fcb9d8189bd8bc52381e967/netherlands/2020-21_nl2.txt,7faa522aef63fa9a6fcb9d8189bd8bc52381e967,509,2026-09-04T07:12:27.858Z,Eerste Divisie,2020-21,2021-03-19,Telstar,Roda JC Kerkrade,3,1,H,1,1,D,Matchday 29,source_reported_FT,Telstar,Roda JC Kerkrade
openfootball/europe,https://raw.githubusercontent.com/openfootball/europe/7faa522aef63fa9a6fcb9d8189bd8bc52381e967/netherlands/2020-21_nl2.txt,7faa522aef63fa9a6fcb9d8189bd8bc52381e967,511,2026-09-04T07:12:27.858Z,Eerste Divisie,2020-21,2021-03-22,SC Cambuur,FC Eindhoven,3,0,H,0,0,D,Matchday 29,source_reported_FT,SC Cambuur,FC Eindhoven
openfootball/europe,https://raw.githubusercontent.com/openfootball/europe/7faa522aef63fa9a6fcb9d8189bd8bc52381e967/netherlands/2020-21_nl2.txt,7faa522aef63fa9a6fcb9d8189bd8bc52381e967,521,2026-09-04T07:12:27.858Z,Eerste Divisie,2020-21,2021-03-26,FC Eindhoven,TOP Oss,0,0,D,,,,Matchday 30,source_reported_FT,FC Eindhoven,TOP Oss
openfootball/europe,https://raw.githubusercontent.com/openfootball/europe/7faa522aef63fa9a6fcb9d8189bd8bc52381e967/netherlands/2020-21_nl2.txt,7faa522aef63fa9a6fcb9d8189bd8bc52381e967,520,2026-09-04T07:12:27.858Z,Eerste Divisie,2020-21,2021-03-26,MVV,Almere City FC,2,0,H,0,0,D,Matchday 30,source_reported_FT,MVV,Almere City FC
openfootball/europe,https://raw.githubusercontent.com/openfootball/europe/7faa522aef63fa9a6fcb9d8189bd8bc52381e967/netherlands/2020-21_nl2.txt,7faa522aef63fa9a6fcb9d8189bd8bc52381e967,525,2026-09-04T07:12:27.858Z,Eerste Divisie,2020-21,2021-03-28,NAC Breda,De Graafschap,3,1,H,1,1,D,Matchday 30,source_reported_FT,NAC Breda,De Graafschap
openfootball/europe,https://raw.githubusercontent.com/openfootball/europe/7faa522aef63fa9a6fcb9d8189bd8bc52381e967/netherlands/2020-21_nl2.txt,7faa522aef63fa9a6fcb9d8189bd8bc52381e967,524,2026-09-04T07:12:27.858Z,Eerste Divisie,2020-21,2021-03-28,Roda JC Kerkrade,SC Cambuur,3,1,H,1,0,H,Matchday 30,source_reported_FT,Roda JC Kerkrade,SC Cambuur
openfootball/europe,https://raw.githubusercontent.com/openfootball/europe/7faa522aef63fa9a6fcb9d8189bd8bc52381e967/netherlands/2020-21_nl2.txt,7faa522aef63fa9a6fcb9d8189bd8bc52381e967,523,2026-09-04T07:12:27.858Z,Eerste Divisie,2020-21,2021-03-28,SBV Excelsior,Helmond Sport,0,3,A,0,0,D,Matchday 30,source_reported_FT,SBV Excelsior,Helmond Sport
openfootball/europe,https://raw.githubusercontent.com/openfootball/europe/7faa522aef63fa9a6fcb9d8189bd8bc52381e967/netherlands/2020-21_nl2.txt,7faa522aef63fa9a6fcb9d8189bd8bc52381e967,528,2026-09-04T07:12:27.858Z,Eerste Divisie,2020-21,2021-03-29,FC Den Bosch,Go Ahead Eagles,3,3,D,0,2,A,Matchday 30,source_reported_FT,FC Den Bosch,Go Ahead Eagles
openfootball/europe,https://raw.githubusercontent.com/openfootball/europe/7faa522aef63fa9a6fcb9d8189bd8bc52381e967/netherlands/2020-21_nl2.txt,7faa522aef63fa9a6fcb9d8189bd8bc52381e967,527,2026-09-04T07:12:27.858Z,Eerste Divisie,2020-21,2021-03-29,FC Dordrecht,Telstar,1,0,H,0,0,D,Matchday 30,source_reported_FT,FC Dordrecht,Telstar
openfootball/europe,https://raw.githubusercontent.com/openfootball/europe/7faa522aef63fa9a6fcb9d8189bd8bc52381e967/netherlands/2020-21_nl2.txt,7faa522aef63fa9a6fcb9d8189bd8bc52381e967,534,2026-09-04T07:12:27.858Z,Eerste Divisie,2020-21,2021-04-02,Almere City FC,NEC Nijmegen,2,0,H,1,0,H,Matchday 31,source_reported_FT,Almere City FC,NEC Nijmegen
openfootball/europe,https://raw.githubusercontent.com/openfootball/europe/7faa522aef63fa9a6fcb9d8189bd8bc52381e967/netherlands/2020-21_nl2.txt,7faa522aef63fa9a6fcb9d8189bd8bc52381e967,535,2026-09-04T07:12:27.858Z,Eerste Divisie,2020-21,2021-04-02,De Graafschap,FC Dordrecht,0,3,A,0,1,A,Matchday 31,source_reported_FT,De Graafschap,FC Dordrecht
openfootball/europe,https://raw.githubusercontent.com/openfootball/europe/7faa522aef63fa9a6fcb9d8189bd8bc52381e967/netherlands/2020-21_nl2.txt,7faa522aef63fa9a6fcb9d8189bd8bc52381e967,536,2026-09-04T07:12:27.858Z,Eerste Divisie,2020-21,2021-04-02,FC Den Bosch,TOP Oss,1,0,H,0,0,D,Matchday 31,source_reported_FT,FC Den Bosch,TOP Oss
openfootball/europe,https://raw.githubusercontent.com/openfootball/europe/7faa522aef63fa9a6fcb9d8189bd8bc52381e967/netherlands/2020-21_nl2.txt,7faa522aef63fa9a6fcb9d8189bd8bc52381e967,538,2026-09-04T07:12:27.858Z,Eerste Divisie,2020-21,2021-04-02,FC Volendam,SC Cambuur,0,3,A,0,2,A,Matchday 31,source_reported_FT,FC Volendam,SC Cambuur
openfootball/europe,https://raw.githubusercontent.com/openfootball/europe/7faa522aef63fa9a6fcb9d8189bd8bc52381e967/netherlands/2020-21_nl2.txt,7faa522aef63fa9a6fcb9d8189bd8bc52381e967,533,2026-09-04T07:12:27.858Z,Eerste Divisie,2020-21,2021-04-02,Go Ahead Eagles,Roda JC Kerkrade,0,0,D,,,,Matchday 31,source_reported_FT,Go Ahead Eagles,Roda JC Kerkrade
openfootball/europe,https://raw.githubusercontent.com/openfootball/europe/7faa522aef63fa9a6fcb9d8189bd8bc52381e967/netherlands/2020-21_nl2.txt,7faa522aef63fa9a6fcb9d8189bd8bc52381e967,539,2026-09-04T07:12:27.858Z,Eerste Divisie,2020-21,2021-04-02,Helmond Sport,AZ Alkmaar J,2,0,H,1,0,H,Matchday 31,source_reported_FT,Helmond Sport,AZ Alkmaar J
openfootball/europe,https://raw.githubusercontent.com/openfootball/europe/7faa522aef63fa9a6fcb9d8189bd8bc52381e967/netherlands/2020-21_nl2.txt,7faa522aef63fa9a6fcb9d8189bd8bc52381e967,540,2026-09-04T07:12:27.858Z,Eerste Divisie,2020-21,2021-04-02,Jong Ajax,NAC Breda,1,1,D,0,0,D,Matchday 31,source_reported_FT,Jong Ajax,NAC Breda
openfootball/europe,https://raw.githubusercontent.com/openfootball/europe/7faa522aef63fa9a6fcb9d8189bd8bc52381e967/netherlands/2020-21_nl2.txt,7faa522aef63fa9a6fcb9d8189bd8bc52381e967,541,2026-09-04T07:12:27.858Z,Eerste Divisie,2020-21,2021-04-02,MVV,FC Eindhoven,2,0,H,0,0,D,Matchday 31,source_reported_FT,MVV,FC Eindhoven
openfootball/europe,https://raw.githubusercontent.com/openfootball/europe/7faa522aef63fa9a6fcb9d8189bd8bc52381e967/netherlands/2020-21_nl2.txt,7faa522aef63fa9a6fcb9d8189bd8bc52381e967,537,2026-09-04T07:12:27.858Z,Eerste Divisie,2020-21,2021-04-02,SBV Excelsior,Jong PSV,0,0,D,,,,Matchday 31,source_reported_FT,SBV Excelsior,Jong PSV
openfootball/europe,https://raw.githubusercontent.com/openfootball/europe/7faa522aef63fa9a6fcb9d8189bd8bc52381e967/netherlands/2020-21_nl2.txt,7faa522aef63fa9a6fcb9d8189bd8bc52381e967,542,2026-09-04T07:12:27.858Z,Eerste Divisie,2020-21,2021-04-02,Telstar,FC Utrecht J,2,3,A,1,2,A,Matchday 31,source_reported_FT,Telstar,FC Utrecht J
openfootball/europe,https://raw.githubusercontent.com/openfootball/europe/7faa522aef63fa9a6fcb9d8189bd8bc52381e967/netherlands/2020-21_nl2.txt,7faa522aef63fa9a6fcb9d8189bd8bc52381e967,551,2026-09-04T07:12:27.858Z,Eerste Divisie,2020-21,2021-04-05,AZ Alkmaar J,FC Den Bosch,2,1,H,1,0,H,Matchday 32,source_reported_FT,AZ Alkmaar J,FC Den Bosch
openfootball/europe,https://raw.githubusercontent.com/openfootball/europe/7faa522aef63fa9a6fcb9d8189bd8bc52381e967/netherlands/2020-21_nl2.txt,7faa522aef63fa9a6fcb9d8189bd8bc52381e967,548,2026-09-04T07:12:27.858Z,Eerste Divisie,2020-21,2021-04-05,FC Dordrecht,FC Eindhoven,1,5,A,1,2,A,Matchday 32,source_reported_FT,FC Dordrecht,FC Eindhoven
openfootball/europe,https://raw.githubusercontent.com/openfootball/europe/7faa522aef63fa9a6fcb9d8189bd8bc52381e967/netherlands/2020-21_nl2.txt,7faa522aef63fa9a6fcb9d8189bd8bc52381e967,552,2026-09-04T07:12:27.858Z,Eerste Divisie,2020-21,2021-04-05,FC Utrecht J,De Graafschap,0,1,A,0,1,A,Matchday 32,source_reported_FT,FC Utrecht J,De Graafschap
openfootball/europe,https://raw.githubusercontent.com/openfootball/europe/7faa522aef63fa9a6fcb9d8189bd8bc52381e967/netherlands/2020-21_nl2.txt,7faa522aef63fa9a6fcb9d8189bd8bc52381e967,550,2026-09-04T07:12:27.858Z,Eerste Divisie,2020-21,2021-04-05,Helmond Sport,Jong Ajax,1,1,D,0,0,D,Matchday 32,source_reported_FT,Helmond Sport,Jong Ajax
openfootball/europe,https://raw.githubusercontent.com/openfootball/europe/7faa522aef63fa9a6fcb9d8189bd8bc52381e967/netherlands/2020-21_nl2.txt,7faa522aef63fa9a6fcb9d8189bd8bc52381e967,553,2026-09-04T07:12:27.858Z,Eerste Divisie,2020-21,2021-04-05,Jong PSV,MVV,3,1,H,1,0,H,Matchday 32,source_reported_FT,Jong PSV,MVV
openfootball/europe,https://raw.githubusercontent.com/openfootball/europe/7faa522aef63fa9a6fcb9d8189bd8bc52381e967/netherlands/2020-21_nl2.txt,7faa522aef63fa9a6fcb9d8189bd8bc52381e967,554,2026-09-04T07:12:27.858Z,Eerste Divisie,2020-21,2021-04-05,NAC Breda,Go Ahead Eagles,0,1,A,0,1,A,Matchday 32,source_reported_FT,NAC Breda,Go Ahead Eagles
openfootball/europe,https://raw.githubusercontent.com/openfootball/europe/7faa522aef63fa9a6fcb9d8189bd8bc52381e967/netherlands/2020-21_nl2.txt,7faa522aef63fa9a6fcb9d8189bd8bc52381e967,547,2026-09-04T07:12:27.858Z,Eerste Divisie,2020-21,2021-04-05,NEC Nijmegen,Telstar,1,1,D,1,0,H,Matchday 32,source_reported_FT,NEC Nijmegen,Telstar
openfootball/europe,https://raw.githubusercontent.com/openfootball/europe/7faa522aef63fa9a6fcb9d8189bd8bc52381e967/netherlands/2020-21_nl2.txt,7faa522aef63fa9a6fcb9d8189bd8bc52381e967,556,2026-09-04T07:12:27.858Z,Eerste Divisie,2020-21,2021-04-05,Roda JC Kerkrade,Almere City FC,0,0,D,,,,Matchday 32,source_reported_FT,Roda JC Kerkrade,Almere City FC
openfootball/europe,https://raw.githubusercontent.com/openfootball/europe/7faa522aef63fa9a6fcb9d8189bd8bc52381e967/netherlands/2020-21_nl2.txt,7faa522aef63fa9a6fcb9d8189bd8bc52381e967,555,2026-09-04T07:12:27.858Z,Eerste Divisie,2020-21,2021-04-05,SC Cambuur,SBV Excelsior,7,2,H,1,1,D,Matchday 32,source_reported_FT,SC Cambuur,SBV Excelsior
openfootball/europe,https://raw.githubusercontent.com/openfootball/europe/7faa522aef63fa9a6fcb9d8189bd8bc52381e967/netherlands/2020-21_nl2.txt,7faa522aef63fa9a6fcb9d8189bd8bc52381e967,549,2026-09-04T07:12:27.858Z,Eerste Divisie,2020-21,2021-04-05,TOP Oss,FC Volendam,2,0,H,1,0,H,Matchday 32,source_reported_FT,TOP Oss,FC Volendam
openfootball/europe,https://raw.githubusercontent.com/openfootball/europe/7faa522aef63fa9a6fcb9d8189bd8bc52381e967/netherlands/2020-21_nl2.txt,7faa522aef63fa9a6fcb9d8189bd8bc52381e967,562,2026-09-04T07:12:27.858Z,Eerste Divisie,2020-21,2021-04-09,FC Den Bosch,SC Cambuur,3,5,A,2,2,D,Matchday 33,source_reported_FT,FC Den Bosch,SC Cambuur
openfootball/europe,https://raw.githubusercontent.com/openfootball/europe/7faa522aef63fa9a6fcb9d8189bd8bc52381e967/netherlands/2020-21_nl2.txt,7faa522aef63fa9a6fcb9d8189bd8bc52381e967,563,2026-09-04T07:12:27.858Z,Eerste Divisie,2020-21,2021-04-09,FC Eindhoven,Jong PSV,0,2,A,0,1,A,Matchday 33,source_reported_FT,FC Eindhoven,Jong PSV
openfootball/europe,https://raw.githubusercontent.com/openfootball/europe/7faa522aef63fa9a6fcb9d8189bd8bc52381e967/netherlands/2020-21_nl2.txt,7faa522aef63fa9a6fcb9d8189bd8bc52381e967,565,2026-09-04T07:12:27.858Z,Eerste Divisie,2020-21,2021-04-09,FC Volendam,Helmond Sport,5,1,H,0,1,A,Matchday 33,source_reported_FT,FC Volendam,Helmond Sport
openfootball/europe,https://raw.githubusercontent.com/openfootball/europe/7faa522aef63fa9a6fcb9d8189bd8bc52381e967/netherlands/2020-21_nl2.txt,7faa522aef63fa9a6fcb9d8189bd8bc52381e967,566,2026-09-04T07:12:27.858Z,Eerste Divisie,2020-21,2021-04-09,Jong Ajax,TOP Oss,0,1,A,0,0,D,Matchday 33,source_reported_FT,Jong Ajax,TOP Oss
openfootball/europe,https://raw.githubusercontent.com/openfootball/europe/7faa522aef63fa9a6fcb9d8189bd8bc52381e967/netherlands/2020-21_nl2.txt,7faa522aef63fa9a6fcb9d8189bd8bc52381e967,561,2026-09-04T07:12:27.858Z,Eerste Divisie,2020-21,2021-04-09,NAC Breda,FC Utrecht J,3,1,H,1,0,H,Matchday 33,source_reported_FT,NAC Breda,FC Utrecht J
openfootball/europe,https://raw.githubusercontent.com/openfootball/europe/7faa522aef63fa9a6fcb9d8189bd8bc52381e967/netherlands/2020-21_nl2.txt,7faa522aef63fa9a6fcb9d8189bd8bc52381e967,564,2026-09-04T07:12:27.858Z,Eerste Divisie,2020-21,2021-04-09,SBV Excelsior,NEC Nijmegen,2,1,H,0,1,A,Matchday 33,source_reported_FT,SBV Excelsior,NEC Nijmegen
openfootball/europe,https://raw.githubusercontent.com/openfootball/europe/7faa522aef63fa9a6fcb9d8189bd8bc52381e967/netherlands/2020-21_nl2.txt,7faa522aef63fa9a6fcb9d8189bd8bc52381e967,568,2026-09-04T07:12:27.858Z,Eerste Divisie,2020-21,2021-04-11,De Graafschap,Go Ahead Eagles,1,0,H,0,0,D,Matchday 33,source_reported_FT,De Graafschap,Go Ahead Eagles
openfootball/europe,https://raw.githubusercontent.com/openfootball/europe/7faa522aef63fa9a6fcb9d8189bd8bc52381e967/netherlands/2020-21_nl2.txt,7faa522aef63fa9a6fcb9d8189bd8bc52381e967,572,2026-09-04T07:12:27.858Z,Eerste Divisie,2020-21,2021-04-12,AZ Alkmaar J,FC Dordrecht,4,0,H,2,0,H,Matchday 33,source_reported_FT,AZ Alkmaar J,FC Dordrecht
openfootball/europe,https://raw.githubusercontent.com/openfootball/europe/7faa522aef63fa9a6fcb9d8189bd8bc52381e967/netherlands/2020-21_nl2.txt,7faa522aef63fa9a6fcb9d8189bd8bc52381e967,570,2026-09-04T07:12:27.858Z,Eerste Divisie,2020-21,2021-04-12,Almere City FC,Telstar,1,1,D,0,1,A,Matchday 33,source_reported_FT,Almere City FC,Telstar
openfootball/europe,https://raw.githubusercontent.com/openfootball/europe/7faa522aef63fa9a6fcb9d8189bd8bc52381e967/netherlands/2020-21_nl2.txt,7faa522aef63fa9a6fcb9d8189bd8bc52381e967,571,2026-09-04T07:12:27.858Z,Eerste Divisie,2020-21,2021-04-12,MVV,Roda JC Kerkrade,2,4,A,2,3,A,Matchday 33,source_reported_FT,MVV,Roda JC Kerkrade
openfootball/europe,https://raw.githubusercontent.com/openfootball/europe/7faa522aef63fa9a6fcb9d8189bd8bc52381e967/netherlands/2020-21_nl2.txt,7faa522aef63fa9a6fcb9d8189bd8bc52381e967,578,2026-09-04T07:12:27.858Z,Eerste Divisie,2020-21,2021-04-16,FC Dordrecht,FC Den Bosch,2,6,A,0,3,A,Matchday 34,source_reported_FT,FC Dordrecht,FC Den Bosch
openfootball/europe,https://raw.githubusercontent.com/openfootball/europe/7faa522aef63fa9a6fcb9d8189bd8bc52381e967/netherlands/2020-21_nl2.txt,7faa522aef63fa9a6fcb9d8189bd8bc52381e967,579,2026-09-04T07:12:27.858Z,Eerste Divisie,2020-21,2021-04-16,FC Eindhoven,Jong Ajax,3,0,H,0,0,D,Matchday 34,source_reported_FT,FC Eindhoven,Jong Ajax
openfootball/europe,https://raw.githubusercontent.com/openfootball/europe/7faa522aef63fa9a6fcb9d8189bd8bc52381e967/netherlands/2020-21_nl2.txt,7faa522aef63fa9a6fcb9d8189bd8bc52381e967,581,2026-09-04T07:12:27.858Z,Eerste Divisie,2020-21,2021-04-16,FC Utrecht J,FC Volendam,2,3,A,2,2,D,Matchday 34,source_reported_FT,FC Utrecht J,FC Volendam
openfootball/europe,https://raw.githubusercontent.com/openfootball/europe/7faa522aef63fa9a6fcb9d8189bd8bc52381e967/netherlands/2020-21_nl2.txt,7faa522aef63fa9a6fcb9d8189bd8bc52381e967,577,2026-09-04T07:12:27.858Z,Eerste Divisie,2020-21,2021-04-16,NEC Nijmegen,AZ Alkmaar J,3,2,H,0,1,A,Matchday 34,source_reported_FT,NEC Nijmegen,AZ Alkmaar J
openfootball/europe,https://raw.githubusercontent.com/openfootball/europe/7faa522aef63fa9a6fcb9d8189bd8bc52381e967/netherlands/2020-21_nl2.txt,7faa522aef63fa9a6fcb9d8189bd8bc52381e967,582,2026-09-04T07:12:27.858Z,Eerste Divisie,2020-21,2021-04-16,Roda JC Kerkrade,NAC Breda,3,3,D,2,2,D,Matchday 34,source_reported_FT,Roda JC Kerkrade,NAC Breda
openfootball/europe,https://raw.githubusercontent.com/openfootball/europe/7faa522aef63fa9a6fcb9d8189bd8bc52381e967/netherlands/2020-21_nl2.txt,7faa522aef63fa9a6fcb9d8189bd8bc52381e967,583,2026-09-04T07:12:27.858Z,Eerste Divisie,2020-21,2021-04-16,SC Cambuur,Helmond Sport,4,1,H,2,1,H,Matchday 34,source_reported_FT,SC Cambuur,Helmond Sport
openfootball/europe,https://raw.githubusercontent.com/openfootball/europe/7faa522aef63fa9a6fcb9d8189bd8bc52381e967/netherlands/2020-21_nl2.txt,7faa522aef63fa9a6fcb9d8189bd8bc52381e967,580,2026-09-04T07:12:27.858Z,Eerste Divisie,2020-21,2021-04-16,TOP Oss,MVV,2,2,D,1,1,D,Matchday 34,source_reported_FT,TOP Oss,MVV
openfootball/europe,https://raw.githubusercontent.com/openfootball/europe/7faa522aef63fa9a6fcb9d8189bd8bc52381e967/netherlands/2020-21_nl2.txt,7faa522aef63fa9a6fcb9d8189bd8bc52381e967,584,2026-09-04T07:12:27.858Z,Eerste Divisie,2020-21,2021-04-16,Telstar,SBV Excelsior,1,1,D,1,0,H,Matchday 34,source_reported_FT,Telstar,SBV Excelsior
openfootball/europe,https://raw.githubusercontent.com/openfootball/europe/7faa522aef63fa9a6fcb9d8189bd8bc52381e967/netherlands/2020-21_nl2.txt,7faa522aef63fa9a6fcb9d8189bd8bc52381e967,586,2026-09-04T07:12:27.858Z,Eerste Divisie,2020-21,2021-04-17,Go Ahead Eagles,Almere City FC,3,0,H,1,0,H,Matchday 34,source_reported_FT,Go Ahead Eagles,Almere City FC
openfootball/europe,https://raw.githubusercontent.com/openfootball/europe/7faa522aef63fa9a6fcb9d8189bd8bc52381e967/netherlands/2020-21_nl2.txt,7faa522aef63fa9a6fcb9d8189bd8bc52381e967,588,2026-09-04T07:12:27.858Z,Eerste Divisie,2020-21,2021-04-19,Jong PSV,De Graafschap,0,2,A,0,2,A,Matchday 34,source_reported_FT,Jong PSV,De Graafschap
openfootball/europe,https://raw.githubusercontent.com/openfootball/europe/7faa522aef63fa9a6fcb9d8189bd8bc52381e967/netherlands/2020-21_nl2.txt,7faa522aef63fa9a6fcb9d8189bd8bc52381e967,599,2026-09-04T07:12:27.858Z,Eerste Divisie,2020-21,2021-04-23,AZ Alkmaar J,SC Cambuur,2,4,A,0,4,A,Matchday 35,source_reported_FT,AZ Alkmaar J,SC Cambuur
openfootball/europe,https://raw.githubusercontent.com/openfootball/europe/7faa522aef63fa9a6fcb9d8189bd8bc52381e967/netherlands/2020-21_nl2.txt,7faa522aef63fa9a6fcb9d8189bd8bc52381e967,595,2026-09-04T07:12:27.858Z,Eerste Divisie,2020-21,2021-04-23,De Graafschap,Almere City FC,2,2,D,1,1,D,Matchday 35,source_reported_FT,De Graafschap,Almere City FC
openfootball/europe,https://raw.githubusercontent.com/openfootball/europe/7faa522aef63fa9a6fcb9d8189bd8bc52381e967/netherlands/2020-21_nl2.txt,7faa522aef63fa9a6fcb9d8189bd8bc52381e967,596,2026-09-04T07:12:27.858Z,Eerste Divisie,2020-21,2021-04-23,FC Den Bosch,Roda JC Kerkrade,7,0,H,4,0,H,Matchday 35,source_reported_FT,FC Den Bosch,Roda JC Kerkrade
openfootball/europe,https://raw.githubusercontent.com/openfootball/europe/7faa522aef63fa9a6fcb9d8189bd8bc52381e967/netherlands/2020-21_nl2.txt,7faa522aef63fa9a6fcb9d8189bd8bc52381e967,597,2026-09-04T07:12:27.858Z,Eerste Divisie,2020-21,2021-04-23,FC Dordrecht,MVV,0,1,A,0,0,D,Matchday 35,source_reported_FT,FC Dordrecht,MVV
openfootball/europe,https://raw.githubusercontent.com/openfootball/europe/7faa522aef63fa9a6fcb9d8189bd8bc52381e967/netherlands/2020-21_nl2.txt,7faa522aef63fa9a6fcb9d8189bd8bc52381e967,600,2026-09-04T07:12:27.858Z,Eerste Divisie,2020-21,2021-04-23,FC Utrecht J,Go Ahead Eagles,0,1,A,0,1,A,Matchday 35,source_reported_FT,FC Utrecht J,Go Ahead Eagles
openfootball/europe,https://raw.githubusercontent.com/openfootball/europe/7faa522aef63fa9a6fcb9d8189bd8bc52381e967/netherlands/2020-21_nl2.txt,7faa522aef63fa9a6fcb9d8189bd8bc52381e967,593,2026-09-04T07:12:27.858Z,Eerste Divisie,2020-21,2021-04-23,Helmond Sport,FC Eindhoven,1,0,H,0,0,D,Matchday 35,source_reported_FT,Helmond Sport,FC Eindhoven
openfootball/europe,https://raw.githubusercontent.com/openfootball/europe/7faa522aef63fa9a6fcb9d8189bd8bc52381e967/netherlands/2020-21_nl2.txt,7faa522aef63fa9a6fcb9d8189bd8bc52381e967,598,2026-09-04T07:12:27.858Z,Eerste Divisie,2020-21,2021-04-23,Jong Ajax,NEC Nijmegen,0,1,A,0,1,A,Matchday 35,source_reported_FT,Jong Ajax,NEC Nijmegen
openfootball/europe,https://raw.githubusercontent.com/openfootball/europe/7faa522aef63fa9a6fcb9d8189bd8bc52381e967/netherlands/2020-21_nl2.txt,7faa522aef63fa9a6fcb9d8189bd8bc52381e967,594,2026-09-04T07:12:27.858Z,Eerste Divisie,2020-21,2021-04-23,NAC Breda,SBV Excelsior,1,2,A,1,0,H,Matchday 35,source_reported_FT,NAC Breda,SBV Excelsior
openfootball/europe,https://raw.githubusercontent.com/openfootball/europe/7faa522aef63fa9a6fcb9d8189bd8bc52381e967/netherlands/2020-21_nl2.txt,7faa522aef63fa9a6fcb9d8189bd8bc52381e967,602,2026-09-04T07:12:27.858Z,Eerste Divisie,2020-21,2021-04-25,FC Volendam,Telstar,2,0,H,1,0,H,Matchday 35,source_reported_FT,FC Volendam,Telstar
openfootball/europe,https://raw.githubusercontent.com/openfootball/europe/7faa522aef63fa9a6fcb9d8189bd8bc52381e967/netherlands/2020-21_nl2.txt,7faa522aef63fa9a6fcb9d8189bd8bc52381e967,609,2026-09-04T07:12:27.858Z,Eerste Divisie,2020-21,2021-04-30,Almere City FC,Jong Ajax,1,0,H,0,0,D,Matchday 36,source_reported_FT,Almere City FC,Jong Ajax
openfootball/europe,https://raw.githubusercontent.com/openfootball/europe/7faa522aef63fa9a6fcb9d8189bd8bc52381e967/netherlands/2020-21_nl2.txt,7faa522aef63fa9a6fcb9d8189bd8bc52381e967,610,2026-09-04T07:12:27.858Z,Eerste Divisie,2020-21,2021-04-30,FC Eindhoven,FC Den Bosch,1,0,H,0,0,D,Matchday 36,source_reported_FT,FC Eindhoven,FC Den Bosch
openfootball/europe,https://raw.githubusercontent.com/openfootball/europe/7faa522aef63fa9a6fcb9d8189bd8bc52381e967/netherlands/2020-21_nl2.txt,7faa522aef63fa9a6fcb9d8189bd8bc52381e967,613,2026-09-04T07:12:27.858Z,Eerste Divisie,2020-21,2021-04-30,MVV,FC Volendam,2,2,D,0,2,A,Matchday 36,source_reported_FT,MVV,FC Volendam
openfootball/europe,https://raw.githubusercontent.com/openfootball/europe/7faa522aef63fa9a6fcb9d8189bd8bc52381e967/netherlands/2020-21_nl2.txt,7faa522aef63fa9a6fcb9d8189bd8bc52381e967,614,2026-09-04T07:12:27.858Z,Eerste Divisie,2020-21,2021-04-30,Roda JC Kerkrade,AZ Alkmaar J,0,1,A,0,0,D,Matchday 36,source_reported_FT,Roda JC Kerkrade,AZ Alkmaar J
openfootball/europe,https://raw.githubusercontent.com/openfootball/europe/7faa522aef63fa9a6fcb9d8189bd8bc52381e967/netherlands/2020-21_nl2.txt,7faa522aef63fa9a6fcb9d8189bd8bc52381e967,611,2026-09-04T07:12:27.858Z,Eerste Divisie,2020-21,2021-04-30,SBV Excelsior,FC Dordrecht,3,0,H,2,0,H,Matchday 36,source_reported_FT,SBV Excelsior,FC Dordrecht
openfootball/europe,https://raw.githubusercontent.com/openfootball/europe/7faa522aef63fa9a6fcb9d8189bd8bc52381e967/netherlands/2020-21_nl2.txt,7faa522aef63fa9a6fcb9d8189bd8bc52381e967,615,2026-09-04T07:12:27.858Z,Eerste Divisie,2020-21,2021-04-30,SC Cambuur,De Graafschap,1,1,D,0,1,A,Matchday 36,source_reported_FT,SC Cambuur,De Graafschap
openfootball/europe,https://raw.githubusercontent.com/openfootball/europe/7faa522aef63fa9a6fcb9d8189bd8bc52381e967/netherlands/2020-21_nl2.txt,7faa522aef63fa9a6fcb9d8189bd8bc52381e967,612,2026-09-04T07:12:27.858Z,Eerste Divisie,2020-21,2021-04-30,TOP Oss,FC Utrecht J,0,4,A,0,2,A,Matchday 36,source_reported_FT,TOP Oss,FC Utrecht J
openfootball/europe,https://raw.githubusercontent.com/openfootball/europe/7faa522aef63fa9a6fcb9d8189bd8bc52381e967/netherlands/2020-21_nl2.txt,7faa522aef63fa9a6fcb9d8189bd8bc52381e967,616,2026-09-04T07:12:27.858Z,Eerste Divisie,2020-21,2021-04-30,Telstar,Jong PSV,2,2,D,1,1,D,Matchday 36,source_reported_FT,Telstar,Jong PSV
openfootball/europe,https://raw.githubusercontent.com/openfootball/europe/7faa522aef63fa9a6fcb9d8189bd8bc52381e967/netherlands/2020-21_nl2.txt,7faa522aef63fa9a6fcb9d8189bd8bc52381e967,618,2026-09-04T07:12:27.858Z,Eerste Divisie,2020-21,2021-05-02,Go Ahead Eagles,Helmond Sport,5,1,H,1,1,D,Matchday 36,source_reported_FT,Go Ahead Eagles,Helmond Sport
openfootball/europe,https://raw.githubusercontent.com/openfootball/europe/7faa522aef63fa9a6fcb9d8189bd8bc52381e967/netherlands/2020-21_nl2.txt,7faa522aef63fa9a6fcb9d8189bd8bc52381e967,604,2026-09-04T07:12:27.858Z,Eerste Divisie,2020-21,2021-05-03,Jong PSV,TOP Oss,0,0,D,,,,Matchday 35,source_reported_FT,Jong PSV,TOP Oss
openfootball/europe,https://raw.githubusercontent.com/openfootball/europe/7faa522aef63fa9a6fcb9d8189bd8bc52381e967/netherlands/2020-21_nl2.txt,7faa522aef63fa9a6fcb9d8189bd8bc52381e967,620,2026-09-04T07:12:27.858Z,Eerste Divisie,2020-21,2021-05-03,NEC Nijmegen,NAC Breda,0,2,A,0,2,A,Matchday 36,source_reported_FT,NEC Nijmegen,NAC Breda
openfootball/europe,https://raw.githubusercontent.com/openfootball/europe/7faa522aef63fa9a6fcb9d8189bd8bc52381e967/netherlands/2020-21_nl2.txt,7faa522aef63fa9a6fcb9d8189bd8bc52381e967,630,2026-09-04T07:12:27.858Z,Eerste Divisie,2020-21,2021-05-07,AZ Alkmaar J,SBV Excelsior,2,1,H,2,1,H,Matchday 37,source_reported_FT,AZ Alkmaar J,SBV Excelsior
openfootball/europe,https://raw.githubusercontent.com/openfootball/europe/7faa522aef63fa9a6fcb9d8189bd8bc52381e967/netherlands/2020-21_nl2.txt,7faa522aef63fa9a6fcb9d8189bd8bc52381e967,625,2026-09-04T07:12:27.858Z,Eerste Divisie,2020-21,2021-05-07,FC Den Bosch,Telstar,4,1,H,2,0,H,Matchday 37,source_reported_FT,FC Den Bosch,Telstar
openfootball/europe,https://raw.githubusercontent.com/openfootball/europe/7faa522aef63fa9a6fcb9d8189bd8bc52381e967/netherlands/2020-21_nl2.txt,7faa522aef63fa9a6fcb9d8189bd8bc52381e967,626,2026-09-04T07:12:27.858Z,Eerste Divisie,2020-21,2021-05-07,FC Dordrecht,SC Cambuur,0,1,A,0,1,A,Matchday 37,source_reported_FT,FC Dordrecht,SC Cambuur
openfootball/europe,https://raw.githubusercontent.com/openfootball/europe/7faa522aef63fa9a6fcb9d8189bd8bc52381e967/netherlands/2020-21_nl2.txt,7faa522aef63fa9a6fcb9d8189bd8bc52381e967,631,2026-09-04T07:12:27.858Z,Eerste Divisie,2020-21,2021-05-07,FC Utrecht J,Almere City FC,1,3,A,0,2,A,Matchday 37,source_reported_FT,FC Utrecht J,Almere City FC
openfootball/europe,https://raw.githubusercontent.com/openfootball/europe/7faa522aef63fa9a6fcb9d8189bd8bc52381e967/netherlands/2020-21_nl2.txt,7faa522aef63fa9a6fcb9d8189bd8bc52381e967,627,2026-09-04T07:12:27.858Z,Eerste Divisie,2020-21,2021-05-07,Go Ahead Eagles,NEC Nijmegen,2,1,H,2,1,H,Matchday 37,source_reported_FT,Go Ahead Eagles,NEC Nijmegen
openfootball/europe,https://raw.githubusercontent.com/openfootball/europe/7faa522aef63fa9a6fcb9d8189bd8bc52381e967/netherlands/2020-21_nl2.txt,7faa522aef63fa9a6fcb9d8189bd8bc52381e967,628,2026-09-04T07:12:27.858Z,Eerste Divisie,2020-21,2021-05-07,Helmond Sport,TOP Oss,1,1,D,0,1,A,Matchday 37,source_reported_FT,Helmond Sport,TOP Oss
openfootball/europe,https://raw.githubusercontent.com/openfootball/europe/7faa522aef63fa9a6fcb9d8189bd8bc52381e967/netherlands/2020-21_nl2.txt,7faa522aef63fa9a6fcb9d8189bd8bc52381e967,629,2026-09-04T07:12:27.858Z,Eerste Divisie,2020-21,2021-05-07,Jong Ajax,De Graafschap,1,1,D,1,0,H,Matchday 37,source_reported_FT,Jong Ajax,De Graafschap
openfootball/europe,https://raw.githubusercontent.com/openfootball/europe/7faa522aef63fa9a6fcb9d8189bd8bc52381e967/netherlands/2020-21_nl2.txt,7faa522aef63fa9a6fcb9d8189bd8bc52381e967,632,2026-09-04T07:12:27.858Z,Eerste Divisie,2020-21,2021-05-07,Jong PSV,FC Volendam,0,1,A,0,0,D,Matchday 37,source_reported_FT,Jong PSV,FC Volendam
openfootball/europe,https://raw.githubusercontent.com/openfootball/europe/7faa522aef63fa9a6fcb9d8189bd8bc52381e967/netherlands/2020-21_nl2.txt,7faa522aef63fa9a6fcb9d8189bd8bc52381e967,633,2026-09-04T07:12:27.858Z,Eerste Divisie,2020-21,2021-05-07,NAC Breda,MVV,2,0,H,1,0,H,Matchday 37,source_reported_FT,NAC Breda,MVV
openfootball/europe,https://raw.githubusercontent.com/openfootball/europe/7faa522aef63fa9a6fcb9d8189bd8bc52381e967/netherlands/2020-21_nl2.txt,7faa522aef63fa9a6fcb9d8189bd8bc52381e967,634,2026-09-04T07:12:27.858Z,Eerste Divisie,2020-21,2021-05-07,Roda JC Kerkrade,FC Eindhoven,2,1,H,0,1,A,Matchday 37,source_reported_FT,Roda JC Kerkrade,FC Eindhoven
openfootball/europe,https://raw.githubusercontent.com/openfootball/europe/7faa522aef63fa9a6fcb9d8189bd8bc52381e967/netherlands/2020-21_nl2.txt,7faa522aef63fa9a6fcb9d8189bd8bc52381e967,639,2026-09-04T07:12:27.858Z,Eerste Divisie,2020-21,2021-05-12,Almere City FC,Jong PSV,1,1,D,0,0,D,Matchday 38,source_reported_FT,Almere City FC,Jong PSV
openfootball/europe,https://raw.githubusercontent.com/openfootball/europe/7faa522aef63fa9a6fcb9d8189bd8bc52381e967/netherlands/2020-21_nl2.txt,7faa522aef63fa9a6fcb9d8189bd8bc52381e967,640,2026-09-04T07:12:27.858Z,Eerste Divisie,2020-21,2021-05-12,De Graafschap,Helmond Sport,0,0,D,,,,Matchday 38,source_reported_FT,De Graafschap,Helmond Sport
openfootball/europe,https://raw.githubusercontent.com/openfootball/europe/7faa522aef63fa9a6fcb9d8189bd8bc52381e967/netherlands/2020-21_nl2.txt,7faa522aef63fa9a6fcb9d8189bd8bc52381e967,641,2026-09-04T07:12:27.858Z,Eerste Divisie,2020-21,2021-05-12,FC Eindhoven,FC Utrecht J,2,2,D,2,1,H,Matchday 38,source_reported_FT,FC Eindhoven,FC Utrecht J
openfootball/europe,https://raw.githubusercontent.com/openfootball/europe/7faa522aef63fa9a6fcb9d8189bd8bc52381e967/netherlands/2020-21_nl2.txt,7faa522aef63fa9a6fcb9d8189bd8bc52381e967,644,2026-09-04T07:12:27.858Z,Eerste Divisie,2020-21,2021-05-12,FC Volendam,AZ Alkmaar J,2,1,H,0,0,D,Matchday 38,source_reported_FT,FC Volendam,AZ Alkmaar J
openfootball/europe,https://raw.githubusercontent.com/openfootball/europe/7faa522aef63fa9a6fcb9d8189bd8bc52381e967/netherlands/2020-21_nl2.txt,7faa522aef63fa9a6fcb9d8189bd8bc52381e967,645,2026-09-04T07:12:27.858Z,Eerste Divisie,2020-21,2021-05-12,MVV,FC Den Bosch,3,1,H,1,0,H,Matchday 38,source_reported_FT,MVV,FC Den Bosch
openfootball/europe,https://raw.githubusercontent.com/openfootball/europe/7faa522aef63fa9a6fcb9d8189bd8bc52381e967/netherlands/2020-21_nl2.txt,7faa522aef63fa9a6fcb9d8189bd8bc52381e967,646,2026-09-04T07:12:27.858Z,Eerste Divisie,2020-21,2021-05-12,NEC Nijmegen,FC Dordrecht,2,1,H,1,1,D,Matchday 38,source_reported_FT,NEC Nijmegen,FC Dordrecht
openfootball/europe,https://raw.githubusercontent.com/openfootball/europe/7faa522aef63fa9a6fcb9d8189bd8bc52381e967/netherlands/2020-21_nl2.txt,7faa522aef63fa9a6fcb9d8189bd8bc52381e967,642,2026-09-04T07:12:27.858Z,Eerste Divisie,2020-21,2021-05-12,SBV Excelsior,Go Ahead Eagles,0,1,A,0,0,D,Matchday 38,source_reported_FT,SBV Excelsior,Go Ahead Eagles
openfootball/europe,https://raw.githubusercontent.com/openfootball/europe/7faa522aef63fa9a6fcb9d8189bd8bc52381e967/netherlands/2020-21_nl2.txt,7faa522aef63fa9a6fcb9d8189bd8bc52381e967,647,2026-09-04T07:12:27.858Z,Eerste Divisie,2020-21,2021-05-12,SC Cambuur,NAC Breda,3,2,H,0,1,A,Matchday 38,source_reported_FT,SC Cambuur,NAC Breda
openfootball/europe,https://raw.githubusercontent.com/openfootball/europe/7faa522aef63fa9a6fcb9d8189bd8bc52381e967/netherlands/2020-21_nl2.txt,7faa522aef63fa9a6fcb9d8189bd8bc52381e967,643,2026-09-04T07:12:27.858Z,Eerste Divisie,2020-21,2021-05-12,TOP Oss,Roda JC Kerkrade,2,0,H,1,0,H,Matchday 38,source_reported_FT,TOP Oss,Roda JC Kerkrade
openfootball/europe,https://raw.githubusercontent.com/openfootball/europe/7faa522aef63fa9a6fcb9d8189bd8bc52381e967/netherlands/2020-21_nl2.txt,7faa522aef63fa9a6fcb9d8189bd8bc52381e967,648,2026-09-04T07:12:27.858Z,Eerste Divisie,2020-21,2021-05-12,Telstar,Jong Ajax,1,2,A,0,1,A,Matchday 38,source_reported_FT,Telstar,Jong Ajax
openfootball/europe,https://raw.githubusercontent.com/openfootball/europe/7faa522aef63fa9a6fcb9d8189bd8bc52381e967/netherlands/2021-22_nl2.txt,7faa522aef63fa9a6fcb9d8189bd8bc52381e967,11,2026-09-04T07:12:32.881Z,Eerste Divisie,2021-22,2021-08-06,FC Den Bosch,Helmond Sport,2,0,H,0,0,D,Matchday 1,source_reported_FT,FC Den Bosch,Helmond Sport
openfootball/europe,https://raw.githubusercontent.com/openfootball/europe/7faa522aef63fa9a6fcb9d8189bd8bc52381e967/netherlands/2021-22_nl2.txt,7faa522aef63fa9a6fcb9d8189bd8bc52381e967,12,2026-09-04T07:12:32.881Z,Eerste Divisie,2021-22,2021-08-06,FC Dordrecht,Jong PSV,1,1,D,0,1,A,Matchday 1,source_reported_FT,FC Dordrecht,Jong PSV
openfootball/europe,https://raw.githubusercontent.com/openfootball/europe/7faa522aef63fa9a6fcb9d8189bd8bc52381e967/netherlands/2021-22_nl2.txt,7faa522aef63fa9a6fcb9d8189bd8bc52381e967,13,2026-09-04T07:12:32.881Z,Eerste Divisie,2021-22,2021-08-06,FC Eindhoven,FC Volendam,2,2,D,1,2,A,Matchday 1,source_reported_FT,FC Eindhoven,FC Volendam
openfootball/europe,https://raw.githubusercontent.com/openfootball/europe/7faa522aef63fa9a6fcb9d8189bd8bc52381e967/netherlands/2021-22_nl2.txt,7faa522aef63fa9a6fcb9d8189bd8bc52381e967,14,2026-09-04T07:12:32.881Z,Eerste Divisie,2021-22,2021-08-06,SBV Excelsior,TOP Oss,0,1,A,0,1,A,Matchday 1,source_reported_FT,SBV Excelsior,TOP Oss
openfootball/europe,https://raw.githubusercontent.com/openfootball/europe/7faa522aef63fa9a6fcb9d8189bd8bc52381e967/netherlands/2021-22_nl2.txt,7faa522aef63fa9a6fcb9d8189bd8bc52381e967,15,2026-09-04T07:12:32.881Z,Eerste Divisie,2021-22,2021-08-06,Telstar,FC Emmen,1,1,D,1,1,D,Matchday 1,source_reported_FT,Telstar,FC Emmen
openfootball/europe,https://raw.githubusercontent.com/openfootball/europe/7faa522aef63fa9a6fcb9d8189bd8bc52381e967/netherlands/2021-22_nl2.txt,7faa522aef63fa9a6fcb9d8189bd8bc52381e967,17,2026-09-04T07:12:32.881Z,Eerste Divisie,2021-22,2021-08-07,De Graafschap,Roda JC Kerkrade,0,3,A,0,0,D,Matchday 1,source_reported_FT,De Graafschap,Roda JC Kerkrade
openfootball/europe,https://raw.githubusercontent.com/openfootball/europe/7faa522aef63fa9a6fcb9d8189bd8bc52381e967/netherlands/2021-22_nl2.txt,7faa522aef63fa9a6fcb9d8189bd8bc52381e967,19,2026-09-04T07:12:32.881Z,Eerste Divisie,2021-22,2021-08-08,ADO Den Haag,Jong Ajax,2,0,H,0,0,D,Matchday 1,source_reported_FT,ADO Den Haag,Jong Ajax
openfootball/europe,https://raw.githubusercontent.com/openfootball/europe/7faa522aef63fa9a6fcb9d8189bd8bc52381e967/netherlands/2021-22_nl2.txt,7faa522aef63fa9a6fcb9d8189bd8bc52381e967,20,2026-09-04T07:12:32.881Z,Eerste Divisie,2021-22,2021-08-08,VVV-Venlo,NAC Breda,2,2,D,1,1,D,Matchday 1,source_reported_FT,VVV-Venlo,NAC Breda
openfootball/europe,https://raw.githubusercontent.com/openfootball/europe/7faa522aef63fa9a6fcb9d8189bd8bc52381e967/netherlands/2021-22_nl2.txt,7faa522aef63fa9a6fcb9d8189bd8bc52381e967,22,2026-09-04T07:12:32.881Z,Eerste Divisie,2021-22,2021-08-09,AZ Alkmaar J,Almere City FC,2,1,H,0,1,A,Matchday 1,source_reported_FT,AZ Alkmaar J,Almere City FC
openfootball/europe,https://raw.githubusercontent.com/openfootball/europe/7faa522aef63fa9a6fcb9d8189bd8bc52381e967/netherlands/2021-22_nl2.txt,7faa522aef63fa9a6fcb9d8189bd8bc52381e967,23,2026-09-04T07:12:32.881Z,Eerste Divisie,2021-22,2021-08-09,FC Utrecht J,MVV,0,1,A,0,1,A,Matchday 1,source_reported_FT,FC Utrecht J,MVV
openfootball/europe,https://raw.githubusercontent.com/openfootball/europe/7faa522aef63fa9a6fcb9d8189bd8bc52381e967/netherlands/2021-22_nl2.txt,7faa522aef63fa9a6fcb9d8189bd8bc52381e967,28,2026-09-04T07:12:32.881Z,Eerste Divisie,2021-22,2021-08-13,Almere City FC,FC Utrecht J,1,1,D,1,0,H,Matchday 2,source_reported_FT,Almere City FC,FC Utrecht J
openfootball/europe,https://raw.githubusercontent.com/openfootball/europe/7faa522aef63fa9a6fcb9d8189bd8bc52381e967/netherlands/2021-22_nl2.txt,7faa522aef63fa9a6fcb9d8189bd8bc52381e967,29,2026-09-04T07:12:32.881Z,Eerste Divisie,2021-22,2021-08-13,FC Emmen,FC Eindhoven,0,1,A,0,0,D,Matchday 2,source_reported_FT,FC Emmen,FC Eindhoven
openfootball/europe,https://raw.githubusercontent.com/openfootball/europe/7faa522aef63fa9a6fcb9d8189bd8bc52381e967/netherlands/2021-22_nl2.txt,7faa522aef63fa9a6fcb9d8189bd8bc52381e967,31,2026-09-04T07:12:32.881Z,Eerste Divisie,2021-22,2021-08-13,FC Volendam,ADO Den Haag,1,3,A,1,2,A,Matchday 2,source_reported_FT,FC Volendam,ADO Den Haag
openfootball/europe,https://raw.githubusercontent.com/openfootball/europe/7faa522aef63fa9a6fcb9d8189bd8bc52381e967/netherlands/2021-22_nl2.txt,7faa522aef63fa9a6fcb9d8189bd8bc52381e967,32,2026-09-04T07:12:32.881Z,Eerste Divisie,2021-22,2021-08-13,Helmond Sport,AZ Alkmaar J,1,2,A,0,0,D,Matchday 2,source_reported_FT,Helmond Sport,AZ Alkmaar J
openfootball/europe,https://raw.githubusercontent.com/openfootball/europe/7faa522aef63fa9a6fcb9d8189bd8bc52381e967/netherlands/2021-22_nl2.txt,7faa522aef63fa9a6fcb9d8189bd8bc52381e967,33,2026-09-04T07:12:32.881Z,Eerste Divisie,2021-22,2021-08-13,MVV,De Graafschap,1,3,A,1,2,A,Matchday 2,source_reported_FT,MVV,De Graafschap
openfootball/europe,https://raw.githubusercontent.com/openfootball/europe/7faa522aef63fa9a6fcb9d8189bd8bc52381e967/netherlands/2021-22_nl2.txt,7faa522aef63fa9a6fcb9d8189bd8bc52381e967,34,2026-09-04T07:12:32.881Z,Eerste Divisie,2021-22,2021-08-13,NAC Breda,Telstar,2,2,D,2,0,H,Matchday 2,source_reported_FT,NAC Breda,Telstar
openfootball/europe,https://raw.githubusercontent.com/openfootball/europe/7faa522aef63fa9a6fcb9d8189bd8bc52381e967/netherlands/2021-22_nl2.txt,7faa522aef63fa9a6fcb9d8189bd8bc52381e967,35,2026-09-04T07:12:32.881Z,Eerste Divisie,2021-22,2021-08-13,Roda JC Kerkrade,SBV Excelsior,1,2,A,0,2,A,Matchday 2,source_reported_FT,Roda JC Kerkrade,SBV Excelsior
openfootball/europe,https://raw.githubusercontent.com/openfootball/europe/7faa522aef63fa9a6fcb9d8189bd8bc52381e967/netherlands/2021-22_nl2.txt,7faa522aef63fa9a6fcb9d8189bd8bc52381e967,30,2026-09-04T07:12:32.881Z,Eerste Divisie,2021-22,2021-08-13,TOP Oss,VVV-Venlo,2,1,H,0,0,D,Matchday 2,source_reported_FT,TOP Oss,VVV-Venlo
openfootball/europe,https://raw.githubusercontent.com/openfootball/europe/7faa522aef63fa9a6fcb9d8189bd8bc52381e967/netherlands/2021-22_nl2.txt,7faa522aef63fa9a6fcb9d8189bd8bc52381e967,37,2026-09-04T07:12:32.881Z,Eerste Divisie,2021-22,2021-08-16,Jong Ajax,FC Dordrecht,1,2,A,1,0,H,Matchday 2,source_reported_FT,Jong Ajax,FC Dordrecht
openfootball/europe,https://raw.githubusercontent.com/openfootball/europe/7faa522aef63fa9a6fcb9d8189bd8bc52381e967/netherlands/2021-22_nl2.txt,7faa522aef63fa9a6fcb9d8189bd8bc52381e967,38,2026-09-04T07:12:32.881Z,Eerste Divisie,2021-22,2021-08-16,Jong PSV,FC Den Bosch,0,1,A,0,0,D,Matchday 2,source_reported_FT,Jong PSV,FC Den Bosch
openfootball/europe,https://raw.githubusercontent.com/openfootball/europe/7faa522aef63fa9a6fcb9d8189bd8bc52381e967/netherlands/2021-22_nl2.txt,7faa522aef63fa9a6fcb9d8189bd8bc52381e967,49,2026-09-04T07:12:32.881Z,Eerste Divisie,2021-22,2021-08-20,ADO Den Haag,FC Emmen,1,2,A,0,1,A,Matchday 3,source_reported_FT,ADO Den Haag,FC Emmen
openfootball/europe,https://raw.githubusercontent.com/openfootball/europe/7faa522aef63fa9a6fcb9d8189bd8bc52381e967/netherlands/2021-22_nl2.txt,7faa522aef63fa9a6fcb9d8189bd8bc52381e967,43,2026-09-04T07:12:32.881Z,Eerste Divisie,2021-22,2021-08-20,De Graafschap,NAC Breda,2,0,H,1,0,H,Matchday 3,source_reported_FT,De Graafschap,NAC Breda
openfootball/europe,https://raw.githubusercontent.com/openfootball/europe/7faa522aef63fa9a6fcb9d8189bd8bc52381e967/netherlands/2021-22_nl2.txt,7faa522aef63fa9a6fcb9d8189bd8bc52381e967,44,2026-09-04T07:12:32.881Z,Eerste Divisie,2021-22,2021-08-20,FC Den Bosch,Jong Ajax,2,3,A,1,1,D,Matchday 3,source_reported_FT,FC Den Bosch,Jong Ajax
openfootball/europe,https://raw.githubusercontent.com/openfootball/europe/7faa522aef63fa9a6fcb9d8189bd8bc52381e967/netherlands/2021-22_nl2.txt,7faa522aef63fa9a6fcb9d8189bd8bc52381e967,45,2026-09-04T07:12:32.881Z,Eerste Divisie,2021-22,2021-08-20,FC Dordrecht,FC Utrecht J,2,2,D,2,1,H,Matchday 3,source_reported_FT,FC Dordrecht,FC Utrecht J
openfootball/europe,https://raw.githubusercontent.com/openfootball/europe/7faa522aef63fa9a6fcb9d8189bd8bc52381e967/netherlands/2021-22_nl2.txt,7faa522aef63fa9a6fcb9d8189bd8bc52381e967,47,2026-09-04T07:12:32.881Z,Eerste Divisie,2021-22,2021-08-20,MVV,Helmond Sport,3,2,H,2,1,H,Matchday 3,source_reported_FT,MVV,Helmond Sport
openfootball/europe,https://raw.githubusercontent.com/openfootball/europe/7faa522aef63fa9a6fcb9d8189bd8bc52381e967/netherlands/2021-22_nl2.txt,7faa522aef63fa9a6fcb9d8189bd8bc52381e967,46,2026-09-04T07:12:32.881Z,Eerste Divisie,2021-22,2021-08-20,SBV Excelsior,FC Volendam,1,1,D,1,1,D,Matchday 3,source_reported_FT,SBV Excelsior,FC Volendam
openfootball/europe,https://raw.githubusercontent.com/openfootball/europe/7faa522aef63fa9a6fcb9d8189bd8bc52381e967/netherlands/2021-22_nl2.txt,7faa522aef63fa9a6fcb9d8189bd8bc52381e967,48,2026-09-04T07:12:32.881Z,Eerste Divisie,2021-22,2021-08-20,Telstar,Roda JC Kerkrade,3,4,A,3,1,H,Matchday 3,source_reported_FT,Telstar,Roda JC Kerkrade
openfootball/europe,https://raw.githubusercontent.com/openfootball/europe/7faa522aef63fa9a6fcb9d8189bd8bc52381e967/netherlands/2021-22_nl2.txt,7faa522aef63fa9a6fcb9d8189bd8bc52381e967,51,2026-09-04T07:12:32.881Z,Eerste Divisie,2021-22,2021-08-21,VVV-Venlo,Almere City FC,2,1,H,1,1,D,Matchday 3,source_reported_FT,VVV-Venlo,Almere City FC
openfootball/europe,https://raw.githubusercontent.com/openfootball/europe/7faa522aef63fa9a6fcb9d8189bd8bc52381e967/netherlands/2021-22_nl2.txt,7faa522aef63fa9a6fcb9d8189bd8bc52381e967,53,2026-09-04T07:12:32.881Z,Eerste Divisie,2021-22,2021-08-23,AZ Alkmaar J,TOP Oss,1,0,H,0,0,D,Matchday 3,source_reported_FT,AZ Alkmaar J,TOP Oss
openfootball/europe,https://raw.githubusercontent.com/openfootball/europe/7faa522aef63fa9a6fcb9d8189bd8bc52381e967/netherlands/2021-22_nl2.txt,7faa522aef63fa9a6fcb9d8189bd8bc52381e967,54,2026-09-04T07:12:32.881Z,Eerste Divisie,2021-22,2021-08-23,Jong PSV,FC Eindhoven,3,2,H,2,0,H,Matchday 3,source_reported_FT,Jong PSV,FC Eindhoven
openfootball/europe,https://raw.githubusercontent.com/openfootball/europe/7faa522aef63fa9a6fcb9d8189bd8bc52381e967/netherlands/2021-22_nl2.txt,7faa522aef63fa9a6fcb9d8189bd8bc52381e967,59,2026-09-04T07:12:32.881Z,Eerste Divisie,2021-22,2021-08-27,FC Eindhoven,FC Den Bosch,1,0,H,1,0,H,Matchday 4,source_reported_FT,FC Eindhoven,FC Den Bosch
openfootball/europe,https://raw.githubusercontent.com/openfootball/europe/7faa522aef63fa9a6fcb9d8189bd8bc52381e967/netherlands/2021-22_nl2.txt,7faa522aef63fa9a6fcb9d8189bd8bc52381e967,60,2026-09-04T07:12:32.881Z,Eerste Divisie,2021-22,2021-08-27,FC Emmen,De Graafschap,0,2,A,0,0,D,Matchday 4,source_reported_FT,FC Emmen,De Graafschap
openfootball/europe,https://raw.githubusercontent.com/openfootball/europe/7faa522aef63fa9a6fcb9d8189bd8bc52381e967/netherlands/2021-22_nl2.txt,7faa522aef63fa9a6fcb9d8189bd8bc52381e967,64,2026-09-04T07:12:32.881Z,Eerste Divisie,2021-22,2021-08-27,FC Utrecht J,Telstar,3,0,H,2,0,H,Matchday 4,source_reported_FT,FC Utrecht J,Telstar
openfootball/europe,https://raw.githubusercontent.com/openfootball/europe/7faa522aef63fa9a6fcb9d8189bd8bc52381e967/netherlands/2021-22_nl2.txt,7faa522aef63fa9a6fcb9d8189bd8bc52381e967,61,2026-09-04T07:12:32.881Z,Eerste Divisie,2021-22,2021-08-27,FC Volendam,MVV,5,0,H,2,0,H,Matchday 4,source_reported_FT,FC Volendam,MVV
openfootball/europe,https://raw.githubusercontent.com/openfootball/europe/7faa522aef63fa9a6fcb9d8189bd8bc52381e967/netherlands/2021-22_nl2.txt,7faa522aef63fa9a6fcb9d8189bd8bc52381e967,62,2026-09-04T07:12:32.881Z,Eerste Divisie,2021-22,2021-08-27,Helmond Sport,Jong PSV,1,0,H,0,0,D,Matchday 4,source_reported_FT,Helmond Sport,Jong PSV
openfootball/europe,https://raw.githubusercontent.com/openfootball/europe/7faa522aef63fa9a6fcb9d8189bd8bc52381e967/netherlands/2021-22_nl2.txt,7faa522aef63fa9a6fcb9d8189bd8bc52381e967,63,2026-09-04T07:12:32.881Z,Eerste Divisie,2021-22,2021-08-27,Jong Ajax,SBV Excelsior,1,2,A,0,0,D,Matchday 4,source_reported_FT,Jong Ajax,SBV Excelsior
openfootball/europe,https://raw.githubusercontent.com/openfootball/europe/7faa522aef63fa9a6fcb9d8189bd8bc52381e967/netherlands/2021-22_nl2.txt,7faa522aef63fa9a6fcb9d8189bd8bc52381e967,65,2026-09-04T07:12:32.881Z,Eerste Divisie,2021-22,2021-08-27,NAC Breda,ADO Den Haag,3,0,H,2,0,H,Matchday 4,source_reported_FT,NAC Breda,ADO Den Haag
openfootball/europe,https://raw.githubusercontent.com/openfootball/europe/7faa522aef63fa9a6fcb9d8189bd8bc52381e967/netherlands/2021-22_nl2.txt,7faa522aef63fa9a6fcb9d8189bd8bc52381e967,66,2026-09-04T07:12:32.881Z,Eerste Divisie,2021-22,2021-08-27,Roda JC Kerkrade,Almere City FC,3,4,A,1,2,A,Matchday 4,source_reported_FT,Roda JC Kerkrade,Almere City FC
openfootball/europe,https://raw.githubusercontent.com/openfootball/europe/7faa522aef63fa9a6fcb9d8189bd8bc52381e967/netherlands/2021-22_nl2.txt,7faa522aef63fa9a6fcb9d8189bd8bc52381e967,67,2026-09-04T07:12:32.881Z,Eerste Divisie,2021-22,2021-08-27,VVV-Venlo,AZ Alkmaar J,0,1,A,0,0,D,Matchday 4,source_reported_FT,VVV-Venlo,AZ Alkmaar J
openfootball/europe,https://raw.githubusercontent.com/openfootball/europe/7faa522aef63fa9a6fcb9d8189bd8bc52381e967/netherlands/2021-22_nl2.txt,7faa522aef63fa9a6fcb9d8189bd8bc52381e967,69,2026-09-04T07:12:32.881Z,Eerste Divisie,2021-22,2021-08-28,TOP Oss,FC Dordrecht,3,0,H,1,0,H,Matchday 4,source_reported_FT,TOP Oss,FC Dordrecht
openfootball/europe,https://raw.githubusercontent.com/openfootball/europe/7faa522aef63fa9a6fcb9d8189bd8bc52381e967/netherlands/2021-22_nl2.txt,7faa522aef63fa9a6fcb9d8189bd8bc52381e967,74,2026-09-04T07:12:32.881Z,Eerste Divisie,2021-22,2021-09-03,FC Den Bosch,SBV Excelsior,0,5,A,0,3,A,Matchday 5,source_reported_FT,FC Den Bosch,SBV Excelsior
openfootball/europe,https://raw.githubusercontent.com/openfootball/europe/7faa522aef63fa9a6fcb9d8189bd8bc52381e967/netherlands/2021-22_nl2.txt,7faa522aef63fa9a6fcb9d8189bd8bc52381e967,75,2026-09-04T07:12:32.881Z,Eerste Divisie,2021-22,2021-09-03,Helmond Sport,FC Emmen,1,0,H,0,0,D,Matchday 5,source_reported_FT,Helmond Sport,FC Emmen
openfootball/europe,https://raw.githubusercontent.com/openfootball/europe/7faa522aef63fa9a6fcb9d8189bd8bc52381e967/netherlands/2021-22_nl2.txt,7faa522aef63fa9a6fcb9d8189bd8bc52381e967,77,2026-09-04T07:12:32.881Z,Eerste Divisie,2021-22,2021-09-04,Almere City FC,TOP Oss,3,0,H,0,0,D,Matchday 5,source_reported_FT,Almere City FC,TOP Oss
openfootball/europe,https://raw.githubusercontent.com/openfootball/europe/7faa522aef63fa9a6fcb9d8189bd8bc52381e967/netherlands/2021-22_nl2.txt,7faa522aef63fa9a6fcb9d8189bd8bc52381e967,80,2026-09-04T07:12:32.881Z,Eerste Divisie,2021-22,2021-09-05,ADO Den Haag,FC Eindhoven,4,2,H,1,1,D,Matchday 5,source_reported_FT,ADO Den Haag,FC Eindhoven
openfootball/europe,https://raw.githubusercontent.com/openfootball/europe/7faa522aef63fa9a6fcb9d8189bd8bc52381e967/netherlands/2021-22_nl2.txt,7faa522aef63fa9a6fcb9d8189bd8bc52381e967,81,2026-09-04T07:12:32.881Z,Eerste Divisie,2021-22,2021-09-05,FC Dordrecht,VVV-Venlo,0,1,A,0,1,A,Matchday 5,source_reported_FT,FC Dordrecht,VVV-Venlo
openfootball/europe,https://raw.githubusercontent.com/openfootball/europe/7faa522aef63fa9a6fcb9d8189bd8bc52381e967/netherlands/2021-22_nl2.txt,7faa522aef63fa9a6fcb9d8189bd8bc52381e967,79,2026-09-04T07:12:32.881Z,Eerste Divisie,2021-22,2021-09-05,MVV,Telstar,3,0,H,3,0,H,Matchday 5,source_reported_FT,MVV,Telstar
openfootball/europe,https://raw.githubusercontent.com/openfootball/europe/7faa522aef63fa9a6fcb9d8189bd8bc52381e967/netherlands/2021-22_nl2.txt,7faa522aef63fa9a6fcb9d8189bd8bc52381e967,95,2026-09-04T07:12:32.881Z,Eerste Divisie,2021-22,2021-09-10,AZ Alkmaar J,FC Utrecht J,0,1,A,0,0,D,Matchday 6,source_reported_FT,AZ Alkmaar J,FC Utrecht J
openfootball/europe,https://raw.githubusercontent.com/openfootball/europe/7faa522aef63fa9a6fcb9d8189bd8bc52381e967/netherlands/2021-22_nl2.txt,7faa522aef63fa9a6fcb9d8189bd8bc52381e967,91,2026-09-04T07:12:32.881Z,Eerste Divisie,2021-22,2021-09-10,De Graafschap,FC Volendam,0,3,A,0,2,A,Matchday 6,source_reported_FT,De Graafschap,FC Volendam
openfootball/europe,https://raw.githubusercontent.com/openfootball/europe/7faa522aef63fa9a6fcb9d8189bd8bc52381e967/netherlands/2021-22_nl2.txt,7faa522aef63fa9a6fcb9d8189bd8bc52381e967,93,2026-09-04T07:12:32.881Z,Eerste Divisie,2021-22,2021-09-10,FC Emmen,MVV,7,1,H,3,1,H,Matchday 6,source_reported_FT,FC Emmen,MVV
openfootball/europe,https://raw.githubusercontent.com/openfootball/europe/7faa522aef63fa9a6fcb9d8189bd8bc52381e967/netherlands/2021-22_nl2.txt,7faa522aef63fa9a6fcb9d8189bd8bc52381e967,96,2026-09-04T07:12:32.881Z,Eerste Divisie,2021-22,2021-09-10,Jong PSV,Jong Ajax,3,1,H,0,1,A,Matchday 6,source_reported_FT,Jong PSV,Jong Ajax
openfootball/europe,https://raw.githubusercontent.com/openfootball/europe/7faa522aef63fa9a6fcb9d8189bd8bc52381e967/netherlands/2021-22_nl2.txt,7faa522aef63fa9a6fcb9d8189bd8bc52381e967,97,2026-09-04T07:12:32.881Z,Eerste Divisie,2021-22,2021-09-10,Roda JC Kerkrade,NAC Breda,0,0,D,,,,Matchday 6,source_reported_FT,Roda JC Kerkrade,NAC Breda
openfootball/europe,https://raw.githubusercontent.com/openfootball/europe/7faa522aef63fa9a6fcb9d8189bd8bc52381e967/netherlands/2021-22_nl2.txt,7faa522aef63fa9a6fcb9d8189bd8bc52381e967,92,2026-09-04T07:12:32.881Z,Eerste Divisie,2021-22,2021-09-10,SBV Excelsior,FC Dordrecht,3,1,H,0,1,A,Matchday 6,source_reported_FT,SBV Excelsior,FC Dordrecht
openfootball/europe,https://raw.githubusercontent.com/openfootball/europe/7faa522aef63fa9a6fcb9d8189bd8bc52381e967/netherlands/2021-22_nl2.txt,7faa522aef63fa9a6fcb9d8189bd8bc52381e967,94,2026-09-04T07:12:32.881Z,Eerste Divisie,2021-22,2021-09-10,TOP Oss,ADO Den Haag,3,3,D,2,2,D,Matchday 6,source_reported_FT,TOP Oss,ADO Den Haag
openfootball/europe,https://raw.githubusercontent.com/openfootball/europe/7faa522aef63fa9a6fcb9d8189bd8bc52381e967/netherlands/2021-22_nl2.txt,7faa522aef63fa9a6fcb9d8189bd8bc52381e967,98,2026-09-04T07:12:32.881Z,Eerste Divisie,2021-22,2021-09-10,Telstar,Almere City FC,1,1,D,0,0,D,Matchday 6,source_reported_FT,Telstar,Almere City FC
openfootball/europe,https://raw.githubusercontent.com/openfootball/europe/7faa522aef63fa9a6fcb9d8189bd8bc52381e967/netherlands/2021-22_nl2.txt,7faa522aef63fa9a6fcb9d8189bd8bc52381e967,99,2026-09-04T07:12:32.881Z,Eerste Divisie,2021-22,2021-09-10,VVV-Venlo,FC Den Bosch,2,1,H,0,0,D,Matchday 6,source_reported_FT,VVV-Venlo,FC Den Bosch
openfootball/europe,https://raw.githubusercontent.com/openfootball/europe/7faa522aef63fa9a6fcb9d8189bd8bc52381e967/netherlands/2021-22_nl2.txt,7faa522aef63fa9a6fcb9d8189bd8bc52381e967,85,2026-09-04T07:12:32.881Z,Eerste Divisie,2021-22,2021-09-13,AZ Alkmaar J,De Graafschap,2,1,H,1,0,H,Matchday 5,source_reported_FT,AZ Alkmaar J,De Graafschap
openfootball/europe,https://raw.githubusercontent.com/openfootball/europe/7faa522aef63fa9a6fcb9d8189bd8bc52381e967/netherlands/2021-22_nl2.txt,7faa522aef63fa9a6fcb9d8189bd8bc52381e967,101,2026-09-04T07:12:32.881Z,Eerste Divisie,2021-22,2021-09-13,FC Eindhoven,Helmond Sport,3,2,H,1,1,D,Matchday 6,source_reported_FT,FC Eindhoven,Helmond Sport
openfootball/europe,https://raw.githubusercontent.com/openfootball/europe/7faa522aef63fa9a6fcb9d8189bd8bc52381e967/netherlands/2021-22_nl2.txt,7faa522aef63fa9a6fcb9d8189bd8bc52381e967,86,2026-09-04T07:12:32.881Z,Eerste Divisie,2021-22,2021-09-13,FC Utrecht J,Jong PSV,2,1,H,1,1,D,Matchday 5,source_reported_FT,FC Utrecht J,Jong PSV
openfootball/europe,https://raw.githubusercontent.com/openfootball/europe/7faa522aef63fa9a6fcb9d8189bd8bc52381e967/netherlands/2021-22_nl2.txt,7faa522aef63fa9a6fcb9d8189bd8bc52381e967,83,2026-09-04T07:12:32.881Z,Eerste Divisie,2021-22,2021-09-13,FC Volendam,Roda JC Kerkrade,2,2,D,1,0,H,Matchday 5,source_reported_FT,FC Volendam,Roda JC Kerkrade
openfootball/europe,https://raw.githubusercontent.com/openfootball/europe/7faa522aef63fa9a6fcb9d8189bd8bc52381e967/netherlands/2021-22_nl2.txt,7faa522aef63fa9a6fcb9d8189bd8bc52381e967,84,2026-09-04T07:12:32.881Z,Eerste Divisie,2021-22,2021-09-13,Jong Ajax,NAC Breda,6,3,H,4,1,H,Matchday 5,source_reported_FT,Jong Ajax,NAC Breda
openfootball/europe,https://raw.githubusercontent.com/openfootball/europe/7faa522aef63fa9a6fcb9d8189bd8bc52381e967/netherlands/2021-22_nl2.txt,7faa522aef63fa9a6fcb9d8189bd8bc52381e967,106,2026-09-04T07:12:32.881Z,Eerste Divisie,2021-22,2021-09-17,Almere City FC,Jong Ajax,2,4,A,1,1,D,Matchday 7,source_reported_FT,Almere City FC,Jong Ajax
openfootball/europe,https://raw.githubusercontent.com/openfootball/europe/7faa522aef63fa9a6fcb9d8189bd8bc52381e967/netherlands/2021-22_nl2.txt,7faa522aef63fa9a6fcb9d8189bd8bc52381e967,107,2026-09-04T07:12:32.881Z,Eerste Divisie,2021-22,2021-09-17,De Graafschap,SBV Excelsior,3,1,H,0,0,D,Matchday 7,source_reported_FT,De Graafschap,SBV Excelsior
openfootball/europe,https://raw.githubusercontent.com/openfootball/europe/7faa522aef63fa9a6fcb9d8189bd8bc52381e967/netherlands/2021-22_nl2.txt,7faa522aef63fa9a6fcb9d8189bd8bc52381e967,108,2026-09-04T07:12:32.881Z,Eerste Divisie,2021-22,2021-09-17,FC Den Bosch,AZ Alkmaar J,2,1,H,1,0,H,Matchday 7,source_reported_FT,FC Den Bosch,AZ Alkmaar J
openfootball/europe,https://raw.githubusercontent.com/openfootball/europe/7faa522aef63fa9a6fcb9d8189bd8bc52381e967/netherlands/2021-22_nl2.txt,7faa522aef63fa9a6fcb9d8189bd8bc52381e967,109,2026-09-04T07:12:32.881Z,Eerste Divisie,2021-22,2021-09-17,FC Dordrecht,Telstar,0,1,A,0,0,D,Matchday 7,source_reported_FT,FC Dordrecht,Telstar
openfootball/europe,https://raw.githubusercontent.com/openfootball/europe/7faa522aef63fa9a6fcb9d8189bd8bc52381e967/netherlands/2021-22_nl2.txt,7faa522aef63fa9a6fcb9d8189bd8bc52381e967,110,2026-09-04T07:12:32.881Z,Eerste Divisie,2021-22,2021-09-17,FC Volendam,VVV-Venlo,2,1,H,1,1,D,Matchday 7,source_reported_FT,FC Volendam,VVV-Venlo
openfootball/europe,https://raw.githubusercontent.com/openfootball/europe/7faa522aef63fa9a6fcb9d8189bd8bc52381e967/netherlands/2021-22_nl2.txt,7faa522aef63fa9a6fcb9d8189bd8bc52381e967,111,2026-09-04T07:12:32.881Z,Eerste Divisie,2021-22,2021-09-17,Helmond Sport,FC Utrecht J,0,3,A,0,1,A,Matchday 7,source_reported_FT,Helmond Sport,FC Utrecht J
openfootball/europe,https://raw.githubusercontent.com/openfootball/europe/7faa522aef63fa9a6fcb9d8189bd8bc52381e967/netherlands/2021-22_nl2.txt,7faa522aef63fa9a6fcb9d8189bd8bc52381e967,112,2026-09-04T07:12:32.881Z,Eerste Divisie,2021-22,2021-09-17,MVV,FC Eindhoven,1,0,H,0,0,D,Matchday 7,source_reported_FT,MVV,FC Eindhoven
openfootball/europe,https://raw.githubusercontent.com/openfootball/europe/7faa522aef63fa9a6fcb9d8189bd8bc52381e967/netherlands/2021-22_nl2.txt,7faa522aef63fa9a6fcb9d8189bd8bc52381e967,113,2026-09-04T07:12:32.881Z,Eerste Divisie,2021-22,2021-09-17,NAC Breda,FC Emmen,1,2,A,1,1,D,Matchday 7,source_reported_FT,NAC Breda,FC Emmen
openfootball/europe,https://raw.githubusercontent.com/openfootball/europe/7faa522aef63fa9a6fcb9d8189bd8bc52381e967/netherlands/2021-22_nl2.txt,7faa522aef63fa9a6fcb9d8189bd8bc52381e967,114,2026-09-04T07:12:32.881Z,Eerste Divisie,2021-22,2021-09-17,Roda JC Kerkrade,TOP Oss,2,0,H,1,0,H,Matchday 7,source_reported_FT,Roda JC Kerkrade,TOP Oss
openfootball/europe,https://raw.githubusercontent.com/openfootball/europe/7faa522aef63fa9a6fcb9d8189bd8bc52381e967/netherlands/2021-22_nl2.txt,7faa522aef63fa9a6fcb9d8189bd8bc52381e967,116,2026-09-04T07:12:32.881Z,Eerste Divisie,2021-22,2021-09-20,Jong PSV,ADO Den Haag,0,1,A,0,1,A,Matchday 7,source_reported_FT,Jong PSV,ADO Den Haag
openfootball/europe,https://raw.githubusercontent.com/openfootball/europe/7faa522aef63fa9a6fcb9d8189bd8bc52381e967/netherlands/2021-22_nl2.txt,7faa522aef63fa9a6fcb9d8189bd8bc52381e967,121,2026-09-04T07:12:32.881Z,Eerste Divisie,2021-22,2021-09-24,ADO Den Haag,Roda JC Kerkrade,2,0,H,2,0,H,Matchday 8,source_reported_FT,ADO Den Haag,Roda JC Kerkrade
openfootball/europe,https://raw.githubusercontent.com/openfootball/europe/7faa522aef63fa9a6fcb9d8189bd8bc52381e967/netherlands/2021-22_nl2.txt,7faa522aef63fa9a6fcb9d8189bd8bc52381e967,122,2026-09-04T07:12:32.881Z,Eerste Divisie,2021-22,2021-09-24,Almere City FC,FC Dordrecht,2,2,D,1,2,A,Matchday 8,source_reported_FT,Almere City FC,FC Dordrecht
openfootball/europe,https://raw.githubusercontent.com/openfootball/europe/7faa522aef63fa9a6fcb9d8189bd8bc52381e967/netherlands/2021-22_nl2.txt,7faa522aef63fa9a6fcb9d8189bd8bc52381e967,123,2026-09-04T07:12:32.881Z,Eerste Divisie,2021-22,2021-09-24,De Graafschap,FC Utrecht J,2,2,D,1,0,H,Matchday 8,source_reported_FT,De Graafschap,FC Utrecht J
openfootball/europe,https://raw.githubusercontent.com/openfootball/europe/7faa522aef63fa9a6fcb9d8189bd8bc52381e967/netherlands/2021-22_nl2.txt,7faa522aef63fa9a6fcb9d8189bd8bc52381e967,124,2026-09-04T07:12:32.881Z,Eerste Divisie,2021-22,2021-09-24,FC Eindhoven,NAC Breda,2,0,H,2,0,H,Matchday 8,source_reported_FT,FC Eindhoven,NAC Breda
openfootball/europe,https://raw.githubusercontent.com/openfootball/europe/7faa522aef63fa9a6fcb9d8189bd8bc52381e967/netherlands/2021-22_nl2.txt,7faa522aef63fa9a6fcb9d8189bd8bc52381e967,126,2026-09-04T07:12:32.881Z,Eerste Divisie,2021-22,2021-09-24,FC Emmen,FC Den Bosch,2,0,H,1,0,H,Matchday 8,source_reported_FT,FC Emmen,FC Den Bosch
openfootball/europe,https://raw.githubusercontent.com/openfootball/europe/7faa522aef63fa9a6fcb9d8189bd8bc52381e967/netherlands/2021-22_nl2.txt,7faa522aef63fa9a6fcb9d8189bd8bc52381e967,125,2026-09-04T07:12:32.881Z,Eerste Divisie,2021-22,2021-09-24,SBV Excelsior,Jong PSV,3,0,H,1,0,H,Matchday 8,source_reported_FT,SBV Excelsior,Jong PSV
openfootball/europe,https://raw.githubusercontent.com/openfootball/europe/7faa522aef63fa9a6fcb9d8189bd8bc52381e967/netherlands/2021-22_nl2.txt,7faa522aef63fa9a6fcb9d8189bd8bc52381e967,127,2026-09-04T07:12:32.881Z,Eerste Divisie,2021-22,2021-09-24,TOP Oss,FC Volendam,2,3,A,0,0,D,Matchday 8,source_reported_FT,TOP Oss,FC Volendam
openfootball/europe,https://raw.githubusercontent.com/openfootball/europe/7faa522aef63fa9a6fcb9d8189bd8bc52381e967/netherlands/2021-22_nl2.txt,7faa522aef63fa9a6fcb9d8189bd8bc52381e967,128,2026-09-04T07:12:32.881Z,Eerste Divisie,2021-22,2021-09-24,Telstar,AZ Alkmaar J,1,0,H,1,0,H,Matchday 8,source_reported_FT,Telstar,AZ Alkmaar J
openfootball/europe,https://raw.githubusercontent.com/openfootball/europe/7faa522aef63fa9a6fcb9d8189bd8bc52381e967/netherlands/2021-22_nl2.txt,7faa522aef63fa9a6fcb9d8189bd8bc52381e967,129,2026-09-04T07:12:32.881Z,Eerste Divisie,2021-22,2021-09-24,VVV-Venlo,Helmond Sport,1,0,H,0,0,D,Matchday 8,source_reported_FT,VVV-Venlo,Helmond Sport
openfootball/europe,https://raw.githubusercontent.com/openfootball/europe/7faa522aef63fa9a6fcb9d8189bd8bc52381e967/netherlands/2021-22_nl2.txt,7faa522aef63fa9a6fcb9d8189bd8bc52381e967,131,2026-09-04T07:12:32.881Z,Eerste Divisie,2021-22,2021-09-27,Jong Ajax,MVV,3,1,H,2,0,H,Matchday 8,source_reported_FT,Jong Ajax,MVV
openfootball/europe,https://raw.githubusercontent.com/openfootball/europe/7faa522aef63fa9a6fcb9d8189bd8bc52381e967/netherlands/2021-22_nl2.txt,7faa522aef63fa9a6fcb9d8189bd8bc52381e967,140,2026-09-04T07:12:32.881Z,Eerste Divisie,2021-22,2021-10-01,AZ Alkmaar J,FC Dordrecht,2,1,H,1,1,D,Matchday 9,source_reported_FT,AZ Alkmaar J,FC Dordrecht
openfootball/europe,https://raw.githubusercontent.com/openfootball/europe/7faa522aef63fa9a6fcb9d8189bd8bc52381e967/netherlands/2021-22_nl2.txt,7faa522aef63fa9a6fcb9d8189bd8bc52381e967,136,2026-09-04T07:12:32.881Z,Eerste Divisie,2021-22,2021-10-01,FC Den Bosch,Telstar,0,1,A,0,0,D,Matchday 9,source_reported_FT,FC Den Bosch,Telstar
openfootball/europe,https://raw.githubusercontent.com/openfootball/europe/7faa522aef63fa9a6fcb9d8189bd8bc52381e967/netherlands/2021-22_nl2.txt,7faa522aef63fa9a6fcb9d8189bd8bc52381e967,141,2026-09-04T07:12:32.881Z,Eerste Divisie,2021-22,2021-10-01,FC Utrecht J,FC Emmen,0,1,A,0,1,A,Matchday 9,source_reported_FT,FC Utrecht J,FC Emmen
openfootball/europe,https://raw.githubusercontent.com/openfootball/europe/7faa522aef63fa9a6fcb9d8189bd8bc52381e967/netherlands/2021-22_nl2.txt,7faa522aef63fa9a6fcb9d8189bd8bc52381e967,138,2026-09-04T07:12:32.881Z,Eerste Divisie,2021-22,2021-10-01,FC Volendam,Almere City FC,3,2,H,1,1,D,Matchday 9,source_reported_FT,FC Volendam,Almere City FC
openfootball/europe,https://raw.githubusercontent.com/openfootball/europe/7faa522aef63fa9a6fcb9d8189bd8bc52381e967/netherlands/2021-22_nl2.txt,7faa522aef63fa9a6fcb9d8189bd8bc52381e967,139,2026-09-04T07:12:32.881Z,Eerste Divisie,2021-22,2021-10-01,Helmond Sport,Jong Ajax,3,1,H,1,1,D,Matchday 9,source_reported_FT,Helmond Sport,Jong Ajax
openfootball/europe,https://raw.githubusercontent.com/openfootball/europe/7faa522aef63fa9a6fcb9d8189bd8bc52381e967/netherlands/2021-22_nl2.txt,7faa522aef63fa9a6fcb9d8189bd8bc52381e967,142,2026-09-04T07:12:32.881Z,Eerste Divisie,2021-22,2021-10-01,Jong PSV,VVV-Venlo,2,1,H,2,0,H,Matchday 9,source_reported_FT,Jong PSV,VVV-Venlo
openfootball/europe,https://raw.githubusercontent.com/openfootball/europe/7faa522aef63fa9a6fcb9d8189bd8bc52381e967/netherlands/2021-22_nl2.txt,7faa522aef63fa9a6fcb9d8189bd8bc52381e967,143,2026-09-04T07:12:32.881Z,Eerste Divisie,2021-22,2021-10-01,MVV,ADO Den Haag,2,6,A,0,3,A,Matchday 9,source_reported_FT,MVV,ADO Den Haag
openfootball/europe,https://raw.githubusercontent.com/openfootball/europe/7faa522aef63fa9a6fcb9d8189bd8bc52381e967/netherlands/2021-22_nl2.txt,7faa522aef63fa9a6fcb9d8189bd8bc52381e967,144,2026-09-04T07:12:32.881Z,Eerste Divisie,2021-22,2021-10-01,NAC Breda,SBV Excelsior,4,1,H,1,0,H,Matchday 9,source_reported_FT,NAC Breda,SBV Excelsior
openfootball/europe,https://raw.githubusercontent.com/openfootball/europe/7faa522aef63fa9a6fcb9d8189bd8bc52381e967/netherlands/2021-22_nl2.txt,7faa522aef63fa9a6fcb9d8189bd8bc52381e967,145,2026-09-04T07:12:32.881Z,Eerste Divisie,2021-22,2021-10-01,Roda JC Kerkrade,FC Eindhoven,2,0,H,0,0,D,Matchday 9,source_reported_FT,Roda JC Kerkrade,FC Eindhoven
openfootball/europe,https://raw.githubusercontent.com/openfootball/europe/7faa522aef63fa9a6fcb9d8189bd8bc52381e967/netherlands/2021-22_nl2.txt,7faa522aef63fa9a6fcb9d8189bd8bc52381e967,137,2026-09-04T07:12:32.881Z,Eerste Divisie,2021-22,2021-10-01,TOP Oss,De Graafschap,0,3,A,0,0,D,Matchday 9,source_reported_FT,TOP Oss,De Graafschap
openfootball/europe,https://raw.githubusercontent.com/openfootball/europe/7faa522aef63fa9a6fcb9d8189bd8bc52381e967/netherlands/2021-22_nl2.txt,7faa522aef63fa9a6fcb9d8189bd8bc52381e967,152,2026-09-04T07:12:32.881Z,Eerste Divisie,2021-22,2021-10-09,FC Eindhoven,TOP Oss,2,1,H,1,0,H,Matchday 10,source_reported_FT,FC Eindhoven,TOP Oss
openfootball/europe,https://raw.githubusercontent.com/openfootball/europe/7faa522aef63fa9a6fcb9d8189bd8bc52381e967/netherlands/2021-22_nl2.txt,7faa522aef63fa9a6fcb9d8189bd8bc52381e967,151,2026-09-04T07:12:32.881Z,Eerste Divisie,2021-22,2021-10-09,FC Emmen,SBV Excelsior,0,1,A,0,1,A,Matchday 10,source_reported_FT,FC Emmen,SBV Excelsior
openfootball/europe,https://raw.githubusercontent.com/openfootball/europe/7faa522aef63fa9a6fcb9d8189bd8bc52381e967/netherlands/2021-22_nl2.txt,7faa522aef63fa9a6fcb9d8189bd8bc52381e967,150,2026-09-04T07:12:32.881Z,Eerste Divisie,2021-22,2021-10-09,VVV-Venlo,MVV,2,0,H,1,0,H,Matchday 10,source_reported_FT,VVV-Venlo,MVV
openfootball/europe,https://raw.githubusercontent.com/openfootball/europe/7faa522aef63fa9a6fcb9d8189bd8bc52381e967/netherlands/2021-22_nl2.txt,7faa522aef63fa9a6fcb9d8189bd8bc52381e967,154,2026-09-04T07:12:32.881Z,Eerste Divisie,2021-22,2021-10-10,ADO Den Haag,FC Den Bosch,3,2,H,1,1,D,Matchday 10,source_reported_FT,ADO Den Haag,FC Den Bosch
openfootball/europe,https://raw.githubusercontent.com/openfootball/europe/7faa522aef63fa9a6fcb9d8189bd8bc52381e967/netherlands/2021-22_nl2.txt,7faa522aef63fa9a6fcb9d8189bd8bc52381e967,156,2026-09-04T07:12:32.881Z,Eerste Divisie,2021-22,2021-10-10,Almere City FC,De Graafschap,1,2,A,0,0,D,Matchday 10,source_reported_FT,Almere City FC,De Graafschap
openfootball/europe,https://raw.githubusercontent.com/openfootball/europe/7faa522aef63fa9a6fcb9d8189bd8bc52381e967/netherlands/2021-22_nl2.txt,7faa522aef63fa9a6fcb9d8189bd8bc52381e967,155,2026-09-04T07:12:32.881Z,Eerste Divisie,2021-22,2021-10-10,FC Dordrecht,Helmond Sport,0,1,A,0,1,A,Matchday 10,source_reported_FT,FC Dordrecht,Helmond Sport
openfootball/europe,https://raw.githubusercontent.com/openfootball/europe/7faa522aef63fa9a6fcb9d8189bd8bc52381e967/netherlands/2021-22_nl2.txt,7faa522aef63fa9a6fcb9d8189bd8bc52381e967,166,2026-09-04T07:12:32.881Z,Eerste Divisie,2021-22,2021-10-15,De Graafschap,FC Eindhoven,0,0,D,,,,Matchday 11,source_reported_FT,De Graafschap,FC Eindhoven
openfootball/europe,https://raw.githubusercontent.com/openfootball/europe/7faa522aef63fa9a6fcb9d8189bd8bc52381e967/netherlands/2021-22_nl2.txt,7faa522aef63fa9a6fcb9d8189bd8bc52381e967,174,2026-09-04T07:12:32.881Z,Eerste Divisie,2021-22,2021-10-15,FC Den Bosch,Almere City FC,1,0,H,1,0,H,Matchday 11,source_reported_FT,FC Den Bosch,Almere City FC
openfootball/europe,https://raw.githubusercontent.com/openfootball/europe/7faa522aef63fa9a6fcb9d8189bd8bc52381e967/netherlands/2021-22_nl2.txt,7faa522aef63fa9a6fcb9d8189bd8bc52381e967,175,2026-09-04T07:12:32.881Z,Eerste Divisie,2021-22,2021-10-15,Helmond Sport,ADO Den Haag,0,0,D,,,,Matchday 11,source_reported_FT,Helmond Sport,ADO Den Haag
openfootball/europe,https://raw.githubusercontent.com/openfootball/europe/7faa522aef63fa9a6fcb9d8189bd8bc52381e967/netherlands/2021-22_nl2.txt,7faa522aef63fa9a6fcb9d8189bd8bc52381e967,169,2026-09-04T07:12:32.881Z,Eerste Divisie,2021-22,2021-10-15,Jong Ajax,FC Utrecht J,3,1,H,1,1,D,Matchday 11,source_reported_FT,Jong Ajax,FC Utrecht J
openfootball/europe,https://raw.githubusercontent.com/openfootball/europe/7faa522aef63fa9a6fcb9d8189bd8bc52381e967/netherlands/2021-22_nl2.txt,7faa522aef63fa9a6fcb9d8189bd8bc52381e967,173,2026-09-04T07:12:32.881Z,Eerste Divisie,2021-22,2021-10-15,MVV,FC Dordrecht,2,1,H,2,1,H,Matchday 11,source_reported_FT,MVV,FC Dordrecht
openfootball/europe,https://raw.githubusercontent.com/openfootball/europe/7faa522aef63fa9a6fcb9d8189bd8bc52381e967/netherlands/2021-22_nl2.txt,7faa522aef63fa9a6fcb9d8189bd8bc52381e967,170,2026-09-04T07:12:32.881Z,Eerste Divisie,2021-22,2021-10-15,NAC Breda,AZ Alkmaar J,1,0,H,1,0,H,Matchday 11,source_reported_FT,NAC Breda,AZ Alkmaar J
openfootball/europe,https://raw.githubusercontent.com/openfootball/europe/7faa522aef63fa9a6fcb9d8189bd8bc52381e967/netherlands/2021-22_nl2.txt,7faa522aef63fa9a6fcb9d8189bd8bc52381e967,171,2026-09-04T07:12:32.881Z,Eerste Divisie,2021-22,2021-10-15,Roda JC Kerkrade,Jong PSV,2,2,D,1,1,D,Matchday 11,source_reported_FT,Roda JC Kerkrade,Jong PSV
openfootball/europe,https://raw.githubusercontent.com/openfootball/europe/7faa522aef63fa9a6fcb9d8189bd8bc52381e967/netherlands/2021-22_nl2.txt,7faa522aef63fa9a6fcb9d8189bd8bc52381e967,167,2026-09-04T07:12:32.881Z,Eerste Divisie,2021-22,2021-10-15,SBV Excelsior,VVV-Venlo,3,0,H,1,0,H,Matchday 11,source_reported_FT,SBV Excelsior,VVV-Venlo
openfootball/europe,https://raw.githubusercontent.com/openfootball/europe/7faa522aef63fa9a6fcb9d8189bd8bc52381e967/netherlands/2021-22_nl2.txt,7faa522aef63fa9a6fcb9d8189bd8bc52381e967,168,2026-09-04T07:12:32.881Z,Eerste Divisie,2021-22,2021-10-15,TOP Oss,FC Emmen,1,2,A,0,0,D,Matchday 11,source_reported_FT,TOP Oss,FC Emmen
openfootball/europe,https://raw.githubusercontent.com/openfootball/europe/7faa522aef63fa9a6fcb9d8189bd8bc52381e967/netherlands/2021-22_nl2.txt,7faa522aef63fa9a6fcb9d8189bd8bc52381e967,172,2026-09-04T07:12:32.881Z,Eerste Divisie,2021-22,2021-10-15,Telstar,FC Volendam,1,5,A,1,4,A,Matchday 11,source_reported_FT,Telstar,FC Volendam
openfootball/europe,https://raw.githubusercontent.com/openfootball/europe/7faa522aef63fa9a6fcb9d8189bd8bc52381e967/netherlands/2021-22_nl2.txt,7faa522aef63fa9a6fcb9d8189bd8bc52381e967,159,2026-09-04T07:12:32.881Z,Eerste Divisie,2021-22,2021-10-18,AZ Alkmaar J,Jong Ajax,1,1,D,1,0,H,Matchday 10,source_reported_FT,AZ Alkmaar J,Jong Ajax
openfootball/europe,https://raw.githubusercontent.com/openfootball/europe/7faa522aef63fa9a6fcb9d8189bd8bc52381e967/netherlands/2021-22_nl2.txt,7faa522aef63fa9a6fcb9d8189bd8bc52381e967,160,2026-09-04T07:12:32.881Z,Eerste Divisie,2021-22,2021-10-18,FC Utrecht J,Roda JC Kerkrade,1,2,A,0,2,A,Matchday 10,source_reported_FT,FC Utrecht J,Roda JC Kerkrade
openfootball/europe,https://raw.githubusercontent.com/openfootball/europe/7faa522aef63fa9a6fcb9d8189bd8bc52381e967/netherlands/2021-22_nl2.txt,7faa522aef63fa9a6fcb9d8189bd8bc52381e967,158,2026-09-04T07:12:32.881Z,Eerste Divisie,2021-22,2021-10-18,FC Volendam,NAC Breda,1,0,H,1,0,H,Matchday 10,source_reported_FT,FC Volendam,NAC Breda
openfootball/europe,https://raw.githubusercontent.com/openfootball/europe/7faa522aef63fa9a6fcb9d8189bd8bc52381e967/netherlands/2021-22_nl2.txt,7faa522aef63fa9a6fcb9d8189bd8bc52381e967,161,2026-09-04T07:12:32.881Z,Eerste Divisie,2021-22,2021-10-18,Jong PSV,Telstar,2,3,A,0,2,A,Matchday 10,source_reported_FT,Jong PSV,Telstar
openfootball/europe,https://raw.githubusercontent.com/openfootball/europe/7faa522aef63fa9a6fcb9d8189bd8bc52381e967/netherlands/2021-22_nl2.txt,7faa522aef63fa9a6fcb9d8189bd8bc52381e967,180,2026-09-04T07:12:32.881Z,Eerste Divisie,2021-22,2021-10-22,ADO Den Haag,SBV Excelsior,0,2,A,0,0,D,Matchday 12,source_reported_FT,ADO Den Haag,SBV Excelsior
openfootball/europe,https://raw.githubusercontent.com/openfootball/europe/7faa522aef63fa9a6fcb9d8189bd8bc52381e967/netherlands/2021-22_nl2.txt,7faa522aef63fa9a6fcb9d8189bd8bc52381e967,184,2026-09-04T07:12:32.881Z,Eerste Divisie,2021-22,2021-10-22,AZ Alkmaar J,FC Volendam,0,1,A,0,0,D,Matchday 12,source_reported_FT,AZ Alkmaar J,FC Volendam
openfootball/europe,https://raw.githubusercontent.com/openfootball/europe/7faa522aef63fa9a6fcb9d8189bd8bc52381e967/netherlands/2021-22_nl2.txt,7faa522aef63fa9a6fcb9d8189bd8bc52381e967,181,2026-09-04T07:12:32.881Z,Eerste Divisie,2021-22,2021-10-22,Almere City FC,Jong PSV,3,5,A,2,2,D,Matchday 12,source_reported_FT,Almere City FC,Jong PSV
openfootball/europe,https://raw.githubusercontent.com/openfootball/europe/7faa522aef63fa9a6fcb9d8189bd8bc52381e967/netherlands/2021-22_nl2.txt,7faa522aef63fa9a6fcb9d8189bd8bc52381e967,182,2026-09-04T07:12:32.881Z,Eerste Divisie,2021-22,2021-10-22,FC Dordrecht,FC Den Bosch,3,3,D,0,3,A,Matchday 12,source_reported_FT,FC Dordrecht,FC Den Bosch
openfootball/europe,https://raw.githubusercontent.com/openfootball/europe/7faa522aef63fa9a6fcb9d8189bd8bc52381e967/netherlands/2021-22_nl2.txt,7faa522aef63fa9a6fcb9d8189bd8bc52381e967,183,2026-09-04T07:12:32.881Z,Eerste Divisie,2021-22,2021-10-22,FC Eindhoven,Jong Ajax,1,3,A,0,2,A,Matchday 12,source_reported_FT,FC Eindhoven,Jong Ajax
openfootball/europe,https://raw.githubusercontent.com/openfootball/europe/7faa522aef63fa9a6fcb9d8189bd8bc52381e967/netherlands/2021-22_nl2.txt,7faa522aef63fa9a6fcb9d8189bd8bc52381e967,185,2026-09-04T07:12:32.881Z,Eerste Divisie,2021-22,2021-10-22,FC Utrecht J,TOP Oss,2,1,H,1,0,H,Matchday 12,source_reported_FT,FC Utrecht J,TOP Oss
openfootball/europe,https://raw.githubusercontent.com/openfootball/europe/7faa522aef63fa9a6fcb9d8189bd8bc52381e967/netherlands/2021-22_nl2.txt,7faa522aef63fa9a6fcb9d8189bd8bc52381e967,188,2026-09-04T07:12:32.881Z,Eerste Divisie,2021-22,2021-10-22,NAC Breda,MVV,3,0,H,2,0,H,Matchday 12,source_reported_FT,NAC Breda,MVV
openfootball/europe,https://raw.githubusercontent.com/openfootball/europe/7faa522aef63fa9a6fcb9d8189bd8bc52381e967/netherlands/2021-22_nl2.txt,7faa522aef63fa9a6fcb9d8189bd8bc52381e967,186,2026-09-04T07:12:32.881Z,Eerste Divisie,2021-22,2021-10-22,Telstar,Helmond Sport,2,2,D,2,1,H,Matchday 12,source_reported_FT,Telstar,Helmond Sport
openfootball/europe,https://raw.githubusercontent.com/openfootball/europe/7faa522aef63fa9a6fcb9d8189bd8bc52381e967/netherlands/2021-22_nl2.txt,7faa522aef63fa9a6fcb9d8189bd8bc52381e967,187,2026-09-04T07:12:32.881Z,Eerste Divisie,2021-22,2021-10-22,VVV-Venlo,De Graafschap,1,2,A,0,0,D,Matchday 12,source_reported_FT,VVV-Venlo,De Graafschap
openfootball/europe,https://raw.githubusercontent.com/openfootball/europe/7faa522aef63fa9a6fcb9d8189bd8bc52381e967/netherlands/2021-22_nl2.txt,7faa522aef63fa9a6fcb9d8189bd8bc52381e967,190,2026-09-04T07:12:32.881Z,Eerste Divisie,2021-22,2021-10-23,Roda JC Kerkrade,FC Emmen,1,2,A,1,2,A,Matchday 12,source_reported_FT,Roda JC Kerkrade,FC Emmen
openfootball/europe,https://raw.githubusercontent.com/openfootball/europe/7faa522aef63fa9a6fcb9d8189bd8bc52381e967/netherlands/2021-22_nl2.txt,7faa522aef63fa9a6fcb9d8189bd8bc52381e967,195,2026-09-04T07:12:32.881Z,Eerste Divisie,2021-22,2021-10-29,De Graafschap,ADO Den Haag,1,0,H,0,0,D,Matchday 13,source_reported_FT,De Graafschap,ADO Den Haag
openfootball/europe,https://raw.githubusercontent.com/openfootball/europe/7faa522aef63fa9a6fcb9d8189bd8bc52381e967/netherlands/2021-22_nl2.txt,7faa522aef63fa9a6fcb9d8189bd8bc52381e967,196,2026-09-04T07:12:32.881Z,Eerste Divisie,2021-22,2021-10-29,FC Den Bosch,FC Utrecht J,2,1,H,2,0,H,Matchday 13,source_reported_FT,FC Den Bosch,FC Utrecht J
openfootball/europe,https://raw.githubusercontent.com/openfootball/europe/7faa522aef63fa9a6fcb9d8189bd8bc52381e967/netherlands/2021-22_nl2.txt,7faa522aef63fa9a6fcb9d8189bd8bc52381e967,197,2026-09-04T07:12:32.881Z,Eerste Divisie,2021-22,2021-10-29,FC Emmen,VVV-Venlo,1,0,H,0,0,D,Matchday 13,source_reported_FT,FC Emmen,VVV-Venlo
openfootball/europe,https://raw.githubusercontent.com/openfootball/europe/7faa522aef63fa9a6fcb9d8189bd8bc52381e967/netherlands/2021-22_nl2.txt,7faa522aef63fa9a6fcb9d8189bd8bc52381e967,198,2026-09-04T07:12:32.881Z,Eerste Divisie,2021-22,2021-10-29,FC Volendam,FC Dordrecht,4,2,H,2,1,H,Matchday 13,source_reported_FT,FC Volendam,FC Dordrecht
openfootball/europe,https://raw.githubusercontent.com/openfootball/europe/7faa522aef63fa9a6fcb9d8189bd8bc52381e967/netherlands/2021-22_nl2.txt,7faa522aef63fa9a6fcb9d8189bd8bc52381e967,200,2026-09-04T07:12:32.881Z,Eerste Divisie,2021-22,2021-10-30,SBV Excelsior,FC Eindhoven,3,4,A,1,2,A,Matchday 13,source_reported_FT,SBV Excelsior,FC Eindhoven
openfootball/europe,https://raw.githubusercontent.com/openfootball/europe/7faa522aef63fa9a6fcb9d8189bd8bc52381e967/netherlands/2021-22_nl2.txt,7faa522aef63fa9a6fcb9d8189bd8bc52381e967,201,2026-09-04T07:12:32.881Z,Eerste Divisie,2021-22,2021-10-30,TOP Oss,NAC Breda,1,3,A,1,2,A,Matchday 13,source_reported_FT,TOP Oss,NAC Breda
openfootball/europe,https://raw.githubusercontent.com/openfootball/europe/7faa522aef63fa9a6fcb9d8189bd8bc52381e967/netherlands/2021-22_nl2.txt,7faa522aef63fa9a6fcb9d8189bd8bc52381e967,203,2026-09-04T07:12:32.881Z,Eerste Divisie,2021-22,2021-11-01,Helmond Sport,Almere City FC,1,2,A,1,2,A,Matchday 13,source_reported_FT,Helmond Sport,Almere City FC
openfootball/europe,https://raw.githubusercontent.com/openfootball/europe/7faa522aef63fa9a6fcb9d8189bd8bc52381e967/netherlands/2021-22_nl2.txt,7faa522aef63fa9a6fcb9d8189bd8bc52381e967,204,2026-09-04T07:12:32.881Z,Eerste Divisie,2021-22,2021-11-01,Jong Ajax,Telstar,3,0,H,1,0,H,Matchday 13,source_reported_FT,Jong Ajax,Telstar
openfootball/europe,https://raw.githubusercontent.com/openfootball/europe/7faa522aef63fa9a6fcb9d8189bd8bc52381e967/netherlands/2021-22_nl2.txt,7faa522aef63fa9a6fcb9d8189bd8bc52381e967,205,2026-09-04T07:12:32.881Z,Eerste Divisie,2021-22,2021-11-01,Jong PSV,AZ Alkmaar J,2,0,H,1,0,H,Matchday 13,source_reported_FT,Jong PSV,AZ Alkmaar J
openfootball/europe,https://raw.githubusercontent.com/openfootball/europe/7faa522aef63fa9a6fcb9d8189bd8bc52381e967/netherlands/2021-22_nl2.txt,7faa522aef63fa9a6fcb9d8189bd8bc52381e967,215,2026-09-04T07:12:32.881Z,Eerste Divisie,2021-22,2021-11-05,AZ Alkmaar J,MVV,0,1,A,0,0,D,Matchday 14,source_reported_FT,AZ Alkmaar J,MVV
openfootball/europe,https://raw.githubusercontent.com/openfootball/europe/7faa522aef63fa9a6fcb9d8189bd8bc52381e967/netherlands/2021-22_nl2.txt,7faa522aef63fa9a6fcb9d8189bd8bc52381e967,212,2026-09-04T07:12:32.881Z,Eerste Divisie,2021-22,2021-11-05,FC Den Bosch,De Graafschap,2,1,H,1,1,D,Matchday 14,source_reported_FT,FC Den Bosch,De Graafschap
openfootball/europe,https://raw.githubusercontent.com/openfootball/europe/7faa522aef63fa9a6fcb9d8189bd8bc52381e967/netherlands/2021-22_nl2.txt,7faa522aef63fa9a6fcb9d8189bd8bc52381e967,213,2026-09-04T07:12:32.881Z,Eerste Divisie,2021-22,2021-11-05,FC Dordrecht,NAC Breda,2,1,H,0,0,D,Matchday 14,source_reported_FT,FC Dordrecht,NAC Breda
openfootball/europe,https://raw.githubusercontent.com/openfootball/europe/7faa522aef63fa9a6fcb9d8189bd8bc52381e967/netherlands/2021-22_nl2.txt,7faa522aef63fa9a6fcb9d8189bd8bc52381e967,216,2026-09-04T07:12:32.881Z,Eerste Divisie,2021-22,2021-11-05,FC Utrecht J,FC Eindhoven,0,6,A,0,4,A,Matchday 14,source_reported_FT,FC Utrecht J,FC Eindhoven
openfootball/europe,https://raw.githubusercontent.com/openfootball/europe/7faa522aef63fa9a6fcb9d8189bd8bc52381e967/netherlands/2021-22_nl2.txt,7faa522aef63fa9a6fcb9d8189bd8bc52381e967,214,2026-09-04T07:12:32.881Z,Eerste Divisie,2021-22,2021-11-05,FC Volendam,FC Emmen,2,2,D,2,1,H,Matchday 14,source_reported_FT,FC Volendam,FC Emmen
openfootball/europe,https://raw.githubusercontent.com/openfootball/europe/7faa522aef63fa9a6fcb9d8189bd8bc52381e967/netherlands/2021-22_nl2.txt,7faa522aef63fa9a6fcb9d8189bd8bc52381e967,219,2026-09-04T07:12:32.881Z,Eerste Divisie,2021-22,2021-11-05,Helmond Sport,Roda JC Kerkrade,0,3,A,0,2,A,Matchday 14,source_reported_FT,Helmond Sport,Roda JC Kerkrade
openfootball/europe,https://raw.githubusercontent.com/openfootball/europe/7faa522aef63fa9a6fcb9d8189bd8bc52381e967/netherlands/2021-22_nl2.txt,7faa522aef63fa9a6fcb9d8189bd8bc52381e967,217,2026-09-04T07:12:32.881Z,Eerste Divisie,2021-22,2021-11-05,Jong PSV,TOP Oss,2,2,D,0,1,A,Matchday 14,source_reported_FT,Jong PSV,TOP Oss
openfootball/europe,https://raw.githubusercontent.com/openfootball/europe/7faa522aef63fa9a6fcb9d8189bd8bc52381e967/netherlands/2021-22_nl2.txt,7faa522aef63fa9a6fcb9d8189bd8bc52381e967,218,2026-09-04T07:12:32.881Z,Eerste Divisie,2021-22,2021-11-05,VVV-Venlo,Jong Ajax,1,3,A,0,1,A,Matchday 14,source_reported_FT,VVV-Venlo,Jong Ajax
openfootball/europe,https://raw.githubusercontent.com/openfootball/europe/7faa522aef63fa9a6fcb9d8189bd8bc52381e967/netherlands/2021-22_nl2.txt,7faa522aef63fa9a6fcb9d8189bd8bc52381e967,221,2026-09-04T07:12:32.881Z,Eerste Divisie,2021-22,2021-11-06,Telstar,SBV Excelsior,2,5,A,1,3,A,Matchday 14,source_reported_FT,Telstar,SBV Excelsior
openfootball/europe,https://raw.githubusercontent.com/openfootball/europe/7faa522aef63fa9a6fcb9d8189bd8bc52381e967/netherlands/2021-22_nl2.txt,7faa522aef63fa9a6fcb9d8189bd8bc52381e967,223,2026-09-04T07:12:32.881Z,Eerste Divisie,2021-22,2021-11-07,Almere City FC,ADO Den Haag,1,3,A,1,2,A,Matchday 14,source_reported_FT,Almere City FC,ADO Den Haag
openfootball/europe,https://raw.githubusercontent.com/openfootball/europe/7faa522aef63fa9a6fcb9d8189bd8bc52381e967/netherlands/2021-22_nl2.txt,7faa522aef63fa9a6fcb9d8189bd8bc52381e967,228,2026-09-04T07:12:32.881Z,Eerste Divisie,2021-22,2021-11-12,TOP Oss,Helmond Sport,0,0,D,,,,Matchday 15,source_reported_FT,TOP Oss,Helmond Sport
openfootball/europe,https://raw.githubusercontent.com/openfootball/europe/7faa522aef63fa9a6fcb9d8189bd8bc52381e967/netherlands/2021-22_nl2.txt,7faa522aef63fa9a6fcb9d8189bd8bc52381e967,230,2026-09-04T07:12:32.881Z,Eerste Divisie,2021-22,2021-11-13,FC Eindhoven,FC Dordrecht,5,1,H,4,0,H,Matchday 15,source_reported_FT,FC Eindhoven,FC Dordrecht
openfootball/europe,https://raw.githubusercontent.com/openfootball/europe/7faa522aef63fa9a6fcb9d8189bd8bc52381e967/netherlands/2021-22_nl2.txt,7faa522aef63fa9a6fcb9d8189bd8bc52381e967,233,2026-09-04T07:12:32.881Z,Eerste Divisie,2021-22,2021-11-14,ADO Den Haag,VVV-Venlo,2,0,H,1,0,H,Matchday 15,source_reported_FT,ADO Den Haag,VVV-Venlo
openfootball/europe,https://raw.githubusercontent.com/openfootball/europe/7faa522aef63fa9a6fcb9d8189bd8bc52381e967/netherlands/2021-22_nl2.txt,7faa522aef63fa9a6fcb9d8189bd8bc52381e967,232,2026-09-04T07:12:32.881Z,Eerste Divisie,2021-22,2021-11-14,De Graafschap,Telstar,1,1,D,0,0,D,Matchday 15,source_reported_FT,De Graafschap,Telstar
openfootball/europe,https://raw.githubusercontent.com/openfootball/europe/7faa522aef63fa9a6fcb9d8189bd8bc52381e967/netherlands/2021-22_nl2.txt,7faa522aef63fa9a6fcb9d8189bd8bc52381e967,234,2026-09-04T07:12:32.881Z,Eerste Divisie,2021-22,2021-11-14,SBV Excelsior,Almere City FC,4,4,D,2,1,H,Matchday 15,source_reported_FT,SBV Excelsior,Almere City FC
openfootball/europe,https://raw.githubusercontent.com/openfootball/europe/7faa522aef63fa9a6fcb9d8189bd8bc52381e967/netherlands/2021-22_nl2.txt,7faa522aef63fa9a6fcb9d8189bd8bc52381e967,236,2026-09-04T07:12:32.881Z,Eerste Divisie,2021-22,2021-11-15,MVV,FC Den Bosch,0,1,A,0,0,D,Matchday 15,source_reported_FT,MVV,FC Den Bosch
openfootball/europe,https://raw.githubusercontent.com/openfootball/europe/7faa522aef63fa9a6fcb9d8189bd8bc52381e967/netherlands/2021-22_nl2.txt,7faa522aef63fa9a6fcb9d8189bd8bc52381e967,246,2026-09-04T07:12:32.881Z,Eerste Divisie,2021-22,2021-11-19,Almere City FC,MVV,0,2,A,0,0,D,Matchday 16,source_reported_FT,Almere City FC,MVV
openfootball/europe,https://raw.githubusercontent.com/openfootball/europe/7faa522aef63fa9a6fcb9d8189bd8bc52381e967/netherlands/2021-22_nl2.txt,7faa522aef63fa9a6fcb9d8189bd8bc52381e967,247,2026-09-04T07:12:32.881Z,Eerste Divisie,2021-22,2021-11-19,FC Den Bosch,TOP Oss,1,0,H,1,0,H,Matchday 16,source_reported_FT,FC Den Bosch,TOP Oss
openfootball/europe,https://raw.githubusercontent.com/openfootball/europe/7faa522aef63fa9a6fcb9d8189bd8bc52381e967/netherlands/2021-22_nl2.txt,7faa522aef63fa9a6fcb9d8189bd8bc52381e967,248,2026-09-04T07:12:32.881Z,Eerste Divisie,2021-22,2021-11-19,FC Dordrecht,De Graafschap,0,4,A,0,0,D,Matchday 16,source_reported_FT,FC Dordrecht,De Graafschap
openfootball/europe,https://raw.githubusercontent.com/openfootball/europe/7faa522aef63fa9a6fcb9d8189bd8bc52381e967/netherlands/2021-22_nl2.txt,7faa522aef63fa9a6fcb9d8189bd8bc52381e967,249,2026-09-04T07:12:32.881Z,Eerste Divisie,2021-22,2021-11-19,FC Emmen,Jong PSV,2,0,H,1,0,H,Matchday 16,source_reported_FT,FC Emmen,Jong PSV
openfootball/europe,https://raw.githubusercontent.com/openfootball/europe/7faa522aef63fa9a6fcb9d8189bd8bc52381e967/netherlands/2021-22_nl2.txt,7faa522aef63fa9a6fcb9d8189bd8bc52381e967,250,2026-09-04T07:12:32.881Z,Eerste Divisie,2021-22,2021-11-19,Helmond Sport,SBV Excelsior,1,5,A,0,2,A,Matchday 16,source_reported_FT,Helmond Sport,SBV Excelsior
openfootball/europe,https://raw.githubusercontent.com/openfootball/europe/7faa522aef63fa9a6fcb9d8189bd8bc52381e967/netherlands/2021-22_nl2.txt,7faa522aef63fa9a6fcb9d8189bd8bc52381e967,251,2026-09-04T07:12:32.881Z,Eerste Divisie,2021-22,2021-11-19,Jong Ajax,FC Volendam,4,4,D,4,2,H,Matchday 16,source_reported_FT,Jong Ajax,FC Volendam
openfootball/europe,https://raw.githubusercontent.com/openfootball/europe/7faa522aef63fa9a6fcb9d8189bd8bc52381e967/netherlands/2021-22_nl2.txt,7faa522aef63fa9a6fcb9d8189bd8bc52381e967,252,2026-09-04T07:12:32.881Z,Eerste Divisie,2021-22,2021-11-19,NAC Breda,FC Utrecht J,1,1,D,0,0,D,Matchday 16,source_reported_FT,NAC Breda,FC Utrecht J
openfootball/europe,https://raw.githubusercontent.com/openfootball/europe/7faa522aef63fa9a6fcb9d8189bd8bc52381e967/netherlands/2021-22_nl2.txt,7faa522aef63fa9a6fcb9d8189bd8bc52381e967,253,2026-09-04T07:12:32.881Z,Eerste Divisie,2021-22,2021-11-19,Roda JC Kerkrade,AZ Alkmaar J,2,2,D,1,1,D,Matchday 16,source_reported_FT,Roda JC Kerkrade,AZ Alkmaar J
openfootball/europe,https://raw.githubusercontent.com/openfootball/europe/7faa522aef63fa9a6fcb9d8189bd8bc52381e967/netherlands/2021-22_nl2.txt,7faa522aef63fa9a6fcb9d8189bd8bc52381e967,254,2026-09-04T07:12:32.881Z,Eerste Divisie,2021-22,2021-11-19,Telstar,ADO Den Haag,0,2,A,0,2,A,Matchday 16,source_reported_FT,Telstar,ADO Den Haag
openfootball/europe,https://raw.githubusercontent.com/openfootball/europe/7faa522aef63fa9a6fcb9d8189bd8bc52381e967/netherlands/2021-22_nl2.txt,7faa522aef63fa9a6fcb9d8189bd8bc52381e967,255,2026-09-04T07:12:32.881Z,Eerste Divisie,2021-22,2021-11-19,VVV-Venlo,FC Eindhoven,2,0,H,1,0,H,Matchday 16,source_reported_FT,VVV-Venlo,FC Eindhoven
openfootball/europe,https://raw.githubusercontent.com/openfootball/europe/7faa522aef63fa9a6fcb9d8189bd8bc52381e967/netherlands/2021-22_nl2.txt,7faa522aef63fa9a6fcb9d8189bd8bc52381e967,239,2026-09-04T07:12:32.881Z,Eerste Divisie,2021-22,2021-11-22,AZ Alkmaar J,FC Emmen,0,0,D,,,,Matchday 15,source_reported_FT,AZ Alkmaar J,FC Emmen
openfootball/europe,https://raw.githubusercontent.com/openfootball/europe/7faa522aef63fa9a6fcb9d8189bd8bc52381e967/netherlands/2021-22_nl2.txt,7faa522aef63fa9a6fcb9d8189bd8bc52381e967,240,2026-09-04T07:12:32.881Z,Eerste Divisie,2021-22,2021-11-22,FC Utrecht J,FC Volendam,0,1,A,0,0,D,Matchday 15,source_reported_FT,FC Utrecht J,FC Volendam
openfootball/europe,https://raw.githubusercontent.com/openfootball/europe/7faa522aef63fa9a6fcb9d8189bd8bc52381e967/netherlands/2021-22_nl2.txt,7faa522aef63fa9a6fcb9d8189bd8bc52381e967,238,2026-09-04T07:12:32.881Z,Eerste Divisie,2021-22,2021-11-22,Jong Ajax,Roda JC Kerkrade,2,1,H,0,0,D,Matchday 15,source_reported_FT,Jong Ajax,Roda JC Kerkrade
openfootball/europe,https://raw.githubusercontent.com/openfootball/europe/7faa522aef63fa9a6fcb9d8189bd8bc52381e967/netherlands/2021-22_nl2.txt,7faa522aef63fa9a6fcb9d8189bd8bc52381e967,241,2026-09-04T07:12:32.881Z,Eerste Divisie,2021-22,2021-11-22,Jong PSV,NAC Breda,0,0,D,,,,Matchday 15,source_reported_FT,Jong PSV,NAC Breda
openfootball/europe,https://raw.githubusercontent.com/openfootball/europe/7faa522aef63fa9a6fcb9d8189bd8bc52381e967/netherlands/2021-22_nl2.txt,7faa522aef63fa9a6fcb9d8189bd8bc52381e967,260,2026-09-04T07:12:32.881Z,Eerste Divisie,2021-22,2021-11-26,ADO Den Haag,FC Dordrecht,5,1,H,4,0,H,Matchday 17,source_reported_FT,ADO Den Haag,FC Dordrecht
openfootball/europe,https://raw.githubusercontent.com/openfootball/europe/7faa522aef63fa9a6fcb9d8189bd8bc52381e967/netherlands/2021-22_nl2.txt,7faa522aef63fa9a6fcb9d8189bd8bc52381e967,261,2026-09-04T07:12:32.881Z,Eerste Divisie,2021-22,2021-11-26,De Graafschap,Jong Ajax,1,3,A,1,1,D,Matchday 17,source_reported_FT,De Graafschap,Jong Ajax
openfootball/europe,https://raw.githubusercontent.com/openfootball/europe/7faa522aef63fa9a6fcb9d8189bd8bc52381e967/netherlands/2021-22_nl2.txt,7faa522aef63fa9a6fcb9d8189bd8bc52381e967,262,2026-09-04T07:12:32.881Z,Eerste Divisie,2021-22,2021-11-26,FC Eindhoven,AZ Alkmaar J,1,0,H,1,0,H,Matchday 17,source_reported_FT,FC Eindhoven,AZ Alkmaar J
openfootball/europe,https://raw.githubusercontent.com/openfootball/europe/7faa522aef63fa9a6fcb9d8189bd8bc52381e967/netherlands/2021-22_nl2.txt,7faa522aef63fa9a6fcb9d8189bd8bc52381e967,265,2026-09-04T07:12:32.881Z,Eerste Divisie,2021-22,2021-11-26,FC Volendam,FC Den Bosch,3,0,H,1,0,H,Matchday 17,source_reported_FT,FC Volendam,FC Den Bosch
openfootball/europe,https://raw.githubusercontent.com/openfootball/europe/7faa522aef63fa9a6fcb9d8189bd8bc52381e967/netherlands/2021-22_nl2.txt,7faa522aef63fa9a6fcb9d8189bd8bc52381e967,266,2026-09-04T07:12:32.881Z,Eerste Divisie,2021-22,2021-11-26,MVV,Jong PSV,1,2,A,1,0,H,Matchday 17,source_reported_FT,MVV,Jong PSV
openfootball/europe,https://raw.githubusercontent.com/openfootball/europe/7faa522aef63fa9a6fcb9d8189bd8bc52381e967/netherlands/2021-22_nl2.txt,7faa522aef63fa9a6fcb9d8189bd8bc52381e967,267,2026-09-04T07:12:32.881Z,Eerste Divisie,2021-22,2021-11-26,Roda JC Kerkrade,VVV-Venlo,0,0,D,,,,Matchday 17,source_reported_FT,Roda JC Kerkrade,VVV-Venlo
openfootball/europe,https://raw.githubusercontent.com/openfootball/europe/7faa522aef63fa9a6fcb9d8189bd8bc52381e967/netherlands/2021-22_nl2.txt,7faa522aef63fa9a6fcb9d8189bd8bc52381e967,263,2026-09-04T07:12:32.881Z,Eerste Divisie,2021-22,2021-11-26,SBV Excelsior,FC Utrecht J,2,1,H,0,1,A,Matchday 17,source_reported_FT,SBV Excelsior,FC Utrecht J
openfootball/europe,https://raw.githubusercontent.com/openfootball/europe/7faa522aef63fa9a6fcb9d8189bd8bc52381e967/netherlands/2021-22_nl2.txt,7faa522aef63fa9a6fcb9d8189bd8bc52381e967,264,2026-09-04T07:12:32.881Z,Eerste Divisie,2021-22,2021-11-26,TOP Oss,Telstar,1,1,D,1,0,H,Matchday 17,source_reported_FT,TOP Oss,Telstar
openfootball/europe,https://raw.githubusercontent.com/openfootball/europe/7faa522aef63fa9a6fcb9d8189bd8bc52381e967/netherlands/2021-22_nl2.txt,7faa522aef63fa9a6fcb9d8189bd8bc52381e967,269,2026-09-04T07:12:32.881Z,Eerste Divisie,2021-22,2021-11-27,NAC Breda,Helmond Sport,1,0,H,0,0,D,Matchday 17,source_reported_FT,NAC Breda,Helmond Sport
openfootball/europe,https://raw.githubusercontent.com/openfootball/europe/7faa522aef63fa9a6fcb9d8189bd8bc52381e967/netherlands/2021-22_nl2.txt,7faa522aef63fa9a6fcb9d8189bd8bc52381e967,271,2026-09-04T07:12:32.881Z,Eerste Divisie,2021-22,2021-11-29,FC Emmen,Almere City FC,3,0,H,2,0,H,Matchday 17,source_reported_FT,FC Emmen,Almere City FC
openfootball/europe,https://raw.githubusercontent.com/openfootball/europe/7faa522aef63fa9a6fcb9d8189bd8bc52381e967/netherlands/2021-22_nl2.txt,7faa522aef63fa9a6fcb9d8189bd8bc52381e967,207,2026-09-04T07:12:32.881Z,Eerste Divisie,2021-22,2021-11-29,MVV,Roda JC Kerkrade,1,1,D,0,0,D,Matchday 13,source_reported_FT,MVV,Roda JC Kerkrade
openfootball/europe,https://raw.githubusercontent.com/openfootball/europe/7faa522aef63fa9a6fcb9d8189bd8bc52381e967/netherlands/2021-22_nl2.txt,7faa522aef63fa9a6fcb9d8189bd8bc52381e967,276,2026-09-04T07:12:32.881Z,Eerste Divisie,2021-22,2021-12-03,Almere City FC,FC Eindhoven,2,0,H,1,0,H,Matchday 18,source_reported_FT,Almere City FC,FC Eindhoven
openfootball/europe,https://raw.githubusercontent.com/openfootball/europe/7faa522aef63fa9a6fcb9d8189bd8bc52381e967/netherlands/2021-22_nl2.txt,7faa522aef63fa9a6fcb9d8189bd8bc52381e967,277,2026-09-04T07:12:32.881Z,Eerste Divisie,2021-22,2021-12-03,FC Den Bosch,NAC Breda,0,5,A,0,1,A,Matchday 18,source_reported_FT,FC Den Bosch,NAC Breda
openfootball/europe,https://raw.githubusercontent.com/openfootball/europe/7faa522aef63fa9a6fcb9d8189bd8bc52381e967/netherlands/2021-22_nl2.txt,7faa522aef63fa9a6fcb9d8189bd8bc52381e967,278,2026-09-04T07:12:32.881Z,Eerste Divisie,2021-22,2021-12-03,FC Dordrecht,Roda JC Kerkrade,2,5,A,1,1,D,Matchday 18,source_reported_FT,FC Dordrecht,Roda JC Kerkrade
openfootball/europe,https://raw.githubusercontent.com/openfootball/europe/7faa522aef63fa9a6fcb9d8189bd8bc52381e967/netherlands/2021-22_nl2.txt,7faa522aef63fa9a6fcb9d8189bd8bc52381e967,279,2026-09-04T07:12:32.881Z,Eerste Divisie,2021-22,2021-12-03,Helmond Sport,FC Volendam,1,1,D,1,1,D,Matchday 18,source_reported_FT,Helmond Sport,FC Volendam
openfootball/europe,https://raw.githubusercontent.com/openfootball/europe/7faa522aef63fa9a6fcb9d8189bd8bc52381e967/netherlands/2021-22_nl2.txt,7faa522aef63fa9a6fcb9d8189bd8bc52381e967,280,2026-09-04T07:12:32.881Z,Eerste Divisie,2021-22,2021-12-03,MVV,TOP Oss,1,1,D,0,1,A,Matchday 18,source_reported_FT,MVV,TOP Oss
openfootball/europe,https://raw.githubusercontent.com/openfootball/europe/7faa522aef63fa9a6fcb9d8189bd8bc52381e967/netherlands/2021-22_nl2.txt,7faa522aef63fa9a6fcb9d8189bd8bc52381e967,281,2026-09-04T07:12:32.881Z,Eerste Divisie,2021-22,2021-12-03,Telstar,VVV-Venlo,1,3,A,0,1,A,Matchday 18,source_reported_FT,Telstar,VVV-Venlo
openfootball/europe,https://raw.githubusercontent.com/openfootball/europe/7faa522aef63fa9a6fcb9d8189bd8bc52381e967/netherlands/2021-22_nl2.txt,7faa522aef63fa9a6fcb9d8189bd8bc52381e967,284,2026-09-04T07:12:32.881Z,Eerste Divisie,2021-22,2021-12-06,AZ Alkmaar J,SBV Excelsior,0,2,A,0,0,D,Matchday 18,source_reported_FT,AZ Alkmaar J,SBV Excelsior
openfootball/europe,https://raw.githubusercontent.com/openfootball/europe/7faa522aef63fa9a6fcb9d8189bd8bc52381e967/netherlands/2021-22_nl2.txt,7faa522aef63fa9a6fcb9d8189bd8bc52381e967,285,2026-09-04T07:12:32.881Z,Eerste Divisie,2021-22,2021-12-06,FC Utrecht J,ADO Den Haag,1,4,A,0,2,A,Matchday 18,source_reported_FT,FC Utrecht J,ADO Den Haag
openfootball/europe,https://raw.githubusercontent.com/openfootball/europe/7faa522aef63fa9a6fcb9d8189bd8bc52381e967/netherlands/2021-22_nl2.txt,7faa522aef63fa9a6fcb9d8189bd8bc52381e967,283,2026-09-04T07:12:32.881Z,Eerste Divisie,2021-22,2021-12-06,Jong Ajax,FC Emmen,1,0,H,0,0,D,Matchday 18,source_reported_FT,Jong Ajax,FC Emmen
openfootball/europe,https://raw.githubusercontent.com/openfootball/europe/7faa522aef63fa9a6fcb9d8189bd8bc52381e967/netherlands/2021-22_nl2.txt,7faa522aef63fa9a6fcb9d8189bd8bc52381e967,286,2026-09-04T07:12:32.881Z,Eerste Divisie,2021-22,2021-12-06,Jong PSV,De Graafschap,2,3,A,1,1,D,Matchday 18,source_reported_FT,Jong PSV,De Graafschap
openfootball/europe,https://raw.githubusercontent.com/openfootball/europe/7faa522aef63fa9a6fcb9d8189bd8bc52381e967/netherlands/2021-22_nl2.txt,7faa522aef63fa9a6fcb9d8189bd8bc52381e967,291,2026-09-04T07:12:32.881Z,Eerste Divisie,2021-22,2021-12-10,ADO Den Haag,AZ Alkmaar J,3,2,H,1,2,A,Matchday 19,source_reported_FT,ADO Den Haag,AZ Alkmaar J
openfootball/europe,https://raw.githubusercontent.com/openfootball/europe/7faa522aef63fa9a6fcb9d8189bd8bc52381e967/netherlands/2021-22_nl2.txt,7faa522aef63fa9a6fcb9d8189bd8bc52381e967,292,2026-09-04T07:12:32.881Z,Eerste Divisie,2021-22,2021-12-10,De Graafschap,Helmond Sport,0,1,A,0,0,D,Matchday 19,source_reported_FT,De Graafschap,Helmond Sport
openfootball/europe,https://raw.githubusercontent.com/openfootball/europe/7faa522aef63fa9a6fcb9d8189bd8bc52381e967/netherlands/2021-22_nl2.txt,7faa522aef63fa9a6fcb9d8189bd8bc52381e967,293,2026-09-04T07:12:32.881Z,Eerste Divisie,2021-22,2021-12-10,FC Eindhoven,Telstar,1,1,D,1,0,H,Matchday 19,source_reported_FT,FC Eindhoven,Telstar
openfootball/europe,https://raw.githubusercontent.com/openfootball/europe/7faa522aef63fa9a6fcb9d8189bd8bc52381e967/netherlands/2021-22_nl2.txt,7faa522aef63fa9a6fcb9d8189bd8bc52381e967,295,2026-09-04T07:12:32.881Z,Eerste Divisie,2021-22,2021-12-10,FC Emmen,FC Dordrecht,2,1,H,0,0,D,Matchday 19,source_reported_FT,FC Emmen,FC Dordrecht
openfootball/europe,https://raw.githubusercontent.com/openfootball/europe/7faa522aef63fa9a6fcb9d8189bd8bc52381e967/netherlands/2021-22_nl2.txt,7faa522aef63fa9a6fcb9d8189bd8bc52381e967,297,2026-09-04T07:12:32.881Z,Eerste Divisie,2021-22,2021-12-10,FC Volendam,Jong PSV,3,2,H,2,0,H,Matchday 19,source_reported_FT,FC Volendam,Jong PSV
openfootball/europe,https://raw.githubusercontent.com/openfootball/europe/7faa522aef63fa9a6fcb9d8189bd8bc52381e967/netherlands/2021-22_nl2.txt,7faa522aef63fa9a6fcb9d8189bd8bc52381e967,298,2026-09-04T07:12:32.881Z,Eerste Divisie,2021-22,2021-12-10,NAC Breda,Almere City FC,1,1,D,0,0,D,Matchday 19,source_reported_FT,NAC Breda,Almere City FC
openfootball/europe,https://raw.githubusercontent.com/openfootball/europe/7faa522aef63fa9a6fcb9d8189bd8bc52381e967/netherlands/2021-22_nl2.txt,7faa522aef63fa9a6fcb9d8189bd8bc52381e967,299,2026-09-04T07:12:32.881Z,Eerste Divisie,2021-22,2021-12-10,Roda JC Kerkrade,FC Den Bosch,3,2,H,2,2,D,Matchday 19,source_reported_FT,Roda JC Kerkrade,FC Den Bosch
openfootball/europe,https://raw.githubusercontent.com/openfootball/europe/7faa522aef63fa9a6fcb9d8189bd8bc52381e967/netherlands/2021-22_nl2.txt,7faa522aef63fa9a6fcb9d8189bd8bc52381e967,294,2026-09-04T07:12:32.881Z,Eerste Divisie,2021-22,2021-12-10,SBV Excelsior,MVV,2,1,H,1,0,H,Matchday 19,source_reported_FT,SBV Excelsior,MVV
openfootball/europe,https://raw.githubusercontent.com/openfootball/europe/7faa522aef63fa9a6fcb9d8189bd8bc52381e967/netherlands/2021-22_nl2.txt,7faa522aef63fa9a6fcb9d8189bd8bc52381e967,296,2026-09-04T07:12:32.881Z,Eerste Divisie,2021-22,2021-12-10,TOP Oss,Jong Ajax,1,1,D,0,0,D,Matchday 19,source_reported_FT,TOP Oss,Jong Ajax
openfootball/europe,https://raw.githubusercontent.com/openfootball/europe/7faa522aef63fa9a6fcb9d8189bd8bc52381e967/netherlands/2021-22_nl2.txt,7faa522aef63fa9a6fcb9d8189bd8bc52381e967,300,2026-09-04T07:12:32.881Z,Eerste Divisie,2021-22,2021-12-10,VVV-Venlo,FC Utrecht J,1,2,A,1,0,H,Matchday 19,source_reported_FT,VVV-Venlo,FC Utrecht J
openfootball/europe,https://raw.githubusercontent.com/openfootball/europe/7faa522aef63fa9a6fcb9d8189bd8bc52381e967/netherlands/2021-22_nl2.txt,7faa522aef63fa9a6fcb9d8189bd8bc52381e967,305,2026-09-04T07:12:32.881Z,Eerste Divisie,2021-22,2021-12-17,ADO Den Haag,NAC Breda,4,1,H,1,1,D,Matchday 20,source_reported_FT,ADO Den Haag,NAC Breda
openfootball/europe,https://raw.githubusercontent.com/openfootball/europe/7faa522aef63fa9a6fcb9d8189bd8bc52381e967/netherlands/2021-22_nl2.txt,7faa522aef63fa9a6fcb9d8189bd8bc52381e967,309,2026-09-04T07:12:32.881Z,Eerste Divisie,2021-22,2021-12-17,Almere City FC,FC Volendam,2,3,A,1,0,H,Matchday 20,source_reported_FT,Almere City FC,FC Volendam
openfootball/europe,https://raw.githubusercontent.com/openfootball/europe/7faa522aef63fa9a6fcb9d8189bd8bc52381e967/netherlands/2021-22_nl2.txt,7faa522aef63fa9a6fcb9d8189bd8bc52381e967,306,2026-09-04T07:12:32.881Z,Eerste Divisie,2021-22,2021-12-17,MVV,FC Emmen,0,1,A,0,0,D,Matchday 20,source_reported_FT,MVV,FC Emmen
openfootball/europe,https://raw.githubusercontent.com/openfootball/europe/7faa522aef63fa9a6fcb9d8189bd8bc52381e967/netherlands/2021-22_nl2.txt,7faa522aef63fa9a6fcb9d8189bd8bc52381e967,307,2026-09-04T07:12:32.881Z,Eerste Divisie,2021-22,2021-12-17,Telstar,Jong PSV,0,0,D,,,,Matchday 20,source_reported_FT,Telstar,Jong PSV
openfootball/europe,https://raw.githubusercontent.com/openfootball/europe/7faa522aef63fa9a6fcb9d8189bd8bc52381e967/netherlands/2021-22_nl2.txt,7faa522aef63fa9a6fcb9d8189bd8bc52381e967,308,2026-09-04T07:12:32.881Z,Eerste Divisie,2021-22,2021-12-17,VVV-Venlo,TOP Oss,2,3,A,1,2,A,Matchday 20,source_reported_FT,VVV-Venlo,TOP Oss
openfootball/europe,https://raw.githubusercontent.com/openfootball/europe/7faa522aef63fa9a6fcb9d8189bd8bc52381e967/netherlands/2021-22_nl2.txt,7faa522aef63fa9a6fcb9d8189bd8bc52381e967,312,2026-09-04T07:12:32.881Z,Eerste Divisie,2021-22,2021-12-18,FC Dordrecht,SBV Excelsior,1,1,D,0,0,D,Matchday 20,source_reported_FT,FC Dordrecht,SBV Excelsior
openfootball/europe,https://raw.githubusercontent.com/openfootball/europe/7faa522aef63fa9a6fcb9d8189bd8bc52381e967/netherlands/2021-22_nl2.txt,7faa522aef63fa9a6fcb9d8189bd8bc52381e967,311,2026-09-04T07:12:32.881Z,Eerste Divisie,2021-22,2021-12-18,FC Eindhoven,Roda JC Kerkrade,1,1,D,0,0,D,Matchday 20,source_reported_FT,FC Eindhoven,Roda JC Kerkrade
openfootball/europe,https://raw.githubusercontent.com/openfootball/europe/7faa522aef63fa9a6fcb9d8189bd8bc52381e967/netherlands/2021-22_nl2.txt,7faa522aef63fa9a6fcb9d8189bd8bc52381e967,315,2026-09-04T07:12:32.881Z,Eerste Divisie,2021-22,2021-12-20,AZ Alkmaar J,FC Den Bosch,3,3,D,1,2,A,Matchday 20,source_reported_FT,AZ Alkmaar J,FC Den Bosch
openfootball/europe,https://raw.githubusercontent.com/openfootball/europe/7faa522aef63fa9a6fcb9d8189bd8bc52381e967/netherlands/2021-22_nl2.txt,7faa522aef63fa9a6fcb9d8189bd8bc52381e967,316,2026-09-04T07:12:32.881Z,Eerste Divisie,2021-22,2021-12-20,FC Utrecht J,De Graafschap,0,2,A,0,1,A,Matchday 20,source_reported_FT,FC Utrecht J,De Graafschap
openfootball/europe,https://raw.githubusercontent.com/openfootball/europe/7faa522aef63fa9a6fcb9d8189bd8bc52381e967/netherlands/2021-22_nl2.txt,7faa522aef63fa9a6fcb9d8189bd8bc52381e967,314,2026-09-04T07:12:32.881Z,Eerste Divisie,2021-22,2021-12-20,Jong Ajax,Helmond Sport,1,1,D,0,0,D,Matchday 20,source_reported_FT,Jong Ajax,Helmond Sport
openfootball/europe,https://raw.githubusercontent.com/openfootball/europe/7faa522aef63fa9a6fcb9d8189bd8bc52381e967/netherlands/2021-22_nl2.txt,7faa522aef63fa9a6fcb9d8189bd8bc52381e967,321,2026-09-04T07:12:32.881Z,Eerste Divisie,2021-22,2022-01-07,Helmond Sport,FC Dordrecht,1,2,A,0,0,D,Matchday 21,source_reported_FT,Helmond Sport,FC Dordrecht
openfootball/europe,https://raw.githubusercontent.com/openfootball/europe/7faa522aef63fa9a6fcb9d8189bd8bc52381e967/netherlands/2021-22_nl2.txt,7faa522aef63fa9a6fcb9d8189bd8bc52381e967,322,2026-09-04T07:12:32.881Z,Eerste Divisie,2021-22,2022-01-07,Roda JC Kerkrade,MVV,1,0,H,0,0,D,Matchday 21,source_reported_FT,Roda JC Kerkrade,MVV
openfootball/europe,https://raw.githubusercontent.com/openfootball/europe/7faa522aef63fa9a6fcb9d8189bd8bc52381e967/netherlands/2021-22_nl2.txt,7faa522aef63fa9a6fcb9d8189bd8bc52381e967,324,2026-09-04T07:12:32.881Z,Eerste Divisie,2021-22,2022-01-08,FC Den Bosch,FC Emmen,0,2,A,0,1,A,Matchday 21,source_reported_FT,FC Den Bosch,FC Emmen
openfootball/europe,https://raw.githubusercontent.com/openfootball/europe/7faa522aef63fa9a6fcb9d8189bd8bc52381e967/netherlands/2021-22_nl2.txt,7faa522aef63fa9a6fcb9d8189bd8bc52381e967,325,2026-09-04T07:12:32.881Z,Eerste Divisie,2021-22,2022-01-08,NAC Breda,FC Eindhoven,0,0,D,,,,Matchday 21,source_reported_FT,NAC Breda,FC Eindhoven
openfootball/europe,https://raw.githubusercontent.com/openfootball/europe/7faa522aef63fa9a6fcb9d8189bd8bc52381e967/netherlands/2021-22_nl2.txt,7faa522aef63fa9a6fcb9d8189bd8bc52381e967,328,2026-09-04T07:12:32.881Z,Eerste Divisie,2021-22,2022-01-09,De Graafschap,VVV-Venlo,1,2,A,0,1,A,Matchday 21,source_reported_FT,De Graafschap,VVV-Venlo
openfootball/europe,https://raw.githubusercontent.com/openfootball/europe/7faa522aef63fa9a6fcb9d8189bd8bc52381e967/netherlands/2021-22_nl2.txt,7faa522aef63fa9a6fcb9d8189bd8bc52381e967,327,2026-09-04T07:12:32.881Z,Eerste Divisie,2021-22,2022-01-09,FC Volendam,Telstar,2,1,H,2,1,H,Matchday 21,source_reported_FT,FC Volendam,Telstar
openfootball/europe,https://raw.githubusercontent.com/openfootball/europe/7faa522aef63fa9a6fcb9d8189bd8bc52381e967/netherlands/2021-22_nl2.txt,7faa522aef63fa9a6fcb9d8189bd8bc52381e967,330,2026-09-04T07:12:32.881Z,Eerste Divisie,2021-22,2022-01-10,FC Utrecht J,Jong Ajax,0,2,A,0,1,A,Matchday 21,source_reported_FT,FC Utrecht J,Jong Ajax
openfootball/europe,https://raw.githubusercontent.com/openfootball/europe/7faa522aef63fa9a6fcb9d8189bd8bc52381e967/netherlands/2021-22_nl2.txt,7faa522aef63fa9a6fcb9d8189bd8bc52381e967,331,2026-09-04T07:12:32.881Z,Eerste Divisie,2021-22,2022-01-10,Jong PSV,Almere City FC,5,1,H,3,1,H,Matchday 21,source_reported_FT,Jong PSV,Almere City FC
openfootball/europe,https://raw.githubusercontent.com/openfootball/europe/7faa522aef63fa9a6fcb9d8189bd8bc52381e967/netherlands/2021-22_nl2.txt,7faa522aef63fa9a6fcb9d8189bd8bc52381e967,340,2026-09-04T07:12:32.881Z,Eerste Divisie,2021-22,2022-01-14,Almere City FC,Roda JC Kerkrade,0,4,A,0,3,A,Matchday 22,source_reported_FT,Almere City FC,Roda JC Kerkrade
openfootball/europe,https://raw.githubusercontent.com/openfootball/europe/7faa522aef63fa9a6fcb9d8189bd8bc52381e967/netherlands/2021-22_nl2.txt,7faa522aef63fa9a6fcb9d8189bd8bc52381e967,341,2026-09-04T07:12:32.881Z,Eerste Divisie,2021-22,2022-01-14,FC Eindhoven,FC Utrecht J,4,0,H,0,0,D,Matchday 22,source_reported_FT,FC Eindhoven,FC Utrecht J
openfootball/europe,https://raw.githubusercontent.com/openfootball/europe/7faa522aef63fa9a6fcb9d8189bd8bc52381e967/netherlands/2021-22_nl2.txt,7faa522aef63fa9a6fcb9d8189bd8bc52381e967,343,2026-09-04T07:12:32.881Z,Eerste Divisie,2021-22,2022-01-14,NAC Breda,FC Volendam,0,0,D,,,,Matchday 22,source_reported_FT,NAC Breda,FC Volendam
openfootball/europe,https://raw.githubusercontent.com/openfootball/europe/7faa522aef63fa9a6fcb9d8189bd8bc52381e967/netherlands/2021-22_nl2.txt,7faa522aef63fa9a6fcb9d8189bd8bc52381e967,342,2026-09-04T07:12:32.881Z,Eerste Divisie,2021-22,2022-01-14,SBV Excelsior,De Graafschap,0,0,D,,,,Matchday 22,source_reported_FT,SBV Excelsior,De Graafschap
openfootball/europe,https://raw.githubusercontent.com/openfootball/europe/7faa522aef63fa9a6fcb9d8189bd8bc52381e967/netherlands/2021-22_nl2.txt,7faa522aef63fa9a6fcb9d8189bd8bc52381e967,344,2026-09-04T07:12:32.881Z,Eerste Divisie,2021-22,2022-01-14,Telstar,MVV,2,1,H,2,0,H,Matchday 22,source_reported_FT,Telstar,MVV
openfootball/europe,https://raw.githubusercontent.com/openfootball/europe/7faa522aef63fa9a6fcb9d8189bd8bc52381e967/netherlands/2021-22_nl2.txt,7faa522aef63fa9a6fcb9d8189bd8bc52381e967,345,2026-09-04T07:12:32.881Z,Eerste Divisie,2021-22,2022-01-14,VVV-Venlo,Jong PSV,1,4,A,1,1,D,Matchday 22,source_reported_FT,VVV-Venlo,Jong PSV
openfootball/europe,https://raw.githubusercontent.com/openfootball/europe/7faa522aef63fa9a6fcb9d8189bd8bc52381e967/netherlands/2021-22_nl2.txt,7faa522aef63fa9a6fcb9d8189bd8bc52381e967,347,2026-09-04T07:12:32.881Z,Eerste Divisie,2021-22,2022-01-15,ADO Den Haag,TOP Oss,2,0,H,0,0,D,Matchday 22,source_reported_FT,ADO Den Haag,TOP Oss
openfootball/europe,https://raw.githubusercontent.com/openfootball/europe/7faa522aef63fa9a6fcb9d8189bd8bc52381e967/netherlands/2021-22_nl2.txt,7faa522aef63fa9a6fcb9d8189bd8bc52381e967,349,2026-09-04T07:12:32.881Z,Eerste Divisie,2021-22,2022-01-17,FC Dordrecht,AZ Alkmaar J,2,0,H,1,0,H,Matchday 22,source_reported_FT,FC Dordrecht,AZ Alkmaar J
openfootball/europe,https://raw.githubusercontent.com/openfootball/europe/7faa522aef63fa9a6fcb9d8189bd8bc52381e967/netherlands/2021-22_nl2.txt,7faa522aef63fa9a6fcb9d8189bd8bc52381e967,350,2026-09-04T07:12:32.881Z,Eerste Divisie,2021-22,2022-01-17,Jong Ajax,FC Den Bosch,2,1,H,1,0,H,Matchday 22,source_reported_FT,Jong Ajax,FC Den Bosch
openfootball/europe,https://raw.githubusercontent.com/openfootball/europe/7faa522aef63fa9a6fcb9d8189bd8bc52381e967/netherlands/2021-22_nl2.txt,7faa522aef63fa9a6fcb9d8189bd8bc52381e967,360,2026-09-04T07:12:32.881Z,Eerste Divisie,2021-22,2022-01-21,AZ Alkmaar J,VVV-Venlo,2,0,H,1,0,H,Matchday 23,source_reported_FT,AZ Alkmaar J,VVV-Venlo
openfootball/europe,https://raw.githubusercontent.com/openfootball/europe/7faa522aef63fa9a6fcb9d8189bd8bc52381e967/netherlands/2021-22_nl2.txt,7faa522aef63fa9a6fcb9d8189bd8bc52381e967,357,2026-09-04T07:12:32.881Z,Eerste Divisie,2021-22,2022-01-21,De Graafschap,Almere City FC,1,0,H,0,0,D,Matchday 23,source_reported_FT,De Graafschap,Almere City FC
openfootball/europe,https://raw.githubusercontent.com/openfootball/europe/7faa522aef63fa9a6fcb9d8189bd8bc52381e967/netherlands/2021-22_nl2.txt,7faa522aef63fa9a6fcb9d8189bd8bc52381e967,358,2026-09-04T07:12:32.881Z,Eerste Divisie,2021-22,2022-01-21,FC Den Bosch,FC Eindhoven,0,2,A,0,1,A,Matchday 23,source_reported_FT,FC Den Bosch,FC Eindhoven
openfootball/europe,https://raw.githubusercontent.com/openfootball/europe/7faa522aef63fa9a6fcb9d8189bd8bc52381e967/netherlands/2021-22_nl2.txt,7faa522aef63fa9a6fcb9d8189bd8bc52381e967,361,2026-09-04T07:12:32.881Z,Eerste Divisie,2021-22,2022-01-21,FC Utrecht J,FC Dordrecht,0,4,A,0,3,A,Matchday 23,source_reported_FT,FC Utrecht J,FC Dordrecht
openfootball/europe,https://raw.githubusercontent.com/openfootball/europe/7faa522aef63fa9a6fcb9d8189bd8bc52381e967/netherlands/2021-22_nl2.txt,7faa522aef63fa9a6fcb9d8189bd8bc52381e967,359,2026-09-04T07:12:32.881Z,Eerste Divisie,2021-22,2022-01-21,Helmond Sport,TOP Oss,1,3,A,1,1,D,Matchday 23,source_reported_FT,Helmond Sport,TOP Oss
openfootball/europe,https://raw.githubusercontent.com/openfootball/europe/7faa522aef63fa9a6fcb9d8189bd8bc52381e967/netherlands/2021-22_nl2.txt,7faa522aef63fa9a6fcb9d8189bd8bc52381e967,362,2026-09-04T07:12:32.881Z,Eerste Divisie,2021-22,2022-01-21,Jong PSV,SBV Excelsior,3,0,H,0,0,D,Matchday 23,source_reported_FT,Jong PSV,SBV Excelsior
openfootball/europe,https://raw.githubusercontent.com/openfootball/europe/7faa522aef63fa9a6fcb9d8189bd8bc52381e967/netherlands/2021-22_nl2.txt,7faa522aef63fa9a6fcb9d8189bd8bc52381e967,363,2026-09-04T07:12:32.881Z,Eerste Divisie,2021-22,2022-01-21,MVV,FC Volendam,0,1,A,0,0,D,Matchday 23,source_reported_FT,MVV,FC Volendam
openfootball/europe,https://raw.githubusercontent.com/openfootball/europe/7faa522aef63fa9a6fcb9d8189bd8bc52381e967/netherlands/2021-22_nl2.txt,7faa522aef63fa9a6fcb9d8189bd8bc52381e967,364,2026-09-04T07:12:32.881Z,Eerste Divisie,2021-22,2022-01-21,Roda JC Kerkrade,ADO Den Haag,5,0,H,1,0,H,Matchday 23,source_reported_FT,Roda JC Kerkrade,ADO Den Haag
openfootball/europe,https://raw.githubusercontent.com/openfootball/europe/7faa522aef63fa9a6fcb9d8189bd8bc52381e967/netherlands/2021-22_nl2.txt,7faa522aef63fa9a6fcb9d8189bd8bc52381e967,366,2026-09-04T07:12:32.881Z,Eerste Divisie,2021-22,2022-01-22,FC Emmen,NAC Breda,2,0,H,2,0,H,Matchday 23,source_reported_FT,FC Emmen,NAC Breda
openfootball/europe,https://raw.githubusercontent.com/openfootball/europe/7faa522aef63fa9a6fcb9d8189bd8bc52381e967/netherlands/2021-22_nl2.txt,7faa522aef63fa9a6fcb9d8189bd8bc52381e967,368,2026-09-04T07:12:32.881Z,Eerste Divisie,2021-22,2022-01-23,Telstar,Jong Ajax,1,0,H,1,0,H,Matchday 23,source_reported_FT,Telstar,Jong Ajax
openfootball/europe,https://raw.githubusercontent.com/openfootball/europe/7faa522aef63fa9a6fcb9d8189bd8bc52381e967/netherlands/2021-22_nl2.txt,7faa522aef63fa9a6fcb9d8189bd8bc52381e967,333,2026-09-04T07:12:32.881Z,Eerste Divisie,2021-22,2022-01-24,TOP Oss,AZ Alkmaar J,1,0,H,0,0,D,Matchday 21,source_reported_FT,TOP Oss,AZ Alkmaar J
openfootball/europe,https://raw.githubusercontent.com/openfootball/europe/7faa522aef63fa9a6fcb9d8189bd8bc52381e967/netherlands/2021-22_nl2.txt,7faa522aef63fa9a6fcb9d8189bd8bc52381e967,335,2026-09-04T07:12:32.881Z,Eerste Divisie,2021-22,2022-01-25,SBV Excelsior,ADO Den Haag,2,3,A,1,2,A,Matchday 21,source_reported_FT,SBV Excelsior,ADO Den Haag
openfootball/europe,https://raw.githubusercontent.com/openfootball/europe/7faa522aef63fa9a6fcb9d8189bd8bc52381e967/netherlands/2021-22_nl2.txt,7faa522aef63fa9a6fcb9d8189bd8bc52381e967,373,2026-09-04T07:12:32.881Z,Eerste Divisie,2021-22,2022-01-28,TOP Oss,FC Den Bosch,2,1,H,1,0,H,Matchday 24,source_reported_FT,TOP Oss,FC Den Bosch
openfootball/europe,https://raw.githubusercontent.com/openfootball/europe/7faa522aef63fa9a6fcb9d8189bd8bc52381e967/netherlands/2021-22_nl2.txt,7faa522aef63fa9a6fcb9d8189bd8bc52381e967,376,2026-09-04T07:12:32.881Z,Eerste Divisie,2021-22,2022-01-29,FC Eindhoven,MVV,1,0,H,0,0,D,Matchday 24,source_reported_FT,FC Eindhoven,MVV
openfootball/europe,https://raw.githubusercontent.com/openfootball/europe/7faa522aef63fa9a6fcb9d8189bd8bc52381e967/netherlands/2021-22_nl2.txt,7faa522aef63fa9a6fcb9d8189bd8bc52381e967,375,2026-09-04T07:12:32.881Z,Eerste Divisie,2021-22,2022-01-29,SBV Excelsior,FC Emmen,0,1,A,0,0,D,Matchday 24,source_reported_FT,SBV Excelsior,FC Emmen
openfootball/europe,https://raw.githubusercontent.com/openfootball/europe/7faa522aef63fa9a6fcb9d8189bd8bc52381e967/netherlands/2021-22_nl2.txt,7faa522aef63fa9a6fcb9d8189bd8bc52381e967,380,2026-09-04T07:12:32.881Z,Eerste Divisie,2021-22,2022-01-30,ADO Den Haag,De Graafschap,0,0,D,,,,Matchday 24,source_reported_FT,ADO Den Haag,De Graafschap
openfootball/europe,https://raw.githubusercontent.com/openfootball/europe/7faa522aef63fa9a6fcb9d8189bd8bc52381e967/netherlands/2021-22_nl2.txt,7faa522aef63fa9a6fcb9d8189bd8bc52381e967,379,2026-09-04T07:12:32.881Z,Eerste Divisie,2021-22,2022-01-30,Almere City FC,Telstar,0,0,D,,,,Matchday 24,source_reported_FT,Almere City FC,Telstar
openfootball/europe,https://raw.githubusercontent.com/openfootball/europe/7faa522aef63fa9a6fcb9d8189bd8bc52381e967/netherlands/2021-22_nl2.txt,7faa522aef63fa9a6fcb9d8189bd8bc52381e967,378,2026-09-04T07:12:32.881Z,Eerste Divisie,2021-22,2022-01-30,VVV-Venlo,FC Dordrecht,4,2,H,1,0,H,Matchday 24,source_reported_FT,VVV-Venlo,FC Dordrecht
openfootball/europe,https://raw.githubusercontent.com/openfootball/europe/7faa522aef63fa9a6fcb9d8189bd8bc52381e967/netherlands/2021-22_nl2.txt,7faa522aef63fa9a6fcb9d8189bd8bc52381e967,391,2026-09-04T07:12:32.881Z,Eerste Divisie,2021-22,2022-02-04,FC Dordrecht,Almere City FC,2,2,D,0,2,A,Matchday 25,source_reported_FT,FC Dordrecht,Almere City FC
openfootball/europe,https://raw.githubusercontent.com/openfootball/europe/7faa522aef63fa9a6fcb9d8189bd8bc52381e967/netherlands/2021-22_nl2.txt,7faa522aef63fa9a6fcb9d8189bd8bc52381e967,392,2026-09-04T07:12:32.881Z,Eerste Divisie,2021-22,2022-02-04,FC Emmen,TOP Oss,3,1,H,1,0,H,Matchday 25,source_reported_FT,FC Emmen,TOP Oss
openfootball/europe,https://raw.githubusercontent.com/openfootball/europe/7faa522aef63fa9a6fcb9d8189bd8bc52381e967/netherlands/2021-22_nl2.txt,7faa522aef63fa9a6fcb9d8189bd8bc52381e967,393,2026-09-04T07:12:32.881Z,Eerste Divisie,2021-22,2022-02-04,FC Volendam,FC Utrecht J,2,0,H,2,0,H,Matchday 25,source_reported_FT,FC Volendam,FC Utrecht J
openfootball/europe,https://raw.githubusercontent.com/openfootball/europe/7faa522aef63fa9a6fcb9d8189bd8bc52381e967/netherlands/2021-22_nl2.txt,7faa522aef63fa9a6fcb9d8189bd8bc52381e967,394,2026-09-04T07:12:32.881Z,Eerste Divisie,2021-22,2022-02-04,Jong Ajax,AZ Alkmaar J,2,1,H,1,0,H,Matchday 25,source_reported_FT,Jong Ajax,AZ Alkmaar J
openfootball/europe,https://raw.githubusercontent.com/openfootball/europe/7faa522aef63fa9a6fcb9d8189bd8bc52381e967/netherlands/2021-22_nl2.txt,7faa522aef63fa9a6fcb9d8189bd8bc52381e967,395,2026-09-04T07:12:32.881Z,Eerste Divisie,2021-22,2022-02-04,Jong PSV,Helmond Sport,2,0,H,1,0,H,Matchday 25,source_reported_FT,Jong PSV,Helmond Sport
openfootball/europe,https://raw.githubusercontent.com/openfootball/europe/7faa522aef63fa9a6fcb9d8189bd8bc52381e967/netherlands/2021-22_nl2.txt,7faa522aef63fa9a6fcb9d8189bd8bc52381e967,396,2026-09-04T07:12:32.881Z,Eerste Divisie,2021-22,2022-02-04,MVV,VVV-Venlo,0,5,A,0,4,A,Matchday 25,source_reported_FT,MVV,VVV-Venlo
openfootball/europe,https://raw.githubusercontent.com/openfootball/europe/7faa522aef63fa9a6fcb9d8189bd8bc52381e967/netherlands/2021-22_nl2.txt,7faa522aef63fa9a6fcb9d8189bd8bc52381e967,397,2026-09-04T07:12:32.881Z,Eerste Divisie,2021-22,2022-02-04,NAC Breda,Roda JC Kerkrade,2,2,D,0,0,D,Matchday 25,source_reported_FT,NAC Breda,Roda JC Kerkrade
openfootball/europe,https://raw.githubusercontent.com/openfootball/europe/7faa522aef63fa9a6fcb9d8189bd8bc52381e967/netherlands/2021-22_nl2.txt,7faa522aef63fa9a6fcb9d8189bd8bc52381e967,398,2026-09-04T07:12:32.881Z,Eerste Divisie,2021-22,2022-02-04,Telstar,De Graafschap,0,3,A,0,3,A,Matchday 25,source_reported_FT,Telstar,De Graafschap
openfootball/europe,https://raw.githubusercontent.com/openfootball/europe/7faa522aef63fa9a6fcb9d8189bd8bc52381e967/netherlands/2021-22_nl2.txt,7faa522aef63fa9a6fcb9d8189bd8bc52381e967,400,2026-09-04T07:12:32.881Z,Eerste Divisie,2021-22,2022-02-06,FC Den Bosch,ADO Den Haag,0,1,A,0,0,D,Matchday 25,source_reported_FT,FC Den Bosch,ADO Den Haag
openfootball/europe,https://raw.githubusercontent.com/openfootball/europe/7faa522aef63fa9a6fcb9d8189bd8bc52381e967/netherlands/2021-22_nl2.txt,7faa522aef63fa9a6fcb9d8189bd8bc52381e967,402,2026-09-04T07:12:32.881Z,Eerste Divisie,2021-22,2022-02-07,FC Eindhoven,SBV Excelsior,4,1,H,3,1,H,Matchday 25,source_reported_FT,FC Eindhoven,SBV Excelsior
openfootball/europe,https://raw.githubusercontent.com/openfootball/europe/7faa522aef63fa9a6fcb9d8189bd8bc52381e967/netherlands/2021-22_nl2.txt,7faa522aef63fa9a6fcb9d8189bd8bc52381e967,383,2026-09-04T07:12:32.881Z,Eerste Divisie,2021-22,2022-02-07,FC Utrecht J,Helmond Sport,3,2,H,1,1,D,Matchday 24,source_reported_FT,FC Utrecht J,Helmond Sport
openfootball/europe,https://raw.githubusercontent.com/openfootball/europe/7faa522aef63fa9a6fcb9d8189bd8bc52381e967/netherlands/2021-22_nl2.txt,7faa522aef63fa9a6fcb9d8189bd8bc52381e967,382,2026-09-04T07:12:32.881Z,Eerste Divisie,2021-22,2022-02-07,Jong Ajax,Jong PSV,2,0,H,0,0,D,Matchday 24,source_reported_FT,Jong Ajax,Jong PSV
openfootball/europe,https://raw.githubusercontent.com/openfootball/europe/7faa522aef63fa9a6fcb9d8189bd8bc52381e967/netherlands/2021-22_nl2.txt,7faa522aef63fa9a6fcb9d8189bd8bc52381e967,384,2026-09-04T07:12:32.881Z,Eerste Divisie,2021-22,2022-02-07,Roda JC Kerkrade,FC Volendam,1,1,D,0,1,A,Matchday 24,source_reported_FT,Roda JC Kerkrade,FC Volendam
openfootball/europe,https://raw.githubusercontent.com/openfootball/europe/7faa522aef63fa9a6fcb9d8189bd8bc52381e967/netherlands/2021-22_nl2.txt,7faa522aef63fa9a6fcb9d8189bd8bc52381e967,407,2026-09-04T07:12:32.881Z,Eerste Divisie,2021-22,2022-02-11,ADO Den Haag,MVV,2,3,A,0,2,A,Matchday 26,source_reported_FT,ADO Den Haag,MVV
openfootball/europe,https://raw.githubusercontent.com/openfootball/europe/7faa522aef63fa9a6fcb9d8189bd8bc52381e967/netherlands/2021-22_nl2.txt,7faa522aef63fa9a6fcb9d8189bd8bc52381e967,408,2026-09-04T07:12:32.881Z,Eerste Divisie,2021-22,2022-02-11,Almere City FC,FC Emmen,0,0,D,,,,Matchday 26,source_reported_FT,Almere City FC,FC Emmen
openfootball/europe,https://raw.githubusercontent.com/openfootball/europe/7faa522aef63fa9a6fcb9d8189bd8bc52381e967/netherlands/2021-22_nl2.txt,7faa522aef63fa9a6fcb9d8189bd8bc52381e967,409,2026-09-04T07:12:32.881Z,Eerste Divisie,2021-22,2022-02-11,De Graafschap,FC Dordrecht,2,2,D,1,0,H,Matchday 26,source_reported_FT,De Graafschap,FC Dordrecht
openfootball/europe,https://raw.githubusercontent.com/openfootball/europe/7faa522aef63fa9a6fcb9d8189bd8bc52381e967/netherlands/2021-22_nl2.txt,7faa522aef63fa9a6fcb9d8189bd8bc52381e967,412,2026-09-04T07:12:32.881Z,Eerste Divisie,2021-22,2022-02-11,FC Volendam,AZ Alkmaar J,2,1,H,1,1,D,Matchday 26,source_reported_FT,FC Volendam,AZ Alkmaar J
openfootball/europe,https://raw.githubusercontent.com/openfootball/europe/7faa522aef63fa9a6fcb9d8189bd8bc52381e967/netherlands/2021-22_nl2.txt,7faa522aef63fa9a6fcb9d8189bd8bc52381e967,413,2026-09-04T07:12:32.881Z,Eerste Divisie,2021-22,2022-02-11,Helmond Sport,Telstar,2,2,D,1,1,D,Matchday 26,source_reported_FT,Helmond Sport,Telstar
openfootball/europe,https://raw.githubusercontent.com/openfootball/europe/7faa522aef63fa9a6fcb9d8189bd8bc52381e967/netherlands/2021-22_nl2.txt,7faa522aef63fa9a6fcb9d8189bd8bc52381e967,410,2026-09-04T07:12:32.881Z,Eerste Divisie,2021-22,2022-02-11,SBV Excelsior,Jong Ajax,6,2,H,3,1,H,Matchday 26,source_reported_FT,SBV Excelsior,Jong Ajax
openfootball/europe,https://raw.githubusercontent.com/openfootball/europe/7faa522aef63fa9a6fcb9d8189bd8bc52381e967/netherlands/2021-22_nl2.txt,7faa522aef63fa9a6fcb9d8189bd8bc52381e967,411,2026-09-04T07:12:32.881Z,Eerste Divisie,2021-22,2022-02-11,TOP Oss,FC Eindhoven,1,2,A,1,1,D,Matchday 26,source_reported_FT,TOP Oss,FC Eindhoven
openfootball/europe,https://raw.githubusercontent.com/openfootball/europe/7faa522aef63fa9a6fcb9d8189bd8bc52381e967/netherlands/2021-22_nl2.txt,7faa522aef63fa9a6fcb9d8189bd8bc52381e967,415,2026-09-04T07:12:32.881Z,Eerste Divisie,2021-22,2022-02-13,NAC Breda,FC Den Bosch,2,0,H,1,0,H,Matchday 26,source_reported_FT,NAC Breda,FC Den Bosch
openfootball/europe,https://raw.githubusercontent.com/openfootball/europe/7faa522aef63fa9a6fcb9d8189bd8bc52381e967/netherlands/2021-22_nl2.txt,7faa522aef63fa9a6fcb9d8189bd8bc52381e967,416,2026-09-04T07:12:32.881Z,Eerste Divisie,2021-22,2022-02-13,VVV-Venlo,Roda JC Kerkrade,1,1,D,1,1,D,Matchday 26,source_reported_FT,VVV-Venlo,Roda JC Kerkrade
openfootball/europe,https://raw.githubusercontent.com/openfootball/europe/7faa522aef63fa9a6fcb9d8189bd8bc52381e967/netherlands/2021-22_nl2.txt,7faa522aef63fa9a6fcb9d8189bd8bc52381e967,418,2026-09-04T07:12:32.881Z,Eerste Divisie,2021-22,2022-02-14,Jong PSV,FC Utrecht J,0,2,A,0,1,A,Matchday 26,source_reported_FT,Jong PSV,FC Utrecht J
openfootball/europe,https://raw.githubusercontent.com/openfootball/europe/7faa522aef63fa9a6fcb9d8189bd8bc52381e967/netherlands/2021-22_nl2.txt,7faa522aef63fa9a6fcb9d8189bd8bc52381e967,386,2026-09-04T07:12:32.881Z,Eerste Divisie,2021-22,2022-02-21,AZ Alkmaar J,NAC Breda,0,2,A,0,1,A,Matchday 24,source_reported_FT,AZ Alkmaar J,NAC Breda
openfootball/europe,https://raw.githubusercontent.com/openfootball/europe/7faa522aef63fa9a6fcb9d8189bd8bc52381e967/netherlands/2021-22_nl2.txt,7faa522aef63fa9a6fcb9d8189bd8bc52381e967,424,2026-09-04T07:12:32.881Z,Eerste Divisie,2021-22,2022-02-21,FC Utrecht J,SBV Excelsior,0,1,A,0,1,A,Matchday 27,source_reported_FT,FC Utrecht J,SBV Excelsior
openfootball/europe,https://raw.githubusercontent.com/openfootball/europe/7faa522aef63fa9a6fcb9d8189bd8bc52381e967/netherlands/2021-22_nl2.txt,7faa522aef63fa9a6fcb9d8189bd8bc52381e967,423,2026-09-04T07:12:32.881Z,Eerste Divisie,2021-22,2022-02-21,Jong Ajax,Almere City FC,1,3,A,1,2,A,Matchday 27,source_reported_FT,Jong Ajax,Almere City FC
openfootball/europe,https://raw.githubusercontent.com/openfootball/europe/7faa522aef63fa9a6fcb9d8189bd8bc52381e967/netherlands/2021-22_nl2.txt,7faa522aef63fa9a6fcb9d8189bd8bc52381e967,445,2026-09-04T07:12:32.881Z,Eerste Divisie,2021-22,2022-02-25,AZ Alkmaar J,FC Eindhoven,1,3,A,0,1,A,Matchday 28,source_reported_FT,AZ Alkmaar J,FC Eindhoven
openfootball/europe,https://raw.githubusercontent.com/openfootball/europe/7faa522aef63fa9a6fcb9d8189bd8bc52381e967/netherlands/2021-22_nl2.txt,7faa522aef63fa9a6fcb9d8189bd8bc52381e967,438,2026-09-04T07:12:32.881Z,Eerste Divisie,2021-22,2022-02-25,Almere City FC,VVV-Venlo,0,1,A,0,1,A,Matchday 28,source_reported_FT,Almere City FC,VVV-Venlo
openfootball/europe,https://raw.githubusercontent.com/openfootball/europe/7faa522aef63fa9a6fcb9d8189bd8bc52381e967/netherlands/2021-22_nl2.txt,7faa522aef63fa9a6fcb9d8189bd8bc52381e967,439,2026-09-04T07:12:32.881Z,Eerste Divisie,2021-22,2022-02-25,De Graafschap,FC Den Bosch,0,0,D,,,,Matchday 28,source_reported_FT,De Graafschap,FC Den Bosch
openfootball/europe,https://raw.githubusercontent.com/openfootball/europe/7faa522aef63fa9a6fcb9d8189bd8bc52381e967/netherlands/2021-22_nl2.txt,7faa522aef63fa9a6fcb9d8189bd8bc52381e967,440,2026-09-04T07:12:32.881Z,Eerste Divisie,2021-22,2022-02-25,FC Dordrecht,MVV,3,1,H,0,1,A,Matchday 28,source_reported_FT,FC Dordrecht,MVV
openfootball/europe,https://raw.githubusercontent.com/openfootball/europe/7faa522aef63fa9a6fcb9d8189bd8bc52381e967/netherlands/2021-22_nl2.txt,7faa522aef63fa9a6fcb9d8189bd8bc52381e967,442,2026-09-04T07:12:32.881Z,Eerste Divisie,2021-22,2022-02-25,FC Emmen,Jong Ajax,2,1,H,0,1,A,Matchday 28,source_reported_FT,FC Emmen,Jong Ajax
openfootball/europe,https://raw.githubusercontent.com/openfootball/europe/7faa522aef63fa9a6fcb9d8189bd8bc52381e967/netherlands/2021-22_nl2.txt,7faa522aef63fa9a6fcb9d8189bd8bc52381e967,444,2026-09-04T07:12:32.881Z,Eerste Divisie,2021-22,2022-02-25,FC Volendam,Helmond Sport,4,1,H,4,0,H,Matchday 28,source_reported_FT,FC Volendam,Helmond Sport
openfootball/europe,https://raw.githubusercontent.com/openfootball/europe/7faa522aef63fa9a6fcb9d8189bd8bc52381e967/netherlands/2021-22_nl2.txt,7faa522aef63fa9a6fcb9d8189bd8bc52381e967,446,2026-09-04T07:12:32.881Z,Eerste Divisie,2021-22,2022-02-25,NAC Breda,Jong PSV,3,1,H,1,1,D,Matchday 28,source_reported_FT,NAC Breda,Jong PSV
openfootball/europe,https://raw.githubusercontent.com/openfootball/europe/7faa522aef63fa9a6fcb9d8189bd8bc52381e967/netherlands/2021-22_nl2.txt,7faa522aef63fa9a6fcb9d8189bd8bc52381e967,441,2026-09-04T07:12:32.881Z,Eerste Divisie,2021-22,2022-02-25,SBV Excelsior,Roda JC Kerkrade,2,0,H,2,0,H,Matchday 28,source_reported_FT,SBV Excelsior,Roda JC Kerkrade
openfootball/europe,https://raw.githubusercontent.com/openfootball/europe/7faa522aef63fa9a6fcb9d8189bd8bc52381e967/netherlands/2021-22_nl2.txt,7faa522aef63fa9a6fcb9d8189bd8bc52381e967,443,2026-09-04T07:12:32.881Z,Eerste Divisie,2021-22,2022-02-25,TOP Oss,FC Utrecht J,4,1,H,4,0,H,Matchday 28,source_reported_FT,TOP Oss,FC Utrecht J
openfootball/europe,https://raw.githubusercontent.com/openfootball/europe/7faa522aef63fa9a6fcb9d8189bd8bc52381e967/netherlands/2021-22_nl2.txt,7faa522aef63fa9a6fcb9d8189bd8bc52381e967,352,2026-09-04T07:12:32.881Z,Eerste Divisie,2021-22,2022-03-01,FC Emmen,Helmond Sport,1,2,A,0,1,A,Matchday 22,source_reported_FT,FC Emmen,Helmond Sport
openfootball/europe,https://raw.githubusercontent.com/openfootball/europe/7faa522aef63fa9a6fcb9d8189bd8bc52381e967/netherlands/2021-22_nl2.txt,7faa522aef63fa9a6fcb9d8189bd8bc52381e967,453,2026-09-04T07:12:32.881Z,Eerste Divisie,2021-22,2022-03-04,De Graafschap,AZ Alkmaar J,0,0,D,,,,Matchday 29,source_reported_FT,De Graafschap,AZ Alkmaar J
openfootball/europe,https://raw.githubusercontent.com/openfootball/europe/7faa522aef63fa9a6fcb9d8189bd8bc52381e967/netherlands/2021-22_nl2.txt,7faa522aef63fa9a6fcb9d8189bd8bc52381e967,455,2026-09-04T07:12:32.881Z,Eerste Divisie,2021-22,2022-03-04,Helmond Sport,FC Eindhoven,1,2,A,0,1,A,Matchday 29,source_reported_FT,Helmond Sport,FC Eindhoven
openfootball/europe,https://raw.githubusercontent.com/openfootball/europe/7faa522aef63fa9a6fcb9d8189bd8bc52381e967/netherlands/2021-22_nl2.txt,7faa522aef63fa9a6fcb9d8189bd8bc52381e967,456,2026-09-04T07:12:32.881Z,Eerste Divisie,2021-22,2022-03-04,MVV,NAC Breda,1,2,A,0,1,A,Matchday 29,source_reported_FT,MVV,NAC Breda
openfootball/europe,https://raw.githubusercontent.com/openfootball/europe/7faa522aef63fa9a6fcb9d8189bd8bc52381e967/netherlands/2021-22_nl2.txt,7faa522aef63fa9a6fcb9d8189bd8bc52381e967,457,2026-09-04T07:12:32.881Z,Eerste Divisie,2021-22,2022-03-04,Roda JC Kerkrade,FC Dordrecht,4,0,H,2,0,H,Matchday 29,source_reported_FT,Roda JC Kerkrade,FC Dordrecht
openfootball/europe,https://raw.githubusercontent.com/openfootball/europe/7faa522aef63fa9a6fcb9d8189bd8bc52381e967/netherlands/2021-22_nl2.txt,7faa522aef63fa9a6fcb9d8189bd8bc52381e967,454,2026-09-04T07:12:32.881Z,Eerste Divisie,2021-22,2022-03-04,SBV Excelsior,FC Den Bosch,4,0,H,1,0,H,Matchday 29,source_reported_FT,SBV Excelsior,FC Den Bosch
openfootball/europe,https://raw.githubusercontent.com/openfootball/europe/7faa522aef63fa9a6fcb9d8189bd8bc52381e967/netherlands/2021-22_nl2.txt,7faa522aef63fa9a6fcb9d8189bd8bc52381e967,458,2026-09-04T07:12:32.881Z,Eerste Divisie,2021-22,2022-03-04,Telstar,TOP Oss,2,2,D,1,1,D,Matchday 29,source_reported_FT,Telstar,TOP Oss
openfootball/europe,https://raw.githubusercontent.com/openfootball/europe/7faa522aef63fa9a6fcb9d8189bd8bc52381e967/netherlands/2021-22_nl2.txt,7faa522aef63fa9a6fcb9d8189bd8bc52381e967,459,2026-09-04T07:12:32.881Z,Eerste Divisie,2021-22,2022-03-04,VVV-Venlo,FC Volendam,0,0,D,,,,Matchday 29,source_reported_FT,VVV-Venlo,FC Volendam
openfootball/europe,https://raw.githubusercontent.com/openfootball/europe/7faa522aef63fa9a6fcb9d8189bd8bc52381e967/netherlands/2021-22_nl2.txt,7faa522aef63fa9a6fcb9d8189bd8bc52381e967,468,2026-09-04T07:12:32.881Z,Eerste Divisie,2021-22,2022-03-07,AZ Alkmaar J,Telstar,3,2,H,2,2,D,Matchday 30,source_reported_FT,AZ Alkmaar J,Telstar
openfootball/europe,https://raw.githubusercontent.com/openfootball/europe/7faa522aef63fa9a6fcb9d8189bd8bc52381e967/netherlands/2021-22_nl2.txt,7faa522aef63fa9a6fcb9d8189bd8bc52381e967,462,2026-09-04T07:12:32.881Z,Eerste Divisie,2021-22,2022-03-07,FC Utrecht J,Almere City FC,1,2,A,0,1,A,Matchday 29,source_reported_FT,FC Utrecht J,Almere City FC
openfootball/europe,https://raw.githubusercontent.com/openfootball/europe/7faa522aef63fa9a6fcb9d8189bd8bc52381e967/netherlands/2021-22_nl2.txt,7faa522aef63fa9a6fcb9d8189bd8bc52381e967,461,2026-09-04T07:12:32.881Z,Eerste Divisie,2021-22,2022-03-07,Jong Ajax,ADO Den Haag,6,3,H,3,1,H,Matchday 29,source_reported_FT,Jong Ajax,ADO Den Haag
openfootball/europe,https://raw.githubusercontent.com/openfootball/europe/7faa522aef63fa9a6fcb9d8189bd8bc52381e967/netherlands/2021-22_nl2.txt,7faa522aef63fa9a6fcb9d8189bd8bc52381e967,463,2026-09-04T07:12:32.881Z,Eerste Divisie,2021-22,2022-03-07,Jong PSV,FC Emmen,1,3,A,1,1,D,Matchday 29,source_reported_FT,Jong PSV,FC Emmen
openfootball/europe,https://raw.githubusercontent.com/openfootball/europe/7faa522aef63fa9a6fcb9d8189bd8bc52381e967/netherlands/2021-22_nl2.txt,7faa522aef63fa9a6fcb9d8189bd8bc52381e967,470,2026-09-04T07:12:32.881Z,Eerste Divisie,2021-22,2022-03-11,Almere City FC,Helmond Sport,3,0,H,2,0,H,Matchday 30,source_reported_FT,Almere City FC,Helmond Sport
openfootball/europe,https://raw.githubusercontent.com/openfootball/europe/7faa522aef63fa9a6fcb9d8189bd8bc52381e967/netherlands/2021-22_nl2.txt,7faa522aef63fa9a6fcb9d8189bd8bc52381e967,471,2026-09-04T07:12:32.881Z,Eerste Divisie,2021-22,2022-03-11,FC Den Bosch,MVV,3,1,H,2,0,H,Matchday 30,source_reported_FT,FC Den Bosch,MVV
openfootball/europe,https://raw.githubusercontent.com/openfootball/europe/7faa522aef63fa9a6fcb9d8189bd8bc52381e967/netherlands/2021-22_nl2.txt,7faa522aef63fa9a6fcb9d8189bd8bc52381e967,472,2026-09-04T07:12:32.881Z,Eerste Divisie,2021-22,2022-03-11,FC Dordrecht,Jong Ajax,3,3,D,2,1,H,Matchday 30,source_reported_FT,FC Dordrecht,Jong Ajax
openfootball/europe,https://raw.githubusercontent.com/openfootball/europe/7faa522aef63fa9a6fcb9d8189bd8bc52381e967/netherlands/2021-22_nl2.txt,7faa522aef63fa9a6fcb9d8189bd8bc52381e967,473,2026-09-04T07:12:32.881Z,Eerste Divisie,2021-22,2022-03-11,FC Eindhoven,VVV-Venlo,4,0,H,2,0,H,Matchday 30,source_reported_FT,FC Eindhoven,VVV-Venlo
openfootball/europe,https://raw.githubusercontent.com/openfootball/europe/7faa522aef63fa9a6fcb9d8189bd8bc52381e967/netherlands/2021-22_nl2.txt,7faa522aef63fa9a6fcb9d8189bd8bc52381e967,474,2026-09-04T07:12:32.881Z,Eerste Divisie,2021-22,2022-03-11,FC Emmen,FC Utrecht J,2,0,H,2,0,H,Matchday 30,source_reported_FT,FC Emmen,FC Utrecht J
openfootball/europe,https://raw.githubusercontent.com/openfootball/europe/7faa522aef63fa9a6fcb9d8189bd8bc52381e967/netherlands/2021-22_nl2.txt,7faa522aef63fa9a6fcb9d8189bd8bc52381e967,476,2026-09-04T07:12:32.881Z,Eerste Divisie,2021-22,2022-03-11,FC Volendam,SBV Excelsior,2,5,A,1,4,A,Matchday 30,source_reported_FT,FC Volendam,SBV Excelsior
openfootball/europe,https://raw.githubusercontent.com/openfootball/europe/7faa522aef63fa9a6fcb9d8189bd8bc52381e967/netherlands/2021-22_nl2.txt,7faa522aef63fa9a6fcb9d8189bd8bc52381e967,477,2026-09-04T07:12:32.881Z,Eerste Divisie,2021-22,2022-03-11,NAC Breda,De Graafschap,2,0,H,1,0,H,Matchday 30,source_reported_FT,NAC Breda,De Graafschap
openfootball/europe,https://raw.githubusercontent.com/openfootball/europe/7faa522aef63fa9a6fcb9d8189bd8bc52381e967/netherlands/2021-22_nl2.txt,7faa522aef63fa9a6fcb9d8189bd8bc52381e967,475,2026-09-04T07:12:32.881Z,Eerste Divisie,2021-22,2022-03-11,TOP Oss,Roda JC Kerkrade,1,2,A,0,1,A,Matchday 30,source_reported_FT,TOP Oss,Roda JC Kerkrade
openfootball/europe,https://raw.githubusercontent.com/openfootball/europe/7faa522aef63fa9a6fcb9d8189bd8bc52381e967/netherlands/2021-22_nl2.txt,7faa522aef63fa9a6fcb9d8189bd8bc52381e967,426,2026-09-04T07:12:32.881Z,Eerste Divisie,2021-22,2022-03-14,FC Den Bosch,Jong PSV,3,2,H,1,2,A,Matchday 27,source_reported_FT,FC Den Bosch,Jong PSV
openfootball/europe,https://raw.githubusercontent.com/openfootball/europe/7faa522aef63fa9a6fcb9d8189bd8bc52381e967/netherlands/2021-22_nl2.txt,7faa522aef63fa9a6fcb9d8189bd8bc52381e967,427,2026-09-04T07:12:32.881Z,Eerste Divisie,2021-22,2022-03-14,FC Dordrecht,TOP Oss,1,0,H,1,0,H,Matchday 27,source_reported_FT,FC Dordrecht,TOP Oss
openfootball/europe,https://raw.githubusercontent.com/openfootball/europe/7faa522aef63fa9a6fcb9d8189bd8bc52381e967/netherlands/2021-22_nl2.txt,7faa522aef63fa9a6fcb9d8189bd8bc52381e967,428,2026-09-04T07:12:32.881Z,Eerste Divisie,2021-22,2022-03-14,FC Eindhoven,ADO Den Haag,1,1,D,0,1,A,Matchday 27,source_reported_FT,FC Eindhoven,ADO Den Haag
openfootball/europe,https://raw.githubusercontent.com/openfootball/europe/7faa522aef63fa9a6fcb9d8189bd8bc52381e967/netherlands/2021-22_nl2.txt,7faa522aef63fa9a6fcb9d8189bd8bc52381e967,429,2026-09-04T07:12:32.881Z,Eerste Divisie,2021-22,2022-03-14,FC Emmen,FC Volendam,4,1,H,4,0,H,Matchday 27,source_reported_FT,FC Emmen,FC Volendam
openfootball/europe,https://raw.githubusercontent.com/openfootball/europe/7faa522aef63fa9a6fcb9d8189bd8bc52381e967/netherlands/2021-22_nl2.txt,7faa522aef63fa9a6fcb9d8189bd8bc52381e967,430,2026-09-04T07:12:32.881Z,Eerste Divisie,2021-22,2022-03-14,Helmond Sport,VVV-Venlo,0,3,A,0,1,A,Matchday 27,source_reported_FT,Helmond Sport,VVV-Venlo
openfootball/europe,https://raw.githubusercontent.com/openfootball/europe/7faa522aef63fa9a6fcb9d8189bd8bc52381e967/netherlands/2021-22_nl2.txt,7faa522aef63fa9a6fcb9d8189bd8bc52381e967,431,2026-09-04T07:12:32.881Z,Eerste Divisie,2021-22,2022-03-14,MVV,AZ Alkmaar J,2,3,A,0,1,A,Matchday 27,source_reported_FT,MVV,AZ Alkmaar J
openfootball/europe,https://raw.githubusercontent.com/openfootball/europe/7faa522aef63fa9a6fcb9d8189bd8bc52381e967/netherlands/2021-22_nl2.txt,7faa522aef63fa9a6fcb9d8189bd8bc52381e967,432,2026-09-04T07:12:32.881Z,Eerste Divisie,2021-22,2022-03-14,Roda JC Kerkrade,De Graafschap,2,0,H,1,0,H,Matchday 27,source_reported_FT,Roda JC Kerkrade,De Graafschap
openfootball/europe,https://raw.githubusercontent.com/openfootball/europe/7faa522aef63fa9a6fcb9d8189bd8bc52381e967/netherlands/2021-22_nl2.txt,7faa522aef63fa9a6fcb9d8189bd8bc52381e967,433,2026-09-04T07:12:32.881Z,Eerste Divisie,2021-22,2022-03-14,Telstar,NAC Breda,1,4,A,1,2,A,Matchday 27,source_reported_FT,Telstar,NAC Breda
openfootball/europe,https://raw.githubusercontent.com/openfootball/europe/7faa522aef63fa9a6fcb9d8189bd8bc52381e967/netherlands/2021-22_nl2.txt,7faa522aef63fa9a6fcb9d8189bd8bc52381e967,484,2026-09-04T07:12:32.881Z,Eerste Divisie,2021-22,2022-03-18,ADO Den Haag,FC Volendam,1,1,D,0,0,D,Matchday 31,source_reported_FT,ADO Den Haag,FC Volendam
openfootball/europe,https://raw.githubusercontent.com/openfootball/europe/7faa522aef63fa9a6fcb9d8189bd8bc52381e967/netherlands/2021-22_nl2.txt,7faa522aef63fa9a6fcb9d8189bd8bc52381e967,485,2026-09-04T07:12:32.881Z,Eerste Divisie,2021-22,2022-03-18,Almere City FC,FC Den Bosch,2,0,H,2,0,H,Matchday 31,source_reported_FT,Almere City FC,FC Den Bosch
openfootball/europe,https://raw.githubusercontent.com/openfootball/europe/7faa522aef63fa9a6fcb9d8189bd8bc52381e967/netherlands/2021-22_nl2.txt,7faa522aef63fa9a6fcb9d8189bd8bc52381e967,486,2026-09-04T07:12:32.881Z,Eerste Divisie,2021-22,2022-03-18,De Graafschap,MVV,1,3,A,1,1,D,Matchday 31,source_reported_FT,De Graafschap,MVV
openfootball/europe,https://raw.githubusercontent.com/openfootball/europe/7faa522aef63fa9a6fcb9d8189bd8bc52381e967/netherlands/2021-22_nl2.txt,7faa522aef63fa9a6fcb9d8189bd8bc52381e967,490,2026-09-04T07:12:32.881Z,Eerste Divisie,2021-22,2022-03-18,FC Utrecht J,AZ Alkmaar J,0,1,A,0,1,A,Matchday 31,source_reported_FT,FC Utrecht J,AZ Alkmaar J
openfootball/europe,https://raw.githubusercontent.com/openfootball/europe/7faa522aef63fa9a6fcb9d8189bd8bc52381e967/netherlands/2021-22_nl2.txt,7faa522aef63fa9a6fcb9d8189bd8bc52381e967,488,2026-09-04T07:12:32.881Z,Eerste Divisie,2021-22,2022-03-18,Helmond Sport,NAC Breda,4,0,H,2,0,H,Matchday 31,source_reported_FT,Helmond Sport,NAC Breda
openfootball/europe,https://raw.githubusercontent.com/openfootball/europe/7faa522aef63fa9a6fcb9d8189bd8bc52381e967/netherlands/2021-22_nl2.txt,7faa522aef63fa9a6fcb9d8189bd8bc52381e967,489,2026-09-04T07:12:32.881Z,Eerste Divisie,2021-22,2022-03-18,Jong Ajax,FC Eindhoven,2,2,D,1,1,D,Matchday 31,source_reported_FT,Jong Ajax,FC Eindhoven
openfootball/europe,https://raw.githubusercontent.com/openfootball/europe/7faa522aef63fa9a6fcb9d8189bd8bc52381e967/netherlands/2021-22_nl2.txt,7faa522aef63fa9a6fcb9d8189bd8bc52381e967,491,2026-09-04T07:12:32.881Z,Eerste Divisie,2021-22,2022-03-18,Jong PSV,Roda JC Kerkrade,3,3,D,3,2,H,Matchday 31,source_reported_FT,Jong PSV,Roda JC Kerkrade
openfootball/europe,https://raw.githubusercontent.com/openfootball/europe/7faa522aef63fa9a6fcb9d8189bd8bc52381e967/netherlands/2021-22_nl2.txt,7faa522aef63fa9a6fcb9d8189bd8bc52381e967,487,2026-09-04T07:12:32.881Z,Eerste Divisie,2021-22,2022-03-18,TOP Oss,SBV Excelsior,1,1,D,0,0,D,Matchday 31,source_reported_FT,TOP Oss,SBV Excelsior
openfootball/europe,https://raw.githubusercontent.com/openfootball/europe/7faa522aef63fa9a6fcb9d8189bd8bc52381e967/netherlands/2021-22_nl2.txt,7faa522aef63fa9a6fcb9d8189bd8bc52381e967,492,2026-09-04T07:12:32.881Z,Eerste Divisie,2021-22,2022-03-18,Telstar,FC Dordrecht,1,0,H,0,0,D,Matchday 31,source_reported_FT,Telstar,FC Dordrecht
openfootball/europe,https://raw.githubusercontent.com/openfootball/europe/7faa522aef63fa9a6fcb9d8189bd8bc52381e967/netherlands/2021-22_nl2.txt,7faa522aef63fa9a6fcb9d8189bd8bc52381e967,494,2026-09-04T07:12:32.881Z,Eerste Divisie,2021-22,2022-03-19,VVV-Venlo,FC Emmen,0,2,A,0,0,D,Matchday 31,source_reported_FT,VVV-Venlo,FC Emmen
openfootball/europe,https://raw.githubusercontent.com/openfootball/europe/7faa522aef63fa9a6fcb9d8189bd8bc52381e967/netherlands/2021-22_nl2.txt,7faa522aef63fa9a6fcb9d8189bd8bc52381e967,448,2026-09-04T07:12:32.881Z,Eerste Divisie,2021-22,2022-03-21,ADO Den Haag,Telstar,2,1,H,0,0,D,Matchday 28,source_reported_FT,ADO Den Haag,Telstar
openfootball/europe,https://raw.githubusercontent.com/openfootball/europe/7faa522aef63fa9a6fcb9d8189bd8bc52381e967/netherlands/2021-22_nl2.txt,7faa522aef63fa9a6fcb9d8189bd8bc52381e967,499,2026-09-04T07:12:32.881Z,Eerste Divisie,2021-22,2022-03-25,FC Dordrecht,ADO Den Haag,3,1,H,1,1,D,Matchday 32,source_reported_FT,FC Dordrecht,ADO Den Haag
openfootball/europe,https://raw.githubusercontent.com/openfootball/europe/7faa522aef63fa9a6fcb9d8189bd8bc52381e967/netherlands/2021-22_nl2.txt,7faa522aef63fa9a6fcb9d8189bd8bc52381e967,500,2026-09-04T07:12:32.881Z,Eerste Divisie,2021-22,2022-03-25,FC Eindhoven,De Graafschap,1,2,A,0,2,A,Matchday 32,source_reported_FT,FC Eindhoven,De Graafschap
openfootball/europe,https://raw.githubusercontent.com/openfootball/europe/7faa522aef63fa9a6fcb9d8189bd8bc52381e967/netherlands/2021-22_nl2.txt,7faa522aef63fa9a6fcb9d8189bd8bc52381e967,502,2026-09-04T07:12:32.881Z,Eerste Divisie,2021-22,2022-03-26,FC Den Bosch,VVV-Venlo,0,0,D,,,,Matchday 32,source_reported_FT,FC Den Bosch,VVV-Venlo
openfootball/europe,https://raw.githubusercontent.com/openfootball/europe/7faa522aef63fa9a6fcb9d8189bd8bc52381e967/netherlands/2021-22_nl2.txt,7faa522aef63fa9a6fcb9d8189bd8bc52381e967,503,2026-09-04T07:12:32.881Z,Eerste Divisie,2021-22,2022-03-26,SBV Excelsior,Helmond Sport,3,0,H,1,0,H,Matchday 32,source_reported_FT,SBV Excelsior,Helmond Sport
openfootball/europe,https://raw.githubusercontent.com/openfootball/europe/7faa522aef63fa9a6fcb9d8189bd8bc52381e967/netherlands/2021-22_nl2.txt,7faa522aef63fa9a6fcb9d8189bd8bc52381e967,506,2026-09-04T07:12:32.881Z,Eerste Divisie,2021-22,2022-03-27,FC Emmen,Telstar,2,1,H,1,1,D,Matchday 32,source_reported_FT,FC Emmen,Telstar
openfootball/europe,https://raw.githubusercontent.com/openfootball/europe/7faa522aef63fa9a6fcb9d8189bd8bc52381e967/netherlands/2021-22_nl2.txt,7faa522aef63fa9a6fcb9d8189bd8bc52381e967,505,2026-09-04T07:12:32.881Z,Eerste Divisie,2021-22,2022-03-27,MVV,Almere City FC,0,3,A,0,2,A,Matchday 32,source_reported_FT,MVV,Almere City FC
openfootball/europe,https://raw.githubusercontent.com/openfootball/europe/7faa522aef63fa9a6fcb9d8189bd8bc52381e967/netherlands/2021-22_nl2.txt,7faa522aef63fa9a6fcb9d8189bd8bc52381e967,521,2026-09-04T07:12:32.881Z,Eerste Divisie,2021-22,2022-04-01,AZ Alkmaar J,Jong PSV,2,0,H,1,0,H,Matchday 33,source_reported_FT,AZ Alkmaar J,Jong PSV
openfootball/europe,https://raw.githubusercontent.com/openfootball/europe/7faa522aef63fa9a6fcb9d8189bd8bc52381e967/netherlands/2021-22_nl2.txt,7faa522aef63fa9a6fcb9d8189bd8bc52381e967,516,2026-09-04T07:12:32.881Z,Eerste Divisie,2021-22,2022-04-01,Almere City FC,SBV Excelsior,3,0,H,0,0,D,Matchday 33,source_reported_FT,Almere City FC,SBV Excelsior
openfootball/europe,https://raw.githubusercontent.com/openfootball/europe/7faa522aef63fa9a6fcb9d8189bd8bc52381e967/netherlands/2021-22_nl2.txt,7faa522aef63fa9a6fcb9d8189bd8bc52381e967,517,2026-09-04T07:12:32.881Z,Eerste Divisie,2021-22,2022-04-01,De Graafschap,FC Emmen,1,1,D,1,1,D,Matchday 33,source_reported_FT,De Graafschap,FC Emmen
openfootball/europe,https://raw.githubusercontent.com/openfootball/europe/7faa522aef63fa9a6fcb9d8189bd8bc52381e967/netherlands/2021-22_nl2.txt,7faa522aef63fa9a6fcb9d8189bd8bc52381e967,518,2026-09-04T07:12:32.881Z,Eerste Divisie,2021-22,2022-04-01,FC Dordrecht,FC Eindhoven,0,1,A,0,1,A,Matchday 33,source_reported_FT,FC Dordrecht,FC Eindhoven
openfootball/europe,https://raw.githubusercontent.com/openfootball/europe/7faa522aef63fa9a6fcb9d8189bd8bc52381e967/netherlands/2021-22_nl2.txt,7faa522aef63fa9a6fcb9d8189bd8bc52381e967,519,2026-09-04T07:12:32.881Z,Eerste Divisie,2021-22,2022-04-01,FC Volendam,TOP Oss,1,2,A,0,1,A,Matchday 33,source_reported_FT,FC Volendam,TOP Oss
openfootball/europe,https://raw.githubusercontent.com/openfootball/europe/7faa522aef63fa9a6fcb9d8189bd8bc52381e967/netherlands/2021-22_nl2.txt,7faa522aef63fa9a6fcb9d8189bd8bc52381e967,520,2026-09-04T07:12:32.881Z,Eerste Divisie,2021-22,2022-04-01,Helmond Sport,MVV,1,2,A,1,0,H,Matchday 33,source_reported_FT,Helmond Sport,MVV
openfootball/europe,https://raw.githubusercontent.com/openfootball/europe/7faa522aef63fa9a6fcb9d8189bd8bc52381e967/netherlands/2021-22_nl2.txt,7faa522aef63fa9a6fcb9d8189bd8bc52381e967,522,2026-09-04T07:12:32.881Z,Eerste Divisie,2021-22,2022-04-01,NAC Breda,Jong Ajax,0,0,D,,,,Matchday 33,source_reported_FT,NAC Breda,Jong Ajax
openfootball/europe,https://raw.githubusercontent.com/openfootball/europe/7faa522aef63fa9a6fcb9d8189bd8bc52381e967/netherlands/2021-22_nl2.txt,7faa522aef63fa9a6fcb9d8189bd8bc52381e967,523,2026-09-04T07:12:32.881Z,Eerste Divisie,2021-22,2022-04-01,Roda JC Kerkrade,FC Utrecht J,2,1,H,1,0,H,Matchday 33,source_reported_FT,Roda JC Kerkrade,FC Utrecht J
openfootball/europe,https://raw.githubusercontent.com/openfootball/europe/7faa522aef63fa9a6fcb9d8189bd8bc52381e967/netherlands/2021-22_nl2.txt,7faa522aef63fa9a6fcb9d8189bd8bc52381e967,524,2026-09-04T07:12:32.881Z,Eerste Divisie,2021-22,2022-04-01,Telstar,FC Den Bosch,1,2,A,0,1,A,Matchday 33,source_reported_FT,Telstar,FC Den Bosch
openfootball/europe,https://raw.githubusercontent.com/openfootball/europe/7faa522aef63fa9a6fcb9d8189bd8bc52381e967/netherlands/2021-22_nl2.txt,7faa522aef63fa9a6fcb9d8189bd8bc52381e967,525,2026-09-04T07:12:32.881Z,Eerste Divisie,2021-22,2022-04-01,VVV-Venlo,ADO Den Haag,0,5,A,0,1,A,Matchday 33,source_reported_FT,VVV-Venlo,ADO Den Haag
openfootball/europe,https://raw.githubusercontent.com/openfootball/europe/7faa522aef63fa9a6fcb9d8189bd8bc52381e967/netherlands/2021-22_nl2.txt,7faa522aef63fa9a6fcb9d8189bd8bc52381e967,509,2026-09-04T07:12:32.881Z,Eerste Divisie,2021-22,2022-04-04,AZ Alkmaar J,Roda JC Kerkrade,0,1,A,0,0,D,Matchday 32,source_reported_FT,AZ Alkmaar J,Roda JC Kerkrade
openfootball/europe,https://raw.githubusercontent.com/openfootball/europe/7faa522aef63fa9a6fcb9d8189bd8bc52381e967/netherlands/2021-22_nl2.txt,7faa522aef63fa9a6fcb9d8189bd8bc52381e967,510,2026-09-04T07:12:32.881Z,Eerste Divisie,2021-22,2022-04-04,FC Utrecht J,NAC Breda,1,0,H,0,0,D,Matchday 32,source_reported_FT,FC Utrecht J,NAC Breda
openfootball/europe,https://raw.githubusercontent.com/openfootball/europe/7faa522aef63fa9a6fcb9d8189bd8bc52381e967/netherlands/2021-22_nl2.txt,7faa522aef63fa9a6fcb9d8189bd8bc52381e967,508,2026-09-04T07:12:32.881Z,Eerste Divisie,2021-22,2022-04-04,Jong Ajax,TOP Oss,4,1,H,3,0,H,Matchday 32,source_reported_FT,Jong Ajax,TOP Oss
openfootball/europe,https://raw.githubusercontent.com/openfootball/europe/7faa522aef63fa9a6fcb9d8189bd8bc52381e967/netherlands/2021-22_nl2.txt,7faa522aef63fa9a6fcb9d8189bd8bc52381e967,511,2026-09-04T07:12:32.881Z,Eerste Divisie,2021-22,2022-04-04,Jong PSV,FC Volendam,2,2,D,1,1,D,Matchday 32,source_reported_FT,Jong PSV,FC Volendam
openfootball/europe,https://raw.githubusercontent.com/openfootball/europe/7faa522aef63fa9a6fcb9d8189bd8bc52381e967/netherlands/2021-22_nl2.txt,7faa522aef63fa9a6fcb9d8189bd8bc52381e967,530,2026-09-04T07:12:32.881Z,Eerste Divisie,2021-22,2022-04-08,ADO Den Haag,Helmond Sport,2,1,H,1,0,H,Matchday 34,source_reported_FT,ADO Den Haag,Helmond Sport
openfootball/europe,https://raw.githubusercontent.com/openfootball/europe/7faa522aef63fa9a6fcb9d8189bd8bc52381e967/netherlands/2021-22_nl2.txt,7faa522aef63fa9a6fcb9d8189bd8bc52381e967,531,2026-09-04T07:12:32.881Z,Eerste Divisie,2021-22,2022-04-08,FC Den Bosch,FC Dordrecht,3,0,H,0,0,D,Matchday 34,source_reported_FT,FC Den Bosch,FC Dordrecht
openfootball/europe,https://raw.githubusercontent.com/openfootball/europe/7faa522aef63fa9a6fcb9d8189bd8bc52381e967/netherlands/2021-22_nl2.txt,7faa522aef63fa9a6fcb9d8189bd8bc52381e967,532,2026-09-04T07:12:32.881Z,Eerste Divisie,2021-22,2022-04-08,FC Eindhoven,Almere City FC,3,1,H,2,1,H,Matchday 34,source_reported_FT,FC Eindhoven,Almere City FC
openfootball/europe,https://raw.githubusercontent.com/openfootball/europe/7faa522aef63fa9a6fcb9d8189bd8bc52381e967/netherlands/2021-22_nl2.txt,7faa522aef63fa9a6fcb9d8189bd8bc52381e967,534,2026-09-04T07:12:32.881Z,Eerste Divisie,2021-22,2022-04-08,FC Emmen,AZ Alkmaar J,3,0,H,1,0,H,Matchday 34,source_reported_FT,FC Emmen,AZ Alkmaar J
openfootball/europe,https://raw.githubusercontent.com/openfootball/europe/7faa522aef63fa9a6fcb9d8189bd8bc52381e967/netherlands/2021-22_nl2.txt,7faa522aef63fa9a6fcb9d8189bd8bc52381e967,536,2026-09-04T07:12:32.881Z,Eerste Divisie,2021-22,2022-04-08,FC Volendam,De Graafschap,3,1,H,1,1,D,Matchday 34,source_reported_FT,FC Volendam,De Graafschap
openfootball/europe,https://raw.githubusercontent.com/openfootball/europe/7faa522aef63fa9a6fcb9d8189bd8bc52381e967/netherlands/2021-22_nl2.txt,7faa522aef63fa9a6fcb9d8189bd8bc52381e967,537,2026-09-04T07:12:32.881Z,Eerste Divisie,2021-22,2022-04-08,MVV,FC Utrecht J,2,4,A,2,2,D,Matchday 34,source_reported_FT,MVV,FC Utrecht J
openfootball/europe,https://raw.githubusercontent.com/openfootball/europe/7faa522aef63fa9a6fcb9d8189bd8bc52381e967/netherlands/2021-22_nl2.txt,7faa522aef63fa9a6fcb9d8189bd8bc52381e967,538,2026-09-04T07:12:32.881Z,Eerste Divisie,2021-22,2022-04-08,NAC Breda,VVV-Venlo,3,1,H,2,0,H,Matchday 34,source_reported_FT,NAC Breda,VVV-Venlo
openfootball/europe,https://raw.githubusercontent.com/openfootball/europe/7faa522aef63fa9a6fcb9d8189bd8bc52381e967/netherlands/2021-22_nl2.txt,7faa522aef63fa9a6fcb9d8189bd8bc52381e967,539,2026-09-04T07:12:32.881Z,Eerste Divisie,2021-22,2022-04-08,Roda JC Kerkrade,Jong Ajax,2,2,D,1,1,D,Matchday 34,source_reported_FT,Roda JC Kerkrade,Jong Ajax
openfootball/europe,https://raw.githubusercontent.com/openfootball/europe/7faa522aef63fa9a6fcb9d8189bd8bc52381e967/netherlands/2021-22_nl2.txt,7faa522aef63fa9a6fcb9d8189bd8bc52381e967,533,2026-09-04T07:12:32.881Z,Eerste Divisie,2021-22,2022-04-08,SBV Excelsior,Telstar,1,4,A,1,2,A,Matchday 34,source_reported_FT,SBV Excelsior,Telstar
openfootball/europe,https://raw.githubusercontent.com/openfootball/europe/7faa522aef63fa9a6fcb9d8189bd8bc52381e967/netherlands/2021-22_nl2.txt,7faa522aef63fa9a6fcb9d8189bd8bc52381e967,535,2026-09-04T07:12:32.881Z,Eerste Divisie,2021-22,2022-04-08,TOP Oss,Jong PSV,2,0,H,1,0,H,Matchday 34,source_reported_FT,TOP Oss,Jong PSV
openfootball/europe,https://raw.githubusercontent.com/openfootball/europe/7faa522aef63fa9a6fcb9d8189bd8bc52381e967/netherlands/2021-22_nl2.txt,7faa522aef63fa9a6fcb9d8189bd8bc52381e967,550,2026-09-04T07:12:32.881Z,Eerste Divisie,2021-22,2022-04-15,AZ Alkmaar J,ADO Den Haag,0,1,A,0,0,D,Matchday 35,source_reported_FT,AZ Alkmaar J,ADO Den Haag
openfootball/europe,https://raw.githubusercontent.com/openfootball/europe/7faa522aef63fa9a6fcb9d8189bd8bc52381e967/netherlands/2021-22_nl2.txt,7faa522aef63fa9a6fcb9d8189bd8bc52381e967,544,2026-09-04T07:12:32.881Z,Eerste Divisie,2021-22,2022-04-15,De Graafschap,TOP Oss,1,2,A,1,1,D,Matchday 35,source_reported_FT,De Graafschap,TOP Oss
openfootball/europe,https://raw.githubusercontent.com/openfootball/europe/7faa522aef63fa9a6fcb9d8189bd8bc52381e967/netherlands/2021-22_nl2.txt,7faa522aef63fa9a6fcb9d8189bd8bc52381e967,545,2026-09-04T07:12:32.881Z,Eerste Divisie,2021-22,2022-04-15,FC Dordrecht,FC Emmen,0,1,A,0,1,A,Matchday 35,source_reported_FT,FC Dordrecht,FC Emmen
openfootball/europe,https://raw.githubusercontent.com/openfootball/europe/7faa522aef63fa9a6fcb9d8189bd8bc52381e967/netherlands/2021-22_nl2.txt,7faa522aef63fa9a6fcb9d8189bd8bc52381e967,546,2026-09-04T07:12:32.881Z,Eerste Divisie,2021-22,2022-04-15,FC Eindhoven,Jong PSV,1,3,A,0,0,D,Matchday 35,source_reported_FT,FC Eindhoven,Jong PSV
openfootball/europe,https://raw.githubusercontent.com/openfootball/europe/7faa522aef63fa9a6fcb9d8189bd8bc52381e967/netherlands/2021-22_nl2.txt,7faa522aef63fa9a6fcb9d8189bd8bc52381e967,547,2026-09-04T07:12:32.881Z,Eerste Divisie,2021-22,2022-04-15,MVV,SBV Excelsior,1,1,D,1,1,D,Matchday 35,source_reported_FT,MVV,SBV Excelsior
openfootball/europe,https://raw.githubusercontent.com/openfootball/europe/7faa522aef63fa9a6fcb9d8189bd8bc52381e967/netherlands/2021-22_nl2.txt,7faa522aef63fa9a6fcb9d8189bd8bc52381e967,548,2026-09-04T07:12:32.881Z,Eerste Divisie,2021-22,2022-04-15,Roda JC Kerkrade,Helmond Sport,5,3,H,3,1,H,Matchday 35,source_reported_FT,Roda JC Kerkrade,Helmond Sport
openfootball/europe,https://raw.githubusercontent.com/openfootball/europe/7faa522aef63fa9a6fcb9d8189bd8bc52381e967/netherlands/2021-22_nl2.txt,7faa522aef63fa9a6fcb9d8189bd8bc52381e967,549,2026-09-04T07:12:32.881Z,Eerste Divisie,2021-22,2022-04-15,VVV-Venlo,Telstar,3,2,H,1,0,H,Matchday 35,source_reported_FT,VVV-Venlo,Telstar
openfootball/europe,https://raw.githubusercontent.com/openfootball/europe/7faa522aef63fa9a6fcb9d8189bd8bc52381e967/netherlands/2021-22_nl2.txt,7faa522aef63fa9a6fcb9d8189bd8bc52381e967,553,2026-09-04T07:12:32.881Z,Eerste Divisie,2021-22,2022-04-16,Almere City FC,NAC Breda,1,2,A,0,0,D,Matchday 35,source_reported_FT,Almere City FC,NAC Breda
openfootball/europe,https://raw.githubusercontent.com/openfootball/europe/7faa522aef63fa9a6fcb9d8189bd8bc52381e967/netherlands/2021-22_nl2.txt,7faa522aef63fa9a6fcb9d8189bd8bc52381e967,552,2026-09-04T07:12:32.881Z,Eerste Divisie,2021-22,2022-04-16,FC Volendam,Jong Ajax,3,1,H,1,1,D,Matchday 35,source_reported_FT,FC Volendam,Jong Ajax
openfootball/europe,https://raw.githubusercontent.com/openfootball/europe/7faa522aef63fa9a6fcb9d8189bd8bc52381e967/netherlands/2021-22_nl2.txt,7faa522aef63fa9a6fcb9d8189bd8bc52381e967,555,2026-09-04T07:12:32.881Z,Eerste Divisie,2021-22,2022-04-18,FC Utrecht J,FC Den Bosch,0,1,A,0,1,A,Matchday 35,source_reported_FT,FC Utrecht J,FC Den Bosch
openfootball/europe,https://raw.githubusercontent.com/openfootball/europe/7faa522aef63fa9a6fcb9d8189bd8bc52381e967/netherlands/2021-22_nl2.txt,7faa522aef63fa9a6fcb9d8189bd8bc52381e967,479,2026-09-04T07:12:32.881Z,Eerste Divisie,2021-22,2022-04-19,ADO Den Haag,Jong PSV,2,2,D,0,1,A,Matchday 30,source_reported_FT,ADO Den Haag,Jong PSV
openfootball/europe,https://raw.githubusercontent.com/openfootball/europe/7faa522aef63fa9a6fcb9d8189bd8bc52381e967/netherlands/2021-22_nl2.txt,7faa522aef63fa9a6fcb9d8189bd8bc52381e967,560,2026-09-04T07:12:32.881Z,Eerste Divisie,2021-22,2022-04-22,FC Den Bosch,FC Volendam,1,2,A,0,2,A,Matchday 36,source_reported_FT,FC Den Bosch,FC Volendam
openfootball/europe,https://raw.githubusercontent.com/openfootball/europe/7faa522aef63fa9a6fcb9d8189bd8bc52381e967/netherlands/2021-22_nl2.txt,7faa522aef63fa9a6fcb9d8189bd8bc52381e967,562,2026-09-04T07:12:32.881Z,Eerste Divisie,2021-22,2022-04-22,FC Emmen,Roda JC Kerkrade,2,0,H,1,0,H,Matchday 36,source_reported_FT,FC Emmen,Roda JC Kerkrade
openfootball/europe,https://raw.githubusercontent.com/openfootball/europe/7faa522aef63fa9a6fcb9d8189bd8bc52381e967/netherlands/2021-22_nl2.txt,7faa522aef63fa9a6fcb9d8189bd8bc52381e967,564,2026-09-04T07:12:32.881Z,Eerste Divisie,2021-22,2022-04-22,Helmond Sport,De Graafschap,0,4,A,0,2,A,Matchday 36,source_reported_FT,Helmond Sport,De Graafschap
openfootball/europe,https://raw.githubusercontent.com/openfootball/europe/7faa522aef63fa9a6fcb9d8189bd8bc52381e967/netherlands/2021-22_nl2.txt,7faa522aef63fa9a6fcb9d8189bd8bc52381e967,565,2026-09-04T07:12:32.881Z,Eerste Divisie,2021-22,2022-04-22,NAC Breda,FC Dordrecht,1,2,A,1,0,H,Matchday 36,source_reported_FT,NAC Breda,FC Dordrecht
openfootball/europe,https://raw.githubusercontent.com/openfootball/europe/7faa522aef63fa9a6fcb9d8189bd8bc52381e967/netherlands/2021-22_nl2.txt,7faa522aef63fa9a6fcb9d8189bd8bc52381e967,561,2026-09-04T07:12:32.881Z,Eerste Divisie,2021-22,2022-04-22,SBV Excelsior,AZ Alkmaar J,3,3,D,1,1,D,Matchday 36,source_reported_FT,SBV Excelsior,AZ Alkmaar J
openfootball/europe,https://raw.githubusercontent.com/openfootball/europe/7faa522aef63fa9a6fcb9d8189bd8bc52381e967/netherlands/2021-22_nl2.txt,7faa522aef63fa9a6fcb9d8189bd8bc52381e967,563,2026-09-04T07:12:32.881Z,Eerste Divisie,2021-22,2022-04-22,TOP Oss,Almere City FC,2,3,A,0,2,A,Matchday 36,source_reported_FT,TOP Oss,Almere City FC
openfootball/europe,https://raw.githubusercontent.com/openfootball/europe/7faa522aef63fa9a6fcb9d8189bd8bc52381e967/netherlands/2021-22_nl2.txt,7faa522aef63fa9a6fcb9d8189bd8bc52381e967,566,2026-09-04T07:12:32.881Z,Eerste Divisie,2021-22,2022-04-22,Telstar,FC Eindhoven,0,1,A,0,0,D,Matchday 36,source_reported_FT,Telstar,FC Eindhoven
openfootball/europe,https://raw.githubusercontent.com/openfootball/europe/7faa522aef63fa9a6fcb9d8189bd8bc52381e967/netherlands/2021-22_nl2.txt,7faa522aef63fa9a6fcb9d8189bd8bc52381e967,568,2026-09-04T07:12:32.881Z,Eerste Divisie,2021-22,2022-04-24,ADO Den Haag,FC Utrecht J,1,1,D,1,0,H,Matchday 36,source_reported_FT,ADO Den Haag,FC Utrecht J
openfootball/europe,https://raw.githubusercontent.com/openfootball/europe/7faa522aef63fa9a6fcb9d8189bd8bc52381e967/netherlands/2021-22_nl2.txt,7faa522aef63fa9a6fcb9d8189bd8bc52381e967,570,2026-09-04T07:12:32.881Z,Eerste Divisie,2021-22,2022-04-25,Jong Ajax,VVV-Venlo,6,1,H,1,1,D,Matchday 36,source_reported_FT,Jong Ajax,VVV-Venlo
openfootball/europe,https://raw.githubusercontent.com/openfootball/europe/7faa522aef63fa9a6fcb9d8189bd8bc52381e967/netherlands/2021-22_nl2.txt,7faa522aef63fa9a6fcb9d8189bd8bc52381e967,571,2026-09-04T07:12:32.881Z,Eerste Divisie,2021-22,2022-04-25,Jong PSV,MVV,2,2,D,2,0,H,Matchday 36,source_reported_FT,Jong PSV,MVV
openfootball/europe,https://raw.githubusercontent.com/openfootball/europe/7faa522aef63fa9a6fcb9d8189bd8bc52381e967/netherlands/2021-22_nl2.txt,7faa522aef63fa9a6fcb9d8189bd8bc52381e967,576,2026-09-04T07:12:32.881Z,Eerste Divisie,2021-22,2022-04-29,ADO Den Haag,Almere City FC,1,0,H,0,0,D,Matchday 37,source_reported_FT,ADO Den Haag,Almere City FC
openfootball/europe,https://raw.githubusercontent.com/openfootball/europe/7faa522aef63fa9a6fcb9d8189bd8bc52381e967/netherlands/2021-22_nl2.txt,7faa522aef63fa9a6fcb9d8189bd8bc52381e967,581,2026-09-04T07:12:32.881Z,Eerste Divisie,2021-22,2022-04-29,AZ Alkmaar J,Helmond Sport,0,1,A,0,0,D,Matchday 37,source_reported_FT,AZ Alkmaar J,Helmond Sport
openfootball/europe,https://raw.githubusercontent.com/openfootball/europe/7faa522aef63fa9a6fcb9d8189bd8bc52381e967/netherlands/2021-22_nl2.txt,7faa522aef63fa9a6fcb9d8189bd8bc52381e967,577,2026-09-04T07:12:32.881Z,Eerste Divisie,2021-22,2022-04-29,De Graafschap,Jong PSV,1,1,D,1,0,H,Matchday 37,source_reported_FT,De Graafschap,Jong PSV
openfootball/europe,https://raw.githubusercontent.com/openfootball/europe/7faa522aef63fa9a6fcb9d8189bd8bc52381e967/netherlands/2021-22_nl2.txt,7faa522aef63fa9a6fcb9d8189bd8bc52381e967,578,2026-09-04T07:12:32.881Z,Eerste Divisie,2021-22,2022-04-29,FC Den Bosch,Roda JC Kerkrade,1,0,H,0,0,D,Matchday 37,source_reported_FT,FC Den Bosch,Roda JC Kerkrade
openfootball/europe,https://raw.githubusercontent.com/openfootball/europe/7faa522aef63fa9a6fcb9d8189bd8bc52381e967/netherlands/2021-22_nl2.txt,7faa522aef63fa9a6fcb9d8189bd8bc52381e967,579,2026-09-04T07:12:32.881Z,Eerste Divisie,2021-22,2022-04-29,FC Dordrecht,FC Volendam,3,2,H,3,1,H,Matchday 37,source_reported_FT,FC Dordrecht,FC Volendam
openfootball/europe,https://raw.githubusercontent.com/openfootball/europe/7faa522aef63fa9a6fcb9d8189bd8bc52381e967/netherlands/2021-22_nl2.txt,7faa522aef63fa9a6fcb9d8189bd8bc52381e967,580,2026-09-04T07:12:32.881Z,Eerste Divisie,2021-22,2022-04-29,FC Eindhoven,FC Emmen,1,0,H,1,0,H,Matchday 37,source_reported_FT,FC Eindhoven,FC Emmen
openfootball/europe,https://raw.githubusercontent.com/openfootball/europe/7faa522aef63fa9a6fcb9d8189bd8bc52381e967/netherlands/2021-22_nl2.txt,7faa522aef63fa9a6fcb9d8189bd8bc52381e967,582,2026-09-04T07:12:32.881Z,Eerste Divisie,2021-22,2022-04-29,MVV,Jong Ajax,1,0,H,1,0,H,Matchday 37,source_reported_FT,MVV,Jong Ajax
openfootball/europe,https://raw.githubusercontent.com/openfootball/europe/7faa522aef63fa9a6fcb9d8189bd8bc52381e967/netherlands/2021-22_nl2.txt,7faa522aef63fa9a6fcb9d8189bd8bc52381e967,583,2026-09-04T07:12:32.881Z,Eerste Divisie,2021-22,2022-04-29,NAC Breda,TOP Oss,3,0,H,2,0,H,Matchday 37,source_reported_FT,NAC Breda,TOP Oss
openfootball/europe,https://raw.githubusercontent.com/openfootball/europe/7faa522aef63fa9a6fcb9d8189bd8bc52381e967/netherlands/2021-22_nl2.txt,7faa522aef63fa9a6fcb9d8189bd8bc52381e967,584,2026-09-04T07:12:32.881Z,Eerste Divisie,2021-22,2022-04-29,Telstar,FC Utrecht J,1,3,A,0,1,A,Matchday 37,source_reported_FT,Telstar,FC Utrecht J
openfootball/europe,https://raw.githubusercontent.com/openfootball/europe/7faa522aef63fa9a6fcb9d8189bd8bc52381e967/netherlands/2021-22_nl2.txt,7faa522aef63fa9a6fcb9d8189bd8bc52381e967,585,2026-09-04T07:12:32.881Z,Eerste Divisie,2021-22,2022-04-29,VVV-Venlo,SBV Excelsior,2,2,D,0,0,D,Matchday 37,source_reported_FT,VVV-Venlo,SBV Excelsior
openfootball/europe,https://raw.githubusercontent.com/openfootball/europe/7faa522aef63fa9a6fcb9d8189bd8bc52381e967/netherlands/2021-22_nl2.txt,7faa522aef63fa9a6fcb9d8189bd8bc52381e967,590,2026-09-04T07:12:32.881Z,Eerste Divisie,2021-22,2022-05-06,Almere City FC,AZ Alkmaar J,0,3,A,0,0,D,Matchday 38,source_reported_FT,Almere City FC,AZ Alkmaar J
openfootball/europe,https://raw.githubusercontent.com/openfootball/europe/7faa522aef63fa9a6fcb9d8189bd8bc52381e967/netherlands/2021-22_nl2.txt,7faa522aef63fa9a6fcb9d8189bd8bc52381e967,592,2026-09-04T07:12:32.881Z,Eerste Divisie,2021-22,2022-05-06,FC Emmen,ADO Den Haag,3,0,H,0,0,D,Matchday 38,source_reported_FT,FC Emmen,ADO Den Haag
openfootball/europe,https://raw.githubusercontent.com/openfootball/europe/7faa522aef63fa9a6fcb9d8189bd8bc52381e967/netherlands/2021-22_nl2.txt,7faa522aef63fa9a6fcb9d8189bd8bc52381e967,597,2026-09-04T07:12:32.881Z,Eerste Divisie,2021-22,2022-05-06,FC Utrecht J,VVV-Venlo,2,3,A,1,2,A,Matchday 38,source_reported_FT,FC Utrecht J,VVV-Venlo
openfootball/europe,https://raw.githubusercontent.com/openfootball/europe/7faa522aef63fa9a6fcb9d8189bd8bc52381e967/netherlands/2021-22_nl2.txt,7faa522aef63fa9a6fcb9d8189bd8bc52381e967,594,2026-09-04T07:12:32.881Z,Eerste Divisie,2021-22,2022-05-06,FC Volendam,FC Eindhoven,2,2,D,0,1,A,Matchday 38,source_reported_FT,FC Volendam,FC Eindhoven
openfootball/europe,https://raw.githubusercontent.com/openfootball/europe/7faa522aef63fa9a6fcb9d8189bd8bc52381e967/netherlands/2021-22_nl2.txt,7faa522aef63fa9a6fcb9d8189bd8bc52381e967,595,2026-09-04T07:12:32.881Z,Eerste Divisie,2021-22,2022-05-06,Helmond Sport,FC Den Bosch,1,1,D,0,1,A,Matchday 38,source_reported_FT,Helmond Sport,FC Den Bosch
openfootball/europe,https://raw.githubusercontent.com/openfootball/europe/7faa522aef63fa9a6fcb9d8189bd8bc52381e967/netherlands/2021-22_nl2.txt,7faa522aef63fa9a6fcb9d8189bd8bc52381e967,596,2026-09-04T07:12:32.881Z,Eerste Divisie,2021-22,2022-05-06,Jong Ajax,De Graafschap,1,1,D,0,0,D,Matchday 38,source_reported_FT,Jong Ajax,De Graafschap
openfootball/europe,https://raw.githubusercontent.com/openfootball/europe/7faa522aef63fa9a6fcb9d8189bd8bc52381e967/netherlands/2021-22_nl2.txt,7faa522aef63fa9a6fcb9d8189bd8bc52381e967,598,2026-09-04T07:12:32.881Z,Eerste Divisie,2021-22,2022-05-06,Jong PSV,FC Dordrecht,1,1,D,1,0,H,Matchday 38,source_reported_FT,Jong PSV,FC Dordrecht
openfootball/europe,https://raw.githubusercontent.com/openfootball/europe/7faa522aef63fa9a6fcb9d8189bd8bc52381e967/netherlands/2021-22_nl2.txt,7faa522aef63fa9a6fcb9d8189bd8bc52381e967,599,2026-09-04T07:12:32.881Z,Eerste Divisie,2021-22,2022-05-06,Roda JC Kerkrade,Telstar,4,3,H,1,2,A,Matchday 38,source_reported_FT,Roda JC Kerkrade,Telstar
openfootball/europe,https://raw.githubusercontent.com/openfootball/europe/7faa522aef63fa9a6fcb9d8189bd8bc52381e967/netherlands/2021-22_nl2.txt,7faa522aef63fa9a6fcb9d8189bd8bc52381e967,591,2026-09-04T07:12:32.881Z,Eerste Divisie,2021-22,2022-05-06,SBV Excelsior,NAC Breda,2,2,D,1,1,D,Matchday 38,source_reported_FT,SBV Excelsior,NAC Breda
openfootball/europe,https://raw.githubusercontent.com/openfootball/europe/7faa522aef63fa9a6fcb9d8189bd8bc52381e967/netherlands/2021-22_nl2.txt,7faa522aef63fa9a6fcb9d8189bd8bc52381e967,593,2026-09-04T07:12:32.881Z,Eerste Divisie,2021-22,2022-05-06,TOP Oss,MVV,0,1,A,0,1,A,Matchday 38,source_reported_FT,TOP Oss,MVV
openfootball/europe,https://raw.githubusercontent.com/openfootball/europe/7faa522aef63fa9a6fcb9d8189bd8bc52381e967/netherlands/2022-23_nl2.txt,7faa522aef63fa9a6fcb9d8189bd8bc52381e967,11,2026-09-04T07:12:36.519Z,Eerste Divisie,2022-23,2022-08-05,FC Den Bosch,FC Eindhoven,1,3,A,0,3,A,Matchday 1,source_reported_FT,FC Den Bosch,FC Eindhoven
openfootball/europe,https://raw.githubusercontent.com/openfootball/europe/7faa522aef63fa9a6fcb9d8189bd8bc52381e967/netherlands/2022-23_nl2.txt,7faa522aef63fa9a6fcb9d8189bd8bc52381e967,12,2026-09-04T07:12:36.519Z,Eerste Divisie,2022-23,2022-08-05,FC Dordrecht,Roda JC Kerkrade,0,2,A,0,2,A,Matchday 1,source_reported_FT,FC Dordrecht,Roda JC Kerkrade
openfootball/europe,https://raw.githubusercontent.com/openfootball/europe/7faa522aef63fa9a6fcb9d8189bd8bc52381e967/netherlands/2022-23_nl2.txt,7faa522aef63fa9a6fcb9d8189bd8bc52381e967,13,2026-09-04T07:12:36.519Z,Eerste Divisie,2022-23,2022-08-05,Heracles Almelo,ADO Den Haag,4,0,H,4,0,H,Matchday 1,source_reported_FT,Heracles Almelo,ADO Den Haag
openfootball/europe,https://raw.githubusercontent.com/openfootball/europe/7faa522aef63fa9a6fcb9d8189bd8bc52381e967/netherlands/2022-23_nl2.txt,7faa522aef63fa9a6fcb9d8189bd8bc52381e967,14,2026-09-04T07:12:36.519Z,Eerste Divisie,2022-23,2022-08-05,NAC Breda,Helmond Sport,1,0,H,0,0,D,Matchday 1,source_reported_FT,NAC Breda,Helmond Sport
openfootball/europe,https://raw.githubusercontent.com/openfootball/europe/7faa522aef63fa9a6fcb9d8189bd8bc52381e967/netherlands/2022-23_nl2.txt,7faa522aef63fa9a6fcb9d8189bd8bc52381e967,15,2026-09-04T07:12:36.519Z,Eerste Divisie,2022-23,2022-08-05,TOP Oss,FC Utrecht J,3,0,H,2,0,H,Matchday 1,source_reported_FT,TOP Oss,FC Utrecht J
openfootball/europe,https://raw.githubusercontent.com/openfootball/europe/7faa522aef63fa9a6fcb9d8189bd8bc52381e967/netherlands/2022-23_nl2.txt,7faa522aef63fa9a6fcb9d8189bd8bc52381e967,16,2026-09-04T07:12:36.519Z,Eerste Divisie,2022-23,2022-08-05,VVV-Venlo,Almere City FC,3,0,H,2,0,H,Matchday 1,source_reported_FT,VVV-Venlo,Almere City FC
openfootball/europe,https://raw.githubusercontent.com/openfootball/europe/7faa522aef63fa9a6fcb9d8189bd8bc52381e967/netherlands/2022-23_nl2.txt,7faa522aef63fa9a6fcb9d8189bd8bc52381e967,17,2026-09-04T07:12:36.519Z,Eerste Divisie,2022-23,2022-08-05,Willem II,Jong PSV,1,1,D,0,0,D,Matchday 1,source_reported_FT,Willem II,Jong PSV
openfootball/europe,https://raw.githubusercontent.com/openfootball/europe/7faa522aef63fa9a6fcb9d8189bd8bc52381e967/netherlands/2022-23_nl2.txt,7faa522aef63fa9a6fcb9d8189bd8bc52381e967,19,2026-09-04T07:12:36.519Z,Eerste Divisie,2022-23,2022-08-07,PEC Zwolle,De Graafschap,2,1,H,1,0,H,Matchday 1,source_reported_FT,PEC Zwolle,De Graafschap
openfootball/europe,https://raw.githubusercontent.com/openfootball/europe/7faa522aef63fa9a6fcb9d8189bd8bc52381e967/netherlands/2022-23_nl2.txt,7faa522aef63fa9a6fcb9d8189bd8bc52381e967,22,2026-09-04T07:12:36.519Z,Eerste Divisie,2022-23,2022-08-08,AZ Alkmaar J,MVV,3,1,H,1,1,D,Matchday 1,source_reported_FT,AZ Alkmaar J,MVV
openfootball/europe,https://raw.githubusercontent.com/openfootball/europe/7faa522aef63fa9a6fcb9d8189bd8bc52381e967/netherlands/2022-23_nl2.txt,7faa522aef63fa9a6fcb9d8189bd8bc52381e967,21,2026-09-04T07:12:36.519Z,Eerste Divisie,2022-23,2022-08-08,Jong Ajax,Telstar,1,1,D,1,1,D,Matchday 1,source_reported_FT,Jong Ajax,Telstar
openfootball/europe,https://raw.githubusercontent.com/openfootball/europe/7faa522aef63fa9a6fcb9d8189bd8bc52381e967/netherlands/2022-23_nl2.txt,7faa522aef63fa9a6fcb9d8189bd8bc52381e967,27,2026-09-04T07:12:36.519Z,Eerste Divisie,2022-23,2022-08-12,Almere City FC,TOP Oss,3,0,H,1,0,H,Matchday 2,source_reported_FT,Almere City FC,TOP Oss
openfootball/europe,https://raw.githubusercontent.com/openfootball/europe/7faa522aef63fa9a6fcb9d8189bd8bc52381e967/netherlands/2022-23_nl2.txt,7faa522aef63fa9a6fcb9d8189bd8bc52381e967,28,2026-09-04T07:12:36.519Z,Eerste Divisie,2022-23,2022-08-12,De Graafschap,VVV-Venlo,1,2,A,1,1,D,Matchday 2,source_reported_FT,De Graafschap,VVV-Venlo
openfootball/europe,https://raw.githubusercontent.com/openfootball/europe/7faa522aef63fa9a6fcb9d8189bd8bc52381e967/netherlands/2022-23_nl2.txt,7faa522aef63fa9a6fcb9d8189bd8bc52381e967,29,2026-09-04T07:12:36.519Z,Eerste Divisie,2022-23,2022-08-12,FC Eindhoven,Willem II,2,1,H,1,0,H,Matchday 2,source_reported_FT,FC Eindhoven,Willem II
openfootball/europe,https://raw.githubusercontent.com/openfootball/europe/7faa522aef63fa9a6fcb9d8189bd8bc52381e967/netherlands/2022-23_nl2.txt,7faa522aef63fa9a6fcb9d8189bd8bc52381e967,30,2026-09-04T07:12:36.519Z,Eerste Divisie,2022-23,2022-08-12,Helmond Sport,AZ Alkmaar J,1,3,A,1,1,D,Matchday 2,source_reported_FT,Helmond Sport,AZ Alkmaar J
openfootball/europe,https://raw.githubusercontent.com/openfootball/europe/7faa522aef63fa9a6fcb9d8189bd8bc52381e967/netherlands/2022-23_nl2.txt,7faa522aef63fa9a6fcb9d8189bd8bc52381e967,31,2026-09-04T07:12:36.519Z,Eerste Divisie,2022-23,2022-08-12,Roda JC Kerkrade,Jong Ajax,1,0,H,0,0,D,Matchday 2,source_reported_FT,Roda JC Kerkrade,Jong Ajax
openfootball/europe,https://raw.githubusercontent.com/openfootball/europe/7faa522aef63fa9a6fcb9d8189bd8bc52381e967/netherlands/2022-23_nl2.txt,7faa522aef63fa9a6fcb9d8189bd8bc52381e967,32,2026-09-04T07:12:36.519Z,Eerste Divisie,2022-23,2022-08-12,Telstar,PEC Zwolle,0,5,A,0,3,A,Matchday 2,source_reported_FT,Telstar,PEC Zwolle
openfootball/europe,https://raw.githubusercontent.com/openfootball/europe/7faa522aef63fa9a6fcb9d8189bd8bc52381e967/netherlands/2022-23_nl2.txt,7faa522aef63fa9a6fcb9d8189bd8bc52381e967,34,2026-09-04T07:12:36.519Z,Eerste Divisie,2022-23,2022-08-14,ADO Den Haag,FC Den Bosch,0,2,A,0,2,A,Matchday 2,source_reported_FT,ADO Den Haag,FC Den Bosch
openfootball/europe,https://raw.githubusercontent.com/openfootball/europe/7faa522aef63fa9a6fcb9d8189bd8bc52381e967/netherlands/2022-23_nl2.txt,7faa522aef63fa9a6fcb9d8189bd8bc52381e967,36,2026-09-04T07:12:36.519Z,Eerste Divisie,2022-23,2022-08-15,FC Utrecht J,Heracles Almelo,0,3,A,0,3,A,Matchday 2,source_reported_FT,FC Utrecht J,Heracles Almelo
openfootball/europe,https://raw.githubusercontent.com/openfootball/europe/7faa522aef63fa9a6fcb9d8189bd8bc52381e967/netherlands/2022-23_nl2.txt,7faa522aef63fa9a6fcb9d8189bd8bc52381e967,37,2026-09-04T07:12:36.519Z,Eerste Divisie,2022-23,2022-08-15,Jong PSV,FC Dordrecht,1,0,H,0,0,D,Matchday 2,source_reported_FT,Jong PSV,FC Dordrecht
openfootball/europe,https://raw.githubusercontent.com/openfootball/europe/7faa522aef63fa9a6fcb9d8189bd8bc52381e967/netherlands/2022-23_nl2.txt,7faa522aef63fa9a6fcb9d8189bd8bc52381e967,38,2026-09-04T07:12:36.519Z,Eerste Divisie,2022-23,2022-08-15,MVV,NAC Breda,3,1,H,2,0,H,Matchday 2,source_reported_FT,MVV,NAC Breda
openfootball/europe,https://raw.githubusercontent.com/openfootball/europe/7faa522aef63fa9a6fcb9d8189bd8bc52381e967/netherlands/2022-23_nl2.txt,7faa522aef63fa9a6fcb9d8189bd8bc52381e967,43,2026-09-04T07:12:36.519Z,Eerste Divisie,2022-23,2022-08-19,FC Den Bosch,Roda JC Kerkrade,0,3,A,0,0,D,Matchday 3,source_reported_FT,FC Den Bosch,Roda JC Kerkrade
openfootball/europe,https://raw.githubusercontent.com/openfootball/europe/7faa522aef63fa9a6fcb9d8189bd8bc52381e967/netherlands/2022-23_nl2.txt,7faa522aef63fa9a6fcb9d8189bd8bc52381e967,44,2026-09-04T07:12:36.519Z,Eerste Divisie,2022-23,2022-08-19,FC Dordrecht,FC Utrecht J,2,1,H,2,1,H,Matchday 3,source_reported_FT,FC Dordrecht,FC Utrecht J
openfootball/europe,https://raw.githubusercontent.com/openfootball/europe/7faa522aef63fa9a6fcb9d8189bd8bc52381e967/netherlands/2022-23_nl2.txt,7faa522aef63fa9a6fcb9d8189bd8bc52381e967,45,2026-09-04T07:12:36.519Z,Eerste Divisie,2022-23,2022-08-19,Helmond Sport,FC Eindhoven,0,1,A,0,0,D,Matchday 3,source_reported_FT,Helmond Sport,FC Eindhoven
openfootball/europe,https://raw.githubusercontent.com/openfootball/europe/7faa522aef63fa9a6fcb9d8189bd8bc52381e967/netherlands/2022-23_nl2.txt,7faa522aef63fa9a6fcb9d8189bd8bc52381e967,46,2026-09-04T07:12:36.519Z,Eerste Divisie,2022-23,2022-08-19,MVV,ADO Den Haag,3,1,H,2,1,H,Matchday 3,source_reported_FT,MVV,ADO Den Haag
openfootball/europe,https://raw.githubusercontent.com/openfootball/europe/7faa522aef63fa9a6fcb9d8189bd8bc52381e967/netherlands/2022-23_nl2.txt,7faa522aef63fa9a6fcb9d8189bd8bc52381e967,47,2026-09-04T07:12:36.519Z,Eerste Divisie,2022-23,2022-08-19,NAC Breda,TOP Oss,1,0,H,1,0,H,Matchday 3,source_reported_FT,NAC Breda,TOP Oss
openfootball/europe,https://raw.githubusercontent.com/openfootball/europe/7faa522aef63fa9a6fcb9d8189bd8bc52381e967/netherlands/2022-23_nl2.txt,7faa522aef63fa9a6fcb9d8189bd8bc52381e967,48,2026-09-04T07:12:36.519Z,Eerste Divisie,2022-23,2022-08-19,Willem II,Telstar,2,1,H,1,0,H,Matchday 3,source_reported_FT,Willem II,Telstar
openfootball/europe,https://raw.githubusercontent.com/openfootball/europe/7faa522aef63fa9a6fcb9d8189bd8bc52381e967/netherlands/2022-23_nl2.txt,7faa522aef63fa9a6fcb9d8189bd8bc52381e967,50,2026-09-04T07:12:36.519Z,Eerste Divisie,2022-23,2022-08-21,VVV-Venlo,PEC Zwolle,0,4,A,0,2,A,Matchday 3,source_reported_FT,VVV-Venlo,PEC Zwolle
openfootball/europe,https://raw.githubusercontent.com/openfootball/europe/7faa522aef63fa9a6fcb9d8189bd8bc52381e967/netherlands/2022-23_nl2.txt,7faa522aef63fa9a6fcb9d8189bd8bc52381e967,53,2026-09-04T07:12:36.519Z,Eerste Divisie,2022-23,2022-08-22,AZ Alkmaar J,Almere City FC,3,2,H,2,0,H,Matchday 3,source_reported_FT,AZ Alkmaar J,Almere City FC
openfootball/europe,https://raw.githubusercontent.com/openfootball/europe/7faa522aef63fa9a6fcb9d8189bd8bc52381e967/netherlands/2022-23_nl2.txt,7faa522aef63fa9a6fcb9d8189bd8bc52381e967,52,2026-09-04T07:12:36.519Z,Eerste Divisie,2022-23,2022-08-22,Jong Ajax,De Graafschap,5,1,H,2,1,H,Matchday 3,source_reported_FT,Jong Ajax,De Graafschap
openfootball/europe,https://raw.githubusercontent.com/openfootball/europe/7faa522aef63fa9a6fcb9d8189bd8bc52381e967/netherlands/2022-23_nl2.txt,7faa522aef63fa9a6fcb9d8189bd8bc52381e967,54,2026-09-04T07:12:36.519Z,Eerste Divisie,2022-23,2022-08-22,Jong PSV,Heracles Almelo,0,3,A,0,1,A,Matchday 3,source_reported_FT,Jong PSV,Heracles Almelo
openfootball/europe,https://raw.githubusercontent.com/openfootball/europe/7faa522aef63fa9a6fcb9d8189bd8bc52381e967/netherlands/2022-23_nl2.txt,7faa522aef63fa9a6fcb9d8189bd8bc52381e967,59,2026-09-04T07:12:36.519Z,Eerste Divisie,2022-23,2022-08-26,Almere City FC,FC Den Bosch,2,0,H,1,0,H,Matchday 4,source_reported_FT,Almere City FC,FC Den Bosch
openfootball/europe,https://raw.githubusercontent.com/openfootball/europe/7faa522aef63fa9a6fcb9d8189bd8bc52381e967/netherlands/2022-23_nl2.txt,7faa522aef63fa9a6fcb9d8189bd8bc52381e967,61,2026-09-04T07:12:36.519Z,Eerste Divisie,2022-23,2022-08-26,De Graafschap,FC Dordrecht,1,1,D,0,1,A,Matchday 4,source_reported_FT,De Graafschap,FC Dordrecht
openfootball/europe,https://raw.githubusercontent.com/openfootball/europe/7faa522aef63fa9a6fcb9d8189bd8bc52381e967/netherlands/2022-23_nl2.txt,7faa522aef63fa9a6fcb9d8189bd8bc52381e967,60,2026-09-04T07:12:36.519Z,Eerste Divisie,2022-23,2022-08-26,FC Eindhoven,AZ Alkmaar J,1,0,H,1,0,H,Matchday 4,source_reported_FT,FC Eindhoven,AZ Alkmaar J
openfootball/europe,https://raw.githubusercontent.com/openfootball/europe/7faa522aef63fa9a6fcb9d8189bd8bc52381e967/netherlands/2022-23_nl2.txt,7faa522aef63fa9a6fcb9d8189bd8bc52381e967,63,2026-09-04T07:12:36.519Z,Eerste Divisie,2022-23,2022-08-26,PEC Zwolle,Jong PSV,4,2,H,3,0,H,Matchday 4,source_reported_FT,PEC Zwolle,Jong PSV
openfootball/europe,https://raw.githubusercontent.com/openfootball/europe/7faa522aef63fa9a6fcb9d8189bd8bc52381e967/netherlands/2022-23_nl2.txt,7faa522aef63fa9a6fcb9d8189bd8bc52381e967,64,2026-09-04T07:12:36.519Z,Eerste Divisie,2022-23,2022-08-26,Roda JC Kerkrade,NAC Breda,1,3,A,0,1,A,Matchday 4,source_reported_FT,Roda JC Kerkrade,NAC Breda
openfootball/europe,https://raw.githubusercontent.com/openfootball/europe/7faa522aef63fa9a6fcb9d8189bd8bc52381e967/netherlands/2022-23_nl2.txt,7faa522aef63fa9a6fcb9d8189bd8bc52381e967,62,2026-09-04T07:12:36.519Z,Eerste Divisie,2022-23,2022-08-26,TOP Oss,VVV-Venlo,1,2,A,1,1,D,Matchday 4,source_reported_FT,TOP Oss,VVV-Venlo
openfootball/europe,https://raw.githubusercontent.com/openfootball/europe/7faa522aef63fa9a6fcb9d8189bd8bc52381e967/netherlands/2022-23_nl2.txt,7faa522aef63fa9a6fcb9d8189bd8bc52381e967,65,2026-09-04T07:12:36.519Z,Eerste Divisie,2022-23,2022-08-26,Telstar,Helmond Sport,2,1,H,1,1,D,Matchday 4,source_reported_FT,Telstar,Helmond Sport
openfootball/europe,https://raw.githubusercontent.com/openfootball/europe/7faa522aef63fa9a6fcb9d8189bd8bc52381e967/netherlands/2022-23_nl2.txt,7faa522aef63fa9a6fcb9d8189bd8bc52381e967,67,2026-09-04T07:12:36.519Z,Eerste Divisie,2022-23,2022-08-28,ADO Den Haag,Jong Ajax,4,0,H,2,0,H,Matchday 4,source_reported_FT,ADO Den Haag,Jong Ajax
openfootball/europe,https://raw.githubusercontent.com/openfootball/europe/7faa522aef63fa9a6fcb9d8189bd8bc52381e967/netherlands/2022-23_nl2.txt,7faa522aef63fa9a6fcb9d8189bd8bc52381e967,70,2026-09-04T07:12:36.519Z,Eerste Divisie,2022-23,2022-08-29,FC Utrecht J,Willem II,0,0,D,,,,Matchday 4,source_reported_FT,FC Utrecht J,Willem II
openfootball/europe,https://raw.githubusercontent.com/openfootball/europe/7faa522aef63fa9a6fcb9d8189bd8bc52381e967/netherlands/2022-23_nl2.txt,7faa522aef63fa9a6fcb9d8189bd8bc52381e967,69,2026-09-04T07:12:36.519Z,Eerste Divisie,2022-23,2022-08-29,Heracles Almelo,MVV,2,2,D,0,1,A,Matchday 4,source_reported_FT,Heracles Almelo,MVV
openfootball/europe,https://raw.githubusercontent.com/openfootball/europe/7faa522aef63fa9a6fcb9d8189bd8bc52381e967/netherlands/2022-23_nl2.txt,7faa522aef63fa9a6fcb9d8189bd8bc52381e967,75,2026-09-04T07:12:36.519Z,Eerste Divisie,2022-23,2022-09-01,Telstar,De Graafschap,0,1,A,0,0,D,Matchday 5,source_reported_FT,Telstar,De Graafschap
openfootball/europe,https://raw.githubusercontent.com/openfootball/europe/7faa522aef63fa9a6fcb9d8189bd8bc52381e967/netherlands/2022-23_nl2.txt,7faa522aef63fa9a6fcb9d8189bd8bc52381e967,77,2026-09-04T07:12:36.519Z,Eerste Divisie,2022-23,2022-09-02,FC Den Bosch,PEC Zwolle,1,2,A,1,1,D,Matchday 5,source_reported_FT,FC Den Bosch,PEC Zwolle
openfootball/europe,https://raw.githubusercontent.com/openfootball/europe/7faa522aef63fa9a6fcb9d8189bd8bc52381e967/netherlands/2022-23_nl2.txt,7faa522aef63fa9a6fcb9d8189bd8bc52381e967,78,2026-09-04T07:12:36.519Z,Eerste Divisie,2022-23,2022-09-02,Helmond Sport,Almere City FC,3,0,H,1,0,H,Matchday 5,source_reported_FT,Helmond Sport,Almere City FC
openfootball/europe,https://raw.githubusercontent.com/openfootball/europe/7faa522aef63fa9a6fcb9d8189bd8bc52381e967/netherlands/2022-23_nl2.txt,7faa522aef63fa9a6fcb9d8189bd8bc52381e967,79,2026-09-04T07:12:36.519Z,Eerste Divisie,2022-23,2022-09-02,NAC Breda,FC Eindhoven,1,1,D,1,1,D,Matchday 5,source_reported_FT,NAC Breda,FC Eindhoven
openfootball/europe,https://raw.githubusercontent.com/openfootball/europe/7faa522aef63fa9a6fcb9d8189bd8bc52381e967/netherlands/2022-23_nl2.txt,7faa522aef63fa9a6fcb9d8189bd8bc52381e967,80,2026-09-04T07:12:36.519Z,Eerste Divisie,2022-23,2022-09-02,VVV-Venlo,FC Utrecht J,2,1,H,1,0,H,Matchday 5,source_reported_FT,VVV-Venlo,FC Utrecht J
openfootball/europe,https://raw.githubusercontent.com/openfootball/europe/7faa522aef63fa9a6fcb9d8189bd8bc52381e967/netherlands/2022-23_nl2.txt,7faa522aef63fa9a6fcb9d8189bd8bc52381e967,81,2026-09-04T07:12:36.519Z,Eerste Divisie,2022-23,2022-09-02,Willem II,ADO Den Haag,1,0,H,0,0,D,Matchday 5,source_reported_FT,Willem II,ADO Den Haag
openfootball/europe,https://raw.githubusercontent.com/openfootball/europe/7faa522aef63fa9a6fcb9d8189bd8bc52381e967/netherlands/2022-23_nl2.txt,7faa522aef63fa9a6fcb9d8189bd8bc52381e967,83,2026-09-04T07:12:36.519Z,Eerste Divisie,2022-23,2022-09-04,MVV,Roda JC Kerkrade,1,1,D,1,0,H,Matchday 5,source_reported_FT,MVV,Roda JC Kerkrade
openfootball/europe,https://raw.githubusercontent.com/openfootball/europe/7faa522aef63fa9a6fcb9d8189bd8bc52381e967/netherlands/2022-23_nl2.txt,7faa522aef63fa9a6fcb9d8189bd8bc52381e967,86,2026-09-04T07:12:36.519Z,Eerste Divisie,2022-23,2022-09-05,AZ Alkmaar J,FC Dordrecht,3,1,H,0,1,A,Matchday 5,source_reported_FT,AZ Alkmaar J,FC Dordrecht
openfootball/europe,https://raw.githubusercontent.com/openfootball/europe/7faa522aef63fa9a6fcb9d8189bd8bc52381e967/netherlands/2022-23_nl2.txt,7faa522aef63fa9a6fcb9d8189bd8bc52381e967,85,2026-09-04T07:12:36.519Z,Eerste Divisie,2022-23,2022-09-05,Jong Ajax,Heracles Almelo,4,0,H,1,0,H,Matchday 5,source_reported_FT,Jong Ajax,Heracles Almelo
openfootball/europe,https://raw.githubusercontent.com/openfootball/europe/7faa522aef63fa9a6fcb9d8189bd8bc52381e967/netherlands/2022-23_nl2.txt,7faa522aef63fa9a6fcb9d8189bd8bc52381e967,87,2026-09-04T07:12:36.519Z,Eerste Divisie,2022-23,2022-09-05,Jong PSV,TOP Oss,0,3,A,0,2,A,Matchday 5,source_reported_FT,Jong PSV,TOP Oss
openfootball/europe,https://raw.githubusercontent.com/openfootball/europe/7faa522aef63fa9a6fcb9d8189bd8bc52381e967/netherlands/2022-23_nl2.txt,7faa522aef63fa9a6fcb9d8189bd8bc52381e967,92,2026-09-04T07:12:36.519Z,Eerste Divisie,2022-23,2022-09-09,ADO Den Haag,AZ Alkmaar J,2,2,D,1,0,H,Matchday 6,source_reported_FT,ADO Den Haag,AZ Alkmaar J
openfootball/europe,https://raw.githubusercontent.com/openfootball/europe/7faa522aef63fa9a6fcb9d8189bd8bc52381e967/netherlands/2022-23_nl2.txt,7faa522aef63fa9a6fcb9d8189bd8bc52381e967,93,2026-09-04T07:12:36.519Z,Eerste Divisie,2022-23,2022-09-09,Almere City FC,Telstar,0,1,A,0,0,D,Matchday 6,source_reported_FT,Almere City FC,Telstar
openfootball/europe,https://raw.githubusercontent.com/openfootball/europe/7faa522aef63fa9a6fcb9d8189bd8bc52381e967/netherlands/2022-23_nl2.txt,7faa522aef63fa9a6fcb9d8189bd8bc52381e967,96,2026-09-04T07:12:36.519Z,Eerste Divisie,2022-23,2022-09-09,De Graafschap,NAC Breda,1,1,D,0,1,A,Matchday 6,source_reported_FT,De Graafschap,NAC Breda
openfootball/europe,https://raw.githubusercontent.com/openfootball/europe/7faa522aef63fa9a6fcb9d8189bd8bc52381e967/netherlands/2022-23_nl2.txt,7faa522aef63fa9a6fcb9d8189bd8bc52381e967,94,2026-09-04T07:12:36.519Z,Eerste Divisie,2022-23,2022-09-09,FC Dordrecht,FC Den Bosch,2,1,H,1,0,H,Matchday 6,source_reported_FT,FC Dordrecht,FC Den Bosch
openfootball/europe,https://raw.githubusercontent.com/openfootball/europe/7faa522aef63fa9a6fcb9d8189bd8bc52381e967/netherlands/2022-23_nl2.txt,7faa522aef63fa9a6fcb9d8189bd8bc52381e967,95,2026-09-04T07:12:36.519Z,Eerste Divisie,2022-23,2022-09-09,FC Eindhoven,MVV,5,0,H,2,0,H,Matchday 6,source_reported_FT,FC Eindhoven,MVV
openfootball/europe,https://raw.githubusercontent.com/openfootball/europe/7faa522aef63fa9a6fcb9d8189bd8bc52381e967/netherlands/2022-23_nl2.txt,7faa522aef63fa9a6fcb9d8189bd8bc52381e967,101,2026-09-04T07:12:36.519Z,Eerste Divisie,2022-23,2022-09-09,FC Utrecht J,Helmond Sport,2,0,H,1,0,H,Matchday 6,source_reported_FT,FC Utrecht J,Helmond Sport
openfootball/europe,https://raw.githubusercontent.com/openfootball/europe/7faa522aef63fa9a6fcb9d8189bd8bc52381e967/netherlands/2022-23_nl2.txt,7faa522aef63fa9a6fcb9d8189bd8bc52381e967,97,2026-09-04T07:12:36.519Z,Eerste Divisie,2022-23,2022-09-09,Heracles Almelo,VVV-Venlo,5,3,H,2,1,H,Matchday 6,source_reported_FT,Heracles Almelo,VVV-Venlo
openfootball/europe,https://raw.githubusercontent.com/openfootball/europe/7faa522aef63fa9a6fcb9d8189bd8bc52381e967/netherlands/2022-23_nl2.txt,7faa522aef63fa9a6fcb9d8189bd8bc52381e967,99,2026-09-04T07:12:36.519Z,Eerste Divisie,2022-23,2022-09-09,PEC Zwolle,Willem II,2,2,D,2,2,D,Matchday 6,source_reported_FT,PEC Zwolle,Willem II
openfootball/europe,https://raw.githubusercontent.com/openfootball/europe/7faa522aef63fa9a6fcb9d8189bd8bc52381e967/netherlands/2022-23_nl2.txt,7faa522aef63fa9a6fcb9d8189bd8bc52381e967,100,2026-09-04T07:12:36.519Z,Eerste Divisie,2022-23,2022-09-09,Roda JC Kerkrade,Jong PSV,1,1,D,0,0,D,Matchday 6,source_reported_FT,Roda JC Kerkrade,Jong PSV
openfootball/europe,https://raw.githubusercontent.com/openfootball/europe/7faa522aef63fa9a6fcb9d8189bd8bc52381e967/netherlands/2022-23_nl2.txt,7faa522aef63fa9a6fcb9d8189bd8bc52381e967,98,2026-09-04T07:12:36.519Z,Eerste Divisie,2022-23,2022-09-09,TOP Oss,Jong Ajax,1,1,D,0,1,A,Matchday 6,source_reported_FT,TOP Oss,Jong Ajax
openfootball/europe,https://raw.githubusercontent.com/openfootball/europe/7faa522aef63fa9a6fcb9d8189bd8bc52381e967/netherlands/2022-23_nl2.txt,7faa522aef63fa9a6fcb9d8189bd8bc52381e967,123,2026-09-04T07:12:36.519Z,Eerste Divisie,2022-23,2022-09-12,AZ Alkmaar J,PEC Zwolle,2,3,A,1,1,D,Matchday 8,source_reported_FT,AZ Alkmaar J,PEC Zwolle
openfootball/europe,https://raw.githubusercontent.com/openfootball/europe/7faa522aef63fa9a6fcb9d8189bd8bc52381e967/netherlands/2022-23_nl2.txt,7faa522aef63fa9a6fcb9d8189bd8bc52381e967,122,2026-09-04T07:12:36.519Z,Eerste Divisie,2022-23,2022-09-12,Almere City FC,FC Eindhoven,1,1,D,0,0,D,Matchday 8,source_reported_FT,Almere City FC,FC Eindhoven
openfootball/europe,https://raw.githubusercontent.com/openfootball/europe/7faa522aef63fa9a6fcb9d8189bd8bc52381e967/netherlands/2022-23_nl2.txt,7faa522aef63fa9a6fcb9d8189bd8bc52381e967,126,2026-09-04T07:12:36.519Z,Eerste Divisie,2022-23,2022-09-12,FC Utrecht J,ADO Den Haag,1,1,D,0,0,D,Matchday 8,source_reported_FT,FC Utrecht J,ADO Den Haag
openfootball/europe,https://raw.githubusercontent.com/openfootball/europe/7faa522aef63fa9a6fcb9d8189bd8bc52381e967/netherlands/2022-23_nl2.txt,7faa522aef63fa9a6fcb9d8189bd8bc52381e967,121,2026-09-04T07:12:36.519Z,Eerste Divisie,2022-23,2022-09-12,Jong Ajax,NAC Breda,3,1,H,0,1,A,Matchday 8,source_reported_FT,Jong Ajax,NAC Breda
openfootball/europe,https://raw.githubusercontent.com/openfootball/europe/7faa522aef63fa9a6fcb9d8189bd8bc52381e967/netherlands/2022-23_nl2.txt,7faa522aef63fa9a6fcb9d8189bd8bc52381e967,124,2026-09-04T07:12:36.519Z,Eerste Divisie,2022-23,2022-09-12,Jong PSV,FC Den Bosch,3,1,H,1,0,H,Matchday 8,source_reported_FT,Jong PSV,FC Den Bosch
openfootball/europe,https://raw.githubusercontent.com/openfootball/europe/7faa522aef63fa9a6fcb9d8189bd8bc52381e967/netherlands/2022-23_nl2.txt,7faa522aef63fa9a6fcb9d8189bd8bc52381e967,125,2026-09-04T07:12:36.519Z,Eerste Divisie,2022-23,2022-09-12,Roda JC Kerkrade,De Graafschap,3,2,H,2,0,H,Matchday 8,source_reported_FT,Roda JC Kerkrade,De Graafschap
openfootball/europe,https://raw.githubusercontent.com/openfootball/europe/7faa522aef63fa9a6fcb9d8189bd8bc52381e967/netherlands/2022-23_nl2.txt,7faa522aef63fa9a6fcb9d8189bd8bc52381e967,107,2026-09-04T07:12:36.519Z,Eerste Divisie,2022-23,2022-09-16,De Graafschap,Almere City FC,1,2,A,1,0,H,Matchday 7,source_reported_FT,De Graafschap,Almere City FC
openfootball/europe,https://raw.githubusercontent.com/openfootball/europe/7faa522aef63fa9a6fcb9d8189bd8bc52381e967/netherlands/2022-23_nl2.txt,7faa522aef63fa9a6fcb9d8189bd8bc52381e967,106,2026-09-04T07:12:36.519Z,Eerste Divisie,2022-23,2022-09-16,FC Eindhoven,Roda JC Kerkrade,3,3,D,2,0,H,Matchday 7,source_reported_FT,FC Eindhoven,Roda JC Kerkrade
openfootball/europe,https://raw.githubusercontent.com/openfootball/europe/7faa522aef63fa9a6fcb9d8189bd8bc52381e967/netherlands/2022-23_nl2.txt,7faa522aef63fa9a6fcb9d8189bd8bc52381e967,108,2026-09-04T07:12:36.519Z,Eerste Divisie,2022-23,2022-09-16,Helmond Sport,FC Dordrecht,2,1,H,0,1,A,Matchday 7,source_reported_FT,Helmond Sport,FC Dordrecht
openfootball/europe,https://raw.githubusercontent.com/openfootball/europe/7faa522aef63fa9a6fcb9d8189bd8bc52381e967/netherlands/2022-23_nl2.txt,7faa522aef63fa9a6fcb9d8189bd8bc52381e967,109,2026-09-04T07:12:36.519Z,Eerste Divisie,2022-23,2022-09-16,MVV,Jong Ajax,4,1,H,2,0,H,Matchday 7,source_reported_FT,MVV,Jong Ajax
openfootball/europe,https://raw.githubusercontent.com/openfootball/europe/7faa522aef63fa9a6fcb9d8189bd8bc52381e967/netherlands/2022-23_nl2.txt,7faa522aef63fa9a6fcb9d8189bd8bc52381e967,110,2026-09-04T07:12:36.519Z,Eerste Divisie,2022-23,2022-09-16,NAC Breda,FC Utrecht J,3,1,H,1,1,D,Matchday 7,source_reported_FT,NAC Breda,FC Utrecht J
openfootball/europe,https://raw.githubusercontent.com/openfootball/europe/7faa522aef63fa9a6fcb9d8189bd8bc52381e967/netherlands/2022-23_nl2.txt,7faa522aef63fa9a6fcb9d8189bd8bc52381e967,111,2026-09-04T07:12:36.519Z,Eerste Divisie,2022-23,2022-09-16,PEC Zwolle,ADO Den Haag,1,2,A,1,1,D,Matchday 7,source_reported_FT,PEC Zwolle,ADO Den Haag
openfootball/europe,https://raw.githubusercontent.com/openfootball/europe/7faa522aef63fa9a6fcb9d8189bd8bc52381e967/netherlands/2022-23_nl2.txt,7faa522aef63fa9a6fcb9d8189bd8bc52381e967,112,2026-09-04T07:12:36.519Z,Eerste Divisie,2022-23,2022-09-16,Telstar,Heracles Almelo,0,3,A,0,0,D,Matchday 7,source_reported_FT,Telstar,Heracles Almelo
openfootball/europe,https://raw.githubusercontent.com/openfootball/europe/7faa522aef63fa9a6fcb9d8189bd8bc52381e967/netherlands/2022-23_nl2.txt,7faa522aef63fa9a6fcb9d8189bd8bc52381e967,113,2026-09-04T07:12:36.519Z,Eerste Divisie,2022-23,2022-09-16,VVV-Venlo,Jong PSV,1,1,D,1,0,H,Matchday 7,source_reported_FT,VVV-Venlo,Jong PSV
openfootball/europe,https://raw.githubusercontent.com/openfootball/europe/7faa522aef63fa9a6fcb9d8189bd8bc52381e967/netherlands/2022-23_nl2.txt,7faa522aef63fa9a6fcb9d8189bd8bc52381e967,114,2026-09-04T07:12:36.519Z,Eerste Divisie,2022-23,2022-09-16,Willem II,AZ Alkmaar J,1,0,H,0,0,D,Matchday 7,source_reported_FT,Willem II,AZ Alkmaar J
openfootball/europe,https://raw.githubusercontent.com/openfootball/europe/7faa522aef63fa9a6fcb9d8189bd8bc52381e967/netherlands/2022-23_nl2.txt,7faa522aef63fa9a6fcb9d8189bd8bc52381e967,116,2026-09-04T07:12:36.519Z,Eerste Divisie,2022-23,2022-09-17,FC Den Bosch,TOP Oss,4,1,H,2,1,H,Matchday 7,source_reported_FT,FC Den Bosch,TOP Oss
openfootball/europe,https://raw.githubusercontent.com/openfootball/europe/7faa522aef63fa9a6fcb9d8189bd8bc52381e967/netherlands/2022-23_nl2.txt,7faa522aef63fa9a6fcb9d8189bd8bc52381e967,128,2026-09-04T07:12:36.519Z,Eerste Divisie,2022-23,2022-09-23,FC Dordrecht,MVV,1,2,A,1,1,D,Matchday 8,source_reported_FT,FC Dordrecht,MVV
openfootball/europe,https://raw.githubusercontent.com/openfootball/europe/7faa522aef63fa9a6fcb9d8189bd8bc52381e967/netherlands/2022-23_nl2.txt,7faa522aef63fa9a6fcb9d8189bd8bc52381e967,129,2026-09-04T07:12:36.519Z,Eerste Divisie,2022-23,2022-09-23,Heracles Almelo,Helmond Sport,2,0,H,0,0,D,Matchday 8,source_reported_FT,Heracles Almelo,Helmond Sport
openfootball/europe,https://raw.githubusercontent.com/openfootball/europe/7faa522aef63fa9a6fcb9d8189bd8bc52381e967/netherlands/2022-23_nl2.txt,7faa522aef63fa9a6fcb9d8189bd8bc52381e967,130,2026-09-04T07:12:36.519Z,Eerste Divisie,2022-23,2022-09-23,TOP Oss,Willem II,1,3,A,0,3,A,Matchday 8,source_reported_FT,TOP Oss,Willem II
openfootball/europe,https://raw.githubusercontent.com/openfootball/europe/7faa522aef63fa9a6fcb9d8189bd8bc52381e967/netherlands/2022-23_nl2.txt,7faa522aef63fa9a6fcb9d8189bd8bc52381e967,131,2026-09-04T07:12:36.519Z,Eerste Divisie,2022-23,2022-09-23,VVV-Venlo,Telstar,1,1,D,0,0,D,Matchday 8,source_reported_FT,VVV-Venlo,Telstar
openfootball/europe,https://raw.githubusercontent.com/openfootball/europe/7faa522aef63fa9a6fcb9d8189bd8bc52381e967/netherlands/2022-23_nl2.txt,7faa522aef63fa9a6fcb9d8189bd8bc52381e967,136,2026-09-04T07:12:36.519Z,Eerste Divisie,2022-23,2022-09-30,ADO Den Haag,Jong PSV,1,3,A,0,3,A,Matchday 9,source_reported_FT,ADO Den Haag,Jong PSV
openfootball/europe,https://raw.githubusercontent.com/openfootball/europe/7faa522aef63fa9a6fcb9d8189bd8bc52381e967/netherlands/2022-23_nl2.txt,7faa522aef63fa9a6fcb9d8189bd8bc52381e967,137,2026-09-04T07:12:36.519Z,Eerste Divisie,2022-23,2022-09-30,Almere City FC,Roda JC Kerkrade,2,1,H,1,1,D,Matchday 9,source_reported_FT,Almere City FC,Roda JC Kerkrade
openfootball/europe,https://raw.githubusercontent.com/openfootball/europe/7faa522aef63fa9a6fcb9d8189bd8bc52381e967/netherlands/2022-23_nl2.txt,7faa522aef63fa9a6fcb9d8189bd8bc52381e967,140,2026-09-04T07:12:36.519Z,Eerste Divisie,2022-23,2022-09-30,De Graafschap,AZ Alkmaar J,2,0,H,1,0,H,Matchday 9,source_reported_FT,De Graafschap,AZ Alkmaar J
openfootball/europe,https://raw.githubusercontent.com/openfootball/europe/7faa522aef63fa9a6fcb9d8189bd8bc52381e967/netherlands/2022-23_nl2.txt,7faa522aef63fa9a6fcb9d8189bd8bc52381e967,138,2026-09-04T07:12:36.519Z,Eerste Divisie,2022-23,2022-09-30,FC Den Bosch,Heracles Almelo,1,2,A,1,1,D,Matchday 9,source_reported_FT,FC Den Bosch,Heracles Almelo
openfootball/europe,https://raw.githubusercontent.com/openfootball/europe/7faa522aef63fa9a6fcb9d8189bd8bc52381e967/netherlands/2022-23_nl2.txt,7faa522aef63fa9a6fcb9d8189bd8bc52381e967,139,2026-09-04T07:12:36.519Z,Eerste Divisie,2022-23,2022-09-30,FC Eindhoven,FC Dordrecht,1,1,D,0,0,D,Matchday 9,source_reported_FT,FC Eindhoven,FC Dordrecht
openfootball/europe,https://raw.githubusercontent.com/openfootball/europe/7faa522aef63fa9a6fcb9d8189bd8bc52381e967/netherlands/2022-23_nl2.txt,7faa522aef63fa9a6fcb9d8189bd8bc52381e967,141,2026-09-04T07:12:36.519Z,Eerste Divisie,2022-23,2022-09-30,Helmond Sport,TOP Oss,1,2,A,1,2,A,Matchday 9,source_reported_FT,Helmond Sport,TOP Oss
openfootball/europe,https://raw.githubusercontent.com/openfootball/europe/7faa522aef63fa9a6fcb9d8189bd8bc52381e967/netherlands/2022-23_nl2.txt,7faa522aef63fa9a6fcb9d8189bd8bc52381e967,142,2026-09-04T07:12:36.519Z,Eerste Divisie,2022-23,2022-09-30,MVV,Willem II,3,2,H,0,2,A,Matchday 9,source_reported_FT,MVV,Willem II
openfootball/europe,https://raw.githubusercontent.com/openfootball/europe/7faa522aef63fa9a6fcb9d8189bd8bc52381e967/netherlands/2022-23_nl2.txt,7faa522aef63fa9a6fcb9d8189bd8bc52381e967,143,2026-09-04T07:12:36.519Z,Eerste Divisie,2022-23,2022-09-30,NAC Breda,VVV-Venlo,1,2,A,0,0,D,Matchday 9,source_reported_FT,NAC Breda,VVV-Venlo
openfootball/europe,https://raw.githubusercontent.com/openfootball/europe/7faa522aef63fa9a6fcb9d8189bd8bc52381e967/netherlands/2022-23_nl2.txt,7faa522aef63fa9a6fcb9d8189bd8bc52381e967,144,2026-09-04T07:12:36.519Z,Eerste Divisie,2022-23,2022-09-30,PEC Zwolle,Jong Ajax,1,1,D,0,0,D,Matchday 9,source_reported_FT,PEC Zwolle,Jong Ajax
openfootball/europe,https://raw.githubusercontent.com/openfootball/europe/7faa522aef63fa9a6fcb9d8189bd8bc52381e967/netherlands/2022-23_nl2.txt,7faa522aef63fa9a6fcb9d8189bd8bc52381e967,145,2026-09-04T07:12:36.519Z,Eerste Divisie,2022-23,2022-09-30,Telstar,FC Utrecht J,2,2,D,1,0,H,Matchday 9,source_reported_FT,Telstar,FC Utrecht J
openfootball/europe,https://raw.githubusercontent.com/openfootball/europe/7faa522aef63fa9a6fcb9d8189bd8bc52381e967/netherlands/2022-23_nl2.txt,7faa522aef63fa9a6fcb9d8189bd8bc52381e967,150,2026-09-04T07:12:36.519Z,Eerste Divisie,2022-23,2022-10-07,ADO Den Haag,FC Eindhoven,1,0,H,0,0,D,Matchday 10,source_reported_FT,ADO Den Haag,FC Eindhoven
openfootball/europe,https://raw.githubusercontent.com/openfootball/europe/7faa522aef63fa9a6fcb9d8189bd8bc52381e967/netherlands/2022-23_nl2.txt,7faa522aef63fa9a6fcb9d8189bd8bc52381e967,152,2026-09-04T07:12:36.519Z,Eerste Divisie,2022-23,2022-10-07,AZ Alkmaar J,NAC Breda,4,0,H,1,0,H,Matchday 10,source_reported_FT,AZ Alkmaar J,NAC Breda
openfootball/europe,https://raw.githubusercontent.com/openfootball/europe/7faa522aef63fa9a6fcb9d8189bd8bc52381e967/netherlands/2022-23_nl2.txt,7faa522aef63fa9a6fcb9d8189bd8bc52381e967,153,2026-09-04T07:12:36.519Z,Eerste Divisie,2022-23,2022-10-07,FC Dordrecht,PEC Zwolle,3,0,H,1,0,H,Matchday 10,source_reported_FT,FC Dordrecht,PEC Zwolle
openfootball/europe,https://raw.githubusercontent.com/openfootball/europe/7faa522aef63fa9a6fcb9d8189bd8bc52381e967/netherlands/2022-23_nl2.txt,7faa522aef63fa9a6fcb9d8189bd8bc52381e967,158,2026-09-04T07:12:36.519Z,Eerste Divisie,2022-23,2022-10-07,FC Utrecht J,Almere City FC,0,2,A,0,0,D,Matchday 10,source_reported_FT,FC Utrecht J,Almere City FC
openfootball/europe,https://raw.githubusercontent.com/openfootball/europe/7faa522aef63fa9a6fcb9d8189bd8bc52381e967/netherlands/2022-23_nl2.txt,7faa522aef63fa9a6fcb9d8189bd8bc52381e967,154,2026-09-04T07:12:36.519Z,Eerste Divisie,2022-23,2022-10-07,Heracles Almelo,De Graafschap,3,2,H,1,1,D,Matchday 10,source_reported_FT,Heracles Almelo,De Graafschap
openfootball/europe,https://raw.githubusercontent.com/openfootball/europe/7faa522aef63fa9a6fcb9d8189bd8bc52381e967/netherlands/2022-23_nl2.txt,7faa522aef63fa9a6fcb9d8189bd8bc52381e967,151,2026-09-04T07:12:36.519Z,Eerste Divisie,2022-23,2022-10-07,Jong Ajax,Helmond Sport,0,1,A,0,1,A,Matchday 10,source_reported_FT,Jong Ajax,Helmond Sport
openfootball/europe,https://raw.githubusercontent.com/openfootball/europe/7faa522aef63fa9a6fcb9d8189bd8bc52381e967/netherlands/2022-23_nl2.txt,7faa522aef63fa9a6fcb9d8189bd8bc52381e967,156,2026-09-04T07:12:36.519Z,Eerste Divisie,2022-23,2022-10-07,Jong PSV,Telstar,0,2,A,0,0,D,Matchday 10,source_reported_FT,Jong PSV,Telstar
openfootball/europe,https://raw.githubusercontent.com/openfootball/europe/7faa522aef63fa9a6fcb9d8189bd8bc52381e967/netherlands/2022-23_nl2.txt,7faa522aef63fa9a6fcb9d8189bd8bc52381e967,157,2026-09-04T07:12:36.519Z,Eerste Divisie,2022-23,2022-10-07,Roda JC Kerkrade,VVV-Venlo,4,1,H,1,1,D,Matchday 10,source_reported_FT,Roda JC Kerkrade,VVV-Venlo
openfootball/europe,https://raw.githubusercontent.com/openfootball/europe/7faa522aef63fa9a6fcb9d8189bd8bc52381e967/netherlands/2022-23_nl2.txt,7faa522aef63fa9a6fcb9d8189bd8bc52381e967,155,2026-09-04T07:12:36.519Z,Eerste Divisie,2022-23,2022-10-07,TOP Oss,MVV,0,1,A,0,0,D,Matchday 10,source_reported_FT,TOP Oss,MVV
openfootball/europe,https://raw.githubusercontent.com/openfootball/europe/7faa522aef63fa9a6fcb9d8189bd8bc52381e967/netherlands/2022-23_nl2.txt,7faa522aef63fa9a6fcb9d8189bd8bc52381e967,159,2026-09-04T07:12:36.519Z,Eerste Divisie,2022-23,2022-10-07,Willem II,FC Den Bosch,1,2,A,0,1,A,Matchday 10,source_reported_FT,Willem II,FC Den Bosch
openfootball/europe,https://raw.githubusercontent.com/openfootball/europe/7faa522aef63fa9a6fcb9d8189bd8bc52381e967/netherlands/2022-23_nl2.txt,7faa522aef63fa9a6fcb9d8189bd8bc52381e967,164,2026-09-04T07:12:36.519Z,Eerste Divisie,2022-23,2022-10-14,Almere City FC,Jong Ajax,2,3,A,1,2,A,Matchday 11,source_reported_FT,Almere City FC,Jong Ajax
openfootball/europe,https://raw.githubusercontent.com/openfootball/europe/7faa522aef63fa9a6fcb9d8189bd8bc52381e967/netherlands/2022-23_nl2.txt,7faa522aef63fa9a6fcb9d8189bd8bc52381e967,167,2026-09-04T07:12:36.519Z,Eerste Divisie,2022-23,2022-10-14,De Graafschap,FC Utrecht J,2,0,H,2,0,H,Matchday 11,source_reported_FT,De Graafschap,FC Utrecht J
openfootball/europe,https://raw.githubusercontent.com/openfootball/europe/7faa522aef63fa9a6fcb9d8189bd8bc52381e967/netherlands/2022-23_nl2.txt,7faa522aef63fa9a6fcb9d8189bd8bc52381e967,165,2026-09-04T07:12:36.519Z,Eerste Divisie,2022-23,2022-10-14,FC Den Bosch,AZ Alkmaar J,3,0,H,1,0,H,Matchday 11,source_reported_FT,FC Den Bosch,AZ Alkmaar J
openfootball/europe,https://raw.githubusercontent.com/openfootball/europe/7faa522aef63fa9a6fcb9d8189bd8bc52381e967/netherlands/2022-23_nl2.txt,7faa522aef63fa9a6fcb9d8189bd8bc52381e967,166,2026-09-04T07:12:36.519Z,Eerste Divisie,2022-23,2022-10-14,FC Eindhoven,TOP Oss,2,1,H,2,0,H,Matchday 11,source_reported_FT,FC Eindhoven,TOP Oss
openfootball/europe,https://raw.githubusercontent.com/openfootball/europe/7faa522aef63fa9a6fcb9d8189bd8bc52381e967/netherlands/2022-23_nl2.txt,7faa522aef63fa9a6fcb9d8189bd8bc52381e967,168,2026-09-04T07:12:36.519Z,Eerste Divisie,2022-23,2022-10-14,Helmond Sport,Willem II,1,3,A,0,2,A,Matchday 11,source_reported_FT,Helmond Sport,Willem II
openfootball/europe,https://raw.githubusercontent.com/openfootball/europe/7faa522aef63fa9a6fcb9d8189bd8bc52381e967/netherlands/2022-23_nl2.txt,7faa522aef63fa9a6fcb9d8189bd8bc52381e967,169,2026-09-04T07:12:36.519Z,Eerste Divisie,2022-23,2022-10-14,MVV,Jong PSV,1,1,D,1,0,H,Matchday 11,source_reported_FT,MVV,Jong PSV
openfootball/europe,https://raw.githubusercontent.com/openfootball/europe/7faa522aef63fa9a6fcb9d8189bd8bc52381e967/netherlands/2022-23_nl2.txt,7faa522aef63fa9a6fcb9d8189bd8bc52381e967,170,2026-09-04T07:12:36.519Z,Eerste Divisie,2022-23,2022-10-14,NAC Breda,ADO Den Haag,1,2,A,1,2,A,Matchday 11,source_reported_FT,NAC Breda,ADO Den Haag
openfootball/europe,https://raw.githubusercontent.com/openfootball/europe/7faa522aef63fa9a6fcb9d8189bd8bc52381e967/netherlands/2022-23_nl2.txt,7faa522aef63fa9a6fcb9d8189bd8bc52381e967,171,2026-09-04T07:12:36.519Z,Eerste Divisie,2022-23,2022-10-14,PEC Zwolle,Heracles Almelo,3,2,H,3,1,H,Matchday 11,source_reported_FT,PEC Zwolle,Heracles Almelo
openfootball/europe,https://raw.githubusercontent.com/openfootball/europe/7faa522aef63fa9a6fcb9d8189bd8bc52381e967/netherlands/2022-23_nl2.txt,7faa522aef63fa9a6fcb9d8189bd8bc52381e967,172,2026-09-04T07:12:36.519Z,Eerste Divisie,2022-23,2022-10-14,Telstar,Roda JC Kerkrade,2,1,H,2,0,H,Matchday 11,source_reported_FT,Telstar,Roda JC Kerkrade
openfootball/europe,https://raw.githubusercontent.com/openfootball/europe/7faa522aef63fa9a6fcb9d8189bd8bc52381e967/netherlands/2022-23_nl2.txt,7faa522aef63fa9a6fcb9d8189bd8bc52381e967,173,2026-09-04T07:12:36.519Z,Eerste Divisie,2022-23,2022-10-14,VVV-Venlo,FC Dordrecht,0,1,A,0,1,A,Matchday 11,source_reported_FT,VVV-Venlo,FC Dordrecht
openfootball/europe,https://raw.githubusercontent.com/openfootball/europe/7faa522aef63fa9a6fcb9d8189bd8bc52381e967/netherlands/2022-23_nl2.txt,7faa522aef63fa9a6fcb9d8189bd8bc52381e967,178,2026-09-04T07:12:36.519Z,Eerste Divisie,2022-23,2022-10-21,ADO Den Haag,De Graafschap,2,2,D,1,1,D,Matchday 12,source_reported_FT,ADO Den Haag,De Graafschap
openfootball/europe,https://raw.githubusercontent.com/openfootball/europe/7faa522aef63fa9a6fcb9d8189bd8bc52381e967/netherlands/2022-23_nl2.txt,7faa522aef63fa9a6fcb9d8189bd8bc52381e967,179,2026-09-04T07:12:36.519Z,Eerste Divisie,2022-23,2022-10-21,Heracles Almelo,FC Eindhoven,3,0,H,2,0,H,Matchday 12,source_reported_FT,Heracles Almelo,FC Eindhoven
openfootball/europe,https://raw.githubusercontent.com/openfootball/europe/7faa522aef63fa9a6fcb9d8189bd8bc52381e967/netherlands/2022-23_nl2.txt,7faa522aef63fa9a6fcb9d8189bd8bc52381e967,180,2026-09-04T07:12:36.519Z,Eerste Divisie,2022-23,2022-10-21,TOP Oss,Roda JC Kerkrade,3,0,H,0,0,D,Matchday 12,source_reported_FT,TOP Oss,Roda JC Kerkrade
openfootball/europe,https://raw.githubusercontent.com/openfootball/europe/7faa522aef63fa9a6fcb9d8189bd8bc52381e967/netherlands/2022-23_nl2.txt,7faa522aef63fa9a6fcb9d8189bd8bc52381e967,181,2026-09-04T07:12:36.519Z,Eerste Divisie,2022-23,2022-10-21,Willem II,Almere City FC,1,1,D,0,1,A,Matchday 12,source_reported_FT,Willem II,Almere City FC
openfootball/europe,https://raw.githubusercontent.com/openfootball/europe/7faa522aef63fa9a6fcb9d8189bd8bc52381e967/netherlands/2022-23_nl2.txt,7faa522aef63fa9a6fcb9d8189bd8bc52381e967,183,2026-09-04T07:12:36.519Z,Eerste Divisie,2022-23,2022-10-22,FC Dordrecht,NAC Breda,0,3,A,0,1,A,Matchday 12,source_reported_FT,FC Dordrecht,NAC Breda
openfootball/europe,https://raw.githubusercontent.com/openfootball/europe/7faa522aef63fa9a6fcb9d8189bd8bc52381e967/netherlands/2022-23_nl2.txt,7faa522aef63fa9a6fcb9d8189bd8bc52381e967,184,2026-09-04T07:12:36.519Z,Eerste Divisie,2022-23,2022-10-22,MVV,FC Den Bosch,3,1,H,2,0,H,Matchday 12,source_reported_FT,MVV,FC Den Bosch
openfootball/europe,https://raw.githubusercontent.com/openfootball/europe/7faa522aef63fa9a6fcb9d8189bd8bc52381e967/netherlands/2022-23_nl2.txt,7faa522aef63fa9a6fcb9d8189bd8bc52381e967,187,2026-09-04T07:12:36.519Z,Eerste Divisie,2022-23,2022-10-24,AZ Alkmaar J,Telstar,0,0,D,,,,Matchday 12,source_reported_FT,AZ Alkmaar J,Telstar
openfootball/europe,https://raw.githubusercontent.com/openfootball/europe/7faa522aef63fa9a6fcb9d8189bd8bc52381e967/netherlands/2022-23_nl2.txt,7faa522aef63fa9a6fcb9d8189bd8bc52381e967,189,2026-09-04T07:12:36.519Z,Eerste Divisie,2022-23,2022-10-24,FC Utrecht J,PEC Zwolle,0,1,A,0,0,D,Matchday 12,source_reported_FT,FC Utrecht J,PEC Zwolle
openfootball/europe,https://raw.githubusercontent.com/openfootball/europe/7faa522aef63fa9a6fcb9d8189bd8bc52381e967/netherlands/2022-23_nl2.txt,7faa522aef63fa9a6fcb9d8189bd8bc52381e967,186,2026-09-04T07:12:36.519Z,Eerste Divisie,2022-23,2022-10-24,Jong Ajax,VVV-Venlo,1,1,D,1,1,D,Matchday 12,source_reported_FT,Jong Ajax,VVV-Venlo
openfootball/europe,https://raw.githubusercontent.com/openfootball/europe/7faa522aef63fa9a6fcb9d8189bd8bc52381e967/netherlands/2022-23_nl2.txt,7faa522aef63fa9a6fcb9d8189bd8bc52381e967,188,2026-09-04T07:12:36.519Z,Eerste Divisie,2022-23,2022-10-24,Jong PSV,Helmond Sport,6,0,H,2,0,H,Matchday 12,source_reported_FT,Jong PSV,Helmond Sport
openfootball/europe,https://raw.githubusercontent.com/openfootball/europe/7faa522aef63fa9a6fcb9d8189bd8bc52381e967/netherlands/2022-23_nl2.txt,7faa522aef63fa9a6fcb9d8189bd8bc52381e967,194,2026-09-04T07:12:36.519Z,Eerste Divisie,2022-23,2022-10-28,Almere City FC,Heracles Almelo,3,2,H,0,2,A,Matchday 13,source_reported_FT,Almere City FC,Heracles Almelo
openfootball/europe,https://raw.githubusercontent.com/openfootball/europe/7faa522aef63fa9a6fcb9d8189bd8bc52381e967/netherlands/2022-23_nl2.txt,7faa522aef63fa9a6fcb9d8189bd8bc52381e967,197,2026-09-04T07:12:36.519Z,Eerste Divisie,2022-23,2022-10-28,De Graafschap,TOP Oss,2,0,H,1,0,H,Matchday 13,source_reported_FT,De Graafschap,TOP Oss
openfootball/europe,https://raw.githubusercontent.com/openfootball/europe/7faa522aef63fa9a6fcb9d8189bd8bc52381e967/netherlands/2022-23_nl2.txt,7faa522aef63fa9a6fcb9d8189bd8bc52381e967,195,2026-09-04T07:12:36.519Z,Eerste Divisie,2022-23,2022-10-28,FC Den Bosch,NAC Breda,3,2,H,1,0,H,Matchday 13,source_reported_FT,FC Den Bosch,NAC Breda
openfootball/europe,https://raw.githubusercontent.com/openfootball/europe/7faa522aef63fa9a6fcb9d8189bd8bc52381e967/netherlands/2022-23_nl2.txt,7faa522aef63fa9a6fcb9d8189bd8bc52381e967,196,2026-09-04T07:12:36.519Z,Eerste Divisie,2022-23,2022-10-28,FC Eindhoven,Jong PSV,2,2,D,1,0,H,Matchday 13,source_reported_FT,FC Eindhoven,Jong PSV
openfootball/europe,https://raw.githubusercontent.com/openfootball/europe/7faa522aef63fa9a6fcb9d8189bd8bc52381e967/netherlands/2022-23_nl2.txt,7faa522aef63fa9a6fcb9d8189bd8bc52381e967,198,2026-09-04T07:12:36.519Z,Eerste Divisie,2022-23,2022-10-28,Helmond Sport,ADO Den Haag,2,1,H,1,0,H,Matchday 13,source_reported_FT,Helmond Sport,ADO Den Haag
openfootball/europe,https://raw.githubusercontent.com/openfootball/europe/7faa522aef63fa9a6fcb9d8189bd8bc52381e967/netherlands/2022-23_nl2.txt,7faa522aef63fa9a6fcb9d8189bd8bc52381e967,199,2026-09-04T07:12:36.519Z,Eerste Divisie,2022-23,2022-10-28,PEC Zwolle,MVV,0,1,A,0,1,A,Matchday 13,source_reported_FT,PEC Zwolle,MVV
openfootball/europe,https://raw.githubusercontent.com/openfootball/europe/7faa522aef63fa9a6fcb9d8189bd8bc52381e967/netherlands/2022-23_nl2.txt,7faa522aef63fa9a6fcb9d8189bd8bc52381e967,200,2026-09-04T07:12:36.519Z,Eerste Divisie,2022-23,2022-10-28,Roda JC Kerkrade,FC Utrecht J,4,1,H,1,1,D,Matchday 13,source_reported_FT,Roda JC Kerkrade,FC Utrecht J
openfootball/europe,https://raw.githubusercontent.com/openfootball/europe/7faa522aef63fa9a6fcb9d8189bd8bc52381e967/netherlands/2022-23_nl2.txt,7faa522aef63fa9a6fcb9d8189bd8bc52381e967,201,2026-09-04T07:12:36.519Z,Eerste Divisie,2022-23,2022-10-28,Telstar,FC Dordrecht,2,2,D,2,2,D,Matchday 13,source_reported_FT,Telstar,FC Dordrecht
openfootball/europe,https://raw.githubusercontent.com/openfootball/europe/7faa522aef63fa9a6fcb9d8189bd8bc52381e967/netherlands/2022-23_nl2.txt,7faa522aef63fa9a6fcb9d8189bd8bc52381e967,202,2026-09-04T07:12:36.519Z,Eerste Divisie,2022-23,2022-10-28,VVV-Venlo,AZ Alkmaar J,1,2,A,1,1,D,Matchday 13,source_reported_FT,VVV-Venlo,AZ Alkmaar J
openfootball/europe,https://raw.githubusercontent.com/openfootball/europe/7faa522aef63fa9a6fcb9d8189bd8bc52381e967/netherlands/2022-23_nl2.txt,7faa522aef63fa9a6fcb9d8189bd8bc52381e967,204,2026-09-04T07:12:36.519Z,Eerste Divisie,2022-23,2022-10-31,Jong Ajax,Willem II,1,2,A,1,0,H,Matchday 13,source_reported_FT,Jong Ajax,Willem II
openfootball/europe,https://raw.githubusercontent.com/openfootball/europe/7faa522aef63fa9a6fcb9d8189bd8bc52381e967/netherlands/2022-23_nl2.txt,7faa522aef63fa9a6fcb9d8189bd8bc52381e967,209,2026-09-04T07:12:36.519Z,Eerste Divisie,2022-23,2022-11-04,ADO Den Haag,VVV-Venlo,2,3,A,1,1,D,Matchday 14,source_reported_FT,ADO Den Haag,VVV-Venlo
openfootball/europe,https://raw.githubusercontent.com/openfootball/europe/7faa522aef63fa9a6fcb9d8189bd8bc52381e967/netherlands/2022-23_nl2.txt,7faa522aef63fa9a6fcb9d8189bd8bc52381e967,210,2026-09-04T07:12:36.519Z,Eerste Divisie,2022-23,2022-11-04,FC Den Bosch,De Graafschap,2,1,H,1,1,D,Matchday 14,source_reported_FT,FC Den Bosch,De Graafschap
openfootball/europe,https://raw.githubusercontent.com/openfootball/europe/7faa522aef63fa9a6fcb9d8189bd8bc52381e967/netherlands/2022-23_nl2.txt,7faa522aef63fa9a6fcb9d8189bd8bc52381e967,211,2026-09-04T07:12:36.519Z,Eerste Divisie,2022-23,2022-11-04,FC Dordrecht,Jong Ajax,3,4,A,2,1,H,Matchday 14,source_reported_FT,FC Dordrecht,Jong Ajax
openfootball/europe,https://raw.githubusercontent.com/openfootball/europe/7faa522aef63fa9a6fcb9d8189bd8bc52381e967/netherlands/2022-23_nl2.txt,7faa522aef63fa9a6fcb9d8189bd8bc52381e967,212,2026-09-04T07:12:36.519Z,Eerste Divisie,2022-23,2022-11-04,MVV,Helmond Sport,4,0,H,2,0,H,Matchday 14,source_reported_FT,MVV,Helmond Sport
openfootball/europe,https://raw.githubusercontent.com/openfootball/europe/7faa522aef63fa9a6fcb9d8189bd8bc52381e967/netherlands/2022-23_nl2.txt,7faa522aef63fa9a6fcb9d8189bd8bc52381e967,213,2026-09-04T07:12:36.519Z,Eerste Divisie,2022-23,2022-11-04,NAC Breda,Telstar,1,1,D,1,1,D,Matchday 14,source_reported_FT,NAC Breda,Telstar
openfootball/europe,https://raw.githubusercontent.com/openfootball/europe/7faa522aef63fa9a6fcb9d8189bd8bc52381e967/netherlands/2022-23_nl2.txt,7faa522aef63fa9a6fcb9d8189bd8bc52381e967,214,2026-09-04T07:12:36.519Z,Eerste Divisie,2022-23,2022-11-04,TOP Oss,PEC Zwolle,0,5,A,0,2,A,Matchday 14,source_reported_FT,TOP Oss,PEC Zwolle
openfootball/europe,https://raw.githubusercontent.com/openfootball/europe/7faa522aef63fa9a6fcb9d8189bd8bc52381e967/netherlands/2022-23_nl2.txt,7faa522aef63fa9a6fcb9d8189bd8bc52381e967,215,2026-09-04T07:12:36.519Z,Eerste Divisie,2022-23,2022-11-04,Willem II,Heracles Almelo,1,2,A,0,0,D,Matchday 14,source_reported_FT,Willem II,Heracles Almelo
openfootball/europe,https://raw.githubusercontent.com/openfootball/europe/7faa522aef63fa9a6fcb9d8189bd8bc52381e967/netherlands/2022-23_nl2.txt,7faa522aef63fa9a6fcb9d8189bd8bc52381e967,217,2026-09-04T07:12:36.519Z,Eerste Divisie,2022-23,2022-11-07,AZ Alkmaar J,Roda JC Kerkrade,2,0,H,2,0,H,Matchday 14,source_reported_FT,AZ Alkmaar J,Roda JC Kerkrade
openfootball/europe,https://raw.githubusercontent.com/openfootball/europe/7faa522aef63fa9a6fcb9d8189bd8bc52381e967/netherlands/2022-23_nl2.txt,7faa522aef63fa9a6fcb9d8189bd8bc52381e967,219,2026-09-04T07:12:36.519Z,Eerste Divisie,2022-23,2022-11-07,FC Utrecht J,FC Eindhoven,0,1,A,0,0,D,Matchday 14,source_reported_FT,FC Utrecht J,FC Eindhoven
openfootball/europe,https://raw.githubusercontent.com/openfootball/europe/7faa522aef63fa9a6fcb9d8189bd8bc52381e967/netherlands/2022-23_nl2.txt,7faa522aef63fa9a6fcb9d8189bd8bc52381e967,218,2026-09-04T07:12:36.519Z,Eerste Divisie,2022-23,2022-11-07,Jong PSV,Almere City FC,0,1,A,0,0,D,Matchday 14,source_reported_FT,Jong PSV,Almere City FC
openfootball/europe,https://raw.githubusercontent.com/openfootball/europe/7faa522aef63fa9a6fcb9d8189bd8bc52381e967/netherlands/2022-23_nl2.txt,7faa522aef63fa9a6fcb9d8189bd8bc52381e967,224,2026-09-04T07:12:36.519Z,Eerste Divisie,2022-23,2022-11-11,De Graafschap,Jong PSV,3,2,H,1,1,D,Matchday 15,source_reported_FT,De Graafschap,Jong PSV
openfootball/europe,https://raw.githubusercontent.com/openfootball/europe/7faa522aef63fa9a6fcb9d8189bd8bc52381e967/netherlands/2022-23_nl2.txt,7faa522aef63fa9a6fcb9d8189bd8bc52381e967,228,2026-09-04T07:12:36.519Z,Eerste Divisie,2022-23,2022-11-11,Heracles Almelo,NAC Breda,5,1,H,3,1,H,Matchday 15,source_reported_FT,Heracles Almelo,NAC Breda
openfootball/europe,https://raw.githubusercontent.com/openfootball/europe/7faa522aef63fa9a6fcb9d8189bd8bc52381e967/netherlands/2022-23_nl2.txt,7faa522aef63fa9a6fcb9d8189bd8bc52381e967,225,2026-09-04T07:12:36.519Z,Eerste Divisie,2022-23,2022-11-11,PEC Zwolle,FC Eindhoven,5,2,H,2,1,H,Matchday 15,source_reported_FT,PEC Zwolle,FC Eindhoven
openfootball/europe,https://raw.githubusercontent.com/openfootball/europe/7faa522aef63fa9a6fcb9d8189bd8bc52381e967/netherlands/2022-23_nl2.txt,7faa522aef63fa9a6fcb9d8189bd8bc52381e967,226,2026-09-04T07:12:36.519Z,Eerste Divisie,2022-23,2022-11-11,Telstar,ADO Den Haag,0,0,D,,,,Matchday 15,source_reported_FT,Telstar,ADO Den Haag
openfootball/europe,https://raw.githubusercontent.com/openfootball/europe/7faa522aef63fa9a6fcb9d8189bd8bc52381e967/netherlands/2022-23_nl2.txt,7faa522aef63fa9a6fcb9d8189bd8bc52381e967,227,2026-09-04T07:12:36.519Z,Eerste Divisie,2022-23,2022-11-11,VVV-Venlo,Willem II,0,0,D,,,,Matchday 15,source_reported_FT,VVV-Venlo,Willem II
openfootball/europe,https://raw.githubusercontent.com/openfootball/europe/7faa522aef63fa9a6fcb9d8189bd8bc52381e967/netherlands/2022-23_nl2.txt,7faa522aef63fa9a6fcb9d8189bd8bc52381e967,230,2026-09-04T07:12:36.519Z,Eerste Divisie,2022-23,2022-11-12,Roda JC Kerkrade,Helmond Sport,0,1,A,0,0,D,Matchday 15,source_reported_FT,Roda JC Kerkrade,Helmond Sport
openfootball/europe,https://raw.githubusercontent.com/openfootball/europe/7faa522aef63fa9a6fcb9d8189bd8bc52381e967/netherlands/2022-23_nl2.txt,7faa522aef63fa9a6fcb9d8189bd8bc52381e967,232,2026-09-04T07:12:36.519Z,Eerste Divisie,2022-23,2022-11-13,Almere City FC,FC Dordrecht,2,1,H,1,1,D,Matchday 15,source_reported_FT,Almere City FC,FC Dordrecht
openfootball/europe,https://raw.githubusercontent.com/openfootball/europe/7faa522aef63fa9a6fcb9d8189bd8bc52381e967/netherlands/2022-23_nl2.txt,7faa522aef63fa9a6fcb9d8189bd8bc52381e967,235,2026-09-04T07:12:36.519Z,Eerste Divisie,2022-23,2022-11-14,FC Utrecht J,MVV,3,0,H,1,0,H,Matchday 15,source_reported_FT,FC Utrecht J,MVV
openfootball/europe,https://raw.githubusercontent.com/openfootball/europe/7faa522aef63fa9a6fcb9d8189bd8bc52381e967/netherlands/2022-23_nl2.txt,7faa522aef63fa9a6fcb9d8189bd8bc52381e967,234,2026-09-04T07:12:36.519Z,Eerste Divisie,2022-23,2022-11-14,Jong Ajax,FC Den Bosch,4,4,D,2,1,H,Matchday 15,source_reported_FT,Jong Ajax,FC Den Bosch
openfootball/europe,https://raw.githubusercontent.com/openfootball/europe/7faa522aef63fa9a6fcb9d8189bd8bc52381e967/netherlands/2022-23_nl2.txt,7faa522aef63fa9a6fcb9d8189bd8bc52381e967,242,2026-09-04T07:12:36.519Z,Eerste Divisie,2022-23,2022-11-16,ADO Den Haag,Roda JC Kerkrade,0,1,A,0,0,D,Matchday 16,source_reported_FT,ADO Den Haag,Roda JC Kerkrade
openfootball/europe,https://raw.githubusercontent.com/openfootball/europe/7faa522aef63fa9a6fcb9d8189bd8bc52381e967/netherlands/2022-23_nl2.txt,7faa522aef63fa9a6fcb9d8189bd8bc52381e967,245,2026-09-04T07:12:36.519Z,Eerste Divisie,2022-23,2022-11-17,AZ Alkmaar J,Jong Ajax,1,1,D,0,1,A,Matchday 16,source_reported_FT,AZ Alkmaar J,Jong Ajax
openfootball/europe,https://raw.githubusercontent.com/openfootball/europe/7faa522aef63fa9a6fcb9d8189bd8bc52381e967/netherlands/2022-23_nl2.txt,7faa522aef63fa9a6fcb9d8189bd8bc52381e967,244,2026-09-04T07:12:36.519Z,Eerste Divisie,2022-23,2022-11-17,Jong PSV,FC Utrecht J,2,1,H,0,1,A,Matchday 16,source_reported_FT,Jong PSV,FC Utrecht J
openfootball/europe,https://raw.githubusercontent.com/openfootball/europe/7faa522aef63fa9a6fcb9d8189bd8bc52381e967/netherlands/2022-23_nl2.txt,7faa522aef63fa9a6fcb9d8189bd8bc52381e967,247,2026-09-04T07:12:36.519Z,Eerste Divisie,2022-23,2022-11-18,FC Eindhoven,Telstar,3,0,H,1,0,H,Matchday 16,source_reported_FT,FC Eindhoven,Telstar
openfootball/europe,https://raw.githubusercontent.com/openfootball/europe/7faa522aef63fa9a6fcb9d8189bd8bc52381e967/netherlands/2022-23_nl2.txt,7faa522aef63fa9a6fcb9d8189bd8bc52381e967,248,2026-09-04T07:12:36.519Z,Eerste Divisie,2022-23,2022-11-18,Helmond Sport,De Graafschap,0,2,A,0,2,A,Matchday 16,source_reported_FT,Helmond Sport,De Graafschap
openfootball/europe,https://raw.githubusercontent.com/openfootball/europe/7faa522aef63fa9a6fcb9d8189bd8bc52381e967/netherlands/2022-23_nl2.txt,7faa522aef63fa9a6fcb9d8189bd8bc52381e967,250,2026-09-04T07:12:36.519Z,Eerste Divisie,2022-23,2022-11-19,FC Den Bosch,VVV-Venlo,0,2,A,0,1,A,Matchday 16,source_reported_FT,FC Den Bosch,VVV-Venlo
openfootball/europe,https://raw.githubusercontent.com/openfootball/europe/7faa522aef63fa9a6fcb9d8189bd8bc52381e967/netherlands/2022-23_nl2.txt,7faa522aef63fa9a6fcb9d8189bd8bc52381e967,251,2026-09-04T07:12:36.519Z,Eerste Divisie,2022-23,2022-11-19,Heracles Almelo,TOP Oss,3,0,H,2,0,H,Matchday 16,source_reported_FT,Heracles Almelo,TOP Oss
openfootball/europe,https://raw.githubusercontent.com/openfootball/europe/7faa522aef63fa9a6fcb9d8189bd8bc52381e967/netherlands/2022-23_nl2.txt,7faa522aef63fa9a6fcb9d8189bd8bc52381e967,252,2026-09-04T07:12:36.519Z,Eerste Divisie,2022-23,2022-11-19,MVV,Almere City FC,1,0,H,1,0,H,Matchday 16,source_reported_FT,MVV,Almere City FC
openfootball/europe,https://raw.githubusercontent.com/openfootball/europe/7faa522aef63fa9a6fcb9d8189bd8bc52381e967/netherlands/2022-23_nl2.txt,7faa522aef63fa9a6fcb9d8189bd8bc52381e967,253,2026-09-04T07:12:36.519Z,Eerste Divisie,2022-23,2022-11-19,NAC Breda,PEC Zwolle,0,2,A,0,2,A,Matchday 16,source_reported_FT,NAC Breda,PEC Zwolle
openfootball/europe,https://raw.githubusercontent.com/openfootball/europe/7faa522aef63fa9a6fcb9d8189bd8bc52381e967/netherlands/2022-23_nl2.txt,7faa522aef63fa9a6fcb9d8189bd8bc52381e967,255,2026-09-04T07:12:36.519Z,Eerste Divisie,2022-23,2022-11-20,FC Dordrecht,Willem II,2,2,D,2,1,H,Matchday 16,source_reported_FT,FC Dordrecht,Willem II
openfootball/europe,https://raw.githubusercontent.com/openfootball/europe/7faa522aef63fa9a6fcb9d8189bd8bc52381e967/netherlands/2022-23_nl2.txt,7faa522aef63fa9a6fcb9d8189bd8bc52381e967,261,2026-09-04T07:12:36.519Z,Eerste Divisie,2022-23,2022-12-11,Almere City FC,ADO Den Haag,4,1,H,1,1,D,Matchday 17,source_reported_FT,Almere City FC,ADO Den Haag
openfootball/europe,https://raw.githubusercontent.com/openfootball/europe/7faa522aef63fa9a6fcb9d8189bd8bc52381e967/netherlands/2022-23_nl2.txt,7faa522aef63fa9a6fcb9d8189bd8bc52381e967,262,2026-09-04T07:12:36.519Z,Eerste Divisie,2022-23,2022-12-11,De Graafschap,FC Eindhoven,1,2,A,0,0,D,Matchday 17,source_reported_FT,De Graafschap,FC Eindhoven
openfootball/europe,https://raw.githubusercontent.com/openfootball/europe/7faa522aef63fa9a6fcb9d8189bd8bc52381e967/netherlands/2022-23_nl2.txt,7faa522aef63fa9a6fcb9d8189bd8bc52381e967,263,2026-09-04T07:12:36.519Z,Eerste Divisie,2022-23,2022-12-11,Jong Ajax,FC Utrecht J,1,2,A,1,1,D,Matchday 17,source_reported_FT,Jong Ajax,FC Utrecht J
openfootball/europe,https://raw.githubusercontent.com/openfootball/europe/7faa522aef63fa9a6fcb9d8189bd8bc52381e967/netherlands/2022-23_nl2.txt,7faa522aef63fa9a6fcb9d8189bd8bc52381e967,267,2026-09-04T07:12:36.519Z,Eerste Divisie,2022-23,2022-12-11,Roda JC Kerkrade,Heracles Almelo,1,3,A,1,1,D,Matchday 17,source_reported_FT,Roda JC Kerkrade,Heracles Almelo
openfootball/europe,https://raw.githubusercontent.com/openfootball/europe/7faa522aef63fa9a6fcb9d8189bd8bc52381e967/netherlands/2022-23_nl2.txt,7faa522aef63fa9a6fcb9d8189bd8bc52381e967,265,2026-09-04T07:12:36.519Z,Eerste Divisie,2022-23,2022-12-11,TOP Oss,FC Dordrecht,0,1,A,0,0,D,Matchday 17,source_reported_FT,TOP Oss,FC Dordrecht
openfootball/europe,https://raw.githubusercontent.com/openfootball/europe/7faa522aef63fa9a6fcb9d8189bd8bc52381e967/netherlands/2022-23_nl2.txt,7faa522aef63fa9a6fcb9d8189bd8bc52381e967,264,2026-09-04T07:12:36.519Z,Eerste Divisie,2022-23,2022-12-11,Telstar,FC Den Bosch,1,0,H,0,0,D,Matchday 17,source_reported_FT,Telstar,FC Den Bosch
openfootball/europe,https://raw.githubusercontent.com/openfootball/europe/7faa522aef63fa9a6fcb9d8189bd8bc52381e967/netherlands/2022-23_nl2.txt,7faa522aef63fa9a6fcb9d8189bd8bc52381e967,266,2026-09-04T07:12:36.519Z,Eerste Divisie,2022-23,2022-12-11,VVV-Venlo,MVV,2,1,H,0,0,D,Matchday 17,source_reported_FT,VVV-Venlo,MVV
openfootball/europe,https://raw.githubusercontent.com/openfootball/europe/7faa522aef63fa9a6fcb9d8189bd8bc52381e967/netherlands/2022-23_nl2.txt,7faa522aef63fa9a6fcb9d8189bd8bc52381e967,260,2026-09-04T07:12:36.519Z,Eerste Divisie,2022-23,2022-12-11,Willem II,NAC Breda,1,2,A,1,0,H,Matchday 17,source_reported_FT,Willem II,NAC Breda
openfootball/europe,https://raw.githubusercontent.com/openfootball/europe/7faa522aef63fa9a6fcb9d8189bd8bc52381e967/netherlands/2022-23_nl2.txt,7faa522aef63fa9a6fcb9d8189bd8bc52381e967,269,2026-09-04T07:12:36.519Z,Eerste Divisie,2022-23,2022-12-12,AZ Alkmaar J,Jong PSV,2,3,A,2,3,A,Matchday 17,source_reported_FT,AZ Alkmaar J,Jong PSV
openfootball/europe,https://raw.githubusercontent.com/openfootball/europe/7faa522aef63fa9a6fcb9d8189bd8bc52381e967/netherlands/2022-23_nl2.txt,7faa522aef63fa9a6fcb9d8189bd8bc52381e967,270,2026-09-04T07:12:36.519Z,Eerste Divisie,2022-23,2022-12-12,PEC Zwolle,Helmond Sport,1,0,H,1,0,H,Matchday 17,source_reported_FT,PEC Zwolle,Helmond Sport
openfootball/europe,https://raw.githubusercontent.com/openfootball/europe/7faa522aef63fa9a6fcb9d8189bd8bc52381e967/netherlands/2022-23_nl2.txt,7faa522aef63fa9a6fcb9d8189bd8bc52381e967,275,2026-09-04T07:12:36.519Z,Eerste Divisie,2022-23,2022-12-15,Jong PSV,Jong Ajax,2,2,D,0,1,A,Matchday 18,source_reported_FT,Jong PSV,Jong Ajax
openfootball/europe,https://raw.githubusercontent.com/openfootball/europe/7faa522aef63fa9a6fcb9d8189bd8bc52381e967/netherlands/2022-23_nl2.txt,7faa522aef63fa9a6fcb9d8189bd8bc52381e967,277,2026-09-04T07:12:36.519Z,Eerste Divisie,2022-23,2022-12-16,ADO Den Haag,TOP Oss,0,0,D,,,,Matchday 18,source_reported_FT,ADO Den Haag,TOP Oss
openfootball/europe,https://raw.githubusercontent.com/openfootball/europe/7faa522aef63fa9a6fcb9d8189bd8bc52381e967/netherlands/2022-23_nl2.txt,7faa522aef63fa9a6fcb9d8189bd8bc52381e967,279,2026-09-04T07:12:36.519Z,Eerste Divisie,2022-23,2022-12-16,De Graafschap,Willem II,0,3,A,0,1,A,Matchday 18,source_reported_FT,De Graafschap,Willem II
openfootball/europe,https://raw.githubusercontent.com/openfootball/europe/7faa522aef63fa9a6fcb9d8189bd8bc52381e967/netherlands/2022-23_nl2.txt,7faa522aef63fa9a6fcb9d8189bd8bc52381e967,278,2026-09-04T07:12:36.519Z,Eerste Divisie,2022-23,2022-12-16,FC Eindhoven,VVV-Venlo,0,2,A,0,0,D,Matchday 18,source_reported_FT,FC Eindhoven,VVV-Venlo
openfootball/europe,https://raw.githubusercontent.com/openfootball/europe/7faa522aef63fa9a6fcb9d8189bd8bc52381e967/netherlands/2022-23_nl2.txt,7faa522aef63fa9a6fcb9d8189bd8bc52381e967,280,2026-09-04T07:12:36.519Z,Eerste Divisie,2022-23,2022-12-16,Helmond Sport,FC Den Bosch,1,0,H,0,0,D,Matchday 18,source_reported_FT,Helmond Sport,FC Den Bosch
openfootball/europe,https://raw.githubusercontent.com/openfootball/europe/7faa522aef63fa9a6fcb9d8189bd8bc52381e967/netherlands/2022-23_nl2.txt,7faa522aef63fa9a6fcb9d8189bd8bc52381e967,281,2026-09-04T07:12:36.519Z,Eerste Divisie,2022-23,2022-12-16,Heracles Almelo,FC Dordrecht,8,1,H,4,1,H,Matchday 18,source_reported_FT,Heracles Almelo,FC Dordrecht
openfootball/europe,https://raw.githubusercontent.com/openfootball/europe/7faa522aef63fa9a6fcb9d8189bd8bc52381e967/netherlands/2022-23_nl2.txt,7faa522aef63fa9a6fcb9d8189bd8bc52381e967,282,2026-09-04T07:12:36.519Z,Eerste Divisie,2022-23,2022-12-16,NAC Breda,Almere City FC,0,1,A,0,1,A,Matchday 18,source_reported_FT,NAC Breda,Almere City FC
openfootball/europe,https://raw.githubusercontent.com/openfootball/europe/7faa522aef63fa9a6fcb9d8189bd8bc52381e967/netherlands/2022-23_nl2.txt,7faa522aef63fa9a6fcb9d8189bd8bc52381e967,294,2026-09-04T07:12:36.519Z,Eerste Divisie,2022-23,2023-01-06,AZ Alkmaar J,Heracles Almelo,1,1,D,0,0,D,Matchday 19,source_reported_FT,AZ Alkmaar J,Heracles Almelo
openfootball/europe,https://raw.githubusercontent.com/openfootball/europe/7faa522aef63fa9a6fcb9d8189bd8bc52381e967/netherlands/2022-23_nl2.txt,7faa522aef63fa9a6fcb9d8189bd8bc52381e967,295,2026-09-04T07:12:36.519Z,Eerste Divisie,2022-23,2023-01-06,FC Den Bosch,FC Utrecht J,1,4,A,0,1,A,Matchday 19,source_reported_FT,FC Den Bosch,FC Utrecht J
openfootball/europe,https://raw.githubusercontent.com/openfootball/europe/7faa522aef63fa9a6fcb9d8189bd8bc52381e967/netherlands/2022-23_nl2.txt,7faa522aef63fa9a6fcb9d8189bd8bc52381e967,296,2026-09-04T07:12:36.519Z,Eerste Divisie,2022-23,2023-01-06,FC Dordrecht,ADO Den Haag,0,1,A,0,1,A,Matchday 19,source_reported_FT,FC Dordrecht,ADO Den Haag
openfootball/europe,https://raw.githubusercontent.com/openfootball/europe/7faa522aef63fa9a6fcb9d8189bd8bc52381e967/netherlands/2022-23_nl2.txt,7faa522aef63fa9a6fcb9d8189bd8bc52381e967,293,2026-09-04T07:12:36.519Z,Eerste Divisie,2022-23,2023-01-06,Jong Ajax,FC Eindhoven,1,1,D,0,0,D,Matchday 19,source_reported_FT,Jong Ajax,FC Eindhoven
openfootball/europe,https://raw.githubusercontent.com/openfootball/europe/7faa522aef63fa9a6fcb9d8189bd8bc52381e967/netherlands/2022-23_nl2.txt,7faa522aef63fa9a6fcb9d8189bd8bc52381e967,297,2026-09-04T07:12:36.519Z,Eerste Divisie,2022-23,2023-01-06,MVV,De Graafschap,2,2,D,1,1,D,Matchday 19,source_reported_FT,MVV,De Graafschap
openfootball/europe,https://raw.githubusercontent.com/openfootball/europe/7faa522aef63fa9a6fcb9d8189bd8bc52381e967/netherlands/2022-23_nl2.txt,7faa522aef63fa9a6fcb9d8189bd8bc52381e967,298,2026-09-04T07:12:36.519Z,Eerste Divisie,2022-23,2023-01-06,NAC Breda,Jong PSV,2,1,H,2,1,H,Matchday 19,source_reported_FT,NAC Breda,Jong PSV
openfootball/europe,https://raw.githubusercontent.com/openfootball/europe/7faa522aef63fa9a6fcb9d8189bd8bc52381e967/netherlands/2022-23_nl2.txt,7faa522aef63fa9a6fcb9d8189bd8bc52381e967,300,2026-09-04T07:12:36.519Z,Eerste Divisie,2022-23,2023-01-06,PEC Zwolle,Almere City FC,3,2,H,1,1,D,Matchday 19,source_reported_FT,PEC Zwolle,Almere City FC
openfootball/europe,https://raw.githubusercontent.com/openfootball/europe/7faa522aef63fa9a6fcb9d8189bd8bc52381e967/netherlands/2022-23_nl2.txt,7faa522aef63fa9a6fcb9d8189bd8bc52381e967,299,2026-09-04T07:12:36.519Z,Eerste Divisie,2022-23,2023-01-06,TOP Oss,Telstar,2,1,H,1,1,D,Matchday 19,source_reported_FT,TOP Oss,Telstar
openfootball/europe,https://raw.githubusercontent.com/openfootball/europe/7faa522aef63fa9a6fcb9d8189bd8bc52381e967/netherlands/2022-23_nl2.txt,7faa522aef63fa9a6fcb9d8189bd8bc52381e967,301,2026-09-04T07:12:36.519Z,Eerste Divisie,2022-23,2023-01-06,VVV-Venlo,Helmond Sport,1,1,D,1,0,H,Matchday 19,source_reported_FT,VVV-Venlo,Helmond Sport
openfootball/europe,https://raw.githubusercontent.com/openfootball/europe/7faa522aef63fa9a6fcb9d8189bd8bc52381e967/netherlands/2022-23_nl2.txt,7faa522aef63fa9a6fcb9d8189bd8bc52381e967,302,2026-09-04T07:12:36.519Z,Eerste Divisie,2022-23,2023-01-06,Willem II,Roda JC Kerkrade,1,0,H,1,0,H,Matchday 19,source_reported_FT,Willem II,Roda JC Kerkrade
openfootball/europe,https://raw.githubusercontent.com/openfootball/europe/7faa522aef63fa9a6fcb9d8189bd8bc52381e967/netherlands/2022-23_nl2.txt,7faa522aef63fa9a6fcb9d8189bd8bc52381e967,284,2026-09-04T07:12:36.519Z,Eerste Divisie,2022-23,2023-01-09,FC Utrecht J,AZ Alkmaar J,0,2,A,0,0,D,Matchday 18,source_reported_FT,FC Utrecht J,AZ Alkmaar J
openfootball/europe,https://raw.githubusercontent.com/openfootball/europe/7faa522aef63fa9a6fcb9d8189bd8bc52381e967/netherlands/2022-23_nl2.txt,7faa522aef63fa9a6fcb9d8189bd8bc52381e967,307,2026-09-04T07:12:36.519Z,Eerste Divisie,2022-23,2023-01-13,ADO Den Haag,MVV,2,1,H,1,1,D,Matchday 20,source_reported_FT,ADO Den Haag,MVV
openfootball/europe,https://raw.githubusercontent.com/openfootball/europe/7faa522aef63fa9a6fcb9d8189bd8bc52381e967/netherlands/2022-23_nl2.txt,7faa522aef63fa9a6fcb9d8189bd8bc52381e967,308,2026-09-04T07:12:36.519Z,Eerste Divisie,2022-23,2023-01-13,De Graafschap,Jong Ajax,3,0,H,1,0,H,Matchday 20,source_reported_FT,De Graafschap,Jong Ajax
openfootball/europe,https://raw.githubusercontent.com/openfootball/europe/7faa522aef63fa9a6fcb9d8189bd8bc52381e967/netherlands/2022-23_nl2.txt,7faa522aef63fa9a6fcb9d8189bd8bc52381e967,309,2026-09-04T07:12:36.519Z,Eerste Divisie,2022-23,2023-01-13,Helmond Sport,NAC Breda,2,2,D,1,1,D,Matchday 20,source_reported_FT,Helmond Sport,NAC Breda
openfootball/europe,https://raw.githubusercontent.com/openfootball/europe/7faa522aef63fa9a6fcb9d8189bd8bc52381e967/netherlands/2022-23_nl2.txt,7faa522aef63fa9a6fcb9d8189bd8bc52381e967,310,2026-09-04T07:12:36.519Z,Eerste Divisie,2022-23,2023-01-13,Roda JC Kerkrade,TOP Oss,1,1,D,0,1,A,Matchday 20,source_reported_FT,Roda JC Kerkrade,TOP Oss
openfootball/europe,https://raw.githubusercontent.com/openfootball/europe/7faa522aef63fa9a6fcb9d8189bd8bc52381e967/netherlands/2022-23_nl2.txt,7faa522aef63fa9a6fcb9d8189bd8bc52381e967,311,2026-09-04T07:12:36.519Z,Eerste Divisie,2022-23,2023-01-13,Telstar,AZ Alkmaar J,1,0,H,1,0,H,Matchday 20,source_reported_FT,Telstar,AZ Alkmaar J
openfootball/europe,https://raw.githubusercontent.com/openfootball/europe/7faa522aef63fa9a6fcb9d8189bd8bc52381e967/netherlands/2022-23_nl2.txt,7faa522aef63fa9a6fcb9d8189bd8bc52381e967,313,2026-09-04T07:12:36.519Z,Eerste Divisie,2022-23,2023-01-15,Almere City FC,Willem II,1,0,H,1,0,H,Matchday 20,source_reported_FT,Almere City FC,Willem II
openfootball/europe,https://raw.githubusercontent.com/openfootball/europe/7faa522aef63fa9a6fcb9d8189bd8bc52381e967/netherlands/2022-23_nl2.txt,7faa522aef63fa9a6fcb9d8189bd8bc52381e967,314,2026-09-04T07:12:36.519Z,Eerste Divisie,2022-23,2023-01-15,Heracles Almelo,PEC Zwolle,0,3,A,0,3,A,Matchday 20,source_reported_FT,Heracles Almelo,PEC Zwolle
openfootball/europe,https://raw.githubusercontent.com/openfootball/europe/7faa522aef63fa9a6fcb9d8189bd8bc52381e967/netherlands/2022-23_nl2.txt,7faa522aef63fa9a6fcb9d8189bd8bc52381e967,317,2026-09-04T07:12:36.519Z,Eerste Divisie,2022-23,2023-01-16,FC Eindhoven,FC Den Bosch,4,1,H,2,1,H,Matchday 20,source_reported_FT,FC Eindhoven,FC Den Bosch
openfootball/europe,https://raw.githubusercontent.com/openfootball/europe/7faa522aef63fa9a6fcb9d8189bd8bc52381e967/netherlands/2022-23_nl2.txt,7faa522aef63fa9a6fcb9d8189bd8bc52381e967,316,2026-09-04T07:12:36.519Z,Eerste Divisie,2022-23,2023-01-16,FC Utrecht J,FC Dordrecht,0,1,A,0,1,A,Matchday 20,source_reported_FT,FC Utrecht J,FC Dordrecht
openfootball/europe,https://raw.githubusercontent.com/openfootball/europe/7faa522aef63fa9a6fcb9d8189bd8bc52381e967/netherlands/2022-23_nl2.txt,7faa522aef63fa9a6fcb9d8189bd8bc52381e967,237,2026-09-04T07:12:36.519Z,Eerste Divisie,2022-23,2023-01-16,TOP Oss,AZ Alkmaar J,1,3,A,0,1,A,Matchday 15,source_reported_FT,TOP Oss,AZ Alkmaar J
openfootball/europe,https://raw.githubusercontent.com/openfootball/europe/7faa522aef63fa9a6fcb9d8189bd8bc52381e967/netherlands/2022-23_nl2.txt,7faa522aef63fa9a6fcb9d8189bd8bc52381e967,327,2026-09-04T07:12:36.519Z,Eerste Divisie,2022-23,2023-01-20,Almere City FC,De Graafschap,2,2,D,1,1,D,Matchday 21,source_reported_FT,Almere City FC,De Graafschap
openfootball/europe,https://raw.githubusercontent.com/openfootball/europe/7faa522aef63fa9a6fcb9d8189bd8bc52381e967/netherlands/2022-23_nl2.txt,7faa522aef63fa9a6fcb9d8189bd8bc52381e967,326,2026-09-04T07:12:36.519Z,Eerste Divisie,2022-23,2023-01-20,FC Den Bosch,Jong PSV,1,0,H,0,0,D,Matchday 21,source_reported_FT,FC Den Bosch,Jong PSV
openfootball/europe,https://raw.githubusercontent.com/openfootball/europe/7faa522aef63fa9a6fcb9d8189bd8bc52381e967/netherlands/2022-23_nl2.txt,7faa522aef63fa9a6fcb9d8189bd8bc52381e967,325,2026-09-04T07:12:36.519Z,Eerste Divisie,2022-23,2023-01-20,PEC Zwolle,VVV-Venlo,2,0,H,0,0,D,Matchday 21,source_reported_FT,PEC Zwolle,VVV-Venlo
openfootball/europe,https://raw.githubusercontent.com/openfootball/europe/7faa522aef63fa9a6fcb9d8189bd8bc52381e967/netherlands/2022-23_nl2.txt,7faa522aef63fa9a6fcb9d8189bd8bc52381e967,324,2026-09-04T07:12:36.519Z,Eerste Divisie,2022-23,2023-01-20,TOP Oss,NAC Breda,1,2,A,0,2,A,Matchday 21,source_reported_FT,TOP Oss,NAC Breda
openfootball/europe,https://raw.githubusercontent.com/openfootball/europe/7faa522aef63fa9a6fcb9d8189bd8bc52381e967/netherlands/2022-23_nl2.txt,7faa522aef63fa9a6fcb9d8189bd8bc52381e967,329,2026-09-04T07:12:36.519Z,Eerste Divisie,2022-23,2023-01-21,FC Dordrecht,Telstar,0,0,D,,,,Matchday 21,source_reported_FT,FC Dordrecht,Telstar
openfootball/europe,https://raw.githubusercontent.com/openfootball/europe/7faa522aef63fa9a6fcb9d8189bd8bc52381e967/netherlands/2022-23_nl2.txt,7faa522aef63fa9a6fcb9d8189bd8bc52381e967,331,2026-09-04T07:12:36.519Z,Eerste Divisie,2022-23,2023-01-22,ADO Den Haag,FC Utrecht J,1,1,D,1,0,H,Matchday 21,source_reported_FT,ADO Den Haag,FC Utrecht J
openfootball/europe,https://raw.githubusercontent.com/openfootball/europe/7faa522aef63fa9a6fcb9d8189bd8bc52381e967/netherlands/2022-23_nl2.txt,7faa522aef63fa9a6fcb9d8189bd8bc52381e967,333,2026-09-04T07:12:36.519Z,Eerste Divisie,2022-23,2023-01-23,AZ Alkmaar J,Helmond Sport,1,1,D,0,0,D,Matchday 21,source_reported_FT,AZ Alkmaar J,Helmond Sport
openfootball/europe,https://raw.githubusercontent.com/openfootball/europe/7faa522aef63fa9a6fcb9d8189bd8bc52381e967/netherlands/2022-23_nl2.txt,7faa522aef63fa9a6fcb9d8189bd8bc52381e967,334,2026-09-04T07:12:36.519Z,Eerste Divisie,2022-23,2023-01-23,Jong Ajax,Roda JC Kerkrade,1,2,A,1,2,A,Matchday 21,source_reported_FT,Jong Ajax,Roda JC Kerkrade
openfootball/europe,https://raw.githubusercontent.com/openfootball/europe/7faa522aef63fa9a6fcb9d8189bd8bc52381e967/netherlands/2022-23_nl2.txt,7faa522aef63fa9a6fcb9d8189bd8bc52381e967,319,2026-09-04T07:12:36.519Z,Eerste Divisie,2022-23,2023-01-23,Jong PSV,VVV-Venlo,1,2,A,1,0,H,Matchday 20,source_reported_FT,Jong PSV,VVV-Venlo
openfootball/europe,https://raw.githubusercontent.com/openfootball/europe/7faa522aef63fa9a6fcb9d8189bd8bc52381e967/netherlands/2022-23_nl2.txt,7faa522aef63fa9a6fcb9d8189bd8bc52381e967,286,2026-09-04T07:12:36.519Z,Eerste Divisie,2022-23,2023-01-24,Telstar,MVV,5,3,H,3,1,H,Matchday 18,source_reported_FT,Telstar,MVV
openfootball/europe,https://raw.githubusercontent.com/openfootball/europe/7faa522aef63fa9a6fcb9d8189bd8bc52381e967/netherlands/2022-23_nl2.txt,7faa522aef63fa9a6fcb9d8189bd8bc52381e967,344,2026-09-04T07:12:36.519Z,Eerste Divisie,2022-23,2023-01-27,FC Den Bosch,MVV,3,3,D,2,1,H,Matchday 22,source_reported_FT,FC Den Bosch,MVV
openfootball/europe,https://raw.githubusercontent.com/openfootball/europe/7faa522aef63fa9a6fcb9d8189bd8bc52381e967/netherlands/2022-23_nl2.txt,7faa522aef63fa9a6fcb9d8189bd8bc52381e967,345,2026-09-04T07:12:36.519Z,Eerste Divisie,2022-23,2023-01-27,FC Eindhoven,Heracles Almelo,1,0,H,1,0,H,Matchday 22,source_reported_FT,FC Eindhoven,Heracles Almelo
openfootball/europe,https://raw.githubusercontent.com/openfootball/europe/7faa522aef63fa9a6fcb9d8189bd8bc52381e967/netherlands/2022-23_nl2.txt,7faa522aef63fa9a6fcb9d8189bd8bc52381e967,346,2026-09-04T07:12:36.519Z,Eerste Divisie,2022-23,2023-01-27,Helmond Sport,Jong Ajax,1,1,D,0,0,D,Matchday 22,source_reported_FT,Helmond Sport,Jong Ajax
openfootball/europe,https://raw.githubusercontent.com/openfootball/europe/7faa522aef63fa9a6fcb9d8189bd8bc52381e967/netherlands/2022-23_nl2.txt,7faa522aef63fa9a6fcb9d8189bd8bc52381e967,347,2026-09-04T07:12:36.519Z,Eerste Divisie,2022-23,2023-01-27,NAC Breda,AZ Alkmaar J,5,1,H,1,0,H,Matchday 22,source_reported_FT,NAC Breda,AZ Alkmaar J
openfootball/europe,https://raw.githubusercontent.com/openfootball/europe/7faa522aef63fa9a6fcb9d8189bd8bc52381e967/netherlands/2022-23_nl2.txt,7faa522aef63fa9a6fcb9d8189bd8bc52381e967,348,2026-09-04T07:12:36.519Z,Eerste Divisie,2022-23,2023-01-27,PEC Zwolle,TOP Oss,4,1,H,1,0,H,Matchday 22,source_reported_FT,PEC Zwolle,TOP Oss
openfootball/europe,https://raw.githubusercontent.com/openfootball/europe/7faa522aef63fa9a6fcb9d8189bd8bc52381e967/netherlands/2022-23_nl2.txt,7faa522aef63fa9a6fcb9d8189bd8bc52381e967,349,2026-09-04T07:12:36.519Z,Eerste Divisie,2022-23,2023-01-27,Roda JC Kerkrade,FC Dordrecht,1,0,H,0,0,D,Matchday 22,source_reported_FT,Roda JC Kerkrade,FC Dordrecht
openfootball/europe,https://raw.githubusercontent.com/openfootball/europe/7faa522aef63fa9a6fcb9d8189bd8bc52381e967/netherlands/2022-23_nl2.txt,7faa522aef63fa9a6fcb9d8189bd8bc52381e967,343,2026-09-04T07:12:36.519Z,Eerste Divisie,2022-23,2023-01-27,Telstar,Almere City FC,0,1,A,0,0,D,Matchday 22,source_reported_FT,Telstar,Almere City FC
openfootball/europe,https://raw.githubusercontent.com/openfootball/europe/7faa522aef63fa9a6fcb9d8189bd8bc52381e967/netherlands/2022-23_nl2.txt,7faa522aef63fa9a6fcb9d8189bd8bc52381e967,350,2026-09-04T07:12:36.519Z,Eerste Divisie,2022-23,2023-01-27,VVV-Venlo,ADO Den Haag,0,0,D,,,,Matchday 22,source_reported_FT,VVV-Venlo,ADO Den Haag
openfootball/europe,https://raw.githubusercontent.com/openfootball/europe/7faa522aef63fa9a6fcb9d8189bd8bc52381e967/netherlands/2022-23_nl2.txt,7faa522aef63fa9a6fcb9d8189bd8bc52381e967,353,2026-09-04T07:12:36.519Z,Eerste Divisie,2022-23,2023-01-30,FC Utrecht J,De Graafschap,1,1,D,1,0,H,Matchday 22,source_reported_FT,FC Utrecht J,De Graafschap
openfootball/europe,https://raw.githubusercontent.com/openfootball/europe/7faa522aef63fa9a6fcb9d8189bd8bc52381e967/netherlands/2022-23_nl2.txt,7faa522aef63fa9a6fcb9d8189bd8bc52381e967,352,2026-09-04T07:12:36.519Z,Eerste Divisie,2022-23,2023-01-30,Jong PSV,Willem II,3,2,H,0,1,A,Matchday 22,source_reported_FT,Jong PSV,Willem II
openfootball/europe,https://raw.githubusercontent.com/openfootball/europe/7faa522aef63fa9a6fcb9d8189bd8bc52381e967/netherlands/2022-23_nl2.txt,7faa522aef63fa9a6fcb9d8189bd8bc52381e967,288,2026-09-04T07:12:36.519Z,Eerste Divisie,2022-23,2023-01-30,Roda JC Kerkrade,PEC Zwolle,1,2,A,0,2,A,Matchday 18,source_reported_FT,Roda JC Kerkrade,PEC Zwolle
openfootball/europe,https://raw.githubusercontent.com/openfootball/europe/7faa522aef63fa9a6fcb9d8189bd8bc52381e967/netherlands/2022-23_nl2.txt,7faa522aef63fa9a6fcb9d8189bd8bc52381e967,362,2026-09-04T07:12:36.519Z,Eerste Divisie,2022-23,2023-02-03,ADO Den Haag,NAC Breda,2,1,H,2,0,H,Matchday 23,source_reported_FT,ADO Den Haag,NAC Breda
openfootball/europe,https://raw.githubusercontent.com/openfootball/europe/7faa522aef63fa9a6fcb9d8189bd8bc52381e967/netherlands/2022-23_nl2.txt,7faa522aef63fa9a6fcb9d8189bd8bc52381e967,365,2026-09-04T07:12:36.519Z,Eerste Divisie,2022-23,2023-02-03,AZ Alkmaar J,VVV-Venlo,4,3,H,2,1,H,Matchday 23,source_reported_FT,AZ Alkmaar J,VVV-Venlo
openfootball/europe,https://raw.githubusercontent.com/openfootball/europe/7faa522aef63fa9a6fcb9d8189bd8bc52381e967/netherlands/2022-23_nl2.txt,7faa522aef63fa9a6fcb9d8189bd8bc52381e967,363,2026-09-04T07:12:36.519Z,Eerste Divisie,2022-23,2023-02-03,Almere City FC,Jong PSV,1,2,A,0,1,A,Matchday 23,source_reported_FT,Almere City FC,Jong PSV
openfootball/europe,https://raw.githubusercontent.com/openfootball/europe/7faa522aef63fa9a6fcb9d8189bd8bc52381e967/netherlands/2022-23_nl2.txt,7faa522aef63fa9a6fcb9d8189bd8bc52381e967,359,2026-09-04T07:12:36.519Z,Eerste Divisie,2022-23,2023-02-03,De Graafschap,Telstar,0,1,A,0,0,D,Matchday 23,source_reported_FT,De Graafschap,Telstar
openfootball/europe,https://raw.githubusercontent.com/openfootball/europe/7faa522aef63fa9a6fcb9d8189bd8bc52381e967/netherlands/2022-23_nl2.txt,7faa522aef63fa9a6fcb9d8189bd8bc52381e967,361,2026-09-04T07:12:36.519Z,Eerste Divisie,2022-23,2023-02-03,FC Dordrecht,FC Eindhoven,4,0,H,2,0,H,Matchday 23,source_reported_FT,FC Dordrecht,FC Eindhoven
openfootball/europe,https://raw.githubusercontent.com/openfootball/europe/7faa522aef63fa9a6fcb9d8189bd8bc52381e967/netherlands/2022-23_nl2.txt,7faa522aef63fa9a6fcb9d8189bd8bc52381e967,358,2026-09-04T07:12:36.519Z,Eerste Divisie,2022-23,2023-02-03,Heracles Almelo,FC Utrecht J,6,1,H,4,0,H,Matchday 23,source_reported_FT,Heracles Almelo,FC Utrecht J
openfootball/europe,https://raw.githubusercontent.com/openfootball/europe/7faa522aef63fa9a6fcb9d8189bd8bc52381e967/netherlands/2022-23_nl2.txt,7faa522aef63fa9a6fcb9d8189bd8bc52381e967,360,2026-09-04T07:12:36.519Z,Eerste Divisie,2022-23,2023-02-03,TOP Oss,FC Den Bosch,3,0,H,1,0,H,Matchday 23,source_reported_FT,TOP Oss,FC Den Bosch
openfootball/europe,https://raw.githubusercontent.com/openfootball/europe/7faa522aef63fa9a6fcb9d8189bd8bc52381e967/netherlands/2022-23_nl2.txt,7faa522aef63fa9a6fcb9d8189bd8bc52381e967,364,2026-09-04T07:12:36.519Z,Eerste Divisie,2022-23,2023-02-03,Willem II,Helmond Sport,5,1,H,2,0,H,Matchday 23,source_reported_FT,Willem II,Helmond Sport
openfootball/europe,https://raw.githubusercontent.com/openfootball/europe/7faa522aef63fa9a6fcb9d8189bd8bc52381e967/netherlands/2022-23_nl2.txt,7faa522aef63fa9a6fcb9d8189bd8bc52381e967,367,2026-09-04T07:12:36.519Z,Eerste Divisie,2022-23,2023-02-05,Roda JC Kerkrade,MVV,2,1,H,0,1,A,Matchday 23,source_reported_FT,Roda JC Kerkrade,MVV
openfootball/europe,https://raw.githubusercontent.com/openfootball/europe/7faa522aef63fa9a6fcb9d8189bd8bc52381e967/netherlands/2022-23_nl2.txt,7faa522aef63fa9a6fcb9d8189bd8bc52381e967,369,2026-09-04T07:12:36.519Z,Eerste Divisie,2022-23,2023-02-06,Jong Ajax,PEC Zwolle,0,0,D,,,,Matchday 23,source_reported_FT,Jong Ajax,PEC Zwolle
openfootball/europe,https://raw.githubusercontent.com/openfootball/europe/7faa522aef63fa9a6fcb9d8189bd8bc52381e967/netherlands/2022-23_nl2.txt,7faa522aef63fa9a6fcb9d8189bd8bc52381e967,336,2026-09-04T07:12:36.519Z,Eerste Divisie,2022-23,2023-02-06,Willem II,FC Eindhoven,3,0,H,1,0,H,Matchday 21,source_reported_FT,Willem II,FC Eindhoven
openfootball/europe,https://raw.githubusercontent.com/openfootball/europe/7faa522aef63fa9a6fcb9d8189bd8bc52381e967/netherlands/2022-23_nl2.txt,7faa522aef63fa9a6fcb9d8189bd8bc52381e967,378,2026-09-04T07:12:36.519Z,Eerste Divisie,2022-23,2023-02-10,FC Den Bosch,Jong Ajax,4,2,H,1,2,A,Matchday 24,source_reported_FT,FC Den Bosch,Jong Ajax
openfootball/europe,https://raw.githubusercontent.com/openfootball/europe/7faa522aef63fa9a6fcb9d8189bd8bc52381e967/netherlands/2022-23_nl2.txt,7faa522aef63fa9a6fcb9d8189bd8bc52381e967,376,2026-09-04T07:12:36.519Z,Eerste Divisie,2022-23,2023-02-10,FC Eindhoven,Almere City FC,0,1,A,0,1,A,Matchday 24,source_reported_FT,FC Eindhoven,Almere City FC
openfootball/europe,https://raw.githubusercontent.com/openfootball/europe/7faa522aef63fa9a6fcb9d8189bd8bc52381e967/netherlands/2022-23_nl2.txt,7faa522aef63fa9a6fcb9d8189bd8bc52381e967,379,2026-09-04T07:12:36.519Z,Eerste Divisie,2022-23,2023-02-10,Helmond Sport,Roda JC Kerkrade,1,0,H,1,0,H,Matchday 24,source_reported_FT,Helmond Sport,Roda JC Kerkrade
openfootball/europe,https://raw.githubusercontent.com/openfootball/europe/7faa522aef63fa9a6fcb9d8189bd8bc52381e967/netherlands/2022-23_nl2.txt,7faa522aef63fa9a6fcb9d8189bd8bc52381e967,380,2026-09-04T07:12:36.519Z,Eerste Divisie,2022-23,2023-02-10,MVV,TOP Oss,5,1,H,1,1,D,Matchday 24,source_reported_FT,MVV,TOP Oss
openfootball/europe,https://raw.githubusercontent.com/openfootball/europe/7faa522aef63fa9a6fcb9d8189bd8bc52381e967/netherlands/2022-23_nl2.txt,7faa522aef63fa9a6fcb9d8189bd8bc52381e967,374,2026-09-04T07:12:36.519Z,Eerste Divisie,2022-23,2023-02-10,NAC Breda,De Graafschap,2,0,H,1,0,H,Matchday 24,source_reported_FT,NAC Breda,De Graafschap
openfootball/europe,https://raw.githubusercontent.com/openfootball/europe/7faa522aef63fa9a6fcb9d8189bd8bc52381e967/netherlands/2022-23_nl2.txt,7faa522aef63fa9a6fcb9d8189bd8bc52381e967,377,2026-09-04T07:12:36.519Z,Eerste Divisie,2022-23,2023-02-10,PEC Zwolle,AZ Alkmaar J,4,1,H,3,0,H,Matchday 24,source_reported_FT,PEC Zwolle,AZ Alkmaar J
openfootball/europe,https://raw.githubusercontent.com/openfootball/europe/7faa522aef63fa9a6fcb9d8189bd8bc52381e967/netherlands/2022-23_nl2.txt,7faa522aef63fa9a6fcb9d8189bd8bc52381e967,375,2026-09-04T07:12:36.519Z,Eerste Divisie,2022-23,2023-02-10,VVV-Venlo,Heracles Almelo,3,1,H,0,1,A,Matchday 24,source_reported_FT,VVV-Venlo,Heracles Almelo
openfootball/europe,https://raw.githubusercontent.com/openfootball/europe/7faa522aef63fa9a6fcb9d8189bd8bc52381e967/netherlands/2022-23_nl2.txt,7faa522aef63fa9a6fcb9d8189bd8bc52381e967,381,2026-09-04T07:12:36.519Z,Eerste Divisie,2022-23,2023-02-10,Willem II,FC Dordrecht,1,0,H,0,0,D,Matchday 24,source_reported_FT,Willem II,FC Dordrecht
openfootball/europe,https://raw.githubusercontent.com/openfootball/europe/7faa522aef63fa9a6fcb9d8189bd8bc52381e967/netherlands/2022-23_nl2.txt,7faa522aef63fa9a6fcb9d8189bd8bc52381e967,384,2026-09-04T07:12:36.519Z,Eerste Divisie,2022-23,2023-02-13,FC Utrecht J,Telstar,0,1,A,0,0,D,Matchday 24,source_reported_FT,FC Utrecht J,Telstar
openfootball/europe,https://raw.githubusercontent.com/openfootball/europe/7faa522aef63fa9a6fcb9d8189bd8bc52381e967/netherlands/2022-23_nl2.txt,7faa522aef63fa9a6fcb9d8189bd8bc52381e967,383,2026-09-04T07:12:36.519Z,Eerste Divisie,2022-23,2023-02-13,Jong PSV,ADO Den Haag,1,2,A,1,2,A,Matchday 24,source_reported_FT,Jong PSV,ADO Den Haag
openfootball/europe,https://raw.githubusercontent.com/openfootball/europe/7faa522aef63fa9a6fcb9d8189bd8bc52381e967/netherlands/2022-23_nl2.txt,7faa522aef63fa9a6fcb9d8189bd8bc52381e967,338,2026-09-04T07:12:36.519Z,Eerste Divisie,2022-23,2023-02-13,MVV,Heracles Almelo,0,2,A,0,1,A,Matchday 21,source_reported_FT,MVV,Heracles Almelo
openfootball/europe,https://raw.githubusercontent.com/openfootball/europe/7faa522aef63fa9a6fcb9d8189bd8bc52381e967/netherlands/2022-23_nl2.txt,7faa522aef63fa9a6fcb9d8189bd8bc52381e967,390,2026-09-04T07:12:36.519Z,Eerste Divisie,2022-23,2023-02-17,ADO Den Haag,PEC Zwolle,3,1,H,2,1,H,Matchday 25,source_reported_FT,ADO Den Haag,PEC Zwolle
openfootball/europe,https://raw.githubusercontent.com/openfootball/europe/7faa522aef63fa9a6fcb9d8189bd8bc52381e967/netherlands/2022-23_nl2.txt,7faa522aef63fa9a6fcb9d8189bd8bc52381e967,395,2026-09-04T07:12:36.519Z,Eerste Divisie,2022-23,2023-02-17,AZ Alkmaar J,FC Den Bosch,3,1,H,2,1,H,Matchday 25,source_reported_FT,AZ Alkmaar J,FC Den Bosch
openfootball/europe,https://raw.githubusercontent.com/openfootball/europe/7faa522aef63fa9a6fcb9d8189bd8bc52381e967/netherlands/2022-23_nl2.txt,7faa522aef63fa9a6fcb9d8189bd8bc52381e967,389,2026-09-04T07:12:36.519Z,Eerste Divisie,2022-23,2023-02-17,Almere City FC,Helmond Sport,0,0,D,,,,Matchday 25,source_reported_FT,Almere City FC,Helmond Sport
openfootball/europe,https://raw.githubusercontent.com/openfootball/europe/7faa522aef63fa9a6fcb9d8189bd8bc52381e967/netherlands/2022-23_nl2.txt,7faa522aef63fa9a6fcb9d8189bd8bc52381e967,391,2026-09-04T07:12:36.519Z,Eerste Divisie,2022-23,2023-02-17,FC Dordrecht,VVV-Venlo,1,2,A,0,0,D,Matchday 25,source_reported_FT,FC Dordrecht,VVV-Venlo
openfootball/europe,https://raw.githubusercontent.com/openfootball/europe/7faa522aef63fa9a6fcb9d8189bd8bc52381e967/netherlands/2022-23_nl2.txt,7faa522aef63fa9a6fcb9d8189bd8bc52381e967,392,2026-09-04T07:12:36.519Z,Eerste Divisie,2022-23,2023-02-17,Heracles Almelo,Willem II,1,1,D,1,0,H,Matchday 25,source_reported_FT,Heracles Almelo,Willem II
openfootball/europe,https://raw.githubusercontent.com/openfootball/europe/7faa522aef63fa9a6fcb9d8189bd8bc52381e967/netherlands/2022-23_nl2.txt,7faa522aef63fa9a6fcb9d8189bd8bc52381e967,394,2026-09-04T07:12:36.519Z,Eerste Divisie,2022-23,2023-02-17,TOP Oss,FC Eindhoven,2,0,H,0,0,D,Matchday 25,source_reported_FT,TOP Oss,FC Eindhoven
openfootball/europe,https://raw.githubusercontent.com/openfootball/europe/7faa522aef63fa9a6fcb9d8189bd8bc52381e967/netherlands/2022-23_nl2.txt,7faa522aef63fa9a6fcb9d8189bd8bc52381e967,393,2026-09-04T07:12:36.519Z,Eerste Divisie,2022-23,2023-02-17,Telstar,Jong PSV,1,1,D,1,0,H,Matchday 25,source_reported_FT,Telstar,Jong PSV
openfootball/europe,https://raw.githubusercontent.com/openfootball/europe/7faa522aef63fa9a6fcb9d8189bd8bc52381e967/netherlands/2022-23_nl2.txt,7faa522aef63fa9a6fcb9d8189bd8bc52381e967,397,2026-09-04T07:12:36.519Z,Eerste Divisie,2022-23,2023-02-19,De Graafschap,Roda JC Kerkrade,2,0,H,2,0,H,Matchday 25,source_reported_FT,De Graafschap,Roda JC Kerkrade
openfootball/europe,https://raw.githubusercontent.com/openfootball/europe/7faa522aef63fa9a6fcb9d8189bd8bc52381e967/netherlands/2022-23_nl2.txt,7faa522aef63fa9a6fcb9d8189bd8bc52381e967,400,2026-09-04T07:12:36.519Z,Eerste Divisie,2022-23,2023-02-20,FC Utrecht J,NAC Breda,4,1,H,2,1,H,Matchday 25,source_reported_FT,FC Utrecht J,NAC Breda
openfootball/europe,https://raw.githubusercontent.com/openfootball/europe/7faa522aef63fa9a6fcb9d8189bd8bc52381e967/netherlands/2022-23_nl2.txt,7faa522aef63fa9a6fcb9d8189bd8bc52381e967,399,2026-09-04T07:12:36.519Z,Eerste Divisie,2022-23,2023-02-20,Jong Ajax,MVV,4,2,H,2,1,H,Matchday 25,source_reported_FT,Jong Ajax,MVV
openfootball/europe,https://raw.githubusercontent.com/openfootball/europe/7faa522aef63fa9a6fcb9d8189bd8bc52381e967/netherlands/2022-23_nl2.txt,7faa522aef63fa9a6fcb9d8189bd8bc52381e967,408,2026-09-04T07:12:36.519Z,Eerste Divisie,2022-23,2023-02-24,FC Eindhoven,De Graafschap,0,4,A,0,0,D,Matchday 26,source_reported_FT,FC Eindhoven,De Graafschap
openfootball/europe,https://raw.githubusercontent.com/openfootball/europe/7faa522aef63fa9a6fcb9d8189bd8bc52381e967/netherlands/2022-23_nl2.txt,7faa522aef63fa9a6fcb9d8189bd8bc52381e967,411,2026-09-04T07:12:36.519Z,Eerste Divisie,2022-23,2023-02-24,Helmond Sport,FC Utrecht J,2,0,H,1,0,H,Matchday 26,source_reported_FT,Helmond Sport,FC Utrecht J
openfootball/europe,https://raw.githubusercontent.com/openfootball/europe/7faa522aef63fa9a6fcb9d8189bd8bc52381e967/netherlands/2022-23_nl2.txt,7faa522aef63fa9a6fcb9d8189bd8bc52381e967,406,2026-09-04T07:12:36.519Z,Eerste Divisie,2022-23,2023-02-24,Heracles Almelo,Telstar,7,0,H,4,0,H,Matchday 26,source_reported_FT,Heracles Almelo,Telstar
openfootball/europe,https://raw.githubusercontent.com/openfootball/europe/7faa522aef63fa9a6fcb9d8189bd8bc52381e967/netherlands/2022-23_nl2.txt,7faa522aef63fa9a6fcb9d8189bd8bc52381e967,409,2026-09-04T07:12:36.519Z,Eerste Divisie,2022-23,2023-02-24,NAC Breda,FC Dordrecht,3,2,H,2,0,H,Matchday 26,source_reported_FT,NAC Breda,FC Dordrecht
openfootball/europe,https://raw.githubusercontent.com/openfootball/europe/7faa522aef63fa9a6fcb9d8189bd8bc52381e967/netherlands/2022-23_nl2.txt,7faa522aef63fa9a6fcb9d8189bd8bc52381e967,407,2026-09-04T07:12:36.519Z,Eerste Divisie,2022-23,2023-02-24,Roda JC Kerkrade,Almere City FC,0,2,A,0,1,A,Matchday 26,source_reported_FT,Roda JC Kerkrade,Almere City FC
openfootball/europe,https://raw.githubusercontent.com/openfootball/europe/7faa522aef63fa9a6fcb9d8189bd8bc52381e967/netherlands/2022-23_nl2.txt,7faa522aef63fa9a6fcb9d8189bd8bc52381e967,405,2026-09-04T07:12:36.519Z,Eerste Divisie,2022-23,2023-02-24,VVV-Venlo,TOP Oss,0,1,A,0,0,D,Matchday 26,source_reported_FT,VVV-Venlo,TOP Oss
openfootball/europe,https://raw.githubusercontent.com/openfootball/europe/7faa522aef63fa9a6fcb9d8189bd8bc52381e967/netherlands/2022-23_nl2.txt,7faa522aef63fa9a6fcb9d8189bd8bc52381e967,410,2026-09-04T07:12:36.519Z,Eerste Divisie,2022-23,2023-02-24,Willem II,Jong Ajax,2,1,H,2,1,H,Matchday 26,source_reported_FT,Willem II,Jong Ajax
openfootball/europe,https://raw.githubusercontent.com/openfootball/europe/7faa522aef63fa9a6fcb9d8189bd8bc52381e967/netherlands/2022-23_nl2.txt,7faa522aef63fa9a6fcb9d8189bd8bc52381e967,413,2026-09-04T07:12:36.519Z,Eerste Divisie,2022-23,2023-02-26,FC Den Bosch,ADO Den Haag,0,0,D,,,,Matchday 26,source_reported_FT,FC Den Bosch,ADO Den Haag
openfootball/europe,https://raw.githubusercontent.com/openfootball/europe/7faa522aef63fa9a6fcb9d8189bd8bc52381e967/netherlands/2022-23_nl2.txt,7faa522aef63fa9a6fcb9d8189bd8bc52381e967,415,2026-09-04T07:12:36.519Z,Eerste Divisie,2022-23,2023-02-27,Jong PSV,AZ Alkmaar J,3,3,D,1,0,H,Matchday 26,source_reported_FT,Jong PSV,AZ Alkmaar J
openfootball/europe,https://raw.githubusercontent.com/openfootball/europe/7faa522aef63fa9a6fcb9d8189bd8bc52381e967/netherlands/2022-23_nl2.txt,7faa522aef63fa9a6fcb9d8189bd8bc52381e967,416,2026-09-04T07:12:36.519Z,Eerste Divisie,2022-23,2023-02-27,MVV,PEC Zwolle,3,2,H,1,2,A,Matchday 26,source_reported_FT,MVV,PEC Zwolle
openfootball/europe,https://raw.githubusercontent.com/openfootball/europe/7faa522aef63fa9a6fcb9d8189bd8bc52381e967/netherlands/2022-23_nl2.txt,7faa522aef63fa9a6fcb9d8189bd8bc52381e967,422,2026-09-04T07:12:36.519Z,Eerste Divisie,2022-23,2023-03-03,FC Dordrecht,Almere City FC,0,1,A,0,1,A,Matchday 27,source_reported_FT,FC Dordrecht,Almere City FC
openfootball/europe,https://raw.githubusercontent.com/openfootball/europe/7faa522aef63fa9a6fcb9d8189bd8bc52381e967/netherlands/2022-23_nl2.txt,7faa522aef63fa9a6fcb9d8189bd8bc52381e967,423,2026-09-04T07:12:36.519Z,Eerste Divisie,2022-23,2023-03-03,MVV,VVV-Venlo,0,1,A,0,1,A,Matchday 27,source_reported_FT,MVV,VVV-Venlo
openfootball/europe,https://raw.githubusercontent.com/openfootball/europe/7faa522aef63fa9a6fcb9d8189bd8bc52381e967/netherlands/2022-23_nl2.txt,7faa522aef63fa9a6fcb9d8189bd8bc52381e967,421,2026-09-04T07:12:36.519Z,Eerste Divisie,2022-23,2023-03-03,PEC Zwolle,FC Den Bosch,13,0,H,7,0,H,Matchday 27,source_reported_FT,PEC Zwolle,FC Den Bosch
openfootball/europe,https://raw.githubusercontent.com/openfootball/europe/7faa522aef63fa9a6fcb9d8189bd8bc52381e967/netherlands/2022-23_nl2.txt,7faa522aef63fa9a6fcb9d8189bd8bc52381e967,424,2026-09-04T07:12:36.519Z,Eerste Divisie,2022-23,2023-03-03,Telstar,FC Eindhoven,0,1,A,0,1,A,Matchday 27,source_reported_FT,Telstar,FC Eindhoven
openfootball/europe,https://raw.githubusercontent.com/openfootball/europe/7faa522aef63fa9a6fcb9d8189bd8bc52381e967/netherlands/2022-23_nl2.txt,7faa522aef63fa9a6fcb9d8189bd8bc52381e967,428,2026-09-04T07:12:36.519Z,Eerste Divisie,2022-23,2023-03-06,ADO Den Haag,Heracles Almelo,0,3,A,0,2,A,Matchday 27,source_reported_FT,ADO Den Haag,Heracles Almelo
openfootball/europe,https://raw.githubusercontent.com/openfootball/europe/7faa522aef63fa9a6fcb9d8189bd8bc52381e967/netherlands/2022-23_nl2.txt,7faa522aef63fa9a6fcb9d8189bd8bc52381e967,427,2026-09-04T07:12:36.519Z,Eerste Divisie,2022-23,2023-03-06,AZ Alkmaar J,Willem II,2,2,D,0,2,A,Matchday 27,source_reported_FT,AZ Alkmaar J,Willem II
openfootball/europe,https://raw.githubusercontent.com/openfootball/europe/7faa522aef63fa9a6fcb9d8189bd8bc52381e967/netherlands/2022-23_nl2.txt,7faa522aef63fa9a6fcb9d8189bd8bc52381e967,429,2026-09-04T07:12:36.519Z,Eerste Divisie,2022-23,2023-03-06,De Graafschap,Helmond Sport,2,0,H,1,0,H,Matchday 27,source_reported_FT,De Graafschap,Helmond Sport
openfootball/europe,https://raw.githubusercontent.com/openfootball/europe/7faa522aef63fa9a6fcb9d8189bd8bc52381e967/netherlands/2022-23_nl2.txt,7faa522aef63fa9a6fcb9d8189bd8bc52381e967,431,2026-09-04T07:12:36.519Z,Eerste Divisie,2022-23,2023-03-06,FC Utrecht J,Roda JC Kerkrade,1,3,A,0,1,A,Matchday 27,source_reported_FT,FC Utrecht J,Roda JC Kerkrade
openfootball/europe,https://raw.githubusercontent.com/openfootball/europe/7faa522aef63fa9a6fcb9d8189bd8bc52381e967/netherlands/2022-23_nl2.txt,7faa522aef63fa9a6fcb9d8189bd8bc52381e967,426,2026-09-04T07:12:36.519Z,Eerste Divisie,2022-23,2023-03-06,Jong Ajax,TOP Oss,1,2,A,0,1,A,Matchday 27,source_reported_FT,Jong Ajax,TOP Oss
openfootball/europe,https://raw.githubusercontent.com/openfootball/europe/7faa522aef63fa9a6fcb9d8189bd8bc52381e967/netherlands/2022-23_nl2.txt,7faa522aef63fa9a6fcb9d8189bd8bc52381e967,430,2026-09-04T07:12:36.519Z,Eerste Divisie,2022-23,2023-03-06,Jong PSV,NAC Breda,1,2,A,1,0,H,Matchday 27,source_reported_FT,Jong PSV,NAC Breda
openfootball/europe,https://raw.githubusercontent.com/openfootball/europe/7faa522aef63fa9a6fcb9d8189bd8bc52381e967/netherlands/2022-23_nl2.txt,7faa522aef63fa9a6fcb9d8189bd8bc52381e967,437,2026-09-04T07:12:36.519Z,Eerste Divisie,2022-23,2023-03-10,FC Dordrecht,De Graafschap,0,4,A,0,2,A,Matchday 28,source_reported_FT,FC Dordrecht,De Graafschap
openfootball/europe,https://raw.githubusercontent.com/openfootball/europe/7faa522aef63fa9a6fcb9d8189bd8bc52381e967/netherlands/2022-23_nl2.txt,7faa522aef63fa9a6fcb9d8189bd8bc52381e967,439,2026-09-04T07:12:36.519Z,Eerste Divisie,2022-23,2023-03-10,FC Eindhoven,Jong Ajax,5,1,H,2,1,H,Matchday 28,source_reported_FT,FC Eindhoven,Jong Ajax
openfootball/europe,https://raw.githubusercontent.com/openfootball/europe/7faa522aef63fa9a6fcb9d8189bd8bc52381e967/netherlands/2022-23_nl2.txt,7faa522aef63fa9a6fcb9d8189bd8bc52381e967,440,2026-09-04T07:12:36.519Z,Eerste Divisie,2022-23,2023-03-10,Helmond Sport,Jong PSV,3,0,H,1,0,H,Matchday 28,source_reported_FT,Helmond Sport,Jong PSV
openfootball/europe,https://raw.githubusercontent.com/openfootball/europe/7faa522aef63fa9a6fcb9d8189bd8bc52381e967/netherlands/2022-23_nl2.txt,7faa522aef63fa9a6fcb9d8189bd8bc52381e967,444,2026-09-04T07:12:36.519Z,Eerste Divisie,2022-23,2023-03-10,Heracles Almelo,AZ Alkmaar J,2,0,H,1,0,H,Matchday 28,source_reported_FT,Heracles Almelo,AZ Alkmaar J
openfootball/europe,https://raw.githubusercontent.com/openfootball/europe/7faa522aef63fa9a6fcb9d8189bd8bc52381e967/netherlands/2022-23_nl2.txt,7faa522aef63fa9a6fcb9d8189bd8bc52381e967,436,2026-09-04T07:12:36.519Z,Eerste Divisie,2022-23,2023-03-10,NAC Breda,MVV,4,1,H,3,1,H,Matchday 28,source_reported_FT,NAC Breda,MVV
openfootball/europe,https://raw.githubusercontent.com/openfootball/europe/7faa522aef63fa9a6fcb9d8189bd8bc52381e967/netherlands/2022-23_nl2.txt,7faa522aef63fa9a6fcb9d8189bd8bc52381e967,442,2026-09-04T07:12:36.519Z,Eerste Divisie,2022-23,2023-03-10,Roda JC Kerkrade,Telstar,1,2,A,0,1,A,Matchday 28,source_reported_FT,Roda JC Kerkrade,Telstar
openfootball/europe,https://raw.githubusercontent.com/openfootball/europe/7faa522aef63fa9a6fcb9d8189bd8bc52381e967/netherlands/2022-23_nl2.txt,7faa522aef63fa9a6fcb9d8189bd8bc52381e967,441,2026-09-04T07:12:36.519Z,Eerste Divisie,2022-23,2023-03-10,TOP Oss,ADO Den Haag,2,3,A,1,1,D,Matchday 28,source_reported_FT,TOP Oss,ADO Den Haag
openfootball/europe,https://raw.githubusercontent.com/openfootball/europe/7faa522aef63fa9a6fcb9d8189bd8bc52381e967/netherlands/2022-23_nl2.txt,7faa522aef63fa9a6fcb9d8189bd8bc52381e967,443,2026-09-04T07:12:36.519Z,Eerste Divisie,2022-23,2023-03-10,VVV-Venlo,FC Den Bosch,4,0,H,2,0,H,Matchday 28,source_reported_FT,VVV-Venlo,FC Den Bosch
openfootball/europe,https://raw.githubusercontent.com/openfootball/europe/7faa522aef63fa9a6fcb9d8189bd8bc52381e967/netherlands/2022-23_nl2.txt,7faa522aef63fa9a6fcb9d8189bd8bc52381e967,438,2026-09-04T07:12:36.519Z,Eerste Divisie,2022-23,2023-03-10,Willem II,PEC Zwolle,2,3,A,1,2,A,Matchday 28,source_reported_FT,Willem II,PEC Zwolle
openfootball/europe,https://raw.githubusercontent.com/openfootball/europe/7faa522aef63fa9a6fcb9d8189bd8bc52381e967/netherlands/2022-23_nl2.txt,7faa522aef63fa9a6fcb9d8189bd8bc52381e967,467,2026-09-04T07:12:36.519Z,Eerste Divisie,2022-23,2023-03-13,Almere City FC,VVV-Venlo,1,3,A,1,0,H,Matchday 30,source_reported_FT,Almere City FC,VVV-Venlo
openfootball/europe,https://raw.githubusercontent.com/openfootball/europe/7faa522aef63fa9a6fcb9d8189bd8bc52381e967/netherlands/2022-23_nl2.txt,7faa522aef63fa9a6fcb9d8189bd8bc52381e967,468,2026-09-04T07:12:36.519Z,Eerste Divisie,2022-23,2023-03-13,De Graafschap,PEC Zwolle,0,1,A,0,1,A,Matchday 30,source_reported_FT,De Graafschap,PEC Zwolle
openfootball/europe,https://raw.githubusercontent.com/openfootball/europe/7faa522aef63fa9a6fcb9d8189bd8bc52381e967/netherlands/2022-23_nl2.txt,7faa522aef63fa9a6fcb9d8189bd8bc52381e967,471,2026-09-04T07:12:36.519Z,Eerste Divisie,2022-23,2023-03-13,FC Eindhoven,ADO Den Haag,1,1,D,0,1,A,Matchday 30,source_reported_FT,FC Eindhoven,ADO Den Haag
openfootball/europe,https://raw.githubusercontent.com/openfootball/europe/7faa522aef63fa9a6fcb9d8189bd8bc52381e967/netherlands/2022-23_nl2.txt,7faa522aef63fa9a6fcb9d8189bd8bc52381e967,470,2026-09-04T07:12:36.519Z,Eerste Divisie,2022-23,2023-03-13,FC Utrecht J,Jong PSV,0,1,A,0,0,D,Matchday 30,source_reported_FT,FC Utrecht J,Jong PSV
openfootball/europe,https://raw.githubusercontent.com/openfootball/europe/7faa522aef63fa9a6fcb9d8189bd8bc52381e967/netherlands/2022-23_nl2.txt,7faa522aef63fa9a6fcb9d8189bd8bc52381e967,466,2026-09-04T07:12:36.519Z,Eerste Divisie,2022-23,2023-03-13,NAC Breda,Jong Ajax,2,6,A,0,4,A,Matchday 30,source_reported_FT,NAC Breda,Jong Ajax
openfootball/europe,https://raw.githubusercontent.com/openfootball/europe/7faa522aef63fa9a6fcb9d8189bd8bc52381e967/netherlands/2022-23_nl2.txt,7faa522aef63fa9a6fcb9d8189bd8bc52381e967,469,2026-09-04T07:12:36.519Z,Eerste Divisie,2022-23,2023-03-13,Roda JC Kerkrade,AZ Alkmaar J,2,0,H,1,0,H,Matchday 30,source_reported_FT,Roda JC Kerkrade,AZ Alkmaar J
openfootball/europe,https://raw.githubusercontent.com/openfootball/europe/7faa522aef63fa9a6fcb9d8189bd8bc52381e967/netherlands/2022-23_nl2.txt,7faa522aef63fa9a6fcb9d8189bd8bc52381e967,453,2026-09-04T07:12:36.519Z,Eerste Divisie,2022-23,2023-03-17,ADO Den Haag,Willem II,1,3,A,1,0,H,Matchday 29,source_reported_FT,ADO Den Haag,Willem II
openfootball/europe,https://raw.githubusercontent.com/openfootball/europe/7faa522aef63fa9a6fcb9d8189bd8bc52381e967/netherlands/2022-23_nl2.txt,7faa522aef63fa9a6fcb9d8189bd8bc52381e967,451,2026-09-04T07:12:36.519Z,Eerste Divisie,2022-23,2023-03-17,AZ Alkmaar J,FC Eindhoven,1,1,D,0,0,D,Matchday 29,source_reported_FT,AZ Alkmaar J,FC Eindhoven
openfootball/europe,https://raw.githubusercontent.com/openfootball/europe/7faa522aef63fa9a6fcb9d8189bd8bc52381e967/netherlands/2022-23_nl2.txt,7faa522aef63fa9a6fcb9d8189bd8bc52381e967,454,2026-09-04T07:12:36.519Z,Eerste Divisie,2022-23,2023-03-17,FC Den Bosch,FC Dordrecht,3,1,H,2,0,H,Matchday 29,source_reported_FT,FC Den Bosch,FC Dordrecht
openfootball/europe,https://raw.githubusercontent.com/openfootball/europe/7faa522aef63fa9a6fcb9d8189bd8bc52381e967/netherlands/2022-23_nl2.txt,7faa522aef63fa9a6fcb9d8189bd8bc52381e967,452,2026-09-04T07:12:36.519Z,Eerste Divisie,2022-23,2023-03-17,Helmond Sport,Telstar,2,2,D,0,1,A,Matchday 29,source_reported_FT,Helmond Sport,Telstar
openfootball/europe,https://raw.githubusercontent.com/openfootball/europe/7faa522aef63fa9a6fcb9d8189bd8bc52381e967/netherlands/2022-23_nl2.txt,7faa522aef63fa9a6fcb9d8189bd8bc52381e967,458,2026-09-04T07:12:36.519Z,Eerste Divisie,2022-23,2023-03-17,Jong Ajax,Almere City FC,0,2,A,0,1,A,Matchday 29,source_reported_FT,Jong Ajax,Almere City FC
openfootball/europe,https://raw.githubusercontent.com/openfootball/europe/7faa522aef63fa9a6fcb9d8189bd8bc52381e967/netherlands/2022-23_nl2.txt,7faa522aef63fa9a6fcb9d8189bd8bc52381e967,459,2026-09-04T07:12:36.519Z,Eerste Divisie,2022-23,2023-03-17,Jong PSV,De Graafschap,2,1,H,0,1,A,Matchday 29,source_reported_FT,Jong PSV,De Graafschap
openfootball/europe,https://raw.githubusercontent.com/openfootball/europe/7faa522aef63fa9a6fcb9d8189bd8bc52381e967/netherlands/2022-23_nl2.txt,7faa522aef63fa9a6fcb9d8189bd8bc52381e967,455,2026-09-04T07:12:36.519Z,Eerste Divisie,2022-23,2023-03-17,MVV,FC Utrecht J,1,0,H,0,0,D,Matchday 29,source_reported_FT,MVV,FC Utrecht J
openfootball/europe,https://raw.githubusercontent.com/openfootball/europe/7faa522aef63fa9a6fcb9d8189bd8bc52381e967/netherlands/2022-23_nl2.txt,7faa522aef63fa9a6fcb9d8189bd8bc52381e967,457,2026-09-04T07:12:36.519Z,Eerste Divisie,2022-23,2023-03-17,PEC Zwolle,NAC Breda,2,0,H,0,0,D,Matchday 29,source_reported_FT,PEC Zwolle,NAC Breda
openfootball/europe,https://raw.githubusercontent.com/openfootball/europe/7faa522aef63fa9a6fcb9d8189bd8bc52381e967/netherlands/2022-23_nl2.txt,7faa522aef63fa9a6fcb9d8189bd8bc52381e967,456,2026-09-04T07:12:36.519Z,Eerste Divisie,2022-23,2023-03-17,TOP Oss,Heracles Almelo,1,5,A,0,0,D,Matchday 29,source_reported_FT,TOP Oss,Heracles Almelo
openfootball/europe,https://raw.githubusercontent.com/openfootball/europe/7faa522aef63fa9a6fcb9d8189bd8bc52381e967/netherlands/2022-23_nl2.txt,7faa522aef63fa9a6fcb9d8189bd8bc52381e967,461,2026-09-04T07:12:36.519Z,Eerste Divisie,2022-23,2023-03-19,VVV-Venlo,Roda JC Kerkrade,1,1,D,0,0,D,Matchday 29,source_reported_FT,VVV-Venlo,Roda JC Kerkrade
openfootball/europe,https://raw.githubusercontent.com/openfootball/europe/7faa522aef63fa9a6fcb9d8189bd8bc52381e967/netherlands/2022-23_nl2.txt,7faa522aef63fa9a6fcb9d8189bd8bc52381e967,473,2026-09-04T07:12:36.519Z,Eerste Divisie,2022-23,2023-03-26,FC Dordrecht,Helmond Sport,0,0,D,,,,Matchday 30,source_reported_FT,FC Dordrecht,Helmond Sport
openfootball/europe,https://raw.githubusercontent.com/openfootball/europe/7faa522aef63fa9a6fcb9d8189bd8bc52381e967/netherlands/2022-23_nl2.txt,7faa522aef63fa9a6fcb9d8189bd8bc52381e967,474,2026-09-04T07:12:36.519Z,Eerste Divisie,2022-23,2023-03-26,Heracles Almelo,FC Den Bosch,3,2,H,3,1,H,Matchday 30,source_reported_FT,Heracles Almelo,FC Den Bosch
openfootball/europe,https://raw.githubusercontent.com/openfootball/europe/7faa522aef63fa9a6fcb9d8189bd8bc52381e967/netherlands/2022-23_nl2.txt,7faa522aef63fa9a6fcb9d8189bd8bc52381e967,475,2026-09-04T07:12:36.519Z,Eerste Divisie,2022-23,2023-03-26,Telstar,TOP Oss,1,0,H,0,0,D,Matchday 30,source_reported_FT,Telstar,TOP Oss
openfootball/europe,https://raw.githubusercontent.com/openfootball/europe/7faa522aef63fa9a6fcb9d8189bd8bc52381e967/netherlands/2022-23_nl2.txt,7faa522aef63fa9a6fcb9d8189bd8bc52381e967,476,2026-09-04T07:12:36.519Z,Eerste Divisie,2022-23,2023-03-26,Willem II,MVV,2,0,H,1,0,H,Matchday 30,source_reported_FT,Willem II,MVV
openfootball/europe,https://raw.githubusercontent.com/openfootball/europe/7faa522aef63fa9a6fcb9d8189bd8bc52381e967/netherlands/2022-23_nl2.txt,7faa522aef63fa9a6fcb9d8189bd8bc52381e967,482,2026-09-04T07:12:36.519Z,Eerste Divisie,2022-23,2023-03-31,ADO Den Haag,Telstar,3,1,H,0,1,A,Matchday 31,source_reported_FT,ADO Den Haag,Telstar
openfootball/europe,https://raw.githubusercontent.com/openfootball/europe/7faa522aef63fa9a6fcb9d8189bd8bc52381e967/netherlands/2022-23_nl2.txt,7faa522aef63fa9a6fcb9d8189bd8bc52381e967,483,2026-09-04T07:12:36.519Z,Eerste Divisie,2022-23,2023-03-31,Heracles Almelo,Almere City FC,1,1,D,1,1,D,Matchday 31,source_reported_FT,Heracles Almelo,Almere City FC
openfootball/europe,https://raw.githubusercontent.com/openfootball/europe/7faa522aef63fa9a6fcb9d8189bd8bc52381e967/netherlands/2022-23_nl2.txt,7faa522aef63fa9a6fcb9d8189bd8bc52381e967,481,2026-09-04T07:12:36.519Z,Eerste Divisie,2022-23,2023-03-31,MVV,FC Eindhoven,3,2,H,2,1,H,Matchday 31,source_reported_FT,MVV,FC Eindhoven
openfootball/europe,https://raw.githubusercontent.com/openfootball/europe/7faa522aef63fa9a6fcb9d8189bd8bc52381e967/netherlands/2022-23_nl2.txt,7faa522aef63fa9a6fcb9d8189bd8bc52381e967,485,2026-09-04T07:12:36.519Z,Eerste Divisie,2022-23,2023-03-31,PEC Zwolle,FC Utrecht J,2,0,H,0,0,D,Matchday 31,source_reported_FT,PEC Zwolle,FC Utrecht J
openfootball/europe,https://raw.githubusercontent.com/openfootball/europe/7faa522aef63fa9a6fcb9d8189bd8bc52381e967/netherlands/2022-23_nl2.txt,7faa522aef63fa9a6fcb9d8189bd8bc52381e967,484,2026-09-04T07:12:36.519Z,Eerste Divisie,2022-23,2023-03-31,TOP Oss,Helmond Sport,2,2,D,2,1,H,Matchday 31,source_reported_FT,TOP Oss,Helmond Sport
openfootball/europe,https://raw.githubusercontent.com/openfootball/europe/7faa522aef63fa9a6fcb9d8189bd8bc52381e967/netherlands/2022-23_nl2.txt,7faa522aef63fa9a6fcb9d8189bd8bc52381e967,486,2026-09-04T07:12:36.519Z,Eerste Divisie,2022-23,2023-03-31,VVV-Venlo,NAC Breda,1,3,A,0,1,A,Matchday 31,source_reported_FT,VVV-Venlo,NAC Breda
openfootball/europe,https://raw.githubusercontent.com/openfootball/europe/7faa522aef63fa9a6fcb9d8189bd8bc52381e967/netherlands/2022-23_nl2.txt,7faa522aef63fa9a6fcb9d8189bd8bc52381e967,488,2026-09-04T07:12:36.519Z,Eerste Divisie,2022-23,2023-04-02,FC Den Bosch,Willem II,0,2,A,0,1,A,Matchday 31,source_reported_FT,FC Den Bosch,Willem II
openfootball/europe,https://raw.githubusercontent.com/openfootball/europe/7faa522aef63fa9a6fcb9d8189bd8bc52381e967/netherlands/2022-23_nl2.txt,7faa522aef63fa9a6fcb9d8189bd8bc52381e967,491,2026-09-04T07:12:36.519Z,Eerste Divisie,2022-23,2023-04-03,AZ Alkmaar J,De Graafschap,0,1,A,0,1,A,Matchday 31,source_reported_FT,AZ Alkmaar J,De Graafschap
openfootball/europe,https://raw.githubusercontent.com/openfootball/europe/7faa522aef63fa9a6fcb9d8189bd8bc52381e967/netherlands/2022-23_nl2.txt,7faa522aef63fa9a6fcb9d8189bd8bc52381e967,446,2026-09-04T07:12:36.519Z,Eerste Divisie,2022-23,2023-04-03,Almere City FC,FC Utrecht J,1,0,H,0,0,D,Matchday 28,source_reported_FT,Almere City FC,FC Utrecht J
openfootball/europe,https://raw.githubusercontent.com/openfootball/europe/7faa522aef63fa9a6fcb9d8189bd8bc52381e967/netherlands/2022-23_nl2.txt,7faa522aef63fa9a6fcb9d8189bd8bc52381e967,492,2026-09-04T07:12:36.519Z,Eerste Divisie,2022-23,2023-04-03,Jong Ajax,FC Dordrecht,4,1,H,2,1,H,Matchday 31,source_reported_FT,Jong Ajax,FC Dordrecht
openfootball/europe,https://raw.githubusercontent.com/openfootball/europe/7faa522aef63fa9a6fcb9d8189bd8bc52381e967/netherlands/2022-23_nl2.txt,7faa522aef63fa9a6fcb9d8189bd8bc52381e967,490,2026-09-04T07:12:36.519Z,Eerste Divisie,2022-23,2023-04-03,Jong PSV,Roda JC Kerkrade,5,1,H,3,0,H,Matchday 31,source_reported_FT,Jong PSV,Roda JC Kerkrade
openfootball/europe,https://raw.githubusercontent.com/openfootball/europe/7faa522aef63fa9a6fcb9d8189bd8bc52381e967/netherlands/2022-23_nl2.txt,7faa522aef63fa9a6fcb9d8189bd8bc52381e967,498,2026-09-04T07:12:36.519Z,Eerste Divisie,2022-23,2023-04-07,Almere City FC,AZ Alkmaar J,2,1,H,2,1,H,Matchday 32,source_reported_FT,Almere City FC,AZ Alkmaar J
openfootball/europe,https://raw.githubusercontent.com/openfootball/europe/7faa522aef63fa9a6fcb9d8189bd8bc52381e967/netherlands/2022-23_nl2.txt,7faa522aef63fa9a6fcb9d8189bd8bc52381e967,500,2026-09-04T07:12:36.519Z,Eerste Divisie,2022-23,2023-04-07,De Graafschap,Heracles Almelo,5,3,H,2,2,D,Matchday 32,source_reported_FT,De Graafschap,Heracles Almelo
openfootball/europe,https://raw.githubusercontent.com/openfootball/europe/7faa522aef63fa9a6fcb9d8189bd8bc52381e967/netherlands/2022-23_nl2.txt,7faa522aef63fa9a6fcb9d8189bd8bc52381e967,497,2026-09-04T07:12:36.519Z,Eerste Divisie,2022-23,2023-04-07,FC Dordrecht,Jong PSV,1,0,H,1,0,H,Matchday 32,source_reported_FT,FC Dordrecht,Jong PSV
openfootball/europe,https://raw.githubusercontent.com/openfootball/europe/7faa522aef63fa9a6fcb9d8189bd8bc52381e967/netherlands/2022-23_nl2.txt,7faa522aef63fa9a6fcb9d8189bd8bc52381e967,499,2026-09-04T07:12:36.519Z,Eerste Divisie,2022-23,2023-04-07,FC Eindhoven,PEC Zwolle,4,2,H,2,2,D,Matchday 32,source_reported_FT,FC Eindhoven,PEC Zwolle
openfootball/europe,https://raw.githubusercontent.com/openfootball/europe/7faa522aef63fa9a6fcb9d8189bd8bc52381e967/netherlands/2022-23_nl2.txt,7faa522aef63fa9a6fcb9d8189bd8bc52381e967,501,2026-09-04T07:12:36.519Z,Eerste Divisie,2022-23,2023-04-07,Helmond Sport,MVV,1,2,A,0,1,A,Matchday 32,source_reported_FT,Helmond Sport,MVV
openfootball/europe,https://raw.githubusercontent.com/openfootball/europe/7faa522aef63fa9a6fcb9d8189bd8bc52381e967/netherlands/2022-23_nl2.txt,7faa522aef63fa9a6fcb9d8189bd8bc52381e967,502,2026-09-04T07:12:36.519Z,Eerste Divisie,2022-23,2023-04-07,NAC Breda,FC Den Bosch,2,0,H,0,0,D,Matchday 32,source_reported_FT,NAC Breda,FC Den Bosch
openfootball/europe,https://raw.githubusercontent.com/openfootball/europe/7faa522aef63fa9a6fcb9d8189bd8bc52381e967/netherlands/2022-23_nl2.txt,7faa522aef63fa9a6fcb9d8189bd8bc52381e967,503,2026-09-04T07:12:36.519Z,Eerste Divisie,2022-23,2023-04-07,Roda JC Kerkrade,ADO Den Haag,1,1,D,0,1,A,Matchday 32,source_reported_FT,Roda JC Kerkrade,ADO Den Haag
openfootball/europe,https://raw.githubusercontent.com/openfootball/europe/7faa522aef63fa9a6fcb9d8189bd8bc52381e967/netherlands/2022-23_nl2.txt,7faa522aef63fa9a6fcb9d8189bd8bc52381e967,504,2026-09-04T07:12:36.519Z,Eerste Divisie,2022-23,2023-04-07,Telstar,Jong Ajax,2,3,A,0,1,A,Matchday 32,source_reported_FT,Telstar,Jong Ajax
openfootball/europe,https://raw.githubusercontent.com/openfootball/europe/7faa522aef63fa9a6fcb9d8189bd8bc52381e967/netherlands/2022-23_nl2.txt,7faa522aef63fa9a6fcb9d8189bd8bc52381e967,506,2026-09-04T07:12:36.519Z,Eerste Divisie,2022-23,2023-04-09,Willem II,VVV-Venlo,2,1,H,1,1,D,Matchday 32,source_reported_FT,Willem II,VVV-Venlo
openfootball/europe,https://raw.githubusercontent.com/openfootball/europe/7faa522aef63fa9a6fcb9d8189bd8bc52381e967/netherlands/2022-23_nl2.txt,7faa522aef63fa9a6fcb9d8189bd8bc52381e967,508,2026-09-04T07:12:36.519Z,Eerste Divisie,2022-23,2023-04-10,FC Utrecht J,TOP Oss,4,2,H,3,1,H,Matchday 32,source_reported_FT,FC Utrecht J,TOP Oss
openfootball/europe,https://raw.githubusercontent.com/openfootball/europe/7faa522aef63fa9a6fcb9d8189bd8bc52381e967/netherlands/2022-23_nl2.txt,7faa522aef63fa9a6fcb9d8189bd8bc52381e967,515,2026-09-04T07:12:36.519Z,Eerste Divisie,2022-23,2023-04-14,FC Den Bosch,Helmond Sport,1,2,A,1,1,D,Matchday 33,source_reported_FT,FC Den Bosch,Helmond Sport
openfootball/europe,https://raw.githubusercontent.com/openfootball/europe/7faa522aef63fa9a6fcb9d8189bd8bc52381e967/netherlands/2022-23_nl2.txt,7faa522aef63fa9a6fcb9d8189bd8bc52381e967,516,2026-09-04T07:12:36.519Z,Eerste Divisie,2022-23,2023-04-14,Heracles Almelo,Roda JC Kerkrade,1,0,H,1,0,H,Matchday 33,source_reported_FT,Heracles Almelo,Roda JC Kerkrade
openfootball/europe,https://raw.githubusercontent.com/openfootball/europe/7faa522aef63fa9a6fcb9d8189bd8bc52381e967/netherlands/2022-23_nl2.txt,7faa522aef63fa9a6fcb9d8189bd8bc52381e967,514,2026-09-04T07:12:36.519Z,Eerste Divisie,2022-23,2023-04-14,MVV,FC Dordrecht,2,1,H,1,0,H,Matchday 33,source_reported_FT,MVV,FC Dordrecht
openfootball/europe,https://raw.githubusercontent.com/openfootball/europe/7faa522aef63fa9a6fcb9d8189bd8bc52381e967/netherlands/2022-23_nl2.txt,7faa522aef63fa9a6fcb9d8189bd8bc52381e967,513,2026-09-04T07:12:36.519Z,Eerste Divisie,2022-23,2023-04-14,PEC Zwolle,Telstar,2,0,H,1,0,H,Matchday 33,source_reported_FT,PEC Zwolle,Telstar
openfootball/europe,https://raw.githubusercontent.com/openfootball/europe/7faa522aef63fa9a6fcb9d8189bd8bc52381e967/netherlands/2022-23_nl2.txt,7faa522aef63fa9a6fcb9d8189bd8bc52381e967,517,2026-09-04T07:12:36.519Z,Eerste Divisie,2022-23,2023-04-14,TOP Oss,De Graafschap,3,3,D,1,1,D,Matchday 33,source_reported_FT,TOP Oss,De Graafschap
openfootball/europe,https://raw.githubusercontent.com/openfootball/europe/7faa522aef63fa9a6fcb9d8189bd8bc52381e967/netherlands/2022-23_nl2.txt,7faa522aef63fa9a6fcb9d8189bd8bc52381e967,518,2026-09-04T07:12:36.519Z,Eerste Divisie,2022-23,2023-04-14,VVV-Venlo,FC Eindhoven,2,2,D,0,1,A,Matchday 33,source_reported_FT,VVV-Venlo,FC Eindhoven
openfootball/europe,https://raw.githubusercontent.com/openfootball/europe/7faa522aef63fa9a6fcb9d8189bd8bc52381e967/netherlands/2022-23_nl2.txt,7faa522aef63fa9a6fcb9d8189bd8bc52381e967,520,2026-09-04T07:12:36.519Z,Eerste Divisie,2022-23,2023-04-16,ADO Den Haag,Almere City FC,2,3,A,2,1,H,Matchday 33,source_reported_FT,ADO Den Haag,Almere City FC
openfootball/europe,https://raw.githubusercontent.com/openfootball/europe/7faa522aef63fa9a6fcb9d8189bd8bc52381e967/netherlands/2022-23_nl2.txt,7faa522aef63fa9a6fcb9d8189bd8bc52381e967,523,2026-09-04T07:12:36.519Z,Eerste Divisie,2022-23,2023-04-17,AZ Alkmaar J,FC Utrecht J,4,0,H,2,0,H,Matchday 33,source_reported_FT,AZ Alkmaar J,FC Utrecht J
openfootball/europe,https://raw.githubusercontent.com/openfootball/europe/7faa522aef63fa9a6fcb9d8189bd8bc52381e967/netherlands/2022-23_nl2.txt,7faa522aef63fa9a6fcb9d8189bd8bc52381e967,522,2026-09-04T07:12:36.519Z,Eerste Divisie,2022-23,2023-04-17,Jong Ajax,Jong PSV,5,4,H,3,2,H,Matchday 33,source_reported_FT,Jong Ajax,Jong PSV
openfootball/europe,https://raw.githubusercontent.com/openfootball/europe/7faa522aef63fa9a6fcb9d8189bd8bc52381e967/netherlands/2022-23_nl2.txt,7faa522aef63fa9a6fcb9d8189bd8bc52381e967,535,2026-09-04T07:12:36.519Z,Eerste Divisie,2022-23,2023-04-21,Almere City FC,PEC Zwolle,1,1,D,0,0,D,Matchday 34,source_reported_FT,Almere City FC,PEC Zwolle
openfootball/europe,https://raw.githubusercontent.com/openfootball/europe/7faa522aef63fa9a6fcb9d8189bd8bc52381e967/netherlands/2022-23_nl2.txt,7faa522aef63fa9a6fcb9d8189bd8bc52381e967,536,2026-09-04T07:12:36.519Z,Eerste Divisie,2022-23,2023-04-21,De Graafschap,ADO Den Haag,0,1,A,0,0,D,Matchday 34,source_reported_FT,De Graafschap,ADO Den Haag
openfootball/europe,https://raw.githubusercontent.com/openfootball/europe/7faa522aef63fa9a6fcb9d8189bd8bc52381e967/netherlands/2022-23_nl2.txt,7faa522aef63fa9a6fcb9d8189bd8bc52381e967,537,2026-09-04T07:12:36.519Z,Eerste Divisie,2022-23,2023-04-21,FC Dordrecht,AZ Alkmaar J,1,0,H,0,0,D,Matchday 34,source_reported_FT,FC Dordrecht,AZ Alkmaar J
openfootball/europe,https://raw.githubusercontent.com/openfootball/europe/7faa522aef63fa9a6fcb9d8189bd8bc52381e967/netherlands/2022-23_nl2.txt,7faa522aef63fa9a6fcb9d8189bd8bc52381e967,531,2026-09-04T07:12:36.519Z,Eerste Divisie,2022-23,2023-04-21,FC Eindhoven,NAC Breda,1,2,A,1,1,D,Matchday 34,source_reported_FT,FC Eindhoven,NAC Breda
openfootball/europe,https://raw.githubusercontent.com/openfootball/europe/7faa522aef63fa9a6fcb9d8189bd8bc52381e967/netherlands/2022-23_nl2.txt,7faa522aef63fa9a6fcb9d8189bd8bc52381e967,532,2026-09-04T07:12:36.519Z,Eerste Divisie,2022-23,2023-04-21,Helmond Sport,Heracles Almelo,0,1,A,0,1,A,Matchday 34,source_reported_FT,Helmond Sport,Heracles Almelo
openfootball/europe,https://raw.githubusercontent.com/openfootball/europe/7faa522aef63fa9a6fcb9d8189bd8bc52381e967/netherlands/2022-23_nl2.txt,7faa522aef63fa9a6fcb9d8189bd8bc52381e967,530,2026-09-04T07:12:36.519Z,Eerste Divisie,2022-23,2023-04-21,Roda JC Kerkrade,FC Den Bosch,0,1,A,0,0,D,Matchday 34,source_reported_FT,Roda JC Kerkrade,FC Den Bosch
openfootball/europe,https://raw.githubusercontent.com/openfootball/europe/7faa522aef63fa9a6fcb9d8189bd8bc52381e967/netherlands/2022-23_nl2.txt,7faa522aef63fa9a6fcb9d8189bd8bc52381e967,534,2026-09-04T07:12:36.519Z,Eerste Divisie,2022-23,2023-04-21,Telstar,VVV-Venlo,1,0,H,0,0,D,Matchday 34,source_reported_FT,Telstar,VVV-Venlo
openfootball/europe,https://raw.githubusercontent.com/openfootball/europe/7faa522aef63fa9a6fcb9d8189bd8bc52381e967/netherlands/2022-23_nl2.txt,7faa522aef63fa9a6fcb9d8189bd8bc52381e967,533,2026-09-04T07:12:36.519Z,Eerste Divisie,2022-23,2023-04-21,Willem II,TOP Oss,4,0,H,2,0,H,Matchday 34,source_reported_FT,Willem II,TOP Oss
openfootball/europe,https://raw.githubusercontent.com/openfootball/europe/7faa522aef63fa9a6fcb9d8189bd8bc52381e967/netherlands/2022-23_nl2.txt,7faa522aef63fa9a6fcb9d8189bd8bc52381e967,540,2026-09-04T07:12:36.519Z,Eerste Divisie,2022-23,2023-04-24,FC Utrecht J,Jong Ajax,1,0,H,0,0,D,Matchday 34,source_reported_FT,FC Utrecht J,Jong Ajax
openfootball/europe,https://raw.githubusercontent.com/openfootball/europe/7faa522aef63fa9a6fcb9d8189bd8bc52381e967/netherlands/2022-23_nl2.txt,7faa522aef63fa9a6fcb9d8189bd8bc52381e967,539,2026-09-04T07:12:36.519Z,Eerste Divisie,2022-23,2023-04-24,Jong PSV,MVV,0,1,A,0,0,D,Matchday 34,source_reported_FT,Jong PSV,MVV
openfootball/europe,https://raw.githubusercontent.com/openfootball/europe/7faa522aef63fa9a6fcb9d8189bd8bc52381e967/netherlands/2022-23_nl2.txt,7faa522aef63fa9a6fcb9d8189bd8bc52381e967,525,2026-09-04T07:12:36.519Z,Eerste Divisie,2022-23,2023-04-25,NAC Breda,Willem II,1,1,D,0,0,D,Matchday 33,source_reported_FT,NAC Breda,Willem II
openfootball/europe,https://raw.githubusercontent.com/openfootball/europe/7faa522aef63fa9a6fcb9d8189bd8bc52381e967/netherlands/2022-23_nl2.txt,7faa522aef63fa9a6fcb9d8189bd8bc52381e967,547,2026-09-04T07:12:36.519Z,Eerste Divisie,2022-23,2023-04-28,ADO Den Haag,Helmond Sport,2,2,D,0,1,A,Matchday 35,source_reported_FT,ADO Den Haag,Helmond Sport
openfootball/europe,https://raw.githubusercontent.com/openfootball/europe/7faa522aef63fa9a6fcb9d8189bd8bc52381e967/netherlands/2022-23_nl2.txt,7faa522aef63fa9a6fcb9d8189bd8bc52381e967,548,2026-09-04T07:12:36.519Z,Eerste Divisie,2022-23,2023-04-28,FC Den Bosch,Telstar,0,1,A,0,1,A,Matchday 35,source_reported_FT,FC Den Bosch,Telstar
openfootball/europe,https://raw.githubusercontent.com/openfootball/europe/7faa522aef63fa9a6fcb9d8189bd8bc52381e967/netherlands/2022-23_nl2.txt,7faa522aef63fa9a6fcb9d8189bd8bc52381e967,549,2026-09-04T07:12:36.519Z,Eerste Divisie,2022-23,2023-04-28,FC Eindhoven,FC Utrecht J,2,0,H,2,0,H,Matchday 35,source_reported_FT,FC Eindhoven,FC Utrecht J
openfootball/europe,https://raw.githubusercontent.com/openfootball/europe/7faa522aef63fa9a6fcb9d8189bd8bc52381e967/netherlands/2022-23_nl2.txt,7faa522aef63fa9a6fcb9d8189bd8bc52381e967,546,2026-09-04T07:12:36.519Z,Eerste Divisie,2022-23,2023-04-28,Heracles Almelo,Jong PSV,3,0,H,2,0,H,Matchday 35,source_reported_FT,Heracles Almelo,Jong PSV
openfootball/europe,https://raw.githubusercontent.com/openfootball/europe/7faa522aef63fa9a6fcb9d8189bd8bc52381e967/netherlands/2022-23_nl2.txt,7faa522aef63fa9a6fcb9d8189bd8bc52381e967,550,2026-09-04T07:12:36.519Z,Eerste Divisie,2022-23,2023-04-28,MVV,AZ Alkmaar J,1,3,A,0,0,D,Matchday 35,source_reported_FT,MVV,AZ Alkmaar J
openfootball/europe,https://raw.githubusercontent.com/openfootball/europe/7faa522aef63fa9a6fcb9d8189bd8bc52381e967/netherlands/2022-23_nl2.txt,7faa522aef63fa9a6fcb9d8189bd8bc52381e967,551,2026-09-04T07:12:36.519Z,Eerste Divisie,2022-23,2023-04-28,PEC Zwolle,FC Dordrecht,4,0,H,4,0,H,Matchday 35,source_reported_FT,PEC Zwolle,FC Dordrecht
openfootball/europe,https://raw.githubusercontent.com/openfootball/europe/7faa522aef63fa9a6fcb9d8189bd8bc52381e967/netherlands/2022-23_nl2.txt,7faa522aef63fa9a6fcb9d8189bd8bc52381e967,545,2026-09-04T07:12:36.519Z,Eerste Divisie,2022-23,2023-04-28,TOP Oss,Almere City FC,0,5,A,0,2,A,Matchday 35,source_reported_FT,TOP Oss,Almere City FC
openfootball/europe,https://raw.githubusercontent.com/openfootball/europe/7faa522aef63fa9a6fcb9d8189bd8bc52381e967/netherlands/2022-23_nl2.txt,7faa522aef63fa9a6fcb9d8189bd8bc52381e967,552,2026-09-04T07:12:36.519Z,Eerste Divisie,2022-23,2023-04-28,VVV-Venlo,Jong Ajax,0,1,A,0,0,D,Matchday 35,source_reported_FT,VVV-Venlo,Jong Ajax
openfootball/europe,https://raw.githubusercontent.com/openfootball/europe/7faa522aef63fa9a6fcb9d8189bd8bc52381e967/netherlands/2022-23_nl2.txt,7faa522aef63fa9a6fcb9d8189bd8bc52381e967,554,2026-09-04T07:12:36.519Z,Eerste Divisie,2022-23,2023-04-29,NAC Breda,Roda JC Kerkrade,4,2,H,3,1,H,Matchday 35,source_reported_FT,NAC Breda,Roda JC Kerkrade
openfootball/europe,https://raw.githubusercontent.com/openfootball/europe/7faa522aef63fa9a6fcb9d8189bd8bc52381e967/netherlands/2022-23_nl2.txt,7faa522aef63fa9a6fcb9d8189bd8bc52381e967,555,2026-09-04T07:12:36.519Z,Eerste Divisie,2022-23,2023-04-29,Willem II,De Graafschap,3,2,H,1,0,H,Matchday 35,source_reported_FT,Willem II,De Graafschap
openfootball/europe,https://raw.githubusercontent.com/openfootball/europe/7faa522aef63fa9a6fcb9d8189bd8bc52381e967/netherlands/2022-23_nl2.txt,7faa522aef63fa9a6fcb9d8189bd8bc52381e967,564,2026-09-04T07:12:36.519Z,Eerste Divisie,2022-23,2023-05-05,De Graafschap,MVV,2,1,H,1,1,D,Matchday 36,source_reported_FT,De Graafschap,MVV
openfootball/europe,https://raw.githubusercontent.com/openfootball/europe/7faa522aef63fa9a6fcb9d8189bd8bc52381e967/netherlands/2022-23_nl2.txt,7faa522aef63fa9a6fcb9d8189bd8bc52381e967,562,2026-09-04T07:12:36.519Z,Eerste Divisie,2022-23,2023-05-05,FC Dordrecht,Heracles Almelo,1,3,A,1,1,D,Matchday 36,source_reported_FT,FC Dordrecht,Heracles Almelo
openfootball/europe,https://raw.githubusercontent.com/openfootball/europe/7faa522aef63fa9a6fcb9d8189bd8bc52381e967/netherlands/2022-23_nl2.txt,7faa522aef63fa9a6fcb9d8189bd8bc52381e967,563,2026-09-04T07:12:36.519Z,Eerste Divisie,2022-23,2023-05-05,Helmond Sport,VVV-Venlo,1,1,D,0,0,D,Matchday 36,source_reported_FT,Helmond Sport,VVV-Venlo
openfootball/europe,https://raw.githubusercontent.com/openfootball/europe/7faa522aef63fa9a6fcb9d8189bd8bc52381e967/netherlands/2022-23_nl2.txt,7faa522aef63fa9a6fcb9d8189bd8bc52381e967,561,2026-09-04T07:12:36.519Z,Eerste Divisie,2022-23,2023-05-05,Roda JC Kerkrade,FC Eindhoven,1,2,A,0,0,D,Matchday 36,source_reported_FT,Roda JC Kerkrade,FC Eindhoven
openfootball/europe,https://raw.githubusercontent.com/openfootball/europe/7faa522aef63fa9a6fcb9d8189bd8bc52381e967/netherlands/2022-23_nl2.txt,7faa522aef63fa9a6fcb9d8189bd8bc52381e967,560,2026-09-04T07:12:36.519Z,Eerste Divisie,2022-23,2023-05-05,Telstar,Willem II,0,0,D,,,,Matchday 36,source_reported_FT,Telstar,Willem II
openfootball/europe,https://raw.githubusercontent.com/openfootball/europe/7faa522aef63fa9a6fcb9d8189bd8bc52381e967/netherlands/2022-23_nl2.txt,7faa522aef63fa9a6fcb9d8189bd8bc52381e967,566,2026-09-04T07:12:36.519Z,Eerste Divisie,2022-23,2023-05-07,Almere City FC,NAC Breda,0,2,A,0,2,A,Matchday 36,source_reported_FT,Almere City FC,NAC Breda
openfootball/europe,https://raw.githubusercontent.com/openfootball/europe/7faa522aef63fa9a6fcb9d8189bd8bc52381e967/netherlands/2022-23_nl2.txt,7faa522aef63fa9a6fcb9d8189bd8bc52381e967,570,2026-09-04T07:12:36.519Z,Eerste Divisie,2022-23,2023-05-08,AZ Alkmaar J,TOP Oss,1,1,D,0,1,A,Matchday 36,source_reported_FT,AZ Alkmaar J,TOP Oss
openfootball/europe,https://raw.githubusercontent.com/openfootball/europe/7faa522aef63fa9a6fcb9d8189bd8bc52381e967/netherlands/2022-23_nl2.txt,7faa522aef63fa9a6fcb9d8189bd8bc52381e967,571,2026-09-04T07:12:36.519Z,Eerste Divisie,2022-23,2023-05-08,FC Utrecht J,FC Den Bosch,0,0,D,,,,Matchday 36,source_reported_FT,FC Utrecht J,FC Den Bosch
openfootball/europe,https://raw.githubusercontent.com/openfootball/europe/7faa522aef63fa9a6fcb9d8189bd8bc52381e967/netherlands/2022-23_nl2.txt,7faa522aef63fa9a6fcb9d8189bd8bc52381e967,569,2026-09-04T07:12:36.519Z,Eerste Divisie,2022-23,2023-05-08,Jong Ajax,ADO Den Haag,4,2,H,2,0,H,Matchday 36,source_reported_FT,Jong Ajax,ADO Den Haag
openfootball/europe,https://raw.githubusercontent.com/openfootball/europe/7faa522aef63fa9a6fcb9d8189bd8bc52381e967/netherlands/2022-23_nl2.txt,7faa522aef63fa9a6fcb9d8189bd8bc52381e967,568,2026-09-04T07:12:36.519Z,Eerste Divisie,2022-23,2023-05-08,Jong PSV,PEC Zwolle,3,1,H,1,1,D,Matchday 36,source_reported_FT,Jong PSV,PEC Zwolle
openfootball/europe,https://raw.githubusercontent.com/openfootball/europe/7faa522aef63fa9a6fcb9d8189bd8bc52381e967/netherlands/2022-23_nl2.txt,7faa522aef63fa9a6fcb9d8189bd8bc52381e967,581,2026-09-04T07:12:36.519Z,Eerste Divisie,2022-23,2023-05-12,ADO Den Haag,FC Dordrecht,2,2,D,1,1,D,Matchday 37,source_reported_FT,ADO Den Haag,FC Dordrecht
openfootball/europe,https://raw.githubusercontent.com/openfootball/europe/7faa522aef63fa9a6fcb9d8189bd8bc52381e967/netherlands/2022-23_nl2.txt,7faa522aef63fa9a6fcb9d8189bd8bc52381e967,578,2026-09-04T07:12:36.519Z,Eerste Divisie,2022-23,2023-05-12,FC Den Bosch,Almere City FC,2,2,D,1,1,D,Matchday 37,source_reported_FT,FC Den Bosch,Almere City FC
openfootball/europe,https://raw.githubusercontent.com/openfootball/europe/7faa522aef63fa9a6fcb9d8189bd8bc52381e967/netherlands/2022-23_nl2.txt,7faa522aef63fa9a6fcb9d8189bd8bc52381e967,577,2026-09-04T07:12:36.519Z,Eerste Divisie,2022-23,2023-05-12,FC Eindhoven,Helmond Sport,0,1,A,0,0,D,Matchday 37,source_reported_FT,FC Eindhoven,Helmond Sport
openfootball/europe,https://raw.githubusercontent.com/openfootball/europe/7faa522aef63fa9a6fcb9d8189bd8bc52381e967/netherlands/2022-23_nl2.txt,7faa522aef63fa9a6fcb9d8189bd8bc52381e967,582,2026-09-04T07:12:36.519Z,Eerste Divisie,2022-23,2023-05-12,Jong Ajax,AZ Alkmaar J,1,2,A,0,0,D,Matchday 37,source_reported_FT,Jong Ajax,AZ Alkmaar J
openfootball/europe,https://raw.githubusercontent.com/openfootball/europe/7faa522aef63fa9a6fcb9d8189bd8bc52381e967/netherlands/2022-23_nl2.txt,7faa522aef63fa9a6fcb9d8189bd8bc52381e967,583,2026-09-04T07:12:36.519Z,Eerste Divisie,2022-23,2023-05-12,MVV,Telstar,2,1,H,2,0,H,Matchday 37,source_reported_FT,MVV,Telstar
openfootball/europe,https://raw.githubusercontent.com/openfootball/europe/7faa522aef63fa9a6fcb9d8189bd8bc52381e967/netherlands/2022-23_nl2.txt,7faa522aef63fa9a6fcb9d8189bd8bc52381e967,584,2026-09-04T07:12:36.519Z,Eerste Divisie,2022-23,2023-05-12,NAC Breda,Heracles Almelo,0,3,A,0,0,D,Matchday 37,source_reported_FT,NAC Breda,Heracles Almelo
openfootball/europe,https://raw.githubusercontent.com/openfootball/europe/7faa522aef63fa9a6fcb9d8189bd8bc52381e967/netherlands/2022-23_nl2.txt,7faa522aef63fa9a6fcb9d8189bd8bc52381e967,585,2026-09-04T07:12:36.519Z,Eerste Divisie,2022-23,2023-05-12,PEC Zwolle,Roda JC Kerkrade,3,1,H,1,0,H,Matchday 37,source_reported_FT,PEC Zwolle,Roda JC Kerkrade
openfootball/europe,https://raw.githubusercontent.com/openfootball/europe/7faa522aef63fa9a6fcb9d8189bd8bc52381e967/netherlands/2022-23_nl2.txt,7faa522aef63fa9a6fcb9d8189bd8bc52381e967,580,2026-09-04T07:12:36.519Z,Eerste Divisie,2022-23,2023-05-12,TOP Oss,Jong PSV,1,0,H,1,0,H,Matchday 37,source_reported_FT,TOP Oss,Jong PSV
openfootball/europe,https://raw.githubusercontent.com/openfootball/europe/7faa522aef63fa9a6fcb9d8189bd8bc52381e967/netherlands/2022-23_nl2.txt,7faa522aef63fa9a6fcb9d8189bd8bc52381e967,576,2026-09-04T07:12:36.519Z,Eerste Divisie,2022-23,2023-05-12,VVV-Venlo,De Graafschap,2,1,H,0,0,D,Matchday 37,source_reported_FT,VVV-Venlo,De Graafschap
openfootball/europe,https://raw.githubusercontent.com/openfootball/europe/7faa522aef63fa9a6fcb9d8189bd8bc52381e967/netherlands/2022-23_nl2.txt,7faa522aef63fa9a6fcb9d8189bd8bc52381e967,579,2026-09-04T07:12:36.519Z,Eerste Divisie,2022-23,2023-05-12,Willem II,FC Utrecht J,3,0,H,0,0,D,Matchday 37,source_reported_FT,Willem II,FC Utrecht J
openfootball/europe,https://raw.githubusercontent.com/openfootball/europe/7faa522aef63fa9a6fcb9d8189bd8bc52381e967/netherlands/2022-23_nl2.txt,7faa522aef63fa9a6fcb9d8189bd8bc52381e967,592,2026-09-04T07:12:36.519Z,Eerste Divisie,2022-23,2023-05-19,AZ Alkmaar J,ADO Den Haag,0,2,A,0,1,A,Matchday 38,source_reported_FT,AZ Alkmaar J,ADO Den Haag
openfootball/europe,https://raw.githubusercontent.com/openfootball/europe/7faa522aef63fa9a6fcb9d8189bd8bc52381e967/netherlands/2022-23_nl2.txt,7faa522aef63fa9a6fcb9d8189bd8bc52381e967,593,2026-09-04T07:12:36.519Z,Eerste Divisie,2022-23,2023-05-19,Almere City FC,MVV,1,0,H,0,0,D,Matchday 38,source_reported_FT,Almere City FC,MVV
openfootball/europe,https://raw.githubusercontent.com/openfootball/europe/7faa522aef63fa9a6fcb9d8189bd8bc52381e967/netherlands/2022-23_nl2.txt,7faa522aef63fa9a6fcb9d8189bd8bc52381e967,595,2026-09-04T07:12:36.519Z,Eerste Divisie,2022-23,2023-05-19,De Graafschap,FC Den Bosch,3,0,H,2,0,H,Matchday 38,source_reported_FT,De Graafschap,FC Den Bosch
openfootball/europe,https://raw.githubusercontent.com/openfootball/europe/7faa522aef63fa9a6fcb9d8189bd8bc52381e967/netherlands/2022-23_nl2.txt,7faa522aef63fa9a6fcb9d8189bd8bc52381e967,594,2026-09-04T07:12:36.519Z,Eerste Divisie,2022-23,2023-05-19,FC Dordrecht,TOP Oss,2,2,D,1,0,H,Matchday 38,source_reported_FT,FC Dordrecht,TOP Oss
openfootball/europe,https://raw.githubusercontent.com/openfootball/europe/7faa522aef63fa9a6fcb9d8189bd8bc52381e967/netherlands/2022-23_nl2.txt,7faa522aef63fa9a6fcb9d8189bd8bc52381e967,590,2026-09-04T07:12:36.519Z,Eerste Divisie,2022-23,2023-05-19,FC Utrecht J,VVV-Venlo,1,1,D,0,1,A,Matchday 38,source_reported_FT,FC Utrecht J,VVV-Venlo
openfootball/europe,https://raw.githubusercontent.com/openfootball/europe/7faa522aef63fa9a6fcb9d8189bd8bc52381e967/netherlands/2022-23_nl2.txt,7faa522aef63fa9a6fcb9d8189bd8bc52381e967,596,2026-09-04T07:12:36.519Z,Eerste Divisie,2022-23,2023-05-19,Helmond Sport,PEC Zwolle,2,3,A,2,1,H,Matchday 38,source_reported_FT,Helmond Sport,PEC Zwolle
openfootball/europe,https://raw.githubusercontent.com/openfootball/europe/7faa522aef63fa9a6fcb9d8189bd8bc52381e967/netherlands/2022-23_nl2.txt,7faa522aef63fa9a6fcb9d8189bd8bc52381e967,591,2026-09-04T07:12:36.519Z,Eerste Divisie,2022-23,2023-05-19,Heracles Almelo,Jong Ajax,2,0,H,1,0,H,Matchday 38,source_reported_FT,Heracles Almelo,Jong Ajax
openfootball/europe,https://raw.githubusercontent.com/openfootball/europe/7faa522aef63fa9a6fcb9d8189bd8bc52381e967/netherlands/2022-23_nl2.txt,7faa522aef63fa9a6fcb9d8189bd8bc52381e967,597,2026-09-04T07:12:36.519Z,Eerste Divisie,2022-23,2023-05-19,Jong PSV,FC Eindhoven,1,1,D,0,0,D,Matchday 38,source_reported_FT,Jong PSV,FC Eindhoven
openfootball/europe,https://raw.githubusercontent.com/openfootball/europe/7faa522aef63fa9a6fcb9d8189bd8bc52381e967/netherlands/2022-23_nl2.txt,7faa522aef63fa9a6fcb9d8189bd8bc52381e967,598,2026-09-04T07:12:36.519Z,Eerste Divisie,2022-23,2023-05-19,Roda JC Kerkrade,Willem II,2,2,D,1,1,D,Matchday 38,source_reported_FT,Roda JC Kerkrade,Willem II
openfootball/europe,https://raw.githubusercontent.com/openfootball/europe/7faa522aef63fa9a6fcb9d8189bd8bc52381e967/netherlands/2022-23_nl2.txt,7faa522aef63fa9a6fcb9d8189bd8bc52381e967,599,2026-09-04T07:12:36.519Z,Eerste Divisie,2022-23,2023-05-19,Telstar,NAC Breda,2,1,H,0,1,A,Matchday 38,source_reported_FT,Telstar,NAC Breda
openfootball/europe,https://raw.githubusercontent.com/openfootball/europe/7faa522aef63fa9a6fcb9d8189bd8bc52381e967/netherlands/2023-24_nl2.txt,7faa522aef63fa9a6fcb9d8189bd8bc52381e967,14,2026-09-04T07:12:35.730Z,Eerste Divisie,2023-24,2023-08-11,De Graafschap,ADO Den Haag,0,0,D,,,,Matchday 1,source_reported_FT,De Graafschap,ADO Den Haag
openfootball/europe,https://raw.githubusercontent.com/openfootball/europe/7faa522aef63fa9a6fcb9d8189bd8bc52381e967/netherlands/2023-24_nl2.txt,7faa522aef63fa9a6fcb9d8189bd8bc52381e967,11,2026-09-04T07:12:35.730Z,Eerste Divisie,2023-24,2023-08-11,FC Den Bosch,TOP Oss,1,0,H,0,0,D,Matchday 1,source_reported_FT,FC Den Bosch,TOP Oss
openfootball/europe,https://raw.githubusercontent.com/openfootball/europe/7faa522aef63fa9a6fcb9d8189bd8bc52381e967/netherlands/2023-24_nl2.txt,7faa522aef63fa9a6fcb9d8189bd8bc52381e967,12,2026-09-04T07:12:35.730Z,Eerste Divisie,2023-24,2023-08-11,FC Dordrecht,NAC Breda,2,2,D,1,0,H,Matchday 1,source_reported_FT,FC Dordrecht,NAC Breda
openfootball/europe,https://raw.githubusercontent.com/openfootball/europe/7faa522aef63fa9a6fcb9d8189bd8bc52381e967/netherlands/2023-24_nl2.txt,7faa522aef63fa9a6fcb9d8189bd8bc52381e967,16,2026-09-04T07:12:35.730Z,Eerste Divisie,2023-24,2023-08-11,FC Groningen,Jong Ajax,4,1,H,1,0,H,Matchday 1,source_reported_FT,FC Groningen,Jong Ajax
openfootball/europe,https://raw.githubusercontent.com/openfootball/europe/7faa522aef63fa9a6fcb9d8189bd8bc52381e967/netherlands/2023-24_nl2.txt,7faa522aef63fa9a6fcb9d8189bd8bc52381e967,15,2026-09-04T07:12:35.730Z,Eerste Divisie,2023-24,2023-08-11,Roda JC Kerkrade,Helmond Sport,4,1,H,2,0,H,Matchday 1,source_reported_FT,Roda JC Kerkrade,Helmond Sport
openfootball/europe,https://raw.githubusercontent.com/openfootball/europe/7faa522aef63fa9a6fcb9d8189bd8bc52381e967/netherlands/2023-24_nl2.txt,7faa522aef63fa9a6fcb9d8189bd8bc52381e967,13,2026-09-04T07:12:35.730Z,Eerste Divisie,2023-24,2023-08-11,SC Cambuur,FC Emmen,2,2,D,0,2,A,Matchday 1,source_reported_FT,SC Cambuur,FC Emmen
openfootball/europe,https://raw.githubusercontent.com/openfootball/europe/7faa522aef63fa9a6fcb9d8189bd8bc52381e967/netherlands/2023-24_nl2.txt,7faa522aef63fa9a6fcb9d8189bd8bc52381e967,18,2026-09-04T07:12:35.730Z,Eerste Divisie,2023-24,2023-08-13,FC Eindhoven,Willem II,1,1,D,0,1,A,Matchday 1,source_reported_FT,FC Eindhoven,Willem II
openfootball/europe,https://raw.githubusercontent.com/openfootball/europe/7faa522aef63fa9a6fcb9d8189bd8bc52381e967/netherlands/2023-24_nl2.txt,7faa522aef63fa9a6fcb9d8189bd8bc52381e967,19,2026-09-04T07:12:35.730Z,Eerste Divisie,2023-24,2023-08-13,VVV-Venlo,MVV,1,3,A,0,0,D,Matchday 1,source_reported_FT,VVV-Venlo,MVV
openfootball/europe,https://raw.githubusercontent.com/openfootball/europe/7faa522aef63fa9a6fcb9d8189bd8bc52381e967/netherlands/2023-24_nl2.txt,7faa522aef63fa9a6fcb9d8189bd8bc52381e967,21,2026-09-04T07:12:35.730Z,Eerste Divisie,2023-24,2023-08-14,AZ Alkmaar J,FC Utrecht J,1,0,H,1,0,H,Matchday 1,source_reported_FT,AZ Alkmaar J,FC Utrecht J
openfootball/europe,https://raw.githubusercontent.com/openfootball/europe/7faa522aef63fa9a6fcb9d8189bd8bc52381e967/netherlands/2023-24_nl2.txt,7faa522aef63fa9a6fcb9d8189bd8bc52381e967,22,2026-09-04T07:12:35.730Z,Eerste Divisie,2023-24,2023-08-14,Jong PSV,Telstar,1,0,H,0,0,D,Matchday 1,source_reported_FT,Jong PSV,Telstar
openfootball/europe,https://raw.githubusercontent.com/openfootball/europe/7faa522aef63fa9a6fcb9d8189bd8bc52381e967/netherlands/2023-24_nl2.txt,7faa522aef63fa9a6fcb9d8189bd8bc52381e967,27,2026-09-04T07:12:35.730Z,Eerste Divisie,2023-24,2023-08-18,ADO Den Haag,Roda JC Kerkrade,0,3,A,0,3,A,Matchday 2,source_reported_FT,ADO Den Haag,Roda JC Kerkrade
openfootball/europe,https://raw.githubusercontent.com/openfootball/europe/7faa522aef63fa9a6fcb9d8189bd8bc52381e967/netherlands/2023-24_nl2.txt,7faa522aef63fa9a6fcb9d8189bd8bc52381e967,28,2026-09-04T07:12:35.730Z,Eerste Divisie,2023-24,2023-08-18,FC Emmen,VVV-Venlo,2,2,D,1,2,A,Matchday 2,source_reported_FT,FC Emmen,VVV-Venlo
openfootball/europe,https://raw.githubusercontent.com/openfootball/europe/7faa522aef63fa9a6fcb9d8189bd8bc52381e967/netherlands/2023-24_nl2.txt,7faa522aef63fa9a6fcb9d8189bd8bc52381e967,30,2026-09-04T07:12:35.730Z,Eerste Divisie,2023-24,2023-08-18,Helmond Sport,FC Den Bosch,1,0,H,1,0,H,Matchday 2,source_reported_FT,Helmond Sport,FC Den Bosch
openfootball/europe,https://raw.githubusercontent.com/openfootball/europe/7faa522aef63fa9a6fcb9d8189bd8bc52381e967/netherlands/2023-24_nl2.txt,7faa522aef63fa9a6fcb9d8189bd8bc52381e967,32,2026-09-04T07:12:35.730Z,Eerste Divisie,2023-24,2023-08-18,NAC Breda,AZ Alkmaar J,2,1,H,2,0,H,Matchday 2,source_reported_FT,NAC Breda,AZ Alkmaar J
openfootball/europe,https://raw.githubusercontent.com/openfootball/europe/7faa522aef63fa9a6fcb9d8189bd8bc52381e967/netherlands/2023-24_nl2.txt,7faa522aef63fa9a6fcb9d8189bd8bc52381e967,29,2026-09-04T07:12:35.730Z,Eerste Divisie,2023-24,2023-08-18,TOP Oss,Jong PSV,4,1,H,3,0,H,Matchday 2,source_reported_FT,TOP Oss,Jong PSV
openfootball/europe,https://raw.githubusercontent.com/openfootball/europe/7faa522aef63fa9a6fcb9d8189bd8bc52381e967/netherlands/2023-24_nl2.txt,7faa522aef63fa9a6fcb9d8189bd8bc52381e967,33,2026-09-04T07:12:35.730Z,Eerste Divisie,2023-24,2023-08-18,Telstar,SC Cambuur,2,3,A,0,2,A,Matchday 2,source_reported_FT,Telstar,SC Cambuur
openfootball/europe,https://raw.githubusercontent.com/openfootball/europe/7faa522aef63fa9a6fcb9d8189bd8bc52381e967/netherlands/2023-24_nl2.txt,7faa522aef63fa9a6fcb9d8189bd8bc52381e967,31,2026-09-04T07:12:35.730Z,Eerste Divisie,2023-24,2023-08-18,Willem II,FC Dordrecht,2,0,H,1,0,H,Matchday 2,source_reported_FT,Willem II,FC Dordrecht
openfootball/europe,https://raw.githubusercontent.com/openfootball/europe/7faa522aef63fa9a6fcb9d8189bd8bc52381e967/netherlands/2023-24_nl2.txt,7faa522aef63fa9a6fcb9d8189bd8bc52381e967,36,2026-09-04T07:12:35.730Z,Eerste Divisie,2023-24,2023-08-21,FC Utrecht J,FC Groningen,1,0,H,1,0,H,Matchday 2,source_reported_FT,FC Utrecht J,FC Groningen
openfootball/europe,https://raw.githubusercontent.com/openfootball/europe/7faa522aef63fa9a6fcb9d8189bd8bc52381e967/netherlands/2023-24_nl2.txt,7faa522aef63fa9a6fcb9d8189bd8bc52381e967,35,2026-09-04T07:12:35.730Z,Eerste Divisie,2023-24,2023-08-21,Jong Ajax,De Graafschap,1,2,A,0,1,A,Matchday 2,source_reported_FT,Jong Ajax,De Graafschap
openfootball/europe,https://raw.githubusercontent.com/openfootball/europe/7faa522aef63fa9a6fcb9d8189bd8bc52381e967/netherlands/2023-24_nl2.txt,7faa522aef63fa9a6fcb9d8189bd8bc52381e967,46,2026-09-04T07:12:35.730Z,Eerste Divisie,2023-24,2023-08-25,De Graafschap,FC Emmen,0,1,A,0,0,D,Matchday 3,source_reported_FT,De Graafschap,FC Emmen
openfootball/europe,https://raw.githubusercontent.com/openfootball/europe/7faa522aef63fa9a6fcb9d8189bd8bc52381e967/netherlands/2023-24_nl2.txt,7faa522aef63fa9a6fcb9d8189bd8bc52381e967,45,2026-09-04T07:12:35.730Z,Eerste Divisie,2023-24,2023-08-25,FC Den Bosch,ADO Den Haag,1,2,A,0,0,D,Matchday 3,source_reported_FT,FC Den Bosch,ADO Den Haag
openfootball/europe,https://raw.githubusercontent.com/openfootball/europe/7faa522aef63fa9a6fcb9d8189bd8bc52381e967/netherlands/2023-24_nl2.txt,7faa522aef63fa9a6fcb9d8189bd8bc52381e967,43,2026-09-04T07:12:35.730Z,Eerste Divisie,2023-24,2023-08-25,FC Dordrecht,MVV,2,2,D,0,1,A,Matchday 3,source_reported_FT,FC Dordrecht,MVV
openfootball/europe,https://raw.githubusercontent.com/openfootball/europe/7faa522aef63fa9a6fcb9d8189bd8bc52381e967/netherlands/2023-24_nl2.txt,7faa522aef63fa9a6fcb9d8189bd8bc52381e967,44,2026-09-04T07:12:35.730Z,Eerste Divisie,2023-24,2023-08-25,FC Eindhoven,NAC Breda,2,0,H,1,0,H,Matchday 3,source_reported_FT,FC Eindhoven,NAC Breda
openfootball/europe,https://raw.githubusercontent.com/openfootball/europe/7faa522aef63fa9a6fcb9d8189bd8bc52381e967/netherlands/2023-24_nl2.txt,7faa522aef63fa9a6fcb9d8189bd8bc52381e967,49,2026-09-04T07:12:35.730Z,Eerste Divisie,2023-24,2023-08-25,Roda JC Kerkrade,TOP Oss,2,0,H,1,0,H,Matchday 3,source_reported_FT,Roda JC Kerkrade,TOP Oss
openfootball/europe,https://raw.githubusercontent.com/openfootball/europe/7faa522aef63fa9a6fcb9d8189bd8bc52381e967/netherlands/2023-24_nl2.txt,7faa522aef63fa9a6fcb9d8189bd8bc52381e967,47,2026-09-04T07:12:35.730Z,Eerste Divisie,2023-24,2023-08-25,SC Cambuur,Jong Ajax,4,2,H,3,2,H,Matchday 3,source_reported_FT,SC Cambuur,Jong Ajax
openfootball/europe,https://raw.githubusercontent.com/openfootball/europe/7faa522aef63fa9a6fcb9d8189bd8bc52381e967/netherlands/2023-24_nl2.txt,7faa522aef63fa9a6fcb9d8189bd8bc52381e967,48,2026-09-04T07:12:35.730Z,Eerste Divisie,2023-24,2023-08-25,VVV-Venlo,FC Utrecht J,4,1,H,2,1,H,Matchday 3,source_reported_FT,VVV-Venlo,FC Utrecht J
openfootball/europe,https://raw.githubusercontent.com/openfootball/europe/7faa522aef63fa9a6fcb9d8189bd8bc52381e967/netherlands/2023-24_nl2.txt,7faa522aef63fa9a6fcb9d8189bd8bc52381e967,51,2026-09-04T07:12:35.730Z,Eerste Divisie,2023-24,2023-08-27,FC Groningen,Willem II,0,0,D,,,,Matchday 3,source_reported_FT,FC Groningen,Willem II
openfootball/europe,https://raw.githubusercontent.com/openfootball/europe/7faa522aef63fa9a6fcb9d8189bd8bc52381e967/netherlands/2023-24_nl2.txt,7faa522aef63fa9a6fcb9d8189bd8bc52381e967,53,2026-09-04T07:12:35.730Z,Eerste Divisie,2023-24,2023-08-28,AZ Alkmaar J,Telstar,3,1,H,1,0,H,Matchday 3,source_reported_FT,AZ Alkmaar J,Telstar
openfootball/europe,https://raw.githubusercontent.com/openfootball/europe/7faa522aef63fa9a6fcb9d8189bd8bc52381e967/netherlands/2023-24_nl2.txt,7faa522aef63fa9a6fcb9d8189bd8bc52381e967,54,2026-09-04T07:12:35.730Z,Eerste Divisie,2023-24,2023-08-28,Jong PSV,Helmond Sport,2,1,H,1,0,H,Matchday 3,source_reported_FT,Jong PSV,Helmond Sport
openfootball/europe,https://raw.githubusercontent.com/openfootball/europe/7faa522aef63fa9a6fcb9d8189bd8bc52381e967/netherlands/2023-24_nl2.txt,7faa522aef63fa9a6fcb9d8189bd8bc52381e967,59,2026-09-04T07:12:35.730Z,Eerste Divisie,2023-24,2023-09-01,FC Den Bosch,Jong PSV,1,2,A,1,2,A,Matchday 4,source_reported_FT,FC Den Bosch,Jong PSV
openfootball/europe,https://raw.githubusercontent.com/openfootball/europe/7faa522aef63fa9a6fcb9d8189bd8bc52381e967/netherlands/2023-24_nl2.txt,7faa522aef63fa9a6fcb9d8189bd8bc52381e967,60,2026-09-04T07:12:35.730Z,Eerste Divisie,2023-24,2023-09-01,FC Emmen,FC Dordrecht,2,4,A,1,3,A,Matchday 4,source_reported_FT,FC Emmen,FC Dordrecht
openfootball/europe,https://raw.githubusercontent.com/openfootball/europe/7faa522aef63fa9a6fcb9d8189bd8bc52381e967/netherlands/2023-24_nl2.txt,7faa522aef63fa9a6fcb9d8189bd8bc52381e967,64,2026-09-04T07:12:35.730Z,Eerste Divisie,2023-24,2023-09-01,FC Utrecht J,Roda JC Kerkrade,1,0,H,0,0,D,Matchday 4,source_reported_FT,FC Utrecht J,Roda JC Kerkrade
openfootball/europe,https://raw.githubusercontent.com/openfootball/europe/7faa522aef63fa9a6fcb9d8189bd8bc52381e967/netherlands/2023-24_nl2.txt,7faa522aef63fa9a6fcb9d8189bd8bc52381e967,65,2026-09-04T07:12:35.730Z,Eerste Divisie,2023-24,2023-09-01,Helmond Sport,SC Cambuur,2,1,H,0,0,D,Matchday 4,source_reported_FT,Helmond Sport,SC Cambuur
openfootball/europe,https://raw.githubusercontent.com/openfootball/europe/7faa522aef63fa9a6fcb9d8189bd8bc52381e967/netherlands/2023-24_nl2.txt,7faa522aef63fa9a6fcb9d8189bd8bc52381e967,63,2026-09-04T07:12:35.730Z,Eerste Divisie,2023-24,2023-09-01,MVV,Jong Ajax,2,1,H,2,0,H,Matchday 4,source_reported_FT,MVV,Jong Ajax
openfootball/europe,https://raw.githubusercontent.com/openfootball/europe/7faa522aef63fa9a6fcb9d8189bd8bc52381e967/netherlands/2023-24_nl2.txt,7faa522aef63fa9a6fcb9d8189bd8bc52381e967,62,2026-09-04T07:12:35.730Z,Eerste Divisie,2023-24,2023-09-01,TOP Oss,FC Groningen,0,2,A,0,1,A,Matchday 4,source_reported_FT,TOP Oss,FC Groningen
openfootball/europe,https://raw.githubusercontent.com/openfootball/europe/7faa522aef63fa9a6fcb9d8189bd8bc52381e967/netherlands/2023-24_nl2.txt,7faa522aef63fa9a6fcb9d8189bd8bc52381e967,61,2026-09-04T07:12:35.730Z,Eerste Divisie,2023-24,2023-09-01,Telstar,FC Eindhoven,0,1,A,0,0,D,Matchday 4,source_reported_FT,Telstar,FC Eindhoven
openfootball/europe,https://raw.githubusercontent.com/openfootball/europe/7faa522aef63fa9a6fcb9d8189bd8bc52381e967/netherlands/2023-24_nl2.txt,7faa522aef63fa9a6fcb9d8189bd8bc52381e967,66,2026-09-04T07:12:35.730Z,Eerste Divisie,2023-24,2023-09-01,VVV-Venlo,De Graafschap,2,0,H,1,0,H,Matchday 4,source_reported_FT,VVV-Venlo,De Graafschap
openfootball/europe,https://raw.githubusercontent.com/openfootball/europe/7faa522aef63fa9a6fcb9d8189bd8bc52381e967/netherlands/2023-24_nl2.txt,7faa522aef63fa9a6fcb9d8189bd8bc52381e967,68,2026-09-04T07:12:35.730Z,Eerste Divisie,2023-24,2023-09-03,ADO Den Haag,AZ Alkmaar J,4,1,H,2,1,H,Matchday 4,source_reported_FT,ADO Den Haag,AZ Alkmaar J
openfootball/europe,https://raw.githubusercontent.com/openfootball/europe/7faa522aef63fa9a6fcb9d8189bd8bc52381e967/netherlands/2023-24_nl2.txt,7faa522aef63fa9a6fcb9d8189bd8bc52381e967,70,2026-09-04T07:12:35.730Z,Eerste Divisie,2023-24,2023-09-05,Willem II,NAC Breda,1,4,A,0,2,A,Matchday 4,source_reported_FT,Willem II,NAC Breda
openfootball/europe,https://raw.githubusercontent.com/openfootball/europe/7faa522aef63fa9a6fcb9d8189bd8bc52381e967/netherlands/2023-24_nl2.txt,7faa522aef63fa9a6fcb9d8189bd8bc52381e967,75,2026-09-04T07:12:35.730Z,Eerste Divisie,2023-24,2023-09-08,Willem II,MVV,2,1,H,1,1,D,Matchday 5,source_reported_FT,Willem II,MVV
openfootball/europe,https://raw.githubusercontent.com/openfootball/europe/7faa522aef63fa9a6fcb9d8189bd8bc52381e967/netherlands/2023-24_nl2.txt,7faa522aef63fa9a6fcb9d8189bd8bc52381e967,79,2026-09-04T07:12:35.730Z,Eerste Divisie,2023-24,2023-09-09,NAC Breda,Roda JC Kerkrade,1,3,A,1,2,A,Matchday 5,source_reported_FT,NAC Breda,Roda JC Kerkrade
openfootball/europe,https://raw.githubusercontent.com/openfootball/europe/7faa522aef63fa9a6fcb9d8189bd8bc52381e967/netherlands/2023-24_nl2.txt,7faa522aef63fa9a6fcb9d8189bd8bc52381e967,78,2026-09-04T07:12:35.730Z,Eerste Divisie,2023-24,2023-09-09,SC Cambuur,FC Den Bosch,3,1,H,2,1,H,Matchday 5,source_reported_FT,SC Cambuur,FC Den Bosch
openfootball/europe,https://raw.githubusercontent.com/openfootball/europe/7faa522aef63fa9a6fcb9d8189bd8bc52381e967/netherlands/2023-24_nl2.txt,7faa522aef63fa9a6fcb9d8189bd8bc52381e967,77,2026-09-04T07:12:35.730Z,Eerste Divisie,2023-24,2023-09-09,Telstar,VVV-Venlo,1,2,A,1,0,H,Matchday 5,source_reported_FT,Telstar,VVV-Venlo
openfootball/europe,https://raw.githubusercontent.com/openfootball/europe/7faa522aef63fa9a6fcb9d8189bd8bc52381e967/netherlands/2023-24_nl2.txt,7faa522aef63fa9a6fcb9d8189bd8bc52381e967,94,2026-09-04T07:12:35.730Z,Eerste Divisie,2023-24,2023-09-15,AZ Alkmaar J,FC Eindhoven,0,0,D,,,,Matchday 6,source_reported_FT,AZ Alkmaar J,FC Eindhoven
openfootball/europe,https://raw.githubusercontent.com/openfootball/europe/7faa522aef63fa9a6fcb9d8189bd8bc52381e967/netherlands/2023-24_nl2.txt,7faa522aef63fa9a6fcb9d8189bd8bc52381e967,97,2026-09-04T07:12:35.730Z,Eerste Divisie,2023-24,2023-09-15,FC Den Bosch,MVV,3,2,H,0,0,D,Matchday 6,source_reported_FT,FC Den Bosch,MVV
openfootball/europe,https://raw.githubusercontent.com/openfootball/europe/7faa522aef63fa9a6fcb9d8189bd8bc52381e967/netherlands/2023-24_nl2.txt,7faa522aef63fa9a6fcb9d8189bd8bc52381e967,91,2026-09-04T07:12:35.730Z,Eerste Divisie,2023-24,2023-09-15,FC Dordrecht,FC Utrecht J,3,3,D,0,2,A,Matchday 6,source_reported_FT,FC Dordrecht,FC Utrecht J
openfootball/europe,https://raw.githubusercontent.com/openfootball/europe/7faa522aef63fa9a6fcb9d8189bd8bc52381e967/netherlands/2023-24_nl2.txt,7faa522aef63fa9a6fcb9d8189bd8bc52381e967,95,2026-09-04T07:12:35.730Z,Eerste Divisie,2023-24,2023-09-15,FC Groningen,ADO Den Haag,0,1,A,0,1,A,Matchday 6,source_reported_FT,FC Groningen,ADO Den Haag
openfootball/europe,https://raw.githubusercontent.com/openfootball/europe/7faa522aef63fa9a6fcb9d8189bd8bc52381e967/netherlands/2023-24_nl2.txt,7faa522aef63fa9a6fcb9d8189bd8bc52381e967,92,2026-09-04T07:12:35.730Z,Eerste Divisie,2023-24,2023-09-15,Helmond Sport,TOP Oss,1,1,D,0,0,D,Matchday 6,source_reported_FT,Helmond Sport,TOP Oss
openfootball/europe,https://raw.githubusercontent.com/openfootball/europe/7faa522aef63fa9a6fcb9d8189bd8bc52381e967/netherlands/2023-24_nl2.txt,7faa522aef63fa9a6fcb9d8189bd8bc52381e967,93,2026-09-04T07:12:35.730Z,Eerste Divisie,2023-24,2023-09-15,Jong Ajax,FC Emmen,3,3,D,2,0,H,Matchday 6,source_reported_FT,Jong Ajax,FC Emmen
openfootball/europe,https://raw.githubusercontent.com/openfootball/europe/7faa522aef63fa9a6fcb9d8189bd8bc52381e967/netherlands/2023-24_nl2.txt,7faa522aef63fa9a6fcb9d8189bd8bc52381e967,96,2026-09-04T07:12:35.730Z,Eerste Divisie,2023-24,2023-09-15,Jong PSV,De Graafschap,1,3,A,1,1,D,Matchday 6,source_reported_FT,Jong PSV,De Graafschap
openfootball/europe,https://raw.githubusercontent.com/openfootball/europe/7faa522aef63fa9a6fcb9d8189bd8bc52381e967/netherlands/2023-24_nl2.txt,7faa522aef63fa9a6fcb9d8189bd8bc52381e967,98,2026-09-04T07:12:35.730Z,Eerste Divisie,2023-24,2023-09-15,Roda JC Kerkrade,Telstar,3,0,H,1,0,H,Matchday 6,source_reported_FT,Roda JC Kerkrade,Telstar
openfootball/europe,https://raw.githubusercontent.com/openfootball/europe/7faa522aef63fa9a6fcb9d8189bd8bc52381e967/netherlands/2023-24_nl2.txt,7faa522aef63fa9a6fcb9d8189bd8bc52381e967,99,2026-09-04T07:12:35.730Z,Eerste Divisie,2023-24,2023-09-15,VVV-Venlo,NAC Breda,3,1,H,3,0,H,Matchday 6,source_reported_FT,VVV-Venlo,NAC Breda
openfootball/europe,https://raw.githubusercontent.com/openfootball/europe/7faa522aef63fa9a6fcb9d8189bd8bc52381e967/netherlands/2023-24_nl2.txt,7faa522aef63fa9a6fcb9d8189bd8bc52381e967,101,2026-09-04T07:12:35.730Z,Eerste Divisie,2023-24,2023-09-17,SC Cambuur,Willem II,1,0,H,0,0,D,Matchday 6,source_reported_FT,SC Cambuur,Willem II
openfootball/europe,https://raw.githubusercontent.com/openfootball/europe/7faa522aef63fa9a6fcb9d8189bd8bc52381e967/netherlands/2023-24_nl2.txt,7faa522aef63fa9a6fcb9d8189bd8bc52381e967,86,2026-09-04T07:12:35.730Z,Eerste Divisie,2023-24,2023-09-18,AZ Alkmaar J,Jong Ajax,5,2,H,2,2,D,Matchday 5,source_reported_FT,AZ Alkmaar J,Jong Ajax
openfootball/europe,https://raw.githubusercontent.com/openfootball/europe/7faa522aef63fa9a6fcb9d8189bd8bc52381e967/netherlands/2023-24_nl2.txt,7faa522aef63fa9a6fcb9d8189bd8bc52381e967,81,2026-09-04T07:12:35.730Z,Eerste Divisie,2023-24,2023-09-18,De Graafschap,Helmond Sport,2,1,H,1,0,H,Matchday 5,source_reported_FT,De Graafschap,Helmond Sport
openfootball/europe,https://raw.githubusercontent.com/openfootball/europe/7faa522aef63fa9a6fcb9d8189bd8bc52381e967/netherlands/2023-24_nl2.txt,7faa522aef63fa9a6fcb9d8189bd8bc52381e967,84,2026-09-04T07:12:35.730Z,Eerste Divisie,2023-24,2023-09-18,FC Eindhoven,ADO Den Haag,1,1,D,1,1,D,Matchday 5,source_reported_FT,FC Eindhoven,ADO Den Haag
openfootball/europe,https://raw.githubusercontent.com/openfootball/europe/7faa522aef63fa9a6fcb9d8189bd8bc52381e967/netherlands/2023-24_nl2.txt,7faa522aef63fa9a6fcb9d8189bd8bc52381e967,82,2026-09-04T07:12:35.730Z,Eerste Divisie,2023-24,2023-09-18,FC Emmen,FC Utrecht J,2,0,H,1,0,H,Matchday 5,source_reported_FT,FC Emmen,FC Utrecht J
openfootball/europe,https://raw.githubusercontent.com/openfootball/europe/7faa522aef63fa9a6fcb9d8189bd8bc52381e967/netherlands/2023-24_nl2.txt,7faa522aef63fa9a6fcb9d8189bd8bc52381e967,83,2026-09-04T07:12:35.730Z,Eerste Divisie,2023-24,2023-09-18,FC Groningen,Jong PSV,4,0,H,4,0,H,Matchday 5,source_reported_FT,FC Groningen,Jong PSV
openfootball/europe,https://raw.githubusercontent.com/openfootball/europe/7faa522aef63fa9a6fcb9d8189bd8bc52381e967/netherlands/2023-24_nl2.txt,7faa522aef63fa9a6fcb9d8189bd8bc52381e967,85,2026-09-04T07:12:35.730Z,Eerste Divisie,2023-24,2023-09-18,TOP Oss,FC Dordrecht,0,1,A,0,1,A,Matchday 5,source_reported_FT,TOP Oss,FC Dordrecht
openfootball/europe,https://raw.githubusercontent.com/openfootball/europe/7faa522aef63fa9a6fcb9d8189bd8bc52381e967/netherlands/2023-24_nl2.txt,7faa522aef63fa9a6fcb9d8189bd8bc52381e967,106,2026-09-04T07:12:35.730Z,Eerste Divisie,2023-24,2023-09-22,ADO Den Haag,Telstar,1,1,D,1,0,H,Matchday 7,source_reported_FT,ADO Den Haag,Telstar
openfootball/europe,https://raw.githubusercontent.com/openfootball/europe/7faa522aef63fa9a6fcb9d8189bd8bc52381e967/netherlands/2023-24_nl2.txt,7faa522aef63fa9a6fcb9d8189bd8bc52381e967,110,2026-09-04T07:12:35.730Z,Eerste Divisie,2023-24,2023-09-22,FC Dordrecht,AZ Alkmaar J,0,0,D,,,,Matchday 7,source_reported_FT,FC Dordrecht,AZ Alkmaar J
openfootball/europe,https://raw.githubusercontent.com/openfootball/europe/7faa522aef63fa9a6fcb9d8189bd8bc52381e967/netherlands/2023-24_nl2.txt,7faa522aef63fa9a6fcb9d8189bd8bc52381e967,111,2026-09-04T07:12:35.730Z,Eerste Divisie,2023-24,2023-09-22,FC Utrecht J,SC Cambuur,3,2,H,2,1,H,Matchday 7,source_reported_FT,FC Utrecht J,SC Cambuur
openfootball/europe,https://raw.githubusercontent.com/openfootball/europe/7faa522aef63fa9a6fcb9d8189bd8bc52381e967/netherlands/2023-24_nl2.txt,7faa522aef63fa9a6fcb9d8189bd8bc52381e967,112,2026-09-04T07:12:35.730Z,Eerste Divisie,2023-24,2023-09-22,Helmond Sport,FC Groningen,1,2,A,0,0,D,Matchday 7,source_reported_FT,Helmond Sport,FC Groningen
openfootball/europe,https://raw.githubusercontent.com/openfootball/europe/7faa522aef63fa9a6fcb9d8189bd8bc52381e967/netherlands/2023-24_nl2.txt,7faa522aef63fa9a6fcb9d8189bd8bc52381e967,107,2026-09-04T07:12:35.730Z,Eerste Divisie,2023-24,2023-09-22,Jong PSV,VVV-Venlo,0,0,D,,,,Matchday 7,source_reported_FT,Jong PSV,VVV-Venlo
openfootball/europe,https://raw.githubusercontent.com/openfootball/europe/7faa522aef63fa9a6fcb9d8189bd8bc52381e967/netherlands/2023-24_nl2.txt,7faa522aef63fa9a6fcb9d8189bd8bc52381e967,109,2026-09-04T07:12:35.730Z,Eerste Divisie,2023-24,2023-09-22,NAC Breda,FC Emmen,1,3,A,1,1,D,Matchday 7,source_reported_FT,NAC Breda,FC Emmen
openfootball/europe,https://raw.githubusercontent.com/openfootball/europe/7faa522aef63fa9a6fcb9d8189bd8bc52381e967/netherlands/2023-24_nl2.txt,7faa522aef63fa9a6fcb9d8189bd8bc52381e967,108,2026-09-04T07:12:35.730Z,Eerste Divisie,2023-24,2023-09-22,Roda JC Kerkrade,FC Den Bosch,4,1,H,1,0,H,Matchday 7,source_reported_FT,Roda JC Kerkrade,FC Den Bosch
openfootball/europe,https://raw.githubusercontent.com/openfootball/europe/7faa522aef63fa9a6fcb9d8189bd8bc52381e967/netherlands/2023-24_nl2.txt,7faa522aef63fa9a6fcb9d8189bd8bc52381e967,114,2026-09-04T07:12:35.730Z,Eerste Divisie,2023-24,2023-09-24,MVV,De Graafschap,1,2,A,1,1,D,Matchday 7,source_reported_FT,MVV,De Graafschap
openfootball/europe,https://raw.githubusercontent.com/openfootball/europe/7faa522aef63fa9a6fcb9d8189bd8bc52381e967/netherlands/2023-24_nl2.txt,7faa522aef63fa9a6fcb9d8189bd8bc52381e967,116,2026-09-04T07:12:35.730Z,Eerste Divisie,2023-24,2023-09-25,Jong Ajax,FC Eindhoven,1,1,D,1,0,H,Matchday 7,source_reported_FT,Jong Ajax,FC Eindhoven
openfootball/europe,https://raw.githubusercontent.com/openfootball/europe/7faa522aef63fa9a6fcb9d8189bd8bc52381e967/netherlands/2023-24_nl2.txt,7faa522aef63fa9a6fcb9d8189bd8bc52381e967,130,2026-09-04T07:12:35.730Z,Eerste Divisie,2023-24,2023-09-29,AZ Alkmaar J,Willem II,0,2,A,0,1,A,Matchday 8,source_reported_FT,AZ Alkmaar J,Willem II
openfootball/europe,https://raw.githubusercontent.com/openfootball/europe/7faa522aef63fa9a6fcb9d8189bd8bc52381e967/netherlands/2023-24_nl2.txt,7faa522aef63fa9a6fcb9d8189bd8bc52381e967,123,2026-09-04T07:12:35.730Z,Eerste Divisie,2023-24,2023-09-29,De Graafschap,Roda JC Kerkrade,0,0,D,,,,Matchday 8,source_reported_FT,De Graafschap,Roda JC Kerkrade
openfootball/europe,https://raw.githubusercontent.com/openfootball/europe/7faa522aef63fa9a6fcb9d8189bd8bc52381e967/netherlands/2023-24_nl2.txt,7faa522aef63fa9a6fcb9d8189bd8bc52381e967,127,2026-09-04T07:12:35.730Z,Eerste Divisie,2023-24,2023-09-29,FC Eindhoven,FC Dordrecht,1,1,D,0,1,A,Matchday 8,source_reported_FT,FC Eindhoven,FC Dordrecht
openfootball/europe,https://raw.githubusercontent.com/openfootball/europe/7faa522aef63fa9a6fcb9d8189bd8bc52381e967/netherlands/2023-24_nl2.txt,7faa522aef63fa9a6fcb9d8189bd8bc52381e967,126,2026-09-04T07:12:35.730Z,Eerste Divisie,2023-24,2023-09-29,FC Groningen,FC Den Bosch,0,3,A,0,0,D,Matchday 8,source_reported_FT,FC Groningen,FC Den Bosch
openfootball/europe,https://raw.githubusercontent.com/openfootball/europe/7faa522aef63fa9a6fcb9d8189bd8bc52381e967/netherlands/2023-24_nl2.txt,7faa522aef63fa9a6fcb9d8189bd8bc52381e967,125,2026-09-04T07:12:35.730Z,Eerste Divisie,2023-24,2023-09-29,MVV,ADO Den Haag,0,3,A,0,3,A,Matchday 8,source_reported_FT,MVV,ADO Den Haag
openfootball/europe,https://raw.githubusercontent.com/openfootball/europe/7faa522aef63fa9a6fcb9d8189bd8bc52381e967/netherlands/2023-24_nl2.txt,7faa522aef63fa9a6fcb9d8189bd8bc52381e967,124,2026-09-04T07:12:35.730Z,Eerste Divisie,2023-24,2023-09-29,SC Cambuur,Jong PSV,3,4,A,0,2,A,Matchday 8,source_reported_FT,SC Cambuur,Jong PSV
openfootball/europe,https://raw.githubusercontent.com/openfootball/europe/7faa522aef63fa9a6fcb9d8189bd8bc52381e967/netherlands/2023-24_nl2.txt,7faa522aef63fa9a6fcb9d8189bd8bc52381e967,128,2026-09-04T07:12:35.730Z,Eerste Divisie,2023-24,2023-09-29,TOP Oss,FC Emmen,0,1,A,0,0,D,Matchday 8,source_reported_FT,TOP Oss,FC Emmen
openfootball/europe,https://raw.githubusercontent.com/openfootball/europe/7faa522aef63fa9a6fcb9d8189bd8bc52381e967/netherlands/2023-24_nl2.txt,7faa522aef63fa9a6fcb9d8189bd8bc52381e967,129,2026-09-04T07:12:35.730Z,Eerste Divisie,2023-24,2023-09-29,Telstar,Jong Ajax,3,2,H,1,1,D,Matchday 8,source_reported_FT,Telstar,Jong Ajax
openfootball/europe,https://raw.githubusercontent.com/openfootball/europe/7faa522aef63fa9a6fcb9d8189bd8bc52381e967/netherlands/2023-24_nl2.txt,7faa522aef63fa9a6fcb9d8189bd8bc52381e967,132,2026-09-04T07:12:35.730Z,Eerste Divisie,2023-24,2023-10-01,VVV-Venlo,Helmond Sport,0,4,A,0,1,A,Matchday 8,source_reported_FT,VVV-Venlo,Helmond Sport
openfootball/europe,https://raw.githubusercontent.com/openfootball/europe/7faa522aef63fa9a6fcb9d8189bd8bc52381e967/netherlands/2023-24_nl2.txt,7faa522aef63fa9a6fcb9d8189bd8bc52381e967,134,2026-09-04T07:12:35.730Z,Eerste Divisie,2023-24,2023-10-02,FC Utrecht J,NAC Breda,1,1,D,1,0,H,Matchday 8,source_reported_FT,FC Utrecht J,NAC Breda
openfootball/europe,https://raw.githubusercontent.com/openfootball/europe/7faa522aef63fa9a6fcb9d8189bd8bc52381e967/netherlands/2023-24_nl2.txt,7faa522aef63fa9a6fcb9d8189bd8bc52381e967,38,2026-09-04T07:12:35.730Z,Eerste Divisie,2023-24,2023-10-02,MVV,FC Eindhoven,0,1,A,0,0,D,Matchday 2,source_reported_FT,MVV,FC Eindhoven
openfootball/europe,https://raw.githubusercontent.com/openfootball/europe/7faa522aef63fa9a6fcb9d8189bd8bc52381e967/netherlands/2023-24_nl2.txt,7faa522aef63fa9a6fcb9d8189bd8bc52381e967,118,2026-09-04T07:12:35.730Z,Eerste Divisie,2023-24,2023-10-03,Willem II,TOP Oss,2,1,H,0,1,A,Matchday 7,source_reported_FT,Willem II,TOP Oss
openfootball/europe,https://raw.githubusercontent.com/openfootball/europe/7faa522aef63fa9a6fcb9d8189bd8bc52381e967/netherlands/2023-24_nl2.txt,7faa522aef63fa9a6fcb9d8189bd8bc52381e967,139,2026-09-04T07:12:35.730Z,Eerste Divisie,2023-24,2023-10-06,ADO Den Haag,TOP Oss,2,1,H,1,0,H,Matchday 9,source_reported_FT,ADO Den Haag,TOP Oss
openfootball/europe,https://raw.githubusercontent.com/openfootball/europe/7faa522aef63fa9a6fcb9d8189bd8bc52381e967/netherlands/2023-24_nl2.txt,7faa522aef63fa9a6fcb9d8189bd8bc52381e967,140,2026-09-04T07:12:35.730Z,Eerste Divisie,2023-24,2023-10-06,FC Den Bosch,FC Eindhoven,0,1,A,0,0,D,Matchday 9,source_reported_FT,FC Den Bosch,FC Eindhoven
openfootball/europe,https://raw.githubusercontent.com/openfootball/europe/7faa522aef63fa9a6fcb9d8189bd8bc52381e967/netherlands/2023-24_nl2.txt,7faa522aef63fa9a6fcb9d8189bd8bc52381e967,148,2026-09-04T07:12:35.730Z,Eerste Divisie,2023-24,2023-10-06,FC Dordrecht,SC Cambuur,5,2,H,3,1,H,Matchday 9,source_reported_FT,FC Dordrecht,SC Cambuur
openfootball/europe,https://raw.githubusercontent.com/openfootball/europe/7faa522aef63fa9a6fcb9d8189bd8bc52381e967/netherlands/2023-24_nl2.txt,7faa522aef63fa9a6fcb9d8189bd8bc52381e967,141,2026-09-04T07:12:35.730Z,Eerste Divisie,2023-24,2023-10-06,FC Emmen,Telstar,2,0,H,2,0,H,Matchday 9,source_reported_FT,FC Emmen,Telstar
openfootball/europe,https://raw.githubusercontent.com/openfootball/europe/7faa522aef63fa9a6fcb9d8189bd8bc52381e967/netherlands/2023-24_nl2.txt,7faa522aef63fa9a6fcb9d8189bd8bc52381e967,142,2026-09-04T07:12:35.730Z,Eerste Divisie,2023-24,2023-10-06,Helmond Sport,FC Utrecht J,4,0,H,2,0,H,Matchday 9,source_reported_FT,Helmond Sport,FC Utrecht J
openfootball/europe,https://raw.githubusercontent.com/openfootball/europe/7faa522aef63fa9a6fcb9d8189bd8bc52381e967/netherlands/2023-24_nl2.txt,7faa522aef63fa9a6fcb9d8189bd8bc52381e967,143,2026-09-04T07:12:35.730Z,Eerste Divisie,2023-24,2023-10-06,Jong Ajax,VVV-Venlo,3,0,H,2,0,H,Matchday 9,source_reported_FT,Jong Ajax,VVV-Venlo
openfootball/europe,https://raw.githubusercontent.com/openfootball/europe/7faa522aef63fa9a6fcb9d8189bd8bc52381e967/netherlands/2023-24_nl2.txt,7faa522aef63fa9a6fcb9d8189bd8bc52381e967,147,2026-09-04T07:12:35.730Z,Eerste Divisie,2023-24,2023-10-06,Jong PSV,MVV,2,3,A,1,0,H,Matchday 9,source_reported_FT,Jong PSV,MVV
openfootball/europe,https://raw.githubusercontent.com/openfootball/europe/7faa522aef63fa9a6fcb9d8189bd8bc52381e967/netherlands/2023-24_nl2.txt,7faa522aef63fa9a6fcb9d8189bd8bc52381e967,145,2026-09-04T07:12:35.730Z,Eerste Divisie,2023-24,2023-10-06,NAC Breda,FC Groningen,3,2,H,2,1,H,Matchday 9,source_reported_FT,NAC Breda,FC Groningen
openfootball/europe,https://raw.githubusercontent.com/openfootball/europe/7faa522aef63fa9a6fcb9d8189bd8bc52381e967/netherlands/2023-24_nl2.txt,7faa522aef63fa9a6fcb9d8189bd8bc52381e967,146,2026-09-04T07:12:35.730Z,Eerste Divisie,2023-24,2023-10-06,Roda JC Kerkrade,AZ Alkmaar J,3,1,H,2,0,H,Matchday 9,source_reported_FT,Roda JC Kerkrade,AZ Alkmaar J
openfootball/europe,https://raw.githubusercontent.com/openfootball/europe/7faa522aef63fa9a6fcb9d8189bd8bc52381e967/netherlands/2023-24_nl2.txt,7faa522aef63fa9a6fcb9d8189bd8bc52381e967,144,2026-09-04T07:12:35.730Z,Eerste Divisie,2023-24,2023-10-06,Willem II,De Graafschap,4,2,H,1,1,D,Matchday 9,source_reported_FT,Willem II,De Graafschap
openfootball/europe,https://raw.githubusercontent.com/openfootball/europe/7faa522aef63fa9a6fcb9d8189bd8bc52381e967/netherlands/2023-24_nl2.txt,7faa522aef63fa9a6fcb9d8189bd8bc52381e967,154,2026-09-04T07:12:35.730Z,Eerste Divisie,2023-24,2023-10-14,Telstar,MVV,2,1,H,1,0,H,Matchday 10,source_reported_FT,Telstar,MVV
openfootball/europe,https://raw.githubusercontent.com/openfootball/europe/7faa522aef63fa9a6fcb9d8189bd8bc52381e967/netherlands/2023-24_nl2.txt,7faa522aef63fa9a6fcb9d8189bd8bc52381e967,153,2026-09-04T07:12:35.730Z,Eerste Divisie,2023-24,2023-10-14,VVV-Venlo,Roda JC Kerkrade,1,1,D,0,0,D,Matchday 10,source_reported_FT,VVV-Venlo,Roda JC Kerkrade
openfootball/europe,https://raw.githubusercontent.com/openfootball/europe/7faa522aef63fa9a6fcb9d8189bd8bc52381e967/netherlands/2023-24_nl2.txt,7faa522aef63fa9a6fcb9d8189bd8bc52381e967,157,2026-09-04T07:12:35.730Z,Eerste Divisie,2023-24,2023-10-15,SC Cambuur,NAC Breda,2,3,A,0,3,A,Matchday 10,source_reported_FT,SC Cambuur,NAC Breda
openfootball/europe,https://raw.githubusercontent.com/openfootball/europe/7faa522aef63fa9a6fcb9d8189bd8bc52381e967/netherlands/2023-24_nl2.txt,7faa522aef63fa9a6fcb9d8189bd8bc52381e967,156,2026-09-04T07:12:35.730Z,Eerste Divisie,2023-24,2023-10-15,Willem II,FC Den Bosch,3,1,H,1,1,D,Matchday 10,source_reported_FT,Willem II,FC Den Bosch
openfootball/europe,https://raw.githubusercontent.com/openfootball/europe/7faa522aef63fa9a6fcb9d8189bd8bc52381e967/netherlands/2023-24_nl2.txt,7faa522aef63fa9a6fcb9d8189bd8bc52381e967,171,2026-09-04T07:12:35.730Z,Eerste Divisie,2023-24,2023-10-20,AZ Alkmaar J,TOP Oss,3,0,H,2,0,H,Matchday 11,source_reported_FT,AZ Alkmaar J,TOP Oss
openfootball/europe,https://raw.githubusercontent.com/openfootball/europe/7faa522aef63fa9a6fcb9d8189bd8bc52381e967/netherlands/2023-24_nl2.txt,7faa522aef63fa9a6fcb9d8189bd8bc52381e967,169,2026-09-04T07:12:35.730Z,Eerste Divisie,2023-24,2023-10-20,De Graafschap,FC Groningen,2,1,H,1,1,D,Matchday 11,source_reported_FT,De Graafschap,FC Groningen
openfootball/europe,https://raw.githubusercontent.com/openfootball/europe/7faa522aef63fa9a6fcb9d8189bd8bc52381e967/netherlands/2023-24_nl2.txt,7faa522aef63fa9a6fcb9d8189bd8bc52381e967,174,2026-09-04T07:12:35.730Z,Eerste Divisie,2023-24,2023-10-20,FC Den Bosch,VVV-Venlo,1,2,A,1,0,H,Matchday 11,source_reported_FT,FC Den Bosch,VVV-Venlo
openfootball/europe,https://raw.githubusercontent.com/openfootball/europe/7faa522aef63fa9a6fcb9d8189bd8bc52381e967/netherlands/2023-24_nl2.txt,7faa522aef63fa9a6fcb9d8189bd8bc52381e967,173,2026-09-04T07:12:35.730Z,Eerste Divisie,2023-24,2023-10-20,FC Dordrecht,Jong Ajax,4,0,H,3,0,H,Matchday 11,source_reported_FT,FC Dordrecht,Jong Ajax
openfootball/europe,https://raw.githubusercontent.com/openfootball/europe/7faa522aef63fa9a6fcb9d8189bd8bc52381e967/netherlands/2023-24_nl2.txt,7faa522aef63fa9a6fcb9d8189bd8bc52381e967,170,2026-09-04T07:12:35.730Z,Eerste Divisie,2023-24,2023-10-20,FC Eindhoven,Helmond Sport,1,2,A,1,1,D,Matchday 11,source_reported_FT,FC Eindhoven,Helmond Sport
openfootball/europe,https://raw.githubusercontent.com/openfootball/europe/7faa522aef63fa9a6fcb9d8189bd8bc52381e967/netherlands/2023-24_nl2.txt,7faa522aef63fa9a6fcb9d8189bd8bc52381e967,172,2026-09-04T07:12:35.730Z,Eerste Divisie,2023-24,2023-10-20,FC Emmen,ADO Den Haag,2,3,A,2,1,H,Matchday 11,source_reported_FT,FC Emmen,ADO Den Haag
openfootball/europe,https://raw.githubusercontent.com/openfootball/europe/7faa522aef63fa9a6fcb9d8189bd8bc52381e967/netherlands/2023-24_nl2.txt,7faa522aef63fa9a6fcb9d8189bd8bc52381e967,176,2026-09-04T07:12:35.730Z,Eerste Divisie,2023-24,2023-10-20,MVV,SC Cambuur,1,1,D,1,1,D,Matchday 11,source_reported_FT,MVV,SC Cambuur
openfootball/europe,https://raw.githubusercontent.com/openfootball/europe/7faa522aef63fa9a6fcb9d8189bd8bc52381e967/netherlands/2023-24_nl2.txt,7faa522aef63fa9a6fcb9d8189bd8bc52381e967,175,2026-09-04T07:12:35.730Z,Eerste Divisie,2023-24,2023-10-20,NAC Breda,Telstar,3,1,H,1,1,D,Matchday 11,source_reported_FT,NAC Breda,Telstar
openfootball/europe,https://raw.githubusercontent.com/openfootball/europe/7faa522aef63fa9a6fcb9d8189bd8bc52381e967/netherlands/2023-24_nl2.txt,7faa522aef63fa9a6fcb9d8189bd8bc52381e967,178,2026-09-04T07:12:35.730Z,Eerste Divisie,2023-24,2023-10-21,Roda JC Kerkrade,Willem II,0,1,A,0,1,A,Matchday 11,source_reported_FT,Roda JC Kerkrade,Willem II
openfootball/europe,https://raw.githubusercontent.com/openfootball/europe/7faa522aef63fa9a6fcb9d8189bd8bc52381e967/netherlands/2023-24_nl2.txt,7faa522aef63fa9a6fcb9d8189bd8bc52381e967,159,2026-09-04T07:12:35.730Z,Eerste Divisie,2023-24,2023-10-23,AZ Alkmaar J,De Graafschap,3,0,H,0,0,D,Matchday 10,source_reported_FT,AZ Alkmaar J,De Graafschap
openfootball/europe,https://raw.githubusercontent.com/openfootball/europe/7faa522aef63fa9a6fcb9d8189bd8bc52381e967/netherlands/2023-24_nl2.txt,7faa522aef63fa9a6fcb9d8189bd8bc52381e967,164,2026-09-04T07:12:35.730Z,Eerste Divisie,2023-24,2023-10-23,FC Groningen,FC Emmen,0,0,D,,,,Matchday 10,source_reported_FT,FC Groningen,FC Emmen
openfootball/europe,https://raw.githubusercontent.com/openfootball/europe/7faa522aef63fa9a6fcb9d8189bd8bc52381e967/netherlands/2023-24_nl2.txt,7faa522aef63fa9a6fcb9d8189bd8bc52381e967,162,2026-09-04T07:12:35.730Z,Eerste Divisie,2023-24,2023-10-23,Helmond Sport,FC Dordrecht,1,1,D,1,0,H,Matchday 10,source_reported_FT,Helmond Sport,FC Dordrecht
openfootball/europe,https://raw.githubusercontent.com/openfootball/europe/7faa522aef63fa9a6fcb9d8189bd8bc52381e967/netherlands/2023-24_nl2.txt,7faa522aef63fa9a6fcb9d8189bd8bc52381e967,161,2026-09-04T07:12:35.730Z,Eerste Divisie,2023-24,2023-10-23,Jong Ajax,ADO Den Haag,0,0,D,,,,Matchday 10,source_reported_FT,Jong Ajax,ADO Den Haag
openfootball/europe,https://raw.githubusercontent.com/openfootball/europe/7faa522aef63fa9a6fcb9d8189bd8bc52381e967/netherlands/2023-24_nl2.txt,7faa522aef63fa9a6fcb9d8189bd8bc52381e967,163,2026-09-04T07:12:35.730Z,Eerste Divisie,2023-24,2023-10-23,Jong PSV,FC Eindhoven,3,4,A,1,1,D,Matchday 10,source_reported_FT,Jong PSV,FC Eindhoven
openfootball/europe,https://raw.githubusercontent.com/openfootball/europe/7faa522aef63fa9a6fcb9d8189bd8bc52381e967/netherlands/2023-24_nl2.txt,7faa522aef63fa9a6fcb9d8189bd8bc52381e967,160,2026-09-04T07:12:35.730Z,Eerste Divisie,2023-24,2023-10-23,TOP Oss,FC Utrecht J,2,0,H,1,0,H,Matchday 10,source_reported_FT,TOP Oss,FC Utrecht J
openfootball/europe,https://raw.githubusercontent.com/openfootball/europe/7faa522aef63fa9a6fcb9d8189bd8bc52381e967/netherlands/2023-24_nl2.txt,7faa522aef63fa9a6fcb9d8189bd8bc52381e967,185,2026-09-04T07:12:35.730Z,Eerste Divisie,2023-24,2023-10-27,ADO Den Haag,VVV-Venlo,2,2,D,0,1,A,Matchday 12,source_reported_FT,ADO Den Haag,VVV-Venlo
openfootball/europe,https://raw.githubusercontent.com/openfootball/europe/7faa522aef63fa9a6fcb9d8189bd8bc52381e967/netherlands/2023-24_nl2.txt,7faa522aef63fa9a6fcb9d8189bd8bc52381e967,187,2026-09-04T07:12:35.730Z,Eerste Divisie,2023-24,2023-10-27,De Graafschap,FC Eindhoven,2,1,H,1,1,D,Matchday 12,source_reported_FT,De Graafschap,FC Eindhoven
openfootball/europe,https://raw.githubusercontent.com/openfootball/europe/7faa522aef63fa9a6fcb9d8189bd8bc52381e967/netherlands/2023-24_nl2.txt,7faa522aef63fa9a6fcb9d8189bd8bc52381e967,186,2026-09-04T07:12:35.730Z,Eerste Divisie,2023-24,2023-10-27,FC Dordrecht,FC Den Bosch,5,1,H,3,1,H,Matchday 12,source_reported_FT,FC Dordrecht,FC Den Bosch
openfootball/europe,https://raw.githubusercontent.com/openfootball/europe/7faa522aef63fa9a6fcb9d8189bd8bc52381e967/netherlands/2023-24_nl2.txt,7faa522aef63fa9a6fcb9d8189bd8bc52381e967,190,2026-09-04T07:12:35.730Z,Eerste Divisie,2023-24,2023-10-27,FC Emmen,AZ Alkmaar J,2,1,H,1,1,D,Matchday 12,source_reported_FT,FC Emmen,AZ Alkmaar J
openfootball/europe,https://raw.githubusercontent.com/openfootball/europe/7faa522aef63fa9a6fcb9d8189bd8bc52381e967/netherlands/2023-24_nl2.txt,7faa522aef63fa9a6fcb9d8189bd8bc52381e967,188,2026-09-04T07:12:35.730Z,Eerste Divisie,2023-24,2023-10-27,NAC Breda,Helmond Sport,1,1,D,0,0,D,Matchday 12,source_reported_FT,NAC Breda,Helmond Sport
openfootball/europe,https://raw.githubusercontent.com/openfootball/europe/7faa522aef63fa9a6fcb9d8189bd8bc52381e967/netherlands/2023-24_nl2.txt,7faa522aef63fa9a6fcb9d8189bd8bc52381e967,189,2026-09-04T07:12:35.730Z,Eerste Divisie,2023-24,2023-10-27,Roda JC Kerkrade,Jong Ajax,2,1,H,1,1,D,Matchday 12,source_reported_FT,Roda JC Kerkrade,Jong Ajax
openfootball/europe,https://raw.githubusercontent.com/openfootball/europe/7faa522aef63fa9a6fcb9d8189bd8bc52381e967/netherlands/2023-24_nl2.txt,7faa522aef63fa9a6fcb9d8189bd8bc52381e967,192,2026-09-04T07:12:35.730Z,Eerste Divisie,2023-24,2023-10-27,Telstar,TOP Oss,1,0,H,0,0,D,Matchday 12,source_reported_FT,Telstar,TOP Oss
openfootball/europe,https://raw.githubusercontent.com/openfootball/europe/7faa522aef63fa9a6fcb9d8189bd8bc52381e967/netherlands/2023-24_nl2.txt,7faa522aef63fa9a6fcb9d8189bd8bc52381e967,191,2026-09-04T07:12:35.730Z,Eerste Divisie,2023-24,2023-10-27,Willem II,Jong PSV,3,0,H,1,0,H,Matchday 12,source_reported_FT,Willem II,Jong PSV
openfootball/europe,https://raw.githubusercontent.com/openfootball/europe/7faa522aef63fa9a6fcb9d8189bd8bc52381e967/netherlands/2023-24_nl2.txt,7faa522aef63fa9a6fcb9d8189bd8bc52381e967,194,2026-09-04T07:12:35.730Z,Eerste Divisie,2023-24,2023-10-29,SC Cambuur,FC Groningen,2,1,H,1,0,H,Matchday 12,source_reported_FT,SC Cambuur,FC Groningen
openfootball/europe,https://raw.githubusercontent.com/openfootball/europe/7faa522aef63fa9a6fcb9d8189bd8bc52381e967/netherlands/2023-24_nl2.txt,7faa522aef63fa9a6fcb9d8189bd8bc52381e967,196,2026-09-04T07:12:35.730Z,Eerste Divisie,2023-24,2023-10-30,FC Utrecht J,MVV,1,1,D,1,1,D,Matchday 12,source_reported_FT,FC Utrecht J,MVV
openfootball/europe,https://raw.githubusercontent.com/openfootball/europe/7faa522aef63fa9a6fcb9d8189bd8bc52381e967/netherlands/2023-24_nl2.txt,7faa522aef63fa9a6fcb9d8189bd8bc52381e967,201,2026-09-04T07:12:35.730Z,Eerste Divisie,2023-24,2023-11-03,De Graafschap,NAC Breda,1,0,H,0,0,D,Matchday 13,source_reported_FT,De Graafschap,NAC Breda
openfootball/europe,https://raw.githubusercontent.com/openfootball/europe/7faa522aef63fa9a6fcb9d8189bd8bc52381e967/netherlands/2023-24_nl2.txt,7faa522aef63fa9a6fcb9d8189bd8bc52381e967,202,2026-09-04T07:12:35.730Z,Eerste Divisie,2023-24,2023-11-03,Helmond Sport,Telstar,1,0,H,1,0,H,Matchday 13,source_reported_FT,Helmond Sport,Telstar
openfootball/europe,https://raw.githubusercontent.com/openfootball/europe/7faa522aef63fa9a6fcb9d8189bd8bc52381e967/netherlands/2023-24_nl2.txt,7faa522aef63fa9a6fcb9d8189bd8bc52381e967,203,2026-09-04T07:12:35.730Z,Eerste Divisie,2023-24,2023-11-03,VVV-Venlo,AZ Alkmaar J,2,2,D,0,1,A,Matchday 13,source_reported_FT,VVV-Venlo,AZ Alkmaar J
openfootball/europe,https://raw.githubusercontent.com/openfootball/europe/7faa522aef63fa9a6fcb9d8189bd8bc52381e967/netherlands/2023-24_nl2.txt,7faa522aef63fa9a6fcb9d8189bd8bc52381e967,205,2026-09-04T07:12:35.730Z,Eerste Divisie,2023-24,2023-11-04,FC Den Bosch,FC Utrecht J,1,1,D,0,0,D,Matchday 13,source_reported_FT,FC Den Bosch,FC Utrecht J
openfootball/europe,https://raw.githubusercontent.com/openfootball/europe/7faa522aef63fa9a6fcb9d8189bd8bc52381e967/netherlands/2023-24_nl2.txt,7faa522aef63fa9a6fcb9d8189bd8bc52381e967,207,2026-09-04T07:12:35.730Z,Eerste Divisie,2023-24,2023-11-05,FC Groningen,FC Dordrecht,2,2,D,1,1,D,Matchday 13,source_reported_FT,FC Groningen,FC Dordrecht
openfootball/europe,https://raw.githubusercontent.com/openfootball/europe/7faa522aef63fa9a6fcb9d8189bd8bc52381e967/netherlands/2023-24_nl2.txt,7faa522aef63fa9a6fcb9d8189bd8bc52381e967,209,2026-09-04T07:12:35.730Z,Eerste Divisie,2023-24,2023-11-06,FC Eindhoven,Roda JC Kerkrade,1,1,D,1,0,H,Matchday 13,source_reported_FT,FC Eindhoven,Roda JC Kerkrade
openfootball/europe,https://raw.githubusercontent.com/openfootball/europe/7faa522aef63fa9a6fcb9d8189bd8bc52381e967/netherlands/2023-24_nl2.txt,7faa522aef63fa9a6fcb9d8189bd8bc52381e967,212,2026-09-04T07:12:35.730Z,Eerste Divisie,2023-24,2023-11-06,Jong Ajax,Willem II,1,0,H,1,0,H,Matchday 13,source_reported_FT,Jong Ajax,Willem II
openfootball/europe,https://raw.githubusercontent.com/openfootball/europe/7faa522aef63fa9a6fcb9d8189bd8bc52381e967/netherlands/2023-24_nl2.txt,7faa522aef63fa9a6fcb9d8189bd8bc52381e967,213,2026-09-04T07:12:35.730Z,Eerste Divisie,2023-24,2023-11-06,Jong PSV,ADO Den Haag,1,2,A,1,0,H,Matchday 13,source_reported_FT,Jong PSV,ADO Den Haag
openfootball/europe,https://raw.githubusercontent.com/openfootball/europe/7faa522aef63fa9a6fcb9d8189bd8bc52381e967/netherlands/2023-24_nl2.txt,7faa522aef63fa9a6fcb9d8189bd8bc52381e967,210,2026-09-04T07:12:35.730Z,Eerste Divisie,2023-24,2023-11-06,MVV,FC Emmen,1,1,D,1,0,H,Matchday 13,source_reported_FT,MVV,FC Emmen
openfootball/europe,https://raw.githubusercontent.com/openfootball/europe/7faa522aef63fa9a6fcb9d8189bd8bc52381e967/netherlands/2023-24_nl2.txt,7faa522aef63fa9a6fcb9d8189bd8bc52381e967,211,2026-09-04T07:12:35.730Z,Eerste Divisie,2023-24,2023-11-06,TOP Oss,SC Cambuur,1,8,A,1,3,A,Matchday 13,source_reported_FT,TOP Oss,SC Cambuur
openfootball/europe,https://raw.githubusercontent.com/openfootball/europe/7faa522aef63fa9a6fcb9d8189bd8bc52381e967/netherlands/2023-24_nl2.txt,7faa522aef63fa9a6fcb9d8189bd8bc52381e967,220,2026-09-04T07:12:35.730Z,Eerste Divisie,2023-24,2023-11-10,AZ Alkmaar J,Helmond Sport,2,1,H,2,1,H,Matchday 14,source_reported_FT,AZ Alkmaar J,Helmond Sport
openfootball/europe,https://raw.githubusercontent.com/openfootball/europe/7faa522aef63fa9a6fcb9d8189bd8bc52381e967/netherlands/2023-24_nl2.txt,7faa522aef63fa9a6fcb9d8189bd8bc52381e967,218,2026-09-04T07:12:35.730Z,Eerste Divisie,2023-24,2023-11-10,FC Dordrecht,Jong PSV,1,4,A,0,1,A,Matchday 14,source_reported_FT,FC Dordrecht,Jong PSV
openfootball/europe,https://raw.githubusercontent.com/openfootball/europe/7faa522aef63fa9a6fcb9d8189bd8bc52381e967/netherlands/2023-24_nl2.txt,7faa522aef63fa9a6fcb9d8189bd8bc52381e967,219,2026-09-04T07:12:35.730Z,Eerste Divisie,2023-24,2023-11-10,FC Eindhoven,VVV-Venlo,0,2,A,0,1,A,Matchday 14,source_reported_FT,FC Eindhoven,VVV-Venlo
openfootball/europe,https://raw.githubusercontent.com/openfootball/europe/7faa522aef63fa9a6fcb9d8189bd8bc52381e967/netherlands/2023-24_nl2.txt,7faa522aef63fa9a6fcb9d8189bd8bc52381e967,222,2026-09-04T07:12:35.730Z,Eerste Divisie,2023-24,2023-11-10,FC Emmen,FC Den Bosch,1,0,H,1,0,H,Matchday 14,source_reported_FT,FC Emmen,FC Den Bosch
openfootball/europe,https://raw.githubusercontent.com/openfootball/europe/7faa522aef63fa9a6fcb9d8189bd8bc52381e967/netherlands/2023-24_nl2.txt,7faa522aef63fa9a6fcb9d8189bd8bc52381e967,223,2026-09-04T07:12:35.730Z,Eerste Divisie,2023-24,2023-11-10,NAC Breda,Jong Ajax,1,1,D,0,1,A,Matchday 14,source_reported_FT,NAC Breda,Jong Ajax
openfootball/europe,https://raw.githubusercontent.com/openfootball/europe/7faa522aef63fa9a6fcb9d8189bd8bc52381e967/netherlands/2023-24_nl2.txt,7faa522aef63fa9a6fcb9d8189bd8bc52381e967,225,2026-09-04T07:12:35.730Z,Eerste Divisie,2023-24,2023-11-10,TOP Oss,MVV,0,1,A,0,0,D,Matchday 14,source_reported_FT,TOP Oss,MVV
openfootball/europe,https://raw.githubusercontent.com/openfootball/europe/7faa522aef63fa9a6fcb9d8189bd8bc52381e967/netherlands/2023-24_nl2.txt,7faa522aef63fa9a6fcb9d8189bd8bc52381e967,221,2026-09-04T07:12:35.730Z,Eerste Divisie,2023-24,2023-11-10,Telstar,De Graafschap,1,2,A,0,0,D,Matchday 14,source_reported_FT,Telstar,De Graafschap
openfootball/europe,https://raw.githubusercontent.com/openfootball/europe/7faa522aef63fa9a6fcb9d8189bd8bc52381e967/netherlands/2023-24_nl2.txt,7faa522aef63fa9a6fcb9d8189bd8bc52381e967,224,2026-09-04T07:12:35.730Z,Eerste Divisie,2023-24,2023-11-10,Willem II,FC Utrecht J,2,1,H,0,1,A,Matchday 14,source_reported_FT,Willem II,FC Utrecht J
openfootball/europe,https://raw.githubusercontent.com/openfootball/europe/7faa522aef63fa9a6fcb9d8189bd8bc52381e967/netherlands/2023-24_nl2.txt,7faa522aef63fa9a6fcb9d8189bd8bc52381e967,227,2026-09-04T07:12:35.730Z,Eerste Divisie,2023-24,2023-11-12,ADO Den Haag,SC Cambuur,1,2,A,0,1,A,Matchday 14,source_reported_FT,ADO Den Haag,SC Cambuur
openfootball/europe,https://raw.githubusercontent.com/openfootball/europe/7faa522aef63fa9a6fcb9d8189bd8bc52381e967/netherlands/2023-24_nl2.txt,7faa522aef63fa9a6fcb9d8189bd8bc52381e967,228,2026-09-04T07:12:35.730Z,Eerste Divisie,2023-24,2023-11-12,Roda JC Kerkrade,FC Groningen,0,0,D,,,,Matchday 14,source_reported_FT,Roda JC Kerkrade,FC Groningen
openfootball/europe,https://raw.githubusercontent.com/openfootball/europe/7faa522aef63fa9a6fcb9d8189bd8bc52381e967/netherlands/2023-24_nl2.txt,7faa522aef63fa9a6fcb9d8189bd8bc52381e967,233,2026-09-04T07:12:35.730Z,Eerste Divisie,2023-24,2023-11-17,FC Den Bosch,Telstar,1,4,A,0,1,A,Matchday 15,source_reported_FT,FC Den Bosch,Telstar
openfootball/europe,https://raw.githubusercontent.com/openfootball/europe/7faa522aef63fa9a6fcb9d8189bd8bc52381e967/netherlands/2023-24_nl2.txt,7faa522aef63fa9a6fcb9d8189bd8bc52381e967,234,2026-09-04T07:12:35.730Z,Eerste Divisie,2023-24,2023-11-17,VVV-Venlo,Willem II,1,3,A,0,0,D,Matchday 15,source_reported_FT,VVV-Venlo,Willem II
openfootball/europe,https://raw.githubusercontent.com/openfootball/europe/7faa522aef63fa9a6fcb9d8189bd8bc52381e967/netherlands/2023-24_nl2.txt,7faa522aef63fa9a6fcb9d8189bd8bc52381e967,237,2026-09-04T07:12:35.730Z,Eerste Divisie,2023-24,2023-11-19,MVV,NAC Breda,1,4,A,1,3,A,Matchday 15,source_reported_FT,MVV,NAC Breda
openfootball/europe,https://raw.githubusercontent.com/openfootball/europe/7faa522aef63fa9a6fcb9d8189bd8bc52381e967/netherlands/2023-24_nl2.txt,7faa522aef63fa9a6fcb9d8189bd8bc52381e967,236,2026-09-04T07:12:35.730Z,Eerste Divisie,2023-24,2023-11-19,SC Cambuur,Roda JC Kerkrade,1,1,D,1,1,D,Matchday 15,source_reported_FT,SC Cambuur,Roda JC Kerkrade
openfootball/europe,https://raw.githubusercontent.com/openfootball/europe/7faa522aef63fa9a6fcb9d8189bd8bc52381e967/netherlands/2023-24_nl2.txt,7faa522aef63fa9a6fcb9d8189bd8bc52381e967,251,2026-09-04T07:12:35.730Z,Eerste Divisie,2023-24,2023-11-24,FC Dordrecht,ADO Den Haag,2,2,D,2,1,H,Matchday 16,source_reported_FT,FC Dordrecht,ADO Den Haag
openfootball/europe,https://raw.githubusercontent.com/openfootball/europe/7faa522aef63fa9a6fcb9d8189bd8bc52381e967/netherlands/2023-24_nl2.txt,7faa522aef63fa9a6fcb9d8189bd8bc52381e967,253,2026-09-04T07:12:35.730Z,Eerste Divisie,2023-24,2023-11-24,FC Groningen,FC Eindhoven,2,1,H,1,1,D,Matchday 16,source_reported_FT,FC Groningen,FC Eindhoven
openfootball/europe,https://raw.githubusercontent.com/openfootball/europe/7faa522aef63fa9a6fcb9d8189bd8bc52381e967/netherlands/2023-24_nl2.txt,7faa522aef63fa9a6fcb9d8189bd8bc52381e967,252,2026-09-04T07:12:35.730Z,Eerste Divisie,2023-24,2023-11-24,FC Utrecht J,De Graafschap,2,0,H,1,0,H,Matchday 16,source_reported_FT,FC Utrecht J,De Graafschap
openfootball/europe,https://raw.githubusercontent.com/openfootball/europe/7faa522aef63fa9a6fcb9d8189bd8bc52381e967/netherlands/2023-24_nl2.txt,7faa522aef63fa9a6fcb9d8189bd8bc52381e967,254,2026-09-04T07:12:35.730Z,Eerste Divisie,2023-24,2023-11-24,Helmond Sport,FC Emmen,1,2,A,0,2,A,Matchday 16,source_reported_FT,Helmond Sport,FC Emmen
openfootball/europe,https://raw.githubusercontent.com/openfootball/europe/7faa522aef63fa9a6fcb9d8189bd8bc52381e967/netherlands/2023-24_nl2.txt,7faa522aef63fa9a6fcb9d8189bd8bc52381e967,250,2026-09-04T07:12:35.730Z,Eerste Divisie,2023-24,2023-11-24,Jong Ajax,TOP Oss,1,0,H,1,0,H,Matchday 16,source_reported_FT,Jong Ajax,TOP Oss
openfootball/europe,https://raw.githubusercontent.com/openfootball/europe/7faa522aef63fa9a6fcb9d8189bd8bc52381e967/netherlands/2023-24_nl2.txt,7faa522aef63fa9a6fcb9d8189bd8bc52381e967,255,2026-09-04T07:12:35.730Z,Eerste Divisie,2023-24,2023-11-24,Jong PSV,AZ Alkmaar J,1,2,A,0,1,A,Matchday 16,source_reported_FT,Jong PSV,AZ Alkmaar J
openfootball/europe,https://raw.githubusercontent.com/openfootball/europe/7faa522aef63fa9a6fcb9d8189bd8bc52381e967/netherlands/2023-24_nl2.txt,7faa522aef63fa9a6fcb9d8189bd8bc52381e967,257,2026-09-04T07:12:35.730Z,Eerste Divisie,2023-24,2023-11-24,NAC Breda,FC Den Bosch,1,0,H,0,0,D,Matchday 16,source_reported_FT,NAC Breda,FC Den Bosch
openfootball/europe,https://raw.githubusercontent.com/openfootball/europe/7faa522aef63fa9a6fcb9d8189bd8bc52381e967/netherlands/2023-24_nl2.txt,7faa522aef63fa9a6fcb9d8189bd8bc52381e967,256,2026-09-04T07:12:35.730Z,Eerste Divisie,2023-24,2023-11-24,Telstar,Willem II,1,5,A,0,2,A,Matchday 16,source_reported_FT,Telstar,Willem II
openfootball/europe,https://raw.githubusercontent.com/openfootball/europe/7faa522aef63fa9a6fcb9d8189bd8bc52381e967/netherlands/2023-24_nl2.txt,7faa522aef63fa9a6fcb9d8189bd8bc52381e967,258,2026-09-04T07:12:35.730Z,Eerste Divisie,2023-24,2023-11-24,VVV-Venlo,SC Cambuur,1,2,A,0,2,A,Matchday 16,source_reported_FT,VVV-Venlo,SC Cambuur
openfootball/europe,https://raw.githubusercontent.com/openfootball/europe/7faa522aef63fa9a6fcb9d8189bd8bc52381e967/netherlands/2023-24_nl2.txt,7faa522aef63fa9a6fcb9d8189bd8bc52381e967,260,2026-09-04T07:12:35.730Z,Eerste Divisie,2023-24,2023-11-26,Roda JC Kerkrade,MVV,1,0,H,0,0,D,Matchday 16,source_reported_FT,Roda JC Kerkrade,MVV
openfootball/europe,https://raw.githubusercontent.com/openfootball/europe/7faa522aef63fa9a6fcb9d8189bd8bc52381e967/netherlands/2023-24_nl2.txt,7faa522aef63fa9a6fcb9d8189bd8bc52381e967,239,2026-09-04T07:12:35.730Z,Eerste Divisie,2023-24,2023-11-27,ADO Den Haag,FC Utrecht J,6,0,H,4,0,H,Matchday 15,source_reported_FT,ADO Den Haag,FC Utrecht J
openfootball/europe,https://raw.githubusercontent.com/openfootball/europe/7faa522aef63fa9a6fcb9d8189bd8bc52381e967/netherlands/2023-24_nl2.txt,7faa522aef63fa9a6fcb9d8189bd8bc52381e967,243,2026-09-04T07:12:35.730Z,Eerste Divisie,2023-24,2023-11-27,AZ Alkmaar J,FC Groningen,0,5,A,0,2,A,Matchday 15,source_reported_FT,AZ Alkmaar J,FC Groningen
openfootball/europe,https://raw.githubusercontent.com/openfootball/europe/7faa522aef63fa9a6fcb9d8189bd8bc52381e967/netherlands/2023-24_nl2.txt,7faa522aef63fa9a6fcb9d8189bd8bc52381e967,240,2026-09-04T07:12:35.730Z,Eerste Divisie,2023-24,2023-11-27,FC Eindhoven,TOP Oss,0,0,D,,,,Matchday 15,source_reported_FT,FC Eindhoven,TOP Oss
openfootball/europe,https://raw.githubusercontent.com/openfootball/europe/7faa522aef63fa9a6fcb9d8189bd8bc52381e967/netherlands/2023-24_nl2.txt,7faa522aef63fa9a6fcb9d8189bd8bc52381e967,241,2026-09-04T07:12:35.730Z,Eerste Divisie,2023-24,2023-11-27,FC Emmen,Jong PSV,1,0,H,0,0,D,Matchday 15,source_reported_FT,FC Emmen,Jong PSV
openfootball/europe,https://raw.githubusercontent.com/openfootball/europe/7faa522aef63fa9a6fcb9d8189bd8bc52381e967/netherlands/2023-24_nl2.txt,7faa522aef63fa9a6fcb9d8189bd8bc52381e967,242,2026-09-04T07:12:35.730Z,Eerste Divisie,2023-24,2023-11-27,Jong Ajax,Helmond Sport,4,1,H,0,1,A,Matchday 15,source_reported_FT,Jong Ajax,Helmond Sport
openfootball/europe,https://raw.githubusercontent.com/openfootball/europe/7faa522aef63fa9a6fcb9d8189bd8bc52381e967/netherlands/2023-24_nl2.txt,7faa522aef63fa9a6fcb9d8189bd8bc52381e967,271,2026-09-04T07:12:35.730Z,Eerste Divisie,2023-24,2023-12-01,FC Den Bosch,Jong Ajax,3,3,D,3,1,H,Matchday 17,source_reported_FT,FC Den Bosch,Jong Ajax
openfootball/europe,https://raw.githubusercontent.com/openfootball/europe/7faa522aef63fa9a6fcb9d8189bd8bc52381e967/netherlands/2023-24_nl2.txt,7faa522aef63fa9a6fcb9d8189bd8bc52381e967,265,2026-09-04T07:12:35.730Z,Eerste Divisie,2023-24,2023-12-01,FC Dordrecht,Roda JC Kerkrade,2,0,H,1,0,H,Matchday 17,source_reported_FT,FC Dordrecht,Roda JC Kerkrade
openfootball/europe,https://raw.githubusercontent.com/openfootball/europe/7faa522aef63fa9a6fcb9d8189bd8bc52381e967/netherlands/2023-24_nl2.txt,7faa522aef63fa9a6fcb9d8189bd8bc52381e967,266,2026-09-04T07:12:35.730Z,Eerste Divisie,2023-24,2023-12-01,FC Groningen,VVV-Venlo,2,1,H,0,1,A,Matchday 17,source_reported_FT,FC Groningen,VVV-Venlo
openfootball/europe,https://raw.githubusercontent.com/openfootball/europe/7faa522aef63fa9a6fcb9d8189bd8bc52381e967/netherlands/2023-24_nl2.txt,7faa522aef63fa9a6fcb9d8189bd8bc52381e967,180,2026-09-04T07:12:35.730Z,Eerste Divisie,2023-24,2023-12-01,FC Utrecht J,Jong PSV,0,0,D,,,,Matchday 11,source_reported_FT,FC Utrecht J,Jong PSV
openfootball/europe,https://raw.githubusercontent.com/openfootball/europe/7faa522aef63fa9a6fcb9d8189bd8bc52381e967/netherlands/2023-24_nl2.txt,7faa522aef63fa9a6fcb9d8189bd8bc52381e967,268,2026-09-04T07:12:35.730Z,Eerste Divisie,2023-24,2023-12-01,Helmond Sport,ADO Den Haag,3,2,H,2,1,H,Matchday 17,source_reported_FT,Helmond Sport,ADO Den Haag
openfootball/europe,https://raw.githubusercontent.com/openfootball/europe/7faa522aef63fa9a6fcb9d8189bd8bc52381e967/netherlands/2023-24_nl2.txt,7faa522aef63fa9a6fcb9d8189bd8bc52381e967,272,2026-09-04T07:12:35.730Z,Eerste Divisie,2023-24,2023-12-01,MVV,AZ Alkmaar J,4,0,H,2,0,H,Matchday 17,source_reported_FT,MVV,AZ Alkmaar J
openfootball/europe,https://raw.githubusercontent.com/openfootball/europe/7faa522aef63fa9a6fcb9d8189bd8bc52381e967/netherlands/2023-24_nl2.txt,7faa522aef63fa9a6fcb9d8189bd8bc52381e967,267,2026-09-04T07:12:35.730Z,Eerste Divisie,2023-24,2023-12-01,SC Cambuur,FC Eindhoven,2,2,D,1,1,D,Matchday 17,source_reported_FT,SC Cambuur,FC Eindhoven
openfootball/europe,https://raw.githubusercontent.com/openfootball/europe/7faa522aef63fa9a6fcb9d8189bd8bc52381e967/netherlands/2023-24_nl2.txt,7faa522aef63fa9a6fcb9d8189bd8bc52381e967,269,2026-09-04T07:12:35.730Z,Eerste Divisie,2023-24,2023-12-01,TOP Oss,De Graafschap,0,1,A,0,1,A,Matchday 17,source_reported_FT,TOP Oss,De Graafschap
openfootball/europe,https://raw.githubusercontent.com/openfootball/europe/7faa522aef63fa9a6fcb9d8189bd8bc52381e967/netherlands/2023-24_nl2.txt,7faa522aef63fa9a6fcb9d8189bd8bc52381e967,270,2026-09-04T07:12:35.730Z,Eerste Divisie,2023-24,2023-12-01,Willem II,FC Emmen,3,0,H,0,0,D,Matchday 17,source_reported_FT,Willem II,FC Emmen
openfootball/europe,https://raw.githubusercontent.com/openfootball/europe/7faa522aef63fa9a6fcb9d8189bd8bc52381e967/netherlands/2023-24_nl2.txt,7faa522aef63fa9a6fcb9d8189bd8bc52381e967,245,2026-09-04T07:12:35.730Z,Eerste Divisie,2023-24,2023-12-04,De Graafschap,FC Dordrecht,1,1,D,0,1,A,Matchday 15,source_reported_FT,De Graafschap,FC Dordrecht
openfootball/europe,https://raw.githubusercontent.com/openfootball/europe/7faa522aef63fa9a6fcb9d8189bd8bc52381e967/netherlands/2023-24_nl2.txt,7faa522aef63fa9a6fcb9d8189bd8bc52381e967,275,2026-09-04T07:12:35.730Z,Eerste Divisie,2023-24,2023-12-04,FC Utrecht J,Telstar,0,0,D,,,,Matchday 17,source_reported_FT,FC Utrecht J,Telstar
openfootball/europe,https://raw.githubusercontent.com/openfootball/europe/7faa522aef63fa9a6fcb9d8189bd8bc52381e967/netherlands/2023-24_nl2.txt,7faa522aef63fa9a6fcb9d8189bd8bc52381e967,274,2026-09-04T07:12:35.730Z,Eerste Divisie,2023-24,2023-12-04,Jong PSV,NAC Breda,0,5,A,0,1,A,Matchday 17,source_reported_FT,Jong PSV,NAC Breda
openfootball/europe,https://raw.githubusercontent.com/openfootball/europe/7faa522aef63fa9a6fcb9d8189bd8bc52381e967/netherlands/2023-24_nl2.txt,7faa522aef63fa9a6fcb9d8189bd8bc52381e967,280,2026-09-04T07:12:35.730Z,Eerste Divisie,2023-24,2023-12-08,ADO Den Haag,Willem II,1,1,D,1,0,H,Matchday 18,source_reported_FT,ADO Den Haag,Willem II
openfootball/europe,https://raw.githubusercontent.com/openfootball/europe/7faa522aef63fa9a6fcb9d8189bd8bc52381e967/netherlands/2023-24_nl2.txt,7faa522aef63fa9a6fcb9d8189bd8bc52381e967,287,2026-09-04T07:12:35.730Z,Eerste Divisie,2023-24,2023-12-08,De Graafschap,SC Cambuur,2,3,A,1,1,D,Matchday 18,source_reported_FT,De Graafschap,SC Cambuur
openfootball/europe,https://raw.githubusercontent.com/openfootball/europe/7faa522aef63fa9a6fcb9d8189bd8bc52381e967/netherlands/2023-24_nl2.txt,7faa522aef63fa9a6fcb9d8189bd8bc52381e967,281,2026-09-04T07:12:35.730Z,Eerste Divisie,2023-24,2023-12-08,FC Eindhoven,FC Emmen,3,2,H,1,2,A,Matchday 18,source_reported_FT,FC Eindhoven,FC Emmen
openfootball/europe,https://raw.githubusercontent.com/openfootball/europe/7faa522aef63fa9a6fcb9d8189bd8bc52381e967/netherlands/2023-24_nl2.txt,7faa522aef63fa9a6fcb9d8189bd8bc52381e967,282,2026-09-04T07:12:35.730Z,Eerste Divisie,2023-24,2023-12-08,FC Groningen,Telstar,2,0,H,2,0,H,Matchday 18,source_reported_FT,FC Groningen,Telstar
openfootball/europe,https://raw.githubusercontent.com/openfootball/europe/7faa522aef63fa9a6fcb9d8189bd8bc52381e967/netherlands/2023-24_nl2.txt,7faa522aef63fa9a6fcb9d8189bd8bc52381e967,283,2026-09-04T07:12:35.730Z,Eerste Divisie,2023-24,2023-12-08,Helmond Sport,MVV,1,2,A,1,0,H,Matchday 18,source_reported_FT,Helmond Sport,MVV
openfootball/europe,https://raw.githubusercontent.com/openfootball/europe/7faa522aef63fa9a6fcb9d8189bd8bc52381e967/netherlands/2023-24_nl2.txt,7faa522aef63fa9a6fcb9d8189bd8bc52381e967,284,2026-09-04T07:12:35.730Z,Eerste Divisie,2023-24,2023-12-08,NAC Breda,TOP Oss,2,0,H,0,0,D,Matchday 18,source_reported_FT,NAC Breda,TOP Oss
openfootball/europe,https://raw.githubusercontent.com/openfootball/europe/7faa522aef63fa9a6fcb9d8189bd8bc52381e967/netherlands/2023-24_nl2.txt,7faa522aef63fa9a6fcb9d8189bd8bc52381e967,286,2026-09-04T07:12:35.730Z,Eerste Divisie,2023-24,2023-12-08,Roda JC Kerkrade,Jong PSV,2,1,H,1,1,D,Matchday 18,source_reported_FT,Roda JC Kerkrade,Jong PSV
openfootball/europe,https://raw.githubusercontent.com/openfootball/europe/7faa522aef63fa9a6fcb9d8189bd8bc52381e967/netherlands/2023-24_nl2.txt,7faa522aef63fa9a6fcb9d8189bd8bc52381e967,285,2026-09-04T07:12:35.730Z,Eerste Divisie,2023-24,2023-12-08,VVV-Venlo,FC Dordrecht,3,1,H,1,1,D,Matchday 18,source_reported_FT,VVV-Venlo,FC Dordrecht
openfootball/europe,https://raw.githubusercontent.com/openfootball/europe/7faa522aef63fa9a6fcb9d8189bd8bc52381e967/netherlands/2023-24_nl2.txt,7faa522aef63fa9a6fcb9d8189bd8bc52381e967,290,2026-09-04T07:12:35.730Z,Eerste Divisie,2023-24,2023-12-11,AZ Alkmaar J,FC Den Bosch,0,0,D,,,,Matchday 18,source_reported_FT,AZ Alkmaar J,FC Den Bosch
openfootball/europe,https://raw.githubusercontent.com/openfootball/europe/7faa522aef63fa9a6fcb9d8189bd8bc52381e967/netherlands/2023-24_nl2.txt,7faa522aef63fa9a6fcb9d8189bd8bc52381e967,289,2026-09-04T07:12:35.730Z,Eerste Divisie,2023-24,2023-12-11,Jong Ajax,FC Utrecht J,2,1,H,1,1,D,Matchday 18,source_reported_FT,Jong Ajax,FC Utrecht J
openfootball/europe,https://raw.githubusercontent.com/openfootball/europe/7faa522aef63fa9a6fcb9d8189bd8bc52381e967/netherlands/2023-24_nl2.txt,7faa522aef63fa9a6fcb9d8189bd8bc52381e967,295,2026-09-04T07:12:35.730Z,Eerste Divisie,2023-24,2023-12-15,ADO Den Haag,NAC Breda,3,1,H,3,1,H,Matchday 19,source_reported_FT,ADO Den Haag,NAC Breda
openfootball/europe,https://raw.githubusercontent.com/openfootball/europe/7faa522aef63fa9a6fcb9d8189bd8bc52381e967/netherlands/2023-24_nl2.txt,7faa522aef63fa9a6fcb9d8189bd8bc52381e967,296,2026-09-04T07:12:35.730Z,Eerste Divisie,2023-24,2023-12-15,FC Den Bosch,De Graafschap,0,4,A,0,2,A,Matchday 19,source_reported_FT,FC Den Bosch,De Graafschap
openfootball/europe,https://raw.githubusercontent.com/openfootball/europe/7faa522aef63fa9a6fcb9d8189bd8bc52381e967/netherlands/2023-24_nl2.txt,7faa522aef63fa9a6fcb9d8189bd8bc52381e967,297,2026-09-04T07:12:35.730Z,Eerste Divisie,2023-24,2023-12-15,FC Emmen,Roda JC Kerkrade,0,1,A,0,1,A,Matchday 19,source_reported_FT,FC Emmen,Roda JC Kerkrade
openfootball/europe,https://raw.githubusercontent.com/openfootball/europe/7faa522aef63fa9a6fcb9d8189bd8bc52381e967/netherlands/2023-24_nl2.txt,7faa522aef63fa9a6fcb9d8189bd8bc52381e967,300,2026-09-04T07:12:35.730Z,Eerste Divisie,2023-24,2023-12-15,FC Utrecht J,FC Eindhoven,2,5,A,1,1,D,Matchday 19,source_reported_FT,FC Utrecht J,FC Eindhoven
openfootball/europe,https://raw.githubusercontent.com/openfootball/europe/7faa522aef63fa9a6fcb9d8189bd8bc52381e967/netherlands/2023-24_nl2.txt,7faa522aef63fa9a6fcb9d8189bd8bc52381e967,303,2026-09-04T07:12:35.730Z,Eerste Divisie,2023-24,2023-12-15,Jong PSV,Jong Ajax,2,2,D,1,0,H,Matchday 19,source_reported_FT,Jong PSV,Jong Ajax
openfootball/europe,https://raw.githubusercontent.com/openfootball/europe/7faa522aef63fa9a6fcb9d8189bd8bc52381e967/netherlands/2023-24_nl2.txt,7faa522aef63fa9a6fcb9d8189bd8bc52381e967,301,2026-09-04T07:12:35.730Z,Eerste Divisie,2023-24,2023-12-15,MVV,FC Groningen,1,1,D,0,1,A,Matchday 19,source_reported_FT,MVV,FC Groningen
openfootball/europe,https://raw.githubusercontent.com/openfootball/europe/7faa522aef63fa9a6fcb9d8189bd8bc52381e967/netherlands/2023-24_nl2.txt,7faa522aef63fa9a6fcb9d8189bd8bc52381e967,304,2026-09-04T07:12:35.730Z,Eerste Divisie,2023-24,2023-12-15,SC Cambuur,AZ Alkmaar J,1,2,A,0,1,A,Matchday 19,source_reported_FT,SC Cambuur,AZ Alkmaar J
openfootball/europe,https://raw.githubusercontent.com/openfootball/europe/7faa522aef63fa9a6fcb9d8189bd8bc52381e967/netherlands/2023-24_nl2.txt,7faa522aef63fa9a6fcb9d8189bd8bc52381e967,298,2026-09-04T07:12:35.730Z,Eerste Divisie,2023-24,2023-12-15,TOP Oss,VVV-Venlo,2,1,H,2,1,H,Matchday 19,source_reported_FT,TOP Oss,VVV-Venlo
openfootball/europe,https://raw.githubusercontent.com/openfootball/europe/7faa522aef63fa9a6fcb9d8189bd8bc52381e967/netherlands/2023-24_nl2.txt,7faa522aef63fa9a6fcb9d8189bd8bc52381e967,299,2026-09-04T07:12:35.730Z,Eerste Divisie,2023-24,2023-12-15,Telstar,FC Dordrecht,0,2,A,0,0,D,Matchday 19,source_reported_FT,Telstar,FC Dordrecht
openfootball/europe,https://raw.githubusercontent.com/openfootball/europe/7faa522aef63fa9a6fcb9d8189bd8bc52381e967/netherlands/2023-24_nl2.txt,7faa522aef63fa9a6fcb9d8189bd8bc52381e967,302,2026-09-04T07:12:35.730Z,Eerste Divisie,2023-24,2023-12-15,Willem II,Helmond Sport,4,1,H,1,1,D,Matchday 19,source_reported_FT,Willem II,Helmond Sport
openfootball/europe,https://raw.githubusercontent.com/openfootball/europe/7faa522aef63fa9a6fcb9d8189bd8bc52381e967/netherlands/2023-24_nl2.txt,7faa522aef63fa9a6fcb9d8189bd8bc52381e967,310,2026-09-04T07:12:35.730Z,Eerste Divisie,2023-24,2023-12-22,FC Den Bosch,SC Cambuur,3,1,H,1,0,H,Matchday 20,source_reported_FT,FC Den Bosch,SC Cambuur
openfootball/europe,https://raw.githubusercontent.com/openfootball/europe/7faa522aef63fa9a6fcb9d8189bd8bc52381e967/netherlands/2023-24_nl2.txt,7faa522aef63fa9a6fcb9d8189bd8bc52381e967,312,2026-09-04T07:12:35.730Z,Eerste Divisie,2023-24,2023-12-22,FC Groningen,FC Utrecht J,2,1,H,0,1,A,Matchday 20,source_reported_FT,FC Groningen,FC Utrecht J
openfootball/europe,https://raw.githubusercontent.com/openfootball/europe/7faa522aef63fa9a6fcb9d8189bd8bc52381e967/netherlands/2023-24_nl2.txt,7faa522aef63fa9a6fcb9d8189bd8bc52381e967,309,2026-09-04T07:12:35.730Z,Eerste Divisie,2023-24,2023-12-22,MVV,TOP Oss,2,0,H,1,0,H,Matchday 20,source_reported_FT,MVV,TOP Oss
openfootball/europe,https://raw.githubusercontent.com/openfootball/europe/7faa522aef63fa9a6fcb9d8189bd8bc52381e967/netherlands/2023-24_nl2.txt,7faa522aef63fa9a6fcb9d8189bd8bc52381e967,313,2026-09-04T07:12:35.730Z,Eerste Divisie,2023-24,2023-12-22,NAC Breda,Willem II,1,2,A,0,2,A,Matchday 20,source_reported_FT,NAC Breda,Willem II
openfootball/europe,https://raw.githubusercontent.com/openfootball/europe/7faa522aef63fa9a6fcb9d8189bd8bc52381e967/netherlands/2023-24_nl2.txt,7faa522aef63fa9a6fcb9d8189bd8bc52381e967,311,2026-09-04T07:12:35.730Z,Eerste Divisie,2023-24,2023-12-22,VVV-Venlo,Telstar,2,1,H,1,1,D,Matchday 20,source_reported_FT,VVV-Venlo,Telstar
openfootball/europe,https://raw.githubusercontent.com/openfootball/europe/7faa522aef63fa9a6fcb9d8189bd8bc52381e967/netherlands/2023-24_nl2.txt,7faa522aef63fa9a6fcb9d8189bd8bc52381e967,315,2026-09-04T07:12:35.730Z,Eerste Divisie,2023-24,2023-12-23,AZ Alkmaar J,ADO Den Haag,1,2,A,1,0,H,Matchday 20,source_reported_FT,AZ Alkmaar J,ADO Den Haag
openfootball/europe,https://raw.githubusercontent.com/openfootball/europe/7faa522aef63fa9a6fcb9d8189bd8bc52381e967/netherlands/2023-24_nl2.txt,7faa522aef63fa9a6fcb9d8189bd8bc52381e967,316,2026-09-04T07:12:35.730Z,Eerste Divisie,2023-24,2023-12-23,FC Dordrecht,FC Emmen,2,1,H,1,1,D,Matchday 20,source_reported_FT,FC Dordrecht,FC Emmen
openfootball/europe,https://raw.githubusercontent.com/openfootball/europe/7faa522aef63fa9a6fcb9d8189bd8bc52381e967/netherlands/2023-24_nl2.txt,7faa522aef63fa9a6fcb9d8189bd8bc52381e967,318,2026-09-04T07:12:35.730Z,Eerste Divisie,2023-24,2023-12-23,FC Eindhoven,Jong Ajax,2,2,D,1,1,D,Matchday 20,source_reported_FT,FC Eindhoven,Jong Ajax
openfootball/europe,https://raw.githubusercontent.com/openfootball/europe/7faa522aef63fa9a6fcb9d8189bd8bc52381e967/netherlands/2023-24_nl2.txt,7faa522aef63fa9a6fcb9d8189bd8bc52381e967,317,2026-09-04T07:12:35.730Z,Eerste Divisie,2023-24,2023-12-23,Helmond Sport,Roda JC Kerkrade,3,3,D,2,1,H,Matchday 20,source_reported_FT,Helmond Sport,Roda JC Kerkrade
openfootball/europe,https://raw.githubusercontent.com/openfootball/europe/7faa522aef63fa9a6fcb9d8189bd8bc52381e967/netherlands/2023-24_nl2.txt,7faa522aef63fa9a6fcb9d8189bd8bc52381e967,325,2026-09-04T07:12:35.730Z,Eerste Divisie,2023-24,2024-01-12,ADO Den Haag,De Graafschap,5,3,H,0,2,A,Matchday 21,source_reported_FT,ADO Den Haag,De Graafschap
openfootball/europe,https://raw.githubusercontent.com/openfootball/europe/7faa522aef63fa9a6fcb9d8189bd8bc52381e967/netherlands/2023-24_nl2.txt,7faa522aef63fa9a6fcb9d8189bd8bc52381e967,326,2026-09-04T07:12:35.730Z,Eerste Divisie,2023-24,2024-01-12,FC Dordrecht,Helmond Sport,2,0,H,1,0,H,Matchday 21,source_reported_FT,FC Dordrecht,Helmond Sport
openfootball/europe,https://raw.githubusercontent.com/openfootball/europe/7faa522aef63fa9a6fcb9d8189bd8bc52381e967/netherlands/2023-24_nl2.txt,7faa522aef63fa9a6fcb9d8189bd8bc52381e967,327,2026-09-04T07:12:35.730Z,Eerste Divisie,2023-24,2024-01-12,SC Cambuur,MVV,5,2,H,3,0,H,Matchday 21,source_reported_FT,SC Cambuur,MVV
openfootball/europe,https://raw.githubusercontent.com/openfootball/europe/7faa522aef63fa9a6fcb9d8189bd8bc52381e967/netherlands/2023-24_nl2.txt,7faa522aef63fa9a6fcb9d8189bd8bc52381e967,328,2026-09-04T07:12:35.730Z,Eerste Divisie,2023-24,2024-01-12,TOP Oss,Willem II,0,5,A,0,2,A,Matchday 21,source_reported_FT,TOP Oss,Willem II
openfootball/europe,https://raw.githubusercontent.com/openfootball/europe/7faa522aef63fa9a6fcb9d8189bd8bc52381e967/netherlands/2023-24_nl2.txt,7faa522aef63fa9a6fcb9d8189bd8bc52381e967,329,2026-09-04T07:12:35.730Z,Eerste Divisie,2023-24,2024-01-12,Telstar,AZ Alkmaar J,1,1,D,1,1,D,Matchday 21,source_reported_FT,Telstar,AZ Alkmaar J
openfootball/europe,https://raw.githubusercontent.com/openfootball/europe/7faa522aef63fa9a6fcb9d8189bd8bc52381e967/netherlands/2023-24_nl2.txt,7faa522aef63fa9a6fcb9d8189bd8bc52381e967,331,2026-09-04T07:12:35.730Z,Eerste Divisie,2023-24,2024-01-13,FC Emmen,NAC Breda,2,3,A,2,0,H,Matchday 21,source_reported_FT,FC Emmen,NAC Breda
openfootball/europe,https://raw.githubusercontent.com/openfootball/europe/7faa522aef63fa9a6fcb9d8189bd8bc52381e967/netherlands/2023-24_nl2.txt,7faa522aef63fa9a6fcb9d8189bd8bc52381e967,333,2026-09-04T07:12:35.730Z,Eerste Divisie,2023-24,2024-01-15,FC Utrecht J,VVV-Venlo,0,0,D,,,,Matchday 21,source_reported_FT,FC Utrecht J,VVV-Venlo
openfootball/europe,https://raw.githubusercontent.com/openfootball/europe/7faa522aef63fa9a6fcb9d8189bd8bc52381e967/netherlands/2023-24_nl2.txt,7faa522aef63fa9a6fcb9d8189bd8bc52381e967,334,2026-09-04T07:12:35.730Z,Eerste Divisie,2023-24,2024-01-15,Jong PSV,FC Den Bosch,2,2,D,0,1,A,Matchday 21,source_reported_FT,Jong PSV,FC Den Bosch
openfootball/europe,https://raw.githubusercontent.com/openfootball/europe/7faa522aef63fa9a6fcb9d8189bd8bc52381e967/netherlands/2023-24_nl2.txt,7faa522aef63fa9a6fcb9d8189bd8bc52381e967,342,2026-09-04T07:12:35.730Z,Eerste Divisie,2023-24,2024-01-19,FC Den Bosch,Roda JC Kerkrade,0,0,D,,,,Matchday 22,source_reported_FT,FC Den Bosch,Roda JC Kerkrade
openfootball/europe,https://raw.githubusercontent.com/openfootball/europe/7faa522aef63fa9a6fcb9d8189bd8bc52381e967/netherlands/2023-24_nl2.txt,7faa522aef63fa9a6fcb9d8189bd8bc52381e967,343,2026-09-04T07:12:35.730Z,Eerste Divisie,2023-24,2024-01-19,FC Eindhoven,De Graafschap,0,1,A,0,0,D,Matchday 22,source_reported_FT,FC Eindhoven,De Graafschap
openfootball/europe,https://raw.githubusercontent.com/openfootball/europe/7faa522aef63fa9a6fcb9d8189bd8bc52381e967/netherlands/2023-24_nl2.txt,7faa522aef63fa9a6fcb9d8189bd8bc52381e967,344,2026-09-04T07:12:35.730Z,Eerste Divisie,2023-24,2024-01-19,Helmond Sport,Jong PSV,2,2,D,2,1,H,Matchday 22,source_reported_FT,Helmond Sport,Jong PSV
openfootball/europe,https://raw.githubusercontent.com/openfootball/europe/7faa522aef63fa9a6fcb9d8189bd8bc52381e967/netherlands/2023-24_nl2.txt,7faa522aef63fa9a6fcb9d8189bd8bc52381e967,345,2026-09-04T07:12:35.730Z,Eerste Divisie,2023-24,2024-01-19,MVV,FC Utrecht J,3,0,H,1,0,H,Matchday 22,source_reported_FT,MVV,FC Utrecht J
openfootball/europe,https://raw.githubusercontent.com/openfootball/europe/7faa522aef63fa9a6fcb9d8189bd8bc52381e967/netherlands/2023-24_nl2.txt,7faa522aef63fa9a6fcb9d8189bd8bc52381e967,346,2026-09-04T07:12:35.730Z,Eerste Divisie,2023-24,2024-01-19,TOP Oss,Telstar,1,0,H,0,0,D,Matchday 22,source_reported_FT,TOP Oss,Telstar
openfootball/europe,https://raw.githubusercontent.com/openfootball/europe/7faa522aef63fa9a6fcb9d8189bd8bc52381e967/netherlands/2023-24_nl2.txt,7faa522aef63fa9a6fcb9d8189bd8bc52381e967,347,2026-09-04T07:12:35.730Z,Eerste Divisie,2023-24,2024-01-19,Willem II,Jong Ajax,1,1,D,1,1,D,Matchday 22,source_reported_FT,Willem II,Jong Ajax
openfootball/europe,https://raw.githubusercontent.com/openfootball/europe/7faa522aef63fa9a6fcb9d8189bd8bc52381e967/netherlands/2023-24_nl2.txt,7faa522aef63fa9a6fcb9d8189bd8bc52381e967,350,2026-09-04T07:12:35.730Z,Eerste Divisie,2023-24,2024-01-22,AZ Alkmaar J,FC Dordrecht,5,1,H,3,0,H,Matchday 22,source_reported_FT,AZ Alkmaar J,FC Dordrecht
openfootball/europe,https://raw.githubusercontent.com/openfootball/europe/7faa522aef63fa9a6fcb9d8189bd8bc52381e967/netherlands/2023-24_nl2.txt,7faa522aef63fa9a6fcb9d8189bd8bc52381e967,320,2026-09-04T07:12:35.730Z,Eerste Divisie,2023-24,2024-01-22,De Graafschap,Jong PSV,4,2,H,3,1,H,Matchday 20,source_reported_FT,De Graafschap,Jong PSV
openfootball/europe,https://raw.githubusercontent.com/openfootball/europe/7faa522aef63fa9a6fcb9d8189bd8bc52381e967/netherlands/2023-24_nl2.txt,7faa522aef63fa9a6fcb9d8189bd8bc52381e967,337,2026-09-04T07:12:35.730Z,Eerste Divisie,2023-24,2024-01-22,Jong Ajax,FC Groningen,0,1,A,0,1,A,Matchday 21,source_reported_FT,Jong Ajax,FC Groningen
openfootball/europe,https://raw.githubusercontent.com/openfootball/europe/7faa522aef63fa9a6fcb9d8189bd8bc52381e967/netherlands/2023-24_nl2.txt,7faa522aef63fa9a6fcb9d8189bd8bc52381e967,336,2026-09-04T07:12:35.730Z,Eerste Divisie,2023-24,2024-01-22,Roda JC Kerkrade,FC Eindhoven,3,0,H,3,0,H,Matchday 21,source_reported_FT,Roda JC Kerkrade,FC Eindhoven
openfootball/europe,https://raw.githubusercontent.com/openfootball/europe/7faa522aef63fa9a6fcb9d8189bd8bc52381e967/netherlands/2023-24_nl2.txt,7faa522aef63fa9a6fcb9d8189bd8bc52381e967,349,2026-09-04T07:12:35.730Z,Eerste Divisie,2023-24,2024-01-22,VVV-Venlo,ADO Den Haag,2,1,H,2,1,H,Matchday 22,source_reported_FT,VVV-Venlo,ADO Den Haag
openfootball/europe,https://raw.githubusercontent.com/openfootball/europe/7faa522aef63fa9a6fcb9d8189bd8bc52381e967/netherlands/2023-24_nl2.txt,7faa522aef63fa9a6fcb9d8189bd8bc52381e967,359,2026-09-04T07:12:35.730Z,Eerste Divisie,2023-24,2024-01-26,ADO Den Haag,FC Emmen,3,0,H,2,0,H,Matchday 23,source_reported_FT,ADO Den Haag,FC Emmen
openfootball/europe,https://raw.githubusercontent.com/openfootball/europe/7faa522aef63fa9a6fcb9d8189bd8bc52381e967/netherlands/2023-24_nl2.txt,7faa522aef63fa9a6fcb9d8189bd8bc52381e967,360,2026-09-04T07:12:35.730Z,Eerste Divisie,2023-24,2024-01-26,De Graafschap,VVV-Venlo,3,0,H,1,0,H,Matchday 23,source_reported_FT,De Graafschap,VVV-Venlo
openfootball/europe,https://raw.githubusercontent.com/openfootball/europe/7faa522aef63fa9a6fcb9d8189bd8bc52381e967/netherlands/2023-24_nl2.txt,7faa522aef63fa9a6fcb9d8189bd8bc52381e967,361,2026-09-04T07:12:35.730Z,Eerste Divisie,2023-24,2024-01-26,FC Eindhoven,MVV,0,3,A,0,0,D,Matchday 23,source_reported_FT,FC Eindhoven,MVV
openfootball/europe,https://raw.githubusercontent.com/openfootball/europe/7faa522aef63fa9a6fcb9d8189bd8bc52381e967/netherlands/2023-24_nl2.txt,7faa522aef63fa9a6fcb9d8189bd8bc52381e967,365,2026-09-04T07:12:35.730Z,Eerste Divisie,2023-24,2024-01-26,FC Groningen,AZ Alkmaar J,4,1,H,2,1,H,Matchday 23,source_reported_FT,FC Groningen,AZ Alkmaar J
openfootball/europe,https://raw.githubusercontent.com/openfootball/europe/7faa522aef63fa9a6fcb9d8189bd8bc52381e967/netherlands/2023-24_nl2.txt,7faa522aef63fa9a6fcb9d8189bd8bc52381e967,362,2026-09-04T07:12:35.730Z,Eerste Divisie,2023-24,2024-01-26,Helmond Sport,NAC Breda,1,0,H,0,0,D,Matchday 23,source_reported_FT,Helmond Sport,NAC Breda
openfootball/europe,https://raw.githubusercontent.com/openfootball/europe/7faa522aef63fa9a6fcb9d8189bd8bc52381e967/netherlands/2023-24_nl2.txt,7faa522aef63fa9a6fcb9d8189bd8bc52381e967,363,2026-09-04T07:12:35.730Z,Eerste Divisie,2023-24,2024-01-26,Roda JC Kerkrade,FC Utrecht J,0,0,D,,,,Matchday 23,source_reported_FT,Roda JC Kerkrade,FC Utrecht J
openfootball/europe,https://raw.githubusercontent.com/openfootball/europe/7faa522aef63fa9a6fcb9d8189bd8bc52381e967/netherlands/2023-24_nl2.txt,7faa522aef63fa9a6fcb9d8189bd8bc52381e967,364,2026-09-04T07:12:35.730Z,Eerste Divisie,2023-24,2024-01-26,Telstar,FC Den Bosch,0,0,D,,,,Matchday 23,source_reported_FT,Telstar,FC Den Bosch
openfootball/europe,https://raw.githubusercontent.com/openfootball/europe/7faa522aef63fa9a6fcb9d8189bd8bc52381e967/netherlands/2023-24_nl2.txt,7faa522aef63fa9a6fcb9d8189bd8bc52381e967,368,2026-09-04T07:12:35.730Z,Eerste Divisie,2023-24,2024-01-29,Jong Ajax,FC Dordrecht,2,2,D,2,1,H,Matchday 23,source_reported_FT,Jong Ajax,FC Dordrecht
openfootball/europe,https://raw.githubusercontent.com/openfootball/europe/7faa522aef63fa9a6fcb9d8189bd8bc52381e967/netherlands/2023-24_nl2.txt,7faa522aef63fa9a6fcb9d8189bd8bc52381e967,369,2026-09-04T07:12:35.730Z,Eerste Divisie,2023-24,2024-01-29,Jong PSV,Willem II,1,1,D,0,0,D,Matchday 23,source_reported_FT,Jong PSV,Willem II
openfootball/europe,https://raw.githubusercontent.com/openfootball/europe/7faa522aef63fa9a6fcb9d8189bd8bc52381e967/netherlands/2023-24_nl2.txt,7faa522aef63fa9a6fcb9d8189bd8bc52381e967,367,2026-09-04T07:12:35.730Z,Eerste Divisie,2023-24,2024-01-29,SC Cambuur,TOP Oss,1,2,A,0,0,D,Matchday 23,source_reported_FT,SC Cambuur,TOP Oss
openfootball/europe,https://raw.githubusercontent.com/openfootball/europe/7faa522aef63fa9a6fcb9d8189bd8bc52381e967/netherlands/2023-24_nl2.txt,7faa522aef63fa9a6fcb9d8189bd8bc52381e967,374,2026-09-04T07:12:35.730Z,Eerste Divisie,2023-24,2024-02-02,FC Den Bosch,Helmond Sport,0,0,D,,,,Matchday 24,source_reported_FT,FC Den Bosch,Helmond Sport
openfootball/europe,https://raw.githubusercontent.com/openfootball/europe/7faa522aef63fa9a6fcb9d8189bd8bc52381e967/netherlands/2023-24_nl2.txt,7faa522aef63fa9a6fcb9d8189bd8bc52381e967,375,2026-09-04T07:12:35.730Z,Eerste Divisie,2023-24,2024-02-02,FC Dordrecht,FC Groningen,1,0,H,1,0,H,Matchday 24,source_reported_FT,FC Dordrecht,FC Groningen
openfootball/europe,https://raw.githubusercontent.com/openfootball/europe/7faa522aef63fa9a6fcb9d8189bd8bc52381e967/netherlands/2023-24_nl2.txt,7faa522aef63fa9a6fcb9d8189bd8bc52381e967,379,2026-09-04T07:12:35.730Z,Eerste Divisie,2023-24,2024-02-02,FC Emmen,FC Eindhoven,1,1,D,0,1,A,Matchday 24,source_reported_FT,FC Emmen,FC Eindhoven
openfootball/europe,https://raw.githubusercontent.com/openfootball/europe/7faa522aef63fa9a6fcb9d8189bd8bc52381e967/netherlands/2023-24_nl2.txt,7faa522aef63fa9a6fcb9d8189bd8bc52381e967,376,2026-09-04T07:12:35.730Z,Eerste Divisie,2023-24,2024-02-02,MVV,Telstar,6,1,H,3,0,H,Matchday 24,source_reported_FT,MVV,Telstar
openfootball/europe,https://raw.githubusercontent.com/openfootball/europe/7faa522aef63fa9a6fcb9d8189bd8bc52381e967/netherlands/2023-24_nl2.txt,7faa522aef63fa9a6fcb9d8189bd8bc52381e967,378,2026-09-04T07:12:35.730Z,Eerste Divisie,2023-24,2024-02-02,NAC Breda,De Graafschap,0,0,D,,,,Matchday 24,source_reported_FT,NAC Breda,De Graafschap
openfootball/europe,https://raw.githubusercontent.com/openfootball/europe/7faa522aef63fa9a6fcb9d8189bd8bc52381e967/netherlands/2023-24_nl2.txt,7faa522aef63fa9a6fcb9d8189bd8bc52381e967,377,2026-09-04T07:12:35.730Z,Eerste Divisie,2023-24,2024-02-02,TOP Oss,ADO Den Haag,1,3,A,1,3,A,Matchday 24,source_reported_FT,TOP Oss,ADO Den Haag
openfootball/europe,https://raw.githubusercontent.com/openfootball/europe/7faa522aef63fa9a6fcb9d8189bd8bc52381e967/netherlands/2023-24_nl2.txt,7faa522aef63fa9a6fcb9d8189bd8bc52381e967,380,2026-09-04T07:12:35.730Z,Eerste Divisie,2023-24,2024-02-02,VVV-Venlo,Jong PSV,3,2,H,1,1,D,Matchday 24,source_reported_FT,VVV-Venlo,Jong PSV
openfootball/europe,https://raw.githubusercontent.com/openfootball/europe/7faa522aef63fa9a6fcb9d8189bd8bc52381e967/netherlands/2023-24_nl2.txt,7faa522aef63fa9a6fcb9d8189bd8bc52381e967,381,2026-09-04T07:12:35.730Z,Eerste Divisie,2023-24,2024-02-02,Willem II,SC Cambuur,1,1,D,1,1,D,Matchday 24,source_reported_FT,Willem II,SC Cambuur
openfootball/europe,https://raw.githubusercontent.com/openfootball/europe/7faa522aef63fa9a6fcb9d8189bd8bc52381e967/netherlands/2023-24_nl2.txt,7faa522aef63fa9a6fcb9d8189bd8bc52381e967,383,2026-09-04T07:12:35.730Z,Eerste Divisie,2023-24,2024-02-05,AZ Alkmaar J,Roda JC Kerkrade,1,0,H,1,0,H,Matchday 24,source_reported_FT,AZ Alkmaar J,Roda JC Kerkrade
openfootball/europe,https://raw.githubusercontent.com/openfootball/europe/7faa522aef63fa9a6fcb9d8189bd8bc52381e967/netherlands/2023-24_nl2.txt,7faa522aef63fa9a6fcb9d8189bd8bc52381e967,384,2026-09-04T07:12:35.730Z,Eerste Divisie,2023-24,2024-02-05,FC Utrecht J,Jong Ajax,0,1,A,0,1,A,Matchday 24,source_reported_FT,FC Utrecht J,Jong Ajax
openfootball/europe,https://raw.githubusercontent.com/openfootball/europe/7faa522aef63fa9a6fcb9d8189bd8bc52381e967/netherlands/2023-24_nl2.txt,7faa522aef63fa9a6fcb9d8189bd8bc52381e967,389,2026-09-04T07:12:35.730Z,Eerste Divisie,2023-24,2024-02-09,De Graafschap,Willem II,0,2,A,0,1,A,Matchday 25,source_reported_FT,De Graafschap,Willem II
openfootball/europe,https://raw.githubusercontent.com/openfootball/europe/7faa522aef63fa9a6fcb9d8189bd8bc52381e967/netherlands/2023-24_nl2.txt,7faa522aef63fa9a6fcb9d8189bd8bc52381e967,392,2026-09-04T07:12:35.730Z,Eerste Divisie,2023-24,2024-02-09,Jong PSV,FC Emmen,3,0,H,2,0,H,Matchday 25,source_reported_FT,Jong PSV,FC Emmen
openfootball/europe,https://raw.githubusercontent.com/openfootball/europe/7faa522aef63fa9a6fcb9d8189bd8bc52381e967/netherlands/2023-24_nl2.txt,7faa522aef63fa9a6fcb9d8189bd8bc52381e967,391,2026-09-04T07:12:35.730Z,Eerste Divisie,2023-24,2024-02-09,NAC Breda,FC Eindhoven,2,2,D,2,0,H,Matchday 25,source_reported_FT,NAC Breda,FC Eindhoven
openfootball/europe,https://raw.githubusercontent.com/openfootball/europe/7faa522aef63fa9a6fcb9d8189bd8bc52381e967/netherlands/2023-24_nl2.txt,7faa522aef63fa9a6fcb9d8189bd8bc52381e967,390,2026-09-04T07:12:35.730Z,Eerste Divisie,2023-24,2024-02-09,Roda JC Kerkrade,FC Dordrecht,4,1,H,1,0,H,Matchday 25,source_reported_FT,Roda JC Kerkrade,FC Dordrecht
openfootball/europe,https://raw.githubusercontent.com/openfootball/europe/7faa522aef63fa9a6fcb9d8189bd8bc52381e967/netherlands/2023-24_nl2.txt,7faa522aef63fa9a6fcb9d8189bd8bc52381e967,393,2026-09-04T07:12:35.730Z,Eerste Divisie,2023-24,2024-02-09,Telstar,Helmond Sport,3,2,H,3,1,H,Matchday 25,source_reported_FT,Telstar,Helmond Sport
openfootball/europe,https://raw.githubusercontent.com/openfootball/europe/7faa522aef63fa9a6fcb9d8189bd8bc52381e967/netherlands/2023-24_nl2.txt,7faa522aef63fa9a6fcb9d8189bd8bc52381e967,395,2026-09-04T07:12:35.730Z,Eerste Divisie,2023-24,2024-02-10,SC Cambuur,VVV-Venlo,3,3,D,2,2,D,Matchday 25,source_reported_FT,SC Cambuur,VVV-Venlo
openfootball/europe,https://raw.githubusercontent.com/openfootball/europe/7faa522aef63fa9a6fcb9d8189bd8bc52381e967/netherlands/2023-24_nl2.txt,7faa522aef63fa9a6fcb9d8189bd8bc52381e967,397,2026-09-04T07:12:35.730Z,Eerste Divisie,2023-24,2024-02-11,ADO Den Haag,FC Den Bosch,3,0,H,1,0,H,Matchday 25,source_reported_FT,ADO Den Haag,FC Den Bosch
openfootball/europe,https://raw.githubusercontent.com/openfootball/europe/7faa522aef63fa9a6fcb9d8189bd8bc52381e967/netherlands/2023-24_nl2.txt,7faa522aef63fa9a6fcb9d8189bd8bc52381e967,398,2026-09-04T07:12:35.730Z,Eerste Divisie,2023-24,2024-02-11,FC Groningen,TOP Oss,3,0,H,1,0,H,Matchday 25,source_reported_FT,FC Groningen,TOP Oss
openfootball/europe,https://raw.githubusercontent.com/openfootball/europe/7faa522aef63fa9a6fcb9d8189bd8bc52381e967/netherlands/2023-24_nl2.txt,7faa522aef63fa9a6fcb9d8189bd8bc52381e967,401,2026-09-04T07:12:35.730Z,Eerste Divisie,2023-24,2024-02-12,FC Utrecht J,AZ Alkmaar J,1,2,A,0,1,A,Matchday 25,source_reported_FT,FC Utrecht J,AZ Alkmaar J
openfootball/europe,https://raw.githubusercontent.com/openfootball/europe/7faa522aef63fa9a6fcb9d8189bd8bc52381e967/netherlands/2023-24_nl2.txt,7faa522aef63fa9a6fcb9d8189bd8bc52381e967,400,2026-09-04T07:12:35.730Z,Eerste Divisie,2023-24,2024-02-12,Jong Ajax,MVV,3,0,H,2,0,H,Matchday 25,source_reported_FT,Jong Ajax,MVV
openfootball/europe,https://raw.githubusercontent.com/openfootball/europe/7faa522aef63fa9a6fcb9d8189bd8bc52381e967/netherlands/2023-24_nl2.txt,7faa522aef63fa9a6fcb9d8189bd8bc52381e967,413,2026-09-04T07:12:35.730Z,Eerste Divisie,2023-24,2024-02-16,FC Den Bosch,AZ Alkmaar J,0,0,D,,,,Matchday 26,source_reported_FT,FC Den Bosch,AZ Alkmaar J
openfootball/europe,https://raw.githubusercontent.com/openfootball/europe/7faa522aef63fa9a6fcb9d8189bd8bc52381e967/netherlands/2023-24_nl2.txt,7faa522aef63fa9a6fcb9d8189bd8bc52381e967,406,2026-09-04T07:12:35.730Z,Eerste Divisie,2023-24,2024-02-16,FC Dordrecht,VVV-Venlo,1,0,H,0,0,D,Matchday 26,source_reported_FT,FC Dordrecht,VVV-Venlo
openfootball/europe,https://raw.githubusercontent.com/openfootball/europe/7faa522aef63fa9a6fcb9d8189bd8bc52381e967/netherlands/2023-24_nl2.txt,7faa522aef63fa9a6fcb9d8189bd8bc52381e967,409,2026-09-04T07:12:35.730Z,Eerste Divisie,2023-24,2024-02-16,Helmond Sport,De Graafschap,3,1,H,2,1,H,Matchday 26,source_reported_FT,Helmond Sport,De Graafschap
openfootball/europe,https://raw.githubusercontent.com/openfootball/europe/7faa522aef63fa9a6fcb9d8189bd8bc52381e967/netherlands/2023-24_nl2.txt,7faa522aef63fa9a6fcb9d8189bd8bc52381e967,412,2026-09-04T07:12:35.730Z,Eerste Divisie,2023-24,2024-02-16,Roda JC Kerkrade,FC Emmen,3,2,H,1,1,D,Matchday 26,source_reported_FT,Roda JC Kerkrade,FC Emmen
openfootball/europe,https://raw.githubusercontent.com/openfootball/europe/7faa522aef63fa9a6fcb9d8189bd8bc52381e967/netherlands/2023-24_nl2.txt,7faa522aef63fa9a6fcb9d8189bd8bc52381e967,407,2026-09-04T07:12:35.730Z,Eerste Divisie,2023-24,2024-02-16,SC Cambuur,FC Utrecht J,2,4,A,1,1,D,Matchday 26,source_reported_FT,SC Cambuur,FC Utrecht J
openfootball/europe,https://raw.githubusercontent.com/openfootball/europe/7faa522aef63fa9a6fcb9d8189bd8bc52381e967/netherlands/2023-24_nl2.txt,7faa522aef63fa9a6fcb9d8189bd8bc52381e967,410,2026-09-04T07:12:35.730Z,Eerste Divisie,2023-24,2024-02-16,TOP Oss,Jong Ajax,2,1,H,2,0,H,Matchday 26,source_reported_FT,TOP Oss,Jong Ajax
openfootball/europe,https://raw.githubusercontent.com/openfootball/europe/7faa522aef63fa9a6fcb9d8189bd8bc52381e967/netherlands/2023-24_nl2.txt,7faa522aef63fa9a6fcb9d8189bd8bc52381e967,411,2026-09-04T07:12:35.730Z,Eerste Divisie,2023-24,2024-02-16,Telstar,NAC Breda,1,1,D,1,0,H,Matchday 26,source_reported_FT,Telstar,NAC Breda
openfootball/europe,https://raw.githubusercontent.com/openfootball/europe/7faa522aef63fa9a6fcb9d8189bd8bc52381e967/netherlands/2023-24_nl2.txt,7faa522aef63fa9a6fcb9d8189bd8bc52381e967,408,2026-09-04T07:12:35.730Z,Eerste Divisie,2023-24,2024-02-16,Willem II,ADO Den Haag,2,1,H,2,0,H,Matchday 26,source_reported_FT,Willem II,ADO Den Haag
openfootball/europe,https://raw.githubusercontent.com/openfootball/europe/7faa522aef63fa9a6fcb9d8189bd8bc52381e967/netherlands/2023-24_nl2.txt,7faa522aef63fa9a6fcb9d8189bd8bc52381e967,415,2026-09-04T07:12:35.730Z,Eerste Divisie,2023-24,2024-02-18,FC Eindhoven,FC Groningen,0,3,A,0,1,A,Matchday 26,source_reported_FT,FC Eindhoven,FC Groningen
openfootball/europe,https://raw.githubusercontent.com/openfootball/europe/7faa522aef63fa9a6fcb9d8189bd8bc52381e967/netherlands/2023-24_nl2.txt,7faa522aef63fa9a6fcb9d8189bd8bc52381e967,417,2026-09-04T07:12:35.730Z,Eerste Divisie,2023-24,2024-02-19,MVV,Jong PSV,3,3,D,1,2,A,Matchday 26,source_reported_FT,MVV,Jong PSV
openfootball/europe,https://raw.githubusercontent.com/openfootball/europe/7faa522aef63fa9a6fcb9d8189bd8bc52381e967/netherlands/2023-24_nl2.txt,7faa522aef63fa9a6fcb9d8189bd8bc52381e967,352,2026-09-04T07:12:35.730Z,Eerste Divisie,2023-24,2024-02-19,NAC Breda,SC Cambuur,1,2,A,0,1,A,Matchday 22,source_reported_FT,NAC Breda,SC Cambuur
openfootball/europe,https://raw.githubusercontent.com/openfootball/europe/7faa522aef63fa9a6fcb9d8189bd8bc52381e967/netherlands/2023-24_nl2.txt,7faa522aef63fa9a6fcb9d8189bd8bc52381e967,422,2026-09-04T07:12:35.730Z,Eerste Divisie,2023-24,2024-02-23,ADO Den Haag,MVV,2,2,D,1,0,H,Matchday 27,source_reported_FT,ADO Den Haag,MVV
openfootball/europe,https://raw.githubusercontent.com/openfootball/europe/7faa522aef63fa9a6fcb9d8189bd8bc52381e967/netherlands/2023-24_nl2.txt,7faa522aef63fa9a6fcb9d8189bd8bc52381e967,424,2026-09-04T07:12:35.730Z,Eerste Divisie,2023-24,2024-02-23,De Graafschap,FC Den Bosch,2,0,H,1,0,H,Matchday 27,source_reported_FT,De Graafschap,FC Den Bosch
openfootball/europe,https://raw.githubusercontent.com/openfootball/europe/7faa522aef63fa9a6fcb9d8189bd8bc52381e967/netherlands/2023-24_nl2.txt,7faa522aef63fa9a6fcb9d8189bd8bc52381e967,427,2026-09-04T07:12:35.730Z,Eerste Divisie,2023-24,2024-02-23,FC Emmen,SC Cambuur,2,0,H,1,0,H,Matchday 27,source_reported_FT,FC Emmen,SC Cambuur
openfootball/europe,https://raw.githubusercontent.com/openfootball/europe/7faa522aef63fa9a6fcb9d8189bd8bc52381e967/netherlands/2023-24_nl2.txt,7faa522aef63fa9a6fcb9d8189bd8bc52381e967,423,2026-09-04T07:12:35.730Z,Eerste Divisie,2023-24,2024-02-23,FC Groningen,Helmond Sport,0,0,D,,,,Matchday 27,source_reported_FT,FC Groningen,Helmond Sport
openfootball/europe,https://raw.githubusercontent.com/openfootball/europe/7faa522aef63fa9a6fcb9d8189bd8bc52381e967/netherlands/2023-24_nl2.txt,7faa522aef63fa9a6fcb9d8189bd8bc52381e967,425,2026-09-04T07:12:35.730Z,Eerste Divisie,2023-24,2024-02-23,VVV-Venlo,FC Eindhoven,2,2,D,1,0,H,Matchday 27,source_reported_FT,VVV-Venlo,FC Eindhoven
openfootball/europe,https://raw.githubusercontent.com/openfootball/europe/7faa522aef63fa9a6fcb9d8189bd8bc52381e967/netherlands/2023-24_nl2.txt,7faa522aef63fa9a6fcb9d8189bd8bc52381e967,426,2026-09-04T07:12:35.730Z,Eerste Divisie,2023-24,2024-02-23,Willem II,Roda JC Kerkrade,2,3,A,2,1,H,Matchday 27,source_reported_FT,Willem II,Roda JC Kerkrade
openfootball/europe,https://raw.githubusercontent.com/openfootball/europe/7faa522aef63fa9a6fcb9d8189bd8bc52381e967/netherlands/2023-24_nl2.txt,7faa522aef63fa9a6fcb9d8189bd8bc52381e967,430,2026-09-04T07:12:35.730Z,Eerste Divisie,2023-24,2024-02-26,AZ Alkmaar J,NAC Breda,2,3,A,0,1,A,Matchday 27,source_reported_FT,AZ Alkmaar J,NAC Breda
openfootball/europe,https://raw.githubusercontent.com/openfootball/europe/7faa522aef63fa9a6fcb9d8189bd8bc52381e967/netherlands/2023-24_nl2.txt,7faa522aef63fa9a6fcb9d8189bd8bc52381e967,432,2026-09-04T07:12:35.730Z,Eerste Divisie,2023-24,2024-02-26,FC Utrecht J,TOP Oss,0,3,A,0,0,D,Matchday 27,source_reported_FT,FC Utrecht J,TOP Oss
openfootball/europe,https://raw.githubusercontent.com/openfootball/europe/7faa522aef63fa9a6fcb9d8189bd8bc52381e967/netherlands/2023-24_nl2.txt,7faa522aef63fa9a6fcb9d8189bd8bc52381e967,429,2026-09-04T07:12:35.730Z,Eerste Divisie,2023-24,2024-02-26,Jong Ajax,Telstar,0,3,A,0,2,A,Matchday 27,source_reported_FT,Jong Ajax,Telstar
openfootball/europe,https://raw.githubusercontent.com/openfootball/europe/7faa522aef63fa9a6fcb9d8189bd8bc52381e967/netherlands/2023-24_nl2.txt,7faa522aef63fa9a6fcb9d8189bd8bc52381e967,431,2026-09-04T07:12:35.730Z,Eerste Divisie,2023-24,2024-02-26,Jong PSV,FC Dordrecht,0,1,A,0,0,D,Matchday 27,source_reported_FT,Jong PSV,FC Dordrecht
openfootball/europe,https://raw.githubusercontent.com/openfootball/europe/7faa522aef63fa9a6fcb9d8189bd8bc52381e967/netherlands/2023-24_nl2.txt,7faa522aef63fa9a6fcb9d8189bd8bc52381e967,437,2026-09-04T07:12:35.730Z,Eerste Divisie,2023-24,2024-03-01,ADO Den Haag,Jong Ajax,2,1,H,1,1,D,Matchday 28,source_reported_FT,ADO Den Haag,Jong Ajax
openfootball/europe,https://raw.githubusercontent.com/openfootball/europe/7faa522aef63fa9a6fcb9d8189bd8bc52381e967/netherlands/2023-24_nl2.txt,7faa522aef63fa9a6fcb9d8189bd8bc52381e967,438,2026-09-04T07:12:35.730Z,Eerste Divisie,2023-24,2024-03-01,De Graafschap,TOP Oss,2,1,H,1,0,H,Matchday 28,source_reported_FT,De Graafschap,TOP Oss
openfootball/europe,https://raw.githubusercontent.com/openfootball/europe/7faa522aef63fa9a6fcb9d8189bd8bc52381e967/netherlands/2023-24_nl2.txt,7faa522aef63fa9a6fcb9d8189bd8bc52381e967,442,2026-09-04T07:12:35.730Z,Eerste Divisie,2023-24,2024-03-01,FC Eindhoven,AZ Alkmaar J,1,1,D,0,0,D,Matchday 28,source_reported_FT,FC Eindhoven,AZ Alkmaar J
openfootball/europe,https://raw.githubusercontent.com/openfootball/europe/7faa522aef63fa9a6fcb9d8189bd8bc52381e967/netherlands/2023-24_nl2.txt,7faa522aef63fa9a6fcb9d8189bd8bc52381e967,439,2026-09-04T07:12:35.730Z,Eerste Divisie,2023-24,2024-03-01,FC Emmen,Willem II,2,0,H,1,0,H,Matchday 28,source_reported_FT,FC Emmen,Willem II
openfootball/europe,https://raw.githubusercontent.com/openfootball/europe/7faa522aef63fa9a6fcb9d8189bd8bc52381e967/netherlands/2023-24_nl2.txt,7faa522aef63fa9a6fcb9d8189bd8bc52381e967,440,2026-09-04T07:12:35.730Z,Eerste Divisie,2023-24,2024-03-01,Helmond Sport,VVV-Venlo,1,1,D,0,1,A,Matchday 28,source_reported_FT,Helmond Sport,VVV-Venlo
openfootball/europe,https://raw.githubusercontent.com/openfootball/europe/7faa522aef63fa9a6fcb9d8189bd8bc52381e967/netherlands/2023-24_nl2.txt,7faa522aef63fa9a6fcb9d8189bd8bc52381e967,441,2026-09-04T07:12:35.730Z,Eerste Divisie,2023-24,2024-03-01,NAC Breda,FC Utrecht J,3,1,H,1,0,H,Matchday 28,source_reported_FT,NAC Breda,FC Utrecht J
openfootball/europe,https://raw.githubusercontent.com/openfootball/europe/7faa522aef63fa9a6fcb9d8189bd8bc52381e967/netherlands/2023-24_nl2.txt,7faa522aef63fa9a6fcb9d8189bd8bc52381e967,443,2026-09-04T07:12:35.730Z,Eerste Divisie,2023-24,2024-03-01,Telstar,Roda JC Kerkrade,1,1,D,1,0,H,Matchday 28,source_reported_FT,Telstar,Roda JC Kerkrade
openfootball/europe,https://raw.githubusercontent.com/openfootball/europe/7faa522aef63fa9a6fcb9d8189bd8bc52381e967/netherlands/2023-24_nl2.txt,7faa522aef63fa9a6fcb9d8189bd8bc52381e967,446,2026-09-04T07:12:35.730Z,Eerste Divisie,2023-24,2024-03-04,FC Den Bosch,FC Groningen,1,4,A,0,0,D,Matchday 28,source_reported_FT,FC Den Bosch,FC Groningen
openfootball/europe,https://raw.githubusercontent.com/openfootball/europe/7faa522aef63fa9a6fcb9d8189bd8bc52381e967/netherlands/2023-24_nl2.txt,7faa522aef63fa9a6fcb9d8189bd8bc52381e967,447,2026-09-04T07:12:35.730Z,Eerste Divisie,2023-24,2024-03-04,Jong PSV,SC Cambuur,3,1,H,0,0,D,Matchday 28,source_reported_FT,Jong PSV,SC Cambuur
openfootball/europe,https://raw.githubusercontent.com/openfootball/europe/7faa522aef63fa9a6fcb9d8189bd8bc52381e967/netherlands/2023-24_nl2.txt,7faa522aef63fa9a6fcb9d8189bd8bc52381e967,445,2026-09-04T07:12:35.730Z,Eerste Divisie,2023-24,2024-03-04,MVV,FC Dordrecht,1,3,A,0,3,A,Matchday 28,source_reported_FT,MVV,FC Dordrecht
openfootball/europe,https://raw.githubusercontent.com/openfootball/europe/7faa522aef63fa9a6fcb9d8189bd8bc52381e967/netherlands/2023-24_nl2.txt,7faa522aef63fa9a6fcb9d8189bd8bc52381e967,455,2026-09-04T07:12:35.730Z,Eerste Divisie,2023-24,2024-03-08,AZ Alkmaar J,Jong PSV,4,1,H,1,0,H,Matchday 29,source_reported_FT,AZ Alkmaar J,Jong PSV
openfootball/europe,https://raw.githubusercontent.com/openfootball/europe/7faa522aef63fa9a6fcb9d8189bd8bc52381e967/netherlands/2023-24_nl2.txt,7faa522aef63fa9a6fcb9d8189bd8bc52381e967,452,2026-09-04T07:12:35.730Z,Eerste Divisie,2023-24,2024-03-08,FC Dordrecht,Telstar,2,0,H,1,0,H,Matchday 29,source_reported_FT,FC Dordrecht,Telstar
openfootball/europe,https://raw.githubusercontent.com/openfootball/europe/7faa522aef63fa9a6fcb9d8189bd8bc52381e967/netherlands/2023-24_nl2.txt,7faa522aef63fa9a6fcb9d8189bd8bc52381e967,453,2026-09-04T07:12:35.730Z,Eerste Divisie,2023-24,2024-03-08,FC Groningen,MVV,3,0,H,2,0,H,Matchday 29,source_reported_FT,FC Groningen,MVV
openfootball/europe,https://raw.githubusercontent.com/openfootball/europe/7faa522aef63fa9a6fcb9d8189bd8bc52381e967/netherlands/2023-24_nl2.txt,7faa522aef63fa9a6fcb9d8189bd8bc52381e967,461,2026-09-04T07:12:35.730Z,Eerste Divisie,2023-24,2024-03-08,FC Utrecht J,Helmond Sport,0,1,A,0,1,A,Matchday 29,source_reported_FT,FC Utrecht J,Helmond Sport
openfootball/europe,https://raw.githubusercontent.com/openfootball/europe/7faa522aef63fa9a6fcb9d8189bd8bc52381e967/netherlands/2023-24_nl2.txt,7faa522aef63fa9a6fcb9d8189bd8bc52381e967,454,2026-09-04T07:12:35.730Z,Eerste Divisie,2023-24,2024-03-08,Jong Ajax,NAC Breda,0,1,A,0,0,D,Matchday 29,source_reported_FT,Jong Ajax,NAC Breda
openfootball/europe,https://raw.githubusercontent.com/openfootball/europe/7faa522aef63fa9a6fcb9d8189bd8bc52381e967/netherlands/2023-24_nl2.txt,7faa522aef63fa9a6fcb9d8189bd8bc52381e967,457,2026-09-04T07:12:35.730Z,Eerste Divisie,2023-24,2024-03-08,Roda JC Kerkrade,ADO Den Haag,2,2,D,1,1,D,Matchday 29,source_reported_FT,Roda JC Kerkrade,ADO Den Haag
openfootball/europe,https://raw.githubusercontent.com/openfootball/europe/7faa522aef63fa9a6fcb9d8189bd8bc52381e967/netherlands/2023-24_nl2.txt,7faa522aef63fa9a6fcb9d8189bd8bc52381e967,456,2026-09-04T07:12:35.730Z,Eerste Divisie,2023-24,2024-03-08,SC Cambuur,De Graafschap,1,2,A,1,1,D,Matchday 29,source_reported_FT,SC Cambuur,De Graafschap
openfootball/europe,https://raw.githubusercontent.com/openfootball/europe/7faa522aef63fa9a6fcb9d8189bd8bc52381e967/netherlands/2023-24_nl2.txt,7faa522aef63fa9a6fcb9d8189bd8bc52381e967,458,2026-09-04T07:12:35.730Z,Eerste Divisie,2023-24,2024-03-08,TOP Oss,FC Den Bosch,1,2,A,0,0,D,Matchday 29,source_reported_FT,TOP Oss,FC Den Bosch
openfootball/europe,https://raw.githubusercontent.com/openfootball/europe/7faa522aef63fa9a6fcb9d8189bd8bc52381e967/netherlands/2023-24_nl2.txt,7faa522aef63fa9a6fcb9d8189bd8bc52381e967,460,2026-09-04T07:12:35.730Z,Eerste Divisie,2023-24,2024-03-08,VVV-Venlo,FC Emmen,2,0,H,0,0,D,Matchday 29,source_reported_FT,VVV-Venlo,FC Emmen
openfootball/europe,https://raw.githubusercontent.com/openfootball/europe/7faa522aef63fa9a6fcb9d8189bd8bc52381e967/netherlands/2023-24_nl2.txt,7faa522aef63fa9a6fcb9d8189bd8bc52381e967,459,2026-09-04T07:12:35.730Z,Eerste Divisie,2023-24,2024-03-08,Willem II,FC Eindhoven,3,0,H,1,0,H,Matchday 29,source_reported_FT,Willem II,FC Eindhoven
openfootball/europe,https://raw.githubusercontent.com/openfootball/europe/7faa522aef63fa9a6fcb9d8189bd8bc52381e967/netherlands/2023-24_nl2.txt,7faa522aef63fa9a6fcb9d8189bd8bc52381e967,481,2026-09-04T07:12:35.730Z,Eerste Divisie,2023-24,2024-03-11,ADO Den Haag,FC Dordrecht,2,2,D,1,2,A,Matchday 31,source_reported_FT,ADO Den Haag,FC Dordrecht
openfootball/europe,https://raw.githubusercontent.com/openfootball/europe/7faa522aef63fa9a6fcb9d8189bd8bc52381e967/netherlands/2023-24_nl2.txt,7faa522aef63fa9a6fcb9d8189bd8bc52381e967,485,2026-09-04T07:12:35.730Z,Eerste Divisie,2023-24,2024-03-11,De Graafschap,Jong Ajax,0,2,A,0,0,D,Matchday 31,source_reported_FT,De Graafschap,Jong Ajax
openfootball/europe,https://raw.githubusercontent.com/openfootball/europe/7faa522aef63fa9a6fcb9d8189bd8bc52381e967/netherlands/2023-24_nl2.txt,7faa522aef63fa9a6fcb9d8189bd8bc52381e967,482,2026-09-04T07:12:35.730Z,Eerste Divisie,2023-24,2024-03-11,FC Eindhoven,FC Utrecht J,3,0,H,2,0,H,Matchday 31,source_reported_FT,FC Eindhoven,FC Utrecht J
openfootball/europe,https://raw.githubusercontent.com/openfootball/europe/7faa522aef63fa9a6fcb9d8189bd8bc52381e967/netherlands/2023-24_nl2.txt,7faa522aef63fa9a6fcb9d8189bd8bc52381e967,483,2026-09-04T07:12:35.730Z,Eerste Divisie,2023-24,2024-03-11,FC Emmen,TOP Oss,0,1,A,0,1,A,Matchday 31,source_reported_FT,FC Emmen,TOP Oss
openfootball/europe,https://raw.githubusercontent.com/openfootball/europe/7faa522aef63fa9a6fcb9d8189bd8bc52381e967/netherlands/2023-24_nl2.txt,7faa522aef63fa9a6fcb9d8189bd8bc52381e967,486,2026-09-04T07:12:35.730Z,Eerste Divisie,2023-24,2024-03-11,Helmond Sport,AZ Alkmaar J,3,1,H,1,0,H,Matchday 31,source_reported_FT,Helmond Sport,AZ Alkmaar J
openfootball/europe,https://raw.githubusercontent.com/openfootball/europe/7faa522aef63fa9a6fcb9d8189bd8bc52381e967/netherlands/2023-24_nl2.txt,7faa522aef63fa9a6fcb9d8189bd8bc52381e967,484,2026-09-04T07:12:35.730Z,Eerste Divisie,2023-24,2024-03-11,Jong PSV,FC Groningen,2,3,A,0,1,A,Matchday 31,source_reported_FT,Jong PSV,FC Groningen
openfootball/europe,https://raw.githubusercontent.com/openfootball/europe/7faa522aef63fa9a6fcb9d8189bd8bc52381e967/netherlands/2023-24_nl2.txt,7faa522aef63fa9a6fcb9d8189bd8bc52381e967,469,2026-09-04T07:12:35.730Z,Eerste Divisie,2023-24,2024-03-15,AZ Alkmaar J,SC Cambuur,2,0,H,1,0,H,Matchday 30,source_reported_FT,AZ Alkmaar J,SC Cambuur
openfootball/europe,https://raw.githubusercontent.com/openfootball/europe/7faa522aef63fa9a6fcb9d8189bd8bc52381e967/netherlands/2023-24_nl2.txt,7faa522aef63fa9a6fcb9d8189bd8bc52381e967,466,2026-09-04T07:12:35.730Z,Eerste Divisie,2023-24,2024-03-15,FC Den Bosch,Willem II,1,4,A,1,2,A,Matchday 30,source_reported_FT,FC Den Bosch,Willem II
openfootball/europe,https://raw.githubusercontent.com/openfootball/europe/7faa522aef63fa9a6fcb9d8189bd8bc52381e967/netherlands/2023-24_nl2.txt,7faa522aef63fa9a6fcb9d8189bd8bc52381e967,467,2026-09-04T07:12:35.730Z,Eerste Divisie,2023-24,2024-03-15,FC Dordrecht,FC Eindhoven,0,0,D,,,,Matchday 30,source_reported_FT,FC Dordrecht,FC Eindhoven
openfootball/europe,https://raw.githubusercontent.com/openfootball/europe/7faa522aef63fa9a6fcb9d8189bd8bc52381e967/netherlands/2023-24_nl2.txt,7faa522aef63fa9a6fcb9d8189bd8bc52381e967,472,2026-09-04T07:12:35.730Z,Eerste Divisie,2023-24,2024-03-15,FC Groningen,De Graafschap,4,2,H,2,2,D,Matchday 30,source_reported_FT,FC Groningen,De Graafschap
openfootball/europe,https://raw.githubusercontent.com/openfootball/europe/7faa522aef63fa9a6fcb9d8189bd8bc52381e967/netherlands/2023-24_nl2.txt,7faa522aef63fa9a6fcb9d8189bd8bc52381e967,473,2026-09-04T07:12:35.730Z,Eerste Divisie,2023-24,2024-03-15,FC Utrecht J,FC Emmen,2,3,A,1,0,H,Matchday 30,source_reported_FT,FC Utrecht J,FC Emmen
openfootball/europe,https://raw.githubusercontent.com/openfootball/europe/7faa522aef63fa9a6fcb9d8189bd8bc52381e967/netherlands/2023-24_nl2.txt,7faa522aef63fa9a6fcb9d8189bd8bc52381e967,468,2026-09-04T07:12:35.730Z,Eerste Divisie,2023-24,2024-03-15,Jong Ajax,Jong PSV,3,0,H,2,0,H,Matchday 30,source_reported_FT,Jong Ajax,Jong PSV
openfootball/europe,https://raw.githubusercontent.com/openfootball/europe/7faa522aef63fa9a6fcb9d8189bd8bc52381e967/netherlands/2023-24_nl2.txt,7faa522aef63fa9a6fcb9d8189bd8bc52381e967,470,2026-09-04T07:12:35.730Z,Eerste Divisie,2023-24,2024-03-15,NAC Breda,VVV-Venlo,1,0,H,0,0,D,Matchday 30,source_reported_FT,NAC Breda,VVV-Venlo
openfootball/europe,https://raw.githubusercontent.com/openfootball/europe/7faa522aef63fa9a6fcb9d8189bd8bc52381e967/netherlands/2023-24_nl2.txt,7faa522aef63fa9a6fcb9d8189bd8bc52381e967,474,2026-09-04T07:12:35.730Z,Eerste Divisie,2023-24,2024-03-15,TOP Oss,Helmond Sport,1,0,H,0,0,D,Matchday 30,source_reported_FT,TOP Oss,Helmond Sport
openfootball/europe,https://raw.githubusercontent.com/openfootball/europe/7faa522aef63fa9a6fcb9d8189bd8bc52381e967/netherlands/2023-24_nl2.txt,7faa522aef63fa9a6fcb9d8189bd8bc52381e967,471,2026-09-04T07:12:35.730Z,Eerste Divisie,2023-24,2024-03-15,Telstar,ADO Den Haag,3,1,H,2,1,H,Matchday 30,source_reported_FT,Telstar,ADO Den Haag
openfootball/europe,https://raw.githubusercontent.com/openfootball/europe/7faa522aef63fa9a6fcb9d8189bd8bc52381e967/netherlands/2023-24_nl2.txt,7faa522aef63fa9a6fcb9d8189bd8bc52381e967,476,2026-09-04T07:12:35.730Z,Eerste Divisie,2023-24,2024-03-17,MVV,Roda JC Kerkrade,0,3,A,0,1,A,Matchday 30,source_reported_FT,MVV,Roda JC Kerkrade
openfootball/europe,https://raw.githubusercontent.com/openfootball/europe/7faa522aef63fa9a6fcb9d8189bd8bc52381e967/netherlands/2023-24_nl2.txt,7faa522aef63fa9a6fcb9d8189bd8bc52381e967,489,2026-09-04T07:12:35.730Z,Eerste Divisie,2023-24,2024-03-23,MVV,FC Den Bosch,1,0,H,0,0,D,Matchday 31,source_reported_FT,MVV,FC Den Bosch
openfootball/europe,https://raw.githubusercontent.com/openfootball/europe/7faa522aef63fa9a6fcb9d8189bd8bc52381e967/netherlands/2023-24_nl2.txt,7faa522aef63fa9a6fcb9d8189bd8bc52381e967,490,2026-09-04T07:12:35.730Z,Eerste Divisie,2023-24,2024-03-23,Roda JC Kerkrade,NAC Breda,3,1,H,1,1,D,Matchday 31,source_reported_FT,Roda JC Kerkrade,NAC Breda
openfootball/europe,https://raw.githubusercontent.com/openfootball/europe/7faa522aef63fa9a6fcb9d8189bd8bc52381e967/netherlands/2023-24_nl2.txt,7faa522aef63fa9a6fcb9d8189bd8bc52381e967,488,2026-09-04T07:12:35.730Z,Eerste Divisie,2023-24,2024-03-23,SC Cambuur,Telstar,1,0,H,0,0,D,Matchday 31,source_reported_FT,SC Cambuur,Telstar
openfootball/europe,https://raw.githubusercontent.com/openfootball/europe/7faa522aef63fa9a6fcb9d8189bd8bc52381e967/netherlands/2023-24_nl2.txt,7faa522aef63fa9a6fcb9d8189bd8bc52381e967,491,2026-09-04T07:12:35.730Z,Eerste Divisie,2023-24,2024-03-23,Willem II,VVV-Venlo,2,0,H,1,0,H,Matchday 31,source_reported_FT,Willem II,VVV-Venlo
openfootball/europe,https://raw.githubusercontent.com/openfootball/europe/7faa522aef63fa9a6fcb9d8189bd8bc52381e967/netherlands/2023-24_nl2.txt,7faa522aef63fa9a6fcb9d8189bd8bc52381e967,496,2026-09-04T07:12:35.730Z,Eerste Divisie,2023-24,2024-03-29,ADO Den Haag,FC Groningen,0,2,A,0,1,A,Matchday 32,source_reported_FT,ADO Den Haag,FC Groningen
openfootball/europe,https://raw.githubusercontent.com/openfootball/europe/7faa522aef63fa9a6fcb9d8189bd8bc52381e967/netherlands/2023-24_nl2.txt,7faa522aef63fa9a6fcb9d8189bd8bc52381e967,501,2026-09-04T07:12:35.730Z,Eerste Divisie,2023-24,2024-03-29,De Graafschap,AZ Alkmaar J,2,1,H,1,0,H,Matchday 32,source_reported_FT,De Graafschap,AZ Alkmaar J
openfootball/europe,https://raw.githubusercontent.com/openfootball/europe/7faa522aef63fa9a6fcb9d8189bd8bc52381e967/netherlands/2023-24_nl2.txt,7faa522aef63fa9a6fcb9d8189bd8bc52381e967,497,2026-09-04T07:12:35.730Z,Eerste Divisie,2023-24,2024-03-29,FC Den Bosch,FC Dordrecht,0,3,A,0,1,A,Matchday 32,source_reported_FT,FC Den Bosch,FC Dordrecht
openfootball/europe,https://raw.githubusercontent.com/openfootball/europe/7faa522aef63fa9a6fcb9d8189bd8bc52381e967/netherlands/2023-24_nl2.txt,7faa522aef63fa9a6fcb9d8189bd8bc52381e967,503,2026-09-04T07:12:35.730Z,Eerste Divisie,2023-24,2024-03-29,FC Eindhoven,SC Cambuur,0,3,A,0,2,A,Matchday 32,source_reported_FT,FC Eindhoven,SC Cambuur
openfootball/europe,https://raw.githubusercontent.com/openfootball/europe/7faa522aef63fa9a6fcb9d8189bd8bc52381e967/netherlands/2023-24_nl2.txt,7faa522aef63fa9a6fcb9d8189bd8bc52381e967,500,2026-09-04T07:12:35.730Z,Eerste Divisie,2023-24,2024-03-29,FC Emmen,Jong Ajax,4,2,H,0,1,A,Matchday 32,source_reported_FT,FC Emmen,Jong Ajax
openfootball/europe,https://raw.githubusercontent.com/openfootball/europe/7faa522aef63fa9a6fcb9d8189bd8bc52381e967/netherlands/2023-24_nl2.txt,7faa522aef63fa9a6fcb9d8189bd8bc52381e967,498,2026-09-04T07:12:35.730Z,Eerste Divisie,2023-24,2024-03-29,Helmond Sport,Willem II,0,2,A,0,2,A,Matchday 32,source_reported_FT,Helmond Sport,Willem II
openfootball/europe,https://raw.githubusercontent.com/openfootball/europe/7faa522aef63fa9a6fcb9d8189bd8bc52381e967/netherlands/2023-24_nl2.txt,7faa522aef63fa9a6fcb9d8189bd8bc52381e967,502,2026-09-04T07:12:35.730Z,Eerste Divisie,2023-24,2024-03-29,NAC Breda,MVV,1,2,A,0,0,D,Matchday 32,source_reported_FT,NAC Breda,MVV
openfootball/europe,https://raw.githubusercontent.com/openfootball/europe/7faa522aef63fa9a6fcb9d8189bd8bc52381e967/netherlands/2023-24_nl2.txt,7faa522aef63fa9a6fcb9d8189bd8bc52381e967,499,2026-09-04T07:12:35.730Z,Eerste Divisie,2023-24,2024-03-29,Telstar,FC Utrecht J,5,1,H,2,1,H,Matchday 32,source_reported_FT,Telstar,FC Utrecht J
openfootball/europe,https://raw.githubusercontent.com/openfootball/europe/7faa522aef63fa9a6fcb9d8189bd8bc52381e967/netherlands/2023-24_nl2.txt,7faa522aef63fa9a6fcb9d8189bd8bc52381e967,504,2026-09-04T07:12:35.730Z,Eerste Divisie,2023-24,2024-03-29,VVV-Venlo,TOP Oss,2,0,H,0,0,D,Matchday 32,source_reported_FT,VVV-Venlo,TOP Oss
openfootball/europe,https://raw.githubusercontent.com/openfootball/europe/7faa522aef63fa9a6fcb9d8189bd8bc52381e967/netherlands/2023-24_nl2.txt,7faa522aef63fa9a6fcb9d8189bd8bc52381e967,354,2026-09-04T07:12:35.730Z,Eerste Divisie,2023-24,2024-04-01,FC Emmen,FC Groningen,0,3,A,0,2,A,Matchday 22,source_reported_FT,FC Emmen,FC Groningen
openfootball/europe,https://raw.githubusercontent.com/openfootball/europe/7faa522aef63fa9a6fcb9d8189bd8bc52381e967/netherlands/2023-24_nl2.txt,7faa522aef63fa9a6fcb9d8189bd8bc52381e967,506,2026-09-04T07:12:35.730Z,Eerste Divisie,2023-24,2024-04-01,Jong PSV,Roda JC Kerkrade,2,3,A,2,2,D,Matchday 32,source_reported_FT,Jong PSV,Roda JC Kerkrade
openfootball/europe,https://raw.githubusercontent.com/openfootball/europe/7faa522aef63fa9a6fcb9d8189bd8bc52381e967/netherlands/2023-24_nl2.txt,7faa522aef63fa9a6fcb9d8189bd8bc52381e967,511,2026-09-04T07:12:35.730Z,Eerste Divisie,2023-24,2024-04-05,FC Dordrecht,De Graafschap,2,1,H,1,1,D,Matchday 33,source_reported_FT,FC Dordrecht,De Graafschap
openfootball/europe,https://raw.githubusercontent.com/openfootball/europe/7faa522aef63fa9a6fcb9d8189bd8bc52381e967/netherlands/2023-24_nl2.txt,7faa522aef63fa9a6fcb9d8189bd8bc52381e967,514,2026-09-04T07:12:35.730Z,Eerste Divisie,2023-24,2024-04-05,MVV,Helmond Sport,3,0,H,1,0,H,Matchday 33,source_reported_FT,MVV,Helmond Sport
openfootball/europe,https://raw.githubusercontent.com/openfootball/europe/7faa522aef63fa9a6fcb9d8189bd8bc52381e967/netherlands/2023-24_nl2.txt,7faa522aef63fa9a6fcb9d8189bd8bc52381e967,512,2026-09-04T07:12:35.730Z,Eerste Divisie,2023-24,2024-04-05,SC Cambuur,ADO Den Haag,0,2,A,0,0,D,Matchday 33,source_reported_FT,SC Cambuur,ADO Den Haag
openfootball/europe,https://raw.githubusercontent.com/openfootball/europe/7faa522aef63fa9a6fcb9d8189bd8bc52381e967/netherlands/2023-24_nl2.txt,7faa522aef63fa9a6fcb9d8189bd8bc52381e967,513,2026-09-04T07:12:35.730Z,Eerste Divisie,2023-24,2024-04-05,TOP Oss,FC Eindhoven,2,1,H,0,1,A,Matchday 33,source_reported_FT,TOP Oss,FC Eindhoven
openfootball/europe,https://raw.githubusercontent.com/openfootball/europe/7faa522aef63fa9a6fcb9d8189bd8bc52381e967/netherlands/2023-24_nl2.txt,7faa522aef63fa9a6fcb9d8189bd8bc52381e967,515,2026-09-04T07:12:35.730Z,Eerste Divisie,2023-24,2024-04-05,Telstar,Jong PSV,3,1,H,1,1,D,Matchday 33,source_reported_FT,Telstar,Jong PSV
openfootball/europe,https://raw.githubusercontent.com/openfootball/europe/7faa522aef63fa9a6fcb9d8189bd8bc52381e967/netherlands/2023-24_nl2.txt,7faa522aef63fa9a6fcb9d8189bd8bc52381e967,517,2026-09-04T07:12:35.730Z,Eerste Divisie,2023-24,2024-04-07,FC Groningen,NAC Breda,1,1,D,0,0,D,Matchday 33,source_reported_FT,FC Groningen,NAC Breda
openfootball/europe,https://raw.githubusercontent.com/openfootball/europe/7faa522aef63fa9a6fcb9d8189bd8bc52381e967/netherlands/2023-24_nl2.txt,7faa522aef63fa9a6fcb9d8189bd8bc52381e967,518,2026-09-04T07:12:35.730Z,Eerste Divisie,2023-24,2024-04-07,Roda JC Kerkrade,VVV-Venlo,2,1,H,1,0,H,Matchday 33,source_reported_FT,Roda JC Kerkrade,VVV-Venlo
openfootball/europe,https://raw.githubusercontent.com/openfootball/europe/7faa522aef63fa9a6fcb9d8189bd8bc52381e967/netherlands/2023-24_nl2.txt,7faa522aef63fa9a6fcb9d8189bd8bc52381e967,521,2026-09-04T07:12:35.730Z,Eerste Divisie,2023-24,2024-04-08,AZ Alkmaar J,FC Emmen,3,2,H,1,2,A,Matchday 33,source_reported_FT,AZ Alkmaar J,FC Emmen
openfootball/europe,https://raw.githubusercontent.com/openfootball/europe/7faa522aef63fa9a6fcb9d8189bd8bc52381e967/netherlands/2023-24_nl2.txt,7faa522aef63fa9a6fcb9d8189bd8bc52381e967,522,2026-09-04T07:12:35.730Z,Eerste Divisie,2023-24,2024-04-08,FC Utrecht J,Willem II,1,1,D,0,0,D,Matchday 33,source_reported_FT,FC Utrecht J,Willem II
openfootball/europe,https://raw.githubusercontent.com/openfootball/europe/7faa522aef63fa9a6fcb9d8189bd8bc52381e967/netherlands/2023-24_nl2.txt,7faa522aef63fa9a6fcb9d8189bd8bc52381e967,520,2026-09-04T07:12:35.730Z,Eerste Divisie,2023-24,2024-04-08,Jong Ajax,FC Den Bosch,0,2,A,0,1,A,Matchday 33,source_reported_FT,Jong Ajax,FC Den Bosch
openfootball/europe,https://raw.githubusercontent.com/openfootball/europe/7faa522aef63fa9a6fcb9d8189bd8bc52381e967/netherlands/2023-24_nl2.txt,7faa522aef63fa9a6fcb9d8189bd8bc52381e967,527,2026-09-04T07:12:35.730Z,Eerste Divisie,2023-24,2024-04-12,ADO Den Haag,Helmond Sport,0,1,A,0,0,D,Matchday 34,source_reported_FT,ADO Den Haag,Helmond Sport
openfootball/europe,https://raw.githubusercontent.com/openfootball/europe/7faa522aef63fa9a6fcb9d8189bd8bc52381e967/netherlands/2023-24_nl2.txt,7faa522aef63fa9a6fcb9d8189bd8bc52381e967,528,2026-09-04T07:12:35.730Z,Eerste Divisie,2023-24,2024-04-12,De Graafschap,Telstar,5,1,H,2,1,H,Matchday 34,source_reported_FT,De Graafschap,Telstar
openfootball/europe,https://raw.githubusercontent.com/openfootball/europe/7faa522aef63fa9a6fcb9d8189bd8bc52381e967/netherlands/2023-24_nl2.txt,7faa522aef63fa9a6fcb9d8189bd8bc52381e967,529,2026-09-04T07:12:35.730Z,Eerste Divisie,2023-24,2024-04-12,FC Eindhoven,Jong PSV,2,5,A,0,2,A,Matchday 34,source_reported_FT,FC Eindhoven,Jong PSV
openfootball/europe,https://raw.githubusercontent.com/openfootball/europe/7faa522aef63fa9a6fcb9d8189bd8bc52381e967/netherlands/2023-24_nl2.txt,7faa522aef63fa9a6fcb9d8189bd8bc52381e967,530,2026-09-04T07:12:35.730Z,Eerste Divisie,2023-24,2024-04-12,FC Emmen,MVV,1,3,A,1,0,H,Matchday 34,source_reported_FT,FC Emmen,MVV
openfootball/europe,https://raw.githubusercontent.com/openfootball/europe/7faa522aef63fa9a6fcb9d8189bd8bc52381e967/netherlands/2023-24_nl2.txt,7faa522aef63fa9a6fcb9d8189bd8bc52381e967,532,2026-09-04T07:12:35.730Z,Eerste Divisie,2023-24,2024-04-12,NAC Breda,FC Dordrecht,1,4,A,1,2,A,Matchday 34,source_reported_FT,NAC Breda,FC Dordrecht
openfootball/europe,https://raw.githubusercontent.com/openfootball/europe/7faa522aef63fa9a6fcb9d8189bd8bc52381e967/netherlands/2023-24_nl2.txt,7faa522aef63fa9a6fcb9d8189bd8bc52381e967,531,2026-09-04T07:12:35.730Z,Eerste Divisie,2023-24,2024-04-12,TOP Oss,Roda JC Kerkrade,1,4,A,0,3,A,Matchday 34,source_reported_FT,TOP Oss,Roda JC Kerkrade
openfootball/europe,https://raw.githubusercontent.com/openfootball/europe/7faa522aef63fa9a6fcb9d8189bd8bc52381e967/netherlands/2023-24_nl2.txt,7faa522aef63fa9a6fcb9d8189bd8bc52381e967,533,2026-09-04T07:12:35.730Z,Eerste Divisie,2023-24,2024-04-12,Willem II,AZ Alkmaar J,4,1,H,2,1,H,Matchday 34,source_reported_FT,Willem II,AZ Alkmaar J
openfootball/europe,https://raw.githubusercontent.com/openfootball/europe/7faa522aef63fa9a6fcb9d8189bd8bc52381e967/netherlands/2023-24_nl2.txt,7faa522aef63fa9a6fcb9d8189bd8bc52381e967,535,2026-09-04T07:12:35.730Z,Eerste Divisie,2023-24,2024-04-14,VVV-Venlo,FC Groningen,0,1,A,0,0,D,Matchday 34,source_reported_FT,VVV-Venlo,FC Groningen
openfootball/europe,https://raw.githubusercontent.com/openfootball/europe/7faa522aef63fa9a6fcb9d8189bd8bc52381e967/netherlands/2023-24_nl2.txt,7faa522aef63fa9a6fcb9d8189bd8bc52381e967,538,2026-09-04T07:12:35.730Z,Eerste Divisie,2023-24,2024-04-15,FC Utrecht J,FC Den Bosch,0,2,A,0,0,D,Matchday 34,source_reported_FT,FC Utrecht J,FC Den Bosch
openfootball/europe,https://raw.githubusercontent.com/openfootball/europe/7faa522aef63fa9a6fcb9d8189bd8bc52381e967/netherlands/2023-24_nl2.txt,7faa522aef63fa9a6fcb9d8189bd8bc52381e967,537,2026-09-04T07:12:35.730Z,Eerste Divisie,2023-24,2024-04-15,Jong Ajax,SC Cambuur,2,1,H,0,0,D,Matchday 34,source_reported_FT,Jong Ajax,SC Cambuur
openfootball/europe,https://raw.githubusercontent.com/openfootball/europe/7faa522aef63fa9a6fcb9d8189bd8bc52381e967/netherlands/2023-24_nl2.txt,7faa522aef63fa9a6fcb9d8189bd8bc52381e967,543,2026-09-04T07:12:35.730Z,Eerste Divisie,2023-24,2024-04-19,FC Den Bosch,NAC Breda,2,2,D,1,2,A,Matchday 35,source_reported_FT,FC Den Bosch,NAC Breda
openfootball/europe,https://raw.githubusercontent.com/openfootball/europe/7faa522aef63fa9a6fcb9d8189bd8bc52381e967/netherlands/2023-24_nl2.txt,7faa522aef63fa9a6fcb9d8189bd8bc52381e967,544,2026-09-04T07:12:35.730Z,Eerste Divisie,2023-24,2024-04-19,FC Dordrecht,TOP Oss,3,1,H,1,0,H,Matchday 35,source_reported_FT,FC Dordrecht,TOP Oss
openfootball/europe,https://raw.githubusercontent.com/openfootball/europe/7faa522aef63fa9a6fcb9d8189bd8bc52381e967/netherlands/2023-24_nl2.txt,7faa522aef63fa9a6fcb9d8189bd8bc52381e967,547,2026-09-04T07:12:35.730Z,Eerste Divisie,2023-24,2024-04-19,Helmond Sport,Jong Ajax,3,1,H,2,0,H,Matchday 35,source_reported_FT,Helmond Sport,Jong Ajax
openfootball/europe,https://raw.githubusercontent.com/openfootball/europe/7faa522aef63fa9a6fcb9d8189bd8bc52381e967/netherlands/2023-24_nl2.txt,7faa522aef63fa9a6fcb9d8189bd8bc52381e967,545,2026-09-04T07:12:35.730Z,Eerste Divisie,2023-24,2024-04-19,Roda JC Kerkrade,De Graafschap,1,1,D,1,0,H,Matchday 35,source_reported_FT,Roda JC Kerkrade,De Graafschap
openfootball/europe,https://raw.githubusercontent.com/openfootball/europe/7faa522aef63fa9a6fcb9d8189bd8bc52381e967/netherlands/2023-24_nl2.txt,7faa522aef63fa9a6fcb9d8189bd8bc52381e967,546,2026-09-04T07:12:35.730Z,Eerste Divisie,2023-24,2024-04-19,Telstar,FC Emmen,2,3,A,2,0,H,Matchday 35,source_reported_FT,Telstar,FC Emmen
openfootball/europe,https://raw.githubusercontent.com/openfootball/europe/7faa522aef63fa9a6fcb9d8189bd8bc52381e967/netherlands/2023-24_nl2.txt,7faa522aef63fa9a6fcb9d8189bd8bc52381e967,549,2026-09-04T07:12:35.730Z,Eerste Divisie,2023-24,2024-04-20,ADO Den Haag,FC Eindhoven,1,1,D,1,0,H,Matchday 35,source_reported_FT,ADO Den Haag,FC Eindhoven
openfootball/europe,https://raw.githubusercontent.com/openfootball/europe/7faa522aef63fa9a6fcb9d8189bd8bc52381e967/netherlands/2023-24_nl2.txt,7faa522aef63fa9a6fcb9d8189bd8bc52381e967,551,2026-09-04T07:12:35.730Z,Eerste Divisie,2023-24,2024-04-20,FC Groningen,SC Cambuur,3,0,H,2,0,H,Matchday 35,source_reported_FT,FC Groningen,SC Cambuur
openfootball/europe,https://raw.githubusercontent.com/openfootball/europe/7faa522aef63fa9a6fcb9d8189bd8bc52381e967/netherlands/2023-24_nl2.txt,7faa522aef63fa9a6fcb9d8189bd8bc52381e967,550,2026-09-04T07:12:35.730Z,Eerste Divisie,2023-24,2024-04-20,MVV,Willem II,1,1,D,1,0,H,Matchday 35,source_reported_FT,MVV,Willem II
openfootball/europe,https://raw.githubusercontent.com/openfootball/europe/7faa522aef63fa9a6fcb9d8189bd8bc52381e967/netherlands/2023-24_nl2.txt,7faa522aef63fa9a6fcb9d8189bd8bc52381e967,553,2026-09-04T07:12:35.730Z,Eerste Divisie,2023-24,2024-04-22,AZ Alkmaar J,VVV-Venlo,2,1,H,0,1,A,Matchday 35,source_reported_FT,AZ Alkmaar J,VVV-Venlo
openfootball/europe,https://raw.githubusercontent.com/openfootball/europe/7faa522aef63fa9a6fcb9d8189bd8bc52381e967/netherlands/2023-24_nl2.txt,7faa522aef63fa9a6fcb9d8189bd8bc52381e967,554,2026-09-04T07:12:35.730Z,Eerste Divisie,2023-24,2024-04-22,Jong PSV,FC Utrecht J,2,0,H,1,0,H,Matchday 35,source_reported_FT,Jong PSV,FC Utrecht J
openfootball/europe,https://raw.githubusercontent.com/openfootball/europe/7faa522aef63fa9a6fcb9d8189bd8bc52381e967/netherlands/2023-24_nl2.txt,7faa522aef63fa9a6fcb9d8189bd8bc52381e967,559,2026-09-04T07:12:35.730Z,Eerste Divisie,2023-24,2024-04-26,De Graafschap,MVV,3,0,H,1,0,H,Matchday 36,source_reported_FT,De Graafschap,MVV
openfootball/europe,https://raw.githubusercontent.com/openfootball/europe/7faa522aef63fa9a6fcb9d8189bd8bc52381e967/netherlands/2023-24_nl2.txt,7faa522aef63fa9a6fcb9d8189bd8bc52381e967,560,2026-09-04T07:12:35.730Z,Eerste Divisie,2023-24,2024-04-26,Jong Ajax,Roda JC Kerkrade,1,1,D,1,1,D,Matchday 36,source_reported_FT,Jong Ajax,Roda JC Kerkrade
openfootball/europe,https://raw.githubusercontent.com/openfootball/europe/7faa522aef63fa9a6fcb9d8189bd8bc52381e967/netherlands/2023-24_nl2.txt,7faa522aef63fa9a6fcb9d8189bd8bc52381e967,561,2026-09-04T07:12:35.730Z,Eerste Divisie,2023-24,2024-04-26,SC Cambuur,FC Dordrecht,3,3,D,2,1,H,Matchday 36,source_reported_FT,SC Cambuur,FC Dordrecht
openfootball/europe,https://raw.githubusercontent.com/openfootball/europe/7faa522aef63fa9a6fcb9d8189bd8bc52381e967/netherlands/2023-24_nl2.txt,7faa522aef63fa9a6fcb9d8189bd8bc52381e967,564,2026-09-04T07:12:35.730Z,Eerste Divisie,2023-24,2024-04-26,TOP Oss,AZ Alkmaar J,1,1,D,0,1,A,Matchday 36,source_reported_FT,TOP Oss,AZ Alkmaar J
openfootball/europe,https://raw.githubusercontent.com/openfootball/europe/7faa522aef63fa9a6fcb9d8189bd8bc52381e967/netherlands/2023-24_nl2.txt,7faa522aef63fa9a6fcb9d8189bd8bc52381e967,562,2026-09-04T07:12:35.730Z,Eerste Divisie,2023-24,2024-04-26,VVV-Venlo,FC Den Bosch,2,3,A,0,1,A,Matchday 36,source_reported_FT,VVV-Venlo,FC Den Bosch
openfootball/europe,https://raw.githubusercontent.com/openfootball/europe/7faa522aef63fa9a6fcb9d8189bd8bc52381e967/netherlands/2023-24_nl2.txt,7faa522aef63fa9a6fcb9d8189bd8bc52381e967,563,2026-09-04T07:12:35.730Z,Eerste Divisie,2023-24,2024-04-26,Willem II,FC Groningen,1,1,D,0,0,D,Matchday 36,source_reported_FT,Willem II,FC Groningen
openfootball/europe,https://raw.githubusercontent.com/openfootball/europe/7faa522aef63fa9a6fcb9d8189bd8bc52381e967/netherlands/2023-24_nl2.txt,7faa522aef63fa9a6fcb9d8189bd8bc52381e967,566,2026-09-04T07:12:35.730Z,Eerste Divisie,2023-24,2024-04-28,FC Eindhoven,Telstar,1,1,D,1,0,H,Matchday 36,source_reported_FT,FC Eindhoven,Telstar
openfootball/europe,https://raw.githubusercontent.com/openfootball/europe/7faa522aef63fa9a6fcb9d8189bd8bc52381e967/netherlands/2023-24_nl2.txt,7faa522aef63fa9a6fcb9d8189bd8bc52381e967,567,2026-09-04T07:12:35.730Z,Eerste Divisie,2023-24,2024-04-28,NAC Breda,Jong PSV,2,0,H,1,0,H,Matchday 36,source_reported_FT,NAC Breda,Jong PSV
openfootball/europe,https://raw.githubusercontent.com/openfootball/europe/7faa522aef63fa9a6fcb9d8189bd8bc52381e967/netherlands/2023-24_nl2.txt,7faa522aef63fa9a6fcb9d8189bd8bc52381e967,569,2026-09-04T07:12:35.730Z,Eerste Divisie,2023-24,2024-04-29,FC Emmen,Helmond Sport,3,0,H,1,0,H,Matchday 36,source_reported_FT,FC Emmen,Helmond Sport
openfootball/europe,https://raw.githubusercontent.com/openfootball/europe/7faa522aef63fa9a6fcb9d8189bd8bc52381e967/netherlands/2023-24_nl2.txt,7faa522aef63fa9a6fcb9d8189bd8bc52381e967,570,2026-09-04T07:12:35.730Z,Eerste Divisie,2023-24,2024-04-29,FC Utrecht J,ADO Den Haag,0,2,A,0,0,D,Matchday 36,source_reported_FT,FC Utrecht J,ADO Den Haag
openfootball/europe,https://raw.githubusercontent.com/openfootball/europe/7faa522aef63fa9a6fcb9d8189bd8bc52381e967/netherlands/2023-24_nl2.txt,7faa522aef63fa9a6fcb9d8189bd8bc52381e967,578,2026-09-04T07:12:35.730Z,Eerste Divisie,2023-24,2024-05-03,AZ Alkmaar J,MVV,2,3,A,1,2,A,Matchday 37,source_reported_FT,AZ Alkmaar J,MVV
openfootball/europe,https://raw.githubusercontent.com/openfootball/europe/7faa522aef63fa9a6fcb9d8189bd8bc52381e967/netherlands/2023-24_nl2.txt,7faa522aef63fa9a6fcb9d8189bd8bc52381e967,575,2026-09-04T07:12:35.730Z,Eerste Divisie,2023-24,2024-05-03,De Graafschap,FC Utrecht J,2,2,D,1,1,D,Matchday 37,source_reported_FT,De Graafschap,FC Utrecht J
openfootball/europe,https://raw.githubusercontent.com/openfootball/europe/7faa522aef63fa9a6fcb9d8189bd8bc52381e967/netherlands/2023-24_nl2.txt,7faa522aef63fa9a6fcb9d8189bd8bc52381e967,576,2026-09-04T07:12:35.730Z,Eerste Divisie,2023-24,2024-05-03,FC Den Bosch,FC Emmen,1,2,A,0,1,A,Matchday 37,source_reported_FT,FC Den Bosch,FC Emmen
openfootball/europe,https://raw.githubusercontent.com/openfootball/europe/7faa522aef63fa9a6fcb9d8189bd8bc52381e967/netherlands/2023-24_nl2.txt,7faa522aef63fa9a6fcb9d8189bd8bc52381e967,577,2026-09-04T07:12:35.730Z,Eerste Divisie,2023-24,2024-05-03,FC Dordrecht,Willem II,1,1,D,1,0,H,Matchday 37,source_reported_FT,FC Dordrecht,Willem II
openfootball/europe,https://raw.githubusercontent.com/openfootball/europe/7faa522aef63fa9a6fcb9d8189bd8bc52381e967/netherlands/2023-24_nl2.txt,7faa522aef63fa9a6fcb9d8189bd8bc52381e967,580,2026-09-04T07:12:35.730Z,Eerste Divisie,2023-24,2024-05-03,Helmond Sport,FC Eindhoven,2,0,H,1,0,H,Matchday 37,source_reported_FT,Helmond Sport,FC Eindhoven
openfootball/europe,https://raw.githubusercontent.com/openfootball/europe/7faa522aef63fa9a6fcb9d8189bd8bc52381e967/netherlands/2023-24_nl2.txt,7faa522aef63fa9a6fcb9d8189bd8bc52381e967,584,2026-09-04T07:12:35.730Z,Eerste Divisie,2023-24,2024-05-03,Jong PSV,TOP Oss,4,1,H,1,0,H,Matchday 37,source_reported_FT,Jong PSV,TOP Oss
openfootball/europe,https://raw.githubusercontent.com/openfootball/europe/7faa522aef63fa9a6fcb9d8189bd8bc52381e967/netherlands/2023-24_nl2.txt,7faa522aef63fa9a6fcb9d8189bd8bc52381e967,579,2026-09-04T07:12:35.730Z,Eerste Divisie,2023-24,2024-05-03,NAC Breda,ADO Den Haag,2,2,D,0,2,A,Matchday 37,source_reported_FT,NAC Breda,ADO Den Haag
openfootball/europe,https://raw.githubusercontent.com/openfootball/europe/7faa522aef63fa9a6fcb9d8189bd8bc52381e967/netherlands/2023-24_nl2.txt,7faa522aef63fa9a6fcb9d8189bd8bc52381e967,583,2026-09-04T07:12:35.730Z,Eerste Divisie,2023-24,2024-05-03,Roda JC Kerkrade,SC Cambuur,2,0,H,0,0,D,Matchday 37,source_reported_FT,Roda JC Kerkrade,SC Cambuur
openfootball/europe,https://raw.githubusercontent.com/openfootball/europe/7faa522aef63fa9a6fcb9d8189bd8bc52381e967/netherlands/2023-24_nl2.txt,7faa522aef63fa9a6fcb9d8189bd8bc52381e967,581,2026-09-04T07:12:35.730Z,Eerste Divisie,2023-24,2024-05-03,Telstar,FC Groningen,1,1,D,1,0,H,Matchday 37,source_reported_FT,Telstar,FC Groningen
openfootball/europe,https://raw.githubusercontent.com/openfootball/europe/7faa522aef63fa9a6fcb9d8189bd8bc52381e967/netherlands/2023-24_nl2.txt,7faa522aef63fa9a6fcb9d8189bd8bc52381e967,582,2026-09-04T07:12:35.730Z,Eerste Divisie,2023-24,2024-05-03,VVV-Venlo,Jong Ajax,2,0,H,0,0,D,Matchday 37,source_reported_FT,VVV-Venlo,Jong Ajax
openfootball/europe,https://raw.githubusercontent.com/openfootball/europe/7faa522aef63fa9a6fcb9d8189bd8bc52381e967/netherlands/2023-24_nl2.txt,7faa522aef63fa9a6fcb9d8189bd8bc52381e967,589,2026-09-04T07:12:35.730Z,Eerste Divisie,2023-24,2024-05-10,ADO Den Haag,Jong PSV,2,3,A,1,1,D,Matchday 38,source_reported_FT,ADO Den Haag,Jong PSV
openfootball/europe,https://raw.githubusercontent.com/openfootball/europe/7faa522aef63fa9a6fcb9d8189bd8bc52381e967/netherlands/2023-24_nl2.txt,7faa522aef63fa9a6fcb9d8189bd8bc52381e967,595,2026-09-04T07:12:35.730Z,Eerste Divisie,2023-24,2024-05-10,FC Eindhoven,FC Den Bosch,2,0,H,0,0,D,Matchday 38,source_reported_FT,FC Eindhoven,FC Den Bosch
openfootball/europe,https://raw.githubusercontent.com/openfootball/europe/7faa522aef63fa9a6fcb9d8189bd8bc52381e967/netherlands/2023-24_nl2.txt,7faa522aef63fa9a6fcb9d8189bd8bc52381e967,590,2026-09-04T07:12:35.730Z,Eerste Divisie,2023-24,2024-05-10,FC Emmen,De Graafschap,2,1,H,2,1,H,Matchday 38,source_reported_FT,FC Emmen,De Graafschap
openfootball/europe,https://raw.githubusercontent.com/openfootball/europe/7faa522aef63fa9a6fcb9d8189bd8bc52381e967/netherlands/2023-24_nl2.txt,7faa522aef63fa9a6fcb9d8189bd8bc52381e967,591,2026-09-04T07:12:35.730Z,Eerste Divisie,2023-24,2024-05-10,FC Groningen,Roda JC Kerkrade,2,0,H,1,0,H,Matchday 38,source_reported_FT,FC Groningen,Roda JC Kerkrade
openfootball/europe,https://raw.githubusercontent.com/openfootball/europe/7faa522aef63fa9a6fcb9d8189bd8bc52381e967/netherlands/2023-24_nl2.txt,7faa522aef63fa9a6fcb9d8189bd8bc52381e967,596,2026-09-04T07:12:35.730Z,Eerste Divisie,2023-24,2024-05-10,FC Utrecht J,FC Dordrecht,1,1,D,0,1,A,Matchday 38,source_reported_FT,FC Utrecht J,FC Dordrecht
openfootball/europe,https://raw.githubusercontent.com/openfootball/europe/7faa522aef63fa9a6fcb9d8189bd8bc52381e967/netherlands/2023-24_nl2.txt,7faa522aef63fa9a6fcb9d8189bd8bc52381e967,592,2026-09-04T07:12:35.730Z,Eerste Divisie,2023-24,2024-05-10,Jong Ajax,AZ Alkmaar J,1,4,A,0,2,A,Matchday 38,source_reported_FT,Jong Ajax,AZ Alkmaar J
openfootball/europe,https://raw.githubusercontent.com/openfootball/europe/7faa522aef63fa9a6fcb9d8189bd8bc52381e967/netherlands/2023-24_nl2.txt,7faa522aef63fa9a6fcb9d8189bd8bc52381e967,593,2026-09-04T07:12:35.730Z,Eerste Divisie,2023-24,2024-05-10,MVV,VVV-Venlo,2,0,H,2,0,H,Matchday 38,source_reported_FT,MVV,VVV-Venlo
openfootball/europe,https://raw.githubusercontent.com/openfootball/europe/7faa522aef63fa9a6fcb9d8189bd8bc52381e967/netherlands/2023-24_nl2.txt,7faa522aef63fa9a6fcb9d8189bd8bc52381e967,594,2026-09-04T07:12:35.730Z,Eerste Divisie,2023-24,2024-05-10,SC Cambuur,Helmond Sport,1,1,D,1,0,H,Matchday 38,source_reported_FT,SC Cambuur,Helmond Sport
openfootball/europe,https://raw.githubusercontent.com/openfootball/europe/7faa522aef63fa9a6fcb9d8189bd8bc52381e967/netherlands/2023-24_nl2.txt,7faa522aef63fa9a6fcb9d8189bd8bc52381e967,597,2026-09-04T07:12:35.730Z,Eerste Divisie,2023-24,2024-05-10,TOP Oss,NAC Breda,1,1,D,0,1,A,Matchday 38,source_reported_FT,TOP Oss,NAC Breda
openfootball/europe,https://raw.githubusercontent.com/openfootball/europe/7faa522aef63fa9a6fcb9d8189bd8bc52381e967/netherlands/2023-24_nl2.txt,7faa522aef63fa9a6fcb9d8189bd8bc52381e967,598,2026-09-04T07:12:35.730Z,Eerste Divisie,2023-24,2024-05-10,Willem II,Telstar,3,2,H,0,2,A,Matchday 38,source_reported_FT,Willem II,Telstar
openfootball/europe,https://raw.githubusercontent.com/openfootball/europe/7faa522aef63fa9a6fcb9d8189bd8bc52381e967/netherlands/2024-25_nl2.txt,7faa522aef63fa9a6fcb9d8189bd8bc52381e967,11,2026-09-04T07:12:34.949Z,Eerste Divisie,2024-25,2024-08-09,FC Eindhoven,FC Den Bosch,2,0,H,1,0,H,Matchday 1,source_reported_FT,FC Eindhoven,FC Den Bosch
openfootball/europe,https://raw.githubusercontent.com/openfootball/europe/7faa522aef63fa9a6fcb9d8189bd8bc52381e967/netherlands/2024-25_nl2.txt,7faa522aef63fa9a6fcb9d8189bd8bc52381e967,12,2026-09-04T07:12:34.949Z,Eerste Divisie,2024-25,2024-08-09,FC Emmen,FC Dordrecht,1,2,A,0,2,A,Matchday 1,source_reported_FT,FC Emmen,FC Dordrecht
openfootball/europe,https://raw.githubusercontent.com/openfootball/europe/7faa522aef63fa9a6fcb9d8189bd8bc52381e967/netherlands/2024-25_nl2.txt,7faa522aef63fa9a6fcb9d8189bd8bc52381e967,13,2026-09-04T07:12:34.949Z,Eerste Divisie,2024-25,2024-08-09,Helmond Sport,FC Utrecht J,1,1,D,1,1,D,Matchday 1,source_reported_FT,Helmond Sport,FC Utrecht J
openfootball/europe,https://raw.githubusercontent.com/openfootball/europe/7faa522aef63fa9a6fcb9d8189bd8bc52381e967/netherlands/2024-25_nl2.txt,7faa522aef63fa9a6fcb9d8189bd8bc52381e967,14,2026-09-04T07:12:34.949Z,Eerste Divisie,2024-25,2024-08-09,MVV,SC Cambuur,0,1,A,0,0,D,Matchday 1,source_reported_FT,MVV,SC Cambuur
openfootball/europe,https://raw.githubusercontent.com/openfootball/europe/7faa522aef63fa9a6fcb9d8189bd8bc52381e967/netherlands/2024-25_nl2.txt,7faa522aef63fa9a6fcb9d8189bd8bc52381e967,15,2026-09-04T07:12:34.949Z,Eerste Divisie,2024-25,2024-08-09,TOP Oss,SBV Excelsior,3,1,H,0,1,A,Matchday 1,source_reported_FT,TOP Oss,SBV Excelsior
openfootball/europe,https://raw.githubusercontent.com/openfootball/europe/7faa522aef63fa9a6fcb9d8189bd8bc52381e967/netherlands/2024-25_nl2.txt,7faa522aef63fa9a6fcb9d8189bd8bc52381e967,16,2026-09-04T07:12:34.949Z,Eerste Divisie,2024-25,2024-08-09,Vitesse,Telstar,2,3,A,0,1,A,Matchday 1,source_reported_FT,Vitesse,Telstar
openfootball/europe,https://raw.githubusercontent.com/openfootball/europe/7faa522aef63fa9a6fcb9d8189bd8bc52381e967/netherlands/2024-25_nl2.txt,7faa522aef63fa9a6fcb9d8189bd8bc52381e967,18,2026-09-04T07:12:34.949Z,Eerste Divisie,2024-25,2024-08-10,ADO Den Haag,VVV-Venlo,1,1,D,1,0,H,Matchday 1,source_reported_FT,ADO Den Haag,VVV-Venlo
openfootball/europe,https://raw.githubusercontent.com/openfootball/europe/7faa522aef63fa9a6fcb9d8189bd8bc52381e967/netherlands/2024-25_nl2.txt,7faa522aef63fa9a6fcb9d8189bd8bc52381e967,20,2026-09-04T07:12:34.949Z,Eerste Divisie,2024-25,2024-08-11,De Graafschap,FC Volendam,4,3,H,2,1,H,Matchday 1,source_reported_FT,De Graafschap,FC Volendam
openfootball/europe,https://raw.githubusercontent.com/openfootball/europe/7faa522aef63fa9a6fcb9d8189bd8bc52381e967/netherlands/2024-25_nl2.txt,7faa522aef63fa9a6fcb9d8189bd8bc52381e967,22,2026-09-04T07:12:34.949Z,Eerste Divisie,2024-25,2024-08-12,AZ Alkmaar J,Roda JC Kerkrade,6,1,H,4,1,H,Matchday 1,source_reported_FT,AZ Alkmaar J,Roda JC Kerkrade
openfootball/europe,https://raw.githubusercontent.com/openfootball/europe/7faa522aef63fa9a6fcb9d8189bd8bc52381e967/netherlands/2024-25_nl2.txt,7faa522aef63fa9a6fcb9d8189bd8bc52381e967,23,2026-09-04T07:12:34.949Z,Eerste Divisie,2024-25,2024-08-12,Jong PSV,Jong Ajax,2,2,D,0,0,D,Matchday 1,source_reported_FT,Jong PSV,Jong Ajax
openfootball/europe,https://raw.githubusercontent.com/openfootball/europe/7faa522aef63fa9a6fcb9d8189bd8bc52381e967/netherlands/2024-25_nl2.txt,7faa522aef63fa9a6fcb9d8189bd8bc52381e967,33,2026-09-04T07:12:34.949Z,Eerste Divisie,2024-25,2024-08-16,FC Den Bosch,AZ Alkmaar J,6,0,H,3,0,H,Matchday 2,source_reported_FT,FC Den Bosch,AZ Alkmaar J
openfootball/europe,https://raw.githubusercontent.com/openfootball/europe/7faa522aef63fa9a6fcb9d8189bd8bc52381e967/netherlands/2024-25_nl2.txt,7faa522aef63fa9a6fcb9d8189bd8bc52381e967,29,2026-09-04T07:12:34.949Z,Eerste Divisie,2024-25,2024-08-16,FC Utrecht J,Jong PSV,0,2,A,0,1,A,Matchday 2,source_reported_FT,FC Utrecht J,Jong PSV
openfootball/europe,https://raw.githubusercontent.com/openfootball/europe/7faa522aef63fa9a6fcb9d8189bd8bc52381e967/netherlands/2024-25_nl2.txt,7faa522aef63fa9a6fcb9d8189bd8bc52381e967,30,2026-09-04T07:12:34.949Z,Eerste Divisie,2024-25,2024-08-16,Roda JC Kerkrade,TOP Oss,0,0,D,,,,Matchday 2,source_reported_FT,Roda JC Kerkrade,TOP Oss
openfootball/europe,https://raw.githubusercontent.com/openfootball/europe/7faa522aef63fa9a6fcb9d8189bd8bc52381e967/netherlands/2024-25_nl2.txt,7faa522aef63fa9a6fcb9d8189bd8bc52381e967,28,2026-09-04T07:12:34.949Z,Eerste Divisie,2024-25,2024-08-16,SBV Excelsior,De Graafschap,3,1,H,1,0,H,Matchday 2,source_reported_FT,SBV Excelsior,De Graafschap
openfootball/europe,https://raw.githubusercontent.com/openfootball/europe/7faa522aef63fa9a6fcb9d8189bd8bc52381e967/netherlands/2024-25_nl2.txt,7faa522aef63fa9a6fcb9d8189bd8bc52381e967,31,2026-09-04T07:12:34.949Z,Eerste Divisie,2024-25,2024-08-16,Telstar,FC Eindhoven,0,3,A,0,1,A,Matchday 2,source_reported_FT,Telstar,FC Eindhoven
openfootball/europe,https://raw.githubusercontent.com/openfootball/europe/7faa522aef63fa9a6fcb9d8189bd8bc52381e967/netherlands/2024-25_nl2.txt,7faa522aef63fa9a6fcb9d8189bd8bc52381e967,32,2026-09-04T07:12:34.949Z,Eerste Divisie,2024-25,2024-08-16,VVV-Venlo,Vitesse,0,1,A,0,0,D,Matchday 2,source_reported_FT,VVV-Venlo,Vitesse
openfootball/europe,https://raw.githubusercontent.com/openfootball/europe/7faa522aef63fa9a6fcb9d8189bd8bc52381e967/netherlands/2024-25_nl2.txt,7faa522aef63fa9a6fcb9d8189bd8bc52381e967,35,2026-09-04T07:12:34.949Z,Eerste Divisie,2024-25,2024-08-17,FC Dordrecht,ADO Den Haag,1,1,D,0,1,A,Matchday 2,source_reported_FT,FC Dordrecht,ADO Den Haag
openfootball/europe,https://raw.githubusercontent.com/openfootball/europe/7faa522aef63fa9a6fcb9d8189bd8bc52381e967/netherlands/2024-25_nl2.txt,7faa522aef63fa9a6fcb9d8189bd8bc52381e967,38,2026-09-04T07:12:34.949Z,Eerste Divisie,2024-25,2024-08-18,FC Volendam,FC Emmen,0,1,A,0,0,D,Matchday 2,source_reported_FT,FC Volendam,FC Emmen
openfootball/europe,https://raw.githubusercontent.com/openfootball/europe/7faa522aef63fa9a6fcb9d8189bd8bc52381e967/netherlands/2024-25_nl2.txt,7faa522aef63fa9a6fcb9d8189bd8bc52381e967,37,2026-09-04T07:12:34.949Z,Eerste Divisie,2024-25,2024-08-18,SC Cambuur,Helmond Sport,0,1,A,0,1,A,Matchday 2,source_reported_FT,SC Cambuur,Helmond Sport
openfootball/europe,https://raw.githubusercontent.com/openfootball/europe/7faa522aef63fa9a6fcb9d8189bd8bc52381e967/netherlands/2024-25_nl2.txt,7faa522aef63fa9a6fcb9d8189bd8bc52381e967,40,2026-09-04T07:12:34.949Z,Eerste Divisie,2024-25,2024-08-19,Jong Ajax,MVV,0,0,D,,,,Matchday 2,source_reported_FT,Jong Ajax,MVV
openfootball/europe,https://raw.githubusercontent.com/openfootball/europe/7faa522aef63fa9a6fcb9d8189bd8bc52381e967/netherlands/2024-25_nl2.txt,7faa522aef63fa9a6fcb9d8189bd8bc52381e967,45,2026-09-04T07:12:34.949Z,Eerste Divisie,2024-25,2024-08-23,ADO Den Haag,FC Volendam,2,1,H,1,0,H,Matchday 3,source_reported_FT,ADO Den Haag,FC Volendam
openfootball/europe,https://raw.githubusercontent.com/openfootball/europe/7faa522aef63fa9a6fcb9d8189bd8bc52381e967/netherlands/2024-25_nl2.txt,7faa522aef63fa9a6fcb9d8189bd8bc52381e967,46,2026-09-04T07:12:34.949Z,Eerste Divisie,2024-25,2024-08-23,De Graafschap,FC Utrecht J,2,2,D,1,0,H,Matchday 3,source_reported_FT,De Graafschap,FC Utrecht J
openfootball/europe,https://raw.githubusercontent.com/openfootball/europe/7faa522aef63fa9a6fcb9d8189bd8bc52381e967/netherlands/2024-25_nl2.txt,7faa522aef63fa9a6fcb9d8189bd8bc52381e967,47,2026-09-04T07:12:34.949Z,Eerste Divisie,2024-25,2024-08-23,FC Den Bosch,MVV,1,1,D,1,0,H,Matchday 3,source_reported_FT,FC Den Bosch,MVV
openfootball/europe,https://raw.githubusercontent.com/openfootball/europe/7faa522aef63fa9a6fcb9d8189bd8bc52381e967/netherlands/2024-25_nl2.txt,7faa522aef63fa9a6fcb9d8189bd8bc52381e967,48,2026-09-04T07:12:34.949Z,Eerste Divisie,2024-25,2024-08-23,FC Emmen,Helmond Sport,0,0,D,,,,Matchday 3,source_reported_FT,FC Emmen,Helmond Sport
openfootball/europe,https://raw.githubusercontent.com/openfootball/europe/7faa522aef63fa9a6fcb9d8189bd8bc52381e967/netherlands/2024-25_nl2.txt,7faa522aef63fa9a6fcb9d8189bd8bc52381e967,49,2026-09-04T07:12:34.949Z,Eerste Divisie,2024-25,2024-08-23,TOP Oss,SC Cambuur,1,0,H,0,0,D,Matchday 3,source_reported_FT,TOP Oss,SC Cambuur
openfootball/europe,https://raw.githubusercontent.com/openfootball/europe/7faa522aef63fa9a6fcb9d8189bd8bc52381e967/netherlands/2024-25_nl2.txt,7faa522aef63fa9a6fcb9d8189bd8bc52381e967,51,2026-09-04T07:12:34.949Z,Eerste Divisie,2024-25,2024-08-24,FC Eindhoven,Jong Ajax,0,3,A,0,1,A,Matchday 3,source_reported_FT,FC Eindhoven,Jong Ajax
openfootball/europe,https://raw.githubusercontent.com/openfootball/europe/7faa522aef63fa9a6fcb9d8189bd8bc52381e967/netherlands/2024-25_nl2.txt,7faa522aef63fa9a6fcb9d8189bd8bc52381e967,54,2026-09-04T07:12:34.949Z,Eerste Divisie,2024-25,2024-08-25,VVV-Venlo,Roda JC Kerkrade,1,1,D,1,0,H,Matchday 3,source_reported_FT,VVV-Venlo,Roda JC Kerkrade
openfootball/europe,https://raw.githubusercontent.com/openfootball/europe/7faa522aef63fa9a6fcb9d8189bd8bc52381e967/netherlands/2024-25_nl2.txt,7faa522aef63fa9a6fcb9d8189bd8bc52381e967,53,2026-09-04T07:12:34.949Z,Eerste Divisie,2024-25,2024-08-25,Vitesse,SBV Excelsior,1,1,D,0,0,D,Matchday 3,source_reported_FT,Vitesse,SBV Excelsior
openfootball/europe,https://raw.githubusercontent.com/openfootball/europe/7faa522aef63fa9a6fcb9d8189bd8bc52381e967/netherlands/2024-25_nl2.txt,7faa522aef63fa9a6fcb9d8189bd8bc52381e967,56,2026-09-04T07:12:34.949Z,Eerste Divisie,2024-25,2024-08-26,AZ Alkmaar J,FC Dordrecht,3,1,H,0,0,D,Matchday 3,source_reported_FT,AZ Alkmaar J,FC Dordrecht
openfootball/europe,https://raw.githubusercontent.com/openfootball/europe/7faa522aef63fa9a6fcb9d8189bd8bc52381e967/netherlands/2024-25_nl2.txt,7faa522aef63fa9a6fcb9d8189bd8bc52381e967,57,2026-09-04T07:12:34.949Z,Eerste Divisie,2024-25,2024-08-26,Jong PSV,Telstar,0,2,A,0,1,A,Matchday 3,source_reported_FT,Jong PSV,Telstar
openfootball/europe,https://raw.githubusercontent.com/openfootball/europe/7faa522aef63fa9a6fcb9d8189bd8bc52381e967/netherlands/2024-25_nl2.txt,7faa522aef63fa9a6fcb9d8189bd8bc52381e967,62,2026-09-04T07:12:34.949Z,Eerste Divisie,2024-25,2024-08-30,ADO Den Haag,SBV Excelsior,0,5,A,0,1,A,Matchday 4,source_reported_FT,ADO Den Haag,SBV Excelsior
openfootball/europe,https://raw.githubusercontent.com/openfootball/europe/7faa522aef63fa9a6fcb9d8189bd8bc52381e967/netherlands/2024-25_nl2.txt,7faa522aef63fa9a6fcb9d8189bd8bc52381e967,63,2026-09-04T07:12:34.949Z,Eerste Divisie,2024-25,2024-08-30,FC Dordrecht,SC Cambuur,2,0,H,2,0,H,Matchday 4,source_reported_FT,FC Dordrecht,SC Cambuur
openfootball/europe,https://raw.githubusercontent.com/openfootball/europe/7faa522aef63fa9a6fcb9d8189bd8bc52381e967/netherlands/2024-25_nl2.txt,7faa522aef63fa9a6fcb9d8189bd8bc52381e967,66,2026-09-04T07:12:34.949Z,Eerste Divisie,2024-25,2024-08-30,FC Utrecht J,FC Emmen,1,2,A,1,0,H,Matchday 4,source_reported_FT,FC Utrecht J,FC Emmen
openfootball/europe,https://raw.githubusercontent.com/openfootball/europe/7faa522aef63fa9a6fcb9d8189bd8bc52381e967/netherlands/2024-25_nl2.txt,7faa522aef63fa9a6fcb9d8189bd8bc52381e967,64,2026-09-04T07:12:34.949Z,Eerste Divisie,2024-25,2024-08-30,Helmond Sport,VVV-Venlo,3,0,H,1,0,H,Matchday 4,source_reported_FT,Helmond Sport,VVV-Venlo
openfootball/europe,https://raw.githubusercontent.com/openfootball/europe/7faa522aef63fa9a6fcb9d8189bd8bc52381e967/netherlands/2024-25_nl2.txt,7faa522aef63fa9a6fcb9d8189bd8bc52381e967,65,2026-09-04T07:12:34.949Z,Eerste Divisie,2024-25,2024-08-30,Jong Ajax,FC Den Bosch,1,2,A,1,1,D,Matchday 4,source_reported_FT,Jong Ajax,FC Den Bosch
openfootball/europe,https://raw.githubusercontent.com/openfootball/europe/7faa522aef63fa9a6fcb9d8189bd8bc52381e967/netherlands/2024-25_nl2.txt,7faa522aef63fa9a6fcb9d8189bd8bc52381e967,67,2026-09-04T07:12:34.949Z,Eerste Divisie,2024-25,2024-08-30,MVV,Jong PSV,3,2,H,0,0,D,Matchday 4,source_reported_FT,MVV,Jong PSV
openfootball/europe,https://raw.githubusercontent.com/openfootball/europe/7faa522aef63fa9a6fcb9d8189bd8bc52381e967/netherlands/2024-25_nl2.txt,7faa522aef63fa9a6fcb9d8189bd8bc52381e967,68,2026-09-04T07:12:34.949Z,Eerste Divisie,2024-25,2024-08-30,Telstar,AZ Alkmaar J,0,0,D,,,,Matchday 4,source_reported_FT,Telstar,AZ Alkmaar J
openfootball/europe,https://raw.githubusercontent.com/openfootball/europe/7faa522aef63fa9a6fcb9d8189bd8bc52381e967/netherlands/2024-25_nl2.txt,7faa522aef63fa9a6fcb9d8189bd8bc52381e967,69,2026-09-04T07:12:34.949Z,Eerste Divisie,2024-25,2024-08-30,Vitesse,FC Eindhoven,1,1,D,1,0,H,Matchday 4,source_reported_FT,Vitesse,FC Eindhoven
openfootball/europe,https://raw.githubusercontent.com/openfootball/europe/7faa522aef63fa9a6fcb9d8189bd8bc52381e967/netherlands/2024-25_nl2.txt,7faa522aef63fa9a6fcb9d8189bd8bc52381e967,71,2026-09-04T07:12:34.949Z,Eerste Divisie,2024-25,2024-08-31,FC Volendam,TOP Oss,4,0,H,3,0,H,Matchday 4,source_reported_FT,FC Volendam,TOP Oss
openfootball/europe,https://raw.githubusercontent.com/openfootball/europe/7faa522aef63fa9a6fcb9d8189bd8bc52381e967/netherlands/2024-25_nl2.txt,7faa522aef63fa9a6fcb9d8189bd8bc52381e967,73,2026-09-04T07:12:34.949Z,Eerste Divisie,2024-25,2024-09-01,Roda JC Kerkrade,De Graafschap,1,4,A,1,1,D,Matchday 4,source_reported_FT,Roda JC Kerkrade,De Graafschap
openfootball/europe,https://raw.githubusercontent.com/openfootball/europe/7faa522aef63fa9a6fcb9d8189bd8bc52381e967/netherlands/2024-25_nl2.txt,7faa522aef63fa9a6fcb9d8189bd8bc52381e967,78,2026-09-04T07:12:34.949Z,Eerste Divisie,2024-25,2024-09-06,De Graafschap,FC Eindhoven,2,0,H,1,0,H,Matchday 5,source_reported_FT,De Graafschap,FC Eindhoven
openfootball/europe,https://raw.githubusercontent.com/openfootball/europe/7faa522aef63fa9a6fcb9d8189bd8bc52381e967/netherlands/2024-25_nl2.txt,7faa522aef63fa9a6fcb9d8189bd8bc52381e967,80,2026-09-04T07:12:34.949Z,Eerste Divisie,2024-25,2024-09-08,Telstar,MVV,4,0,H,1,0,H,Matchday 5,source_reported_FT,Telstar,MVV
openfootball/europe,https://raw.githubusercontent.com/openfootball/europe/7faa522aef63fa9a6fcb9d8189bd8bc52381e967/netherlands/2024-25_nl2.txt,7faa522aef63fa9a6fcb9d8189bd8bc52381e967,100,2026-09-04T07:12:34.949Z,Eerste Divisie,2024-25,2024-09-13,AZ Alkmaar J,Vitesse,0,1,A,0,0,D,Matchday 6,source_reported_FT,AZ Alkmaar J,Vitesse
openfootball/europe,https://raw.githubusercontent.com/openfootball/europe/7faa522aef63fa9a6fcb9d8189bd8bc52381e967/netherlands/2024-25_nl2.txt,7faa522aef63fa9a6fcb9d8189bd8bc52381e967,95,2026-09-04T07:12:34.949Z,Eerste Divisie,2024-25,2024-09-13,De Graafschap,Helmond Sport,2,3,A,0,2,A,Matchday 6,source_reported_FT,De Graafschap,Helmond Sport
openfootball/europe,https://raw.githubusercontent.com/openfootball/europe/7faa522aef63fa9a6fcb9d8189bd8bc52381e967/netherlands/2024-25_nl2.txt,7faa522aef63fa9a6fcb9d8189bd8bc52381e967,96,2026-09-04T07:12:34.949Z,Eerste Divisie,2024-25,2024-09-13,FC Den Bosch,ADO Den Haag,2,0,H,1,0,H,Matchday 6,source_reported_FT,FC Den Bosch,ADO Den Haag
openfootball/europe,https://raw.githubusercontent.com/openfootball/europe/7faa522aef63fa9a6fcb9d8189bd8bc52381e967/netherlands/2024-25_nl2.txt,7faa522aef63fa9a6fcb9d8189bd8bc52381e967,97,2026-09-04T07:12:34.949Z,Eerste Divisie,2024-25,2024-09-13,FC Eindhoven,FC Dordrecht,0,0,D,,,,Matchday 6,source_reported_FT,FC Eindhoven,FC Dordrecht
openfootball/europe,https://raw.githubusercontent.com/openfootball/europe/7faa522aef63fa9a6fcb9d8189bd8bc52381e967/netherlands/2024-25_nl2.txt,7faa522aef63fa9a6fcb9d8189bd8bc52381e967,99,2026-09-04T07:12:34.949Z,Eerste Divisie,2024-25,2024-09-13,FC Emmen,Roda JC Kerkrade,1,3,A,0,1,A,Matchday 6,source_reported_FT,FC Emmen,Roda JC Kerkrade
openfootball/europe,https://raw.githubusercontent.com/openfootball/europe/7faa522aef63fa9a6fcb9d8189bd8bc52381e967/netherlands/2024-25_nl2.txt,7faa522aef63fa9a6fcb9d8189bd8bc52381e967,101,2026-09-04T07:12:34.949Z,Eerste Divisie,2024-25,2024-09-13,MVV,FC Volendam,2,2,D,1,1,D,Matchday 6,source_reported_FT,MVV,FC Volendam
openfootball/europe,https://raw.githubusercontent.com/openfootball/europe/7faa522aef63fa9a6fcb9d8189bd8bc52381e967/netherlands/2024-25_nl2.txt,7faa522aef63fa9a6fcb9d8189bd8bc52381e967,98,2026-09-04T07:12:34.949Z,Eerste Divisie,2024-25,2024-09-13,SBV Excelsior,Telstar,3,2,H,2,0,H,Matchday 6,source_reported_FT,SBV Excelsior,Telstar
openfootball/europe,https://raw.githubusercontent.com/openfootball/europe/7faa522aef63fa9a6fcb9d8189bd8bc52381e967/netherlands/2024-25_nl2.txt,7faa522aef63fa9a6fcb9d8189bd8bc52381e967,103,2026-09-04T07:12:34.949Z,Eerste Divisie,2024-25,2024-09-13,SC Cambuur,Jong Ajax,0,1,A,0,0,D,Matchday 6,source_reported_FT,SC Cambuur,Jong Ajax
openfootball/europe,https://raw.githubusercontent.com/openfootball/europe/7faa522aef63fa9a6fcb9d8189bd8bc52381e967/netherlands/2024-25_nl2.txt,7faa522aef63fa9a6fcb9d8189bd8bc52381e967,102,2026-09-04T07:12:34.949Z,Eerste Divisie,2024-25,2024-09-13,TOP Oss,Jong PSV,0,3,A,0,2,A,Matchday 6,source_reported_FT,TOP Oss,Jong PSV
openfootball/europe,https://raw.githubusercontent.com/openfootball/europe/7faa522aef63fa9a6fcb9d8189bd8bc52381e967/netherlands/2024-25_nl2.txt,7faa522aef63fa9a6fcb9d8189bd8bc52381e967,104,2026-09-04T07:12:34.949Z,Eerste Divisie,2024-25,2024-09-13,VVV-Venlo,FC Utrecht J,3,2,H,1,1,D,Matchday 6,source_reported_FT,VVV-Venlo,FC Utrecht J
openfootball/europe,https://raw.githubusercontent.com/openfootball/europe/7faa522aef63fa9a6fcb9d8189bd8bc52381e967/netherlands/2024-25_nl2.txt,7faa522aef63fa9a6fcb9d8189bd8bc52381e967,83,2026-09-04T07:12:34.949Z,Eerste Divisie,2024-25,2024-09-16,FC Emmen,Vitesse,3,3,D,1,1,D,Matchday 5,source_reported_FT,FC Emmen,Vitesse
openfootball/europe,https://raw.githubusercontent.com/openfootball/europe/7faa522aef63fa9a6fcb9d8189bd8bc52381e967/netherlands/2024-25_nl2.txt,7faa522aef63fa9a6fcb9d8189bd8bc52381e967,85,2026-09-04T07:12:34.949Z,Eerste Divisie,2024-25,2024-09-16,FC Utrecht J,FC Den Bosch,0,3,A,0,2,A,Matchday 5,source_reported_FT,FC Utrecht J,FC Den Bosch
openfootball/europe,https://raw.githubusercontent.com/openfootball/europe/7faa522aef63fa9a6fcb9d8189bd8bc52381e967/netherlands/2024-25_nl2.txt,7faa522aef63fa9a6fcb9d8189bd8bc52381e967,84,2026-09-04T07:12:34.949Z,Eerste Divisie,2024-25,2024-09-16,Helmond Sport,TOP Oss,1,0,H,0,0,D,Matchday 5,source_reported_FT,Helmond Sport,TOP Oss
openfootball/europe,https://raw.githubusercontent.com/openfootball/europe/7faa522aef63fa9a6fcb9d8189bd8bc52381e967/netherlands/2024-25_nl2.txt,7faa522aef63fa9a6fcb9d8189bd8bc52381e967,86,2026-09-04T07:12:34.949Z,Eerste Divisie,2024-25,2024-09-16,Jong PSV,ADO Den Haag,2,2,D,1,0,H,Matchday 5,source_reported_FT,Jong PSV,ADO Den Haag
openfootball/europe,https://raw.githubusercontent.com/openfootball/europe/7faa522aef63fa9a6fcb9d8189bd8bc52381e967/netherlands/2024-25_nl2.txt,7faa522aef63fa9a6fcb9d8189bd8bc52381e967,82,2026-09-04T07:12:34.949Z,Eerste Divisie,2024-25,2024-09-16,SBV Excelsior,VVV-Venlo,4,0,H,3,0,H,Matchday 5,source_reported_FT,SBV Excelsior,VVV-Venlo
openfootball/europe,https://raw.githubusercontent.com/openfootball/europe/7faa522aef63fa9a6fcb9d8189bd8bc52381e967/netherlands/2024-25_nl2.txt,7faa522aef63fa9a6fcb9d8189bd8bc52381e967,87,2026-09-04T07:12:34.949Z,Eerste Divisie,2024-25,2024-09-16,SC Cambuur,Roda JC Kerkrade,0,0,D,,,,Matchday 5,source_reported_FT,SC Cambuur,Roda JC Kerkrade
openfootball/europe,https://raw.githubusercontent.com/openfootball/europe/7faa522aef63fa9a6fcb9d8189bd8bc52381e967/netherlands/2024-25_nl2.txt,7faa522aef63fa9a6fcb9d8189bd8bc52381e967,89,2026-09-04T07:12:34.949Z,Eerste Divisie,2024-25,2024-09-17,FC Volendam,FC Dordrecht,2,0,H,2,0,H,Matchday 5,source_reported_FT,FC Volendam,FC Dordrecht
openfootball/europe,https://raw.githubusercontent.com/openfootball/europe/7faa522aef63fa9a6fcb9d8189bd8bc52381e967/netherlands/2024-25_nl2.txt,7faa522aef63fa9a6fcb9d8189bd8bc52381e967,90,2026-09-04T07:12:34.949Z,Eerste Divisie,2024-25,2024-09-17,Jong Ajax,AZ Alkmaar J,1,2,A,1,0,H,Matchday 5,source_reported_FT,Jong Ajax,AZ Alkmaar J
openfootball/europe,https://raw.githubusercontent.com/openfootball/europe/7faa522aef63fa9a6fcb9d8189bd8bc52381e967/netherlands/2024-25_nl2.txt,7faa522aef63fa9a6fcb9d8189bd8bc52381e967,109,2026-09-04T07:12:34.949Z,Eerste Divisie,2024-25,2024-09-20,ADO Den Haag,Telstar,1,1,D,1,1,D,Matchday 7,source_reported_FT,ADO Den Haag,Telstar
openfootball/europe,https://raw.githubusercontent.com/openfootball/europe/7faa522aef63fa9a6fcb9d8189bd8bc52381e967/netherlands/2024-25_nl2.txt,7faa522aef63fa9a6fcb9d8189bd8bc52381e967,110,2026-09-04T07:12:34.949Z,Eerste Divisie,2024-25,2024-09-20,FC Den Bosch,FC Emmen,1,0,H,1,0,H,Matchday 7,source_reported_FT,FC Den Bosch,FC Emmen
openfootball/europe,https://raw.githubusercontent.com/openfootball/europe/7faa522aef63fa9a6fcb9d8189bd8bc52381e967/netherlands/2024-25_nl2.txt,7faa522aef63fa9a6fcb9d8189bd8bc52381e967,111,2026-09-04T07:12:34.949Z,Eerste Divisie,2024-25,2024-09-20,FC Dordrecht,SBV Excelsior,2,2,D,0,0,D,Matchday 7,source_reported_FT,FC Dordrecht,SBV Excelsior
openfootball/europe,https://raw.githubusercontent.com/openfootball/europe/7faa522aef63fa9a6fcb9d8189bd8bc52381e967/netherlands/2024-25_nl2.txt,7faa522aef63fa9a6fcb9d8189bd8bc52381e967,112,2026-09-04T07:12:34.949Z,Eerste Divisie,2024-25,2024-09-20,Helmond Sport,FC Volendam,2,3,A,1,1,D,Matchday 7,source_reported_FT,Helmond Sport,FC Volendam
openfootball/europe,https://raw.githubusercontent.com/openfootball/europe/7faa522aef63fa9a6fcb9d8189bd8bc52381e967/netherlands/2024-25_nl2.txt,7faa522aef63fa9a6fcb9d8189bd8bc52381e967,113,2026-09-04T07:12:34.949Z,Eerste Divisie,2024-25,2024-09-20,VVV-Venlo,Jong PSV,0,2,A,0,1,A,Matchday 7,source_reported_FT,VVV-Venlo,Jong PSV
openfootball/europe,https://raw.githubusercontent.com/openfootball/europe/7faa522aef63fa9a6fcb9d8189bd8bc52381e967/netherlands/2024-25_nl2.txt,7faa522aef63fa9a6fcb9d8189bd8bc52381e967,115,2026-09-04T07:12:34.949Z,Eerste Divisie,2024-25,2024-09-21,Roda JC Kerkrade,MVV,1,0,H,0,0,D,Matchday 7,source_reported_FT,Roda JC Kerkrade,MVV
openfootball/europe,https://raw.githubusercontent.com/openfootball/europe/7faa522aef63fa9a6fcb9d8189bd8bc52381e967/netherlands/2024-25_nl2.txt,7faa522aef63fa9a6fcb9d8189bd8bc52381e967,116,2026-09-04T07:12:34.949Z,Eerste Divisie,2024-25,2024-09-21,Vitesse,Jong Ajax,2,2,D,1,2,A,Matchday 7,source_reported_FT,Vitesse,Jong Ajax
openfootball/europe,https://raw.githubusercontent.com/openfootball/europe/7faa522aef63fa9a6fcb9d8189bd8bc52381e967/netherlands/2024-25_nl2.txt,7faa522aef63fa9a6fcb9d8189bd8bc52381e967,118,2026-09-04T07:12:34.949Z,Eerste Divisie,2024-25,2024-09-22,TOP Oss,FC Eindhoven,0,4,A,0,1,A,Matchday 7,source_reported_FT,TOP Oss,FC Eindhoven
openfootball/europe,https://raw.githubusercontent.com/openfootball/europe/7faa522aef63fa9a6fcb9d8189bd8bc52381e967/netherlands/2024-25_nl2.txt,7faa522aef63fa9a6fcb9d8189bd8bc52381e967,120,2026-09-04T07:12:34.949Z,Eerste Divisie,2024-25,2024-09-23,AZ Alkmaar J,De Graafschap,2,2,D,0,1,A,Matchday 7,source_reported_FT,AZ Alkmaar J,De Graafschap
openfootball/europe,https://raw.githubusercontent.com/openfootball/europe/7faa522aef63fa9a6fcb9d8189bd8bc52381e967/netherlands/2024-25_nl2.txt,7faa522aef63fa9a6fcb9d8189bd8bc52381e967,121,2026-09-04T07:12:34.949Z,Eerste Divisie,2024-25,2024-09-23,FC Utrecht J,SC Cambuur,0,4,A,0,1,A,Matchday 7,source_reported_FT,FC Utrecht J,SC Cambuur
openfootball/europe,https://raw.githubusercontent.com/openfootball/europe/7faa522aef63fa9a6fcb9d8189bd8bc52381e967/netherlands/2024-25_nl2.txt,7faa522aef63fa9a6fcb9d8189bd8bc52381e967,126,2026-09-04T07:12:34.949Z,Eerste Divisie,2024-25,2024-09-27,ADO Den Haag,FC Utrecht J,1,1,D,1,1,D,Matchday 8,source_reported_FT,ADO Den Haag,FC Utrecht J
openfootball/europe,https://raw.githubusercontent.com/openfootball/europe/7faa522aef63fa9a6fcb9d8189bd8bc52381e967/netherlands/2024-25_nl2.txt,7faa522aef63fa9a6fcb9d8189bd8bc52381e967,127,2026-09-04T07:12:34.949Z,Eerste Divisie,2024-25,2024-09-27,FC Eindhoven,Roda JC Kerkrade,0,0,D,,,,Matchday 8,source_reported_FT,FC Eindhoven,Roda JC Kerkrade
openfootball/europe,https://raw.githubusercontent.com/openfootball/europe/7faa522aef63fa9a6fcb9d8189bd8bc52381e967/netherlands/2024-25_nl2.txt,7faa522aef63fa9a6fcb9d8189bd8bc52381e967,129,2026-09-04T07:12:34.949Z,Eerste Divisie,2024-25,2024-09-27,FC Volendam,VVV-Venlo,2,4,A,0,2,A,Matchday 8,source_reported_FT,FC Volendam,VVV-Venlo
openfootball/europe,https://raw.githubusercontent.com/openfootball/europe/7faa522aef63fa9a6fcb9d8189bd8bc52381e967/netherlands/2024-25_nl2.txt,7faa522aef63fa9a6fcb9d8189bd8bc52381e967,130,2026-09-04T07:12:34.949Z,Eerste Divisie,2024-25,2024-09-27,MVV,TOP Oss,2,2,D,0,1,A,Matchday 8,source_reported_FT,MVV,TOP Oss
openfootball/europe,https://raw.githubusercontent.com/openfootball/europe/7faa522aef63fa9a6fcb9d8189bd8bc52381e967/netherlands/2024-25_nl2.txt,7faa522aef63fa9a6fcb9d8189bd8bc52381e967,128,2026-09-04T07:12:34.949Z,Eerste Divisie,2024-25,2024-09-27,SBV Excelsior,AZ Alkmaar J,4,2,H,1,2,A,Matchday 8,source_reported_FT,SBV Excelsior,AZ Alkmaar J
openfootball/europe,https://raw.githubusercontent.com/openfootball/europe/7faa522aef63fa9a6fcb9d8189bd8bc52381e967/netherlands/2024-25_nl2.txt,7faa522aef63fa9a6fcb9d8189bd8bc52381e967,132,2026-09-04T07:12:34.949Z,Eerste Divisie,2024-25,2024-09-28,Telstar,FC Den Bosch,0,0,D,,,,Matchday 8,source_reported_FT,Telstar,FC Den Bosch
openfootball/europe,https://raw.githubusercontent.com/openfootball/europe/7faa522aef63fa9a6fcb9d8189bd8bc52381e967/netherlands/2024-25_nl2.txt,7faa522aef63fa9a6fcb9d8189bd8bc52381e967,134,2026-09-04T07:12:34.949Z,Eerste Divisie,2024-25,2024-09-29,De Graafschap,Vitesse,3,1,H,1,0,H,Matchday 8,source_reported_FT,De Graafschap,Vitesse
openfootball/europe,https://raw.githubusercontent.com/openfootball/europe/7faa522aef63fa9a6fcb9d8189bd8bc52381e967/netherlands/2024-25_nl2.txt,7faa522aef63fa9a6fcb9d8189bd8bc52381e967,135,2026-09-04T07:12:34.949Z,Eerste Divisie,2024-25,2024-09-29,SC Cambuur,FC Emmen,1,3,A,1,3,A,Matchday 8,source_reported_FT,SC Cambuur,FC Emmen
openfootball/europe,https://raw.githubusercontent.com/openfootball/europe/7faa522aef63fa9a6fcb9d8189bd8bc52381e967/netherlands/2024-25_nl2.txt,7faa522aef63fa9a6fcb9d8189bd8bc52381e967,137,2026-09-04T07:12:34.949Z,Eerste Divisie,2024-25,2024-09-30,Jong Ajax,FC Dordrecht,0,1,A,0,1,A,Matchday 8,source_reported_FT,Jong Ajax,FC Dordrecht
openfootball/europe,https://raw.githubusercontent.com/openfootball/europe/7faa522aef63fa9a6fcb9d8189bd8bc52381e967/netherlands/2024-25_nl2.txt,7faa522aef63fa9a6fcb9d8189bd8bc52381e967,138,2026-09-04T07:12:34.949Z,Eerste Divisie,2024-25,2024-09-30,Jong PSV,Helmond Sport,1,3,A,0,3,A,Matchday 8,source_reported_FT,Jong PSV,Helmond Sport
openfootball/europe,https://raw.githubusercontent.com/openfootball/europe/7faa522aef63fa9a6fcb9d8189bd8bc52381e967/netherlands/2024-25_nl2.txt,7faa522aef63fa9a6fcb9d8189bd8bc52381e967,147,2026-09-04T07:12:34.949Z,Eerste Divisie,2024-25,2024-10-04,AZ Alkmaar J,FC Eindhoven,2,3,A,0,1,A,Matchday 9,source_reported_FT,AZ Alkmaar J,FC Eindhoven
openfootball/europe,https://raw.githubusercontent.com/openfootball/europe/7faa522aef63fa9a6fcb9d8189bd8bc52381e967/netherlands/2024-25_nl2.txt,7faa522aef63fa9a6fcb9d8189bd8bc52381e967,143,2026-09-04T07:12:34.949Z,Eerste Divisie,2024-25,2024-10-04,FC Den Bosch,De Graafschap,2,2,D,0,1,A,Matchday 9,source_reported_FT,FC Den Bosch,De Graafschap
openfootball/europe,https://raw.githubusercontent.com/openfootball/europe/7faa522aef63fa9a6fcb9d8189bd8bc52381e967/netherlands/2024-25_nl2.txt,7faa522aef63fa9a6fcb9d8189bd8bc52381e967,144,2026-09-04T07:12:34.949Z,Eerste Divisie,2024-25,2024-10-04,FC Dordrecht,Jong PSV,2,0,H,1,0,H,Matchday 9,source_reported_FT,FC Dordrecht,Jong PSV
openfootball/europe,https://raw.githubusercontent.com/openfootball/europe/7faa522aef63fa9a6fcb9d8189bd8bc52381e967/netherlands/2024-25_nl2.txt,7faa522aef63fa9a6fcb9d8189bd8bc52381e967,145,2026-09-04T07:12:34.949Z,Eerste Divisie,2024-25,2024-10-04,FC Emmen,MVV,1,1,D,0,0,D,Matchday 9,source_reported_FT,FC Emmen,MVV
openfootball/europe,https://raw.githubusercontent.com/openfootball/europe/7faa522aef63fa9a6fcb9d8189bd8bc52381e967/netherlands/2024-25_nl2.txt,7faa522aef63fa9a6fcb9d8189bd8bc52381e967,148,2026-09-04T07:12:34.949Z,Eerste Divisie,2024-25,2024-10-04,FC Utrecht J,Telstar,1,1,D,0,1,A,Matchday 9,source_reported_FT,FC Utrecht J,Telstar
openfootball/europe,https://raw.githubusercontent.com/openfootball/europe/7faa522aef63fa9a6fcb9d8189bd8bc52381e967/netherlands/2024-25_nl2.txt,7faa522aef63fa9a6fcb9d8189bd8bc52381e967,146,2026-09-04T07:12:34.949Z,Eerste Divisie,2024-25,2024-10-04,Helmond Sport,Jong Ajax,1,1,D,0,0,D,Matchday 9,source_reported_FT,Helmond Sport,Jong Ajax
openfootball/europe,https://raw.githubusercontent.com/openfootball/europe/7faa522aef63fa9a6fcb9d8189bd8bc52381e967/netherlands/2024-25_nl2.txt,7faa522aef63fa9a6fcb9d8189bd8bc52381e967,150,2026-09-04T07:12:34.949Z,Eerste Divisie,2024-25,2024-10-04,Roda JC Kerkrade,SBV Excelsior,3,0,H,2,0,H,Matchday 9,source_reported_FT,Roda JC Kerkrade,SBV Excelsior
openfootball/europe,https://raw.githubusercontent.com/openfootball/europe/7faa522aef63fa9a6fcb9d8189bd8bc52381e967/netherlands/2024-25_nl2.txt,7faa522aef63fa9a6fcb9d8189bd8bc52381e967,149,2026-09-04T07:12:34.949Z,Eerste Divisie,2024-25,2024-10-04,TOP Oss,ADO Den Haag,1,5,A,0,3,A,Matchday 9,source_reported_FT,TOP Oss,ADO Den Haag
openfootball/europe,https://raw.githubusercontent.com/openfootball/europe/7faa522aef63fa9a6fcb9d8189bd8bc52381e967/netherlands/2024-25_nl2.txt,7faa522aef63fa9a6fcb9d8189bd8bc52381e967,152,2026-09-04T07:12:34.949Z,Eerste Divisie,2024-25,2024-10-04,VVV-Venlo,SC Cambuur,0,1,A,0,1,A,Matchday 9,source_reported_FT,VVV-Venlo,SC Cambuur
openfootball/europe,https://raw.githubusercontent.com/openfootball/europe/7faa522aef63fa9a6fcb9d8189bd8bc52381e967/netherlands/2024-25_nl2.txt,7faa522aef63fa9a6fcb9d8189bd8bc52381e967,151,2026-09-04T07:12:34.949Z,Eerste Divisie,2024-25,2024-10-04,Vitesse,FC Volendam,1,2,A,0,2,A,Matchday 9,source_reported_FT,Vitesse,FC Volendam
openfootball/europe,https://raw.githubusercontent.com/openfootball/europe/7faa522aef63fa9a6fcb9d8189bd8bc52381e967/netherlands/2024-25_nl2.txt,7faa522aef63fa9a6fcb9d8189bd8bc52381e967,157,2026-09-04T07:12:34.949Z,Eerste Divisie,2024-25,2024-10-12,Telstar,De Graafschap,2,2,D,1,2,A,Matchday 10,source_reported_FT,Telstar,De Graafschap
openfootball/europe,https://raw.githubusercontent.com/openfootball/europe/7faa522aef63fa9a6fcb9d8189bd8bc52381e967/netherlands/2024-25_nl2.txt,7faa522aef63fa9a6fcb9d8189bd8bc52381e967,159,2026-09-04T07:12:34.949Z,Eerste Divisie,2024-25,2024-10-13,MVV,VVV-Venlo,2,0,H,1,0,H,Matchday 10,source_reported_FT,MVV,VVV-Venlo
openfootball/europe,https://raw.githubusercontent.com/openfootball/europe/7faa522aef63fa9a6fcb9d8189bd8bc52381e967/netherlands/2024-25_nl2.txt,7faa522aef63fa9a6fcb9d8189bd8bc52381e967,174,2026-09-04T07:12:34.949Z,Eerste Divisie,2024-25,2024-10-18,ADO Den Haag,Roda JC Kerkrade,3,0,H,1,0,H,Matchday 11,source_reported_FT,ADO Den Haag,Roda JC Kerkrade
openfootball/europe,https://raw.githubusercontent.com/openfootball/europe/7faa522aef63fa9a6fcb9d8189bd8bc52381e967/netherlands/2024-25_nl2.txt,7faa522aef63fa9a6fcb9d8189bd8bc52381e967,180,2026-09-04T07:12:34.949Z,Eerste Divisie,2024-25,2024-10-18,AZ Alkmaar J,Helmond Sport,2,3,A,1,1,D,Matchday 11,source_reported_FT,AZ Alkmaar J,Helmond Sport
openfootball/europe,https://raw.githubusercontent.com/openfootball/europe/7faa522aef63fa9a6fcb9d8189bd8bc52381e967/netherlands/2024-25_nl2.txt,7faa522aef63fa9a6fcb9d8189bd8bc52381e967,175,2026-09-04T07:12:34.949Z,Eerste Divisie,2024-25,2024-10-18,De Graafschap,Jong PSV,3,1,H,2,1,H,Matchday 11,source_reported_FT,De Graafschap,Jong PSV
openfootball/europe,https://raw.githubusercontent.com/openfootball/europe/7faa522aef63fa9a6fcb9d8189bd8bc52381e967/netherlands/2024-25_nl2.txt,7faa522aef63fa9a6fcb9d8189bd8bc52381e967,176,2026-09-04T07:12:34.949Z,Eerste Divisie,2024-25,2024-10-18,FC Den Bosch,Vitesse,4,2,H,0,1,A,Matchday 11,source_reported_FT,FC Den Bosch,Vitesse
openfootball/europe,https://raw.githubusercontent.com/openfootball/europe/7faa522aef63fa9a6fcb9d8189bd8bc52381e967/netherlands/2024-25_nl2.txt,7faa522aef63fa9a6fcb9d8189bd8bc52381e967,177,2026-09-04T07:12:34.949Z,Eerste Divisie,2024-25,2024-10-18,FC Eindhoven,FC Emmen,0,3,A,0,1,A,Matchday 11,source_reported_FT,FC Eindhoven,FC Emmen
openfootball/europe,https://raw.githubusercontent.com/openfootball/europe/7faa522aef63fa9a6fcb9d8189bd8bc52381e967/netherlands/2024-25_nl2.txt,7faa522aef63fa9a6fcb9d8189bd8bc52381e967,179,2026-09-04T07:12:34.949Z,Eerste Divisie,2024-25,2024-10-18,Jong Ajax,FC Utrecht J,0,0,D,,,,Matchday 11,source_reported_FT,Jong Ajax,FC Utrecht J
openfootball/europe,https://raw.githubusercontent.com/openfootball/europe/7faa522aef63fa9a6fcb9d8189bd8bc52381e967/netherlands/2024-25_nl2.txt,7faa522aef63fa9a6fcb9d8189bd8bc52381e967,178,2026-09-04T07:12:34.949Z,Eerste Divisie,2024-25,2024-10-18,SBV Excelsior,MVV,3,2,H,1,2,A,Matchday 11,source_reported_FT,SBV Excelsior,MVV
openfootball/europe,https://raw.githubusercontent.com/openfootball/europe/7faa522aef63fa9a6fcb9d8189bd8bc52381e967/netherlands/2024-25_nl2.txt,7faa522aef63fa9a6fcb9d8189bd8bc52381e967,182,2026-09-04T07:12:34.949Z,Eerste Divisie,2024-25,2024-10-18,SC Cambuur,FC Volendam,1,2,A,0,1,A,Matchday 11,source_reported_FT,SC Cambuur,FC Volendam
openfootball/europe,https://raw.githubusercontent.com/openfootball/europe/7faa522aef63fa9a6fcb9d8189bd8bc52381e967/netherlands/2024-25_nl2.txt,7faa522aef63fa9a6fcb9d8189bd8bc52381e967,181,2026-09-04T07:12:34.949Z,Eerste Divisie,2024-25,2024-10-18,TOP Oss,Telstar,1,1,D,0,1,A,Matchday 11,source_reported_FT,TOP Oss,Telstar
openfootball/europe,https://raw.githubusercontent.com/openfootball/europe/7faa522aef63fa9a6fcb9d8189bd8bc52381e967/netherlands/2024-25_nl2.txt,7faa522aef63fa9a6fcb9d8189bd8bc52381e967,183,2026-09-04T07:12:34.949Z,Eerste Divisie,2024-25,2024-10-18,VVV-Venlo,FC Dordrecht,2,3,A,2,1,H,Matchday 11,source_reported_FT,VVV-Venlo,FC Dordrecht
openfootball/europe,https://raw.githubusercontent.com/openfootball/europe/7faa522aef63fa9a6fcb9d8189bd8bc52381e967/netherlands/2024-25_nl2.txt,7faa522aef63fa9a6fcb9d8189bd8bc52381e967,161,2026-09-04T07:12:34.949Z,Eerste Divisie,2024-25,2024-10-21,Helmond Sport,Roda JC Kerkrade,2,1,H,1,0,H,Matchday 10,source_reported_FT,Helmond Sport,Roda JC Kerkrade
openfootball/europe,https://raw.githubusercontent.com/openfootball/europe/7faa522aef63fa9a6fcb9d8189bd8bc52381e967/netherlands/2024-25_nl2.txt,7faa522aef63fa9a6fcb9d8189bd8bc52381e967,162,2026-09-04T07:12:34.949Z,Eerste Divisie,2024-25,2024-10-21,Jong Ajax,ADO Den Haag,0,0,D,,,,Matchday 10,source_reported_FT,Jong Ajax,ADO Den Haag
openfootball/europe,https://raw.githubusercontent.com/openfootball/europe/7faa522aef63fa9a6fcb9d8189bd8bc52381e967/netherlands/2024-25_nl2.txt,7faa522aef63fa9a6fcb9d8189bd8bc52381e967,163,2026-09-04T07:12:34.949Z,Eerste Divisie,2024-25,2024-10-21,Jong PSV,SBV Excelsior,1,3,A,0,3,A,Matchday 10,source_reported_FT,Jong PSV,SBV Excelsior
openfootball/europe,https://raw.githubusercontent.com/openfootball/europe/7faa522aef63fa9a6fcb9d8189bd8bc52381e967/netherlands/2024-25_nl2.txt,7faa522aef63fa9a6fcb9d8189bd8bc52381e967,164,2026-09-04T07:12:34.949Z,Eerste Divisie,2024-25,2024-10-21,SC Cambuur,FC Eindhoven,2,0,H,1,0,H,Matchday 10,source_reported_FT,SC Cambuur,FC Eindhoven
openfootball/europe,https://raw.githubusercontent.com/openfootball/europe/7faa522aef63fa9a6fcb9d8189bd8bc52381e967/netherlands/2024-25_nl2.txt,7faa522aef63fa9a6fcb9d8189bd8bc52381e967,166,2026-09-04T07:12:34.949Z,Eerste Divisie,2024-25,2024-10-22,FC Dordrecht,Vitesse,2,2,D,0,0,D,Matchday 10,source_reported_FT,FC Dordrecht,Vitesse
openfootball/europe,https://raw.githubusercontent.com/openfootball/europe/7faa522aef63fa9a6fcb9d8189bd8bc52381e967/netherlands/2024-25_nl2.txt,7faa522aef63fa9a6fcb9d8189bd8bc52381e967,167,2026-09-04T07:12:34.949Z,Eerste Divisie,2024-25,2024-10-22,FC Emmen,TOP Oss,2,0,H,1,0,H,Matchday 10,source_reported_FT,FC Emmen,TOP Oss
openfootball/europe,https://raw.githubusercontent.com/openfootball/europe/7faa522aef63fa9a6fcb9d8189bd8bc52381e967/netherlands/2024-25_nl2.txt,7faa522aef63fa9a6fcb9d8189bd8bc52381e967,169,2026-09-04T07:12:34.949Z,Eerste Divisie,2024-25,2024-10-22,FC Utrecht J,AZ Alkmaar J,0,1,A,0,1,A,Matchday 10,source_reported_FT,FC Utrecht J,AZ Alkmaar J
openfootball/europe,https://raw.githubusercontent.com/openfootball/europe/7faa522aef63fa9a6fcb9d8189bd8bc52381e967/netherlands/2024-25_nl2.txt,7faa522aef63fa9a6fcb9d8189bd8bc52381e967,168,2026-09-04T07:12:34.949Z,Eerste Divisie,2024-25,2024-10-22,FC Volendam,FC Den Bosch,3,2,H,1,2,A,Matchday 10,source_reported_FT,FC Volendam,FC Den Bosch
openfootball/europe,https://raw.githubusercontent.com/openfootball/europe/7faa522aef63fa9a6fcb9d8189bd8bc52381e967/netherlands/2024-25_nl2.txt,7faa522aef63fa9a6fcb9d8189bd8bc52381e967,188,2026-09-04T07:12:34.949Z,Eerste Divisie,2024-25,2024-10-25,ADO Den Haag,De Graafschap,1,2,A,1,1,D,Matchday 12,source_reported_FT,ADO Den Haag,De Graafschap
openfootball/europe,https://raw.githubusercontent.com/openfootball/europe/7faa522aef63fa9a6fcb9d8189bd8bc52381e967/netherlands/2024-25_nl2.txt,7faa522aef63fa9a6fcb9d8189bd8bc52381e967,189,2026-09-04T07:12:34.949Z,Eerste Divisie,2024-25,2024-10-25,FC Dordrecht,FC Utrecht J,3,1,H,1,0,H,Matchday 12,source_reported_FT,FC Dordrecht,FC Utrecht J
openfootball/europe,https://raw.githubusercontent.com/openfootball/europe/7faa522aef63fa9a6fcb9d8189bd8bc52381e967/netherlands/2024-25_nl2.txt,7faa522aef63fa9a6fcb9d8189bd8bc52381e967,190,2026-09-04T07:12:34.949Z,Eerste Divisie,2024-25,2024-10-25,FC Volendam,FC Eindhoven,4,1,H,3,1,H,Matchday 12,source_reported_FT,FC Volendam,FC Eindhoven
openfootball/europe,https://raw.githubusercontent.com/openfootball/europe/7faa522aef63fa9a6fcb9d8189bd8bc52381e967/netherlands/2024-25_nl2.txt,7faa522aef63fa9a6fcb9d8189bd8bc52381e967,192,2026-09-04T07:12:34.949Z,Eerste Divisie,2024-25,2024-10-25,Roda JC Kerkrade,Jong Ajax,2,1,H,1,0,H,Matchday 12,source_reported_FT,Roda JC Kerkrade,Jong Ajax
openfootball/europe,https://raw.githubusercontent.com/openfootball/europe/7faa522aef63fa9a6fcb9d8189bd8bc52381e967/netherlands/2024-25_nl2.txt,7faa522aef63fa9a6fcb9d8189bd8bc52381e967,191,2026-09-04T07:12:34.949Z,Eerste Divisie,2024-25,2024-10-25,TOP Oss,AZ Alkmaar J,2,1,H,0,1,A,Matchday 12,source_reported_FT,TOP Oss,AZ Alkmaar J
openfootball/europe,https://raw.githubusercontent.com/openfootball/europe/7faa522aef63fa9a6fcb9d8189bd8bc52381e967/netherlands/2024-25_nl2.txt,7faa522aef63fa9a6fcb9d8189bd8bc52381e967,194,2026-09-04T07:12:34.949Z,Eerste Divisie,2024-25,2024-10-25,VVV-Venlo,FC Den Bosch,1,2,A,0,1,A,Matchday 12,source_reported_FT,VVV-Venlo,FC Den Bosch
openfootball/europe,https://raw.githubusercontent.com/openfootball/europe/7faa522aef63fa9a6fcb9d8189bd8bc52381e967/netherlands/2024-25_nl2.txt,7faa522aef63fa9a6fcb9d8189bd8bc52381e967,193,2026-09-04T07:12:34.949Z,Eerste Divisie,2024-25,2024-10-25,Vitesse,Jong PSV,1,3,A,1,2,A,Matchday 12,source_reported_FT,Vitesse,Jong PSV
openfootball/europe,https://raw.githubusercontent.com/openfootball/europe/7faa522aef63fa9a6fcb9d8189bd8bc52381e967/netherlands/2024-25_nl2.txt,7faa522aef63fa9a6fcb9d8189bd8bc52381e967,196,2026-09-04T07:12:34.949Z,Eerste Divisie,2024-25,2024-10-26,SBV Excelsior,SC Cambuur,0,1,A,0,1,A,Matchday 12,source_reported_FT,SBV Excelsior,SC Cambuur
openfootball/europe,https://raw.githubusercontent.com/openfootball/europe/7faa522aef63fa9a6fcb9d8189bd8bc52381e967/netherlands/2024-25_nl2.txt,7faa522aef63fa9a6fcb9d8189bd8bc52381e967,198,2026-09-04T07:12:34.949Z,Eerste Divisie,2024-25,2024-10-27,FC Emmen,Telstar,0,1,A,0,1,A,Matchday 12,source_reported_FT,FC Emmen,Telstar
openfootball/europe,https://raw.githubusercontent.com/openfootball/europe/7faa522aef63fa9a6fcb9d8189bd8bc52381e967/netherlands/2024-25_nl2.txt,7faa522aef63fa9a6fcb9d8189bd8bc52381e967,199,2026-09-04T07:12:34.949Z,Eerste Divisie,2024-25,2024-10-27,MVV,Helmond Sport,1,2,A,1,1,D,Matchday 12,source_reported_FT,MVV,Helmond Sport
openfootball/europe,https://raw.githubusercontent.com/openfootball/europe/7faa522aef63fa9a6fcb9d8189bd8bc52381e967/netherlands/2024-25_nl2.txt,7faa522aef63fa9a6fcb9d8189bd8bc52381e967,207,2026-09-04T07:12:34.949Z,Eerste Divisie,2024-25,2024-11-01,AZ Alkmaar J,SC Cambuur,2,3,A,1,1,D,Matchday 13,source_reported_FT,AZ Alkmaar J,SC Cambuur
openfootball/europe,https://raw.githubusercontent.com/openfootball/europe/7faa522aef63fa9a6fcb9d8189bd8bc52381e967/netherlands/2024-25_nl2.txt,7faa522aef63fa9a6fcb9d8189bd8bc52381e967,204,2026-09-04T07:12:34.949Z,Eerste Divisie,2024-25,2024-11-01,De Graafschap,FC Dordrecht,4,1,H,2,1,H,Matchday 13,source_reported_FT,De Graafschap,FC Dordrecht
openfootball/europe,https://raw.githubusercontent.com/openfootball/europe/7faa522aef63fa9a6fcb9d8189bd8bc52381e967/netherlands/2024-25_nl2.txt,7faa522aef63fa9a6fcb9d8189bd8bc52381e967,205,2026-09-04T07:12:34.949Z,Eerste Divisie,2024-25,2024-11-01,FC Eindhoven,ADO Den Haag,0,4,A,0,3,A,Matchday 13,source_reported_FT,FC Eindhoven,ADO Den Haag
openfootball/europe,https://raw.githubusercontent.com/openfootball/europe/7faa522aef63fa9a6fcb9d8189bd8bc52381e967/netherlands/2024-25_nl2.txt,7faa522aef63fa9a6fcb9d8189bd8bc52381e967,206,2026-09-04T07:12:34.949Z,Eerste Divisie,2024-25,2024-11-01,Jong Ajax,VVV-Venlo,0,1,A,0,1,A,Matchday 13,source_reported_FT,Jong Ajax,VVV-Venlo
openfootball/europe,https://raw.githubusercontent.com/openfootball/europe/7faa522aef63fa9a6fcb9d8189bd8bc52381e967/netherlands/2024-25_nl2.txt,7faa522aef63fa9a6fcb9d8189bd8bc52381e967,210,2026-09-04T07:12:34.949Z,Eerste Divisie,2024-25,2024-11-02,FC Den Bosch,Roda JC Kerkrade,1,1,D,0,0,D,Matchday 13,source_reported_FT,FC Den Bosch,Roda JC Kerkrade
openfootball/europe,https://raw.githubusercontent.com/openfootball/europe/7faa522aef63fa9a6fcb9d8189bd8bc52381e967/netherlands/2024-25_nl2.txt,7faa522aef63fa9a6fcb9d8189bd8bc52381e967,209,2026-09-04T07:12:34.949Z,Eerste Divisie,2024-25,2024-11-02,Vitesse,TOP Oss,0,0,D,,,,Matchday 13,source_reported_FT,Vitesse,TOP Oss
openfootball/europe,https://raw.githubusercontent.com/openfootball/europe/7faa522aef63fa9a6fcb9d8189bd8bc52381e967/netherlands/2024-25_nl2.txt,7faa522aef63fa9a6fcb9d8189bd8bc52381e967,213,2026-09-04T07:12:34.949Z,Eerste Divisie,2024-25,2024-11-03,Helmond Sport,SBV Excelsior,0,1,A,0,0,D,Matchday 13,source_reported_FT,Helmond Sport,SBV Excelsior
openfootball/europe,https://raw.githubusercontent.com/openfootball/europe/7faa522aef63fa9a6fcb9d8189bd8bc52381e967/netherlands/2024-25_nl2.txt,7faa522aef63fa9a6fcb9d8189bd8bc52381e967,212,2026-09-04T07:12:34.949Z,Eerste Divisie,2024-25,2024-11-03,Telstar,FC Volendam,2,2,D,1,1,D,Matchday 13,source_reported_FT,Telstar,FC Volendam
openfootball/europe,https://raw.githubusercontent.com/openfootball/europe/7faa522aef63fa9a6fcb9d8189bd8bc52381e967/netherlands/2024-25_nl2.txt,7faa522aef63fa9a6fcb9d8189bd8bc52381e967,215,2026-09-04T07:12:34.949Z,Eerste Divisie,2024-25,2024-11-04,FC Utrecht J,MVV,4,3,H,2,0,H,Matchday 13,source_reported_FT,FC Utrecht J,MVV
openfootball/europe,https://raw.githubusercontent.com/openfootball/europe/7faa522aef63fa9a6fcb9d8189bd8bc52381e967/netherlands/2024-25_nl2.txt,7faa522aef63fa9a6fcb9d8189bd8bc52381e967,216,2026-09-04T07:12:34.949Z,Eerste Divisie,2024-25,2024-11-04,Jong PSV,FC Emmen,2,3,A,0,2,A,Matchday 13,source_reported_FT,Jong PSV,FC Emmen
openfootball/europe,https://raw.githubusercontent.com/openfootball/europe/7faa522aef63fa9a6fcb9d8189bd8bc52381e967/netherlands/2024-25_nl2.txt,7faa522aef63fa9a6fcb9d8189bd8bc52381e967,221,2026-09-04T07:12:34.949Z,Eerste Divisie,2024-25,2024-11-08,ADO Den Haag,Vitesse,2,0,H,1,0,H,Matchday 14,source_reported_FT,ADO Den Haag,Vitesse
openfootball/europe,https://raw.githubusercontent.com/openfootball/europe/7faa522aef63fa9a6fcb9d8189bd8bc52381e967/netherlands/2024-25_nl2.txt,7faa522aef63fa9a6fcb9d8189bd8bc52381e967,223,2026-09-04T07:12:34.949Z,Eerste Divisie,2024-25,2024-11-08,FC Emmen,Jong Ajax,4,2,H,1,2,A,Matchday 14,source_reported_FT,FC Emmen,Jong Ajax
openfootball/europe,https://raw.githubusercontent.com/openfootball/europe/7faa522aef63fa9a6fcb9d8189bd8bc52381e967/netherlands/2024-25_nl2.txt,7faa522aef63fa9a6fcb9d8189bd8bc52381e967,224,2026-09-04T07:12:34.949Z,Eerste Divisie,2024-25,2024-11-08,FC Volendam,FC Utrecht J,2,0,H,0,0,D,Matchday 14,source_reported_FT,FC Volendam,FC Utrecht J
openfootball/europe,https://raw.githubusercontent.com/openfootball/europe/7faa522aef63fa9a6fcb9d8189bd8bc52381e967/netherlands/2024-25_nl2.txt,7faa522aef63fa9a6fcb9d8189bd8bc52381e967,225,2026-09-04T07:12:34.949Z,Eerste Divisie,2024-25,2024-11-08,MVV,De Graafschap,0,0,D,,,,Matchday 14,source_reported_FT,MVV,De Graafschap
openfootball/europe,https://raw.githubusercontent.com/openfootball/europe/7faa522aef63fa9a6fcb9d8189bd8bc52381e967/netherlands/2024-25_nl2.txt,7faa522aef63fa9a6fcb9d8189bd8bc52381e967,222,2026-09-04T07:12:34.949Z,Eerste Divisie,2024-25,2024-11-08,SBV Excelsior,FC Eindhoven,2,0,H,2,0,H,Matchday 14,source_reported_FT,SBV Excelsior,FC Eindhoven
openfootball/europe,https://raw.githubusercontent.com/openfootball/europe/7faa522aef63fa9a6fcb9d8189bd8bc52381e967/netherlands/2024-25_nl2.txt,7faa522aef63fa9a6fcb9d8189bd8bc52381e967,227,2026-09-04T07:12:34.949Z,Eerste Divisie,2024-25,2024-11-08,SC Cambuur,Jong PSV,1,0,H,1,0,H,Matchday 14,source_reported_FT,SC Cambuur,Jong PSV
openfootball/europe,https://raw.githubusercontent.com/openfootball/europe/7faa522aef63fa9a6fcb9d8189bd8bc52381e967/netherlands/2024-25_nl2.txt,7faa522aef63fa9a6fcb9d8189bd8bc52381e967,226,2026-09-04T07:12:34.949Z,Eerste Divisie,2024-25,2024-11-08,TOP Oss,FC Den Bosch,1,0,H,1,0,H,Matchday 14,source_reported_FT,TOP Oss,FC Den Bosch
openfootball/europe,https://raw.githubusercontent.com/openfootball/europe/7faa522aef63fa9a6fcb9d8189bd8bc52381e967/netherlands/2024-25_nl2.txt,7faa522aef63fa9a6fcb9d8189bd8bc52381e967,228,2026-09-04T07:12:34.949Z,Eerste Divisie,2024-25,2024-11-08,VVV-Venlo,AZ Alkmaar J,0,1,A,0,0,D,Matchday 14,source_reported_FT,VVV-Venlo,AZ Alkmaar J
openfootball/europe,https://raw.githubusercontent.com/openfootball/europe/7faa522aef63fa9a6fcb9d8189bd8bc52381e967/netherlands/2024-25_nl2.txt,7faa522aef63fa9a6fcb9d8189bd8bc52381e967,230,2026-09-04T07:12:34.949Z,Eerste Divisie,2024-25,2024-11-09,Roda JC Kerkrade,Telstar,1,0,H,1,0,H,Matchday 14,source_reported_FT,Roda JC Kerkrade,Telstar
openfootball/europe,https://raw.githubusercontent.com/openfootball/europe/7faa522aef63fa9a6fcb9d8189bd8bc52381e967/netherlands/2024-25_nl2.txt,7faa522aef63fa9a6fcb9d8189bd8bc52381e967,232,2026-09-04T07:12:34.949Z,Eerste Divisie,2024-25,2024-11-10,FC Dordrecht,Helmond Sport,4,0,H,1,0,H,Matchday 14,source_reported_FT,FC Dordrecht,Helmond Sport
openfootball/europe,https://raw.githubusercontent.com/openfootball/europe/7faa522aef63fa9a6fcb9d8189bd8bc52381e967/netherlands/2024-25_nl2.txt,7faa522aef63fa9a6fcb9d8189bd8bc52381e967,237,2026-09-04T07:12:34.949Z,Eerste Divisie,2024-25,2024-11-15,Telstar,VVV-Venlo,4,0,H,2,0,H,Matchday 15,source_reported_FT,Telstar,VVV-Venlo
openfootball/europe,https://raw.githubusercontent.com/openfootball/europe/7faa522aef63fa9a6fcb9d8189bd8bc52381e967/netherlands/2024-25_nl2.txt,7faa522aef63fa9a6fcb9d8189bd8bc52381e967,239,2026-09-04T07:12:34.949Z,Eerste Divisie,2024-25,2024-11-17,FC Eindhoven,MVV,1,1,D,0,0,D,Matchday 15,source_reported_FT,FC Eindhoven,MVV
openfootball/europe,https://raw.githubusercontent.com/openfootball/europe/7faa522aef63fa9a6fcb9d8189bd8bc52381e967/netherlands/2024-25_nl2.txt,7faa522aef63fa9a6fcb9d8189bd8bc52381e967,258,2026-09-04T07:12:34.949Z,Eerste Divisie,2024-25,2024-11-22,AZ Alkmaar J,ADO Den Haag,3,3,D,0,3,A,Matchday 16,source_reported_FT,AZ Alkmaar J,ADO Den Haag
openfootball/europe,https://raw.githubusercontent.com/openfootball/europe/7faa522aef63fa9a6fcb9d8189bd8bc52381e967/netherlands/2024-25_nl2.txt,7faa522aef63fa9a6fcb9d8189bd8bc52381e967,254,2026-09-04T07:12:34.949Z,Eerste Divisie,2024-25,2024-11-22,De Graafschap,TOP Oss,4,0,H,4,0,H,Matchday 16,source_reported_FT,De Graafschap,TOP Oss
openfootball/europe,https://raw.githubusercontent.com/openfootball/europe/7faa522aef63fa9a6fcb9d8189bd8bc52381e967/netherlands/2024-25_nl2.txt,7faa522aef63fa9a6fcb9d8189bd8bc52381e967,255,2026-09-04T07:12:34.949Z,Eerste Divisie,2024-25,2024-11-22,FC Den Bosch,SBV Excelsior,0,3,A,0,2,A,Matchday 16,source_reported_FT,FC Den Bosch,SBV Excelsior
openfootball/europe,https://raw.githubusercontent.com/openfootball/europe/7faa522aef63fa9a6fcb9d8189bd8bc52381e967/netherlands/2024-25_nl2.txt,7faa522aef63fa9a6fcb9d8189bd8bc52381e967,259,2026-09-04T07:12:34.949Z,Eerste Divisie,2024-25,2024-11-22,FC Utrecht J,Roda JC Kerkrade,1,3,A,1,0,H,Matchday 16,source_reported_FT,FC Utrecht J,Roda JC Kerkrade
openfootball/europe,https://raw.githubusercontent.com/openfootball/europe/7faa522aef63fa9a6fcb9d8189bd8bc52381e967/netherlands/2024-25_nl2.txt,7faa522aef63fa9a6fcb9d8189bd8bc52381e967,256,2026-09-04T07:12:34.949Z,Eerste Divisie,2024-25,2024-11-22,Helmond Sport,FC Eindhoven,3,4,A,0,2,A,Matchday 16,source_reported_FT,Helmond Sport,FC Eindhoven
openfootball/europe,https://raw.githubusercontent.com/openfootball/europe/7faa522aef63fa9a6fcb9d8189bd8bc52381e967/netherlands/2024-25_nl2.txt,7faa522aef63fa9a6fcb9d8189bd8bc52381e967,257,2026-09-04T07:12:34.949Z,Eerste Divisie,2024-25,2024-11-22,Jong Ajax,Telstar,3,0,H,1,0,H,Matchday 16,source_reported_FT,Jong Ajax,Telstar
openfootball/europe,https://raw.githubusercontent.com/openfootball/europe/7faa522aef63fa9a6fcb9d8189bd8bc52381e967/netherlands/2024-25_nl2.txt,7faa522aef63fa9a6fcb9d8189bd8bc52381e967,260,2026-09-04T07:12:34.949Z,Eerste Divisie,2024-25,2024-11-22,Jong PSV,FC Volendam,1,4,A,0,4,A,Matchday 16,source_reported_FT,Jong PSV,FC Volendam
openfootball/europe,https://raw.githubusercontent.com/openfootball/europe/7faa522aef63fa9a6fcb9d8189bd8bc52381e967/netherlands/2024-25_nl2.txt,7faa522aef63fa9a6fcb9d8189bd8bc52381e967,261,2026-09-04T07:12:34.949Z,Eerste Divisie,2024-25,2024-11-22,MVV,FC Dordrecht,2,1,H,0,1,A,Matchday 16,source_reported_FT,MVV,FC Dordrecht
openfootball/europe,https://raw.githubusercontent.com/openfootball/europe/7faa522aef63fa9a6fcb9d8189bd8bc52381e967/netherlands/2024-25_nl2.txt,7faa522aef63fa9a6fcb9d8189bd8bc52381e967,263,2026-09-04T07:12:34.949Z,Eerste Divisie,2024-25,2024-11-22,VVV-Venlo,FC Emmen,0,2,A,0,1,A,Matchday 16,source_reported_FT,VVV-Venlo,FC Emmen
openfootball/europe,https://raw.githubusercontent.com/openfootball/europe/7faa522aef63fa9a6fcb9d8189bd8bc52381e967/netherlands/2024-25_nl2.txt,7faa522aef63fa9a6fcb9d8189bd8bc52381e967,262,2026-09-04T07:12:34.949Z,Eerste Divisie,2024-25,2024-11-22,Vitesse,SC Cambuur,0,6,A,0,4,A,Matchday 16,source_reported_FT,Vitesse,SC Cambuur
openfootball/europe,https://raw.githubusercontent.com/openfootball/europe/7faa522aef63fa9a6fcb9d8189bd8bc52381e967/netherlands/2024-25_nl2.txt,7faa522aef63fa9a6fcb9d8189bd8bc52381e967,241,2026-09-04T07:12:34.949Z,Eerste Divisie,2024-25,2024-11-25,FC Dordrecht,TOP Oss,2,2,D,1,0,H,Matchday 15,source_reported_FT,FC Dordrecht,TOP Oss
openfootball/europe,https://raw.githubusercontent.com/openfootball/europe/7faa522aef63fa9a6fcb9d8189bd8bc52381e967/netherlands/2024-25_nl2.txt,7faa522aef63fa9a6fcb9d8189bd8bc52381e967,242,2026-09-04T07:12:34.949Z,Eerste Divisie,2024-25,2024-11-25,FC Emmen,De Graafschap,3,0,H,2,0,H,Matchday 15,source_reported_FT,FC Emmen,De Graafschap
openfootball/europe,https://raw.githubusercontent.com/openfootball/europe/7faa522aef63fa9a6fcb9d8189bd8bc52381e967/netherlands/2024-25_nl2.txt,7faa522aef63fa9a6fcb9d8189bd8bc52381e967,243,2026-09-04T07:12:34.949Z,Eerste Divisie,2024-25,2024-11-25,FC Volendam,Jong Ajax,3,0,H,2,0,H,Matchday 15,source_reported_FT,FC Volendam,Jong Ajax
openfootball/europe,https://raw.githubusercontent.com/openfootball/europe/7faa522aef63fa9a6fcb9d8189bd8bc52381e967/netherlands/2024-25_nl2.txt,7faa522aef63fa9a6fcb9d8189bd8bc52381e967,244,2026-09-04T07:12:34.949Z,Eerste Divisie,2024-25,2024-11-25,Helmond Sport,ADO Den Haag,2,1,H,0,1,A,Matchday 15,source_reported_FT,Helmond Sport,ADO Den Haag
openfootball/europe,https://raw.githubusercontent.com/openfootball/europe/7faa522aef63fa9a6fcb9d8189bd8bc52381e967/netherlands/2024-25_nl2.txt,7faa522aef63fa9a6fcb9d8189bd8bc52381e967,245,2026-09-04T07:12:34.949Z,Eerste Divisie,2024-25,2024-11-25,Jong PSV,AZ Alkmaar J,2,1,H,1,1,D,Matchday 15,source_reported_FT,Jong PSV,AZ Alkmaar J
openfootball/europe,https://raw.githubusercontent.com/openfootball/europe/7faa522aef63fa9a6fcb9d8189bd8bc52381e967/netherlands/2024-25_nl2.txt,7faa522aef63fa9a6fcb9d8189bd8bc52381e967,247,2026-09-04T07:12:34.949Z,Eerste Divisie,2024-25,2024-11-26,FC Utrecht J,SBV Excelsior,0,0,D,,,,Matchday 15,source_reported_FT,FC Utrecht J,SBV Excelsior
openfootball/europe,https://raw.githubusercontent.com/openfootball/europe/7faa522aef63fa9a6fcb9d8189bd8bc52381e967/netherlands/2024-25_nl2.txt,7faa522aef63fa9a6fcb9d8189bd8bc52381e967,248,2026-09-04T07:12:34.949Z,Eerste Divisie,2024-25,2024-11-26,Roda JC Kerkrade,Vitesse,3,0,H,1,0,H,Matchday 15,source_reported_FT,Roda JC Kerkrade,Vitesse
openfootball/europe,https://raw.githubusercontent.com/openfootball/europe/7faa522aef63fa9a6fcb9d8189bd8bc52381e967/netherlands/2024-25_nl2.txt,7faa522aef63fa9a6fcb9d8189bd8bc52381e967,249,2026-09-04T07:12:34.949Z,Eerste Divisie,2024-25,2024-11-26,SC Cambuur,FC Den Bosch,1,2,A,0,1,A,Matchday 15,source_reported_FT,SC Cambuur,FC Den Bosch
openfootball/europe,https://raw.githubusercontent.com/openfootball/europe/7faa522aef63fa9a6fcb9d8189bd8bc52381e967/netherlands/2024-25_nl2.txt,7faa522aef63fa9a6fcb9d8189bd8bc52381e967,268,2026-09-04T07:12:34.949Z,Eerste Divisie,2024-25,2024-11-29,ADO Den Haag,FC Emmen,2,1,H,2,1,H,Matchday 17,source_reported_FT,ADO Den Haag,FC Emmen
openfootball/europe,https://raw.githubusercontent.com/openfootball/europe/7faa522aef63fa9a6fcb9d8189bd8bc52381e967/netherlands/2024-25_nl2.txt,7faa522aef63fa9a6fcb9d8189bd8bc52381e967,269,2026-09-04T07:12:34.949Z,Eerste Divisie,2024-25,2024-11-29,FC Eindhoven,Jong PSV,1,0,H,1,0,H,Matchday 17,source_reported_FT,FC Eindhoven,Jong PSV
openfootball/europe,https://raw.githubusercontent.com/openfootball/europe/7faa522aef63fa9a6fcb9d8189bd8bc52381e967/netherlands/2024-25_nl2.txt,7faa522aef63fa9a6fcb9d8189bd8bc52381e967,271,2026-09-04T07:12:34.949Z,Eerste Divisie,2024-25,2024-11-29,Roda JC Kerkrade,FC Volendam,1,1,D,1,0,H,Matchday 17,source_reported_FT,Roda JC Kerkrade,FC Volendam
openfootball/europe,https://raw.githubusercontent.com/openfootball/europe/7faa522aef63fa9a6fcb9d8189bd8bc52381e967/netherlands/2024-25_nl2.txt,7faa522aef63fa9a6fcb9d8189bd8bc52381e967,270,2026-09-04T07:12:34.949Z,Eerste Divisie,2024-25,2024-11-29,SBV Excelsior,Jong Ajax,2,0,H,2,0,H,Matchday 17,source_reported_FT,SBV Excelsior,Jong Ajax
openfootball/europe,https://raw.githubusercontent.com/openfootball/europe/7faa522aef63fa9a6fcb9d8189bd8bc52381e967/netherlands/2024-25_nl2.txt,7faa522aef63fa9a6fcb9d8189bd8bc52381e967,272,2026-09-04T07:12:34.949Z,Eerste Divisie,2024-25,2024-11-29,Telstar,SC Cambuur,2,2,D,2,1,H,Matchday 17,source_reported_FT,Telstar,SC Cambuur
openfootball/europe,https://raw.githubusercontent.com/openfootball/europe/7faa522aef63fa9a6fcb9d8189bd8bc52381e967/netherlands/2024-25_nl2.txt,7faa522aef63fa9a6fcb9d8189bd8bc52381e967,273,2026-09-04T07:12:34.949Z,Eerste Divisie,2024-25,2024-11-29,Vitesse,Helmond Sport,2,1,H,0,0,D,Matchday 17,source_reported_FT,Vitesse,Helmond Sport
openfootball/europe,https://raw.githubusercontent.com/openfootball/europe/7faa522aef63fa9a6fcb9d8189bd8bc52381e967/netherlands/2024-25_nl2.txt,7faa522aef63fa9a6fcb9d8189bd8bc52381e967,275,2026-09-04T07:12:34.949Z,Eerste Divisie,2024-25,2024-11-30,TOP Oss,FC Utrecht J,1,1,D,1,0,H,Matchday 17,source_reported_FT,TOP Oss,FC Utrecht J
openfootball/europe,https://raw.githubusercontent.com/openfootball/europe/7faa522aef63fa9a6fcb9d8189bd8bc52381e967/netherlands/2024-25_nl2.txt,7faa522aef63fa9a6fcb9d8189bd8bc52381e967,277,2026-09-04T07:12:34.949Z,Eerste Divisie,2024-25,2024-12-01,De Graafschap,VVV-Venlo,3,1,H,2,0,H,Matchday 17,source_reported_FT,De Graafschap,VVV-Venlo
openfootball/europe,https://raw.githubusercontent.com/openfootball/europe/7faa522aef63fa9a6fcb9d8189bd8bc52381e967/netherlands/2024-25_nl2.txt,7faa522aef63fa9a6fcb9d8189bd8bc52381e967,278,2026-09-04T07:12:34.949Z,Eerste Divisie,2024-25,2024-12-01,FC Den Bosch,FC Dordrecht,2,3,A,2,0,H,Matchday 17,source_reported_FT,FC Den Bosch,FC Dordrecht
openfootball/europe,https://raw.githubusercontent.com/openfootball/europe/7faa522aef63fa9a6fcb9d8189bd8bc52381e967/netherlands/2024-25_nl2.txt,7faa522aef63fa9a6fcb9d8189bd8bc52381e967,280,2026-09-04T07:12:34.949Z,Eerste Divisie,2024-25,2024-12-02,AZ Alkmaar J,MVV,2,3,A,1,2,A,Matchday 17,source_reported_FT,AZ Alkmaar J,MVV
openfootball/europe,https://raw.githubusercontent.com/openfootball/europe/7faa522aef63fa9a6fcb9d8189bd8bc52381e967/netherlands/2024-25_nl2.txt,7faa522aef63fa9a6fcb9d8189bd8bc52381e967,285,2026-09-04T07:12:34.949Z,Eerste Divisie,2024-25,2024-12-06,FC Dordrecht,Telstar,3,2,H,0,1,A,Matchday 18,source_reported_FT,FC Dordrecht,Telstar
openfootball/europe,https://raw.githubusercontent.com/openfootball/europe/7faa522aef63fa9a6fcb9d8189bd8bc52381e967/netherlands/2024-25_nl2.txt,7faa522aef63fa9a6fcb9d8189bd8bc52381e967,286,2026-09-04T07:12:34.949Z,Eerste Divisie,2024-25,2024-12-06,FC Volendam,AZ Alkmaar J,2,0,H,1,0,H,Matchday 18,source_reported_FT,FC Volendam,AZ Alkmaar J
openfootball/europe,https://raw.githubusercontent.com/openfootball/europe/7faa522aef63fa9a6fcb9d8189bd8bc52381e967/netherlands/2024-25_nl2.txt,7faa522aef63fa9a6fcb9d8189bd8bc52381e967,287,2026-09-04T07:12:34.949Z,Eerste Divisie,2024-25,2024-12-06,Helmond Sport,FC Den Bosch,0,0,D,,,,Matchday 18,source_reported_FT,Helmond Sport,FC Den Bosch
openfootball/europe,https://raw.githubusercontent.com/openfootball/europe/7faa522aef63fa9a6fcb9d8189bd8bc52381e967/netherlands/2024-25_nl2.txt,7faa522aef63fa9a6fcb9d8189bd8bc52381e967,288,2026-09-04T07:12:34.949Z,Eerste Divisie,2024-25,2024-12-06,MVV,Vitesse,2,2,D,0,1,A,Matchday 18,source_reported_FT,MVV,Vitesse
openfootball/europe,https://raw.githubusercontent.com/openfootball/europe/7faa522aef63fa9a6fcb9d8189bd8bc52381e967/netherlands/2024-25_nl2.txt,7faa522aef63fa9a6fcb9d8189bd8bc52381e967,289,2026-09-04T07:12:34.949Z,Eerste Divisie,2024-25,2024-12-06,VVV-Venlo,TOP Oss,0,0,D,,,,Matchday 18,source_reported_FT,VVV-Venlo,TOP Oss
openfootball/europe,https://raw.githubusercontent.com/openfootball/europe/7faa522aef63fa9a6fcb9d8189bd8bc52381e967/netherlands/2024-25_nl2.txt,7faa522aef63fa9a6fcb9d8189bd8bc52381e967,291,2026-09-04T07:12:34.949Z,Eerste Divisie,2024-25,2024-12-07,SC Cambuur,ADO Den Haag,2,1,H,1,0,H,Matchday 18,source_reported_FT,SC Cambuur,ADO Den Haag
openfootball/europe,https://raw.githubusercontent.com/openfootball/europe/7faa522aef63fa9a6fcb9d8189bd8bc52381e967/netherlands/2024-25_nl2.txt,7faa522aef63fa9a6fcb9d8189bd8bc52381e967,293,2026-09-04T07:12:34.949Z,Eerste Divisie,2024-25,2024-12-08,FC Emmen,SBV Excelsior,1,1,D,1,1,D,Matchday 18,source_reported_FT,FC Emmen,SBV Excelsior
openfootball/europe,https://raw.githubusercontent.com/openfootball/europe/7faa522aef63fa9a6fcb9d8189bd8bc52381e967/netherlands/2024-25_nl2.txt,7faa522aef63fa9a6fcb9d8189bd8bc52381e967,296,2026-09-04T07:12:34.949Z,Eerste Divisie,2024-25,2024-12-09,FC Utrecht J,FC Eindhoven,0,4,A,0,2,A,Matchday 18,source_reported_FT,FC Utrecht J,FC Eindhoven
openfootball/europe,https://raw.githubusercontent.com/openfootball/europe/7faa522aef63fa9a6fcb9d8189bd8bc52381e967/netherlands/2024-25_nl2.txt,7faa522aef63fa9a6fcb9d8189bd8bc52381e967,295,2026-09-04T07:12:34.949Z,Eerste Divisie,2024-25,2024-12-09,Jong Ajax,De Graafschap,2,0,H,1,0,H,Matchday 18,source_reported_FT,Jong Ajax,De Graafschap
openfootball/europe,https://raw.githubusercontent.com/openfootball/europe/7faa522aef63fa9a6fcb9d8189bd8bc52381e967/netherlands/2024-25_nl2.txt,7faa522aef63fa9a6fcb9d8189bd8bc52381e967,297,2026-09-04T07:12:34.949Z,Eerste Divisie,2024-25,2024-12-09,Jong PSV,Roda JC Kerkrade,2,3,A,1,0,H,Matchday 18,source_reported_FT,Jong PSV,Roda JC Kerkrade
openfootball/europe,https://raw.githubusercontent.com/openfootball/europe/7faa522aef63fa9a6fcb9d8189bd8bc52381e967/netherlands/2024-25_nl2.txt,7faa522aef63fa9a6fcb9d8189bd8bc52381e967,309,2026-09-04T07:12:34.949Z,Eerste Divisie,2024-25,2024-12-13,ADO Den Haag,MVV,2,0,H,1,0,H,Matchday 19,source_reported_FT,ADO Den Haag,MVV
openfootball/europe,https://raw.githubusercontent.com/openfootball/europe/7faa522aef63fa9a6fcb9d8189bd8bc52381e967/netherlands/2024-25_nl2.txt,7faa522aef63fa9a6fcb9d8189bd8bc52381e967,305,2026-09-04T07:12:34.949Z,Eerste Divisie,2024-25,2024-12-13,AZ Alkmaar J,FC Emmen,1,1,D,1,0,H,Matchday 19,source_reported_FT,AZ Alkmaar J,FC Emmen
openfootball/europe,https://raw.githubusercontent.com/openfootball/europe/7faa522aef63fa9a6fcb9d8189bd8bc52381e967/netherlands/2024-25_nl2.txt,7faa522aef63fa9a6fcb9d8189bd8bc52381e967,302,2026-09-04T07:12:34.949Z,Eerste Divisie,2024-25,2024-12-13,De Graafschap,SC Cambuur,0,2,A,0,1,A,Matchday 19,source_reported_FT,De Graafschap,SC Cambuur
openfootball/europe,https://raw.githubusercontent.com/openfootball/europe/7faa522aef63fa9a6fcb9d8189bd8bc52381e967/netherlands/2024-25_nl2.txt,7faa522aef63fa9a6fcb9d8189bd8bc52381e967,303,2026-09-04T07:12:34.949Z,Eerste Divisie,2024-25,2024-12-13,FC Den Bosch,Jong PSV,1,1,D,1,1,D,Matchday 19,source_reported_FT,FC Den Bosch,Jong PSV
openfootball/europe,https://raw.githubusercontent.com/openfootball/europe/7faa522aef63fa9a6fcb9d8189bd8bc52381e967/netherlands/2024-25_nl2.txt,7faa522aef63fa9a6fcb9d8189bd8bc52381e967,310,2026-09-04T07:12:34.949Z,Eerste Divisie,2024-25,2024-12-13,FC Eindhoven,VVV-Venlo,1,3,A,1,1,D,Matchday 19,source_reported_FT,FC Eindhoven,VVV-Venlo
openfootball/europe,https://raw.githubusercontent.com/openfootball/europe/7faa522aef63fa9a6fcb9d8189bd8bc52381e967/netherlands/2024-25_nl2.txt,7faa522aef63fa9a6fcb9d8189bd8bc52381e967,307,2026-09-04T07:12:34.949Z,Eerste Divisie,2024-25,2024-12-13,Roda JC Kerkrade,FC Dordrecht,0,1,A,0,1,A,Matchday 19,source_reported_FT,Roda JC Kerkrade,FC Dordrecht
openfootball/europe,https://raw.githubusercontent.com/openfootball/europe/7faa522aef63fa9a6fcb9d8189bd8bc52381e967/netherlands/2024-25_nl2.txt,7faa522aef63fa9a6fcb9d8189bd8bc52381e967,304,2026-09-04T07:12:34.949Z,Eerste Divisie,2024-25,2024-12-13,SBV Excelsior,FC Volendam,0,0,D,,,,Matchday 19,source_reported_FT,SBV Excelsior,FC Volendam
openfootball/europe,https://raw.githubusercontent.com/openfootball/europe/7faa522aef63fa9a6fcb9d8189bd8bc52381e967/netherlands/2024-25_nl2.txt,7faa522aef63fa9a6fcb9d8189bd8bc52381e967,306,2026-09-04T07:12:34.949Z,Eerste Divisie,2024-25,2024-12-13,TOP Oss,Jong Ajax,2,1,H,0,0,D,Matchday 19,source_reported_FT,TOP Oss,Jong Ajax
openfootball/europe,https://raw.githubusercontent.com/openfootball/europe/7faa522aef63fa9a6fcb9d8189bd8bc52381e967/netherlands/2024-25_nl2.txt,7faa522aef63fa9a6fcb9d8189bd8bc52381e967,311,2026-09-04T07:12:34.949Z,Eerste Divisie,2024-25,2024-12-13,Telstar,Helmond Sport,3,0,H,2,0,H,Matchday 19,source_reported_FT,Telstar,Helmond Sport
openfootball/europe,https://raw.githubusercontent.com/openfootball/europe/7faa522aef63fa9a6fcb9d8189bd8bc52381e967/netherlands/2024-25_nl2.txt,7faa522aef63fa9a6fcb9d8189bd8bc52381e967,308,2026-09-04T07:12:34.949Z,Eerste Divisie,2024-25,2024-12-13,Vitesse,FC Utrecht J,2,1,H,0,0,D,Matchday 19,source_reported_FT,Vitesse,FC Utrecht J
openfootball/europe,https://raw.githubusercontent.com/openfootball/europe/7faa522aef63fa9a6fcb9d8189bd8bc52381e967/netherlands/2024-25_nl2.txt,7faa522aef63fa9a6fcb9d8189bd8bc52381e967,316,2026-09-04T07:12:34.949Z,Eerste Divisie,2024-25,2024-12-20,FC Dordrecht,FC Eindhoven,3,3,D,1,1,D,Matchday 20,source_reported_FT,FC Dordrecht,FC Eindhoven
openfootball/europe,https://raw.githubusercontent.com/openfootball/europe/7faa522aef63fa9a6fcb9d8189bd8bc52381e967/netherlands/2024-25_nl2.txt,7faa522aef63fa9a6fcb9d8189bd8bc52381e967,317,2026-09-04T07:12:34.949Z,Eerste Divisie,2024-25,2024-12-20,FC Emmen,FC Den Bosch,0,3,A,0,2,A,Matchday 20,source_reported_FT,FC Emmen,FC Den Bosch
openfootball/europe,https://raw.githubusercontent.com/openfootball/europe/7faa522aef63fa9a6fcb9d8189bd8bc52381e967/netherlands/2024-25_nl2.txt,7faa522aef63fa9a6fcb9d8189bd8bc52381e967,319,2026-09-04T07:12:34.949Z,Eerste Divisie,2024-25,2024-12-20,FC Utrecht J,Helmond Sport,3,1,H,1,1,D,Matchday 20,source_reported_FT,FC Utrecht J,Helmond Sport
openfootball/europe,https://raw.githubusercontent.com/openfootball/europe/7faa522aef63fa9a6fcb9d8189bd8bc52381e967/netherlands/2024-25_nl2.txt,7faa522aef63fa9a6fcb9d8189bd8bc52381e967,320,2026-09-04T07:12:34.949Z,Eerste Divisie,2024-25,2024-12-20,Jong PSV,Vitesse,6,4,H,3,1,H,Matchday 20,source_reported_FT,Jong PSV,Vitesse
openfootball/europe,https://raw.githubusercontent.com/openfootball/europe/7faa522aef63fa9a6fcb9d8189bd8bc52381e967/netherlands/2024-25_nl2.txt,7faa522aef63fa9a6fcb9d8189bd8bc52381e967,318,2026-09-04T07:12:34.949Z,Eerste Divisie,2024-25,2024-12-20,SC Cambuur,AZ Alkmaar J,0,2,A,0,0,D,Matchday 20,source_reported_FT,SC Cambuur,AZ Alkmaar J
openfootball/europe,https://raw.githubusercontent.com/openfootball/europe/7faa522aef63fa9a6fcb9d8189bd8bc52381e967/netherlands/2024-25_nl2.txt,7faa522aef63fa9a6fcb9d8189bd8bc52381e967,322,2026-09-04T07:12:34.949Z,Eerste Divisie,2024-25,2024-12-21,VVV-Venlo,SBV Excelsior,1,1,D,0,0,D,Matchday 20,source_reported_FT,VVV-Venlo,SBV Excelsior
openfootball/europe,https://raw.githubusercontent.com/openfootball/europe/7faa522aef63fa9a6fcb9d8189bd8bc52381e967/netherlands/2024-25_nl2.txt,7faa522aef63fa9a6fcb9d8189bd8bc52381e967,326,2026-09-04T07:12:34.949Z,Eerste Divisie,2024-25,2024-12-22,ADO Den Haag,TOP Oss,1,0,H,0,0,D,Matchday 20,source_reported_FT,ADO Den Haag,TOP Oss
openfootball/europe,https://raw.githubusercontent.com/openfootball/europe/7faa522aef63fa9a6fcb9d8189bd8bc52381e967/netherlands/2024-25_nl2.txt,7faa522aef63fa9a6fcb9d8189bd8bc52381e967,324,2026-09-04T07:12:34.949Z,Eerste Divisie,2024-25,2024-12-22,FC Volendam,De Graafschap,2,1,H,1,1,D,Matchday 20,source_reported_FT,FC Volendam,De Graafschap
openfootball/europe,https://raw.githubusercontent.com/openfootball/europe/7faa522aef63fa9a6fcb9d8189bd8bc52381e967/netherlands/2024-25_nl2.txt,7faa522aef63fa9a6fcb9d8189bd8bc52381e967,325,2026-09-04T07:12:34.949Z,Eerste Divisie,2024-25,2024-12-22,MVV,Telstar,5,1,H,2,1,H,Matchday 20,source_reported_FT,MVV,Telstar
openfootball/europe,https://raw.githubusercontent.com/openfootball/europe/7faa522aef63fa9a6fcb9d8189bd8bc52381e967/netherlands/2024-25_nl2.txt,7faa522aef63fa9a6fcb9d8189bd8bc52381e967,328,2026-09-04T07:12:34.949Z,Eerste Divisie,2024-25,2024-12-23,Jong Ajax,Roda JC Kerkrade,3,1,H,2,1,H,Matchday 20,source_reported_FT,Jong Ajax,Roda JC Kerkrade
openfootball/europe,https://raw.githubusercontent.com/openfootball/europe/7faa522aef63fa9a6fcb9d8189bd8bc52381e967/netherlands/2024-25_nl2.txt,7faa522aef63fa9a6fcb9d8189bd8bc52381e967,335,2026-09-04T07:12:34.949Z,Eerste Divisie,2024-25,2025-01-10,FC Eindhoven,FC Volendam,1,3,A,1,2,A,Matchday 21,source_reported_FT,FC Eindhoven,FC Volendam
openfootball/europe,https://raw.githubusercontent.com/openfootball/europe/7faa522aef63fa9a6fcb9d8189bd8bc52381e967/netherlands/2024-25_nl2.txt,7faa522aef63fa9a6fcb9d8189bd8bc52381e967,333,2026-09-04T07:12:34.949Z,Eerste Divisie,2024-25,2025-01-10,SBV Excelsior,FC Dordrecht,1,0,H,0,0,D,Matchday 21,source_reported_FT,SBV Excelsior,FC Dordrecht
openfootball/europe,https://raw.githubusercontent.com/openfootball/europe/7faa522aef63fa9a6fcb9d8189bd8bc52381e967/netherlands/2024-25_nl2.txt,7faa522aef63fa9a6fcb9d8189bd8bc52381e967,334,2026-09-04T07:12:34.949Z,Eerste Divisie,2024-25,2025-01-10,TOP Oss,MVV,1,0,H,1,0,H,Matchday 21,source_reported_FT,TOP Oss,MVV
openfootball/europe,https://raw.githubusercontent.com/openfootball/europe/7faa522aef63fa9a6fcb9d8189bd8bc52381e967/netherlands/2024-25_nl2.txt,7faa522aef63fa9a6fcb9d8189bd8bc52381e967,337,2026-09-04T07:12:34.949Z,Eerste Divisie,2024-25,2025-01-12,Telstar,Jong PSV,1,0,H,0,0,D,Matchday 21,source_reported_FT,Telstar,Jong PSV
openfootball/europe,https://raw.githubusercontent.com/openfootball/europe/7faa522aef63fa9a6fcb9d8189bd8bc52381e967/netherlands/2024-25_nl2.txt,7faa522aef63fa9a6fcb9d8189bd8bc52381e967,338,2026-09-04T07:12:34.949Z,Eerste Divisie,2024-25,2025-01-12,Vitesse,VVV-Venlo,1,4,A,0,2,A,Matchday 21,source_reported_FT,Vitesse,VVV-Venlo
openfootball/europe,https://raw.githubusercontent.com/openfootball/europe/7faa522aef63fa9a6fcb9d8189bd8bc52381e967/netherlands/2024-25_nl2.txt,7faa522aef63fa9a6fcb9d8189bd8bc52381e967,340,2026-09-04T07:12:34.949Z,Eerste Divisie,2024-25,2025-01-13,AZ Alkmaar J,Jong Ajax,2,1,H,0,1,A,Matchday 21,source_reported_FT,AZ Alkmaar J,Jong Ajax
openfootball/europe,https://raw.githubusercontent.com/openfootball/europe/7faa522aef63fa9a6fcb9d8189bd8bc52381e967/netherlands/2024-25_nl2.txt,7faa522aef63fa9a6fcb9d8189bd8bc52381e967,353,2026-09-04T07:12:34.949Z,Eerste Divisie,2024-25,2025-01-17,ADO Den Haag,Helmond Sport,3,1,H,1,0,H,Matchday 22,source_reported_FT,ADO Den Haag,Helmond Sport
openfootball/europe,https://raw.githubusercontent.com/openfootball/europe/7faa522aef63fa9a6fcb9d8189bd8bc52381e967/netherlands/2024-25_nl2.txt,7faa522aef63fa9a6fcb9d8189bd8bc52381e967,354,2026-09-04T07:12:34.949Z,Eerste Divisie,2024-25,2025-01-17,FC Dordrecht,AZ Alkmaar J,1,1,D,1,0,H,Matchday 22,source_reported_FT,FC Dordrecht,AZ Alkmaar J
openfootball/europe,https://raw.githubusercontent.com/openfootball/europe/7faa522aef63fa9a6fcb9d8189bd8bc52381e967/netherlands/2024-25_nl2.txt,7faa522aef63fa9a6fcb9d8189bd8bc52381e967,355,2026-09-04T07:12:34.949Z,Eerste Divisie,2024-25,2025-01-17,FC Volendam,Vitesse,4,0,H,3,0,H,Matchday 22,source_reported_FT,FC Volendam,Vitesse
openfootball/europe,https://raw.githubusercontent.com/openfootball/europe/7faa522aef63fa9a6fcb9d8189bd8bc52381e967/netherlands/2024-25_nl2.txt,7faa522aef63fa9a6fcb9d8189bd8bc52381e967,357,2026-09-04T07:12:34.949Z,Eerste Divisie,2024-25,2025-01-17,SC Cambuur,SBV Excelsior,1,0,H,1,0,H,Matchday 22,source_reported_FT,SC Cambuur,SBV Excelsior
openfootball/europe,https://raw.githubusercontent.com/openfootball/europe/7faa522aef63fa9a6fcb9d8189bd8bc52381e967/netherlands/2024-25_nl2.txt,7faa522aef63fa9a6fcb9d8189bd8bc52381e967,356,2026-09-04T07:12:34.949Z,Eerste Divisie,2024-25,2025-01-17,TOP Oss,Roda JC Kerkrade,0,2,A,0,1,A,Matchday 22,source_reported_FT,TOP Oss,Roda JC Kerkrade
openfootball/europe,https://raw.githubusercontent.com/openfootball/europe/7faa522aef63fa9a6fcb9d8189bd8bc52381e967/netherlands/2024-25_nl2.txt,7faa522aef63fa9a6fcb9d8189bd8bc52381e967,358,2026-09-04T07:12:34.949Z,Eerste Divisie,2024-25,2025-01-17,VVV-Venlo,Telstar,1,0,H,0,0,D,Matchday 22,source_reported_FT,VVV-Venlo,Telstar
openfootball/europe,https://raw.githubusercontent.com/openfootball/europe/7faa522aef63fa9a6fcb9d8189bd8bc52381e967/netherlands/2024-25_nl2.txt,7faa522aef63fa9a6fcb9d8189bd8bc52381e967,360,2026-09-04T07:12:34.949Z,Eerste Divisie,2024-25,2025-01-18,MVV,FC Den Bosch,5,0,H,4,0,H,Matchday 22,source_reported_FT,MVV,FC Den Bosch
openfootball/europe,https://raw.githubusercontent.com/openfootball/europe/7faa522aef63fa9a6fcb9d8189bd8bc52381e967/netherlands/2024-25_nl2.txt,7faa522aef63fa9a6fcb9d8189bd8bc52381e967,362,2026-09-04T07:12:34.949Z,Eerste Divisie,2024-25,2025-01-19,FC Emmen,FC Eindhoven,1,2,A,1,0,H,Matchday 22,source_reported_FT,FC Emmen,FC Eindhoven
openfootball/europe,https://raw.githubusercontent.com/openfootball/europe/7faa522aef63fa9a6fcb9d8189bd8bc52381e967/netherlands/2024-25_nl2.txt,7faa522aef63fa9a6fcb9d8189bd8bc52381e967,365,2026-09-04T07:12:34.949Z,Eerste Divisie,2024-25,2025-01-20,FC Utrecht J,De Graafschap,1,1,D,1,0,H,Matchday 22,source_reported_FT,FC Utrecht J,De Graafschap
openfootball/europe,https://raw.githubusercontent.com/openfootball/europe/7faa522aef63fa9a6fcb9d8189bd8bc52381e967/netherlands/2024-25_nl2.txt,7faa522aef63fa9a6fcb9d8189bd8bc52381e967,364,2026-09-04T07:12:34.949Z,Eerste Divisie,2024-25,2025-01-20,Jong Ajax,Jong PSV,4,0,H,2,0,H,Matchday 22,source_reported_FT,Jong Ajax,Jong PSV
openfootball/europe,https://raw.githubusercontent.com/openfootball/europe/7faa522aef63fa9a6fcb9d8189bd8bc52381e967/netherlands/2024-25_nl2.txt,7faa522aef63fa9a6fcb9d8189bd8bc52381e967,342,2026-09-04T07:12:34.949Z,Eerste Divisie,2024-25,2025-01-20,Roda JC Kerkrade,SC Cambuur,0,1,A,0,0,D,Matchday 21,source_reported_FT,Roda JC Kerkrade,SC Cambuur
openfootball/europe,https://raw.githubusercontent.com/openfootball/europe/7faa522aef63fa9a6fcb9d8189bd8bc52381e967/netherlands/2024-25_nl2.txt,7faa522aef63fa9a6fcb9d8189bd8bc52381e967,370,2026-09-04T07:12:34.949Z,Eerste Divisie,2024-25,2025-01-24,De Graafschap,FC Emmen,4,0,H,1,0,H,Matchday 23,source_reported_FT,De Graafschap,FC Emmen
openfootball/europe,https://raw.githubusercontent.com/openfootball/europe/7faa522aef63fa9a6fcb9d8189bd8bc52381e967/netherlands/2024-25_nl2.txt,7faa522aef63fa9a6fcb9d8189bd8bc52381e967,371,2026-09-04T07:12:34.949Z,Eerste Divisie,2024-25,2025-01-24,FC Den Bosch,TOP Oss,1,0,H,0,0,D,Matchday 23,source_reported_FT,FC Den Bosch,TOP Oss
openfootball/europe,https://raw.githubusercontent.com/openfootball/europe/7faa522aef63fa9a6fcb9d8189bd8bc52381e967/netherlands/2024-25_nl2.txt,7faa522aef63fa9a6fcb9d8189bd8bc52381e967,372,2026-09-04T07:12:34.949Z,Eerste Divisie,2024-25,2025-01-24,FC Eindhoven,SC Cambuur,4,2,H,2,2,D,Matchday 23,source_reported_FT,FC Eindhoven,SC Cambuur
openfootball/europe,https://raw.githubusercontent.com/openfootball/europe/7faa522aef63fa9a6fcb9d8189bd8bc52381e967/netherlands/2024-25_nl2.txt,7faa522aef63fa9a6fcb9d8189bd8bc52381e967,373,2026-09-04T07:12:34.949Z,Eerste Divisie,2024-25,2025-01-24,FC Volendam,MVV,3,1,H,1,0,H,Matchday 23,source_reported_FT,FC Volendam,MVV
openfootball/europe,https://raw.githubusercontent.com/openfootball/europe/7faa522aef63fa9a6fcb9d8189bd8bc52381e967/netherlands/2024-25_nl2.txt,7faa522aef63fa9a6fcb9d8189bd8bc52381e967,374,2026-09-04T07:12:34.949Z,Eerste Divisie,2024-25,2025-01-24,Roda JC Kerkrade,FC Utrecht J,3,0,H,1,0,H,Matchday 23,source_reported_FT,Roda JC Kerkrade,FC Utrecht J
openfootball/europe,https://raw.githubusercontent.com/openfootball/europe/7faa522aef63fa9a6fcb9d8189bd8bc52381e967/netherlands/2024-25_nl2.txt,7faa522aef63fa9a6fcb9d8189bd8bc52381e967,375,2026-09-04T07:12:34.949Z,Eerste Divisie,2024-25,2025-01-24,Vitesse,FC Dordrecht,0,3,A,0,1,A,Matchday 23,source_reported_FT,Vitesse,FC Dordrecht
openfootball/europe,https://raw.githubusercontent.com/openfootball/europe/7faa522aef63fa9a6fcb9d8189bd8bc52381e967/netherlands/2024-25_nl2.txt,7faa522aef63fa9a6fcb9d8189bd8bc52381e967,377,2026-09-04T07:12:34.949Z,Eerste Divisie,2024-25,2025-01-25,Telstar,Jong Ajax,3,0,H,2,0,H,Matchday 23,source_reported_FT,Telstar,Jong Ajax
openfootball/europe,https://raw.githubusercontent.com/openfootball/europe/7faa522aef63fa9a6fcb9d8189bd8bc52381e967/netherlands/2024-25_nl2.txt,7faa522aef63fa9a6fcb9d8189bd8bc52381e967,380,2026-09-04T07:12:34.949Z,Eerste Divisie,2024-25,2025-01-26,Helmond Sport,AZ Alkmaar J,2,1,H,2,0,H,Matchday 23,source_reported_FT,Helmond Sport,AZ Alkmaar J
openfootball/europe,https://raw.githubusercontent.com/openfootball/europe/7faa522aef63fa9a6fcb9d8189bd8bc52381e967/netherlands/2024-25_nl2.txt,7faa522aef63fa9a6fcb9d8189bd8bc52381e967,379,2026-09-04T07:12:34.949Z,Eerste Divisie,2024-25,2025-01-26,SBV Excelsior,ADO Den Haag,1,0,H,0,0,D,Matchday 23,source_reported_FT,SBV Excelsior,ADO Den Haag
openfootball/europe,https://raw.githubusercontent.com/openfootball/europe/7faa522aef63fa9a6fcb9d8189bd8bc52381e967/netherlands/2024-25_nl2.txt,7faa522aef63fa9a6fcb9d8189bd8bc52381e967,344,2026-09-04T07:12:34.949Z,Eerste Divisie,2024-25,2025-01-27,FC Den Bosch,FC Utrecht J,2,0,H,2,0,H,Matchday 21,source_reported_FT,FC Den Bosch,FC Utrecht J
openfootball/europe,https://raw.githubusercontent.com/openfootball/europe/7faa522aef63fa9a6fcb9d8189bd8bc52381e967/netherlands/2024-25_nl2.txt,7faa522aef63fa9a6fcb9d8189bd8bc52381e967,382,2026-09-04T07:12:34.949Z,Eerste Divisie,2024-25,2025-01-27,Jong PSV,VVV-Venlo,1,2,A,0,1,A,Matchday 23,source_reported_FT,Jong PSV,VVV-Venlo
openfootball/europe,https://raw.githubusercontent.com/openfootball/europe/7faa522aef63fa9a6fcb9d8189bd8bc52381e967/netherlands/2024-25_nl2.txt,7faa522aef63fa9a6fcb9d8189bd8bc52381e967,387,2026-09-04T07:12:34.949Z,Eerste Divisie,2024-25,2025-01-31,ADO Den Haag,FC Eindhoven,2,1,H,0,1,A,Matchday 24,source_reported_FT,ADO Den Haag,FC Eindhoven
openfootball/europe,https://raw.githubusercontent.com/openfootball/europe/7faa522aef63fa9a6fcb9d8189bd8bc52381e967/netherlands/2024-25_nl2.txt,7faa522aef63fa9a6fcb9d8189bd8bc52381e967,388,2026-09-04T07:12:34.949Z,Eerste Divisie,2024-25,2025-01-31,FC Den Bosch,FC Volendam,3,0,H,1,0,H,Matchday 24,source_reported_FT,FC Den Bosch,FC Volendam
openfootball/europe,https://raw.githubusercontent.com/openfootball/europe/7faa522aef63fa9a6fcb9d8189bd8bc52381e967/netherlands/2024-25_nl2.txt,7faa522aef63fa9a6fcb9d8189bd8bc52381e967,389,2026-09-04T07:12:34.949Z,Eerste Divisie,2024-25,2025-01-31,FC Dordrecht,De Graafschap,1,1,D,1,1,D,Matchday 24,source_reported_FT,FC Dordrecht,De Graafschap
openfootball/europe,https://raw.githubusercontent.com/openfootball/europe/7faa522aef63fa9a6fcb9d8189bd8bc52381e967/netherlands/2024-25_nl2.txt,7faa522aef63fa9a6fcb9d8189bd8bc52381e967,390,2026-09-04T07:12:34.949Z,Eerste Divisie,2024-25,2025-01-31,FC Emmen,Jong PSV,4,2,H,0,1,A,Matchday 24,source_reported_FT,FC Emmen,Jong PSV
openfootball/europe,https://raw.githubusercontent.com/openfootball/europe/7faa522aef63fa9a6fcb9d8189bd8bc52381e967/netherlands/2024-25_nl2.txt,7faa522aef63fa9a6fcb9d8189bd8bc52381e967,391,2026-09-04T07:12:34.949Z,Eerste Divisie,2024-25,2025-01-31,SC Cambuur,Telstar,2,1,H,0,1,A,Matchday 24,source_reported_FT,SC Cambuur,Telstar
openfootball/europe,https://raw.githubusercontent.com/openfootball/europe/7faa522aef63fa9a6fcb9d8189bd8bc52381e967/netherlands/2024-25_nl2.txt,7faa522aef63fa9a6fcb9d8189bd8bc52381e967,394,2026-09-04T07:12:34.949Z,Eerste Divisie,2024-25,2025-02-01,MVV,Roda JC Kerkrade,3,2,H,1,1,D,Matchday 24,source_reported_FT,MVV,Roda JC Kerkrade
openfootball/europe,https://raw.githubusercontent.com/openfootball/europe/7faa522aef63fa9a6fcb9d8189bd8bc52381e967/netherlands/2024-25_nl2.txt,7faa522aef63fa9a6fcb9d8189bd8bc52381e967,393,2026-09-04T07:12:34.949Z,Eerste Divisie,2024-25,2025-02-01,SBV Excelsior,Vitesse,1,3,A,0,2,A,Matchday 24,source_reported_FT,SBV Excelsior,Vitesse
openfootball/europe,https://raw.githubusercontent.com/openfootball/europe/7faa522aef63fa9a6fcb9d8189bd8bc52381e967/netherlands/2024-25_nl2.txt,7faa522aef63fa9a6fcb9d8189bd8bc52381e967,396,2026-09-04T07:12:34.949Z,Eerste Divisie,2024-25,2025-02-02,TOP Oss,Helmond Sport,1,1,D,0,1,A,Matchday 24,source_reported_FT,TOP Oss,Helmond Sport
openfootball/europe,https://raw.githubusercontent.com/openfootball/europe/7faa522aef63fa9a6fcb9d8189bd8bc52381e967/netherlands/2024-25_nl2.txt,7faa522aef63fa9a6fcb9d8189bd8bc52381e967,398,2026-09-04T07:12:34.949Z,Eerste Divisie,2024-25,2025-02-03,AZ Alkmaar J,VVV-Venlo,3,0,H,1,0,H,Matchday 24,source_reported_FT,AZ Alkmaar J,VVV-Venlo
openfootball/europe,https://raw.githubusercontent.com/openfootball/europe/7faa522aef63fa9a6fcb9d8189bd8bc52381e967/netherlands/2024-25_nl2.txt,7faa522aef63fa9a6fcb9d8189bd8bc52381e967,346,2026-09-04T07:12:34.949Z,Eerste Divisie,2024-25,2025-02-03,De Graafschap,ADO Den Haag,1,2,A,1,2,A,Matchday 21,source_reported_FT,De Graafschap,ADO Den Haag
openfootball/europe,https://raw.githubusercontent.com/openfootball/europe/7faa522aef63fa9a6fcb9d8189bd8bc52381e967/netherlands/2024-25_nl2.txt,7faa522aef63fa9a6fcb9d8189bd8bc52381e967,405,2026-09-04T07:12:34.949Z,Eerste Divisie,2024-25,2025-02-07,De Graafschap,FC Den Bosch,1,0,H,0,0,D,Matchday 25,source_reported_FT,De Graafschap,FC Den Bosch
openfootball/europe,https://raw.githubusercontent.com/openfootball/europe/7faa522aef63fa9a6fcb9d8189bd8bc52381e967/netherlands/2024-25_nl2.txt,7faa522aef63fa9a6fcb9d8189bd8bc52381e967,406,2026-09-04T07:12:34.949Z,Eerste Divisie,2024-25,2025-02-07,FC Eindhoven,TOP Oss,3,0,H,2,0,H,Matchday 25,source_reported_FT,FC Eindhoven,TOP Oss
openfootball/europe,https://raw.githubusercontent.com/openfootball/europe/7faa522aef63fa9a6fcb9d8189bd8bc52381e967/netherlands/2024-25_nl2.txt,7faa522aef63fa9a6fcb9d8189bd8bc52381e967,408,2026-09-04T07:12:34.949Z,Eerste Divisie,2024-25,2025-02-07,FC Volendam,ADO Den Haag,1,2,A,0,0,D,Matchday 25,source_reported_FT,FC Volendam,ADO Den Haag
openfootball/europe,https://raw.githubusercontent.com/openfootball/europe/7faa522aef63fa9a6fcb9d8189bd8bc52381e967/netherlands/2024-25_nl2.txt,7faa522aef63fa9a6fcb9d8189bd8bc52381e967,407,2026-09-04T07:12:34.949Z,Eerste Divisie,2024-25,2025-02-07,Roda JC Kerkrade,AZ Alkmaar J,3,3,D,2,1,H,Matchday 25,source_reported_FT,Roda JC Kerkrade,AZ Alkmaar J
openfootball/europe,https://raw.githubusercontent.com/openfootball/europe/7faa522aef63fa9a6fcb9d8189bd8bc52381e967/netherlands/2024-25_nl2.txt,7faa522aef63fa9a6fcb9d8189bd8bc52381e967,410,2026-09-04T07:12:34.949Z,Eerste Divisie,2024-25,2025-02-08,Helmond Sport,FC Dordrecht,0,1,A,0,1,A,Matchday 25,source_reported_FT,Helmond Sport,FC Dordrecht
openfootball/europe,https://raw.githubusercontent.com/openfootball/europe/7faa522aef63fa9a6fcb9d8189bd8bc52381e967/netherlands/2024-25_nl2.txt,7faa522aef63fa9a6fcb9d8189bd8bc52381e967,413,2026-09-04T07:12:34.949Z,Eerste Divisie,2024-25,2025-02-09,Telstar,FC Utrecht J,6,0,H,2,0,H,Matchday 25,source_reported_FT,Telstar,FC Utrecht J
openfootball/europe,https://raw.githubusercontent.com/openfootball/europe/7faa522aef63fa9a6fcb9d8189bd8bc52381e967/netherlands/2024-25_nl2.txt,7faa522aef63fa9a6fcb9d8189bd8bc52381e967,412,2026-09-04T07:12:34.949Z,Eerste Divisie,2024-25,2025-02-09,VVV-Venlo,MVV,0,0,D,,,,Matchday 25,source_reported_FT,VVV-Venlo,MVV
openfootball/europe,https://raw.githubusercontent.com/openfootball/europe/7faa522aef63fa9a6fcb9d8189bd8bc52381e967/netherlands/2024-25_nl2.txt,7faa522aef63fa9a6fcb9d8189bd8bc52381e967,415,2026-09-04T07:12:34.949Z,Eerste Divisie,2024-25,2025-02-10,Jong Ajax,SBV Excelsior,3,2,H,0,1,A,Matchday 25,source_reported_FT,Jong Ajax,SBV Excelsior
openfootball/europe,https://raw.githubusercontent.com/openfootball/europe/7faa522aef63fa9a6fcb9d8189bd8bc52381e967/netherlands/2024-25_nl2.txt,7faa522aef63fa9a6fcb9d8189bd8bc52381e967,416,2026-09-04T07:12:34.949Z,Eerste Divisie,2024-25,2025-02-10,Jong PSV,SC Cambuur,1,4,A,0,2,A,Matchday 25,source_reported_FT,Jong PSV,SC Cambuur
openfootball/europe,https://raw.githubusercontent.com/openfootball/europe/7faa522aef63fa9a6fcb9d8189bd8bc52381e967/netherlands/2024-25_nl2.txt,7faa522aef63fa9a6fcb9d8189bd8bc52381e967,417,2026-09-04T07:12:34.949Z,Eerste Divisie,2024-25,2025-02-10,Vitesse,FC Emmen,2,0,H,1,0,H,Matchday 25,source_reported_FT,Vitesse,FC Emmen
openfootball/europe,https://raw.githubusercontent.com/openfootball/europe/7faa522aef63fa9a6fcb9d8189bd8bc52381e967/netherlands/2024-25_nl2.txt,7faa522aef63fa9a6fcb9d8189bd8bc52381e967,422,2026-09-04T07:12:34.949Z,Eerste Divisie,2024-25,2025-02-14,ADO Den Haag,Jong Ajax,1,0,H,0,0,D,Matchday 26,source_reported_FT,ADO Den Haag,Jong Ajax
openfootball/europe,https://raw.githubusercontent.com/openfootball/europe/7faa522aef63fa9a6fcb9d8189bd8bc52381e967/netherlands/2024-25_nl2.txt,7faa522aef63fa9a6fcb9d8189bd8bc52381e967,423,2026-09-04T07:12:34.949Z,Eerste Divisie,2024-25,2025-02-14,FC Den Bosch,Telstar,0,1,A,0,0,D,Matchday 26,source_reported_FT,FC Den Bosch,Telstar
openfootball/europe,https://raw.githubusercontent.com/openfootball/europe/7faa522aef63fa9a6fcb9d8189bd8bc52381e967/netherlands/2024-25_nl2.txt,7faa522aef63fa9a6fcb9d8189bd8bc52381e967,426,2026-09-04T07:12:34.949Z,Eerste Divisie,2024-25,2025-02-14,FC Dordrecht,Roda JC Kerkrade,2,1,H,1,0,H,Matchday 26,source_reported_FT,FC Dordrecht,Roda JC Kerkrade
openfootball/europe,https://raw.githubusercontent.com/openfootball/europe/7faa522aef63fa9a6fcb9d8189bd8bc52381e967/netherlands/2024-25_nl2.txt,7faa522aef63fa9a6fcb9d8189bd8bc52381e967,424,2026-09-04T07:12:34.949Z,Eerste Divisie,2024-25,2025-02-14,MVV,FC Eindhoven,2,0,H,2,0,H,Matchday 26,source_reported_FT,MVV,FC Eindhoven
openfootball/europe,https://raw.githubusercontent.com/openfootball/europe/7faa522aef63fa9a6fcb9d8189bd8bc52381e967/netherlands/2024-25_nl2.txt,7faa522aef63fa9a6fcb9d8189bd8bc52381e967,425,2026-09-04T07:12:34.949Z,Eerste Divisie,2024-25,2025-02-14,SC Cambuur,TOP Oss,1,1,D,0,0,D,Matchday 26,source_reported_FT,SC Cambuur,TOP Oss
openfootball/europe,https://raw.githubusercontent.com/openfootball/europe/7faa522aef63fa9a6fcb9d8189bd8bc52381e967/netherlands/2024-25_nl2.txt,7faa522aef63fa9a6fcb9d8189bd8bc52381e967,428,2026-09-04T07:12:34.949Z,Eerste Divisie,2024-25,2025-02-15,FC Emmen,FC Volendam,1,2,A,0,2,A,Matchday 26,source_reported_FT,FC Emmen,FC Volendam
openfootball/europe,https://raw.githubusercontent.com/openfootball/europe/7faa522aef63fa9a6fcb9d8189bd8bc52381e967/netherlands/2024-25_nl2.txt,7faa522aef63fa9a6fcb9d8189bd8bc52381e967,431,2026-09-04T07:12:34.949Z,Eerste Divisie,2024-25,2025-02-16,SBV Excelsior,Helmond Sport,1,1,D,0,0,D,Matchday 26,source_reported_FT,SBV Excelsior,Helmond Sport
openfootball/europe,https://raw.githubusercontent.com/openfootball/europe/7faa522aef63fa9a6fcb9d8189bd8bc52381e967/netherlands/2024-25_nl2.txt,7faa522aef63fa9a6fcb9d8189bd8bc52381e967,430,2026-09-04T07:12:34.949Z,Eerste Divisie,2024-25,2025-02-16,Vitesse,De Graafschap,2,0,H,1,0,H,Matchday 26,source_reported_FT,Vitesse,De Graafschap
openfootball/europe,https://raw.githubusercontent.com/openfootball/europe/7faa522aef63fa9a6fcb9d8189bd8bc52381e967/netherlands/2024-25_nl2.txt,7faa522aef63fa9a6fcb9d8189bd8bc52381e967,440,2026-09-04T07:12:34.949Z,Eerste Divisie,2024-25,2025-02-21,De Graafschap,AZ Alkmaar J,5,1,H,3,0,H,Matchday 27,source_reported_FT,De Graafschap,AZ Alkmaar J
openfootball/europe,https://raw.githubusercontent.com/openfootball/europe/7faa522aef63fa9a6fcb9d8189bd8bc52381e967/netherlands/2024-25_nl2.txt,7faa522aef63fa9a6fcb9d8189bd8bc52381e967,441,2026-09-04T07:12:34.949Z,Eerste Divisie,2024-25,2025-02-21,Helmond Sport,Vitesse,3,0,H,2,0,H,Matchday 27,source_reported_FT,Helmond Sport,Vitesse
openfootball/europe,https://raw.githubusercontent.com/openfootball/europe/7faa522aef63fa9a6fcb9d8189bd8bc52381e967/netherlands/2024-25_nl2.txt,7faa522aef63fa9a6fcb9d8189bd8bc52381e967,443,2026-09-04T07:12:34.949Z,Eerste Divisie,2024-25,2025-02-21,Roda JC Kerkrade,FC Den Bosch,0,0,D,,,,Matchday 27,source_reported_FT,Roda JC Kerkrade,FC Den Bosch
openfootball/europe,https://raw.githubusercontent.com/openfootball/europe/7faa522aef63fa9a6fcb9d8189bd8bc52381e967/netherlands/2024-25_nl2.txt,7faa522aef63fa9a6fcb9d8189bd8bc52381e967,442,2026-09-04T07:12:34.949Z,Eerste Divisie,2024-25,2025-02-21,TOP Oss,FC Emmen,0,4,A,0,3,A,Matchday 27,source_reported_FT,TOP Oss,FC Emmen
openfootball/europe,https://raw.githubusercontent.com/openfootball/europe/7faa522aef63fa9a6fcb9d8189bd8bc52381e967/netherlands/2024-25_nl2.txt,7faa522aef63fa9a6fcb9d8189bd8bc52381e967,444,2026-09-04T07:12:34.949Z,Eerste Divisie,2024-25,2025-02-21,Telstar,SBV Excelsior,1,3,A,0,1,A,Matchday 27,source_reported_FT,Telstar,SBV Excelsior
openfootball/europe,https://raw.githubusercontent.com/openfootball/europe/7faa522aef63fa9a6fcb9d8189bd8bc52381e967/netherlands/2024-25_nl2.txt,7faa522aef63fa9a6fcb9d8189bd8bc52381e967,446,2026-09-04T07:12:34.949Z,Eerste Divisie,2024-25,2025-02-22,VVV-Venlo,FC Volendam,1,3,A,0,0,D,Matchday 27,source_reported_FT,VVV-Venlo,FC Volendam
openfootball/europe,https://raw.githubusercontent.com/openfootball/europe/7faa522aef63fa9a6fcb9d8189bd8bc52381e967/netherlands/2024-25_nl2.txt,7faa522aef63fa9a6fcb9d8189bd8bc52381e967,448,2026-09-04T07:12:34.949Z,Eerste Divisie,2024-25,2025-02-23,FC Eindhoven,FC Utrecht J,1,2,A,1,0,H,Matchday 27,source_reported_FT,FC Eindhoven,FC Utrecht J
openfootball/europe,https://raw.githubusercontent.com/openfootball/europe/7faa522aef63fa9a6fcb9d8189bd8bc52381e967/netherlands/2024-25_nl2.txt,7faa522aef63fa9a6fcb9d8189bd8bc52381e967,449,2026-09-04T07:12:34.949Z,Eerste Divisie,2024-25,2025-02-23,MVV,ADO Den Haag,1,4,A,0,4,A,Matchday 27,source_reported_FT,MVV,ADO Den Haag
openfootball/europe,https://raw.githubusercontent.com/openfootball/europe/7faa522aef63fa9a6fcb9d8189bd8bc52381e967/netherlands/2024-25_nl2.txt,7faa522aef63fa9a6fcb9d8189bd8bc52381e967,348,2026-09-04T07:12:34.949Z,Eerste Divisie,2024-25,2025-02-24,Helmond Sport,FC Emmen,1,2,A,1,1,D,Matchday 21,source_reported_FT,Helmond Sport,FC Emmen
openfootball/europe,https://raw.githubusercontent.com/openfootball/europe/7faa522aef63fa9a6fcb9d8189bd8bc52381e967/netherlands/2024-25_nl2.txt,7faa522aef63fa9a6fcb9d8189bd8bc52381e967,451,2026-09-04T07:12:34.949Z,Eerste Divisie,2024-25,2025-02-24,Jong Ajax,SC Cambuur,1,1,D,0,0,D,Matchday 27,source_reported_FT,Jong Ajax,SC Cambuur
openfootball/europe,https://raw.githubusercontent.com/openfootball/europe/7faa522aef63fa9a6fcb9d8189bd8bc52381e967/netherlands/2024-25_nl2.txt,7faa522aef63fa9a6fcb9d8189bd8bc52381e967,452,2026-09-04T07:12:34.949Z,Eerste Divisie,2024-25,2025-02-24,Jong PSV,FC Dordrecht,1,2,A,1,0,H,Matchday 27,source_reported_FT,Jong PSV,FC Dordrecht
openfootball/europe,https://raw.githubusercontent.com/openfootball/europe/7faa522aef63fa9a6fcb9d8189bd8bc52381e967/netherlands/2024-25_nl2.txt,7faa522aef63fa9a6fcb9d8189bd8bc52381e967,457,2026-09-04T07:12:34.949Z,Eerste Divisie,2024-25,2025-02-28,FC Dordrecht,FC Emmen,3,0,H,1,0,H,Matchday 28,source_reported_FT,FC Dordrecht,FC Emmen
openfootball/europe,https://raw.githubusercontent.com/openfootball/europe/7faa522aef63fa9a6fcb9d8189bd8bc52381e967/netherlands/2024-25_nl2.txt,7faa522aef63fa9a6fcb9d8189bd8bc52381e967,400,2026-09-04T07:12:34.949Z,Eerste Divisie,2024-25,2025-02-28,FC Utrecht J,Jong Ajax,1,2,A,0,2,A,Matchday 24,source_reported_FT,FC Utrecht J,Jong Ajax
openfootball/europe,https://raw.githubusercontent.com/openfootball/europe/7faa522aef63fa9a6fcb9d8189bd8bc52381e967/netherlands/2024-25_nl2.txt,7faa522aef63fa9a6fcb9d8189bd8bc52381e967,458,2026-09-04T07:12:34.949Z,Eerste Divisie,2024-25,2025-02-28,FC Volendam,Helmond Sport,3,1,H,1,1,D,Matchday 28,source_reported_FT,FC Volendam,Helmond Sport
openfootball/europe,https://raw.githubusercontent.com/openfootball/europe/7faa522aef63fa9a6fcb9d8189bd8bc52381e967/netherlands/2024-25_nl2.txt,7faa522aef63fa9a6fcb9d8189bd8bc52381e967,459,2026-09-04T07:12:34.949Z,Eerste Divisie,2024-25,2025-02-28,Jong PSV,De Graafschap,1,2,A,1,1,D,Matchday 28,source_reported_FT,Jong PSV,De Graafschap
openfootball/europe,https://raw.githubusercontent.com/openfootball/europe/7faa522aef63fa9a6fcb9d8189bd8bc52381e967/netherlands/2024-25_nl2.txt,7faa522aef63fa9a6fcb9d8189bd8bc52381e967,460,2026-09-04T07:12:34.949Z,Eerste Divisie,2024-25,2025-02-28,SC Cambuur,VVV-Venlo,5,0,H,2,0,H,Matchday 28,source_reported_FT,SC Cambuur,VVV-Venlo
openfootball/europe,https://raw.githubusercontent.com/openfootball/europe/7faa522aef63fa9a6fcb9d8189bd8bc52381e967/netherlands/2024-25_nl2.txt,7faa522aef63fa9a6fcb9d8189bd8bc52381e967,462,2026-09-04T07:12:34.949Z,Eerste Divisie,2024-25,2025-03-01,Vitesse,MVV,1,0,H,1,0,H,Matchday 28,source_reported_FT,Vitesse,MVV
openfootball/europe,https://raw.githubusercontent.com/openfootball/europe/7faa522aef63fa9a6fcb9d8189bd8bc52381e967/netherlands/2024-25_nl2.txt,7faa522aef63fa9a6fcb9d8189bd8bc52381e967,464,2026-09-04T07:12:34.949Z,Eerste Divisie,2024-25,2025-03-02,ADO Den Haag,FC Den Bosch,2,1,H,1,0,H,Matchday 28,source_reported_FT,ADO Den Haag,FC Den Bosch
openfootball/europe,https://raw.githubusercontent.com/openfootball/europe/7faa522aef63fa9a6fcb9d8189bd8bc52381e967/netherlands/2024-25_nl2.txt,7faa522aef63fa9a6fcb9d8189bd8bc52381e967,465,2026-09-04T07:12:34.949Z,Eerste Divisie,2024-25,2025-03-02,SBV Excelsior,Roda JC Kerkrade,1,1,D,0,1,A,Matchday 28,source_reported_FT,SBV Excelsior,Roda JC Kerkrade
openfootball/europe,https://raw.githubusercontent.com/openfootball/europe/7faa522aef63fa9a6fcb9d8189bd8bc52381e967/netherlands/2024-25_nl2.txt,7faa522aef63fa9a6fcb9d8189bd8bc52381e967,468,2026-09-04T07:12:34.949Z,Eerste Divisie,2024-25,2025-03-03,AZ Alkmaar J,Telstar,1,2,A,0,2,A,Matchday 28,source_reported_FT,AZ Alkmaar J,Telstar
openfootball/europe,https://raw.githubusercontent.com/openfootball/europe/7faa522aef63fa9a6fcb9d8189bd8bc52381e967/netherlands/2024-25_nl2.txt,7faa522aef63fa9a6fcb9d8189bd8bc52381e967,469,2026-09-04T07:12:34.949Z,Eerste Divisie,2024-25,2025-03-03,FC Utrecht J,TOP Oss,1,1,D,0,1,A,Matchday 28,source_reported_FT,FC Utrecht J,TOP Oss
openfootball/europe,https://raw.githubusercontent.com/openfootball/europe/7faa522aef63fa9a6fcb9d8189bd8bc52381e967/netherlands/2024-25_nl2.txt,7faa522aef63fa9a6fcb9d8189bd8bc52381e967,467,2026-09-04T07:12:34.949Z,Eerste Divisie,2024-25,2025-03-03,Jong Ajax,FC Eindhoven,0,2,A,0,0,D,Matchday 28,source_reported_FT,Jong Ajax,FC Eindhoven
openfootball/europe,https://raw.githubusercontent.com/openfootball/europe/7faa522aef63fa9a6fcb9d8189bd8bc52381e967/netherlands/2024-25_nl2.txt,7faa522aef63fa9a6fcb9d8189bd8bc52381e967,479,2026-09-04T07:12:34.949Z,Eerste Divisie,2024-25,2025-03-07,AZ Alkmaar J,FC Utrecht J,5,1,H,1,1,D,Matchday 29,source_reported_FT,AZ Alkmaar J,FC Utrecht J
openfootball/europe,https://raw.githubusercontent.com/openfootball/europe/7faa522aef63fa9a6fcb9d8189bd8bc52381e967/netherlands/2024-25_nl2.txt,7faa522aef63fa9a6fcb9d8189bd8bc52381e967,474,2026-09-04T07:12:34.949Z,Eerste Divisie,2024-25,2025-03-07,De Graafschap,SBV Excelsior,2,1,H,1,1,D,Matchday 29,source_reported_FT,De Graafschap,SBV Excelsior
openfootball/europe,https://raw.githubusercontent.com/openfootball/europe/7faa522aef63fa9a6fcb9d8189bd8bc52381e967/netherlands/2024-25_nl2.txt,7faa522aef63fa9a6fcb9d8189bd8bc52381e967,475,2026-09-04T07:12:34.949Z,Eerste Divisie,2024-25,2025-03-07,FC Den Bosch,SC Cambuur,0,2,A,0,2,A,Matchday 29,source_reported_FT,FC Den Bosch,SC Cambuur
openfootball/europe,https://raw.githubusercontent.com/openfootball/europe/7faa522aef63fa9a6fcb9d8189bd8bc52381e967/netherlands/2024-25_nl2.txt,7faa522aef63fa9a6fcb9d8189bd8bc52381e967,476,2026-09-04T07:12:34.949Z,Eerste Divisie,2024-25,2025-03-07,FC Eindhoven,Vitesse,3,3,D,1,2,A,Matchday 29,source_reported_FT,FC Eindhoven,Vitesse
openfootball/europe,https://raw.githubusercontent.com/openfootball/europe/7faa522aef63fa9a6fcb9d8189bd8bc52381e967/netherlands/2024-25_nl2.txt,7faa522aef63fa9a6fcb9d8189bd8bc52381e967,477,2026-09-04T07:12:34.949Z,Eerste Divisie,2024-25,2025-03-07,FC Emmen,ADO Den Haag,0,1,A,0,1,A,Matchday 29,source_reported_FT,FC Emmen,ADO Den Haag
openfootball/europe,https://raw.githubusercontent.com/openfootball/europe/7faa522aef63fa9a6fcb9d8189bd8bc52381e967/netherlands/2024-25_nl2.txt,7faa522aef63fa9a6fcb9d8189bd8bc52381e967,478,2026-09-04T07:12:34.949Z,Eerste Divisie,2024-25,2025-03-07,Helmond Sport,MVV,4,0,H,3,0,H,Matchday 29,source_reported_FT,Helmond Sport,MVV
openfootball/europe,https://raw.githubusercontent.com/openfootball/europe/7faa522aef63fa9a6fcb9d8189bd8bc52381e967/netherlands/2024-25_nl2.txt,7faa522aef63fa9a6fcb9d8189bd8bc52381e967,481,2026-09-04T07:12:34.949Z,Eerste Divisie,2024-25,2025-03-07,Roda JC Kerkrade,Jong PSV,2,1,H,0,1,A,Matchday 29,source_reported_FT,Roda JC Kerkrade,Jong PSV
openfootball/europe,https://raw.githubusercontent.com/openfootball/europe/7faa522aef63fa9a6fcb9d8189bd8bc52381e967/netherlands/2024-25_nl2.txt,7faa522aef63fa9a6fcb9d8189bd8bc52381e967,480,2026-09-04T07:12:34.949Z,Eerste Divisie,2024-25,2025-03-07,TOP Oss,FC Volendam,0,2,A,0,1,A,Matchday 29,source_reported_FT,TOP Oss,FC Volendam
openfootball/europe,https://raw.githubusercontent.com/openfootball/europe/7faa522aef63fa9a6fcb9d8189bd8bc52381e967/netherlands/2024-25_nl2.txt,7faa522aef63fa9a6fcb9d8189bd8bc52381e967,482,2026-09-04T07:12:34.949Z,Eerste Divisie,2024-25,2025-03-07,Telstar,FC Dordrecht,5,0,H,4,0,H,Matchday 29,source_reported_FT,Telstar,FC Dordrecht
openfootball/europe,https://raw.githubusercontent.com/openfootball/europe/7faa522aef63fa9a6fcb9d8189bd8bc52381e967/netherlands/2024-25_nl2.txt,7faa522aef63fa9a6fcb9d8189bd8bc52381e967,483,2026-09-04T07:12:34.949Z,Eerste Divisie,2024-25,2025-03-07,VVV-Venlo,Jong Ajax,1,0,H,0,0,D,Matchday 29,source_reported_FT,VVV-Venlo,Jong Ajax
openfootball/europe,https://raw.githubusercontent.com/openfootball/europe/7faa522aef63fa9a6fcb9d8189bd8bc52381e967/netherlands/2024-25_nl2.txt,7faa522aef63fa9a6fcb9d8189bd8bc52381e967,505,2026-09-04T07:12:34.949Z,Eerste Divisie,2024-25,2025-03-10,FC Utrecht J,Vitesse,0,2,A,0,2,A,Matchday 31,source_reported_FT,FC Utrecht J,Vitesse
openfootball/europe,https://raw.githubusercontent.com/openfootball/europe/7faa522aef63fa9a6fcb9d8189bd8bc52381e967/netherlands/2024-25_nl2.txt,7faa522aef63fa9a6fcb9d8189bd8bc52381e967,506,2026-09-04T07:12:34.949Z,Eerste Divisie,2024-25,2025-03-10,Jong PSV,TOP Oss,2,2,D,1,0,H,Matchday 31,source_reported_FT,Jong PSV,TOP Oss
openfootball/europe,https://raw.githubusercontent.com/openfootball/europe/7faa522aef63fa9a6fcb9d8189bd8bc52381e967/netherlands/2024-25_nl2.txt,7faa522aef63fa9a6fcb9d8189bd8bc52381e967,504,2026-09-04T07:12:34.949Z,Eerste Divisie,2024-25,2025-03-10,SBV Excelsior,FC Den Bosch,3,1,H,1,1,D,Matchday 31,source_reported_FT,SBV Excelsior,FC Den Bosch
openfootball/europe,https://raw.githubusercontent.com/openfootball/europe/7faa522aef63fa9a6fcb9d8189bd8bc52381e967/netherlands/2024-25_nl2.txt,7faa522aef63fa9a6fcb9d8189bd8bc52381e967,507,2026-09-04T07:12:34.949Z,Eerste Divisie,2024-25,2025-03-10,SC Cambuur,FC Dordrecht,1,0,H,1,0,H,Matchday 31,source_reported_FT,SC Cambuur,FC Dordrecht
openfootball/europe,https://raw.githubusercontent.com/openfootball/europe/7faa522aef63fa9a6fcb9d8189bd8bc52381e967/netherlands/2024-25_nl2.txt,7faa522aef63fa9a6fcb9d8189bd8bc52381e967,509,2026-09-04T07:12:34.949Z,Eerste Divisie,2024-25,2025-03-11,ADO Den Haag,AZ Alkmaar J,0,3,A,0,3,A,Matchday 31,source_reported_FT,ADO Den Haag,AZ Alkmaar J
openfootball/europe,https://raw.githubusercontent.com/openfootball/europe/7faa522aef63fa9a6fcb9d8189bd8bc52381e967/netherlands/2024-25_nl2.txt,7faa522aef63fa9a6fcb9d8189bd8bc52381e967,510,2026-09-04T07:12:34.949Z,Eerste Divisie,2024-25,2025-03-11,FC Volendam,Telstar,3,0,H,0,0,D,Matchday 31,source_reported_FT,FC Volendam,Telstar
openfootball/europe,https://raw.githubusercontent.com/openfootball/europe/7faa522aef63fa9a6fcb9d8189bd8bc52381e967/netherlands/2024-25_nl2.txt,7faa522aef63fa9a6fcb9d8189bd8bc52381e967,511,2026-09-04T07:12:34.949Z,Eerste Divisie,2024-25,2025-03-11,Jong Ajax,FC Emmen,0,2,A,0,1,A,Matchday 31,source_reported_FT,Jong Ajax,FC Emmen
openfootball/europe,https://raw.githubusercontent.com/openfootball/europe/7faa522aef63fa9a6fcb9d8189bd8bc52381e967/netherlands/2024-25_nl2.txt,7faa522aef63fa9a6fcb9d8189bd8bc52381e967,512,2026-09-04T07:12:34.949Z,Eerste Divisie,2024-25,2025-03-11,Roda JC Kerkrade,Helmond Sport,3,2,H,1,2,A,Matchday 31,source_reported_FT,Roda JC Kerkrade,Helmond Sport
openfootball/europe,https://raw.githubusercontent.com/openfootball/europe/7faa522aef63fa9a6fcb9d8189bd8bc52381e967/netherlands/2024-25_nl2.txt,7faa522aef63fa9a6fcb9d8189bd8bc52381e967,488,2026-09-04T07:12:34.949Z,Eerste Divisie,2024-25,2025-03-14,FC Dordrecht,VVV-Venlo,4,0,H,2,0,H,Matchday 30,source_reported_FT,FC Dordrecht,VVV-Venlo
openfootball/europe,https://raw.githubusercontent.com/openfootball/europe/7faa522aef63fa9a6fcb9d8189bd8bc52381e967/netherlands/2024-25_nl2.txt,7faa522aef63fa9a6fcb9d8189bd8bc52381e967,489,2026-09-04T07:12:34.949Z,Eerste Divisie,2024-25,2025-03-14,FC Eindhoven,SBV Excelsior,1,2,A,0,0,D,Matchday 30,source_reported_FT,FC Eindhoven,SBV Excelsior
openfootball/europe,https://raw.githubusercontent.com/openfootball/europe/7faa522aef63fa9a6fcb9d8189bd8bc52381e967/netherlands/2024-25_nl2.txt,7faa522aef63fa9a6fcb9d8189bd8bc52381e967,490,2026-09-04T07:12:34.949Z,Eerste Divisie,2024-25,2025-03-14,FC Emmen,FC Utrecht J,2,0,H,1,0,H,Matchday 30,source_reported_FT,FC Emmen,FC Utrecht J
openfootball/europe,https://raw.githubusercontent.com/openfootball/europe/7faa522aef63fa9a6fcb9d8189bd8bc52381e967/netherlands/2024-25_nl2.txt,7faa522aef63fa9a6fcb9d8189bd8bc52381e967,491,2026-09-04T07:12:34.949Z,Eerste Divisie,2024-25,2025-03-14,Helmond Sport,Jong PSV,1,1,D,1,0,H,Matchday 30,source_reported_FT,Helmond Sport,Jong PSV
openfootball/europe,https://raw.githubusercontent.com/openfootball/europe/7faa522aef63fa9a6fcb9d8189bd8bc52381e967/netherlands/2024-25_nl2.txt,7faa522aef63fa9a6fcb9d8189bd8bc52381e967,492,2026-09-04T07:12:34.949Z,Eerste Divisie,2024-25,2025-03-14,MVV,AZ Alkmaar J,0,1,A,0,0,D,Matchday 30,source_reported_FT,MVV,AZ Alkmaar J
openfootball/europe,https://raw.githubusercontent.com/openfootball/europe/7faa522aef63fa9a6fcb9d8189bd8bc52381e967/netherlands/2024-25_nl2.txt,7faa522aef63fa9a6fcb9d8189bd8bc52381e967,493,2026-09-04T07:12:34.949Z,Eerste Divisie,2024-25,2025-03-14,Telstar,Roda JC Kerkrade,3,1,H,1,0,H,Matchday 30,source_reported_FT,Telstar,Roda JC Kerkrade
openfootball/europe,https://raw.githubusercontent.com/openfootball/europe/7faa522aef63fa9a6fcb9d8189bd8bc52381e967/netherlands/2024-25_nl2.txt,7faa522aef63fa9a6fcb9d8189bd8bc52381e967,494,2026-09-04T07:12:34.949Z,Eerste Divisie,2024-25,2025-03-14,Vitesse,ADO Den Haag,0,1,A,0,1,A,Matchday 30,source_reported_FT,Vitesse,ADO Den Haag
openfootball/europe,https://raw.githubusercontent.com/openfootball/europe/7faa522aef63fa9a6fcb9d8189bd8bc52381e967/netherlands/2024-25_nl2.txt,7faa522aef63fa9a6fcb9d8189bd8bc52381e967,496,2026-09-04T07:12:34.949Z,Eerste Divisie,2024-25,2025-03-15,FC Volendam,SC Cambuur,4,1,H,2,0,H,Matchday 30,source_reported_FT,FC Volendam,SC Cambuur
openfootball/europe,https://raw.githubusercontent.com/openfootball/europe/7faa522aef63fa9a6fcb9d8189bd8bc52381e967/netherlands/2024-25_nl2.txt,7faa522aef63fa9a6fcb9d8189bd8bc52381e967,499,2026-09-04T07:12:34.949Z,Eerste Divisie,2024-25,2025-03-16,FC Den Bosch,Jong Ajax,3,1,H,1,1,D,Matchday 30,source_reported_FT,FC Den Bosch,Jong Ajax
openfootball/europe,https://raw.githubusercontent.com/openfootball/europe/7faa522aef63fa9a6fcb9d8189bd8bc52381e967/netherlands/2024-25_nl2.txt,7faa522aef63fa9a6fcb9d8189bd8bc52381e967,498,2026-09-04T07:12:34.949Z,Eerste Divisie,2024-25,2025-03-16,TOP Oss,De Graafschap,0,2,A,0,1,A,Matchday 30,source_reported_FT,TOP Oss,De Graafschap
openfootball/europe,https://raw.githubusercontent.com/openfootball/europe/7faa522aef63fa9a6fcb9d8189bd8bc52381e967/netherlands/2024-25_nl2.txt,7faa522aef63fa9a6fcb9d8189bd8bc52381e967,514,2026-09-04T07:12:34.949Z,Eerste Divisie,2024-25,2025-03-22,De Graafschap,MVV,0,0,D,,,,Matchday 31,source_reported_FT,De Graafschap,MVV
openfootball/europe,https://raw.githubusercontent.com/openfootball/europe/7faa522aef63fa9a6fcb9d8189bd8bc52381e967/netherlands/2024-25_nl2.txt,7faa522aef63fa9a6fcb9d8189bd8bc52381e967,515,2026-09-04T07:12:34.949Z,Eerste Divisie,2024-25,2025-03-22,VVV-Venlo,FC Eindhoven,2,2,D,2,1,H,Matchday 31,source_reported_FT,VVV-Venlo,FC Eindhoven
openfootball/europe,https://raw.githubusercontent.com/openfootball/europe/7faa522aef63fa9a6fcb9d8189bd8bc52381e967/netherlands/2024-25_nl2.txt,7faa522aef63fa9a6fcb9d8189bd8bc52381e967,520,2026-09-04T07:12:34.949Z,Eerste Divisie,2024-25,2025-03-28,FC Eindhoven,Helmond Sport,2,2,D,1,1,D,Matchday 32,source_reported_FT,FC Eindhoven,Helmond Sport
openfootball/europe,https://raw.githubusercontent.com/openfootball/europe/7faa522aef63fa9a6fcb9d8189bd8bc52381e967/netherlands/2024-25_nl2.txt,7faa522aef63fa9a6fcb9d8189bd8bc52381e967,522,2026-09-04T07:12:34.949Z,Eerste Divisie,2024-25,2025-03-28,MVV,FC Emmen,1,2,A,0,0,D,Matchday 32,source_reported_FT,MVV,FC Emmen
openfootball/europe,https://raw.githubusercontent.com/openfootball/europe/7faa522aef63fa9a6fcb9d8189bd8bc52381e967/netherlands/2024-25_nl2.txt,7faa522aef63fa9a6fcb9d8189bd8bc52381e967,521,2026-09-04T07:12:34.949Z,Eerste Divisie,2024-25,2025-03-28,SBV Excelsior,FC Utrecht J,3,0,H,1,0,H,Matchday 32,source_reported_FT,SBV Excelsior,FC Utrecht J
openfootball/europe,https://raw.githubusercontent.com/openfootball/europe/7faa522aef63fa9a6fcb9d8189bd8bc52381e967/netherlands/2024-25_nl2.txt,7faa522aef63fa9a6fcb9d8189bd8bc52381e967,523,2026-09-04T07:12:34.949Z,Eerste Divisie,2024-25,2025-03-28,SC Cambuur,De Graafschap,3,2,H,1,1,D,Matchday 32,source_reported_FT,SC Cambuur,De Graafschap
openfootball/europe,https://raw.githubusercontent.com/openfootball/europe/7faa522aef63fa9a6fcb9d8189bd8bc52381e967/netherlands/2024-25_nl2.txt,7faa522aef63fa9a6fcb9d8189bd8bc52381e967,524,2026-09-04T07:12:34.949Z,Eerste Divisie,2024-25,2025-03-28,Telstar,Vitesse,1,0,H,0,0,D,Matchday 32,source_reported_FT,Telstar,Vitesse
openfootball/europe,https://raw.githubusercontent.com/openfootball/europe/7faa522aef63fa9a6fcb9d8189bd8bc52381e967/netherlands/2024-25_nl2.txt,7faa522aef63fa9a6fcb9d8189bd8bc52381e967,526,2026-09-04T07:12:34.949Z,Eerste Divisie,2024-25,2025-03-29,Roda JC Kerkrade,VVV-Venlo,1,4,A,0,2,A,Matchday 32,source_reported_FT,Roda JC Kerkrade,VVV-Venlo
openfootball/europe,https://raw.githubusercontent.com/openfootball/europe/7faa522aef63fa9a6fcb9d8189bd8bc52381e967/netherlands/2024-25_nl2.txt,7faa522aef63fa9a6fcb9d8189bd8bc52381e967,528,2026-09-04T07:12:34.949Z,Eerste Divisie,2024-25,2025-03-30,ADO Den Haag,FC Dordrecht,2,1,H,1,0,H,Matchday 32,source_reported_FT,ADO Den Haag,FC Dordrecht
openfootball/europe,https://raw.githubusercontent.com/openfootball/europe/7faa522aef63fa9a6fcb9d8189bd8bc52381e967/netherlands/2024-25_nl2.txt,7faa522aef63fa9a6fcb9d8189bd8bc52381e967,531,2026-09-04T07:12:34.949Z,Eerste Divisie,2024-25,2025-03-31,AZ Alkmaar J,TOP Oss,1,1,D,1,0,H,Matchday 32,source_reported_FT,AZ Alkmaar J,TOP Oss
openfootball/europe,https://raw.githubusercontent.com/openfootball/europe/7faa522aef63fa9a6fcb9d8189bd8bc52381e967/netherlands/2024-25_nl2.txt,7faa522aef63fa9a6fcb9d8189bd8bc52381e967,530,2026-09-04T07:12:34.949Z,Eerste Divisie,2024-25,2025-03-31,Jong Ajax,FC Volendam,0,2,A,0,1,A,Matchday 32,source_reported_FT,Jong Ajax,FC Volendam
openfootball/europe,https://raw.githubusercontent.com/openfootball/europe/7faa522aef63fa9a6fcb9d8189bd8bc52381e967/netherlands/2024-25_nl2.txt,7faa522aef63fa9a6fcb9d8189bd8bc52381e967,532,2026-09-04T07:12:34.949Z,Eerste Divisie,2024-25,2025-03-31,Jong PSV,FC Den Bosch,2,4,A,1,3,A,Matchday 32,source_reported_FT,Jong PSV,FC Den Bosch
openfootball/europe,https://raw.githubusercontent.com/openfootball/europe/7faa522aef63fa9a6fcb9d8189bd8bc52381e967/netherlands/2024-25_nl2.txt,7faa522aef63fa9a6fcb9d8189bd8bc52381e967,433,2026-09-04T07:12:34.949Z,Eerste Divisie,2024-25,2025-04-01,FC Utrecht J,VVV-Venlo,0,0,D,,,,Matchday 26,source_reported_FT,FC Utrecht J,VVV-Venlo
openfootball/europe,https://raw.githubusercontent.com/openfootball/europe/7faa522aef63fa9a6fcb9d8189bd8bc52381e967/netherlands/2024-25_nl2.txt,7faa522aef63fa9a6fcb9d8189bd8bc52381e967,537,2026-09-04T07:12:34.949Z,Eerste Divisie,2024-25,2025-04-04,FC Dordrecht,Jong Ajax,3,0,H,1,0,H,Matchday 33,source_reported_FT,FC Dordrecht,Jong Ajax
openfootball/europe,https://raw.githubusercontent.com/openfootball/europe/7faa522aef63fa9a6fcb9d8189bd8bc52381e967/netherlands/2024-25_nl2.txt,7faa522aef63fa9a6fcb9d8189bd8bc52381e967,538,2026-09-04T07:12:34.949Z,Eerste Divisie,2024-25,2025-04-04,FC Emmen,SC Cambuur,3,0,H,1,0,H,Matchday 33,source_reported_FT,FC Emmen,SC Cambuur
openfootball/europe,https://raw.githubusercontent.com/openfootball/europe/7faa522aef63fa9a6fcb9d8189bd8bc52381e967/netherlands/2024-25_nl2.txt,7faa522aef63fa9a6fcb9d8189bd8bc52381e967,539,2026-09-04T07:12:34.949Z,Eerste Divisie,2024-25,2025-04-04,FC Volendam,Jong PSV,4,0,H,0,0,D,Matchday 33,source_reported_FT,FC Volendam,Jong PSV
openfootball/europe,https://raw.githubusercontent.com/openfootball/europe/7faa522aef63fa9a6fcb9d8189bd8bc52381e967/netherlands/2024-25_nl2.txt,7faa522aef63fa9a6fcb9d8189bd8bc52381e967,540,2026-09-04T07:12:34.949Z,Eerste Divisie,2024-25,2025-04-04,MVV,SBV Excelsior,1,2,A,1,0,H,Matchday 33,source_reported_FT,MVV,SBV Excelsior
openfootball/europe,https://raw.githubusercontent.com/openfootball/europe/7faa522aef63fa9a6fcb9d8189bd8bc52381e967/netherlands/2024-25_nl2.txt,7faa522aef63fa9a6fcb9d8189bd8bc52381e967,541,2026-09-04T07:12:34.949Z,Eerste Divisie,2024-25,2025-04-04,TOP Oss,VVV-Venlo,2,1,H,1,0,H,Matchday 33,source_reported_FT,TOP Oss,VVV-Venlo
openfootball/europe,https://raw.githubusercontent.com/openfootball/europe/7faa522aef63fa9a6fcb9d8189bd8bc52381e967/netherlands/2024-25_nl2.txt,7faa522aef63fa9a6fcb9d8189bd8bc52381e967,542,2026-09-04T07:12:34.949Z,Eerste Divisie,2024-25,2025-04-04,Vitesse,AZ Alkmaar J,2,2,D,2,0,H,Matchday 33,source_reported_FT,Vitesse,AZ Alkmaar J
openfootball/europe,https://raw.githubusercontent.com/openfootball/europe/7faa522aef63fa9a6fcb9d8189bd8bc52381e967/netherlands/2024-25_nl2.txt,7faa522aef63fa9a6fcb9d8189bd8bc52381e967,544,2026-09-04T07:12:34.949Z,Eerste Divisie,2024-25,2025-04-05,Helmond Sport,Telstar,2,2,D,2,1,H,Matchday 33,source_reported_FT,Helmond Sport,Telstar
openfootball/europe,https://raw.githubusercontent.com/openfootball/europe/7faa522aef63fa9a6fcb9d8189bd8bc52381e967/netherlands/2024-25_nl2.txt,7faa522aef63fa9a6fcb9d8189bd8bc52381e967,547,2026-09-04T07:12:34.949Z,Eerste Divisie,2024-25,2025-04-06,De Graafschap,Roda JC Kerkrade,2,0,H,1,0,H,Matchday 33,source_reported_FT,De Graafschap,Roda JC Kerkrade
openfootball/europe,https://raw.githubusercontent.com/openfootball/europe/7faa522aef63fa9a6fcb9d8189bd8bc52381e967/netherlands/2024-25_nl2.txt,7faa522aef63fa9a6fcb9d8189bd8bc52381e967,546,2026-09-04T07:12:34.949Z,Eerste Divisie,2024-25,2025-04-06,FC Den Bosch,FC Eindhoven,2,2,D,1,1,D,Matchday 33,source_reported_FT,FC Den Bosch,FC Eindhoven
openfootball/europe,https://raw.githubusercontent.com/openfootball/europe/7faa522aef63fa9a6fcb9d8189bd8bc52381e967/netherlands/2024-25_nl2.txt,7faa522aef63fa9a6fcb9d8189bd8bc52381e967,435,2026-09-04T07:12:34.949Z,Eerste Divisie,2024-25,2025-04-07,AZ Alkmaar J,Jong PSV,2,2,D,0,1,A,Matchday 26,source_reported_FT,AZ Alkmaar J,Jong PSV
openfootball/europe,https://raw.githubusercontent.com/openfootball/europe/7faa522aef63fa9a6fcb9d8189bd8bc52381e967/netherlands/2024-25_nl2.txt,7faa522aef63fa9a6fcb9d8189bd8bc52381e967,549,2026-09-04T07:12:34.949Z,Eerste Divisie,2024-25,2025-04-07,FC Utrecht J,ADO Den Haag,1,1,D,1,0,H,Matchday 33,source_reported_FT,FC Utrecht J,ADO Den Haag
openfootball/europe,https://raw.githubusercontent.com/openfootball/europe/7faa522aef63fa9a6fcb9d8189bd8bc52381e967/netherlands/2024-25_nl2.txt,7faa522aef63fa9a6fcb9d8189bd8bc52381e967,554,2026-09-04T07:12:34.949Z,Eerste Divisie,2024-25,2025-04-11,FC Eindhoven,De Graafschap,1,0,H,0,0,D,Matchday 34,source_reported_FT,FC Eindhoven,De Graafschap
openfootball/europe,https://raw.githubusercontent.com/openfootball/europe/7faa522aef63fa9a6fcb9d8189bd8bc52381e967/netherlands/2024-25_nl2.txt,7faa522aef63fa9a6fcb9d8189bd8bc52381e967,556,2026-09-04T07:12:34.949Z,Eerste Divisie,2024-25,2025-04-11,Roda JC Kerkrade,FC Emmen,1,0,H,0,0,D,Matchday 34,source_reported_FT,Roda JC Kerkrade,FC Emmen
openfootball/europe,https://raw.githubusercontent.com/openfootball/europe/7faa522aef63fa9a6fcb9d8189bd8bc52381e967/netherlands/2024-25_nl2.txt,7faa522aef63fa9a6fcb9d8189bd8bc52381e967,555,2026-09-04T07:12:34.949Z,Eerste Divisie,2024-25,2025-04-11,SBV Excelsior,TOP Oss,2,0,H,1,0,H,Matchday 34,source_reported_FT,SBV Excelsior,TOP Oss
openfootball/europe,https://raw.githubusercontent.com/openfootball/europe/7faa522aef63fa9a6fcb9d8189bd8bc52381e967/netherlands/2024-25_nl2.txt,7faa522aef63fa9a6fcb9d8189bd8bc52381e967,557,2026-09-04T07:12:34.949Z,Eerste Divisie,2024-25,2025-04-11,Telstar,ADO Den Haag,1,1,D,1,0,H,Matchday 34,source_reported_FT,Telstar,ADO Den Haag
openfootball/europe,https://raw.githubusercontent.com/openfootball/europe/7faa522aef63fa9a6fcb9d8189bd8bc52381e967/netherlands/2024-25_nl2.txt,7faa522aef63fa9a6fcb9d8189bd8bc52381e967,559,2026-09-04T07:12:34.949Z,Eerste Divisie,2024-25,2025-04-12,FC Dordrecht,FC Den Bosch,4,0,H,3,0,H,Matchday 34,source_reported_FT,FC Dordrecht,FC Den Bosch
openfootball/europe,https://raw.githubusercontent.com/openfootball/europe/7faa522aef63fa9a6fcb9d8189bd8bc52381e967/netherlands/2024-25_nl2.txt,7faa522aef63fa9a6fcb9d8189bd8bc52381e967,561,2026-09-04T07:12:34.949Z,Eerste Divisie,2024-25,2025-04-13,SC Cambuur,FC Utrecht J,3,1,H,1,1,D,Matchday 34,source_reported_FT,SC Cambuur,FC Utrecht J
openfootball/europe,https://raw.githubusercontent.com/openfootball/europe/7faa522aef63fa9a6fcb9d8189bd8bc52381e967/netherlands/2024-25_nl2.txt,7faa522aef63fa9a6fcb9d8189bd8bc52381e967,562,2026-09-04T07:12:34.949Z,Eerste Divisie,2024-25,2025-04-13,VVV-Venlo,Helmond Sport,4,1,H,1,0,H,Matchday 34,source_reported_FT,VVV-Venlo,Helmond Sport
openfootball/europe,https://raw.githubusercontent.com/openfootball/europe/7faa522aef63fa9a6fcb9d8189bd8bc52381e967/netherlands/2024-25_nl2.txt,7faa522aef63fa9a6fcb9d8189bd8bc52381e967,565,2026-09-04T07:12:34.949Z,Eerste Divisie,2024-25,2025-04-14,AZ Alkmaar J,FC Volendam,0,1,A,0,0,D,Matchday 34,source_reported_FT,AZ Alkmaar J,FC Volendam
openfootball/europe,https://raw.githubusercontent.com/openfootball/europe/7faa522aef63fa9a6fcb9d8189bd8bc52381e967/netherlands/2024-25_nl2.txt,7faa522aef63fa9a6fcb9d8189bd8bc52381e967,564,2026-09-04T07:12:34.949Z,Eerste Divisie,2024-25,2025-04-14,Jong Ajax,Vitesse,1,1,D,1,0,H,Matchday 34,source_reported_FT,Jong Ajax,Vitesse
openfootball/europe,https://raw.githubusercontent.com/openfootball/europe/7faa522aef63fa9a6fcb9d8189bd8bc52381e967/netherlands/2024-25_nl2.txt,7faa522aef63fa9a6fcb9d8189bd8bc52381e967,566,2026-09-04T07:12:34.949Z,Eerste Divisie,2024-25,2025-04-14,Jong PSV,MVV,3,2,H,1,1,D,Matchday 34,source_reported_FT,Jong PSV,MVV
openfootball/europe,https://raw.githubusercontent.com/openfootball/europe/7faa522aef63fa9a6fcb9d8189bd8bc52381e967/netherlands/2024-25_nl2.txt,7faa522aef63fa9a6fcb9d8189bd8bc52381e967,571,2026-09-04T07:12:34.949Z,Eerste Divisie,2024-25,2025-04-18,FC Den Bosch,VVV-Venlo,0,0,D,,,,Matchday 35,source_reported_FT,FC Den Bosch,VVV-Venlo
openfootball/europe,https://raw.githubusercontent.com/openfootball/europe/7faa522aef63fa9a6fcb9d8189bd8bc52381e967/netherlands/2024-25_nl2.txt,7faa522aef63fa9a6fcb9d8189bd8bc52381e967,572,2026-09-04T07:12:34.949Z,Eerste Divisie,2024-25,2025-04-18,FC Eindhoven,Telstar,0,4,A,0,3,A,Matchday 35,source_reported_FT,FC Eindhoven,Telstar
openfootball/europe,https://raw.githubusercontent.com/openfootball/europe/7faa522aef63fa9a6fcb9d8189bd8bc52381e967/netherlands/2024-25_nl2.txt,7faa522aef63fa9a6fcb9d8189bd8bc52381e967,573,2026-09-04T07:12:34.949Z,Eerste Divisie,2024-25,2025-04-18,FC Emmen,AZ Alkmaar J,1,4,A,0,1,A,Matchday 35,source_reported_FT,FC Emmen,AZ Alkmaar J
openfootball/europe,https://raw.githubusercontent.com/openfootball/europe/7faa522aef63fa9a6fcb9d8189bd8bc52381e967/netherlands/2024-25_nl2.txt,7faa522aef63fa9a6fcb9d8189bd8bc52381e967,574,2026-09-04T07:12:34.949Z,Eerste Divisie,2024-25,2025-04-18,Helmond Sport,SC Cambuur,1,1,D,1,1,D,Matchday 35,source_reported_FT,Helmond Sport,SC Cambuur
openfootball/europe,https://raw.githubusercontent.com/openfootball/europe/7faa522aef63fa9a6fcb9d8189bd8bc52381e967/netherlands/2024-25_nl2.txt,7faa522aef63fa9a6fcb9d8189bd8bc52381e967,575,2026-09-04T07:12:34.949Z,Eerste Divisie,2024-25,2025-04-18,MVV,FC Utrecht J,5,0,H,3,0,H,Matchday 35,source_reported_FT,MVV,FC Utrecht J
openfootball/europe,https://raw.githubusercontent.com/openfootball/europe/7faa522aef63fa9a6fcb9d8189bd8bc52381e967/netherlands/2024-25_nl2.txt,7faa522aef63fa9a6fcb9d8189bd8bc52381e967,579,2026-09-04T07:12:34.949Z,Eerste Divisie,2024-25,2025-04-19,De Graafschap,Jong Ajax,2,0,H,2,0,H,Matchday 35,source_reported_FT,De Graafschap,Jong Ajax
openfootball/europe,https://raw.githubusercontent.com/openfootball/europe/7faa522aef63fa9a6fcb9d8189bd8bc52381e967/netherlands/2024-25_nl2.txt,7faa522aef63fa9a6fcb9d8189bd8bc52381e967,578,2026-09-04T07:12:34.949Z,Eerste Divisie,2024-25,2025-04-19,TOP Oss,FC Dordrecht,2,0,H,2,0,H,Matchday 35,source_reported_FT,TOP Oss,FC Dordrecht
openfootball/europe,https://raw.githubusercontent.com/openfootball/europe/7faa522aef63fa9a6fcb9d8189bd8bc52381e967/netherlands/2024-25_nl2.txt,7faa522aef63fa9a6fcb9d8189bd8bc52381e967,577,2026-09-04T07:12:34.949Z,Eerste Divisie,2024-25,2025-04-19,Vitesse,Roda JC Kerkrade,3,0,H,1,0,H,Matchday 35,source_reported_FT,Vitesse,Roda JC Kerkrade
openfootball/europe,https://raw.githubusercontent.com/openfootball/europe/7faa522aef63fa9a6fcb9d8189bd8bc52381e967/netherlands/2024-25_nl2.txt,7faa522aef63fa9a6fcb9d8189bd8bc52381e967,581,2026-09-04T07:12:34.949Z,Eerste Divisie,2024-25,2025-04-20,ADO Den Haag,Jong PSV,3,2,H,2,0,H,Matchday 35,source_reported_FT,ADO Den Haag,Jong PSV
openfootball/europe,https://raw.githubusercontent.com/openfootball/europe/7faa522aef63fa9a6fcb9d8189bd8bc52381e967/netherlands/2024-25_nl2.txt,7faa522aef63fa9a6fcb9d8189bd8bc52381e967,582,2026-09-04T07:12:34.949Z,Eerste Divisie,2024-25,2025-04-20,FC Volendam,SBV Excelsior,1,4,A,0,2,A,Matchday 35,source_reported_FT,FC Volendam,SBV Excelsior
openfootball/europe,https://raw.githubusercontent.com/openfootball/europe/7faa522aef63fa9a6fcb9d8189bd8bc52381e967/netherlands/2024-25_nl2.txt,7faa522aef63fa9a6fcb9d8189bd8bc52381e967,587,2026-09-04T07:12:34.949Z,Eerste Divisie,2024-25,2025-04-24,Roda JC Kerkrade,ADO Den Haag,1,1,D,0,1,A,Matchday 36,source_reported_FT,Roda JC Kerkrade,ADO Den Haag
openfootball/europe,https://raw.githubusercontent.com/openfootball/europe/7faa522aef63fa9a6fcb9d8189bd8bc52381e967/netherlands/2024-25_nl2.txt,7faa522aef63fa9a6fcb9d8189bd8bc52381e967,589,2026-09-04T07:12:34.949Z,Eerste Divisie,2024-25,2025-04-25,FC Dordrecht,MVV,3,0,H,3,0,H,Matchday 36,source_reported_FT,FC Dordrecht,MVV
openfootball/europe,https://raw.githubusercontent.com/openfootball/europe/7faa522aef63fa9a6fcb9d8189bd8bc52381e967/netherlands/2024-25_nl2.txt,7faa522aef63fa9a6fcb9d8189bd8bc52381e967,590,2026-09-04T07:12:34.949Z,Eerste Divisie,2024-25,2025-04-25,SC Cambuur,Vitesse,2,1,H,2,1,H,Matchday 36,source_reported_FT,SC Cambuur,Vitesse
openfootball/europe,https://raw.githubusercontent.com/openfootball/europe/7faa522aef63fa9a6fcb9d8189bd8bc52381e967/netherlands/2024-25_nl2.txt,7faa522aef63fa9a6fcb9d8189bd8bc52381e967,591,2026-09-04T07:12:34.949Z,Eerste Divisie,2024-25,2025-04-25,Telstar,TOP Oss,3,2,H,0,1,A,Matchday 36,source_reported_FT,Telstar,TOP Oss
openfootball/europe,https://raw.githubusercontent.com/openfootball/europe/7faa522aef63fa9a6fcb9d8189bd8bc52381e967/netherlands/2024-25_nl2.txt,7faa522aef63fa9a6fcb9d8189bd8bc52381e967,593,2026-09-04T07:12:34.949Z,Eerste Divisie,2024-25,2025-04-27,SBV Excelsior,FC Emmen,2,0,H,2,0,H,Matchday 36,source_reported_FT,SBV Excelsior,FC Emmen
openfootball/europe,https://raw.githubusercontent.com/openfootball/europe/7faa522aef63fa9a6fcb9d8189bd8bc52381e967/netherlands/2024-25_nl2.txt,7faa522aef63fa9a6fcb9d8189bd8bc52381e967,597,2026-09-04T07:12:34.949Z,Eerste Divisie,2024-25,2025-04-28,AZ Alkmaar J,FC Den Bosch,0,0,D,,,,Matchday 36,source_reported_FT,AZ Alkmaar J,FC Den Bosch
openfootball/europe,https://raw.githubusercontent.com/openfootball/europe/7faa522aef63fa9a6fcb9d8189bd8bc52381e967/netherlands/2024-25_nl2.txt,7faa522aef63fa9a6fcb9d8189bd8bc52381e967,598,2026-09-04T07:12:34.949Z,Eerste Divisie,2024-25,2025-04-28,FC Utrecht J,FC Volendam,2,3,A,2,1,H,Matchday 36,source_reported_FT,FC Utrecht J,FC Volendam
openfootball/europe,https://raw.githubusercontent.com/openfootball/europe/7faa522aef63fa9a6fcb9d8189bd8bc52381e967/netherlands/2024-25_nl2.txt,7faa522aef63fa9a6fcb9d8189bd8bc52381e967,596,2026-09-04T07:12:34.949Z,Eerste Divisie,2024-25,2025-04-28,Jong Ajax,Helmond Sport,1,0,H,0,0,D,Matchday 36,source_reported_FT,Jong Ajax,Helmond Sport
openfootball/europe,https://raw.githubusercontent.com/openfootball/europe/7faa522aef63fa9a6fcb9d8189bd8bc52381e967/netherlands/2024-25_nl2.txt,7faa522aef63fa9a6fcb9d8189bd8bc52381e967,599,2026-09-04T07:12:34.949Z,Eerste Divisie,2024-25,2025-04-28,Jong PSV,FC Eindhoven,0,2,A,0,1,A,Matchday 36,source_reported_FT,Jong PSV,FC Eindhoven
openfootball/europe,https://raw.githubusercontent.com/openfootball/europe/7faa522aef63fa9a6fcb9d8189bd8bc52381e967/netherlands/2024-25_nl2.txt,7faa522aef63fa9a6fcb9d8189bd8bc52381e967,595,2026-09-04T07:12:34.949Z,Eerste Divisie,2024-25,2025-04-28,VVV-Venlo,De Graafschap,3,1,H,0,0,D,Matchday 36,source_reported_FT,VVV-Venlo,De Graafschap
openfootball/europe,https://raw.githubusercontent.com/openfootball/europe/7faa522aef63fa9a6fcb9d8189bd8bc52381e967/netherlands/2024-25_nl2.txt,7faa522aef63fa9a6fcb9d8189bd8bc52381e967,604,2026-09-04T07:12:34.949Z,Eerste Divisie,2024-25,2025-05-02,ADO Den Haag,SC Cambuur,3,4,A,2,2,D,Matchday 37,source_reported_FT,ADO Den Haag,SC Cambuur
openfootball/europe,https://raw.githubusercontent.com/openfootball/europe/7faa522aef63fa9a6fcb9d8189bd8bc52381e967/netherlands/2024-25_nl2.txt,7faa522aef63fa9a6fcb9d8189bd8bc52381e967,605,2026-09-04T07:12:34.949Z,Eerste Divisie,2024-25,2025-05-02,De Graafschap,Telstar,2,1,H,1,1,D,Matchday 37,source_reported_FT,De Graafschap,Telstar
openfootball/europe,https://raw.githubusercontent.com/openfootball/europe/7faa522aef63fa9a6fcb9d8189bd8bc52381e967/netherlands/2024-25_nl2.txt,7faa522aef63fa9a6fcb9d8189bd8bc52381e967,606,2026-09-04T07:12:34.949Z,Eerste Divisie,2024-25,2025-05-02,FC Den Bosch,Helmond Sport,1,0,H,0,0,D,Matchday 37,source_reported_FT,FC Den Bosch,Helmond Sport
openfootball/europe,https://raw.githubusercontent.com/openfootball/europe/7faa522aef63fa9a6fcb9d8189bd8bc52381e967/netherlands/2024-25_nl2.txt,7faa522aef63fa9a6fcb9d8189bd8bc52381e967,607,2026-09-04T07:12:34.949Z,Eerste Divisie,2024-25,2025-05-02,FC Eindhoven,AZ Alkmaar J,2,4,A,1,2,A,Matchday 37,source_reported_FT,FC Eindhoven,AZ Alkmaar J
openfootball/europe,https://raw.githubusercontent.com/openfootball/europe/7faa522aef63fa9a6fcb9d8189bd8bc52381e967/netherlands/2024-25_nl2.txt,7faa522aef63fa9a6fcb9d8189bd8bc52381e967,609,2026-09-04T07:12:34.949Z,Eerste Divisie,2024-25,2025-05-02,FC Emmen,VVV-Venlo,2,1,H,1,0,H,Matchday 37,source_reported_FT,FC Emmen,VVV-Venlo
openfootball/europe,https://raw.githubusercontent.com/openfootball/europe/7faa522aef63fa9a6fcb9d8189bd8bc52381e967/netherlands/2024-25_nl2.txt,7faa522aef63fa9a6fcb9d8189bd8bc52381e967,611,2026-09-04T07:12:34.949Z,Eerste Divisie,2024-25,2025-05-02,FC Utrecht J,FC Dordrecht,1,0,H,0,0,D,Matchday 37,source_reported_FT,FC Utrecht J,FC Dordrecht
openfootball/europe,https://raw.githubusercontent.com/openfootball/europe/7faa522aef63fa9a6fcb9d8189bd8bc52381e967/netherlands/2024-25_nl2.txt,7faa522aef63fa9a6fcb9d8189bd8bc52381e967,610,2026-09-04T07:12:34.949Z,Eerste Divisie,2024-25,2025-05-02,FC Volendam,Roda JC Kerkrade,3,2,H,1,1,D,Matchday 37,source_reported_FT,FC Volendam,Roda JC Kerkrade
openfootball/europe,https://raw.githubusercontent.com/openfootball/europe/7faa522aef63fa9a6fcb9d8189bd8bc52381e967/netherlands/2024-25_nl2.txt,7faa522aef63fa9a6fcb9d8189bd8bc52381e967,612,2026-09-04T07:12:34.949Z,Eerste Divisie,2024-25,2025-05-02,MVV,Jong Ajax,1,0,H,0,0,D,Matchday 37,source_reported_FT,MVV,Jong Ajax
openfootball/europe,https://raw.githubusercontent.com/openfootball/europe/7faa522aef63fa9a6fcb9d8189bd8bc52381e967/netherlands/2024-25_nl2.txt,7faa522aef63fa9a6fcb9d8189bd8bc52381e967,608,2026-09-04T07:12:34.949Z,Eerste Divisie,2024-25,2025-05-02,SBV Excelsior,Jong PSV,5,0,H,2,0,H,Matchday 37,source_reported_FT,SBV Excelsior,Jong PSV
openfootball/europe,https://raw.githubusercontent.com/openfootball/europe/7faa522aef63fa9a6fcb9d8189bd8bc52381e967/netherlands/2024-25_nl2.txt,7faa522aef63fa9a6fcb9d8189bd8bc52381e967,613,2026-09-04T07:12:34.949Z,Eerste Divisie,2024-25,2025-05-02,TOP Oss,Vitesse,2,2,D,1,2,A,Matchday 37,source_reported_FT,TOP Oss,Vitesse
omarmohamed456/Football-Match-Outcome-Predictor,https://raw.githubusercontent.com/omarmohamed456/Football-Match-Outcome-Predictor/edefc091629a587271b911a08f88c1523502ff11/scraped_data/netherlands_eerste_divisie_2024-2025_match_data.csv,edefc091629a587271b911a08f88c1523502ff11,209,2026-09-04T07:16:31.269Z,Eerste Divisie,2024-25,2025-05-09,AZ Alkmaar J,SBV Excelsior,2,1,H,,,,38,source_reported_FT,Jong AZ,Excelsior
omarmohamed456/Football-Match-Outcome-Predictor,https://raw.githubusercontent.com/omarmohamed456/Football-Match-Outcome-Predictor/edefc091629a587271b911a08f88c1523502ff11/scraped_data/netherlands_eerste_divisie_2024-2025_match_data.csv,edefc091629a587271b911a08f88c1523502ff11,149,2026-09-04T07:16:31.269Z,Eerste Divisie,2024-25,2025-05-09,FC Dordrecht,FC Volendam,4,1,H,,,,38,source_reported_FT,Dordrecht,FC Volendam
omarmohamed456/Football-Match-Outcome-Predictor,https://raw.githubusercontent.com/omarmohamed456/Football-Match-Outcome-Predictor/edefc091629a587271b911a08f88c1523502ff11/scraped_data/netherlands_eerste_divisie_2024-2025_match_data.csv,edefc091629a587271b911a08f88c1523502ff11,54,2026-09-04T07:16:31.269Z,Eerste Divisie,2024-25,2025-05-09,Helmond Sport,De Graafschap,1,4,A,,,,38,source_reported_FT,Helmond,De Graafschap
omarmohamed456/Football-Match-Outcome-Predictor,https://raw.githubusercontent.com/omarmohamed456/Football-Match-Outcome-Predictor/edefc091629a587271b911a08f88c1523502ff11/scraped_data/netherlands_eerste_divisie_2024-2025_match_data.csv,edefc091629a587271b911a08f88c1523502ff11,305,2026-09-04T07:16:31.269Z,Eerste Divisie,2024-25,2025-05-09,Jong Ajax,TOP Oss,0,0,D,,,,38,source_reported_FT,Jong Ajax,Oss
omarmohamed456/Football-Match-Outcome-Predictor,https://raw.githubusercontent.com/omarmohamed456/Football-Match-Outcome-Predictor/edefc091629a587271b911a08f88c1523502ff11/scraped_data/netherlands_eerste_divisie_2024-2025_match_data.csv,edefc091629a587271b911a08f88c1523502ff11,327,2026-09-04T07:16:31.269Z,Eerste Divisie,2024-25,2025-05-09,Jong PSV,FC Utrecht J,3,1,H,,,,38,source_reported_FT,Jong PSV,Jong Utrecht
omarmohamed456/Football-Match-Outcome-Predictor,https://raw.githubusercontent.com/omarmohamed456/Football-Match-Outcome-Predictor/edefc091629a587271b911a08f88c1523502ff11/scraped_data/netherlands_eerste_divisie_2024-2025_match_data.csv,edefc091629a587271b911a08f88c1523502ff11,190,2026-09-04T07:16:31.269Z,Eerste Divisie,2024-25,2025-05-09,Roda JC Kerkrade,FC Eindhoven,0,1,A,,,,38,source_reported_FT,Roda,Eindhoven FC
omarmohamed456/Football-Match-Outcome-Predictor,https://raw.githubusercontent.com/omarmohamed456/Football-Match-Outcome-Predictor/edefc091629a587271b911a08f88c1523502ff11/scraped_data/netherlands_eerste_divisie_2024-2025_match_data.csv,edefc091629a587271b911a08f88c1523502ff11,29,2026-09-04T07:16:31.269Z,Eerste Divisie,2024-25,2025-05-09,SC Cambuur,MVV,1,0,H,,,,38,source_reported_FT,Cambuur,Maastricht
omarmohamed456/Football-Match-Outcome-Predictor,https://raw.githubusercontent.com/omarmohamed456/Football-Match-Outcome-Predictor/edefc091629a587271b911a08f88c1523502ff11/scraped_data/netherlands_eerste_divisie_2024-2025_match_data.csv,edefc091629a587271b911a08f88c1523502ff11,242,2026-09-04T07:16:31.269Z,Eerste Divisie,2024-25,2025-05-09,Telstar,FC Emmen,3,0,H,,,,38,source_reported_FT,Telstar,FC Emmen
omarmohamed456/Football-Match-Outcome-Predictor,https://raw.githubusercontent.com/omarmohamed456/Football-Match-Outcome-Predictor/edefc091629a587271b911a08f88c1523502ff11/scraped_data/netherlands_eerste_divisie_2024-2025_match_data.csv,edefc091629a587271b911a08f88c1523502ff11,139,2026-09-04T07:16:31.269Z,Eerste Divisie,2024-25,2025-05-09,VVV-Venlo,ADO Den Haag,2,7,A,,,,38,source_reported_FT,Venlo,Den Haag
omarmohamed456/Football-Match-Outcome-Predictor,https://raw.githubusercontent.com/omarmohamed456/Football-Match-Outcome-Predictor/edefc091629a587271b911a08f88c1523502ff11/scraped_data/netherlands_eerste_divisie_2024-2025_match_data.csv,edefc091629a587271b911a08f88c1523502ff11,109,2026-09-04T07:16:31.269Z,Eerste Divisie,2024-25,2025-05-09,Vitesse,FC Den Bosch,3,1,H,,,,38,source_reported_FT,Vitesse,Den Bosch
omarmohamed456/Football-Match-Outcome-Predictor,https://raw.githubusercontent.com/omarmohamed456/Football-Match-Outcome-Predictor/edefc091629a587271b911a08f88c1523502ff11/scraped_data/netherlands_eerste_divisie_2025-2026_match_data.csv,edefc091629a587271b911a08f88c1523502ff11,95,2026-09-04T07:16:33.275Z,Eerste Divisie,2025-26,2025-08-08,De Graafschap,VVV-Venlo,3,2,H,,,,1,source_reported_FT,De Graafschap,Venlo
omarmohamed456/Football-Match-Outcome-Predictor,https://raw.githubusercontent.com/omarmohamed456/Football-Match-Outcome-Predictor/edefc091629a587271b911a08f88c1523502ff11/scraped_data/netherlands_eerste_divisie_2025-2026_match_data.csv,edefc091629a587271b911a08f88c1523502ff11,112,2026-09-04T07:16:33.275Z,Eerste Divisie,2025-26,2025-08-08,FC Den Bosch,Jong Ajax,2,0,H,,,,1,source_reported_FT,Den Bosch,Jong Ajax
omarmohamed456/Football-Match-Outcome-Predictor,https://raw.githubusercontent.com/omarmohamed456/Football-Match-Outcome-Predictor/edefc091629a587271b911a08f88c1523502ff11/scraped_data/netherlands_eerste_divisie_2025-2026_match_data.csv,edefc091629a587271b911a08f88c1523502ff11,42,2026-09-04T07:16:33.275Z,Eerste Divisie,2025-26,2025-08-08,FC Dordrecht,SC Cambuur,1,0,H,,,,1,source_reported_FT,Dordrecht,Cambuur
omarmohamed456/Football-Match-Outcome-Predictor,https://raw.githubusercontent.com/omarmohamed456/Football-Match-Outcome-Predictor/edefc091629a587271b911a08f88c1523502ff11/scraped_data/netherlands_eerste_divisie_2025-2026_match_data.csv,edefc091629a587271b911a08f88c1523502ff11,195,2026-09-04T07:16:33.275Z,Eerste Divisie,2025-26,2025-08-08,FC Eindhoven,FC Utrecht J,1,0,H,,,,1,source_reported_FT,Eindhoven FC,Jong Utrecht
omarmohamed456/Football-Match-Outcome-Predictor,https://raw.githubusercontent.com/omarmohamed456/Football-Match-Outcome-Predictor/edefc091629a587271b911a08f88c1523502ff11/scraped_data/netherlands_eerste_divisie_2025-2026_match_data.csv,edefc091629a587271b911a08f88c1523502ff11,313,2026-09-04T07:16:33.275Z,Eerste Divisie,2025-26,2025-08-08,TOP Oss,MVV,4,0,H,,,,1,source_reported_FT,Oss,Maastricht
omarmohamed456/Football-Match-Outcome-Predictor,https://raw.githubusercontent.com/omarmohamed456/Football-Match-Outcome-Predictor/edefc091629a587271b911a08f88c1523502ff11/scraped_data/netherlands_eerste_divisie_2025-2026_match_data.csv,edefc091629a587271b911a08f88c1523502ff11,157,2026-09-04T07:16:33.275Z,Eerste Divisie,2025-26,2025-08-10,ADO Den Haag,Willem II,5,1,H,,,,1,source_reported_FT,Den Haag,Willem II
omarmohamed456/Football-Match-Outcome-Predictor,https://raw.githubusercontent.com/omarmohamed456/Football-Match-Outcome-Predictor/edefc091629a587271b911a08f88c1523502ff11/scraped_data/netherlands_eerste_divisie_2025-2026_match_data.csv,edefc091629a587271b911a08f88c1523502ff11,240,2026-09-04T07:16:33.275Z,Eerste Divisie,2025-26,2025-08-10,Helmond Sport,Roda JC Kerkrade,1,3,A,,,,1,source_reported_FT,Helmond,Roda
omarmohamed456/Football-Match-Outcome-Predictor,https://raw.githubusercontent.com/omarmohamed456/Football-Match-Outcome-Predictor/edefc091629a587271b911a08f88c1523502ff11/scraped_data/netherlands_eerste_divisie_2025-2026_match_data.csv,edefc091629a587271b911a08f88c1523502ff11,280,2026-09-04T07:16:33.275Z,Eerste Divisie,2025-26,2025-08-11,AZ Alkmaar J,Waalwijk,2,3,A,,,,1,source_reported_FT,Jong AZ,Waalwijk
omarmohamed456/Football-Match-Outcome-Predictor,https://raw.githubusercontent.com/omarmohamed456/Football-Match-Outcome-Predictor/edefc091629a587271b911a08f88c1523502ff11/scraped_data/netherlands_eerste_divisie_2025-2026_match_data.csv,edefc091629a587271b911a08f88c1523502ff11,215,2026-09-04T07:16:33.275Z,Eerste Divisie,2025-26,2025-08-11,Jong PSV,FC Emmen,3,1,H,,,,1,source_reported_FT,Jong PSV,FC Emmen
omarmohamed456/Football-Match-Outcome-Predictor,https://raw.githubusercontent.com/omarmohamed456/Football-Match-Outcome-Predictor/edefc091629a587271b911a08f88c1523502ff11/scraped_data/netherlands_eerste_divisie_2025-2026_match_data.csv,edefc091629a587271b911a08f88c1523502ff11,92,2026-09-04T07:16:33.275Z,Eerste Divisie,2025-26,2025-08-15,Roda JC Kerkrade,De Graafschap,1,0,H,,,,2,source_reported_FT,Roda,De Graafschap
omarmohamed456/Football-Match-Outcome-Predictor,https://raw.githubusercontent.com/omarmohamed456/Football-Match-Outcome-Predictor/edefc091629a587271b911a08f88c1523502ff11/scraped_data/netherlands_eerste_divisie_2025-2026_match_data.csv,edefc091629a587271b911a08f88c1523502ff11,62,2026-09-04T07:16:33.275Z,Eerste Divisie,2025-26,2025-08-15,SC Cambuur,TOP Oss,1,0,H,,,,2,source_reported_FT,Cambuur,Oss
omarmohamed456/Football-Match-Outcome-Predictor,https://raw.githubusercontent.com/omarmohamed456/Football-Match-Outcome-Predictor/edefc091629a587271b911a08f88c1523502ff11/scraped_data/netherlands_eerste_divisie_2025-2026_match_data.csv,edefc091629a587271b911a08f88c1523502ff11,292,2026-09-04T07:16:33.275Z,Eerste Divisie,2025-26,2025-08-15,VVV-Venlo,Jong PSV,0,2,A,,,,2,source_reported_FT,Venlo,Jong PSV
omarmohamed456/Football-Match-Outcome-Predictor,https://raw.githubusercontent.com/omarmohamed456/Football-Match-Outcome-Predictor/edefc091629a587271b911a08f88c1523502ff11/scraped_data/netherlands_eerste_divisie_2025-2026_match_data.csv,edefc091629a587271b911a08f88c1523502ff11,247,2026-09-04T07:16:33.275Z,Eerste Divisie,2025-26,2025-08-15,Waalwijk,Helmond Sport,1,1,D,,,,2,source_reported_FT,Waalwijk,Helmond
omarmohamed456/Football-Match-Outcome-Predictor,https://raw.githubusercontent.com/omarmohamed456/Football-Match-Outcome-Predictor/edefc091629a587271b911a08f88c1523502ff11/scraped_data/netherlands_eerste_divisie_2025-2026_match_data.csv,edefc091629a587271b911a08f88c1523502ff11,174,2026-09-04T07:16:33.275Z,Eerste Divisie,2025-26,2025-08-16,MVV,FC Dordrecht,0,1,A,,,,2,source_reported_FT,Maastricht,Dordrecht
omarmohamed456/Football-Match-Outcome-Predictor,https://raw.githubusercontent.com/omarmohamed456/Football-Match-Outcome-Predictor/edefc091629a587271b911a08f88c1523502ff11/scraped_data/netherlands_eerste_divisie_2025-2026_match_data.csv,edefc091629a587271b911a08f88c1523502ff11,13,2026-09-04T07:16:33.275Z,Eerste Divisie,2025-26,2025-08-17,FC Emmen,Almere City FC,1,4,A,,,,2,source_reported_FT,FC Emmen,Almere City
omarmohamed456/Football-Match-Outcome-Predictor,https://raw.githubusercontent.com/omarmohamed456/Football-Match-Outcome-Predictor/edefc091629a587271b911a08f88c1523502ff11/scraped_data/netherlands_eerste_divisie_2025-2026_match_data.csv,edefc091629a587271b911a08f88c1523502ff11,208,2026-09-04T07:16:33.275Z,Eerste Divisie,2025-26,2025-08-17,Willem II,FC Eindhoven,0,1,A,,,,2,source_reported_FT,Willem II,Eindhoven FC
omarmohamed456/Football-Match-Outcome-Predictor,https://raw.githubusercontent.com/omarmohamed456/Football-Match-Outcome-Predictor/edefc091629a587271b911a08f88c1523502ff11/scraped_data/netherlands_eerste_divisie_2025-2026_match_data.csv,edefc091629a587271b911a08f88c1523502ff11,144,2026-09-04T07:16:33.275Z,Eerste Divisie,2025-26,2025-08-18,FC Utrecht J,ADO Den Haag,2,2,D,,,,2,source_reported_FT,Jong Utrecht,Den Haag
omarmohamed456/Football-Match-Outcome-Predictor,https://raw.githubusercontent.com/omarmohamed456/Football-Match-Outcome-Predictor/edefc091629a587271b911a08f88c1523502ff11/scraped_data/netherlands_eerste_divisie_2025-2026_match_data.csv,edefc091629a587271b911a08f88c1523502ff11,251,2026-09-04T07:16:33.275Z,Eerste Divisie,2025-26,2025-08-18,Jong Ajax,AZ Alkmaar J,4,1,H,,,,2,source_reported_FT,Jong Ajax,Jong AZ
omarmohamed456/Football-Match-Outcome-Predictor,https://raw.githubusercontent.com/omarmohamed456/Football-Match-Outcome-Predictor/edefc091629a587271b911a08f88c1523502ff11/scraped_data/netherlands_eerste_divisie_2025-2026_match_data.csv,edefc091629a587271b911a08f88c1523502ff11,36,2026-09-04T07:16:33.275Z,Eerste Divisie,2025-26,2025-08-22,Almere City FC,Willem II,0,1,A,,,,3,source_reported_FT,Almere City,Willem II
omarmohamed456/Football-Match-Outcome-Predictor,https://raw.githubusercontent.com/omarmohamed456/Football-Match-Outcome-Predictor/edefc091629a587271b911a08f88c1523502ff11/scraped_data/netherlands_eerste_divisie_2025-2026_match_data.csv,edefc091629a587271b911a08f88c1523502ff11,89,2026-09-04T07:16:33.275Z,Eerste Divisie,2025-26,2025-08-22,De Graafschap,MVV,0,1,A,,,,3,source_reported_FT,De Graafschap,Maastricht
omarmohamed456/Football-Match-Outcome-Predictor,https://raw.githubusercontent.com/omarmohamed456/Football-Match-Outcome-Predictor/edefc091629a587271b911a08f88c1523502ff11/scraped_data/netherlands_eerste_divisie_2025-2026_match_data.csv,edefc091629a587271b911a08f88c1523502ff11,205,2026-09-04T07:16:33.275Z,Eerste Divisie,2025-26,2025-08-22,FC Eindhoven,Waalwijk,1,0,H,,,,3,source_reported_FT,Eindhoven FC,Waalwijk
omarmohamed456/Football-Match-Outcome-Predictor,https://raw.githubusercontent.com/omarmohamed456/Football-Match-Outcome-Predictor/edefc091629a587271b911a08f88c1523502ff11/scraped_data/netherlands_eerste_divisie_2025-2026_match_data.csv,edefc091629a587271b911a08f88c1523502ff11,209,2026-09-04T07:16:33.275Z,Eerste Divisie,2025-26,2025-08-22,Helmond Sport,FC Emmen,2,0,H,,,,3,source_reported_FT,Helmond,FC Emmen
omarmohamed456/Football-Match-Outcome-Predictor,https://raw.githubusercontent.com/omarmohamed456/Football-Match-Outcome-Predictor/edefc091629a587271b911a08f88c1523502ff11/scraped_data/netherlands_eerste_divisie_2025-2026_match_data.csv,edefc091629a587271b911a08f88c1523502ff11,169,2026-09-04T07:16:33.275Z,Eerste Divisie,2025-26,2025-08-23,FC Dordrecht,Jong PSV,1,2,A,,,,3,source_reported_FT,Dordrecht,Jong PSV
omarmohamed456/Football-Match-Outcome-Predictor,https://raw.githubusercontent.com/omarmohamed456/Football-Match-Outcome-Predictor/edefc091629a587271b911a08f88c1523502ff11/scraped_data/netherlands_eerste_divisie_2025-2026_match_data.csv,edefc091629a587271b911a08f88c1523502ff11,122,2026-09-04T07:16:33.275Z,Eerste Divisie,2025-26,2025-08-24,FC Den Bosch,TOP Oss,5,2,H,,,,3,source_reported_FT,Den Bosch,Oss
omarmohamed456/Football-Match-Outcome-Predictor,https://raw.githubusercontent.com/omarmohamed456/Football-Match-Outcome-Predictor/edefc091629a587271b911a08f88c1523502ff11/scraped_data/netherlands_eerste_divisie_2025-2026_match_data.csv,edefc091629a587271b911a08f88c1523502ff11,324,2026-09-04T07:16:33.275Z,Eerste Divisie,2025-26,2025-08-24,VVV-Venlo,Roda JC Kerkrade,3,1,H,,,,3,source_reported_FT,Venlo,Roda
omarmohamed456/Football-Match-Outcome-Predictor,https://raw.githubusercontent.com/omarmohamed456/Football-Match-Outcome-Predictor/edefc091629a587271b911a08f88c1523502ff11/scraped_data/netherlands_eerste_divisie_2025-2026_match_data.csv,edefc091629a587271b911a08f88c1523502ff11,51,2026-09-04T07:16:33.275Z,Eerste Divisie,2025-26,2025-08-25,AZ Alkmaar J,SC Cambuur,0,1,A,,,,3,source_reported_FT,Jong AZ,Cambuur
omarmohamed456/Football-Match-Outcome-Predictor,https://raw.githubusercontent.com/omarmohamed456/Football-Match-Outcome-Predictor/edefc091629a587271b911a08f88c1523502ff11/scraped_data/netherlands_eerste_divisie_2025-2026_match_data.csv,edefc091629a587271b911a08f88c1523502ff11,254,2026-09-04T07:16:33.275Z,Eerste Divisie,2025-26,2025-08-25,FC Utrecht J,Jong Ajax,4,3,H,,,,3,source_reported_FT,Jong Utrecht,Jong Ajax
omarmohamed456/Football-Match-Outcome-Predictor,https://raw.githubusercontent.com/omarmohamed456/Football-Match-Outcome-Predictor/edefc091629a587271b911a08f88c1523502ff11/scraped_data/netherlands_eerste_divisie_2025-2026_match_data.csv,edefc091629a587271b911a08f88c1523502ff11,136,2026-09-04T07:16:33.275Z,Eerste Divisie,2025-26,2025-08-29,ADO Den Haag,Helmond Sport,2,0,H,,,,4,source_reported_FT,Den Haag,Helmond
omarmohamed456/Football-Match-Outcome-Predictor,https://raw.githubusercontent.com/omarmohamed456/Football-Match-Outcome-Predictor/edefc091629a587271b911a08f88c1523502ff11/scraped_data/netherlands_eerste_divisie_2025-2026_match_data.csv,edefc091629a587271b911a08f88c1523502ff11,107,2026-09-04T07:16:33.275Z,Eerste Divisie,2025-26,2025-08-29,FC Emmen,FC Den Bosch,3,1,H,,,,4,source_reported_FT,FC Emmen,Den Bosch
omarmohamed456/Football-Match-Outcome-Predictor,https://raw.githubusercontent.com/omarmohamed456/Football-Match-Outcome-Predictor/edefc091629a587271b911a08f88c1523502ff11/scraped_data/netherlands_eerste_divisie_2025-2026_match_data.csv,edefc091629a587271b911a08f88c1523502ff11,255,2026-09-04T07:16:33.275Z,Eerste Divisie,2025-26,2025-08-29,Jong Ajax,MVV,0,0,D,,,,4,source_reported_FT,Jong Ajax,Maastricht
omarmohamed456/Football-Match-Outcome-Predictor,https://raw.githubusercontent.com/omarmohamed456/Football-Match-Outcome-Predictor/edefc091629a587271b911a08f88c1523502ff11/scraped_data/netherlands_eerste_divisie_2025-2026_match_data.csv,edefc091629a587271b911a08f88c1523502ff11,268,2026-09-04T07:16:33.275Z,Eerste Divisie,2025-26,2025-08-29,Jong PSV,AZ Alkmaar J,1,0,H,,,,4,source_reported_FT,Jong PSV,Jong AZ
omarmohamed456/Football-Match-Outcome-Predictor,https://raw.githubusercontent.com/omarmohamed456/Football-Match-Outcome-Predictor/edefc091629a587271b911a08f88c1523502ff11/scraped_data/netherlands_eerste_divisie_2025-2026_match_data.csv,edefc091629a587271b911a08f88c1523502ff11,198,2026-09-04T07:16:33.275Z,Eerste Divisie,2025-26,2025-08-29,Roda JC Kerkrade,FC Eindhoven,0,0,D,,,,4,source_reported_FT,Roda,Eindhoven FC
omarmohamed456/Football-Match-Outcome-Predictor,https://raw.githubusercontent.com/omarmohamed456/Football-Match-Outcome-Predictor/edefc091629a587271b911a08f88c1523502ff11/scraped_data/netherlands_eerste_divisie_2025-2026_match_data.csv,edefc091629a587271b911a08f88c1523502ff11,178,2026-09-04T07:16:33.275Z,Eerste Divisie,2025-26,2025-08-29,TOP Oss,FC Dordrecht,0,3,A,,,,4,source_reported_FT,Oss,Dordrecht
omarmohamed456/Football-Match-Outcome-Predictor,https://raw.githubusercontent.com/omarmohamed456/Football-Match-Outcome-Predictor/edefc091629a587271b911a08f88c1523502ff11/scraped_data/netherlands_eerste_divisie_2025-2026_match_data.csv,edefc091629a587271b911a08f88c1523502ff11,310,2026-09-04T07:16:33.275Z,Eerste Divisie,2025-26,2025-08-29,Willem II,FC Utrecht J,2,1,H,,,,4,source_reported_FT,Willem II,Jong Utrecht
omarmohamed456/Football-Match-Outcome-Predictor,https://raw.githubusercontent.com/omarmohamed456/Football-Match-Outcome-Predictor/edefc091629a587271b911a08f88c1523502ff11/scraped_data/netherlands_eerste_divisie_2025-2026_match_data.csv,edefc091629a587271b911a08f88c1523502ff11,35,2026-09-04T07:16:33.275Z,Eerste Divisie,2025-26,2025-08-30,Waalwijk,Almere City FC,2,0,H,,,,4,source_reported_FT,Waalwijk,Almere City
omarmohamed456/Football-Match-Outcome-Predictor,https://raw.githubusercontent.com/omarmohamed456/Football-Match-Outcome-Predictor/edefc091629a587271b911a08f88c1523502ff11/scraped_data/netherlands_eerste_divisie_2025-2026_match_data.csv,edefc091629a587271b911a08f88c1523502ff11,63,2026-09-04T07:16:33.275Z,Eerste Divisie,2025-26,2025-08-31,SC Cambuur,VVV-Venlo,3,1,H,,,,4,source_reported_FT,Cambuur,Venlo
omarmohamed456/Football-Match-Outcome-Predictor,https://raw.githubusercontent.com/omarmohamed456/Football-Match-Outcome-Predictor/edefc091629a587271b911a08f88c1523502ff11/scraped_data/netherlands_eerste_divisie_2025-2026_match_data.csv,edefc091629a587271b911a08f88c1523502ff11,78,2026-09-04T07:16:33.275Z,Eerste Divisie,2025-26,2025-09-05,De Graafschap,FC Emmen,2,3,A,,,,6,source_reported_FT,De Graafschap,FC Emmen
omarmohamed456/Football-Match-Outcome-Predictor,https://raw.githubusercontent.com/omarmohamed456/Football-Match-Outcome-Predictor/edefc091629a587271b911a08f88c1523502ff11/scraped_data/netherlands_eerste_divisie_2025-2026_match_data.csv,edefc091629a587271b911a08f88c1523502ff11,68,2026-09-04T07:16:33.275Z,Eerste Divisie,2025-26,2025-09-06,SC Cambuur,Willem II,2,2,D,,,,6,source_reported_FT,Cambuur,Willem II
omarmohamed456/Football-Match-Outcome-Predictor,https://raw.githubusercontent.com/omarmohamed456/Football-Match-Outcome-Predictor/edefc091629a587271b911a08f88c1523502ff11/scraped_data/netherlands_eerste_divisie_2025-2026_match_data.csv,edefc091629a587271b911a08f88c1523502ff11,278,2026-09-04T07:16:33.275Z,Eerste Divisie,2025-26,2025-09-12,AZ Alkmaar J,Vitesse,4,0,H,,,,5,source_reported_FT,Jong AZ,Vitesse
omarmohamed456/Football-Match-Outcome-Predictor,https://raw.githubusercontent.com/omarmohamed456/Football-Match-Outcome-Predictor/edefc091629a587271b911a08f88c1523502ff11/scraped_data/netherlands_eerste_divisie_2025-2026_match_data.csv,edefc091629a587271b911a08f88c1523502ff11,21,2026-09-04T07:16:33.275Z,Eerste Divisie,2025-26,2025-09-12,Almere City FC,Jong PSV,2,4,A,,,,5,source_reported_FT,Almere City,Jong PSV
omarmohamed456/Football-Match-Outcome-Predictor,https://raw.githubusercontent.com/omarmohamed456/Football-Match-Outcome-Predictor/edefc091629a587271b911a08f88c1523502ff11/scraped_data/netherlands_eerste_divisie_2025-2026_match_data.csv,edefc091629a587271b911a08f88c1523502ff11,101,2026-09-04T07:16:33.275Z,Eerste Divisie,2025-26,2025-09-12,De Graafschap,Willem II,1,1,D,,,,5,source_reported_FT,De Graafschap,Willem II
omarmohamed456/Football-Match-Outcome-Predictor,https://raw.githubusercontent.com/omarmohamed456/Football-Match-Outcome-Predictor/edefc091629a587271b911a08f88c1523502ff11/scraped_data/netherlands_eerste_divisie_2025-2026_match_data.csv,edefc091629a587271b911a08f88c1523502ff11,103,2026-09-04T07:16:33.275Z,Eerste Divisie,2025-26,2025-09-12,FC Den Bosch,FC Dordrecht,3,3,D,,,,5,source_reported_FT,Den Bosch,Dordrecht
omarmohamed456/Football-Match-Outcome-Predictor,https://raw.githubusercontent.com/omarmohamed456/Football-Match-Outcome-Predictor/edefc091629a587271b911a08f88c1523502ff11/scraped_data/netherlands_eerste_divisie_2025-2026_match_data.csv,edefc091629a587271b911a08f88c1523502ff11,133,2026-09-04T07:16:33.275Z,Eerste Divisie,2025-26,2025-09-12,FC Eindhoven,ADO Den Haag,0,1,A,,,,5,source_reported_FT,Eindhoven FC,Den Haag
omarmohamed456/Football-Match-Outcome-Predictor,https://raw.githubusercontent.com/omarmohamed456/Football-Match-Outcome-Predictor/edefc091629a587271b911a08f88c1523502ff11/scraped_data/netherlands_eerste_divisie_2025-2026_match_data.csv,edefc091629a587271b911a08f88c1523502ff11,222,2026-09-04T07:16:33.275Z,Eerste Divisie,2025-26,2025-09-12,FC Emmen,TOP Oss,1,1,D,,,,5,source_reported_FT,FC Emmen,Oss
omarmohamed456/Football-Match-Outcome-Predictor,https://raw.githubusercontent.com/omarmohamed456/Football-Match-Outcome-Predictor/edefc091629a587271b911a08f88c1523502ff11/scraped_data/netherlands_eerste_divisie_2025-2026_match_data.csv,edefc091629a587271b911a08f88c1523502ff11,308,2026-09-04T07:16:33.275Z,Eerste Divisie,2025-26,2025-09-12,FC Utrecht J,Waalwijk,2,0,H,,,,5,source_reported_FT,Jong Utrecht,Waalwijk
omarmohamed456/Football-Match-Outcome-Predictor,https://raw.githubusercontent.com/omarmohamed456/Football-Match-Outcome-Predictor/edefc091629a587271b911a08f88c1523502ff11/scraped_data/netherlands_eerste_divisie_2025-2026_match_data.csv,edefc091629a587271b911a08f88c1523502ff11,57,2026-09-04T07:16:33.275Z,Eerste Divisie,2025-26,2025-09-12,MVV,SC Cambuur,0,1,A,,,,5,source_reported_FT,Maastricht,Cambuur
omarmohamed456/Football-Match-Outcome-Predictor,https://raw.githubusercontent.com/omarmohamed456/Football-Match-Outcome-Predictor/edefc091629a587271b911a08f88c1523502ff11/scraped_data/netherlands_eerste_divisie_2025-2026_match_data.csv,edefc091629a587271b911a08f88c1523502ff11,257,2026-09-04T07:16:33.275Z,Eerste Divisie,2025-26,2025-09-12,Roda JC Kerkrade,Jong Ajax,3,3,D,,,,5,source_reported_FT,Roda,Jong Ajax
omarmohamed456/Football-Match-Outcome-Predictor,https://raw.githubusercontent.com/omarmohamed456/Football-Match-Outcome-Predictor/edefc091629a587271b911a08f88c1523502ff11/scraped_data/netherlands_eerste_divisie_2025-2026_match_data.csv,edefc091629a587271b911a08f88c1523502ff11,244,2026-09-04T07:16:33.275Z,Eerste Divisie,2025-26,2025-09-13,VVV-Venlo,Helmond Sport,2,1,H,,,,5,source_reported_FT,Venlo,Helmond
omarmohamed456/Football-Match-Outcome-Predictor,https://raw.githubusercontent.com/omarmohamed456/Football-Match-Outcome-Predictor/edefc091629a587271b911a08f88c1523502ff11/scraped_data/netherlands_eerste_divisie_2025-2026_match_data.csv,edefc091629a587271b911a08f88c1523502ff11,11,2026-09-04T07:16:33.275Z,Eerste Divisie,2025-26,2025-09-15,Almere City FC,FC Eindhoven,5,0,H,,,,6,source_reported_FT,Almere City,Eindhoven FC
omarmohamed456/Football-Match-Outcome-Predictor,https://raw.githubusercontent.com/omarmohamed456/Football-Match-Outcome-Predictor/edefc091629a587271b911a08f88c1523502ff11/scraped_data/netherlands_eerste_divisie_2025-2026_match_data.csv,edefc091629a587271b911a08f88c1523502ff11,167,2026-09-04T07:16:33.275Z,Eerste Divisie,2025-26,2025-09-15,FC Dordrecht,AZ Alkmaar J,1,1,D,,,,6,source_reported_FT,Dordrecht,Jong AZ
omarmohamed456/Football-Match-Outcome-Predictor,https://raw.githubusercontent.com/omarmohamed456/Football-Match-Outcome-Predictor/edefc091629a587271b911a08f88c1523502ff11/scraped_data/netherlands_eerste_divisie_2025-2026_match_data.csv,edefc091629a587271b911a08f88c1523502ff11,139,2026-09-04T07:16:33.275Z,Eerste Divisie,2025-26,2025-09-15,Jong Ajax,ADO Den Haag,1,3,A,,,,6,source_reported_FT,Jong Ajax,Den Haag
omarmohamed456/Football-Match-Outcome-Predictor,https://raw.githubusercontent.com/omarmohamed456/Football-Match-Outcome-Predictor/edefc091629a587271b911a08f88c1523502ff11/scraped_data/netherlands_eerste_divisie_2025-2026_match_data.csv,edefc091629a587271b911a08f88c1523502ff11,287,2026-09-04T07:16:33.275Z,Eerste Divisie,2025-26,2025-09-15,Jong PSV,Roda JC Kerkrade,0,1,A,,,,6,source_reported_FT,Jong PSV,Roda
omarmohamed456/Football-Match-Outcome-Predictor,https://raw.githubusercontent.com/omarmohamed456/Football-Match-Outcome-Predictor/edefc091629a587271b911a08f88c1523502ff11/scraped_data/netherlands_eerste_divisie_2025-2026_match_data.csv,edefc091629a587271b911a08f88c1523502ff11,238,2026-09-04T07:16:33.275Z,Eerste Divisie,2025-26,2025-09-16,Helmond Sport,FC Utrecht J,2,1,H,,,,6,source_reported_FT,Helmond,Jong Utrecht
omarmohamed456/Football-Match-Outcome-Predictor,https://raw.githubusercontent.com/omarmohamed456/Football-Match-Outcome-Predictor/edefc091629a587271b911a08f88c1523502ff11/scraped_data/netherlands_eerste_divisie_2025-2026_match_data.csv,edefc091629a587271b911a08f88c1523502ff11,118,2026-09-04T07:16:33.275Z,Eerste Divisie,2025-26,2025-09-16,MVV,FC Den Bosch,2,4,A,,,,6,source_reported_FT,Maastricht,Den Bosch
omarmohamed456/Football-Match-Outcome-Predictor,https://raw.githubusercontent.com/omarmohamed456/Football-Match-Outcome-Predictor/edefc091629a587271b911a08f88c1523502ff11/scraped_data/netherlands_eerste_divisie_2025-2026_match_data.csv,edefc091629a587271b911a08f88c1523502ff11,331,2026-09-04T07:16:33.275Z,Eerste Divisie,2025-26,2025-09-16,TOP Oss,VVV-Venlo,2,1,H,,,,6,source_reported_FT,Oss,Venlo
omarmohamed456/Football-Match-Outcome-Predictor,https://raw.githubusercontent.com/omarmohamed456/Football-Match-Outcome-Predictor/edefc091629a587271b911a08f88c1523502ff11/scraped_data/netherlands_eerste_divisie_2025-2026_match_data.csv,edefc091629a587271b911a08f88c1523502ff11,345,2026-09-04T07:16:33.275Z,Eerste Divisie,2025-26,2025-09-16,Waalwijk,Vitesse,1,1,D,,,,6,source_reported_FT,Waalwijk,Vitesse
omarmohamed456/Football-Match-Outcome-Predictor,https://raw.githubusercontent.com/omarmohamed456/Football-Match-Outcome-Predictor/edefc091629a587271b911a08f88c1523502ff11/scraped_data/netherlands_eerste_divisie_2025-2026_match_data.csv,edefc091629a587271b911a08f88c1523502ff11,9,2026-09-04T07:16:33.275Z,Eerste Divisie,2025-26,2025-09-19,ADO Den Haag,Almere City FC,2,1,H,,,,7,source_reported_FT,Den Haag,Almere City
omarmohamed456/Football-Match-Outcome-Predictor,https://raw.githubusercontent.com/omarmohamed456/Football-Match-Outcome-Predictor/edefc091629a587271b911a08f88c1523502ff11/scraped_data/netherlands_eerste_divisie_2025-2026_match_data.csv,edefc091629a587271b911a08f88c1523502ff11,199,2026-09-04T07:16:33.275Z,Eerste Divisie,2025-26,2025-09-19,FC Eindhoven,TOP Oss,3,4,A,,,,7,source_reported_FT,Eindhoven FC,Oss
omarmohamed456/Football-Match-Outcome-Predictor,https://raw.githubusercontent.com/omarmohamed456/Football-Match-Outcome-Predictor/edefc091629a587271b911a08f88c1523502ff11/scraped_data/netherlands_eerste_divisie_2025-2026_match_data.csv,edefc091629a587271b911a08f88c1523502ff11,162,2026-09-04T07:16:33.275Z,Eerste Divisie,2025-26,2025-09-19,FC Emmen,FC Dordrecht,2,0,H,,,,7,source_reported_FT,FC Emmen,Dordrecht
omarmohamed456/Football-Match-Outcome-Predictor,https://raw.githubusercontent.com/omarmohamed456/Football-Match-Outcome-Predictor/edefc091629a587271b911a08f88c1523502ff11/scraped_data/netherlands_eerste_divisie_2025-2026_match_data.csv,edefc091629a587271b911a08f88c1523502ff11,328,2026-09-04T07:16:33.275Z,Eerste Divisie,2025-26,2025-09-19,Roda JC Kerkrade,Waalwijk,1,4,A,,,,7,source_reported_FT,Roda,Waalwijk
omarmohamed456/Football-Match-Outcome-Predictor,https://raw.githubusercontent.com/omarmohamed456/Football-Match-Outcome-Predictor/edefc091629a587271b911a08f88c1523502ff11/scraped_data/netherlands_eerste_divisie_2025-2026_match_data.csv,edefc091629a587271b911a08f88c1523502ff11,266,2026-09-04T07:16:33.275Z,Eerste Divisie,2025-26,2025-09-19,Willem II,Jong Ajax,1,0,H,,,,7,source_reported_FT,Willem II,Jong Ajax
omarmohamed456/Football-Match-Outcome-Predictor,https://raw.githubusercontent.com/omarmohamed456/Football-Match-Outcome-Predictor/edefc091629a587271b911a08f88c1523502ff11/scraped_data/netherlands_eerste_divisie_2025-2026_match_data.csv,edefc091629a587271b911a08f88c1523502ff11,246,2026-09-04T07:16:33.275Z,Eerste Divisie,2025-26,2025-09-20,Vitesse,Helmond Sport,3,1,H,,,,7,source_reported_FT,Vitesse,Helmond
omarmohamed456/Football-Match-Outcome-Predictor,https://raw.githubusercontent.com/omarmohamed456/Football-Match-Outcome-Predictor/edefc091629a587271b911a08f88c1523502ff11/scraped_data/netherlands_eerste_divisie_2025-2026_match_data.csv,edefc091629a587271b911a08f88c1523502ff11,314,2026-09-04T07:16:33.275Z,Eerste Divisie,2025-26,2025-09-21,VVV-Venlo,MVV,1,0,H,,,,7,source_reported_FT,Venlo,Maastricht
omarmohamed456/Football-Match-Outcome-Predictor,https://raw.githubusercontent.com/omarmohamed456/Football-Match-Outcome-Predictor/edefc091629a587271b911a08f88c1523502ff11/scraped_data/netherlands_eerste_divisie_2025-2026_match_data.csv,edefc091629a587271b911a08f88c1523502ff11,83,2026-09-04T07:16:33.275Z,Eerste Divisie,2025-26,2025-09-22,AZ Alkmaar J,De Graafschap,1,3,A,,,,7,source_reported_FT,Jong AZ,De Graafschap
omarmohamed456/Football-Match-Outcome-Predictor,https://raw.githubusercontent.com/omarmohamed456/Football-Match-Outcome-Predictor/edefc091629a587271b911a08f88c1523502ff11/scraped_data/netherlands_eerste_divisie_2025-2026_match_data.csv,edefc091629a587271b911a08f88c1523502ff11,55,2026-09-04T07:16:33.275Z,Eerste Divisie,2025-26,2025-09-22,FC Utrecht J,SC Cambuur,2,4,A,,,,7,source_reported_FT,Jong Utrecht,Cambuur
omarmohamed456/Football-Match-Outcome-Predictor,https://raw.githubusercontent.com/omarmohamed456/Football-Match-Outcome-Predictor/edefc091629a587271b911a08f88c1523502ff11/scraped_data/netherlands_eerste_divisie_2025-2026_match_data.csv,edefc091629a587271b911a08f88c1523502ff11,115,2026-09-04T07:16:33.275Z,Eerste Divisie,2025-26,2025-09-22,Jong PSV,FC Den Bosch,3,0,H,,,,7,source_reported_FT,Jong PSV,Den Bosch
omarmohamed456/Football-Match-Outcome-Predictor,https://raw.githubusercontent.com/omarmohamed456/Football-Match-Outcome-Predictor/edefc091629a587271b911a08f88c1523502ff11/scraped_data/netherlands_eerste_divisie_2025-2026_match_data.csv,edefc091629a587271b911a08f88c1523502ff11,24,2026-09-04T07:16:33.275Z,Eerste Divisie,2025-26,2025-09-26,Almere City FC,FC Utrecht J,4,0,H,,,,8,source_reported_FT,Almere City,Jong Utrecht
omarmohamed456/Football-Match-Outcome-Predictor,https://raw.githubusercontent.com/omarmohamed456/Football-Match-Outcome-Predictor/edefc091629a587271b911a08f88c1523502ff11/scraped_data/netherlands_eerste_divisie_2025-2026_match_data.csv,edefc091629a587271b911a08f88c1523502ff11,114,2026-09-04T07:16:33.275Z,Eerste Divisie,2025-26,2025-09-26,FC Den Bosch,AZ Alkmaar J,2,3,A,,,,8,source_reported_FT,Den Bosch,Jong AZ
omarmohamed456/Football-Match-Outcome-Predictor,https://raw.githubusercontent.com/omarmohamed456/Football-Match-Outcome-Predictor/edefc091629a587271b911a08f88c1523502ff11/scraped_data/netherlands_eerste_divisie_2025-2026_match_data.csv,edefc091629a587271b911a08f88c1523502ff11,75,2026-09-04T07:16:33.275Z,Eerste Divisie,2025-26,2025-09-26,FC Dordrecht,De Graafschap,1,1,D,,,,8,source_reported_FT,Dordrecht,De Graafschap
omarmohamed456/Football-Match-Outcome-Predictor,https://raw.githubusercontent.com/omarmohamed456/Football-Match-Outcome-Predictor/edefc091629a587271b911a08f88c1523502ff11/scraped_data/netherlands_eerste_divisie_2025-2026_match_data.csv,edefc091629a587271b911a08f88c1523502ff11,188,2026-09-04T07:16:33.275Z,Eerste Divisie,2025-26,2025-09-26,Helmond Sport,FC Eindhoven,1,0,H,,,,8,source_reported_FT,Helmond,Eindhoven FC
omarmohamed456/Football-Match-Outcome-Predictor,https://raw.githubusercontent.com/omarmohamed456/Football-Match-Outcome-Predictor/edefc091629a587271b911a08f88c1523502ff11/scraped_data/netherlands_eerste_divisie_2025-2026_match_data.csv,edefc091629a587271b911a08f88c1523502ff11,260,2026-09-04T07:16:33.275Z,Eerste Divisie,2025-26,2025-09-26,Jong Ajax,VVV-Venlo,2,4,A,,,,8,source_reported_FT,Jong Ajax,Venlo
omarmohamed456/Football-Match-Outcome-Predictor,https://raw.githubusercontent.com/omarmohamed456/Football-Match-Outcome-Predictor/edefc091629a587271b911a08f88c1523502ff11/scraped_data/netherlands_eerste_divisie_2025-2026_match_data.csv,edefc091629a587271b911a08f88c1523502ff11,219,2026-09-04T07:16:33.275Z,Eerste Divisie,2025-26,2025-09-26,MVV,FC Emmen,1,0,H,,,,8,source_reported_FT,Maastricht,FC Emmen
omarmohamed456/Football-Match-Outcome-Predictor,https://raw.githubusercontent.com/omarmohamed456/Football-Match-Outcome-Predictor/edefc091629a587271b911a08f88c1523502ff11/scraped_data/netherlands_eerste_divisie_2025-2026_match_data.csv,edefc091629a587271b911a08f88c1523502ff11,53,2026-09-04T07:16:33.275Z,Eerste Divisie,2025-26,2025-09-26,SC Cambuur,Jong PSV,5,3,H,,,,8,source_reported_FT,Cambuur,Jong PSV
omarmohamed456/Football-Match-Outcome-Predictor,https://raw.githubusercontent.com/omarmohamed456/Football-Match-Outcome-Predictor/edefc091629a587271b911a08f88c1523502ff11/scraped_data/netherlands_eerste_divisie_2025-2026_match_data.csv,edefc091629a587271b911a08f88c1523502ff11,322,2026-09-04T07:16:33.275Z,Eerste Divisie,2025-26,2025-09-26,TOP Oss,Roda JC Kerkrade,1,2,A,,,,8,source_reported_FT,Oss,Roda
omarmohamed456/Football-Match-Outcome-Predictor,https://raw.githubusercontent.com/omarmohamed456/Football-Match-Outcome-Predictor/edefc091629a587271b911a08f88c1523502ff11/scraped_data/netherlands_eerste_divisie_2025-2026_match_data.csv,edefc091629a587271b911a08f88c1523502ff11,156,2026-09-04T07:16:33.275Z,Eerste Divisie,2025-26,2025-09-26,Waalwijk,ADO Den Haag,1,3,A,,,,8,source_reported_FT,Waalwijk,Den Haag
omarmohamed456/Football-Match-Outcome-Predictor,https://raw.githubusercontent.com/omarmohamed456/Football-Match-Outcome-Predictor/edefc091629a587271b911a08f88c1523502ff11/scraped_data/netherlands_eerste_divisie_2025-2026_match_data.csv,edefc091629a587271b911a08f88c1523502ff11,347,2026-09-04T07:16:33.275Z,Eerste Divisie,2025-26,2025-09-27,Vitesse,Willem II,1,2,A,,,,8,source_reported_FT,Vitesse,Willem II
omarmohamed456/Football-Match-Outcome-Predictor,https://raw.githubusercontent.com/omarmohamed456/Football-Match-Outcome-Predictor/edefc091629a587271b911a08f88c1523502ff11/scraped_data/netherlands_eerste_divisie_2025-2026_match_data.csv,edefc091629a587271b911a08f88c1523502ff11,150,2026-09-04T07:16:33.275Z,Eerste Divisie,2025-26,2025-09-29,ADO Den Haag,TOP Oss,5,1,H,,,,9,source_reported_FT,Den Haag,Oss
omarmohamed456/Football-Match-Outcome-Predictor,https://raw.githubusercontent.com/omarmohamed456/Football-Match-Outcome-Predictor/edefc091629a587271b911a08f88c1523502ff11/scraped_data/netherlands_eerste_divisie_2025-2026_match_data.csv,edefc091629a587271b911a08f88c1523502ff11,5,2026-09-04T07:16:33.275Z,Eerste Divisie,2025-26,2025-09-29,De Graafschap,Almere City FC,3,2,H,,,,9,source_reported_FT,De Graafschap,Almere City
omarmohamed456/Football-Match-Outcome-Predictor,https://raw.githubusercontent.com/omarmohamed456/Football-Match-Outcome-Predictor/edefc091629a587271b911a08f88c1523502ff11/scraped_data/netherlands_eerste_divisie_2025-2026_match_data.csv,edefc091629a587271b911a08f88c1523502ff11,286,2026-09-04T07:16:33.275Z,Eerste Divisie,2025-26,2025-09-29,Jong PSV,MVV,2,2,D,,,,9,source_reported_FT,Jong PSV,Maastricht
omarmohamed456/Football-Match-Outcome-Predictor,https://raw.githubusercontent.com/omarmohamed456/Football-Match-Outcome-Predictor/edefc091629a587271b911a08f88c1523502ff11/scraped_data/netherlands_eerste_divisie_2025-2026_match_data.csv,edefc091629a587271b911a08f88c1523502ff11,60,2026-09-04T07:16:33.275Z,Eerste Divisie,2025-26,2025-09-29,Roda JC Kerkrade,SC Cambuur,1,1,D,,,,9,source_reported_FT,Roda,Cambuur
omarmohamed456/Football-Match-Outcome-Predictor,https://raw.githubusercontent.com/omarmohamed456/Football-Match-Outcome-Predictor/edefc091629a587271b911a08f88c1523502ff11/scraped_data/netherlands_eerste_divisie_2025-2026_match_data.csv,edefc091629a587271b911a08f88c1523502ff11,265,2026-09-04T07:16:33.275Z,Eerste Divisie,2025-26,2025-09-29,Waalwijk,Jong Ajax,2,1,H,,,,9,source_reported_FT,Waalwijk,Jong Ajax
omarmohamed456/Football-Match-Outcome-Predictor,https://raw.githubusercontent.com/omarmohamed456/Football-Match-Outcome-Predictor/edefc091629a587271b911a08f88c1523502ff11/scraped_data/netherlands_eerste_divisie_2025-2026_match_data.csv,edefc091629a587271b911a08f88c1523502ff11,160,2026-09-04T07:16:33.275Z,Eerste Divisie,2025-26,2025-09-30,FC Eindhoven,FC Dordrecht,2,2,D,,,,9,source_reported_FT,Eindhoven FC,Dordrecht
omarmohamed456/Football-Match-Outcome-Predictor,https://raw.githubusercontent.com/omarmohamed456/Football-Match-Outcome-Predictor/edefc091629a587271b911a08f88c1523502ff11/scraped_data/netherlands_eerste_divisie_2025-2026_match_data.csv,edefc091629a587271b911a08f88c1523502ff11,226,2026-09-04T07:16:33.275Z,Eerste Divisie,2025-26,2025-09-30,FC Emmen,Vitesse,2,4,A,,,,9,source_reported_FT,FC Emmen,Vitesse
omarmohamed456/Football-Match-Outcome-Predictor,https://raw.githubusercontent.com/omarmohamed456/Football-Match-Outcome-Predictor/edefc091629a587271b911a08f88c1523502ff11/scraped_data/netherlands_eerste_divisie_2025-2026_match_data.csv,edefc091629a587271b911a08f88c1523502ff11,270,2026-09-04T07:16:33.275Z,Eerste Divisie,2025-26,2025-09-30,FC Utrecht J,AZ Alkmaar J,0,0,D,,,,9,source_reported_FT,Jong Utrecht,Jong AZ
omarmohamed456/Football-Match-Outcome-Predictor,https://raw.githubusercontent.com/omarmohamed456/Football-Match-Outcome-Predictor/edefc091629a587271b911a08f88c1523502ff11/scraped_data/netherlands_eerste_divisie_2025-2026_match_data.csv,edefc091629a587271b911a08f88c1523502ff11,124,2026-09-04T07:16:33.275Z,Eerste Divisie,2025-26,2025-09-30,VVV-Venlo,FC Den Bosch,0,1,A,,,,9,source_reported_FT,Venlo,Den Bosch
omarmohamed456/Football-Match-Outcome-Predictor,https://raw.githubusercontent.com/omarmohamed456/Football-Match-Outcome-Predictor/edefc091629a587271b911a08f88c1523502ff11/scraped_data/netherlands_eerste_divisie_2025-2026_match_data.csv,edefc091629a587271b911a08f88c1523502ff11,250,2026-09-04T07:16:33.275Z,Eerste Divisie,2025-26,2025-09-30,Willem II,Helmond Sport,1,0,H,,,,9,source_reported_FT,Willem II,Helmond
omarmohamed456/Football-Match-Outcome-Predictor,https://raw.githubusercontent.com/omarmohamed456/Football-Match-Outcome-Predictor/edefc091629a587271b911a08f88c1523502ff11/scraped_data/netherlands_eerste_divisie_2025-2026_match_data.csv,edefc091629a587271b911a08f88c1523502ff11,140,2026-09-04T07:16:33.275Z,Eerste Divisie,2025-26,2025-10-03,AZ Alkmaar J,ADO Den Haag,0,4,A,,,,10,source_reported_FT,Jong AZ,Den Haag
omarmohamed456/Football-Match-Outcome-Predictor,https://raw.githubusercontent.com/omarmohamed456/Football-Match-Outcome-Predictor/edefc091629a587271b911a08f88c1523502ff11/scraped_data/netherlands_eerste_divisie_2025-2026_match_data.csv,edefc091629a587271b911a08f88c1523502ff11,128,2026-09-04T07:16:33.275Z,Eerste Divisie,2025-26,2025-10-03,FC Den Bosch,Waalwijk,2,2,D,,,,10,source_reported_FT,Den Bosch,Waalwijk
omarmohamed456/Football-Match-Outcome-Predictor,https://raw.githubusercontent.com/omarmohamed456/Football-Match-Outcome-Predictor/edefc091629a587271b911a08f88c1523502ff11/scraped_data/netherlands_eerste_divisie_2025-2026_match_data.csv,edefc091629a587271b911a08f88c1523502ff11,180,2026-09-04T07:16:33.275Z,Eerste Divisie,2025-26,2025-10-03,FC Dordrecht,VVV-Venlo,2,0,H,,,,10,source_reported_FT,Dordrecht,Venlo
omarmohamed456/Football-Match-Outcome-Predictor,https://raw.githubusercontent.com/omarmohamed456/Football-Match-Outcome-Predictor/edefc091629a587271b911a08f88c1523502ff11/scraped_data/netherlands_eerste_divisie_2025-2026_match_data.csv,edefc091629a587271b911a08f88c1523502ff11,16,2026-09-04T07:16:33.275Z,Eerste Divisie,2025-26,2025-10-03,Helmond Sport,Almere City FC,2,1,H,,,,10,source_reported_FT,Helmond,Almere City
omarmohamed456/Football-Match-Outcome-Predictor,https://raw.githubusercontent.com/omarmohamed456/Football-Match-Outcome-Predictor/edefc091629a587271b911a08f88c1523502ff11/scraped_data/netherlands_eerste_divisie_2025-2026_match_data.csv,edefc091629a587271b911a08f88c1523502ff11,82,2026-09-04T07:16:33.275Z,Eerste Divisie,2025-26,2025-10-03,Jong Ajax,De Graafschap,2,2,D,,,,10,source_reported_FT,Jong Ajax,De Graafschap
omarmohamed456/Football-Match-Outcome-Predictor,https://raw.githubusercontent.com/omarmohamed456/Football-Match-Outcome-Predictor/edefc091629a587271b911a08f88c1523502ff11/scraped_data/netherlands_eerste_divisie_2025-2026_match_data.csv,edefc091629a587271b911a08f88c1523502ff11,196,2026-09-04T07:16:33.275Z,Eerste Divisie,2025-26,2025-10-03,MVV,FC Eindhoven,3,1,H,,,,10,source_reported_FT,Maastricht,Eindhoven FC
omarmohamed456/Football-Match-Outcome-Predictor,https://raw.githubusercontent.com/omarmohamed456/Football-Match-Outcome-Predictor/edefc091629a587271b911a08f88c1523502ff11/scraped_data/netherlands_eerste_divisie_2025-2026_match_data.csv,edefc091629a587271b911a08f88c1523502ff11,46,2026-09-04T07:16:33.275Z,Eerste Divisie,2025-26,2025-10-03,SC Cambuur,FC Emmen,3,2,H,,,,10,source_reported_FT,Cambuur,FC Emmen
omarmohamed456/Football-Match-Outcome-Predictor,https://raw.githubusercontent.com/omarmohamed456/Football-Match-Outcome-Predictor/edefc091629a587271b911a08f88c1523502ff11/scraped_data/netherlands_eerste_divisie_2025-2026_match_data.csv,edefc091629a587271b911a08f88c1523502ff11,290,2026-09-04T07:16:33.275Z,Eerste Divisie,2025-26,2025-10-03,TOP Oss,Jong PSV,1,1,D,,,,10,source_reported_FT,Oss,Jong PSV
omarmohamed456/Football-Match-Outcome-Predictor,https://raw.githubusercontent.com/omarmohamed456/Football-Match-Outcome-Predictor/edefc091629a587271b911a08f88c1523502ff11/scraped_data/netherlands_eerste_divisie_2025-2026_match_data.csv,edefc091629a587271b911a08f88c1523502ff11,306,2026-09-04T07:16:33.275Z,Eerste Divisie,2025-26,2025-10-03,Vitesse,FC Utrecht J,2,0,H,,,,10,source_reported_FT,Vitesse,Jong Utrecht
omarmohamed456/Football-Match-Outcome-Predictor,https://raw.githubusercontent.com/omarmohamed456/Football-Match-Outcome-Predictor/edefc091629a587271b911a08f88c1523502ff11/scraped_data/netherlands_eerste_divisie_2025-2026_match_data.csv,edefc091629a587271b911a08f88c1523502ff11,330,2026-09-04T07:16:33.275Z,Eerste Divisie,2025-26,2025-10-03,Willem II,Roda JC Kerkrade,1,2,A,,,,10,source_reported_FT,Willem II,Roda
omarmohamed456/Football-Match-Outcome-Predictor,https://raw.githubusercontent.com/omarmohamed456/Football-Match-Outcome-Predictor/edefc091629a587271b911a08f88c1523502ff11/scraped_data/netherlands_eerste_divisie_2025-2026_match_data.csv,edefc091629a587271b911a08f88c1523502ff11,126,2026-09-04T07:16:33.275Z,Eerste Divisie,2025-26,2025-10-06,Vitesse,FC Den Bosch,1,2,A,,,,2,source_reported_FT,Vitesse,Den Bosch
omarmohamed456/Football-Match-Outcome-Predictor,https://raw.githubusercontent.com/omarmohamed456/Football-Match-Outcome-Predictor/edefc091629a587271b911a08f88c1523502ff11/scraped_data/netherlands_eerste_divisie_2025-2026_match_data.csv,edefc091629a587271b911a08f88c1523502ff11,32,2026-09-04T07:16:33.275Z,Eerste Divisie,2025-26,2025-10-10,Almere City FC,Vitesse,2,2,D,,,,1,source_reported_FT,Almere City,Vitesse
omarmohamed456/Football-Match-Outcome-Predictor,https://raw.githubusercontent.com/omarmohamed456/Football-Match-Outcome-Predictor/edefc091629a587271b911a08f88c1523502ff11/scraped_data/netherlands_eerste_divisie_2025-2026_match_data.csv,edefc091629a587271b911a08f88c1523502ff11,187,2026-09-04T07:16:33.275Z,Eerste Divisie,2025-26,2025-10-11,FC Emmen,FC Eindhoven,6,0,H,,,,12,source_reported_FT,FC Emmen,Eindhoven FC
omarmohamed456/Football-Match-Outcome-Predictor,https://raw.githubusercontent.com/omarmohamed456/Football-Match-Outcome-Predictor/edefc091629a587271b911a08f88c1523502ff11/scraped_data/netherlands_eerste_divisie_2025-2026_match_data.csv,edefc091629a587271b911a08f88c1523502ff11,37,2026-09-04T07:16:33.275Z,Eerste Divisie,2025-26,2025-10-11,SC Cambuur,De Graafschap,2,0,H,,,,12,source_reported_FT,Cambuur,De Graafschap
omarmohamed456/Football-Match-Outcome-Predictor,https://raw.githubusercontent.com/omarmohamed456/Football-Match-Outcome-Predictor/edefc091629a587271b911a08f88c1523502ff11/scraped_data/netherlands_eerste_divisie_2025-2026_match_data.csv,edefc091629a587271b911a08f88c1523502ff11,131,2026-09-04T07:16:33.275Z,Eerste Divisie,2025-26,2025-10-17,ADO Den Haag,FC Dordrecht,3,0,H,,,,11,source_reported_FT,Den Haag,Dordrecht
omarmohamed456/Football-Match-Outcome-Predictor,https://raw.githubusercontent.com/omarmohamed456/Football-Match-Outcome-Predictor/edefc091629a587271b911a08f88c1523502ff11/scraped_data/netherlands_eerste_divisie_2025-2026_match_data.csv,edefc091629a587271b911a08f88c1523502ff11,2,2026-09-04T07:16:33.275Z,Eerste Divisie,2025-26,2025-10-17,Almere City FC,SC Cambuur,1,1,D,,,,11,source_reported_FT,Almere City,Cambuur
omarmohamed456/Football-Match-Outcome-Predictor,https://raw.githubusercontent.com/omarmohamed456/Football-Match-Outcome-Predictor/edefc091629a587271b911a08f88c1523502ff11/scraped_data/netherlands_eerste_divisie_2025-2026_match_data.csv,edefc091629a587271b911a08f88c1523502ff11,203,2026-09-04T07:16:33.275Z,Eerste Divisie,2025-26,2025-10-17,FC Eindhoven,Vitesse,0,4,A,,,,11,source_reported_FT,Eindhoven FC,Vitesse
omarmohamed456/Football-Match-Outcome-Predictor,https://raw.githubusercontent.com/omarmohamed456/Football-Match-Outcome-Predictor/edefc091629a587271b911a08f88c1523502ff11/scraped_data/netherlands_eerste_divisie_2025-2026_match_data.csv,edefc091629a587271b911a08f88c1523502ff11,299,2026-09-04T07:16:33.275Z,Eerste Divisie,2025-26,2025-10-17,FC Utrecht J,MVV,3,1,H,,,,11,source_reported_FT,Jong Utrecht,Maastricht
omarmohamed456/Football-Match-Outcome-Predictor,https://raw.githubusercontent.com/omarmohamed456/Football-Match-Outcome-Predictor/edefc091629a587271b911a08f88c1523502ff11/scraped_data/netherlands_eerste_divisie_2025-2026_match_data.csv,edefc091629a587271b911a08f88c1523502ff11,234,2026-09-04T07:16:33.275Z,Eerste Divisie,2025-26,2025-10-17,Helmond Sport,AZ Alkmaar J,4,2,H,,,,11,source_reported_FT,Helmond,Jong AZ
omarmohamed456/Football-Match-Outcome-Predictor,https://raw.githubusercontent.com/omarmohamed456/Football-Match-Outcome-Predictor/edefc091629a587271b911a08f88c1523502ff11/scraped_data/netherlands_eerste_divisie_2025-2026_match_data.csv,edefc091629a587271b911a08f88c1523502ff11,253,2026-09-04T07:16:33.275Z,Eerste Divisie,2025-26,2025-10-17,Jong Ajax,Jong PSV,2,2,D,,,,11,source_reported_FT,Jong Ajax,Jong PSV
omarmohamed456/Football-Match-Outcome-Predictor,https://raw.githubusercontent.com/omarmohamed456/Football-Match-Outcome-Predictor/edefc091629a587271b911a08f88c1523502ff11/scraped_data/netherlands_eerste_divisie_2025-2026_match_data.csv,edefc091629a587271b911a08f88c1523502ff11,121,2026-09-04T07:16:33.275Z,Eerste Divisie,2025-26,2025-10-17,Roda JC Kerkrade,FC Den Bosch,6,0,H,,,,11,source_reported_FT,Roda,Den Bosch
omarmohamed456/Football-Match-Outcome-Predictor,https://raw.githubusercontent.com/omarmohamed456/Football-Match-Outcome-Predictor/edefc091629a587271b911a08f88c1523502ff11/scraped_data/netherlands_eerste_divisie_2025-2026_match_data.csv,edefc091629a587271b911a08f88c1523502ff11,224,2026-09-04T07:16:33.275Z,Eerste Divisie,2025-26,2025-10-17,VVV-Venlo,FC Emmen,4,0,H,,,,11,source_reported_FT,Venlo,FC Emmen
omarmohamed456/Football-Match-Outcome-Predictor,https://raw.githubusercontent.com/omarmohamed456/Football-Match-Outcome-Predictor/edefc091629a587271b911a08f88c1523502ff11/scraped_data/netherlands_eerste_divisie_2025-2026_match_data.csv,edefc091629a587271b911a08f88c1523502ff11,349,2026-09-04T07:16:33.275Z,Eerste Divisie,2025-26,2025-10-17,Waalwijk,Willem II,2,3,A,,,,11,source_reported_FT,Waalwijk,Willem II
omarmohamed456/Football-Match-Outcome-Predictor,https://raw.githubusercontent.com/omarmohamed456/Football-Match-Outcome-Predictor/edefc091629a587271b911a08f88c1523502ff11/scraped_data/netherlands_eerste_divisie_2025-2026_match_data.csv,edefc091629a587271b911a08f88c1523502ff11,94,2026-09-04T07:16:33.275Z,Eerste Divisie,2025-26,2025-10-18,De Graafschap,TOP Oss,1,1,D,,,,11,source_reported_FT,De Graafschap,Oss
omarmohamed456/Football-Match-Outcome-Predictor,https://raw.githubusercontent.com/omarmohamed456/Football-Match-Outcome-Predictor/edefc091629a587271b911a08f88c1523502ff11/scraped_data/netherlands_eerste_divisie_2025-2026_match_data.csv,edefc091629a587271b911a08f88c1523502ff11,282,2026-09-04T07:16:33.275Z,Eerste Divisie,2025-26,2025-10-20,AZ Alkmaar J,Willem II,4,0,H,,,,12,source_reported_FT,Jong AZ,Willem II
omarmohamed456/Football-Match-Outcome-Predictor,https://raw.githubusercontent.com/omarmohamed456/Football-Match-Outcome-Predictor/edefc091629a587271b911a08f88c1523502ff11/scraped_data/netherlands_eerste_divisie_2025-2026_match_data.csv,edefc091629a587271b911a08f88c1523502ff11,183,2026-09-04T07:16:33.275Z,Eerste Divisie,2025-26,2025-10-20,FC Dordrecht,Waalwijk,1,2,A,,,,12,source_reported_FT,Dordrecht,Waalwijk
omarmohamed456/Football-Match-Outcome-Predictor,https://raw.githubusercontent.com/omarmohamed456/Football-Match-Outcome-Predictor/edefc091629a587271b911a08f88c1523502ff11/scraped_data/netherlands_eerste_divisie_2025-2026_match_data.csv,edefc091629a587271b911a08f88c1523502ff11,143,2026-09-04T07:16:33.275Z,Eerste Divisie,2025-26,2025-10-20,Jong PSV,ADO Den Haag,0,3,A,,,,12,source_reported_FT,Jong PSV,Den Haag
omarmohamed456/Football-Match-Outcome-Predictor,https://raw.githubusercontent.com/omarmohamed456/Football-Match-Outcome-Predictor/edefc091629a587271b911a08f88c1523502ff11/scraped_data/netherlands_eerste_divisie_2025-2026_match_data.csv,edefc091629a587271b911a08f88c1523502ff11,27,2026-09-04T07:16:33.275Z,Eerste Divisie,2025-26,2025-10-20,Roda JC Kerkrade,Almere City FC,2,0,H,,,,12,source_reported_FT,Roda,Almere City
omarmohamed456/Football-Match-Outcome-Predictor,https://raw.githubusercontent.com/omarmohamed456/Football-Match-Outcome-Predictor/edefc091629a587271b911a08f88c1523502ff11/scraped_data/netherlands_eerste_divisie_2025-2026_match_data.csv,edefc091629a587271b911a08f88c1523502ff11,110,2026-09-04T07:16:33.275Z,Eerste Divisie,2025-26,2025-10-21,FC Den Bosch,Helmond Sport,1,0,H,,,,12,source_reported_FT,Den Bosch,Helmond
omarmohamed456/Football-Match-Outcome-Predictor,https://raw.githubusercontent.com/omarmohamed456/Football-Match-Outcome-Predictor/edefc091629a587271b911a08f88c1523502ff11/scraped_data/netherlands_eerste_divisie_2025-2026_match_data.csv,edefc091629a587271b911a08f88c1523502ff11,316,2026-09-04T07:16:33.275Z,Eerste Divisie,2025-26,2025-10-21,MVV,Vitesse,3,2,H,,,,12,source_reported_FT,Maastricht,Vitesse
omarmohamed456/Football-Match-Outcome-Predictor,https://raw.githubusercontent.com/omarmohamed456/Football-Match-Outcome-Predictor/edefc091629a587271b911a08f88c1523502ff11/scraped_data/netherlands_eerste_divisie_2025-2026_match_data.csv,edefc091629a587271b911a08f88c1523502ff11,259,2026-09-04T07:16:33.275Z,Eerste Divisie,2025-26,2025-10-21,TOP Oss,Jong Ajax,1,1,D,,,,12,source_reported_FT,Oss,Jong Ajax
omarmohamed456/Football-Match-Outcome-Predictor,https://raw.githubusercontent.com/omarmohamed456/Football-Match-Outcome-Predictor/edefc091629a587271b911a08f88c1523502ff11/scraped_data/netherlands_eerste_divisie_2025-2026_match_data.csv,edefc091629a587271b911a08f88c1523502ff11,304,2026-09-04T07:16:33.275Z,Eerste Divisie,2025-26,2025-10-21,VVV-Venlo,FC Utrecht J,0,1,A,,,,12,source_reported_FT,Venlo,Jong Utrecht
omarmohamed456/Football-Match-Outcome-Predictor,https://raw.githubusercontent.com/omarmohamed456/Football-Match-Outcome-Predictor/edefc091629a587271b911a08f88c1523502ff11/scraped_data/netherlands_eerste_divisie_2025-2026_match_data.csv,edefc091629a587271b911a08f88c1523502ff11,19,2026-09-04T07:16:33.275Z,Eerste Divisie,2025-26,2025-10-24,Almere City FC,AZ Alkmaar J,1,3,A,,,,13,source_reported_FT,Almere City,Jong AZ
omarmohamed456/Football-Match-Outcome-Predictor,https://raw.githubusercontent.com/omarmohamed456/Football-Match-Outcome-Predictor/edefc091629a587271b911a08f88c1523502ff11/scraped_data/netherlands_eerste_divisie_2025-2026_match_data.csv,edefc091629a587271b911a08f88c1523502ff11,85,2026-09-04T07:16:33.275Z,Eerste Divisie,2025-26,2025-10-24,De Graafschap,Jong PSV,3,2,H,,,,13,source_reported_FT,De Graafschap,Jong PSV
omarmohamed456/Football-Match-Outcome-Predictor,https://raw.githubusercontent.com/omarmohamed456/Football-Match-Outcome-Predictor/edefc091629a587271b911a08f88c1523502ff11/scraped_data/netherlands_eerste_divisie_2025-2026_match_data.csv,edefc091629a587271b911a08f88c1523502ff11,202,2026-09-04T07:16:33.275Z,Eerste Divisie,2025-26,2025-10-24,FC Eindhoven,VVV-Venlo,0,1,A,,,,13,source_reported_FT,Eindhoven FC,Venlo
omarmohamed456/Football-Match-Outcome-Predictor,https://raw.githubusercontent.com/omarmohamed456/Football-Match-Outcome-Predictor/edefc091629a587271b911a08f88c1523502ff11/scraped_data/netherlands_eerste_divisie_2025-2026_match_data.csv,edefc091629a587271b911a08f88c1523502ff11,302,2026-09-04T07:16:33.275Z,Eerste Divisie,2025-26,2025-10-24,FC Utrecht J,TOP Oss,0,0,D,,,,13,source_reported_FT,Jong Utrecht,Oss
omarmohamed456/Football-Match-Outcome-Predictor,https://raw.githubusercontent.com/omarmohamed456/Football-Match-Outcome-Predictor/edefc091629a587271b911a08f88c1523502ff11/scraped_data/netherlands_eerste_divisie_2025-2026_match_data.csv,edefc091629a587271b911a08f88c1523502ff11,164,2026-09-04T07:16:33.275Z,Eerste Divisie,2025-26,2025-10-24,Helmond Sport,FC Dordrecht,1,2,A,,,,13,source_reported_FT,Helmond,Dordrecht
omarmohamed456/Football-Match-Outcome-Predictor,https://raw.githubusercontent.com/omarmohamed456/Football-Match-Outcome-Predictor/edefc091629a587271b911a08f88c1523502ff11/scraped_data/netherlands_eerste_divisie_2025-2026_match_data.csv,edefc091629a587271b911a08f88c1523502ff11,211,2026-09-04T07:16:33.275Z,Eerste Divisie,2025-26,2025-10-24,Jong Ajax,FC Emmen,0,1,A,,,,13,source_reported_FT,Jong Ajax,FC Emmen
omarmohamed456/Football-Match-Outcome-Predictor,https://raw.githubusercontent.com/omarmohamed456/Football-Match-Outcome-Predictor/edefc091629a587271b911a08f88c1523502ff11/scraped_data/netherlands_eerste_divisie_2025-2026_match_data.csv,edefc091629a587271b911a08f88c1523502ff11,326,2026-09-04T07:16:33.275Z,Eerste Divisie,2025-26,2025-10-24,Vitesse,Roda JC Kerkrade,2,2,D,,,,13,source_reported_FT,Vitesse,Roda
omarmohamed456/Football-Match-Outcome-Predictor,https://raw.githubusercontent.com/omarmohamed456/Football-Match-Outcome-Predictor/edefc091629a587271b911a08f88c1523502ff11/scraped_data/netherlands_eerste_divisie_2025-2026_match_data.csv,edefc091629a587271b911a08f88c1523502ff11,66,2026-09-04T07:16:33.275Z,Eerste Divisie,2025-26,2025-10-24,Waalwijk,SC Cambuur,4,2,H,,,,13,source_reported_FT,Waalwijk,Cambuur
omarmohamed456/Football-Match-Outcome-Predictor,https://raw.githubusercontent.com/omarmohamed456/Football-Match-Outcome-Predictor/edefc091629a587271b911a08f88c1523502ff11/scraped_data/netherlands_eerste_divisie_2025-2026_match_data.csv,edefc091629a587271b911a08f88c1523502ff11,102,2026-09-04T07:16:33.275Z,Eerste Divisie,2025-26,2025-10-25,ADO Den Haag,FC Den Bosch,2,1,H,,,,13,source_reported_FT,Den Haag,Den Bosch
omarmohamed456/Football-Match-Outcome-Predictor,https://raw.githubusercontent.com/omarmohamed456/Football-Match-Outcome-Predictor/edefc091629a587271b911a08f88c1523502ff11/scraped_data/netherlands_eerste_divisie_2025-2026_match_data.csv,edefc091629a587271b911a08f88c1523502ff11,319,2026-09-04T07:16:33.275Z,Eerste Divisie,2025-26,2025-10-26,Willem II,MVV,2,2,D,,,,13,source_reported_FT,Willem II,Maastricht
omarmohamed456/Football-Match-Outcome-Predictor,https://raw.githubusercontent.com/omarmohamed456/Football-Match-Outcome-Predictor/edefc091629a587271b911a08f88c1523502ff11/scraped_data/netherlands_eerste_divisie_2025-2026_match_data.csv,edefc091629a587271b911a08f88c1523502ff11,71,2026-09-04T07:16:33.275Z,Eerste Divisie,2025-26,2025-10-31,FC Den Bosch,De Graafschap,1,2,A,,,,14,source_reported_FT,Den Bosch,De Graafschap
omarmohamed456/Football-Match-Outcome-Predictor,https://raw.githubusercontent.com/omarmohamed456/Football-Match-Outcome-Predictor/edefc091629a587271b911a08f88c1523502ff11/scraped_data/netherlands_eerste_divisie_2025-2026_match_data.csv,edefc091629a587271b911a08f88c1523502ff11,243,2026-09-04T07:16:33.275Z,Eerste Divisie,2025-26,2025-10-31,TOP Oss,Helmond Sport,0,3,A,,,,14,source_reported_FT,Oss,Helmond
omarmohamed456/Football-Match-Outcome-Predictor,https://raw.githubusercontent.com/omarmohamed456/Football-Match-Outcome-Predictor/edefc091629a587271b911a08f88c1523502ff11/scraped_data/netherlands_eerste_divisie_2025-2026_match_data.csv,edefc091629a587271b911a08f88c1523502ff11,339,2026-09-04T07:16:33.275Z,Eerste Divisie,2025-26,2025-10-31,VVV-Venlo,Vitesse,1,2,A,,,,14,source_reported_FT,Venlo,Vitesse
omarmohamed456/Football-Match-Outcome-Predictor,https://raw.githubusercontent.com/omarmohamed456/Football-Match-Outcome-Predictor/edefc091629a587271b911a08f88c1523502ff11/scraped_data/netherlands_eerste_divisie_2025-2026_match_data.csv,edefc091629a587271b911a08f88c1523502ff11,301,2026-09-04T07:16:33.275Z,Eerste Divisie,2025-26,2025-11-01,Roda JC Kerkrade,FC Utrecht J,1,1,D,,,,14,source_reported_FT,Roda,Jong Utrecht
omarmohamed456/Football-Match-Outcome-Predictor,https://raw.githubusercontent.com/omarmohamed456/Football-Match-Outcome-Predictor/edefc091629a587271b911a08f88c1523502ff11/scraped_data/netherlands_eerste_divisie_2025-2026_match_data.csv,edefc091629a587271b911a08f88c1523502ff11,50,2026-09-04T07:16:33.275Z,Eerste Divisie,2025-26,2025-11-01,SC Cambuur,Jong Ajax,4,1,H,,,,14,source_reported_FT,Cambuur,Jong Ajax
omarmohamed456/Football-Match-Outcome-Predictor,https://raw.githubusercontent.com/omarmohamed456/Football-Match-Outcome-Predictor/edefc091629a587271b911a08f88c1523502ff11/scraped_data/netherlands_eerste_divisie_2025-2026_match_data.csv,edefc091629a587271b911a08f88c1523502ff11,228,2026-09-04T07:16:33.275Z,Eerste Divisie,2025-26,2025-11-02,FC Emmen,Waalwijk,2,2,D,,,,14,source_reported_FT,FC Emmen,Waalwijk
omarmohamed456/Football-Match-Outcome-Predictor,https://raw.githubusercontent.com/omarmohamed456/Football-Match-Outcome-Predictor/edefc091629a587271b911a08f88c1523502ff11/scraped_data/netherlands_eerste_divisie_2025-2026_match_data.csv,edefc091629a587271b911a08f88c1523502ff11,146,2026-09-04T07:16:33.275Z,Eerste Divisie,2025-26,2025-11-02,MVV,ADO Den Haag,3,4,A,,,,14,source_reported_FT,Maastricht,Den Haag
omarmohamed456/Football-Match-Outcome-Predictor,https://raw.githubusercontent.com/omarmohamed456/Football-Match-Outcome-Predictor/edefc091629a587271b911a08f88c1523502ff11/scraped_data/netherlands_eerste_divisie_2025-2026_match_data.csv,edefc091629a587271b911a08f88c1523502ff11,192,2026-09-04T07:16:33.275Z,Eerste Divisie,2025-26,2025-11-03,AZ Alkmaar J,FC Eindhoven,0,2,A,,,,14,source_reported_FT,Jong AZ,Eindhoven FC
omarmohamed456/Football-Match-Outcome-Predictor,https://raw.githubusercontent.com/omarmohamed456/Football-Match-Outcome-Predictor/edefc091629a587271b911a08f88c1523502ff11/scraped_data/netherlands_eerste_divisie_2025-2026_match_data.csv,edefc091629a587271b911a08f88c1523502ff11,10,2026-09-04T07:16:33.275Z,Eerste Divisie,2025-26,2025-11-03,FC Dordrecht,Almere City FC,0,1,A,,,,14,source_reported_FT,Dordrecht,Almere City
omarmohamed456/Football-Match-Outcome-Predictor,https://raw.githubusercontent.com/omarmohamed456/Football-Match-Outcome-Predictor/edefc091629a587271b911a08f88c1523502ff11/scraped_data/netherlands_eerste_divisie_2025-2026_match_data.csv,edefc091629a587271b911a08f88c1523502ff11,297,2026-09-04T07:16:33.275Z,Eerste Divisie,2025-26,2025-11-03,Jong PSV,Willem II,2,1,H,,,,14,source_reported_FT,Jong PSV,Willem II
omarmohamed456/Football-Match-Outcome-Predictor,https://raw.githubusercontent.com/omarmohamed456/Football-Match-Outcome-Predictor/edefc091629a587271b911a08f88c1523502ff11/scraped_data/netherlands_eerste_divisie_2025-2026_match_data.csv,edefc091629a587271b911a08f88c1523502ff11,148,2026-09-04T07:16:33.275Z,Eerste Divisie,2025-26,2025-11-07,ADO Den Haag,Roda JC Kerkrade,4,0,H,,,,15,source_reported_FT,Den Haag,Roda
omarmohamed456/Football-Match-Outcome-Predictor,https://raw.githubusercontent.com/omarmohamed456/Football-Match-Outcome-Predictor/edefc091629a587271b911a08f88c1523502ff11/scraped_data/netherlands_eerste_divisie_2025-2026_match_data.csv,edefc091629a587271b911a08f88c1523502ff11,277,2026-09-04T07:16:33.275Z,Eerste Divisie,2025-26,2025-11-07,AZ Alkmaar J,VVV-Venlo,0,2,A,,,,15,source_reported_FT,Jong AZ,Venlo
omarmohamed456/Football-Match-Outcome-Predictor,https://raw.githubusercontent.com/omarmohamed456/Football-Match-Outcome-Predictor/edefc091629a587271b911a08f88c1523502ff11/scraped_data/netherlands_eerste_divisie_2025-2026_match_data.csv,edefc091629a587271b911a08f88c1523502ff11,26,2026-09-04T07:16:33.275Z,Eerste Divisie,2025-26,2025-11-07,Almere City FC,MVV,4,0,H,,,,15,source_reported_FT,Almere City,Maastricht
omarmohamed456/Football-Match-Outcome-Predictor,https://raw.githubusercontent.com/omarmohamed456/Football-Match-Outcome-Predictor/edefc091629a587271b911a08f88c1523502ff11/scraped_data/netherlands_eerste_divisie_2025-2026_match_data.csv,edefc091629a587271b911a08f88c1523502ff11,105,2026-09-04T07:16:33.275Z,Eerste Divisie,2025-26,2025-11-07,FC Eindhoven,FC Den Bosch,1,3,A,,,,15,source_reported_FT,Eindhoven FC,Den Bosch
omarmohamed456/Football-Match-Outcome-Predictor,https://raw.githubusercontent.com/omarmohamed456/Football-Match-Outcome-Predictor/edefc091629a587271b911a08f88c1523502ff11/scraped_data/netherlands_eerste_divisie_2025-2026_match_data.csv,edefc091629a587271b911a08f88c1523502ff11,217,2026-09-04T07:16:33.275Z,Eerste Divisie,2025-26,2025-11-07,FC Utrecht J,FC Emmen,1,2,A,,,,15,source_reported_FT,Jong Utrecht,FC Emmen
omarmohamed456/Football-Match-Outcome-Predictor,https://raw.githubusercontent.com/omarmohamed456/Football-Match-Outcome-Predictor/edefc091629a587271b911a08f88c1523502ff11/scraped_data/netherlands_eerste_divisie_2025-2026_match_data.csv,edefc091629a587271b911a08f88c1523502ff11,165,2026-09-04T07:16:33.275Z,Eerste Divisie,2025-26,2025-11-07,Jong Ajax,FC Dordrecht,0,0,D,,,,15,source_reported_FT,Jong Ajax,Dordrecht
omarmohamed456/Football-Match-Outcome-Predictor,https://raw.githubusercontent.com/omarmohamed456/Football-Match-Outcome-Predictor/edefc091629a587271b911a08f88c1523502ff11/scraped_data/netherlands_eerste_divisie_2025-2026_match_data.csv,edefc091629a587271b911a08f88c1523502ff11,65,2026-09-04T07:16:33.275Z,Eerste Divisie,2025-26,2025-11-07,Vitesse,SC Cambuur,0,4,A,,,,15,source_reported_FT,Vitesse,Cambuur
omarmohamed456/Football-Match-Outcome-Predictor,https://raw.githubusercontent.com/omarmohamed456/Football-Match-Outcome-Predictor/edefc091629a587271b911a08f88c1523502ff11/scraped_data/netherlands_eerste_divisie_2025-2026_match_data.csv,edefc091629a587271b911a08f88c1523502ff11,338,2026-09-04T07:16:33.275Z,Eerste Divisie,2025-26,2025-11-07,Willem II,TOP Oss,1,1,D,,,,15,source_reported_FT,Willem II,Oss
omarmohamed456/Football-Match-Outcome-Predictor,https://raw.githubusercontent.com/omarmohamed456/Football-Match-Outcome-Predictor/edefc091629a587271b911a08f88c1523502ff11/scraped_data/netherlands_eerste_divisie_2025-2026_match_data.csv,edefc091629a587271b911a08f88c1523502ff11,236,2026-09-04T07:16:33.275Z,Eerste Divisie,2025-26,2025-11-08,Helmond Sport,Jong PSV,2,3,A,,,,15,source_reported_FT,Helmond,Jong PSV
omarmohamed456/Football-Match-Outcome-Predictor,https://raw.githubusercontent.com/omarmohamed456/Football-Match-Outcome-Predictor/edefc091629a587271b911a08f88c1523502ff11/scraped_data/netherlands_eerste_divisie_2025-2026_match_data.csv,edefc091629a587271b911a08f88c1523502ff11,98,2026-09-04T07:16:33.275Z,Eerste Divisie,2025-26,2025-11-09,Waalwijk,De Graafschap,1,4,A,,,,15,source_reported_FT,Waalwijk,De Graafschap
omarmohamed456/Football-Match-Outcome-Predictor,https://raw.githubusercontent.com/omarmohamed456/Football-Match-Outcome-Predictor/edefc091629a587271b911a08f88c1523502ff11/scraped_data/netherlands_eerste_divisie_2025-2026_match_data.csv,edefc091629a587271b911a08f88c1523502ff11,44,2026-09-04T07:16:33.275Z,Eerste Divisie,2025-26,2025-11-15,FC Eindhoven,SC Cambuur,3,3,D,,,,17,source_reported_FT,Eindhoven FC,Cambuur
omarmohamed456/Football-Match-Outcome-Predictor,https://raw.githubusercontent.com/omarmohamed456/Football-Match-Outcome-Predictor/edefc091629a587271b911a08f88c1523502ff11/scraped_data/netherlands_eerste_divisie_2025-2026_match_data.csv,edefc091629a587271b911a08f88c1523502ff11,230,2026-09-04T07:16:33.275Z,Eerste Divisie,2025-26,2025-11-15,Willem II,FC Emmen,1,1,D,,,,17,source_reported_FT,Willem II,FC Emmen
omarmohamed456/Football-Match-Outcome-Predictor,https://raw.githubusercontent.com/omarmohamed456/Football-Match-Outcome-Predictor/edefc091629a587271b911a08f88c1523502ff11/scraped_data/netherlands_eerste_divisie_2025-2026_match_data.csv,edefc091629a587271b911a08f88c1523502ff11,79,2026-09-04T07:16:33.275Z,Eerste Divisie,2025-26,2025-11-21,De Graafschap,Helmond Sport,3,1,H,,,,16,source_reported_FT,De Graafschap,Helmond
omarmohamed456/Football-Match-Outcome-Predictor,https://raw.githubusercontent.com/omarmohamed456/Football-Match-Outcome-Predictor/edefc091629a587271b911a08f88c1523502ff11/scraped_data/netherlands_eerste_divisie_2025-2026_match_data.csv,edefc091629a587271b911a08f88c1523502ff11,7,2026-09-04T07:16:33.275Z,Eerste Divisie,2025-26,2025-11-21,FC Den Bosch,Almere City FC,5,2,H,,,,16,source_reported_FT,Den Bosch,Almere City
omarmohamed456/Football-Match-Outcome-Predictor,https://raw.githubusercontent.com/omarmohamed456/Football-Match-Outcome-Predictor/edefc091629a587271b911a08f88c1523502ff11/scraped_data/netherlands_eerste_divisie_2025-2026_match_data.csv,edefc091629a587271b911a08f88c1523502ff11,181,2026-09-04T07:16:33.275Z,Eerste Divisie,2025-26,2025-11-21,FC Dordrecht,Vitesse,1,1,D,,,,16,source_reported_FT,Dordrecht,Vitesse
omarmohamed456/Football-Match-Outcome-Predictor,https://raw.githubusercontent.com/omarmohamed456/Football-Match-Outcome-Predictor/edefc091629a587271b911a08f88c1523502ff11/scraped_data/netherlands_eerste_divisie_2025-2026_match_data.csv,edefc091629a587271b911a08f88c1523502ff11,190,2026-09-04T07:16:33.275Z,Eerste Divisie,2025-26,2025-11-21,Jong Ajax,FC Eindhoven,1,3,A,,,,16,source_reported_FT,Jong Ajax,Eindhoven FC
omarmohamed456/Football-Match-Outcome-Predictor,https://raw.githubusercontent.com/omarmohamed456/Football-Match-Outcome-Predictor/edefc091629a587271b911a08f88c1523502ff11/scraped_data/netherlands_eerste_divisie_2025-2026_match_data.csv,edefc091629a587271b911a08f88c1523502ff11,284,2026-09-04T07:16:33.275Z,Eerste Divisie,2025-26,2025-11-21,Jong PSV,FC Utrecht J,3,3,D,,,,16,source_reported_FT,Jong PSV,Jong Utrecht
omarmohamed456/Football-Match-Outcome-Predictor,https://raw.githubusercontent.com/omarmohamed456/Football-Match-Outcome-Predictor/edefc091629a587271b911a08f88c1523502ff11/scraped_data/netherlands_eerste_divisie_2025-2026_match_data.csv,edefc091629a587271b911a08f88c1523502ff11,272,2026-09-04T07:16:33.275Z,Eerste Divisie,2025-26,2025-11-21,MVV,AZ Alkmaar J,1,3,A,,,,16,source_reported_FT,Maastricht,Jong AZ
omarmohamed456/Football-Match-Outcome-Predictor,https://raw.githubusercontent.com/omarmohamed456/Football-Match-Outcome-Predictor/edefc091629a587271b911a08f88c1523502ff11/scraped_data/netherlands_eerste_divisie_2025-2026_match_data.csv,edefc091629a587271b911a08f88c1523502ff11,39,2026-09-04T07:16:33.275Z,Eerste Divisie,2025-26,2025-11-21,SC Cambuur,ADO Den Haag,2,0,H,,,,16,source_reported_FT,Cambuur,Den Haag
omarmohamed456/Football-Match-Outcome-Predictor,https://raw.githubusercontent.com/omarmohamed456/Football-Match-Outcome-Predictor/edefc091629a587271b911a08f88c1523502ff11/scraped_data/netherlands_eerste_divisie_2025-2026_match_data.csv,edefc091629a587271b911a08f88c1523502ff11,335,2026-09-04T07:16:33.275Z,Eerste Divisie,2025-26,2025-11-21,TOP Oss,Waalwijk,0,0,D,,,,16,source_reported_FT,Oss,Waalwijk
omarmohamed456/Football-Match-Outcome-Predictor,https://raw.githubusercontent.com/omarmohamed456/Football-Match-Outcome-Predictor/edefc091629a587271b911a08f88c1523502ff11/scraped_data/netherlands_eerste_divisie_2025-2026_match_data.csv,edefc091629a587271b911a08f88c1523502ff11,344,2026-09-04T07:16:33.275Z,Eerste Divisie,2025-26,2025-11-21,VVV-Venlo,Willem II,0,2,A,,,,16,source_reported_FT,Venlo,Willem II
omarmohamed456/Football-Match-Outcome-Predictor,https://raw.githubusercontent.com/omarmohamed456/Football-Match-Outcome-Predictor/edefc091629a587271b911a08f88c1523502ff11/scraped_data/netherlands_eerste_divisie_2025-2026_match_data.csv,edefc091629a587271b911a08f88c1523502ff11,221,2026-09-04T07:16:33.275Z,Eerste Divisie,2025-26,2025-11-22,FC Emmen,Roda JC Kerkrade,1,1,D,,,,16,source_reported_FT,FC Emmen,Roda
omarmohamed456/Football-Match-Outcome-Predictor,https://raw.githubusercontent.com/omarmohamed456/Football-Match-Outcome-Predictor/edefc091629a587271b911a08f88c1523502ff11/scraped_data/netherlands_eerste_divisie_2025-2026_match_data.csv,edefc091629a587271b911a08f88c1523502ff11,274,2026-09-04T07:16:33.275Z,Eerste Divisie,2025-26,2025-11-24,AZ Alkmaar J,TOP Oss,0,1,A,,,,17,source_reported_FT,Jong AZ,Oss
omarmohamed456/Football-Match-Outcome-Predictor,https://raw.githubusercontent.com/omarmohamed456/Football-Match-Outcome-Predictor/edefc091629a587271b911a08f88c1523502ff11/scraped_data/netherlands_eerste_divisie_2025-2026_match_data.csv,edefc091629a587271b911a08f88c1523502ff11,31,2026-09-04T07:16:33.275Z,Eerste Divisie,2025-26,2025-11-24,Almere City FC,VVV-Venlo,3,0,H,,,,17,source_reported_FT,Almere City,Venlo
omarmohamed456/Football-Match-Outcome-Predictor,https://raw.githubusercontent.com/omarmohamed456/Football-Match-Outcome-Predictor/edefc091629a587271b911a08f88c1523502ff11/scraped_data/netherlands_eerste_divisie_2025-2026_match_data.csv,edefc091629a587271b911a08f88c1523502ff11,117,2026-09-04T07:16:33.275Z,Eerste Divisie,2025-26,2025-11-24,FC Utrecht J,FC Den Bosch,3,2,H,,,,17,source_reported_FT,Jong Utrecht,Den Bosch
omarmohamed456/Football-Match-Outcome-Predictor,https://raw.githubusercontent.com/omarmohamed456/Football-Match-Outcome-Predictor/edefc091629a587271b911a08f88c1523502ff11/scraped_data/netherlands_eerste_divisie_2025-2026_match_data.csv,edefc091629a587271b911a08f88c1523502ff11,232,2026-09-04T07:16:33.275Z,Eerste Divisie,2025-26,2025-11-24,Helmond Sport,Jong Ajax,2,1,H,,,,17,source_reported_FT,Helmond,Jong Ajax
omarmohamed456/Football-Match-Outcome-Predictor,https://raw.githubusercontent.com/omarmohamed456/Football-Match-Outcome-Predictor/edefc091629a587271b911a08f88c1523502ff11/scraped_data/netherlands_eerste_divisie_2025-2026_match_data.csv,edefc091629a587271b911a08f88c1523502ff11,73,2026-09-04T07:16:33.275Z,Eerste Divisie,2025-26,2025-11-25,ADO Den Haag,De Graafschap,3,2,H,,,,17,source_reported_FT,Den Haag,De Graafschap
omarmohamed456/Football-Match-Outcome-Predictor,https://raw.githubusercontent.com/omarmohamed456/Football-Match-Outcome-Predictor/edefc091629a587271b911a08f88c1523502ff11/scraped_data/netherlands_eerste_divisie_2025-2026_match_data.csv,edefc091629a587271b911a08f88c1523502ff11,176,2026-09-04T07:16:33.275Z,Eerste Divisie,2025-26,2025-11-25,Roda JC Kerkrade,FC Dordrecht,1,2,A,,,,17,source_reported_FT,Roda,Dordrecht
omarmohamed456/Football-Match-Outcome-Predictor,https://raw.githubusercontent.com/omarmohamed456/Football-Match-Outcome-Predictor/edefc091629a587271b911a08f88c1523502ff11/scraped_data/netherlands_eerste_divisie_2025-2026_match_data.csv,edefc091629a587271b911a08f88c1523502ff11,294,2026-09-04T07:16:33.275Z,Eerste Divisie,2025-26,2025-11-25,Vitesse,Jong PSV,3,1,H,,,,17,source_reported_FT,Vitesse,Jong PSV
omarmohamed456/Football-Match-Outcome-Predictor,https://raw.githubusercontent.com/omarmohamed456/Football-Match-Outcome-Predictor/edefc091629a587271b911a08f88c1523502ff11/scraped_data/netherlands_eerste_divisie_2025-2026_match_data.csv,edefc091629a587271b911a08f88c1523502ff11,318,2026-09-04T07:16:33.275Z,Eerste Divisie,2025-26,2025-11-25,Waalwijk,MVV,1,0,H,,,,17,source_reported_FT,Waalwijk,Maastricht
omarmohamed456/Football-Match-Outcome-Predictor,https://raw.githubusercontent.com/omarmohamed456/Football-Match-Outcome-Predictor/edefc091629a587271b911a08f88c1523502ff11/scraped_data/netherlands_eerste_divisie_2025-2026_match_data.csv,edefc091629a587271b911a08f88c1523502ff11,129,2026-09-04T07:16:33.275Z,Eerste Divisie,2025-26,2025-11-28,FC Den Bosch,Willem II,2,1,H,,,,18,source_reported_FT,Den Bosch,Willem II
omarmohamed456/Football-Match-Outcome-Predictor,https://raw.githubusercontent.com/omarmohamed456/Football-Match-Outcome-Predictor/edefc091629a587271b911a08f88c1523502ff11/scraped_data/netherlands_eerste_divisie_2025-2026_match_data.csv,edefc091629a587271b911a08f88c1523502ff11,171,2026-09-04T07:16:33.275Z,Eerste Divisie,2025-26,2025-11-28,FC Dordrecht,FC Utrecht J,1,2,A,,,,18,source_reported_FT,Dordrecht,Jong Utrecht
omarmohamed456/Football-Match-Outcome-Predictor,https://raw.githubusercontent.com/omarmohamed456/Football-Match-Outcome-Predictor/edefc091629a587271b911a08f88c1523502ff11/scraped_data/netherlands_eerste_divisie_2025-2026_match_data.csv,edefc091629a587271b911a08f88c1523502ff11,214,2026-09-04T07:16:33.275Z,Eerste Divisie,2025-26,2025-11-28,FC Emmen,AZ Alkmaar J,4,2,H,,,,18,source_reported_FT,FC Emmen,Jong AZ
omarmohamed456/Football-Match-Outcome-Predictor,https://raw.githubusercontent.com/omarmohamed456/Football-Match-Outcome-Predictor/edefc091629a587271b911a08f88c1523502ff11/scraped_data/netherlands_eerste_divisie_2025-2026_match_data.csv,edefc091629a587271b911a08f88c1523502ff11,47,2026-09-04T07:16:33.275Z,Eerste Divisie,2025-26,2025-11-28,SC Cambuur,Helmond Sport,0,0,D,,,,18,source_reported_FT,Cambuur,Helmond
omarmohamed456/Football-Match-Outcome-Predictor,https://raw.githubusercontent.com/omarmohamed456/Football-Match-Outcome-Predictor/edefc091629a587271b911a08f88c1523502ff11/scraped_data/netherlands_eerste_divisie_2025-2026_match_data.csv,edefc091629a587271b911a08f88c1523502ff11,153,2026-09-04T07:16:33.275Z,Eerste Divisie,2025-26,2025-11-28,VVV-Venlo,ADO Den Haag,0,3,A,,,,18,source_reported_FT,Venlo,Den Haag
omarmohamed456/Football-Match-Outcome-Predictor,https://raw.githubusercontent.com/omarmohamed456/Football-Match-Outcome-Predictor/edefc091629a587271b911a08f88c1523502ff11/scraped_data/netherlands_eerste_divisie_2025-2026_match_data.csv,edefc091629a587271b911a08f88c1523502ff11,30,2026-09-04T07:16:33.275Z,Eerste Divisie,2025-26,2025-11-29,TOP Oss,Almere City FC,1,2,A,,,,18,source_reported_FT,Oss,Almere City
omarmohamed456/Football-Match-Outcome-Predictor,https://raw.githubusercontent.com/omarmohamed456/Football-Match-Outcome-Predictor/edefc091629a587271b911a08f88c1523502ff11/scraped_data/netherlands_eerste_divisie_2025-2026_match_data.csv,edefc091629a587271b911a08f88c1523502ff11,76,2026-09-04T07:16:33.275Z,Eerste Divisie,2025-26,2025-11-30,De Graafschap,FC Eindhoven,2,0,H,,,,18,source_reported_FT,De Graafschap,Eindhoven FC
omarmohamed456/Football-Match-Outcome-Predictor,https://raw.githubusercontent.com/omarmohamed456/Football-Match-Outcome-Predictor/edefc091629a587271b911a08f88c1523502ff11/scraped_data/netherlands_eerste_divisie_2025-2026_match_data.csv,edefc091629a587271b911a08f88c1523502ff11,312,2026-09-04T07:16:33.275Z,Eerste Divisie,2025-26,2025-11-30,MVV,Roda JC Kerkrade,0,0,D,,,,18,source_reported_FT,Maastricht,Roda
omarmohamed456/Football-Match-Outcome-Predictor,https://raw.githubusercontent.com/omarmohamed456/Football-Match-Outcome-Predictor/edefc091629a587271b911a08f88c1523502ff11/scraped_data/netherlands_eerste_divisie_2025-2026_match_data.csv,edefc091629a587271b911a08f88c1523502ff11,262,2026-09-04T07:16:33.275Z,Eerste Divisie,2025-26,2025-12-01,Jong Ajax,Vitesse,2,0,H,,,,18,source_reported_FT,Jong Ajax,Vitesse
omarmohamed456/Football-Match-Outcome-Predictor,https://raw.githubusercontent.com/omarmohamed456/Football-Match-Outcome-Predictor/edefc091629a587271b911a08f88c1523502ff11/scraped_data/netherlands_eerste_divisie_2025-2026_match_data.csv,edefc091629a587271b911a08f88c1523502ff11,295,2026-09-04T07:16:33.275Z,Eerste Divisie,2025-26,2025-12-01,Jong PSV,Waalwijk,3,1,H,,,,18,source_reported_FT,Jong PSV,Waalwijk
omarmohamed456/Football-Match-Outcome-Predictor,https://raw.githubusercontent.com/omarmohamed456/Football-Match-Outcome-Predictor/edefc091629a587271b911a08f88c1523502ff11/scraped_data/netherlands_eerste_divisie_2025-2026_match_data.csv,edefc091629a587271b911a08f88c1523502ff11,97,2026-09-04T07:16:33.275Z,Eerste Divisie,2025-26,2025-12-04,Vitesse,De Graafschap,1,2,A,,,,4,source_reported_FT,Vitesse,De Graafschap
omarmohamed456/Football-Match-Outcome-Predictor,https://raw.githubusercontent.com/omarmohamed456/Football-Match-Outcome-Predictor/edefc091629a587271b911a08f88c1523502ff11/scraped_data/netherlands_eerste_divisie_2025-2026_match_data.csv,edefc091629a587271b911a08f88c1523502ff11,134,2026-09-04T07:16:33.275Z,Eerste Divisie,2025-26,2025-12-05,ADO Den Haag,FC Emmen,2,1,H,,,,19,source_reported_FT,Den Haag,FC Emmen
omarmohamed456/Football-Match-Outcome-Predictor,https://raw.githubusercontent.com/omarmohamed456/Football-Match-Outcome-Predictor/edefc091629a587271b911a08f88c1523502ff11/scraped_data/netherlands_eerste_divisie_2025-2026_match_data.csv,edefc091629a587271b911a08f88c1523502ff11,18,2026-09-04T07:16:33.275Z,Eerste Divisie,2025-26,2025-12-05,Almere City FC,Jong Ajax,3,2,H,,,,19,source_reported_FT,Almere City,Jong Ajax
omarmohamed456/Football-Match-Outcome-Predictor,https://raw.githubusercontent.com/omarmohamed456/Football-Match-Outcome-Predictor/edefc091629a587271b911a08f88c1523502ff11/scraped_data/netherlands_eerste_divisie_2025-2026_match_data.csv,edefc091629a587271b911a08f88c1523502ff11,194,2026-09-04T07:16:33.275Z,Eerste Divisie,2025-26,2025-12-05,FC Eindhoven,Jong PSV,4,0,H,,,,19,source_reported_FT,Eindhoven FC,Jong PSV
omarmohamed456/Football-Match-Outcome-Predictor,https://raw.githubusercontent.com/omarmohamed456/Football-Match-Outcome-Predictor/edefc091629a587271b911a08f88c1523502ff11/scraped_data/netherlands_eerste_divisie_2025-2026_match_data.csv,edefc091629a587271b911a08f88c1523502ff11,239,2026-09-04T07:16:33.275Z,Eerste Divisie,2025-26,2025-12-05,Helmond Sport,MVV,2,4,A,,,,19,source_reported_FT,Helmond,Maastricht
omarmohamed456/Football-Match-Outcome-Predictor,https://raw.githubusercontent.com/omarmohamed456/Football-Match-Outcome-Predictor/edefc091629a587271b911a08f88c1523502ff11/scraped_data/netherlands_eerste_divisie_2025-2026_match_data.csv,edefc091629a587271b911a08f88c1523502ff11,273,2026-09-04T07:16:33.275Z,Eerste Divisie,2025-26,2025-12-05,Roda JC Kerkrade,AZ Alkmaar J,2,3,A,,,,19,source_reported_FT,Roda,Jong AZ
omarmohamed456/Football-Match-Outcome-Predictor,https://raw.githubusercontent.com/omarmohamed456/Football-Match-Outcome-Predictor/edefc091629a587271b911a08f88c1523502ff11/scraped_data/netherlands_eerste_divisie_2025-2026_match_data.csv,edefc091629a587271b911a08f88c1523502ff11,38,2026-09-04T07:16:33.275Z,Eerste Divisie,2025-26,2025-12-05,SC Cambuur,FC Den Bosch,2,1,H,,,,19,source_reported_FT,Cambuur,Den Bosch
omarmohamed456/Football-Match-Outcome-Predictor,https://raw.githubusercontent.com/omarmohamed456/Football-Match-Outcome-Predictor/edefc091629a587271b911a08f88c1523502ff11/scraped_data/netherlands_eerste_divisie_2025-2026_match_data.csv,edefc091629a587271b911a08f88c1523502ff11,342,2026-09-04T07:16:33.275Z,Eerste Divisie,2025-26,2025-12-05,Waalwijk,VVV-Venlo,1,2,A,,,,19,source_reported_FT,Waalwijk,Venlo
omarmohamed456/Football-Match-Outcome-Predictor,https://raw.githubusercontent.com/omarmohamed456/Football-Match-Outcome-Predictor/edefc091629a587271b911a08f88c1523502ff11/scraped_data/netherlands_eerste_divisie_2025-2026_match_data.csv,edefc091629a587271b911a08f88c1523502ff11,185,2026-09-04T07:16:33.275Z,Eerste Divisie,2025-26,2025-12-06,Willem II,FC Dordrecht,2,0,H,,,,19,source_reported_FT,Willem II,Dordrecht
omarmohamed456/Football-Match-Outcome-Predictor,https://raw.githubusercontent.com/omarmohamed456/Football-Match-Outcome-Predictor/edefc091629a587271b911a08f88c1523502ff11/scraped_data/netherlands_eerste_divisie_2025-2026_match_data.csv,edefc091629a587271b911a08f88c1523502ff11,333,2026-09-04T07:16:33.275Z,Eerste Divisie,2025-26,2025-12-07,Vitesse,TOP Oss,0,0,D,,,,19,source_reported_FT,Vitesse,Oss
omarmohamed456/Football-Match-Outcome-Predictor,https://raw.githubusercontent.com/omarmohamed456/Football-Match-Outcome-Predictor/edefc091629a587271b911a08f88c1523502ff11/scraped_data/netherlands_eerste_divisie_2025-2026_match_data.csv,edefc091629a587271b911a08f88c1523502ff11,87,2026-09-04T07:16:33.275Z,Eerste Divisie,2025-26,2025-12-08,FC Utrecht J,De Graafschap,2,3,A,,,,19,source_reported_FT,Jong Utrecht,De Graafschap
omarmohamed456/Football-Match-Outcome-Predictor,https://raw.githubusercontent.com/omarmohamed456/Football-Match-Outcome-Predictor/edefc091629a587271b911a08f88c1523502ff11/scraped_data/netherlands_eerste_divisie_2025-2026_match_data.csv,edefc091629a587271b911a08f88c1523502ff11,346,2026-09-04T07:16:33.275Z,Eerste Divisie,2025-26,2025-12-10,Vitesse,Waalwijk,2,1,H,,,,20,source_reported_FT,Vitesse,Waalwijk
omarmohamed456/Football-Match-Outcome-Predictor,https://raw.githubusercontent.com/omarmohamed456/Football-Match-Outcome-Predictor/edefc091629a587271b911a08f88c1523502ff11/scraped_data/netherlands_eerste_divisie_2025-2026_match_data.csv,edefc091629a587271b911a08f88c1523502ff11,269,2026-09-04T07:16:33.275Z,Eerste Divisie,2025-26,2025-12-12,AZ Alkmaar J,FC Utrecht J,1,4,A,,,,20,source_reported_FT,Jong AZ,Jong Utrecht
omarmohamed456/Football-Match-Outcome-Predictor,https://raw.githubusercontent.com/omarmohamed456/Football-Match-Outcome-Predictor/edefc091629a587271b911a08f88c1523502ff11/scraped_data/netherlands_eerste_divisie_2025-2026_match_data.csv,edefc091629a587271b911a08f88c1523502ff11,91,2026-09-04T07:16:33.275Z,Eerste Divisie,2025-26,2025-12-12,De Graafschap,Roda JC Kerkrade,2,3,A,,,,20,source_reported_FT,De Graafschap,Roda
omarmohamed456/Football-Match-Outcome-Predictor,https://raw.githubusercontent.com/omarmohamed456/Football-Match-Outcome-Predictor/edefc091629a587271b911a08f88c1523502ff11/scraped_data/netherlands_eerste_divisie_2025-2026_match_data.csv,edefc091629a587271b911a08f88c1523502ff11,123,2026-09-04T07:16:33.275Z,Eerste Divisie,2025-26,2025-12-12,FC Den Bosch,VVV-Venlo,0,1,A,,,,20,source_reported_FT,Den Bosch,Venlo
omarmohamed456/Football-Match-Outcome-Predictor,https://raw.githubusercontent.com/omarmohamed456/Football-Match-Outcome-Predictor/edefc091629a587271b911a08f88c1523502ff11/scraped_data/netherlands_eerste_divisie_2025-2026_match_data.csv,edefc091629a587271b911a08f88c1523502ff11,159,2026-09-04T07:16:33.275Z,Eerste Divisie,2025-26,2025-12-12,FC Dordrecht,FC Eindhoven,3,4,A,,,,20,source_reported_FT,Dordrecht,Eindhoven FC
omarmohamed456/Football-Match-Outcome-Predictor,https://raw.githubusercontent.com/omarmohamed456/Football-Match-Outcome-Predictor/edefc091629a587271b911a08f88c1523502ff11/scraped_data/netherlands_eerste_divisie_2025-2026_match_data.csv,edefc091629a587271b911a08f88c1523502ff11,210,2026-09-04T07:16:33.275Z,Eerste Divisie,2025-26,2025-12-12,FC Emmen,Helmond Sport,4,1,H,,,,20,source_reported_FT,FC Emmen,Helmond
omarmohamed456/Football-Match-Outcome-Predictor,https://raw.githubusercontent.com/omarmohamed456/Football-Match-Outcome-Predictor/edefc091629a587271b911a08f88c1523502ff11/scraped_data/netherlands_eerste_divisie_2025-2026_match_data.csv,edefc091629a587271b911a08f88c1523502ff11,22,2026-09-04T07:16:33.275Z,Eerste Divisie,2025-26,2025-12-12,Jong PSV,Almere City FC,2,3,A,,,,20,source_reported_FT,Jong PSV,Almere City
omarmohamed456/Football-Match-Outcome-Predictor,https://raw.githubusercontent.com/omarmohamed456/Football-Match-Outcome-Predictor/edefc091629a587271b911a08f88c1523502ff11/scraped_data/netherlands_eerste_divisie_2025-2026_match_data.csv,edefc091629a587271b911a08f88c1523502ff11,256,2026-09-04T07:16:33.275Z,Eerste Divisie,2025-26,2025-12-12,MVV,Jong Ajax,2,1,H,,,,20,source_reported_FT,Maastricht,Jong Ajax
omarmohamed456/Football-Match-Outcome-Predictor,https://raw.githubusercontent.com/omarmohamed456/Football-Match-Outcome-Predictor/edefc091629a587271b911a08f88c1523502ff11/scraped_data/netherlands_eerste_divisie_2025-2026_match_data.csv,edefc091629a587271b911a08f88c1523502ff11,151,2026-09-04T07:16:33.275Z,Eerste Divisie,2025-26,2025-12-12,TOP Oss,ADO Den Haag,3,4,A,,,,20,source_reported_FT,Oss,Den Haag
omarmohamed456/Football-Match-Outcome-Predictor,https://raw.githubusercontent.com/omarmohamed456/Football-Match-Outcome-Predictor/edefc091629a587271b911a08f88c1523502ff11/scraped_data/netherlands_eerste_divisie_2025-2026_match_data.csv,edefc091629a587271b911a08f88c1523502ff11,69,2026-09-04T07:16:33.275Z,Eerste Divisie,2025-26,2025-12-12,Willem II,SC Cambuur,0,1,A,,,,20,source_reported_FT,Willem II,Cambuur
omarmohamed456/Football-Match-Outcome-Predictor,https://raw.githubusercontent.com/omarmohamed456/Football-Match-Outcome-Predictor/edefc091629a587271b911a08f88c1523502ff11/scraped_data/netherlands_eerste_divisie_2025-2026_match_data.csv,edefc091629a587271b911a08f88c1523502ff11,142,2026-09-04T07:16:33.275Z,Eerste Divisie,2025-26,2025-12-19,ADO Den Haag,Jong PSV,1,2,A,,,,21,source_reported_FT,Den Haag,Jong PSV
omarmohamed456/Football-Match-Outcome-Predictor,https://raw.githubusercontent.com/omarmohamed456/Football-Match-Outcome-Predictor/edefc091629a587271b911a08f88c1523502ff11/scraped_data/netherlands_eerste_divisie_2025-2026_match_data.csv,edefc091629a587271b911a08f88c1523502ff11,191,2026-09-04T07:16:33.275Z,Eerste Divisie,2025-26,2025-12-19,FC Eindhoven,AZ Alkmaar J,3,2,H,,,,21,source_reported_FT,Eindhoven FC,Jong AZ
omarmohamed456/Football-Match-Outcome-Predictor,https://raw.githubusercontent.com/omarmohamed456/Football-Match-Outcome-Predictor/edefc091629a587271b911a08f88c1523502ff11/scraped_data/netherlands_eerste_divisie_2025-2026_match_data.csv,edefc091629a587271b911a08f88c1523502ff11,58,2026-09-04T07:16:33.275Z,Eerste Divisie,2025-26,2025-12-19,SC Cambuur,MVV,4,0,H,,,,21,source_reported_FT,Cambuur,Maastricht
omarmohamed456/Football-Match-Outcome-Predictor,https://raw.githubusercontent.com/omarmohamed456/Football-Match-Outcome-Predictor/edefc091629a587271b911a08f88c1523502ff11/scraped_data/netherlands_eerste_divisie_2025-2026_match_data.csv,edefc091629a587271b911a08f88c1523502ff11,179,2026-09-04T07:16:33.275Z,Eerste Divisie,2025-26,2025-12-19,VVV-Venlo,FC Dordrecht,3,1,H,,,,21,source_reported_FT,Venlo,Dordrecht
omarmohamed456/Football-Match-Outcome-Predictor,https://raw.githubusercontent.com/omarmohamed456/Football-Match-Outcome-Predictor/edefc091629a587271b911a08f88c1523502ff11/scraped_data/netherlands_eerste_divisie_2025-2026_match_data.csv,edefc091629a587271b911a08f88c1523502ff11,14,2026-09-04T07:16:33.275Z,Eerste Divisie,2025-26,2025-12-20,Almere City FC,FC Emmen,4,2,H,,,,21,source_reported_FT,Almere City,FC Emmen
omarmohamed456/Football-Match-Outcome-Predictor,https://raw.githubusercontent.com/omarmohamed456/Football-Match-Outcome-Predictor/edefc091629a587271b911a08f88c1523502ff11/scraped_data/netherlands_eerste_divisie_2025-2026_match_data.csv,edefc091629a587271b911a08f88c1523502ff11,93,2026-09-04T07:16:33.275Z,Eerste Divisie,2025-26,2025-12-20,TOP Oss,De Graafschap,2,3,A,,,,21,source_reported_FT,Oss,De Graafschap
omarmohamed456/Football-Match-Outcome-Predictor,https://raw.githubusercontent.com/omarmohamed456/Football-Match-Outcome-Predictor/edefc091629a587271b911a08f88c1523502ff11/scraped_data/netherlands_eerste_divisie_2025-2026_match_data.csv,edefc091629a587271b911a08f88c1523502ff11,125,2026-09-04T07:16:33.275Z,Eerste Divisie,2025-26,2025-12-21,FC Den Bosch,Vitesse,2,0,H,,,,21,source_reported_FT,Den Bosch,Vitesse
omarmohamed456/Football-Match-Outcome-Predictor,https://raw.githubusercontent.com/omarmohamed456/Football-Match-Outcome-Predictor/edefc091629a587271b911a08f88c1523502ff11/scraped_data/netherlands_eerste_divisie_2025-2026_match_data.csv,edefc091629a587271b911a08f88c1523502ff11,249,2026-09-04T07:16:33.275Z,Eerste Divisie,2025-26,2025-12-21,Helmond Sport,Willem II,2,2,D,,,,21,source_reported_FT,Helmond,Willem II
omarmohamed456/Football-Match-Outcome-Predictor,https://raw.githubusercontent.com/omarmohamed456/Football-Match-Outcome-Predictor/edefc091629a587271b911a08f88c1523502ff11/scraped_data/netherlands_eerste_divisie_2025-2026_match_data.csv,edefc091629a587271b911a08f88c1523502ff11,300,2026-09-04T07:16:33.275Z,Eerste Divisie,2025-26,2025-12-22,FC Utrecht J,Roda JC Kerkrade,1,3,A,,,,21,source_reported_FT,Jong Utrecht,Roda
omarmohamed456/Football-Match-Outcome-Predictor,https://raw.githubusercontent.com/omarmohamed456/Football-Match-Outcome-Predictor/edefc091629a587271b911a08f88c1523502ff11/scraped_data/netherlands_eerste_divisie_2025-2026_match_data.csv,edefc091629a587271b911a08f88c1523502ff11,264,2026-09-04T07:16:33.275Z,Eerste Divisie,2025-26,2025-12-22,Jong Ajax,Waalwijk,0,2,A,,,,21,source_reported_FT,Jong Ajax,Waalwijk
omarmohamed456/Football-Match-Outcome-Predictor,https://raw.githubusercontent.com/omarmohamed456/Football-Match-Outcome-Predictor/edefc091629a587271b911a08f88c1523502ff11/scraped_data/netherlands_eerste_divisie_2025-2026_match_data.csv,edefc091629a587271b911a08f88c1523502ff11,252,2026-09-04T07:16:33.275Z,Eerste Divisie,2025-26,2026-01-12,AZ Alkmaar J,Jong Ajax,1,2,A,,,,22,source_reported_FT,Jong AZ,Jong Ajax
omarmohamed456/Football-Match-Outcome-Predictor,https://raw.githubusercontent.com/omarmohamed456/Football-Match-Outcome-Predictor/edefc091629a587271b911a08f88c1523502ff11/scraped_data/netherlands_eerste_divisie_2025-2026_match_data.csv,edefc091629a587271b911a08f88c1523502ff11,40,2026-09-04T07:16:33.275Z,Eerste Divisie,2025-26,2026-01-16,ADO Den Haag,SC Cambuur,1,2,A,,,,23,source_reported_FT,Den Haag,Cambuur
omarmohamed456/Football-Match-Outcome-Predictor,https://raw.githubusercontent.com/omarmohamed456/Football-Match-Outcome-Predictor/edefc091629a587271b911a08f88c1523502ff11/scraped_data/netherlands_eerste_divisie_2025-2026_match_data.csv,edefc091629a587271b911a08f88c1523502ff11,245,2026-09-04T07:16:33.275Z,Eerste Divisie,2025-26,2026-01-16,Helmond Sport,Vitesse,2,2,D,,,,23,source_reported_FT,Helmond,Vitesse
omarmohamed456/Football-Match-Outcome-Predictor,https://raw.githubusercontent.com/omarmohamed456/Football-Match-Outcome-Predictor/edefc091629a587271b911a08f88c1523502ff11/scraped_data/netherlands_eerste_divisie_2025-2026_match_data.csv,edefc091629a587271b911a08f88c1523502ff11,276,2026-09-04T07:16:33.275Z,Eerste Divisie,2025-26,2026-01-16,VVV-Venlo,AZ Alkmaar J,1,3,A,,,,23,source_reported_FT,Venlo,Jong AZ
omarmohamed456/Football-Match-Outcome-Predictor,https://raw.githubusercontent.com/omarmohamed456/Football-Match-Outcome-Predictor/edefc091629a587271b911a08f88c1523502ff11/scraped_data/netherlands_eerste_divisie_2025-2026_match_data.csv,edefc091629a587271b911a08f88c1523502ff11,223,2026-09-04T07:16:33.275Z,Eerste Divisie,2025-26,2026-01-17,TOP Oss,FC Emmen,4,0,H,,,,23,source_reported_FT,Oss,FC Emmen
omarmohamed456/Football-Match-Outcome-Predictor,https://raw.githubusercontent.com/omarmohamed456/Football-Match-Outcome-Predictor/edefc091629a587271b911a08f88c1523502ff11/scraped_data/netherlands_eerste_divisie_2025-2026_match_data.csv,edefc091629a587271b911a08f88c1523502ff11,4,2026-09-04T07:16:33.275Z,Eerste Divisie,2025-26,2026-01-18,Almere City FC,De Graafschap,2,0,H,,,,23,source_reported_FT,Almere City,De Graafschap
omarmohamed456/Football-Match-Outcome-Predictor,https://raw.githubusercontent.com/omarmohamed456/Football-Match-Outcome-Predictor/edefc091629a587271b911a08f88c1523502ff11/scraped_data/netherlands_eerste_divisie_2025-2026_match_data.csv,edefc091629a587271b911a08f88c1523502ff11,119,2026-09-04T07:16:33.275Z,Eerste Divisie,2025-26,2026-01-18,FC Den Bosch,MVV,1,2,A,,,,23,source_reported_FT,Den Bosch,Maastricht
omarmohamed456/Football-Match-Outcome-Predictor,https://raw.githubusercontent.com/omarmohamed456/Football-Match-Outcome-Predictor/edefc091629a587271b911a08f88c1523502ff11/scraped_data/netherlands_eerste_divisie_2025-2026_match_data.csv,edefc091629a587271b911a08f88c1523502ff11,207,2026-09-04T07:16:33.275Z,Eerste Divisie,2025-26,2026-01-18,FC Eindhoven,Willem II,0,2,A,,,,23,source_reported_FT,Eindhoven FC,Willem II
omarmohamed456/Football-Match-Outcome-Predictor,https://raw.githubusercontent.com/omarmohamed456/Football-Match-Outcome-Predictor/edefc091629a587271b911a08f88c1523502ff11/scraped_data/netherlands_eerste_divisie_2025-2026_match_data.csv,edefc091629a587271b911a08f88c1523502ff11,184,2026-09-04T07:16:33.275Z,Eerste Divisie,2025-26,2026-01-18,Waalwijk,FC Dordrecht,1,1,D,,,,23,source_reported_FT,Waalwijk,Dordrecht
omarmohamed456/Football-Match-Outcome-Predictor,https://raw.githubusercontent.com/omarmohamed456/Football-Match-Outcome-Predictor/edefc091629a587271b911a08f88c1523502ff11/scraped_data/netherlands_eerste_divisie_2025-2026_match_data.csv,edefc091629a587271b911a08f88c1523502ff11,283,2026-09-04T07:16:33.275Z,Eerste Divisie,2025-26,2026-01-19,FC Utrecht J,Jong PSV,5,3,H,,,,23,source_reported_FT,Jong Utrecht,Jong PSV
omarmohamed456/Football-Match-Outcome-Predictor,https://raw.githubusercontent.com/omarmohamed456/Football-Match-Outcome-Predictor/edefc091629a587271b911a08f88c1523502ff11/scraped_data/netherlands_eerste_divisie_2025-2026_match_data.csv,edefc091629a587271b911a08f88c1523502ff11,258,2026-09-04T07:16:33.275Z,Eerste Divisie,2025-26,2026-01-19,Jong Ajax,Roda JC Kerkrade,2,2,D,,,,23,source_reported_FT,Jong Ajax,Roda
omarmohamed456/Football-Match-Outcome-Predictor,https://raw.githubusercontent.com/omarmohamed456/Football-Match-Outcome-Predictor/edefc091629a587271b911a08f88c1523502ff11/scraped_data/netherlands_eerste_divisie_2025-2026_match_data.csv,edefc091629a587271b911a08f88c1523502ff11,99,2026-09-04T07:16:33.275Z,Eerste Divisie,2025-26,2026-01-23,De Graafschap,Waalwijk,2,4,A,,,,24,source_reported_FT,De Graafschap,Waalwijk
omarmohamed456/Football-Match-Outcome-Predictor,https://raw.githubusercontent.com/omarmohamed456/Football-Match-Outcome-Predictor/edefc091629a587271b911a08f88c1523502ff11/scraped_data/netherlands_eerste_divisie_2025-2026_match_data.csv,edefc091629a587271b911a08f88c1523502ff11,104,2026-09-04T07:16:33.275Z,Eerste Divisie,2025-26,2026-01-23,FC Dordrecht,FC Den Bosch,3,2,H,,,,24,source_reported_FT,Dordrecht,Den Bosch
omarmohamed456/Football-Match-Outcome-Predictor,https://raw.githubusercontent.com/omarmohamed456/Football-Match-Outcome-Predictor/edefc091629a587271b911a08f88c1523502ff11/scraped_data/netherlands_eerste_divisie_2025-2026_match_data.csv,edefc091629a587271b911a08f88c1523502ff11,298,2026-09-04T07:16:33.275Z,Eerste Divisie,2025-26,2026-01-23,MVV,FC Utrecht J,2,2,D,,,,24,source_reported_FT,Maastricht,Jong Utrecht
omarmohamed456/Football-Match-Outcome-Predictor,https://raw.githubusercontent.com/omarmohamed456/Football-Match-Outcome-Predictor/edefc091629a587271b911a08f88c1523502ff11/scraped_data/netherlands_eerste_divisie_2025-2026_match_data.csv,edefc091629a587271b911a08f88c1523502ff11,321,2026-09-04T07:16:33.275Z,Eerste Divisie,2025-26,2026-01-23,Roda JC Kerkrade,TOP Oss,1,2,A,,,,24,source_reported_FT,Roda,Oss
omarmohamed456/Football-Match-Outcome-Predictor,https://raw.githubusercontent.com/omarmohamed456/Football-Match-Outcome-Predictor/edefc091629a587271b911a08f88c1523502ff11/scraped_data/netherlands_eerste_divisie_2025-2026_match_data.csv,edefc091629a587271b911a08f88c1523502ff11,154,2026-09-04T07:16:33.275Z,Eerste Divisie,2025-26,2026-01-23,Vitesse,ADO Den Haag,2,1,H,,,,24,source_reported_FT,Vitesse,Den Haag
omarmohamed456/Football-Match-Outcome-Predictor,https://raw.githubusercontent.com/omarmohamed456/Football-Match-Outcome-Predictor/edefc091629a587271b911a08f88c1523502ff11/scraped_data/netherlands_eerste_divisie_2025-2026_match_data.csv,edefc091629a587271b911a08f88c1523502ff11,343,2026-09-04T07:16:33.275Z,Eerste Divisie,2025-26,2026-01-23,Willem II,VVV-Venlo,2,1,H,,,,24,source_reported_FT,Willem II,Venlo
omarmohamed456/Football-Match-Outcome-Predictor,https://raw.githubusercontent.com/omarmohamed456/Football-Match-Outcome-Predictor/edefc091629a587271b911a08f88c1523502ff11/scraped_data/netherlands_eerste_divisie_2025-2026_match_data.csv,edefc091629a587271b911a08f88c1523502ff11,155,2026-09-04T07:16:33.275Z,Eerste Divisie,2025-26,2026-01-26,ADO Den Haag,Vitesse,0,0,D,,,,3,source_reported_FT,Den Haag,Vitesse
omarmohamed456/Football-Match-Outcome-Predictor,https://raw.githubusercontent.com/omarmohamed456/Football-Match-Outcome-Predictor/edefc091629a587271b911a08f88c1523502ff11/scraped_data/netherlands_eerste_divisie_2025-2026_match_data.csv,edefc091629a587271b911a08f88c1523502ff11,20,2026-09-04T07:16:33.275Z,Eerste Divisie,2025-26,2026-01-26,AZ Alkmaar J,Almere City FC,3,4,A,,,,24,source_reported_FT,Jong AZ,Almere City
omarmohamed456/Football-Match-Outcome-Predictor,https://raw.githubusercontent.com/omarmohamed456/Football-Match-Outcome-Predictor/edefc091629a587271b911a08f88c1523502ff11/scraped_data/netherlands_eerste_divisie_2025-2026_match_data.csv,edefc091629a587271b911a08f88c1523502ff11,70,2026-09-04T07:16:33.275Z,Eerste Divisie,2025-26,2026-01-26,De Graafschap,FC Den Bosch,1,1,D,,,,22,source_reported_FT,De Graafschap,Den Bosch
omarmohamed456/Football-Match-Outcome-Predictor,https://raw.githubusercontent.com/omarmohamed456/Football-Match-Outcome-Predictor/edefc091629a587271b911a08f88c1523502ff11/scraped_data/netherlands_eerste_divisie_2025-2026_match_data.csv,edefc091629a587271b911a08f88c1523502ff11,235,2026-09-04T07:16:33.275Z,Eerste Divisie,2025-26,2026-01-26,Jong PSV,Helmond Sport,4,0,H,,,,24,source_reported_FT,Jong PSV,Helmond
omarmohamed456/Football-Match-Outcome-Predictor,https://raw.githubusercontent.com/omarmohamed456/Football-Match-Outcome-Predictor/edefc091629a587271b911a08f88c1523502ff11/scraped_data/netherlands_eerste_divisie_2025-2026_match_data.csv,edefc091629a587271b911a08f88c1523502ff11,323,2026-09-04T07:16:33.275Z,Eerste Divisie,2025-26,2026-01-26,Roda JC Kerkrade,VVV-Venlo,2,2,D,,,,22,source_reported_FT,Roda,Venlo
omarmohamed456/Football-Match-Outcome-Predictor,https://raw.githubusercontent.com/omarmohamed456/Football-Match-Outcome-Predictor/edefc091629a587271b911a08f88c1523502ff11/scraped_data/netherlands_eerste_divisie_2025-2026_match_data.csv,edefc091629a587271b911a08f88c1523502ff11,307,2026-09-04T07:16:33.275Z,Eerste Divisie,2025-26,2026-01-26,Waalwijk,FC Utrecht J,2,2,D,,,,22,source_reported_FT,Waalwijk,Jong Utrecht
omarmohamed456/Football-Match-Outcome-Predictor,https://raw.githubusercontent.com/omarmohamed456/Football-Match-Outcome-Predictor/edefc091629a587271b911a08f88c1523502ff11/scraped_data/netherlands_eerste_divisie_2025-2026_match_data.csv,edefc091629a587271b911a08f88c1523502ff11,141,2026-09-04T07:16:33.275Z,Eerste Divisie,2025-26,2026-01-30,ADO Den Haag,AZ Alkmaar J,1,4,A,,,,25,source_reported_FT,Den Haag,Jong AZ
omarmohamed456/Football-Match-Outcome-Predictor,https://raw.githubusercontent.com/omarmohamed456/Football-Match-Outcome-Predictor/edefc091629a587271b911a08f88c1523502ff11/scraped_data/netherlands_eerste_divisie_2025-2026_match_data.csv,edefc091629a587271b911a08f88c1523502ff11,28,2026-09-04T07:16:33.275Z,Eerste Divisie,2025-26,2026-01-30,Almere City FC,Roda JC Kerkrade,1,2,A,,,,25,source_reported_FT,Almere City,Roda
omarmohamed456/Football-Match-Outcome-Predictor,https://raw.githubusercontent.com/omarmohamed456/Football-Match-Outcome-Predictor/edefc091629a587271b911a08f88c1523502ff11/scraped_data/netherlands_eerste_divisie_2025-2026_match_data.csv,edefc091629a587271b911a08f88c1523502ff11,108,2026-09-04T07:16:33.275Z,Eerste Divisie,2025-26,2026-01-30,FC Den Bosch,FC Emmen,1,1,D,,,,25,source_reported_FT,Den Bosch,FC Emmen
omarmohamed456/Football-Match-Outcome-Predictor,https://raw.githubusercontent.com/omarmohamed456/Football-Match-Outcome-Predictor/edefc091629a587271b911a08f88c1523502ff11/scraped_data/netherlands_eerste_divisie_2025-2026_match_data.csv,edefc091629a587271b911a08f88c1523502ff11,197,2026-09-04T07:16:33.275Z,Eerste Divisie,2025-26,2026-01-30,FC Eindhoven,MVV,5,0,H,,,,25,source_reported_FT,Eindhoven FC,Maastricht
omarmohamed456/Football-Match-Outcome-Predictor,https://raw.githubusercontent.com/omarmohamed456/Football-Match-Outcome-Predictor/edefc091629a587271b911a08f88c1523502ff11/scraped_data/netherlands_eerste_divisie_2025-2026_match_data.csv,edefc091629a587271b911a08f88c1523502ff11,182,2026-09-04T07:16:33.275Z,Eerste Divisie,2025-26,2026-01-30,Vitesse,FC Dordrecht,1,2,A,,,,25,source_reported_FT,Vitesse,Dordrecht
omarmohamed456/Football-Match-Outcome-Predictor,https://raw.githubusercontent.com/omarmohamed456/Football-Match-Outcome-Predictor/edefc091629a587271b911a08f88c1523502ff11/scraped_data/netherlands_eerste_divisie_2025-2026_match_data.csv,edefc091629a587271b911a08f88c1523502ff11,336,2026-09-04T07:16:33.275Z,Eerste Divisie,2025-26,2026-01-30,Waalwijk,TOP Oss,2,0,H,,,,25,source_reported_FT,Waalwijk,Oss
omarmohamed456/Football-Match-Outcome-Predictor,https://raw.githubusercontent.com/omarmohamed456/Football-Match-Outcome-Predictor/edefc091629a587271b911a08f88c1523502ff11/scraped_data/netherlands_eerste_divisie_2025-2026_match_data.csv,edefc091629a587271b911a08f88c1523502ff11,80,2026-09-04T07:16:33.275Z,Eerste Divisie,2025-26,2026-01-31,Helmond Sport,De Graafschap,0,0,D,,,,25,source_reported_FT,Helmond,De Graafschap
omarmohamed456/Football-Match-Outcome-Predictor,https://raw.githubusercontent.com/omarmohamed456/Football-Match-Outcome-Predictor/edefc091629a587271b911a08f88c1523502ff11/scraped_data/netherlands_eerste_divisie_2025-2026_match_data.csv,edefc091629a587271b911a08f88c1523502ff11,305,2026-09-04T07:16:33.275Z,Eerste Divisie,2025-26,2026-02-02,FC Utrecht J,VVV-Venlo,2,2,D,,,,25,source_reported_FT,Jong Utrecht,Venlo
omarmohamed456/Football-Match-Outcome-Predictor,https://raw.githubusercontent.com/omarmohamed456/Football-Match-Outcome-Predictor/edefc091629a587271b911a08f88c1523502ff11/scraped_data/netherlands_eerste_divisie_2025-2026_match_data.csv,edefc091629a587271b911a08f88c1523502ff11,267,2026-09-04T07:16:33.275Z,Eerste Divisie,2025-26,2026-02-02,Jong Ajax,Willem II,2,1,H,,,,25,source_reported_FT,Jong Ajax,Willem II
omarmohamed456/Football-Match-Outcome-Predictor,https://raw.githubusercontent.com/omarmohamed456/Football-Match-Outcome-Predictor/edefc091629a587271b911a08f88c1523502ff11/scraped_data/netherlands_eerste_divisie_2025-2026_match_data.csv,edefc091629a587271b911a08f88c1523502ff11,54,2026-09-04T07:16:33.275Z,Eerste Divisie,2025-26,2026-02-02,Jong PSV,SC Cambuur,3,2,H,,,,25,source_reported_FT,Jong PSV,Cambuur
omarmohamed456/Football-Match-Outcome-Predictor,https://raw.githubusercontent.com/omarmohamed456/Football-Match-Outcome-Predictor/edefc091629a587271b911a08f88c1523502ff11/scraped_data/netherlands_eerste_divisie_2025-2026_match_data.csv,edefc091629a587271b911a08f88c1523502ff11,25,2026-09-04T07:16:33.275Z,Eerste Divisie,2025-26,2026-02-02,MVV,Almere City FC,1,1,D,,,,22,source_reported_FT,Maastricht,Almere City
omarmohamed456/Football-Match-Outcome-Predictor,https://raw.githubusercontent.com/omarmohamed456/Football-Match-Outcome-Predictor/edefc091629a587271b911a08f88c1523502ff11/scraped_data/netherlands_eerste_divisie_2025-2026_match_data.csv,edefc091629a587271b911a08f88c1523502ff11,204,2026-09-04T07:16:33.275Z,Eerste Divisie,2025-26,2026-02-02,Vitesse,FC Eindhoven,1,1,D,,,,22,source_reported_FT,Vitesse,Eindhoven FC
omarmohamed456/Football-Match-Outcome-Predictor,https://raw.githubusercontent.com/omarmohamed456/Football-Match-Outcome-Predictor/edefc091629a587271b911a08f88c1523502ff11/scraped_data/netherlands_eerste_divisie_2025-2026_match_data.csv,edefc091629a587271b911a08f88c1523502ff11,163,2026-09-04T07:16:33.275Z,Eerste Divisie,2025-26,2026-02-03,FC Dordrecht,Helmond Sport,3,0,H,,,,22,source_reported_FT,Dordrecht,Helmond
omarmohamed456/Football-Match-Outcome-Predictor,https://raw.githubusercontent.com/omarmohamed456/Football-Match-Outcome-Predictor/edefc091629a587271b911a08f88c1523502ff11/scraped_data/netherlands_eerste_divisie_2025-2026_match_data.csv,edefc091629a587271b911a08f88c1523502ff11,81,2026-09-04T07:16:33.275Z,Eerste Divisie,2025-26,2026-02-06,De Graafschap,Jong Ajax,4,0,H,,,,26,source_reported_FT,De Graafschap,Jong Ajax
omarmohamed456/Football-Match-Outcome-Predictor,https://raw.githubusercontent.com/omarmohamed456/Football-Match-Outcome-Predictor/edefc091629a587271b911a08f88c1523502ff11/scraped_data/netherlands_eerste_divisie_2025-2026_match_data.csv,edefc091629a587271b911a08f88c1523502ff11,109,2026-09-04T07:16:33.275Z,Eerste Divisie,2025-26,2026-02-06,Helmond Sport,FC Den Bosch,2,0,H,,,,26,source_reported_FT,Helmond,Den Bosch
omarmohamed456/Football-Match-Outcome-Predictor,https://raw.githubusercontent.com/omarmohamed456/Football-Match-Outcome-Predictor/edefc091629a587271b911a08f88c1523502ff11/scraped_data/netherlands_eerste_divisie_2025-2026_match_data.csv,edefc091629a587271b911a08f88c1523502ff11,285,2026-09-04T07:16:33.275Z,Eerste Divisie,2025-26,2026-02-06,MVV,Jong PSV,2,1,H,,,,26,source_reported_FT,Maastricht,Jong PSV
omarmohamed456/Football-Match-Outcome-Predictor,https://raw.githubusercontent.com/omarmohamed456/Football-Match-Outcome-Predictor/edefc091629a587271b911a08f88c1523502ff11/scraped_data/netherlands_eerste_divisie_2025-2026_match_data.csv,edefc091629a587271b911a08f88c1523502ff11,149,2026-09-04T07:16:33.275Z,Eerste Divisie,2025-26,2026-02-06,Roda JC Kerkrade,ADO Den Haag,0,3,A,,,,26,source_reported_FT,Roda,Den Haag
omarmohamed456/Football-Match-Outcome-Predictor,https://raw.githubusercontent.com/omarmohamed456/Football-Match-Outcome-Predictor/edefc091629a587271b911a08f88c1523502ff11/scraped_data/netherlands_eerste_divisie_2025-2026_match_data.csv,edefc091629a587271b911a08f88c1523502ff11,334,2026-09-04T07:16:33.275Z,Eerste Divisie,2025-26,2026-02-06,TOP Oss,Vitesse,1,2,A,,,,26,source_reported_FT,Oss,Vitesse
omarmohamed456/Football-Match-Outcome-Predictor,https://raw.githubusercontent.com/omarmohamed456/Football-Match-Outcome-Predictor/edefc091629a587271b911a08f88c1523502ff11/scraped_data/netherlands_eerste_divisie_2025-2026_match_data.csv,edefc091629a587271b911a08f88c1523502ff11,201,2026-09-04T07:16:33.275Z,Eerste Divisie,2025-26,2026-02-07,VVV-Venlo,FC Eindhoven,1,0,H,,,,26,source_reported_FT,Venlo,Eindhoven FC
omarmohamed456/Football-Match-Outcome-Predictor,https://raw.githubusercontent.com/omarmohamed456/Football-Match-Outcome-Predictor/edefc091629a587271b911a08f88c1523502ff11/scraped_data/netherlands_eerste_divisie_2025-2026_match_data.csv,edefc091629a587271b911a08f88c1523502ff11,350,2026-09-04T07:16:33.275Z,Eerste Divisie,2025-26,2026-02-08,Willem II,Waalwijk,2,1,H,,,,26,source_reported_FT,Willem II,Waalwijk
omarmohamed456/Football-Match-Outcome-Predictor,https://raw.githubusercontent.com/omarmohamed456/Football-Match-Outcome-Predictor/edefc091629a587271b911a08f88c1523502ff11/scraped_data/netherlands_eerste_divisie_2025-2026_match_data.csv,edefc091629a587271b911a08f88c1523502ff11,168,2026-09-04T07:16:33.275Z,Eerste Divisie,2025-26,2026-02-09,AZ Alkmaar J,FC Dordrecht,1,2,A,,,,26,source_reported_FT,Jong AZ,Dordrecht
omarmohamed456/Football-Match-Outcome-Predictor,https://raw.githubusercontent.com/omarmohamed456/Football-Match-Outcome-Predictor/edefc091629a587271b911a08f88c1523502ff11/scraped_data/netherlands_eerste_divisie_2025-2026_match_data.csv,edefc091629a587271b911a08f88c1523502ff11,289,2026-09-04T07:16:33.275Z,Eerste Divisie,2025-26,2026-02-09,Jong PSV,TOP Oss,2,0,H,,,,22,source_reported_FT,Jong PSV,Oss
omarmohamed456/Football-Match-Outcome-Predictor,https://raw.githubusercontent.com/omarmohamed456/Football-Match-Outcome-Predictor/edefc091629a587271b911a08f88c1523502ff11/scraped_data/netherlands_eerste_divisie_2025-2026_match_data.csv,edefc091629a587271b911a08f88c1523502ff11,106,2026-09-04T07:16:33.275Z,Eerste Divisie,2025-26,2026-02-12,FC Den Bosch,FC Eindhoven,2,1,H,,,,27,source_reported_FT,Den Bosch,Eindhoven FC
omarmohamed456/Football-Match-Outcome-Predictor,https://raw.githubusercontent.com/omarmohamed456/Football-Match-Outcome-Predictor/edefc091629a587271b911a08f88c1523502ff11/scraped_data/netherlands_eerste_divisie_2025-2026_match_data.csv,edefc091629a587271b911a08f88c1523502ff11,147,2026-09-04T07:16:33.275Z,Eerste Divisie,2025-26,2026-02-13,ADO Den Haag,MVV,3,0,H,,,,27,source_reported_FT,Den Haag,Maastricht
omarmohamed456/Football-Match-Outcome-Predictor,https://raw.githubusercontent.com/omarmohamed456/Football-Match-Outcome-Predictor/edefc091629a587271b911a08f88c1523502ff11/scraped_data/netherlands_eerste_divisie_2025-2026_match_data.csv,edefc091629a587271b911a08f88c1523502ff11,15,2026-09-04T07:16:33.275Z,Eerste Divisie,2025-26,2026-02-13,Almere City FC,Helmond Sport,0,1,A,,,,27,source_reported_FT,Almere City,Helmond
omarmohamed456/Football-Match-Outcome-Predictor,https://raw.githubusercontent.com/omarmohamed456/Football-Match-Outcome-Predictor/edefc091629a587271b911a08f88c1523502ff11/scraped_data/netherlands_eerste_divisie_2025-2026_match_data.csv,edefc091629a587271b911a08f88c1523502ff11,161,2026-09-04T07:16:33.275Z,Eerste Divisie,2025-26,2026-02-13,FC Dordrecht,FC Emmen,1,0,H,,,,27,source_reported_FT,Dordrecht,FC Emmen
omarmohamed456/Football-Match-Outcome-Predictor,https://raw.githubusercontent.com/omarmohamed456/Football-Match-Outcome-Predictor/edefc091629a587271b911a08f88c1523502ff11/scraped_data/netherlands_eerste_divisie_2025-2026_match_data.csv,edefc091629a587271b911a08f88c1523502ff11,86,2026-09-04T07:16:33.275Z,Eerste Divisie,2025-26,2026-02-13,Jong PSV,De Graafschap,1,2,A,,,,27,source_reported_FT,Jong PSV,De Graafschap
omarmohamed456/Football-Match-Outcome-Predictor,https://raw.githubusercontent.com/omarmohamed456/Football-Match-Outcome-Predictor/edefc091629a587271b911a08f88c1523502ff11/scraped_data/netherlands_eerste_divisie_2025-2026_match_data.csv,edefc091629a587271b911a08f88c1523502ff11,275,2026-09-04T07:16:33.275Z,Eerste Divisie,2025-26,2026-02-13,TOP Oss,AZ Alkmaar J,0,3,A,,,,27,source_reported_FT,Oss,Jong AZ
omarmohamed456/Football-Match-Outcome-Predictor,https://raw.githubusercontent.com/omarmohamed456/Football-Match-Outcome-Predictor/edefc091629a587271b911a08f88c1523502ff11/scraped_data/netherlands_eerste_divisie_2025-2026_match_data.csv,edefc091629a587271b911a08f88c1523502ff11,327,2026-09-04T07:16:33.275Z,Eerste Divisie,2025-26,2026-02-13,Waalwijk,Roda JC Kerkrade,1,2,A,,,,27,source_reported_FT,Waalwijk,Roda
omarmohamed456/Football-Match-Outcome-Predictor,https://raw.githubusercontent.com/omarmohamed456/Football-Match-Outcome-Predictor/edefc091629a587271b911a08f88c1523502ff11/scraped_data/netherlands_eerste_divisie_2025-2026_match_data.csv,edefc091629a587271b911a08f88c1523502ff11,340,2026-09-04T07:16:33.275Z,Eerste Divisie,2025-26,2026-02-14,Vitesse,VVV-Venlo,2,2,D,,,,27,source_reported_FT,Vitesse,Venlo
omarmohamed456/Football-Match-Outcome-Predictor,https://raw.githubusercontent.com/omarmohamed456/Football-Match-Outcome-Predictor/edefc091629a587271b911a08f88c1523502ff11/scraped_data/netherlands_eerste_divisie_2025-2026_match_data.csv,edefc091629a587271b911a08f88c1523502ff11,309,2026-09-04T07:16:33.275Z,Eerste Divisie,2025-26,2026-02-16,FC Utrecht J,Willem II,1,1,D,,,,27,source_reported_FT,Jong Utrecht,Willem II
omarmohamed456/Football-Match-Outcome-Predictor,https://raw.githubusercontent.com/omarmohamed456/Football-Match-Outcome-Predictor/edefc091629a587271b911a08f88c1523502ff11/scraped_data/netherlands_eerste_divisie_2025-2026_match_data.csv,edefc091629a587271b911a08f88c1523502ff11,49,2026-09-04T07:16:33.275Z,Eerste Divisie,2025-26,2026-02-16,Jong Ajax,SC Cambuur,1,2,A,,,,27,source_reported_FT,Jong Ajax,Cambuur
omarmohamed456/Football-Match-Outcome-Predictor,https://raw.githubusercontent.com/omarmohamed456/Football-Match-Outcome-Predictor/edefc091629a587271b911a08f88c1523502ff11/scraped_data/netherlands_eerste_divisie_2025-2026_match_data.csv,edefc091629a587271b911a08f88c1523502ff11,88,2026-09-04T07:16:33.275Z,Eerste Divisie,2025-26,2026-02-20,De Graafschap,FC Utrecht J,1,0,H,,,,28,source_reported_FT,De Graafschap,Jong Utrecht
omarmohamed456/Football-Match-Outcome-Predictor,https://raw.githubusercontent.com/omarmohamed456/Football-Match-Outcome-Predictor/edefc091629a587271b911a08f88c1523502ff11/scraped_data/netherlands_eerste_divisie_2025-2026_match_data.csv,edefc091629a587271b911a08f88c1523502ff11,166,2026-09-04T07:16:33.275Z,Eerste Divisie,2025-26,2026-02-20,FC Dordrecht,Jong Ajax,0,1,A,,,,28,source_reported_FT,Dordrecht,Jong Ajax
omarmohamed456/Football-Match-Outcome-Predictor,https://raw.githubusercontent.com/omarmohamed456/Football-Match-Outcome-Predictor/edefc091629a587271b911a08f88c1523502ff11/scraped_data/netherlands_eerste_divisie_2025-2026_match_data.csv,edefc091629a587271b911a08f88c1523502ff11,216,2026-09-04T07:16:33.275Z,Eerste Divisie,2025-26,2026-02-20,FC Emmen,Jong PSV,2,3,A,,,,28,source_reported_FT,FC Emmen,Jong PSV
omarmohamed456/Football-Match-Outcome-Predictor,https://raw.githubusercontent.com/omarmohamed456/Football-Match-Outcome-Predictor/edefc091629a587271b911a08f88c1523502ff11/scraped_data/netherlands_eerste_divisie_2025-2026_match_data.csv,edefc091629a587271b911a08f88c1523502ff11,137,2026-09-04T07:16:33.275Z,Eerste Divisie,2025-26,2026-02-20,Helmond Sport,ADO Den Haag,1,3,A,,,,28,source_reported_FT,Helmond,Den Haag
omarmohamed456/Football-Match-Outcome-Predictor,https://raw.githubusercontent.com/omarmohamed456/Football-Match-Outcome-Predictor/edefc091629a587271b911a08f88c1523502ff11/scraped_data/netherlands_eerste_divisie_2025-2026_match_data.csv,edefc091629a587271b911a08f88c1523502ff11,67,2026-09-04T07:16:33.275Z,Eerste Divisie,2025-26,2026-02-20,SC Cambuur,Waalwijk,1,1,D,,,,28,source_reported_FT,Cambuur,Waalwijk
omarmohamed456/Football-Match-Outcome-Predictor,https://raw.githubusercontent.com/omarmohamed456/Football-Match-Outcome-Predictor/edefc091629a587271b911a08f88c1523502ff11/scraped_data/netherlands_eerste_divisie_2025-2026_match_data.csv,edefc091629a587271b911a08f88c1523502ff11,332,2026-09-04T07:16:33.275Z,Eerste Divisie,2025-26,2026-02-20,VVV-Venlo,TOP Oss,1,1,D,,,,28,source_reported_FT,Venlo,Oss
omarmohamed456/Football-Match-Outcome-Predictor,https://raw.githubusercontent.com/omarmohamed456/Football-Match-Outcome-Predictor/edefc091629a587271b911a08f88c1523502ff11/scraped_data/netherlands_eerste_divisie_2025-2026_match_data.csv,edefc091629a587271b911a08f88c1523502ff11,348,2026-09-04T07:16:33.275Z,Eerste Divisie,2025-26,2026-02-20,Willem II,Vitesse,3,0,H,,,,28,source_reported_FT,Willem II,Vitesse
omarmohamed456/Football-Match-Outcome-Predictor,https://raw.githubusercontent.com/omarmohamed456/Football-Match-Outcome-Predictor/edefc091629a587271b911a08f88c1523502ff11/scraped_data/netherlands_eerste_divisie_2025-2026_match_data.csv,edefc091629a587271b911a08f88c1523502ff11,12,2026-09-04T07:16:33.275Z,Eerste Divisie,2025-26,2026-02-21,FC Eindhoven,Almere City FC,3,2,H,,,,28,source_reported_FT,Eindhoven FC,Almere City
omarmohamed456/Football-Match-Outcome-Predictor,https://raw.githubusercontent.com/omarmohamed456/Football-Match-Outcome-Predictor/edefc091629a587271b911a08f88c1523502ff11/scraped_data/netherlands_eerste_divisie_2025-2026_match_data.csv,edefc091629a587271b911a08f88c1523502ff11,311,2026-09-04T07:16:33.275Z,Eerste Divisie,2025-26,2026-02-22,Roda JC Kerkrade,MVV,2,0,H,,,,28,source_reported_FT,Roda,Maastricht
omarmohamed456/Football-Match-Outcome-Predictor,https://raw.githubusercontent.com/omarmohamed456/Football-Match-Outcome-Predictor/edefc091629a587271b911a08f88c1523502ff11/scraped_data/netherlands_eerste_divisie_2025-2026_match_data.csv,edefc091629a587271b911a08f88c1523502ff11,113,2026-09-04T07:16:33.275Z,Eerste Divisie,2025-26,2026-02-23,AZ Alkmaar J,FC Den Bosch,2,2,D,,,,28,source_reported_FT,Jong AZ,Den Bosch
omarmohamed456/Football-Match-Outcome-Predictor,https://raw.githubusercontent.com/omarmohamed456/Football-Match-Outcome-Predictor/edefc091629a587271b911a08f88c1523502ff11/scraped_data/netherlands_eerste_divisie_2025-2026_match_data.csv,edefc091629a587271b911a08f88c1523502ff11,212,2026-09-04T07:16:33.275Z,Eerste Divisie,2025-26,2026-02-23,FC Emmen,Jong Ajax,0,0,D,,,,24,source_reported_FT,FC Emmen,Jong Ajax
omarmohamed456/Football-Match-Outcome-Predictor,https://raw.githubusercontent.com/omarmohamed456/Football-Match-Outcome-Predictor/edefc091629a587271b911a08f88c1523502ff11/scraped_data/netherlands_eerste_divisie_2025-2026_match_data.csv,edefc091629a587271b911a08f88c1523502ff11,43,2026-09-04T07:16:33.275Z,Eerste Divisie,2025-26,2026-02-24,SC Cambuur,FC Eindhoven,2,1,H,,,,24,source_reported_FT,Cambuur,Eindhoven FC
omarmohamed456/Football-Match-Outcome-Predictor,https://raw.githubusercontent.com/omarmohamed456/Football-Match-Outcome-Predictor/edefc091629a587271b911a08f88c1523502ff11/scraped_data/netherlands_eerste_divisie_2025-2026_match_data.csv,edefc091629a587271b911a08f88c1523502ff11,158,2026-09-04T07:16:33.275Z,Eerste Divisie,2025-26,2026-02-24,Willem II,ADO Den Haag,0,1,A,,,,22,source_reported_FT,Willem II,Den Haag
omarmohamed456/Football-Match-Outcome-Predictor,https://raw.githubusercontent.com/omarmohamed456/Football-Match-Outcome-Predictor/edefc091629a587271b911a08f88c1523502ff11/scraped_data/netherlands_eerste_divisie_2025-2026_match_data.csv,edefc091629a587271b911a08f88c1523502ff11,152,2026-09-04T07:16:33.275Z,Eerste Divisie,2025-26,2026-02-27,ADO Den Haag,VVV-Venlo,1,0,H,,,,29,source_reported_FT,Den Haag,Venlo
omarmohamed456/Football-Match-Outcome-Predictor,https://raw.githubusercontent.com/omarmohamed456/Football-Match-Outcome-Predictor/edefc091629a587271b911a08f88c1523502ff11/scraped_data/netherlands_eerste_divisie_2025-2026_match_data.csv,edefc091629a587271b911a08f88c1523502ff11,120,2026-09-04T07:16:33.275Z,Eerste Divisie,2025-26,2026-02-27,FC Den Bosch,Roda JC Kerkrade,2,2,D,,,,29,source_reported_FT,Den Bosch,Roda
omarmohamed456/Football-Match-Outcome-Predictor,https://raw.githubusercontent.com/omarmohamed456/Football-Match-Outcome-Predictor/edefc091629a587271b911a08f88c1523502ff11/scraped_data/netherlands_eerste_divisie_2025-2026_match_data.csv,edefc091629a587271b911a08f88c1523502ff11,229,2026-09-04T07:16:33.275Z,Eerste Divisie,2025-26,2026-02-27,FC Emmen,Willem II,0,3,A,,,,29,source_reported_FT,FC Emmen,Willem II
omarmohamed456/Football-Match-Outcome-Predictor,https://raw.githubusercontent.com/omarmohamed456/Football-Match-Outcome-Predictor/edefc091629a587271b911a08f88c1523502ff11/scraped_data/netherlands_eerste_divisie_2025-2026_match_data.csv,edefc091629a587271b911a08f88c1523502ff11,23,2026-09-04T07:16:33.275Z,Eerste Divisie,2025-26,2026-02-27,FC Utrecht J,Almere City FC,2,3,A,,,,29,source_reported_FT,Jong Utrecht,Almere City
omarmohamed456/Football-Match-Outcome-Predictor,https://raw.githubusercontent.com/omarmohamed456/Football-Match-Outcome-Predictor/edefc091629a587271b911a08f88c1523502ff11/scraped_data/netherlands_eerste_divisie_2025-2026_match_data.csv,edefc091629a587271b911a08f88c1523502ff11,231,2026-09-04T07:16:33.275Z,Eerste Divisie,2025-26,2026-02-27,Jong Ajax,Helmond Sport,5,1,H,,,,29,source_reported_FT,Jong Ajax,Helmond
omarmohamed456/Football-Match-Outcome-Predictor,https://raw.githubusercontent.com/omarmohamed456/Football-Match-Outcome-Predictor/edefc091629a587271b911a08f88c1523502ff11/scraped_data/netherlands_eerste_divisie_2025-2026_match_data.csv,edefc091629a587271b911a08f88c1523502ff11,170,2026-09-04T07:16:33.275Z,Eerste Divisie,2025-26,2026-02-27,Jong PSV,FC Dordrecht,1,1,D,,,,29,source_reported_FT,Jong PSV,Dordrecht
omarmohamed456/Football-Match-Outcome-Predictor,https://raw.githubusercontent.com/omarmohamed456/Football-Match-Outcome-Predictor/edefc091629a587271b911a08f88c1523502ff11/scraped_data/netherlands_eerste_divisie_2025-2026_match_data.csv,edefc091629a587271b911a08f88c1523502ff11,90,2026-09-04T07:16:33.275Z,Eerste Divisie,2025-26,2026-02-27,MVV,De Graafschap,3,3,D,,,,29,source_reported_FT,Maastricht,De Graafschap
omarmohamed456/Football-Match-Outcome-Predictor,https://raw.githubusercontent.com/omarmohamed456/Football-Match-Outcome-Predictor/edefc091629a587271b911a08f88c1523502ff11/scraped_data/netherlands_eerste_divisie_2025-2026_match_data.csv,edefc091629a587271b911a08f88c1523502ff11,61,2026-09-04T07:16:33.275Z,Eerste Divisie,2025-26,2026-02-27,TOP Oss,SC Cambuur,1,2,A,,,,29,source_reported_FT,Oss,Cambuur
omarmohamed456/Football-Match-Outcome-Predictor,https://raw.githubusercontent.com/omarmohamed456/Football-Match-Outcome-Predictor/edefc091629a587271b911a08f88c1523502ff11/scraped_data/netherlands_eerste_divisie_2025-2026_match_data.csv,edefc091629a587271b911a08f88c1523502ff11,279,2026-09-04T07:16:33.275Z,Eerste Divisie,2025-26,2026-02-27,Vitesse,AZ Alkmaar J,2,0,H,,,,29,source_reported_FT,Vitesse,Jong AZ
omarmohamed456/Football-Match-Outcome-Predictor,https://raw.githubusercontent.com/omarmohamed456/Football-Match-Outcome-Predictor/edefc091629a587271b911a08f88c1523502ff11/scraped_data/netherlands_eerste_divisie_2025-2026_match_data.csv,edefc091629a587271b911a08f88c1523502ff11,206,2026-09-04T07:16:33.275Z,Eerste Divisie,2025-26,2026-02-27,Waalwijk,FC Eindhoven,2,1,H,,,,29,source_reported_FT,Waalwijk,Eindhoven FC
omarmohamed456/Football-Match-Outcome-Predictor,https://raw.githubusercontent.com/omarmohamed456/Football-Match-Outcome-Predictor/edefc091629a587271b911a08f88c1523502ff11/scraped_data/netherlands_eerste_divisie_2025-2026_match_data.csv,edefc091629a587271b911a08f88c1523502ff11,218,2026-09-04T07:16:33.275Z,Eerste Divisie,2025-26,2026-03-02,FC Emmen,FC Utrecht J,1,0,H,,,,26,source_reported_FT,FC Emmen,Jong Utrecht
omarmohamed456/Football-Match-Outcome-Predictor,https://raw.githubusercontent.com/omarmohamed456/Football-Match-Outcome-Predictor/edefc091629a587271b911a08f88c1523502ff11/scraped_data/netherlands_eerste_divisie_2025-2026_match_data.csv,edefc091629a587271b911a08f88c1523502ff11,3,2026-09-04T07:16:33.275Z,Eerste Divisie,2025-26,2026-03-03,SC Cambuur,Almere City FC,3,2,H,,,,26,source_reported_FT,Cambuur,Almere City
omarmohamed456/Football-Match-Outcome-Predictor,https://raw.githubusercontent.com/omarmohamed456/Football-Match-Outcome-Predictor/edefc091629a587271b911a08f88c1523502ff11/scraped_data/netherlands_eerste_divisie_2025-2026_match_data.csv,edefc091629a587271b911a08f88c1523502ff11,173,2026-09-04T07:16:33.275Z,Eerste Divisie,2025-26,2026-03-06,FC Dordrecht,MVV,1,1,D,,,,30,source_reported_FT,Dordrecht,Maastricht
omarmohamed456/Football-Match-Outcome-Predictor,https://raw.githubusercontent.com/omarmohamed456/Football-Match-Outcome-Predictor/edefc091629a587271b911a08f88c1523502ff11/scraped_data/netherlands_eerste_divisie_2025-2026_match_data.csv,edefc091629a587271b911a08f88c1523502ff11,189,2026-09-04T07:16:33.275Z,Eerste Divisie,2025-26,2026-03-06,FC Eindhoven,Jong Ajax,2,1,H,,,,30,source_reported_FT,Eindhoven FC,Jong Ajax
omarmohamed456/Football-Match-Outcome-Predictor,https://raw.githubusercontent.com/omarmohamed456/Football-Match-Outcome-Predictor/edefc091629a587271b911a08f88c1523502ff11/scraped_data/netherlands_eerste_divisie_2025-2026_match_data.csv,edefc091629a587271b911a08f88c1523502ff11,242,2026-09-04T07:16:33.275Z,Eerste Divisie,2025-26,2026-03-06,Helmond Sport,TOP Oss,1,1,D,,,,30,source_reported_FT,Helmond,Oss
omarmohamed456/Football-Match-Outcome-Predictor,https://raw.githubusercontent.com/omarmohamed456/Football-Match-Outcome-Predictor/edefc091629a587271b911a08f88c1523502ff11/scraped_data/netherlands_eerste_divisie_2025-2026_match_data.csv,edefc091629a587271b911a08f88c1523502ff11,288,2026-09-04T07:16:33.275Z,Eerste Divisie,2025-26,2026-03-06,Roda JC Kerkrade,Jong PSV,0,2,A,,,,30,source_reported_FT,Roda,Jong PSV
omarmohamed456/Football-Match-Outcome-Predictor,https://raw.githubusercontent.com/omarmohamed456/Football-Match-Outcome-Predictor/edefc091629a587271b911a08f88c1523502ff11/scraped_data/netherlands_eerste_divisie_2025-2026_match_data.csv,edefc091629a587271b911a08f88c1523502ff11,341,2026-09-04T07:16:33.275Z,Eerste Divisie,2025-26,2026-03-06,VVV-Venlo,Waalwijk,0,3,A,,,,30,source_reported_FT,Venlo,Waalwijk
omarmohamed456/Football-Match-Outcome-Predictor,https://raw.githubusercontent.com/omarmohamed456/Football-Match-Outcome-Predictor/edefc091629a587271b911a08f88c1523502ff11/scraped_data/netherlands_eerste_divisie_2025-2026_match_data.csv,edefc091629a587271b911a08f88c1523502ff11,8,2026-09-04T07:16:33.275Z,Eerste Divisie,2025-26,2026-03-07,Almere City FC,ADO Den Haag,1,0,H,,,,30,source_reported_FT,Almere City,Den Haag
omarmohamed456/Football-Match-Outcome-Predictor,https://raw.githubusercontent.com/omarmohamed456/Football-Match-Outcome-Predictor/edefc091629a587271b911a08f88c1523502ff11/scraped_data/netherlands_eerste_divisie_2025-2026_match_data.csv,edefc091629a587271b911a08f88c1523502ff11,96,2026-09-04T07:16:33.275Z,Eerste Divisie,2025-26,2026-03-08,De Graafschap,Vitesse,1,4,A,,,,30,source_reported_FT,De Graafschap,Vitesse
omarmohamed456/Football-Match-Outcome-Predictor,https://raw.githubusercontent.com/omarmohamed456/Football-Match-Outcome-Predictor/edefc091629a587271b911a08f88c1523502ff11/scraped_data/netherlands_eerste_divisie_2025-2026_match_data.csv,edefc091629a587271b911a08f88c1523502ff11,56,2026-09-04T07:16:33.275Z,Eerste Divisie,2025-26,2026-03-08,SC Cambuur,FC Utrecht J,1,0,H,,,,30,source_reported_FT,Cambuur,Jong Utrecht
omarmohamed456/Football-Match-Outcome-Predictor,https://raw.githubusercontent.com/omarmohamed456/Football-Match-Outcome-Predictor/edefc091629a587271b911a08f88c1523502ff11/scraped_data/netherlands_eerste_divisie_2025-2026_match_data.csv,edefc091629a587271b911a08f88c1523502ff11,130,2026-09-04T07:16:33.275Z,Eerste Divisie,2025-26,2026-03-08,Willem II,FC Den Bosch,1,1,D,,,,30,source_reported_FT,Willem II,Den Bosch
omarmohamed456/Football-Match-Outcome-Predictor,https://raw.githubusercontent.com/omarmohamed456/Football-Match-Outcome-Predictor/edefc091629a587271b911a08f88c1523502ff11/scraped_data/netherlands_eerste_divisie_2025-2026_match_data.csv,edefc091629a587271b911a08f88c1523502ff11,213,2026-09-04T07:16:33.275Z,Eerste Divisie,2025-26,2026-03-09,AZ Alkmaar J,FC Emmen,2,3,A,,,,30,source_reported_FT,Jong AZ,FC Emmen
omarmohamed456/Football-Match-Outcome-Predictor,https://raw.githubusercontent.com/omarmohamed456/Football-Match-Outcome-Predictor/edefc091629a587271b911a08f88c1523502ff11/scraped_data/netherlands_eerste_divisie_2025-2026_match_data.csv,edefc091629a587271b911a08f88c1523502ff11,135,2026-09-04T07:16:33.275Z,Eerste Divisie,2025-26,2026-03-13,FC Emmen,ADO Den Haag,0,1,A,,,,31,source_reported_FT,FC Emmen,Den Haag
omarmohamed456/Football-Match-Outcome-Predictor,https://raw.githubusercontent.com/omarmohamed456/Football-Match-Outcome-Predictor/edefc091629a587271b911a08f88c1523502ff11/scraped_data/netherlands_eerste_divisie_2025-2026_match_data.csv,edefc091629a587271b911a08f88c1523502ff11,237,2026-09-04T07:16:33.275Z,Eerste Divisie,2025-26,2026-03-13,FC Utrecht J,Helmond Sport,1,0,H,,,,31,source_reported_FT,Jong Utrecht,Helmond
omarmohamed456/Football-Match-Outcome-Predictor,https://raw.githubusercontent.com/omarmohamed456/Football-Match-Outcome-Predictor/edefc091629a587271b911a08f88c1523502ff11/scraped_data/netherlands_eerste_divisie_2025-2026_match_data.csv,edefc091629a587271b911a08f88c1523502ff11,111,2026-09-04T07:16:33.275Z,Eerste Divisie,2025-26,2026-03-13,Jong Ajax,FC Den Bosch,3,2,H,,,,31,source_reported_FT,Jong Ajax,Den Bosch
omarmohamed456/Football-Match-Outcome-Predictor,https://raw.githubusercontent.com/omarmohamed456/Football-Match-Outcome-Predictor/edefc091629a587271b911a08f88c1523502ff11/scraped_data/netherlands_eerste_divisie_2025-2026_match_data.csv,edefc091629a587271b911a08f88c1523502ff11,193,2026-09-04T07:16:33.275Z,Eerste Divisie,2025-26,2026-03-13,Jong PSV,FC Eindhoven,1,2,A,,,,31,source_reported_FT,Jong PSV,Eindhoven FC
omarmohamed456/Football-Match-Outcome-Predictor,https://raw.githubusercontent.com/omarmohamed456/Football-Match-Outcome-Predictor/edefc091629a587271b911a08f88c1523502ff11/scraped_data/netherlands_eerste_divisie_2025-2026_match_data.csv,edefc091629a587271b911a08f88c1523502ff11,315,2026-09-04T07:16:33.275Z,Eerste Divisie,2025-26,2026-03-13,MVV,VVV-Venlo,2,1,H,,,,31,source_reported_FT,Maastricht,Venlo
omarmohamed456/Football-Match-Outcome-Predictor,https://raw.githubusercontent.com/omarmohamed456/Football-Match-Outcome-Predictor/edefc091629a587271b911a08f88c1523502ff11/scraped_data/netherlands_eerste_divisie_2025-2026_match_data.csv,edefc091629a587271b911a08f88c1523502ff11,59,2026-09-04T07:16:33.275Z,Eerste Divisie,2025-26,2026-03-13,SC Cambuur,Roda JC Kerkrade,1,1,D,,,,31,source_reported_FT,Cambuur,Roda
omarmohamed456/Football-Match-Outcome-Predictor,https://raw.githubusercontent.com/omarmohamed456/Football-Match-Outcome-Predictor/edefc091629a587271b911a08f88c1523502ff11/scraped_data/netherlands_eerste_divisie_2025-2026_match_data.csv,edefc091629a587271b911a08f88c1523502ff11,337,2026-09-04T07:16:33.275Z,Eerste Divisie,2025-26,2026-03-13,TOP Oss,Willem II,1,3,A,,,,31,source_reported_FT,Oss,Willem II
omarmohamed456/Football-Match-Outcome-Predictor,https://raw.githubusercontent.com/omarmohamed456/Football-Match-Outcome-Predictor/edefc091629a587271b911a08f88c1523502ff11/scraped_data/netherlands_eerste_divisie_2025-2026_match_data.csv,edefc091629a587271b911a08f88c1523502ff11,33,2026-09-04T07:16:33.275Z,Eerste Divisie,2025-26,2026-03-13,Vitesse,Almere City FC,1,3,A,,,,31,source_reported_FT,Vitesse,Almere City
omarmohamed456/Football-Match-Outcome-Predictor,https://raw.githubusercontent.com/omarmohamed456/Football-Match-Outcome-Predictor/edefc091629a587271b911a08f88c1523502ff11/scraped_data/netherlands_eerste_divisie_2025-2026_match_data.csv,edefc091629a587271b911a08f88c1523502ff11,281,2026-09-04T07:16:33.275Z,Eerste Divisie,2025-26,2026-03-13,Waalwijk,AZ Alkmaar J,2,1,H,,,,31,source_reported_FT,Waalwijk,Jong AZ
omarmohamed456/Football-Match-Outcome-Predictor,https://raw.githubusercontent.com/omarmohamed456/Football-Match-Outcome-Predictor/edefc091629a587271b911a08f88c1523502ff11/scraped_data/netherlands_eerste_divisie_2025-2026_match_data.csv,edefc091629a587271b911a08f88c1523502ff11,74,2026-09-04T07:16:33.275Z,Eerste Divisie,2025-26,2026-03-14,De Graafschap,FC Dordrecht,2,1,H,,,,31,source_reported_FT,De Graafschap,Dordrecht
omarmohamed456/Football-Match-Outcome-Predictor,https://raw.githubusercontent.com/omarmohamed456/Football-Match-Outcome-Predictor/edefc091629a587271b911a08f88c1523502ff11/scraped_data/netherlands_eerste_divisie_2025-2026_match_data.csv,edefc091629a587271b911a08f88c1523502ff11,271,2026-09-04T07:16:33.275Z,Eerste Divisie,2025-26,2026-03-16,AZ Alkmaar J,MVV,1,1,D,,,,32,source_reported_FT,Jong AZ,Maastricht
omarmohamed456/Football-Match-Outcome-Predictor,https://raw.githubusercontent.com/omarmohamed456/Football-Match-Outcome-Predictor/edefc091629a587271b911a08f88c1523502ff11/scraped_data/netherlands_eerste_divisie_2025-2026_match_data.csv,edefc091629a587271b911a08f88c1523502ff11,116,2026-09-04T07:16:33.275Z,Eerste Divisie,2025-26,2026-03-16,FC Den Bosch,Jong PSV,1,0,H,,,,32,source_reported_FT,Den Bosch,Jong PSV
omarmohamed456/Football-Match-Outcome-Predictor,https://raw.githubusercontent.com/omarmohamed456/Football-Match-Outcome-Predictor/edefc091629a587271b911a08f88c1523502ff11/scraped_data/netherlands_eerste_divisie_2025-2026_match_data.csv,edefc091629a587271b911a08f88c1523502ff11,48,2026-09-04T07:16:33.275Z,Eerste Divisie,2025-26,2026-03-16,Helmond Sport,SC Cambuur,0,1,A,,,,32,source_reported_FT,Helmond,Cambuur
omarmohamed456/Football-Match-Outcome-Predictor,https://raw.githubusercontent.com/omarmohamed456/Football-Match-Outcome-Predictor/edefc091629a587271b911a08f88c1523502ff11/scraped_data/netherlands_eerste_divisie_2025-2026_match_data.csv,edefc091629a587271b911a08f88c1523502ff11,325,2026-09-04T07:16:33.275Z,Eerste Divisie,2025-26,2026-03-16,Roda JC Kerkrade,Vitesse,0,1,A,,,,32,source_reported_FT,Roda,Vitesse
omarmohamed456/Football-Match-Outcome-Predictor,https://raw.githubusercontent.com/omarmohamed456/Football-Match-Outcome-Predictor/edefc091629a587271b911a08f88c1523502ff11/scraped_data/netherlands_eerste_divisie_2025-2026_match_data.csv,edefc091629a587271b911a08f88c1523502ff11,145,2026-09-04T07:16:33.275Z,Eerste Divisie,2025-26,2026-03-17,ADO Den Haag,FC Utrecht J,1,0,H,,,,32,source_reported_FT,Den Haag,Jong Utrecht
omarmohamed456/Football-Match-Outcome-Predictor,https://raw.githubusercontent.com/omarmohamed456/Football-Match-Outcome-Predictor/edefc091629a587271b911a08f88c1523502ff11/scraped_data/netherlands_eerste_divisie_2025-2026_match_data.csv,edefc091629a587271b911a08f88c1523502ff11,34,2026-09-04T07:16:33.275Z,Eerste Divisie,2025-26,2026-03-17,Almere City FC,Waalwijk,2,2,D,,,,32,source_reported_FT,Almere City,Waalwijk
omarmohamed456/Football-Match-Outcome-Predictor,https://raw.githubusercontent.com/omarmohamed456/Football-Match-Outcome-Predictor/edefc091629a587271b911a08f88c1523502ff11/scraped_data/netherlands_eerste_divisie_2025-2026_match_data.csv,edefc091629a587271b911a08f88c1523502ff11,177,2026-09-04T07:16:33.275Z,Eerste Divisie,2025-26,2026-03-17,FC Dordrecht,TOP Oss,2,2,D,,,,32,source_reported_FT,Dordrecht,Oss
omarmohamed456/Football-Match-Outcome-Predictor,https://raw.githubusercontent.com/omarmohamed456/Football-Match-Outcome-Predictor/edefc091629a587271b911a08f88c1523502ff11/scraped_data/netherlands_eerste_divisie_2025-2026_match_data.csv,edefc091629a587271b911a08f88c1523502ff11,261,2026-09-04T07:16:33.275Z,Eerste Divisie,2025-26,2026-03-17,VVV-Venlo,Jong Ajax,0,1,A,,,,32,source_reported_FT,Venlo,Jong Ajax
omarmohamed456/Football-Match-Outcome-Predictor,https://raw.githubusercontent.com/omarmohamed456/Football-Match-Outcome-Predictor/edefc091629a587271b911a08f88c1523502ff11/scraped_data/netherlands_eerste_divisie_2025-2026_match_data.csv,edefc091629a587271b911a08f88c1523502ff11,225,2026-09-04T07:16:33.275Z,Eerste Divisie,2025-26,2026-03-20,FC Emmen,VVV-Venlo,2,2,D,,,,33,source_reported_FT,FC Emmen,Venlo
omarmohamed456/Football-Match-Outcome-Predictor,https://raw.githubusercontent.com/omarmohamed456/Football-Match-Outcome-Predictor/edefc091629a587271b911a08f88c1523502ff11/scraped_data/netherlands_eerste_divisie_2025-2026_match_data.csv,edefc091629a587271b911a08f88c1523502ff11,172,2026-09-04T07:16:33.275Z,Eerste Divisie,2025-26,2026-03-20,FC Utrecht J,FC Dordrecht,3,1,H,,,,33,source_reported_FT,Jong Utrecht,Dordrecht
omarmohamed456/Football-Match-Outcome-Predictor,https://raw.githubusercontent.com/omarmohamed456/Football-Match-Outcome-Predictor/edefc091629a587271b911a08f88c1523502ff11/scraped_data/netherlands_eerste_divisie_2025-2026_match_data.csv,edefc091629a587271b911a08f88c1523502ff11,17,2026-09-04T07:16:33.275Z,Eerste Divisie,2025-26,2026-03-20,Jong Ajax,Almere City FC,0,2,A,,,,33,source_reported_FT,Jong Ajax,Almere City
omarmohamed456/Football-Match-Outcome-Predictor,https://raw.githubusercontent.com/omarmohamed456/Football-Match-Outcome-Predictor/edefc091629a587271b911a08f88c1523502ff11/scraped_data/netherlands_eerste_divisie_2025-2026_match_data.csv,edefc091629a587271b911a08f88c1523502ff11,293,2026-09-04T07:16:33.275Z,Eerste Divisie,2025-26,2026-03-20,Jong PSV,Vitesse,0,2,A,,,,33,source_reported_FT,Jong PSV,Vitesse
omarmohamed456/Football-Match-Outcome-Predictor,https://raw.githubusercontent.com/omarmohamed456/Football-Match-Outcome-Predictor/edefc091629a587271b911a08f88c1523502ff11/scraped_data/netherlands_eerste_divisie_2025-2026_match_data.csv,edefc091629a587271b911a08f88c1523502ff11,241,2026-09-04T07:16:33.275Z,Eerste Divisie,2025-26,2026-03-20,Roda JC Kerkrade,Helmond Sport,1,1,D,,,,33,source_reported_FT,Roda,Helmond
omarmohamed456/Football-Match-Outcome-Predictor,https://raw.githubusercontent.com/omarmohamed456/Football-Match-Outcome-Predictor/edefc091629a587271b911a08f88c1523502ff11/scraped_data/netherlands_eerste_divisie_2025-2026_match_data.csv,edefc091629a587271b911a08f88c1523502ff11,52,2026-09-04T07:16:33.275Z,Eerste Divisie,2025-26,2026-03-20,SC Cambuur,AZ Alkmaar J,3,4,A,,,,33,source_reported_FT,Cambuur,Jong AZ
omarmohamed456/Football-Match-Outcome-Predictor,https://raw.githubusercontent.com/omarmohamed456/Football-Match-Outcome-Predictor/edefc091629a587271b911a08f88c1523502ff11/scraped_data/netherlands_eerste_divisie_2025-2026_match_data.csv,edefc091629a587271b911a08f88c1523502ff11,200,2026-09-04T07:16:33.275Z,Eerste Divisie,2025-26,2026-03-20,TOP Oss,FC Eindhoven,2,1,H,,,,33,source_reported_FT,Oss,Eindhoven FC
omarmohamed456/Football-Match-Outcome-Predictor,https://raw.githubusercontent.com/omarmohamed456/Football-Match-Outcome-Predictor/edefc091629a587271b911a08f88c1523502ff11/scraped_data/netherlands_eerste_divisie_2025-2026_match_data.csv,edefc091629a587271b911a08f88c1523502ff11,127,2026-09-04T07:16:33.275Z,Eerste Divisie,2025-26,2026-03-21,Waalwijk,FC Den Bosch,2,3,A,,,,33,source_reported_FT,Waalwijk,Den Bosch
omarmohamed456/Football-Match-Outcome-Predictor,https://raw.githubusercontent.com/omarmohamed456/Football-Match-Outcome-Predictor/edefc091629a587271b911a08f88c1523502ff11/scraped_data/netherlands_eerste_divisie_2025-2026_match_data.csv,edefc091629a587271b911a08f88c1523502ff11,72,2026-09-04T07:16:33.275Z,Eerste Divisie,2025-26,2026-03-22,De Graafschap,ADO Den Haag,1,2,A,,,,33,source_reported_FT,De Graafschap,Den Haag
omarmohamed456/Football-Match-Outcome-Predictor,https://raw.githubusercontent.com/omarmohamed456/Football-Match-Outcome-Predictor/edefc091629a587271b911a08f88c1523502ff11/scraped_data/netherlands_eerste_divisie_2025-2026_match_data.csv,edefc091629a587271b911a08f88c1523502ff11,320,2026-09-04T07:16:33.275Z,Eerste Divisie,2025-26,2026-03-22,MVV,Willem II,0,5,A,,,,33,source_reported_FT,Maastricht,Willem II
omarmohamed456/Football-Match-Outcome-Predictor,https://raw.githubusercontent.com/omarmohamed456/Football-Match-Outcome-Predictor/edefc091629a587271b911a08f88c1523502ff11/scraped_data/netherlands_eerste_divisie_2025-2026_match_data.csv,edefc091629a587271b911a08f88c1523502ff11,45,2026-09-04T07:16:33.275Z,Eerste Divisie,2025-26,2026-03-24,FC Emmen,SC Cambuur,2,4,A,,,,22,source_reported_FT,FC Emmen,Cambuur
omarmohamed456/Football-Match-Outcome-Predictor,https://raw.githubusercontent.com/omarmohamed456/Football-Match-Outcome-Predictor/edefc091629a587271b911a08f88c1523502ff11/scraped_data/netherlands_eerste_divisie_2025-2026_match_data.csv,edefc091629a587271b911a08f88c1523502ff11,186,2026-09-04T07:16:33.275Z,Eerste Divisie,2025-26,2026-03-28,FC Eindhoven,FC Emmen,1,0,H,,,,32,source_reported_FT,Eindhoven FC,FC Emmen
omarmohamed456/Football-Match-Outcome-Predictor,https://raw.githubusercontent.com/omarmohamed456/Football-Match-Outcome-Predictor/edefc091629a587271b911a08f88c1523502ff11/scraped_data/netherlands_eerste_divisie_2025-2026_match_data.csv,edefc091629a587271b911a08f88c1523502ff11,100,2026-09-04T07:16:33.275Z,Eerste Divisie,2025-26,2026-03-28,Willem II,De Graafschap,0,2,A,,,,32,source_reported_FT,Willem II,De Graafschap
omarmohamed456/Football-Match-Outcome-Predictor,https://raw.githubusercontent.com/omarmohamed456/Football-Match-Outcome-Predictor/edefc091629a587271b911a08f88c1523502ff11/scraped_data/netherlands_eerste_divisie_2025-2026_match_data.csv,edefc091629a587271b911a08f88c1523502ff11,138,2026-09-04T07:16:33.275Z,Eerste Divisie,2025-26,2026-04-03,ADO Den Haag,Jong Ajax,4,2,H,,,,34,source_reported_FT,Den Haag,Jong Ajax
omarmohamed456/Football-Match-Outcome-Predictor,https://raw.githubusercontent.com/omarmohamed456/Football-Match-Outcome-Predictor/edefc091629a587271b911a08f88c1523502ff11/scraped_data/netherlands_eerste_divisie_2025-2026_match_data.csv,edefc091629a587271b911a08f88c1523502ff11,233,2026-09-04T07:16:33.275Z,Eerste Divisie,2025-26,2026-04-03,AZ Alkmaar J,Helmond Sport,2,0,H,,,,34,source_reported_FT,Jong AZ,Helmond
omarmohamed456/Football-Match-Outcome-Predictor,https://raw.githubusercontent.com/omarmohamed456/Football-Match-Outcome-Predictor/edefc091629a587271b911a08f88c1523502ff11/scraped_data/netherlands_eerste_divisie_2025-2026_match_data.csv,edefc091629a587271b911a08f88c1523502ff11,29,2026-09-04T07:16:33.275Z,Eerste Divisie,2025-26,2026-04-03,Almere City FC,TOP Oss,3,2,H,,,,34,source_reported_FT,Almere City,Oss
omarmohamed456/Football-Match-Outcome-Predictor,https://raw.githubusercontent.com/omarmohamed456/Football-Match-Outcome-Predictor/edefc091629a587271b911a08f88c1523502ff11/scraped_data/netherlands_eerste_divisie_2025-2026_match_data.csv,edefc091629a587271b911a08f88c1523502ff11,175,2026-09-04T07:16:33.275Z,Eerste Divisie,2025-26,2026-04-03,FC Dordrecht,Roda JC Kerkrade,0,3,A,,,,34,source_reported_FT,Dordrecht,Roda
omarmohamed456/Football-Match-Outcome-Predictor,https://raw.githubusercontent.com/omarmohamed456/Football-Match-Outcome-Predictor/edefc091629a587271b911a08f88c1523502ff11/scraped_data/netherlands_eerste_divisie_2025-2026_match_data.csv,edefc091629a587271b911a08f88c1523502ff11,77,2026-09-04T07:16:33.275Z,Eerste Divisie,2025-26,2026-04-03,FC Eindhoven,De Graafschap,2,2,D,,,,34,source_reported_FT,Eindhoven FC,De Graafschap
omarmohamed456/Football-Match-Outcome-Predictor,https://raw.githubusercontent.com/omarmohamed456/Football-Match-Outcome-Predictor/edefc091629a587271b911a08f88c1523502ff11/scraped_data/netherlands_eerste_divisie_2025-2026_match_data.csv,edefc091629a587271b911a08f88c1523502ff11,317,2026-09-04T07:16:33.275Z,Eerste Divisie,2025-26,2026-04-03,MVV,Waalwijk,1,3,A,,,,34,source_reported_FT,Maastricht,Waalwijk
omarmohamed456/Football-Match-Outcome-Predictor,https://raw.githubusercontent.com/omarmohamed456/Football-Match-Outcome-Predictor/edefc091629a587271b911a08f88c1523502ff11/scraped_data/netherlands_eerste_divisie_2025-2026_match_data.csv,edefc091629a587271b911a08f88c1523502ff11,64,2026-09-04T07:16:33.275Z,Eerste Divisie,2025-26,2026-04-03,VVV-Venlo,SC Cambuur,3,0,H,,,,34,source_reported_FT,Venlo,Cambuur
omarmohamed456/Football-Match-Outcome-Predictor,https://raw.githubusercontent.com/omarmohamed456/Football-Match-Outcome-Predictor/edefc091629a587271b911a08f88c1523502ff11/scraped_data/netherlands_eerste_divisie_2025-2026_match_data.csv,edefc091629a587271b911a08f88c1523502ff11,227,2026-09-04T07:16:33.275Z,Eerste Divisie,2025-26,2026-04-03,Vitesse,FC Emmen,3,3,D,,,,34,source_reported_FT,Vitesse,FC Emmen
omarmohamed456/Football-Match-Outcome-Predictor,https://raw.githubusercontent.com/omarmohamed456/Football-Match-Outcome-Predictor/edefc091629a587271b911a08f88c1523502ff11/scraped_data/netherlands_eerste_divisie_2025-2026_match_data.csv,edefc091629a587271b911a08f88c1523502ff11,296,2026-09-04T07:16:33.275Z,Eerste Divisie,2025-26,2026-04-03,Willem II,Jong PSV,1,0,H,,,,34,source_reported_FT,Willem II,Jong PSV
omarmohamed456/Football-Match-Outcome-Predictor,https://raw.githubusercontent.com/omarmohamed456/Football-Match-Outcome-Predictor/edefc091629a587271b911a08f88c1523502ff11/scraped_data/netherlands_eerste_divisie_2025-2026_match_data.csv,edefc091629a587271b911a08f88c1523502ff11,132,2026-09-04T07:16:33.275Z,Eerste Divisie,2025-26,2026-04-06,ADO Den Haag,FC Eindhoven,4,0,H,,,,35,source_reported_FT,Den Haag,Eindhoven FC
omarmohamed456/Football-Match-Outcome-Predictor,https://raw.githubusercontent.com/omarmohamed456/Football-Match-Outcome-Predictor/edefc091629a587271b911a08f88c1523502ff11/scraped_data/netherlands_eerste_divisie_2025-2026_match_data.csv,edefc091629a587271b911a08f88c1523502ff11,6,2026-09-04T07:16:33.275Z,Eerste Divisie,2025-26,2026-04-06,Almere City FC,FC Den Bosch,1,2,A,,,,35,source_reported_FT,Almere City,Den Bosch
omarmohamed456/Football-Match-Outcome-Predictor,https://raw.githubusercontent.com/omarmohamed456/Football-Match-Outcome-Predictor/edefc091629a587271b911a08f88c1523502ff11/scraped_data/netherlands_eerste_divisie_2025-2026_match_data.csv,edefc091629a587271b911a08f88c1523502ff11,84,2026-09-04T07:16:33.275Z,Eerste Divisie,2025-26,2026-04-06,De Graafschap,AZ Alkmaar J,5,0,H,,,,35,source_reported_FT,De Graafschap,Jong AZ
omarmohamed456/Football-Match-Outcome-Predictor,https://raw.githubusercontent.com/omarmohamed456/Football-Match-Outcome-Predictor/edefc091629a587271b911a08f88c1523502ff11/scraped_data/netherlands_eerste_divisie_2025-2026_match_data.csv,edefc091629a587271b911a08f88c1523502ff11,220,2026-09-04T07:16:33.275Z,Eerste Divisie,2025-26,2026-04-06,FC Emmen,MVV,2,1,H,,,,35,source_reported_FT,FC Emmen,Maastricht
omarmohamed456/Football-Match-Outcome-Predictor,https://raw.githubusercontent.com/omarmohamed456/Football-Match-Outcome-Predictor/edefc091629a587271b911a08f88c1523502ff11/scraped_data/netherlands_eerste_divisie_2025-2026_match_data.csv,edefc091629a587271b911a08f88c1523502ff11,248,2026-09-04T07:16:33.275Z,Eerste Divisie,2025-26,2026-04-06,Helmond Sport,Waalwijk,2,2,D,,,,35,source_reported_FT,Helmond,Waalwijk
omarmohamed456/Football-Match-Outcome-Predictor,https://raw.githubusercontent.com/omarmohamed456/Football-Match-Outcome-Predictor/edefc091629a587271b911a08f88c1523502ff11/scraped_data/netherlands_eerste_divisie_2025-2026_match_data.csv,edefc091629a587271b911a08f88c1523502ff11,291,2026-09-04T07:16:33.275Z,Eerste Divisie,2025-26,2026-04-06,Jong PSV,VVV-Venlo,1,0,H,,,,35,source_reported_FT,Jong PSV,Venlo
omarmohamed456/Football-Match-Outcome-Predictor,https://raw.githubusercontent.com/omarmohamed456/Football-Match-Outcome-Predictor/edefc091629a587271b911a08f88c1523502ff11/scraped_data/netherlands_eerste_divisie_2025-2026_match_data.csv,edefc091629a587271b911a08f88c1523502ff11,329,2026-09-04T07:16:33.275Z,Eerste Divisie,2025-26,2026-04-06,Roda JC Kerkrade,Willem II,0,1,A,,,,35,source_reported_FT,Roda,Willem II
omarmohamed456/Football-Match-Outcome-Predictor,https://raw.githubusercontent.com/omarmohamed456/Football-Match-Outcome-Predictor/edefc091629a587271b911a08f88c1523502ff11/scraped_data/netherlands_eerste_divisie_2025-2026_match_data.csv,edefc091629a587271b911a08f88c1523502ff11,41,2026-09-04T07:16:33.275Z,Eerste Divisie,2025-26,2026-04-06,SC Cambuur,FC Dordrecht,1,1,D,,,,35,source_reported_FT,Cambuur,Dordrecht
omarmohamed456/Football-Match-Outcome-Predictor,https://raw.githubusercontent.com/omarmohamed456/Football-Match-Outcome-Predictor/edefc091629a587271b911a08f88c1523502ff11/scraped_data/netherlands_eerste_divisie_2025-2026_match_data.csv,edefc091629a587271b911a08f88c1523502ff11,303,2026-09-04T07:16:33.275Z,Eerste Divisie,2025-26,2026-04-06,TOP Oss,FC Utrecht J,3,1,H,,,,35,source_reported_FT,Oss,Jong Utrecht
omarmohamed456/Football-Match-Outcome-Predictor,https://raw.githubusercontent.com/omarmohamed456/Football-Match-Outcome-Predictor/edefc091629a587271b911a08f88c1523502ff11/scraped_data/netherlands_eerste_divisie_2025-2026_match_data.csv,edefc091629a587271b911a08f88c1523502ff11,263,2026-09-04T07:16:33.275Z,Eerste Divisie,2025-26,2026-04-06,Vitesse,Jong Ajax,6,1,H,,,,35,source_reported_FT,Vitesse,Jong Ajax
