source,source_url,source_revision,source_row,observed_at,league,season,date,home_team,away_team,ft_home_goals,ft_away_goals,ft_result,ht_home_goals,ht_away_goals,ht_result,round,score_period,home_team_raw,away_team_raw
footballcsv/cache.footballdata,https://raw.githubusercontent.com/footballcsv/cache.footballdata/f43a2aa0c65fb061c87e9541e7a567dd58ff933a/2016/no.1.csv,f43a2aa0c65fb061c87e9541e7a567dd58ff933a,2,2026-09-04T07:11:15.790Z,Eliteserien,2016,2016-03-11,Aalesund,Stabaek,1,0,H,,,,,source_reported_FT,Aalesund,Stabaek
footballcsv/cache.footballdata,https://raw.githubusercontent.com/footballcsv/cache.footballdata/f43a2aa0c65fb061c87e9541e7a567dd58ff933a/2016/no.1.csv,f43a2aa0c65fb061c87e9541e7a567dd58ff933a,3,2026-09-04T07:11:15.790Z,Eliteserien,2016,2016-03-12,Odd,Rosenborg,1,0,H,,,,,source_reported_FT,Odd,Rosenborg
footballcsv/cache.footballdata,https://raw.githubusercontent.com/footballcsv/cache.footballdata/f43a2aa0c65fb061c87e9541e7a567dd58ff933a/2016/no.1.csv,f43a2aa0c65fb061c87e9541e7a567dd58ff933a,5,2026-09-04T07:11:15.790Z,Eliteserien,2016,2016-03-13,Bodo/Glimt,Sogndal,2,0,H,,,,,source_reported_FT,Bodo/Glimt,Sogndal
footballcsv/cache.footballdata,https://raw.githubusercontent.com/footballcsv/cache.footballdata/f43a2aa0c65fb061c87e9541e7a567dd58ff933a/2016/no.1.csv,f43a2aa0c65fb061c87e9541e7a567dd58ff933a,4,2026-09-04T07:11:15.790Z,Eliteserien,2016,2016-03-13,Molde,Tromso,1,1,D,,,,,source_reported_FT,Molde,Tromso
footballcsv/cache.footballdata,https://raw.githubusercontent.com/footballcsv/cache.footballdata/f43a2aa0c65fb061c87e9541e7a567dd58ff933a/2016/no.1.csv,f43a2aa0c65fb061c87e9541e7a567dd58ff933a,6,2026-09-04T07:11:15.790Z,Eliteserien,2016,2016-03-13,Sarpsborg 08,Haugesund,0,1,A,,,,,source_reported_FT,Sarpsborg 08,Haugesund
footballcsv/cache.footballdata,https://raw.githubusercontent.com/footballcsv/cache.footballdata/f43a2aa0c65fb061c87e9541e7a567dd58ff933a/2016/no.1.csv,f43a2aa0c65fb061c87e9541e7a567dd58ff933a,8,2026-09-04T07:11:15.790Z,Eliteserien,2016,2016-03-13,Start,Lillestrom,1,1,D,,,,,source_reported_FT,Start,Lillestrom
footballcsv/cache.footballdata,https://raw.githubusercontent.com/footballcsv/cache.footballdata/f43a2aa0c65fb061c87e9541e7a567dd58ff933a/2016/no.1.csv,f43a2aa0c65fb061c87e9541e7a567dd58ff933a,7,2026-09-04T07:11:15.790Z,Eliteserien,2016,2016-03-13,Stromsgodset,Brann,2,2,D,,,,,source_reported_FT,Stromsgodset,Brann
footballcsv/cache.footballdata,https://raw.githubusercontent.com/footballcsv/cache.footballdata/f43a2aa0c65fb061c87e9541e7a567dd58ff933a/2016/no.1.csv,f43a2aa0c65fb061c87e9541e7a567dd58ff933a,9,2026-09-04T07:11:15.790Z,Eliteserien,2016,2016-03-14,Valerenga,Viking,0,2,A,,,,,source_reported_FT,Valerenga,Viking
footballcsv/cache.footballdata,https://raw.githubusercontent.com/footballcsv/cache.footballdata/f43a2aa0c65fb061c87e9541e7a567dd58ff933a/2016/no.1.csv,f43a2aa0c65fb061c87e9541e7a567dd58ff933a,10,2026-09-04T07:11:15.790Z,Eliteserien,2016,2016-03-18,Tromso,Start,0,0,D,,,,,source_reported_FT,Tromso,Start
footballcsv/cache.footballdata,https://raw.githubusercontent.com/footballcsv/cache.footballdata/f43a2aa0c65fb061c87e9541e7a567dd58ff933a/2016/no.1.csv,f43a2aa0c65fb061c87e9541e7a567dd58ff933a,11,2026-09-04T07:11:15.790Z,Eliteserien,2016,2016-03-19,Haugesund,Aalesund,3,0,H,,,,,source_reported_FT,Haugesund,Aalesund
footballcsv/cache.footballdata,https://raw.githubusercontent.com/footballcsv/cache.footballdata/f43a2aa0c65fb061c87e9541e7a567dd58ff933a/2016/no.1.csv,f43a2aa0c65fb061c87e9541e7a567dd58ff933a,12,2026-09-04T07:11:15.790Z,Eliteserien,2016,2016-03-19,Rosenborg,Stromsgodset,1,0,H,,,,,source_reported_FT,Rosenborg,Stromsgodset
footballcsv/cache.footballdata,https://raw.githubusercontent.com/footballcsv/cache.footballdata/f43a2aa0c65fb061c87e9541e7a567dd58ff933a/2016/no.1.csv,f43a2aa0c65fb061c87e9541e7a567dd58ff933a,14,2026-09-04T07:11:15.790Z,Eliteserien,2016,2016-03-20,Brann,Odd,0,0,D,,,,,source_reported_FT,Brann,Odd
footballcsv/cache.footballdata,https://raw.githubusercontent.com/footballcsv/cache.footballdata/f43a2aa0c65fb061c87e9541e7a567dd58ff933a/2016/no.1.csv,f43a2aa0c65fb061c87e9541e7a567dd58ff933a,15,2026-09-04T07:11:15.790Z,Eliteserien,2016,2016-03-20,Lillestrom,Bodo/Glimt,1,1,D,,,,,source_reported_FT,Lillestrom,Bodo/Glimt
footballcsv/cache.footballdata,https://raw.githubusercontent.com/footballcsv/cache.footballdata/f43a2aa0c65fb061c87e9541e7a567dd58ff933a/2016/no.1.csv,f43a2aa0c65fb061c87e9541e7a567dd58ff933a,13,2026-09-04T07:11:15.790Z,Eliteserien,2016,2016-03-20,Sogndal,Valerenga,1,0,H,,,,,source_reported_FT,Sogndal,Valerenga
footballcsv/cache.footballdata,https://raw.githubusercontent.com/footballcsv/cache.footballdata/f43a2aa0c65fb061c87e9541e7a567dd58ff933a/2016/no.1.csv,f43a2aa0c65fb061c87e9541e7a567dd58ff933a,17,2026-09-04T07:11:15.790Z,Eliteserien,2016,2016-03-20,Stabaek,Molde,1,2,A,,,,,source_reported_FT,Stabaek,Molde
footballcsv/cache.footballdata,https://raw.githubusercontent.com/footballcsv/cache.footballdata/f43a2aa0c65fb061c87e9541e7a567dd58ff933a/2016/no.1.csv,f43a2aa0c65fb061c87e9541e7a567dd58ff933a,16,2026-09-04T07:11:15.790Z,Eliteserien,2016,2016-03-20,Viking,Sarpsborg 08,0,0,D,,,,,source_reported_FT,Viking,Sarpsborg 08
footballcsv/cache.footballdata,https://raw.githubusercontent.com/footballcsv/cache.footballdata/f43a2aa0c65fb061c87e9541e7a567dd58ff933a/2016/no.1.csv,f43a2aa0c65fb061c87e9541e7a567dd58ff933a,18,2026-09-04T07:11:15.790Z,Eliteserien,2016,2016-04-01,Molde,Lillestrom,4,2,H,,,,,source_reported_FT,Molde,Lillestrom
footballcsv/cache.footballdata,https://raw.githubusercontent.com/footballcsv/cache.footballdata/f43a2aa0c65fb061c87e9541e7a567dd58ff933a/2016/no.1.csv,f43a2aa0c65fb061c87e9541e7a567dd58ff933a,19,2026-09-04T07:11:15.790Z,Eliteserien,2016,2016-04-02,Start,Viking,0,1,A,,,,,source_reported_FT,Start,Viking
footballcsv/cache.footballdata,https://raw.githubusercontent.com/footballcsv/cache.footballdata/f43a2aa0c65fb061c87e9541e7a567dd58ff933a/2016/no.1.csv,f43a2aa0c65fb061c87e9541e7a567dd58ff933a,20,2026-09-04T07:11:15.790Z,Eliteserien,2016,2016-04-02,Valerenga,Rosenborg,0,2,A,,,,,source_reported_FT,Valerenga,Rosenborg
footballcsv/cache.footballdata,https://raw.githubusercontent.com/footballcsv/cache.footballdata/f43a2aa0c65fb061c87e9541e7a567dd58ff933a/2016/no.1.csv,f43a2aa0c65fb061c87e9541e7a567dd58ff933a,22,2026-09-04T07:11:15.790Z,Eliteserien,2016,2016-04-03,Aalesund,Brann,1,2,A,,,,,source_reported_FT,Aalesund,Brann
footballcsv/cache.footballdata,https://raw.githubusercontent.com/footballcsv/cache.footballdata/f43a2aa0c65fb061c87e9541e7a567dd58ff933a/2016/no.1.csv,f43a2aa0c65fb061c87e9541e7a567dd58ff933a,23,2026-09-04T07:11:15.790Z,Eliteserien,2016,2016-04-03,Bodo/Glimt,Stabaek,3,1,H,,,,,source_reported_FT,Bodo/Glimt,Stabaek
footballcsv/cache.footballdata,https://raw.githubusercontent.com/footballcsv/cache.footballdata/f43a2aa0c65fb061c87e9541e7a567dd58ff933a/2016/no.1.csv,f43a2aa0c65fb061c87e9541e7a567dd58ff933a,21,2026-09-04T07:11:15.790Z,Eliteserien,2016,2016-04-03,Odd,Tromso,0,0,D,,,,,source_reported_FT,Odd,Tromso
footballcsv/cache.footballdata,https://raw.githubusercontent.com/footballcsv/cache.footballdata/f43a2aa0c65fb061c87e9541e7a567dd58ff933a/2016/no.1.csv,f43a2aa0c65fb061c87e9541e7a567dd58ff933a,24,2026-09-04T07:11:15.790Z,Eliteserien,2016,2016-04-03,Sarpsborg 08,Sogndal,0,0,D,,,,,source_reported_FT,Sarpsborg 08,Sogndal
footballcsv/cache.footballdata,https://raw.githubusercontent.com/footballcsv/cache.footballdata/f43a2aa0c65fb061c87e9541e7a567dd58ff933a/2016/no.1.csv,f43a2aa0c65fb061c87e9541e7a567dd58ff933a,25,2026-09-04T07:11:15.790Z,Eliteserien,2016,2016-04-03,Stromsgodset,Haugesund,2,0,H,,,,,source_reported_FT,Stromsgodset,Haugesund
footballcsv/cache.footballdata,https://raw.githubusercontent.com/footballcsv/cache.footballdata/f43a2aa0c65fb061c87e9541e7a567dd58ff933a/2016/no.1.csv,f43a2aa0c65fb061c87e9541e7a567dd58ff933a,26,2026-09-04T07:11:15.790Z,Eliteserien,2016,2016-04-08,Sogndal,Haugesund,1,0,H,,,,,source_reported_FT,Sogndal,Haugesund
footballcsv/cache.footballdata,https://raw.githubusercontent.com/footballcsv/cache.footballdata/f43a2aa0c65fb061c87e9541e7a567dd58ff933a/2016/no.1.csv,f43a2aa0c65fb061c87e9541e7a567dd58ff933a,27,2026-09-04T07:11:15.790Z,Eliteserien,2016,2016-04-09,Lillestrom,Sarpsborg 08,4,0,H,,,,,source_reported_FT,Lillestrom,Sarpsborg 08
footballcsv/cache.footballdata,https://raw.githubusercontent.com/footballcsv/cache.footballdata/f43a2aa0c65fb061c87e9541e7a567dd58ff933a/2016/no.1.csv,f43a2aa0c65fb061c87e9541e7a567dd58ff933a,28,2026-09-04T07:11:15.790Z,Eliteserien,2016,2016-04-09,Stabaek,Valerenga,2,1,H,,,,,source_reported_FT,Stabaek,Valerenga
footballcsv/cache.footballdata,https://raw.githubusercontent.com/footballcsv/cache.footballdata/f43a2aa0c65fb061c87e9541e7a567dd58ff933a/2016/no.1.csv,f43a2aa0c65fb061c87e9541e7a567dd58ff933a,29,2026-09-04T07:11:15.790Z,Eliteserien,2016,2016-04-10,Brann,Bodo/Glimt,1,0,H,,,,,source_reported_FT,Brann,Bodo/Glimt
footballcsv/cache.footballdata,https://raw.githubusercontent.com/footballcsv/cache.footballdata/f43a2aa0c65fb061c87e9541e7a567dd58ff933a/2016/no.1.csv,f43a2aa0c65fb061c87e9541e7a567dd58ff933a,30,2026-09-04T07:11:15.790Z,Eliteserien,2016,2016-04-10,Rosenborg,Aalesund,1,0,H,,,,,source_reported_FT,Rosenborg,Aalesund
footballcsv/cache.footballdata,https://raw.githubusercontent.com/footballcsv/cache.footballdata/f43a2aa0c65fb061c87e9541e7a567dd58ff933a/2016/no.1.csv,f43a2aa0c65fb061c87e9541e7a567dd58ff933a,31,2026-09-04T07:11:15.790Z,Eliteserien,2016,2016-04-10,Start,Molde,1,1,D,,,,,source_reported_FT,Start,Molde
footballcsv/cache.footballdata,https://raw.githubusercontent.com/footballcsv/cache.footballdata/f43a2aa0c65fb061c87e9541e7a567dd58ff933a/2016/no.1.csv,f43a2aa0c65fb061c87e9541e7a567dd58ff933a,32,2026-09-04T07:11:15.790Z,Eliteserien,2016,2016-04-10,Tromso,Stromsgodset,2,0,H,,,,,source_reported_FT,Tromso,Stromsgodset
footballcsv/cache.footballdata,https://raw.githubusercontent.com/footballcsv/cache.footballdata/f43a2aa0c65fb061c87e9541e7a567dd58ff933a/2016/no.1.csv,f43a2aa0c65fb061c87e9541e7a567dd58ff933a,33,2026-09-04T07:11:15.790Z,Eliteserien,2016,2016-04-10,Viking,Odd,0,2,A,,,,,source_reported_FT,Viking,Odd
footballcsv/cache.footballdata,https://raw.githubusercontent.com/footballcsv/cache.footballdata/f43a2aa0c65fb061c87e9541e7a567dd58ff933a/2016/no.1.csv,f43a2aa0c65fb061c87e9541e7a567dd58ff933a,34,2026-09-04T07:11:15.790Z,Eliteserien,2016,2016-04-15,Haugesund,Lillestrom,2,2,D,,,,,source_reported_FT,Haugesund,Lillestrom
footballcsv/cache.footballdata,https://raw.githubusercontent.com/footballcsv/cache.footballdata/f43a2aa0c65fb061c87e9541e7a567dd58ff933a/2016/no.1.csv,f43a2aa0c65fb061c87e9541e7a567dd58ff933a,36,2026-09-04T07:11:15.790Z,Eliteserien,2016,2016-04-16,Rosenborg,Brann,3,0,H,,,,,source_reported_FT,Rosenborg,Brann
footballcsv/cache.footballdata,https://raw.githubusercontent.com/footballcsv/cache.footballdata/f43a2aa0c65fb061c87e9541e7a567dd58ff933a/2016/no.1.csv,f43a2aa0c65fb061c87e9541e7a567dd58ff933a,35,2026-09-04T07:11:15.790Z,Eliteserien,2016,2016-04-16,Stromsgodset,Sogndal,2,1,H,,,,,source_reported_FT,Stromsgodset,Sogndal
footballcsv/cache.footballdata,https://raw.githubusercontent.com/footballcsv/cache.footballdata/f43a2aa0c65fb061c87e9541e7a567dd58ff933a/2016/no.1.csv,f43a2aa0c65fb061c87e9541e7a567dd58ff933a,38,2026-09-04T07:11:15.790Z,Eliteserien,2016,2016-04-17,Aalesund,Viking,1,2,A,,,,,source_reported_FT,Aalesund,Viking
footballcsv/cache.footballdata,https://raw.githubusercontent.com/footballcsv/cache.footballdata/f43a2aa0c65fb061c87e9541e7a567dd58ff933a/2016/no.1.csv,f43a2aa0c65fb061c87e9541e7a567dd58ff933a,37,2026-09-04T07:11:15.790Z,Eliteserien,2016,2016-04-17,Bodo/Glimt,Molde,1,2,A,,,,,source_reported_FT,Bodo/Glimt,Molde
footballcsv/cache.footballdata,https://raw.githubusercontent.com/footballcsv/cache.footballdata/f43a2aa0c65fb061c87e9541e7a567dd58ff933a/2016/no.1.csv,f43a2aa0c65fb061c87e9541e7a567dd58ff933a,41,2026-09-04T07:11:15.790Z,Eliteserien,2016,2016-04-17,Odd,Start,3,0,H,,,,,source_reported_FT,Odd,Start
footballcsv/cache.footballdata,https://raw.githubusercontent.com/footballcsv/cache.footballdata/f43a2aa0c65fb061c87e9541e7a567dd58ff933a/2016/no.1.csv,f43a2aa0c65fb061c87e9541e7a567dd58ff933a,39,2026-09-04T07:11:15.790Z,Eliteserien,2016,2016-04-17,Sarpsborg 08,Stabaek,1,1,D,,,,,source_reported_FT,Sarpsborg 08,Stabaek
footballcsv/cache.footballdata,https://raw.githubusercontent.com/footballcsv/cache.footballdata/f43a2aa0c65fb061c87e9541e7a567dd58ff933a/2016/no.1.csv,f43a2aa0c65fb061c87e9541e7a567dd58ff933a,40,2026-09-04T07:11:15.790Z,Eliteserien,2016,2016-04-17,Valerenga,Tromso,4,0,H,,,,,source_reported_FT,Valerenga,Tromso
footballcsv/cache.footballdata,https://raw.githubusercontent.com/footballcsv/cache.footballdata/f43a2aa0c65fb061c87e9541e7a567dd58ff933a/2016/no.1.csv,f43a2aa0c65fb061c87e9541e7a567dd58ff933a,42,2026-09-04T07:11:15.790Z,Eliteserien,2016,2016-04-20,Bodo/Glimt,Haugesund,3,4,A,,,,,source_reported_FT,Bodo/Glimt,Haugesund
footballcsv/cache.footballdata,https://raw.githubusercontent.com/footballcsv/cache.footballdata/f43a2aa0c65fb061c87e9541e7a567dd58ff933a/2016/no.1.csv,f43a2aa0c65fb061c87e9541e7a567dd58ff933a,43,2026-09-04T07:11:15.790Z,Eliteserien,2016,2016-04-20,Sogndal,Odd,0,1,A,,,,,source_reported_FT,Sogndal,Odd
footballcsv/cache.footballdata,https://raw.githubusercontent.com/footballcsv/cache.footballdata/f43a2aa0c65fb061c87e9541e7a567dd58ff933a/2016/no.1.csv,f43a2aa0c65fb061c87e9541e7a567dd58ff933a,44,2026-09-04T07:11:15.790Z,Eliteserien,2016,2016-04-20,Stabaek,Stromsgodset,0,1,A,,,,,source_reported_FT,Stabaek,Stromsgodset
footballcsv/cache.footballdata,https://raw.githubusercontent.com/footballcsv/cache.footballdata/f43a2aa0c65fb061c87e9541e7a567dd58ff933a/2016/no.1.csv,f43a2aa0c65fb061c87e9541e7a567dd58ff933a,45,2026-09-04T07:11:15.790Z,Eliteserien,2016,2016-04-20,Viking,Brann,0,1,A,,,,,source_reported_FT,Viking,Brann
footballcsv/cache.footballdata,https://raw.githubusercontent.com/footballcsv/cache.footballdata/f43a2aa0c65fb061c87e9541e7a567dd58ff933a/2016/no.1.csv,f43a2aa0c65fb061c87e9541e7a567dd58ff933a,46,2026-09-04T07:11:15.790Z,Eliteserien,2016,2016-04-21,Lillestrom,Aalesund,1,1,D,,,,,source_reported_FT,Lillestrom,Aalesund
footballcsv/cache.footballdata,https://raw.githubusercontent.com/footballcsv/cache.footballdata/f43a2aa0c65fb061c87e9541e7a567dd58ff933a/2016/no.1.csv,f43a2aa0c65fb061c87e9541e7a567dd58ff933a,47,2026-09-04T07:11:15.790Z,Eliteserien,2016,2016-04-21,Molde,Valerenga,4,0,H,,,,,source_reported_FT,Molde,Valerenga
footballcsv/cache.footballdata,https://raw.githubusercontent.com/footballcsv/cache.footballdata/f43a2aa0c65fb061c87e9541e7a567dd58ff933a/2016/no.1.csv,f43a2aa0c65fb061c87e9541e7a567dd58ff933a,48,2026-09-04T07:11:15.790Z,Eliteserien,2016,2016-04-21,Start,Sarpsborg 08,1,4,A,,,,,source_reported_FT,Start,Sarpsborg 08
footballcsv/cache.footballdata,https://raw.githubusercontent.com/footballcsv/cache.footballdata/f43a2aa0c65fb061c87e9541e7a567dd58ff933a/2016/no.1.csv,f43a2aa0c65fb061c87e9541e7a567dd58ff933a,49,2026-09-04T07:11:15.790Z,Eliteserien,2016,2016-04-21,Tromso,Rosenborg,1,2,A,,,,,source_reported_FT,Tromso,Rosenborg
footballcsv/cache.footballdata,https://raw.githubusercontent.com/footballcsv/cache.footballdata/f43a2aa0c65fb061c87e9541e7a567dd58ff933a/2016/no.1.csv,f43a2aa0c65fb061c87e9541e7a567dd58ff933a,51,2026-09-04T07:11:15.790Z,Eliteserien,2016,2016-04-23,Brann,Sogndal,2,0,H,,,,,source_reported_FT,Brann,Sogndal
footballcsv/cache.footballdata,https://raw.githubusercontent.com/footballcsv/cache.footballdata/f43a2aa0c65fb061c87e9541e7a567dd58ff933a/2016/no.1.csv,f43a2aa0c65fb061c87e9541e7a567dd58ff933a,50,2026-09-04T07:11:15.790Z,Eliteserien,2016,2016-04-23,Stromsgodset,Bodo/Glimt,2,0,H,,,,,source_reported_FT,Stromsgodset,Bodo/Glimt
footballcsv/cache.footballdata,https://raw.githubusercontent.com/footballcsv/cache.footballdata/f43a2aa0c65fb061c87e9541e7a567dd58ff933a/2016/no.1.csv,f43a2aa0c65fb061c87e9541e7a567dd58ff933a,53,2026-09-04T07:11:15.790Z,Eliteserien,2016,2016-04-24,Aalesund,Tromso,6,0,H,,,,,source_reported_FT,Aalesund,Tromso
footballcsv/cache.footballdata,https://raw.githubusercontent.com/footballcsv/cache.footballdata/f43a2aa0c65fb061c87e9541e7a567dd58ff933a/2016/no.1.csv,f43a2aa0c65fb061c87e9541e7a567dd58ff933a,54,2026-09-04T07:11:15.790Z,Eliteserien,2016,2016-04-24,Odd,Lillestrom,1,3,A,,,,,source_reported_FT,Odd,Lillestrom
footballcsv/cache.footballdata,https://raw.githubusercontent.com/footballcsv/cache.footballdata/f43a2aa0c65fb061c87e9541e7a567dd58ff933a/2016/no.1.csv,f43a2aa0c65fb061c87e9541e7a567dd58ff933a,55,2026-09-04T07:11:15.790Z,Eliteserien,2016,2016-04-24,Rosenborg,Viking,4,0,H,,,,,source_reported_FT,Rosenborg,Viking
footballcsv/cache.footballdata,https://raw.githubusercontent.com/footballcsv/cache.footballdata/f43a2aa0c65fb061c87e9541e7a567dd58ff933a/2016/no.1.csv,f43a2aa0c65fb061c87e9541e7a567dd58ff933a,52,2026-09-04T07:11:15.790Z,Eliteserien,2016,2016-04-24,Sarpsborg 08,Molde,4,0,H,,,,,source_reported_FT,Sarpsborg 08,Molde
footballcsv/cache.footballdata,https://raw.githubusercontent.com/footballcsv/cache.footballdata/f43a2aa0c65fb061c87e9541e7a567dd58ff933a/2016/no.1.csv,f43a2aa0c65fb061c87e9541e7a567dd58ff933a,56,2026-09-04T07:11:15.790Z,Eliteserien,2016,2016-04-24,Valerenga,Start,2,0,H,,,,,source_reported_FT,Valerenga,Start
footballcsv/cache.footballdata,https://raw.githubusercontent.com/footballcsv/cache.footballdata/f43a2aa0c65fb061c87e9541e7a567dd58ff933a/2016/no.1.csv,f43a2aa0c65fb061c87e9541e7a567dd58ff933a,57,2026-09-04T07:11:15.790Z,Eliteserien,2016,2016-04-25,Haugesund,Stabaek,3,1,H,,,,,source_reported_FT,Haugesund,Stabaek
footballcsv/cache.footballdata,https://raw.githubusercontent.com/footballcsv/cache.footballdata/f43a2aa0c65fb061c87e9541e7a567dd58ff933a/2016/no.1.csv,f43a2aa0c65fb061c87e9541e7a567dd58ff933a,58,2026-09-04T07:11:15.790Z,Eliteserien,2016,2016-04-30,Lillestrom,Valerenga,2,0,H,,,,,source_reported_FT,Lillestrom,Valerenga
footballcsv/cache.footballdata,https://raw.githubusercontent.com/footballcsv/cache.footballdata/f43a2aa0c65fb061c87e9541e7a567dd58ff933a/2016/no.1.csv,f43a2aa0c65fb061c87e9541e7a567dd58ff933a,59,2026-09-04T07:11:15.790Z,Eliteserien,2016,2016-04-30,Molde,Aalesund,1,0,H,,,,,source_reported_FT,Molde,Aalesund
footballcsv/cache.footballdata,https://raw.githubusercontent.com/footballcsv/cache.footballdata/f43a2aa0c65fb061c87e9541e7a567dd58ff933a/2016/no.1.csv,f43a2aa0c65fb061c87e9541e7a567dd58ff933a,61,2026-09-04T07:11:15.790Z,Eliteserien,2016,2016-05-01,Sogndal,Rosenborg,1,1,D,,,,,source_reported_FT,Sogndal,Rosenborg
footballcsv/cache.footballdata,https://raw.githubusercontent.com/footballcsv/cache.footballdata/f43a2aa0c65fb061c87e9541e7a567dd58ff933a/2016/no.1.csv,f43a2aa0c65fb061c87e9541e7a567dd58ff933a,64,2026-09-04T07:11:15.790Z,Eliteserien,2016,2016-05-01,Stabaek,Odd,1,2,A,,,,,source_reported_FT,Stabaek,Odd
footballcsv/cache.footballdata,https://raw.githubusercontent.com/footballcsv/cache.footballdata/f43a2aa0c65fb061c87e9541e7a567dd58ff933a/2016/no.1.csv,f43a2aa0c65fb061c87e9541e7a567dd58ff933a,62,2026-09-04T07:11:15.790Z,Eliteserien,2016,2016-05-01,Start,Stromsgodset,2,2,D,,,,,source_reported_FT,Start,Stromsgodset
footballcsv/cache.footballdata,https://raw.githubusercontent.com/footballcsv/cache.footballdata/f43a2aa0c65fb061c87e9541e7a567dd58ff933a/2016/no.1.csv,f43a2aa0c65fb061c87e9541e7a567dd58ff933a,63,2026-09-04T07:11:15.790Z,Eliteserien,2016,2016-05-01,Tromso,Brann,1,0,H,,,,,source_reported_FT,Tromso,Brann
footballcsv/cache.footballdata,https://raw.githubusercontent.com/footballcsv/cache.footballdata/f43a2aa0c65fb061c87e9541e7a567dd58ff933a/2016/no.1.csv,f43a2aa0c65fb061c87e9541e7a567dd58ff933a,60,2026-09-04T07:11:15.790Z,Eliteserien,2016,2016-05-01,Viking,Haugesund,3,2,H,,,,,source_reported_FT,Viking,Haugesund
footballcsv/cache.footballdata,https://raw.githubusercontent.com/footballcsv/cache.footballdata/f43a2aa0c65fb061c87e9541e7a567dd58ff933a/2016/no.1.csv,f43a2aa0c65fb061c87e9541e7a567dd58ff933a,65,2026-09-04T07:11:15.790Z,Eliteserien,2016,2016-05-02,Bodo/Glimt,Sarpsborg 08,0,2,A,,,,,source_reported_FT,Bodo/Glimt,Sarpsborg 08
footballcsv/cache.footballdata,https://raw.githubusercontent.com/footballcsv/cache.footballdata/f43a2aa0c65fb061c87e9541e7a567dd58ff933a/2016/no.1.csv,f43a2aa0c65fb061c87e9541e7a567dd58ff933a,68,2026-09-04T07:11:15.790Z,Eliteserien,2016,2016-05-07,Brann,Start,1,0,H,,,,,source_reported_FT,Brann,Start
footballcsv/cache.footballdata,https://raw.githubusercontent.com/footballcsv/cache.footballdata/f43a2aa0c65fb061c87e9541e7a567dd58ff933a/2016/no.1.csv,f43a2aa0c65fb061c87e9541e7a567dd58ff933a,67,2026-09-04T07:11:15.790Z,Eliteserien,2016,2016-05-07,Stromsgodset,Lillestrom,3,1,H,,,,,source_reported_FT,Stromsgodset,Lillestrom
footballcsv/cache.footballdata,https://raw.githubusercontent.com/footballcsv/cache.footballdata/f43a2aa0c65fb061c87e9541e7a567dd58ff933a/2016/no.1.csv,f43a2aa0c65fb061c87e9541e7a567dd58ff933a,66,2026-09-04T07:11:15.790Z,Eliteserien,2016,2016-05-07,Viking,Tromso,2,0,H,,,,,source_reported_FT,Viking,Tromso
footballcsv/cache.footballdata,https://raw.githubusercontent.com/footballcsv/cache.footballdata/f43a2aa0c65fb061c87e9541e7a567dd58ff933a/2016/no.1.csv,f43a2aa0c65fb061c87e9541e7a567dd58ff933a,70,2026-09-04T07:11:15.790Z,Eliteserien,2016,2016-05-08,Aalesund,Sogndal,1,4,A,,,,,source_reported_FT,Aalesund,Sogndal
footballcsv/cache.footballdata,https://raw.githubusercontent.com/footballcsv/cache.footballdata/f43a2aa0c65fb061c87e9541e7a567dd58ff933a/2016/no.1.csv,f43a2aa0c65fb061c87e9541e7a567dd58ff933a,73,2026-09-04T07:11:15.790Z,Eliteserien,2016,2016-05-08,Haugesund,Molde,3,3,D,,,,,source_reported_FT,Haugesund,Molde
footballcsv/cache.footballdata,https://raw.githubusercontent.com/footballcsv/cache.footballdata/f43a2aa0c65fb061c87e9541e7a567dd58ff933a/2016/no.1.csv,f43a2aa0c65fb061c87e9541e7a567dd58ff933a,69,2026-09-04T07:11:15.790Z,Eliteserien,2016,2016-05-08,Odd,Bodo/Glimt,2,1,H,,,,,source_reported_FT,Odd,Bodo/Glimt
footballcsv/cache.footballdata,https://raw.githubusercontent.com/footballcsv/cache.footballdata/f43a2aa0c65fb061c87e9541e7a567dd58ff933a/2016/no.1.csv,f43a2aa0c65fb061c87e9541e7a567dd58ff933a,71,2026-09-04T07:11:15.790Z,Eliteserien,2016,2016-05-08,Rosenborg,Stabaek,3,1,H,,,,,source_reported_FT,Rosenborg,Stabaek
footballcsv/cache.footballdata,https://raw.githubusercontent.com/footballcsv/cache.footballdata/f43a2aa0c65fb061c87e9541e7a567dd58ff933a/2016/no.1.csv,f43a2aa0c65fb061c87e9541e7a567dd58ff933a,72,2026-09-04T07:11:15.790Z,Eliteserien,2016,2016-05-08,Valerenga,Sarpsborg 08,3,0,H,,,,,source_reported_FT,Valerenga,Sarpsborg 08
footballcsv/cache.footballdata,https://raw.githubusercontent.com/footballcsv/cache.footballdata/f43a2aa0c65fb061c87e9541e7a567dd58ff933a/2016/no.1.csv,f43a2aa0c65fb061c87e9541e7a567dd58ff933a,74,2026-09-04T07:11:15.790Z,Eliteserien,2016,2016-05-11,Bodo/Glimt,Valerenga,0,0,D,,,,,source_reported_FT,Bodo/Glimt,Valerenga
footballcsv/cache.footballdata,https://raw.githubusercontent.com/footballcsv/cache.footballdata/f43a2aa0c65fb061c87e9541e7a567dd58ff933a/2016/no.1.csv,f43a2aa0c65fb061c87e9541e7a567dd58ff933a,75,2026-09-04T07:11:15.790Z,Eliteserien,2016,2016-05-11,Haugesund,Odd,3,1,H,,,,,source_reported_FT,Haugesund,Odd
footballcsv/cache.footballdata,https://raw.githubusercontent.com/footballcsv/cache.footballdata/f43a2aa0c65fb061c87e9541e7a567dd58ff933a/2016/no.1.csv,f43a2aa0c65fb061c87e9541e7a567dd58ff933a,76,2026-09-04T07:11:15.790Z,Eliteserien,2016,2016-05-11,Lillestrom,Brann,1,0,H,,,,,source_reported_FT,Lillestrom,Brann
footballcsv/cache.footballdata,https://raw.githubusercontent.com/footballcsv/cache.footballdata/f43a2aa0c65fb061c87e9541e7a567dd58ff933a/2016/no.1.csv,f43a2aa0c65fb061c87e9541e7a567dd58ff933a,77,2026-09-04T07:11:15.790Z,Eliteserien,2016,2016-05-11,Molde,Stromsgodset,4,2,H,,,,,source_reported_FT,Molde,Stromsgodset
footballcsv/cache.footballdata,https://raw.githubusercontent.com/footballcsv/cache.footballdata/f43a2aa0c65fb061c87e9541e7a567dd58ff933a/2016/no.1.csv,f43a2aa0c65fb061c87e9541e7a567dd58ff933a,78,2026-09-04T07:11:15.790Z,Eliteserien,2016,2016-05-12,Sarpsborg 08,Aalesund,1,0,H,,,,,source_reported_FT,Sarpsborg 08,Aalesund
footballcsv/cache.footballdata,https://raw.githubusercontent.com/footballcsv/cache.footballdata/f43a2aa0c65fb061c87e9541e7a567dd58ff933a/2016/no.1.csv,f43a2aa0c65fb061c87e9541e7a567dd58ff933a,79,2026-09-04T07:11:15.790Z,Eliteserien,2016,2016-05-12,Sogndal,Tromso,0,0,D,,,,,source_reported_FT,Sogndal,Tromso
footballcsv/cache.footballdata,https://raw.githubusercontent.com/footballcsv/cache.footballdata/f43a2aa0c65fb061c87e9541e7a567dd58ff933a/2016/no.1.csv,f43a2aa0c65fb061c87e9541e7a567dd58ff933a,80,2026-09-04T07:11:15.790Z,Eliteserien,2016,2016-05-12,Stabaek,Viking,1,0,H,,,,,source_reported_FT,Stabaek,Viking
footballcsv/cache.footballdata,https://raw.githubusercontent.com/footballcsv/cache.footballdata/f43a2aa0c65fb061c87e9541e7a567dd58ff933a/2016/no.1.csv,f43a2aa0c65fb061c87e9541e7a567dd58ff933a,81,2026-09-04T07:11:15.790Z,Eliteserien,2016,2016-05-12,Start,Rosenborg,0,2,A,,,,,source_reported_FT,Start,Rosenborg
footballcsv/cache.footballdata,https://raw.githubusercontent.com/footballcsv/cache.footballdata/f43a2aa0c65fb061c87e9541e7a567dd58ff933a/2016/no.1.csv,f43a2aa0c65fb061c87e9541e7a567dd58ff933a,82,2026-09-04T07:11:15.790Z,Eliteserien,2016,2016-05-16,Aalesund,Start,1,1,D,,,,,source_reported_FT,Aalesund,Start
footballcsv/cache.footballdata,https://raw.githubusercontent.com/footballcsv/cache.footballdata/f43a2aa0c65fb061c87e9541e7a567dd58ff933a/2016/no.1.csv,f43a2aa0c65fb061c87e9541e7a567dd58ff933a,84,2026-09-04T07:11:15.790Z,Eliteserien,2016,2016-05-16,Brann,Stabaek,1,0,H,,,,,source_reported_FT,Brann,Stabaek
footballcsv/cache.footballdata,https://raw.githubusercontent.com/footballcsv/cache.footballdata/f43a2aa0c65fb061c87e9541e7a567dd58ff933a/2016/no.1.csv,f43a2aa0c65fb061c87e9541e7a567dd58ff933a,85,2026-09-04T07:11:15.790Z,Eliteserien,2016,2016-05-16,Odd,Molde,2,0,H,,,,,source_reported_FT,Odd,Molde
footballcsv/cache.footballdata,https://raw.githubusercontent.com/footballcsv/cache.footballdata/f43a2aa0c65fb061c87e9541e7a567dd58ff933a/2016/no.1.csv,f43a2aa0c65fb061c87e9541e7a567dd58ff933a,86,2026-09-04T07:11:15.790Z,Eliteserien,2016,2016-05-16,Rosenborg,Lillestrom,2,1,H,,,,,source_reported_FT,Rosenborg,Lillestrom
footballcsv/cache.footballdata,https://raw.githubusercontent.com/footballcsv/cache.footballdata/f43a2aa0c65fb061c87e9541e7a567dd58ff933a/2016/no.1.csv,f43a2aa0c65fb061c87e9541e7a567dd58ff933a,89,2026-09-04T07:11:15.790Z,Eliteserien,2016,2016-05-16,Stromsgodset,Sarpsborg 08,4,0,H,,,,,source_reported_FT,Stromsgodset,Sarpsborg 08
footballcsv/cache.footballdata,https://raw.githubusercontent.com/footballcsv/cache.footballdata/f43a2aa0c65fb061c87e9541e7a567dd58ff933a/2016/no.1.csv,f43a2aa0c65fb061c87e9541e7a567dd58ff933a,83,2026-09-04T07:11:15.790Z,Eliteserien,2016,2016-05-16,Tromso,Bodo/Glimt,1,2,A,,,,,source_reported_FT,Tromso,Bodo/Glimt
footballcsv/cache.footballdata,https://raw.githubusercontent.com/footballcsv/cache.footballdata/f43a2aa0c65fb061c87e9541e7a567dd58ff933a/2016/no.1.csv,f43a2aa0c65fb061c87e9541e7a567dd58ff933a,87,2026-09-04T07:11:15.790Z,Eliteserien,2016,2016-05-16,Valerenga,Haugesund,0,1,A,,,,,source_reported_FT,Valerenga,Haugesund
footballcsv/cache.footballdata,https://raw.githubusercontent.com/footballcsv/cache.footballdata/f43a2aa0c65fb061c87e9541e7a567dd58ff933a/2016/no.1.csv,f43a2aa0c65fb061c87e9541e7a567dd58ff933a,88,2026-09-04T07:11:15.790Z,Eliteserien,2016,2016-05-16,Viking,Sogndal,0,0,D,,,,,source_reported_FT,Viking,Sogndal
footballcsv/cache.footballdata,https://raw.githubusercontent.com/footballcsv/cache.footballdata/f43a2aa0c65fb061c87e9541e7a567dd58ff933a/2016/no.1.csv,f43a2aa0c65fb061c87e9541e7a567dd58ff933a,90,2026-09-04T07:11:15.790Z,Eliteserien,2016,2016-05-20,Sarpsborg 08,Odd,0,0,D,,,,,source_reported_FT,Sarpsborg 08,Odd
footballcsv/cache.footballdata,https://raw.githubusercontent.com/footballcsv/cache.footballdata/f43a2aa0c65fb061c87e9541e7a567dd58ff933a/2016/no.1.csv,f43a2aa0c65fb061c87e9541e7a567dd58ff933a,92,2026-09-04T07:11:15.790Z,Eliteserien,2016,2016-05-21,Molde,Brann,2,0,H,,,,,source_reported_FT,Molde,Brann
footballcsv/cache.footballdata,https://raw.githubusercontent.com/footballcsv/cache.footballdata/f43a2aa0c65fb061c87e9541e7a567dd58ff933a/2016/no.1.csv,f43a2aa0c65fb061c87e9541e7a567dd58ff933a,91,2026-09-04T07:11:15.790Z,Eliteserien,2016,2016-05-21,Stabaek,Tromso,0,3,A,,,,,source_reported_FT,Stabaek,Tromso
footballcsv/cache.footballdata,https://raw.githubusercontent.com/footballcsv/cache.footballdata/f43a2aa0c65fb061c87e9541e7a567dd58ff933a/2016/no.1.csv,f43a2aa0c65fb061c87e9541e7a567dd58ff933a,93,2026-09-04T07:11:15.790Z,Eliteserien,2016,2016-05-22,Bodo/Glimt,Aalesund,0,1,A,,,,,source_reported_FT,Bodo/Glimt,Aalesund
footballcsv/cache.footballdata,https://raw.githubusercontent.com/footballcsv/cache.footballdata/f43a2aa0c65fb061c87e9541e7a567dd58ff933a/2016/no.1.csv,f43a2aa0c65fb061c87e9541e7a567dd58ff933a,94,2026-09-04T07:11:15.790Z,Eliteserien,2016,2016-05-22,Haugesund,Rosenborg,1,1,D,,,,,source_reported_FT,Haugesund,Rosenborg
footballcsv/cache.footballdata,https://raw.githubusercontent.com/footballcsv/cache.footballdata/f43a2aa0c65fb061c87e9541e7a567dd58ff933a/2016/no.1.csv,f43a2aa0c65fb061c87e9541e7a567dd58ff933a,97,2026-09-04T07:11:15.790Z,Eliteserien,2016,2016-05-22,Lillestrom,Viking,1,2,A,,,,,source_reported_FT,Lillestrom,Viking
footballcsv/cache.footballdata,https://raw.githubusercontent.com/footballcsv/cache.footballdata/f43a2aa0c65fb061c87e9541e7a567dd58ff933a/2016/no.1.csv,f43a2aa0c65fb061c87e9541e7a567dd58ff933a,95,2026-09-04T07:11:15.790Z,Eliteserien,2016,2016-05-22,Sogndal,Start,2,2,D,,,,,source_reported_FT,Sogndal,Start
footballcsv/cache.footballdata,https://raw.githubusercontent.com/footballcsv/cache.footballdata/f43a2aa0c65fb061c87e9541e7a567dd58ff933a/2016/no.1.csv,f43a2aa0c65fb061c87e9541e7a567dd58ff933a,96,2026-09-04T07:11:15.790Z,Eliteserien,2016,2016-05-22,Stromsgodset,Valerenga,3,2,H,,,,,source_reported_FT,Stromsgodset,Valerenga
footballcsv/cache.footballdata,https://raw.githubusercontent.com/footballcsv/cache.footballdata/f43a2aa0c65fb061c87e9541e7a567dd58ff933a/2016/no.1.csv,f43a2aa0c65fb061c87e9541e7a567dd58ff933a,99,2026-09-04T07:11:15.790Z,Eliteserien,2016,2016-05-28,Rosenborg,Molde,3,1,H,,,,,source_reported_FT,Rosenborg,Molde
footballcsv/cache.footballdata,https://raw.githubusercontent.com/footballcsv/cache.footballdata/f43a2aa0c65fb061c87e9541e7a567dd58ff933a/2016/no.1.csv,f43a2aa0c65fb061c87e9541e7a567dd58ff933a,98,2026-09-04T07:11:15.790Z,Eliteserien,2016,2016-05-28,Tromso,Sarpsborg 08,1,2,A,,,,,source_reported_FT,Tromso,Sarpsborg 08
footballcsv/cache.footballdata,https://raw.githubusercontent.com/footballcsv/cache.footballdata/f43a2aa0c65fb061c87e9541e7a567dd58ff933a/2016/no.1.csv,f43a2aa0c65fb061c87e9541e7a567dd58ff933a,105,2026-09-04T07:11:15.790Z,Eliteserien,2016,2016-05-29,Aalesund,Valerenga,2,2,D,,,,,source_reported_FT,Aalesund,Valerenga
footballcsv/cache.footballdata,https://raw.githubusercontent.com/footballcsv/cache.footballdata/f43a2aa0c65fb061c87e9541e7a567dd58ff933a/2016/no.1.csv,f43a2aa0c65fb061c87e9541e7a567dd58ff933a,102,2026-09-04T07:11:15.790Z,Eliteserien,2016,2016-05-29,Brann,Haugesund,1,0,H,,,,,source_reported_FT,Brann,Haugesund
footballcsv/cache.footballdata,https://raw.githubusercontent.com/footballcsv/cache.footballdata/f43a2aa0c65fb061c87e9541e7a567dd58ff933a/2016/no.1.csv,f43a2aa0c65fb061c87e9541e7a567dd58ff933a,100,2026-09-04T07:11:15.790Z,Eliteserien,2016,2016-05-29,Odd,Stromsgodset,2,1,H,,,,,source_reported_FT,Odd,Stromsgodset
footballcsv/cache.footballdata,https://raw.githubusercontent.com/footballcsv/cache.footballdata/f43a2aa0c65fb061c87e9541e7a567dd58ff933a/2016/no.1.csv,f43a2aa0c65fb061c87e9541e7a567dd58ff933a,101,2026-09-04T07:11:15.790Z,Eliteserien,2016,2016-05-29,Sogndal,Lillestrom,2,2,D,,,,,source_reported_FT,Sogndal,Lillestrom
footballcsv/cache.footballdata,https://raw.githubusercontent.com/footballcsv/cache.footballdata/f43a2aa0c65fb061c87e9541e7a567dd58ff933a/2016/no.1.csv,f43a2aa0c65fb061c87e9541e7a567dd58ff933a,103,2026-09-04T07:11:15.790Z,Eliteserien,2016,2016-05-29,Start,Stabaek,0,5,A,,,,,source_reported_FT,Start,Stabaek
footballcsv/cache.footballdata,https://raw.githubusercontent.com/footballcsv/cache.footballdata/f43a2aa0c65fb061c87e9541e7a567dd58ff933a/2016/no.1.csv,f43a2aa0c65fb061c87e9541e7a567dd58ff933a,104,2026-09-04T07:11:15.790Z,Eliteserien,2016,2016-05-29,Viking,Bodo/Glimt,2,0,H,,,,,source_reported_FT,Viking,Bodo/Glimt
footballcsv/cache.footballdata,https://raw.githubusercontent.com/footballcsv/cache.footballdata/f43a2aa0c65fb061c87e9541e7a567dd58ff933a/2016/no.1.csv,f43a2aa0c65fb061c87e9541e7a567dd58ff933a,106,2026-09-04T07:11:15.790Z,Eliteserien,2016,2016-07-01,Lillestrom,Tromso,2,4,A,,,,,source_reported_FT,Lillestrom,Tromso
footballcsv/cache.footballdata,https://raw.githubusercontent.com/footballcsv/cache.footballdata/f43a2aa0c65fb061c87e9541e7a567dd58ff933a/2016/no.1.csv,f43a2aa0c65fb061c87e9541e7a567dd58ff933a,108,2026-09-04T07:11:15.790Z,Eliteserien,2016,2016-07-02,Bodo/Glimt,Rosenborg,0,0,D,,,,,source_reported_FT,Bodo/Glimt,Rosenborg
footballcsv/cache.footballdata,https://raw.githubusercontent.com/footballcsv/cache.footballdata/f43a2aa0c65fb061c87e9541e7a567dd58ff933a/2016/no.1.csv,f43a2aa0c65fb061c87e9541e7a567dd58ff933a,107,2026-09-04T07:11:15.790Z,Eliteserien,2016,2016-07-02,Haugesund,Start,2,1,H,,,,,source_reported_FT,Haugesund,Start
footballcsv/cache.footballdata,https://raw.githubusercontent.com/footballcsv/cache.footballdata/f43a2aa0c65fb061c87e9541e7a567dd58ff933a/2016/no.1.csv,f43a2aa0c65fb061c87e9541e7a567dd58ff933a,110,2026-09-04T07:11:15.790Z,Eliteserien,2016,2016-07-03,Molde,Viking,0,1,A,,,,,source_reported_FT,Molde,Viking
footballcsv/cache.footballdata,https://raw.githubusercontent.com/footballcsv/cache.footballdata/f43a2aa0c65fb061c87e9541e7a567dd58ff933a/2016/no.1.csv,f43a2aa0c65fb061c87e9541e7a567dd58ff933a,111,2026-09-04T07:11:15.790Z,Eliteserien,2016,2016-07-03,Sarpsborg 08,Brann,1,0,H,,,,,source_reported_FT,Sarpsborg 08,Brann
footballcsv/cache.footballdata,https://raw.githubusercontent.com/footballcsv/cache.footballdata/f43a2aa0c65fb061c87e9541e7a567dd58ff933a/2016/no.1.csv,f43a2aa0c65fb061c87e9541e7a567dd58ff933a,112,2026-09-04T07:11:15.790Z,Eliteserien,2016,2016-07-03,Stabaek,Sogndal,0,1,A,,,,,source_reported_FT,Stabaek,Sogndal
footballcsv/cache.footballdata,https://raw.githubusercontent.com/footballcsv/cache.footballdata/f43a2aa0c65fb061c87e9541e7a567dd58ff933a/2016/no.1.csv,f43a2aa0c65fb061c87e9541e7a567dd58ff933a,109,2026-09-04T07:11:15.790Z,Eliteserien,2016,2016-07-03,Valerenga,Odd,0,1,A,,,,,source_reported_FT,Valerenga,Odd
footballcsv/cache.footballdata,https://raw.githubusercontent.com/footballcsv/cache.footballdata/f43a2aa0c65fb061c87e9541e7a567dd58ff933a/2016/no.1.csv,f43a2aa0c65fb061c87e9541e7a567dd58ff933a,113,2026-09-04T07:11:15.790Z,Eliteserien,2016,2016-07-04,Stromsgodset,Aalesund,4,2,H,,,,,source_reported_FT,Stromsgodset,Aalesund
footballcsv/cache.footballdata,https://raw.githubusercontent.com/footballcsv/cache.footballdata/f43a2aa0c65fb061c87e9541e7a567dd58ff933a/2016/no.1.csv,f43a2aa0c65fb061c87e9541e7a567dd58ff933a,114,2026-09-04T07:11:15.790Z,Eliteserien,2016,2016-07-08,Start,Bodo/Glimt,1,4,A,,,,,source_reported_FT,Start,Bodo/Glimt
footballcsv/cache.footballdata,https://raw.githubusercontent.com/footballcsv/cache.footballdata/f43a2aa0c65fb061c87e9541e7a567dd58ff933a/2016/no.1.csv,f43a2aa0c65fb061c87e9541e7a567dd58ff933a,116,2026-09-04T07:11:15.790Z,Eliteserien,2016,2016-07-09,Brann,Valerenga,4,1,H,,,,,source_reported_FT,Brann,Valerenga
footballcsv/cache.footballdata,https://raw.githubusercontent.com/footballcsv/cache.footballdata/f43a2aa0c65fb061c87e9541e7a567dd58ff933a/2016/no.1.csv,f43a2aa0c65fb061c87e9541e7a567dd58ff933a,117,2026-09-04T07:11:15.790Z,Eliteserien,2016,2016-07-09,Rosenborg,Sarpsborg 08,5,2,H,,,,,source_reported_FT,Rosenborg,Sarpsborg 08
footballcsv/cache.footballdata,https://raw.githubusercontent.com/footballcsv/cache.footballdata/f43a2aa0c65fb061c87e9541e7a567dd58ff933a/2016/no.1.csv,f43a2aa0c65fb061c87e9541e7a567dd58ff933a,119,2026-09-04T07:11:15.790Z,Eliteserien,2016,2016-07-09,Sogndal,Molde,4,3,H,,,,,source_reported_FT,Sogndal,Molde
footballcsv/cache.footballdata,https://raw.githubusercontent.com/footballcsv/cache.footballdata/f43a2aa0c65fb061c87e9541e7a567dd58ff933a/2016/no.1.csv,f43a2aa0c65fb061c87e9541e7a567dd58ff933a,118,2026-09-04T07:11:15.790Z,Eliteserien,2016,2016-07-09,Tromso,Haugesund,2,2,D,,,,,source_reported_FT,Tromso,Haugesund
footballcsv/cache.footballdata,https://raw.githubusercontent.com/footballcsv/cache.footballdata/f43a2aa0c65fb061c87e9541e7a567dd58ff933a/2016/no.1.csv,f43a2aa0c65fb061c87e9541e7a567dd58ff933a,115,2026-09-04T07:11:15.790Z,Eliteserien,2016,2016-07-09,Viking,Stromsgodset,0,1,A,,,,,source_reported_FT,Viking,Stromsgodset
footballcsv/cache.footballdata,https://raw.githubusercontent.com/footballcsv/cache.footballdata/f43a2aa0c65fb061c87e9541e7a567dd58ff933a/2016/no.1.csv,f43a2aa0c65fb061c87e9541e7a567dd58ff933a,120,2026-09-04T07:11:15.790Z,Eliteserien,2016,2016-07-10,Lillestrom,Stabaek,1,2,A,,,,,source_reported_FT,Lillestrom,Stabaek
footballcsv/cache.footballdata,https://raw.githubusercontent.com/footballcsv/cache.footballdata/f43a2aa0c65fb061c87e9541e7a567dd58ff933a/2016/no.1.csv,f43a2aa0c65fb061c87e9541e7a567dd58ff933a,121,2026-09-04T07:11:15.790Z,Eliteserien,2016,2016-07-10,Odd,Aalesund,4,1,H,,,,,source_reported_FT,Odd,Aalesund
footballcsv/cache.footballdata,https://raw.githubusercontent.com/footballcsv/cache.footballdata/f43a2aa0c65fb061c87e9541e7a567dd58ff933a/2016/no.1.csv,f43a2aa0c65fb061c87e9541e7a567dd58ff933a,122,2026-09-04T07:11:15.790Z,Eliteserien,2016,2016-07-15,Valerenga,Sogndal,1,1,D,,,,,source_reported_FT,Valerenga,Sogndal
footballcsv/cache.footballdata,https://raw.githubusercontent.com/footballcsv/cache.footballdata/f43a2aa0c65fb061c87e9541e7a567dd58ff933a/2016/no.1.csv,f43a2aa0c65fb061c87e9541e7a567dd58ff933a,124,2026-09-04T07:11:15.790Z,Eliteserien,2016,2016-07-16,Aalesund,Rosenborg,1,1,D,,,,,source_reported_FT,Aalesund,Rosenborg
footballcsv/cache.footballdata,https://raw.githubusercontent.com/footballcsv/cache.footballdata/f43a2aa0c65fb061c87e9541e7a567dd58ff933a/2016/no.1.csv,f43a2aa0c65fb061c87e9541e7a567dd58ff933a,123,2026-09-04T07:11:15.790Z,Eliteserien,2016,2016-07-16,Haugesund,Viking,4,1,H,,,,,source_reported_FT,Haugesund,Viking
footballcsv/cache.footballdata,https://raw.githubusercontent.com/footballcsv/cache.footballdata/f43a2aa0c65fb061c87e9541e7a567dd58ff933a/2016/no.1.csv,f43a2aa0c65fb061c87e9541e7a567dd58ff933a,126,2026-09-04T07:11:15.790Z,Eliteserien,2016,2016-07-17,Bodo/Glimt,Odd,2,1,H,,,,,source_reported_FT,Bodo/Glimt,Odd
footballcsv/cache.footballdata,https://raw.githubusercontent.com/footballcsv/cache.footballdata/f43a2aa0c65fb061c87e9541e7a567dd58ff933a/2016/no.1.csv,f43a2aa0c65fb061c87e9541e7a567dd58ff933a,127,2026-09-04T07:11:15.790Z,Eliteserien,2016,2016-07-17,Molde,Start,2,2,D,,,,,source_reported_FT,Molde,Start
footballcsv/cache.footballdata,https://raw.githubusercontent.com/footballcsv/cache.footballdata/f43a2aa0c65fb061c87e9541e7a567dd58ff933a/2016/no.1.csv,f43a2aa0c65fb061c87e9541e7a567dd58ff933a,129,2026-09-04T07:11:15.790Z,Eliteserien,2016,2016-07-17,Sarpsborg 08,Lillestrom,3,0,H,,,,,source_reported_FT,Sarpsborg 08,Lillestrom
footballcsv/cache.footballdata,https://raw.githubusercontent.com/footballcsv/cache.footballdata/f43a2aa0c65fb061c87e9541e7a567dd58ff933a/2016/no.1.csv,f43a2aa0c65fb061c87e9541e7a567dd58ff933a,128,2026-09-04T07:11:15.790Z,Eliteserien,2016,2016-07-17,Stabaek,Brann,1,1,D,,,,,source_reported_FT,Stabaek,Brann
footballcsv/cache.footballdata,https://raw.githubusercontent.com/footballcsv/cache.footballdata/f43a2aa0c65fb061c87e9541e7a567dd58ff933a/2016/no.1.csv,f43a2aa0c65fb061c87e9541e7a567dd58ff933a,125,2026-09-04T07:11:15.790Z,Eliteserien,2016,2016-07-17,Stromsgodset,Tromso,1,0,H,,,,,source_reported_FT,Stromsgodset,Tromso
footballcsv/cache.footballdata,https://raw.githubusercontent.com/footballcsv/cache.footballdata/f43a2aa0c65fb061c87e9541e7a567dd58ff933a/2016/no.1.csv,f43a2aa0c65fb061c87e9541e7a567dd58ff933a,130,2026-09-04T07:11:15.790Z,Eliteserien,2016,2016-07-22,Brann,Aalesund,6,0,H,,,,,source_reported_FT,Brann,Aalesund
footballcsv/cache.footballdata,https://raw.githubusercontent.com/footballcsv/cache.footballdata/f43a2aa0c65fb061c87e9541e7a567dd58ff933a/2016/no.1.csv,f43a2aa0c65fb061c87e9541e7a567dd58ff933a,132,2026-09-04T07:11:15.790Z,Eliteserien,2016,2016-07-23,Molde,Sarpsborg 08,0,1,A,,,,,source_reported_FT,Molde,Sarpsborg 08
footballcsv/cache.footballdata,https://raw.githubusercontent.com/footballcsv/cache.footballdata/f43a2aa0c65fb061c87e9541e7a567dd58ff933a/2016/no.1.csv,f43a2aa0c65fb061c87e9541e7a567dd58ff933a,131,2026-09-04T07:11:15.790Z,Eliteserien,2016,2016-07-23,Rosenborg,Haugesund,6,0,H,,,,,source_reported_FT,Rosenborg,Haugesund
footballcsv/cache.footballdata,https://raw.githubusercontent.com/footballcsv/cache.footballdata/f43a2aa0c65fb061c87e9541e7a567dd58ff933a/2016/no.1.csv,f43a2aa0c65fb061c87e9541e7a567dd58ff933a,137,2026-09-04T07:11:15.790Z,Eliteserien,2016,2016-07-24,Lillestrom,Stromsgodset,2,0,H,,,,,source_reported_FT,Lillestrom,Stromsgodset
footballcsv/cache.footballdata,https://raw.githubusercontent.com/footballcsv/cache.footballdata/f43a2aa0c65fb061c87e9541e7a567dd58ff933a/2016/no.1.csv,f43a2aa0c65fb061c87e9541e7a567dd58ff933a,134,2026-09-04T07:11:15.790Z,Eliteserien,2016,2016-07-24,Odd,Viking,2,2,D,,,,,source_reported_FT,Odd,Viking
footballcsv/cache.footballdata,https://raw.githubusercontent.com/footballcsv/cache.footballdata/f43a2aa0c65fb061c87e9541e7a567dd58ff933a/2016/no.1.csv,f43a2aa0c65fb061c87e9541e7a567dd58ff933a,135,2026-09-04T07:11:15.790Z,Eliteserien,2016,2016-07-24,Sogndal,Bodo/Glimt,2,2,D,,,,,source_reported_FT,Sogndal,Bodo/Glimt
footballcsv/cache.footballdata,https://raw.githubusercontent.com/footballcsv/cache.footballdata/f43a2aa0c65fb061c87e9541e7a567dd58ff933a/2016/no.1.csv,f43a2aa0c65fb061c87e9541e7a567dd58ff933a,133,2026-09-04T07:11:15.790Z,Eliteserien,2016,2016-07-24,Start,Valerenga,2,4,A,,,,,source_reported_FT,Start,Valerenga
footballcsv/cache.footballdata,https://raw.githubusercontent.com/footballcsv/cache.footballdata/f43a2aa0c65fb061c87e9541e7a567dd58ff933a/2016/no.1.csv,f43a2aa0c65fb061c87e9541e7a567dd58ff933a,136,2026-09-04T07:11:15.790Z,Eliteserien,2016,2016-07-24,Tromso,Stabaek,2,2,D,,,,,source_reported_FT,Tromso,Stabaek
footballcsv/cache.footballdata,https://raw.githubusercontent.com/footballcsv/cache.footballdata/f43a2aa0c65fb061c87e9541e7a567dd58ff933a/2016/no.1.csv,f43a2aa0c65fb061c87e9541e7a567dd58ff933a,138,2026-09-04T07:11:15.790Z,Eliteserien,2016,2016-07-29,Sarpsborg 08,Start,1,0,H,,,,,source_reported_FT,Sarpsborg 08,Start
footballcsv/cache.footballdata,https://raw.githubusercontent.com/footballcsv/cache.footballdata/f43a2aa0c65fb061c87e9541e7a567dd58ff933a/2016/no.1.csv,f43a2aa0c65fb061c87e9541e7a567dd58ff933a,139,2026-09-04T07:11:15.790Z,Eliteserien,2016,2016-07-31,Aalesund,Lillestrom,2,0,H,,,,,source_reported_FT,Aalesund,Lillestrom
footballcsv/cache.footballdata,https://raw.githubusercontent.com/footballcsv/cache.footballdata/f43a2aa0c65fb061c87e9541e7a567dd58ff933a/2016/no.1.csv,f43a2aa0c65fb061c87e9541e7a567dd58ff933a,140,2026-09-04T07:11:15.790Z,Eliteserien,2016,2016-07-31,Bodo/Glimt,Tromso,0,3,A,,,,,source_reported_FT,Bodo/Glimt,Tromso
footballcsv/cache.footballdata,https://raw.githubusercontent.com/footballcsv/cache.footballdata/f43a2aa0c65fb061c87e9541e7a567dd58ff933a/2016/no.1.csv,f43a2aa0c65fb061c87e9541e7a567dd58ff933a,141,2026-09-04T07:11:15.790Z,Eliteserien,2016,2016-07-31,Haugesund,Sogndal,0,1,A,,,,,source_reported_FT,Haugesund,Sogndal
footballcsv/cache.footballdata,https://raw.githubusercontent.com/footballcsv/cache.footballdata/f43a2aa0c65fb061c87e9541e7a567dd58ff933a/2016/no.1.csv,f43a2aa0c65fb061c87e9541e7a567dd58ff933a,142,2026-09-04T07:11:15.790Z,Eliteserien,2016,2016-07-31,Odd,Brann,1,3,A,,,,,source_reported_FT,Odd,Brann
footballcsv/cache.footballdata,https://raw.githubusercontent.com/footballcsv/cache.footballdata/f43a2aa0c65fb061c87e9541e7a567dd58ff933a/2016/no.1.csv,f43a2aa0c65fb061c87e9541e7a567dd58ff933a,143,2026-09-04T07:11:15.790Z,Eliteserien,2016,2016-07-31,Stromsgodset,Stabaek,2,2,D,,,,,source_reported_FT,Stromsgodset,Stabaek
footballcsv/cache.footballdata,https://raw.githubusercontent.com/footballcsv/cache.footballdata/f43a2aa0c65fb061c87e9541e7a567dd58ff933a/2016/no.1.csv,f43a2aa0c65fb061c87e9541e7a567dd58ff933a,144,2026-09-04T07:11:15.790Z,Eliteserien,2016,2016-08-01,Valerenga,Molde,3,0,H,,,,,source_reported_FT,Valerenga,Molde
footballcsv/cache.footballdata,https://raw.githubusercontent.com/footballcsv/cache.footballdata/f43a2aa0c65fb061c87e9541e7a567dd58ff933a/2016/no.1.csv,f43a2aa0c65fb061c87e9541e7a567dd58ff933a,145,2026-09-04T07:11:15.790Z,Eliteserien,2016,2016-08-05,Tromso,Aalesund,1,2,A,,,,,source_reported_FT,Tromso,Aalesund
footballcsv/cache.footballdata,https://raw.githubusercontent.com/footballcsv/cache.footballdata/f43a2aa0c65fb061c87e9541e7a567dd58ff933a/2016/no.1.csv,f43a2aa0c65fb061c87e9541e7a567dd58ff933a,147,2026-09-04T07:11:15.790Z,Eliteserien,2016,2016-08-06,Lillestrom,Rosenborg,3,4,A,,,,,source_reported_FT,Lillestrom,Rosenborg
footballcsv/cache.footballdata,https://raw.githubusercontent.com/footballcsv/cache.footballdata/f43a2aa0c65fb061c87e9541e7a567dd58ff933a/2016/no.1.csv,f43a2aa0c65fb061c87e9541e7a567dd58ff933a,146,2026-09-04T07:11:15.790Z,Eliteserien,2016,2016-08-06,Molde,Bodo/Glimt,3,2,H,,,,,source_reported_FT,Molde,Bodo/Glimt
footballcsv/cache.footballdata,https://raw.githubusercontent.com/footballcsv/cache.footballdata/f43a2aa0c65fb061c87e9541e7a567dd58ff933a/2016/no.1.csv,f43a2aa0c65fb061c87e9541e7a567dd58ff933a,149,2026-09-04T07:11:15.790Z,Eliteserien,2016,2016-08-07,Brann,Stromsgodset,1,0,H,,,,,source_reported_FT,Brann,Stromsgodset
footballcsv/cache.footballdata,https://raw.githubusercontent.com/footballcsv/cache.footballdata/f43a2aa0c65fb061c87e9541e7a567dd58ff933a/2016/no.1.csv,f43a2aa0c65fb061c87e9541e7a567dd58ff933a,150,2026-09-04T07:11:15.790Z,Eliteserien,2016,2016-08-07,Sarpsborg 08,Valerenga,0,2,A,,,,,source_reported_FT,Sarpsborg 08,Valerenga
footballcsv/cache.footballdata,https://raw.githubusercontent.com/footballcsv/cache.footballdata/f43a2aa0c65fb061c87e9541e7a567dd58ff933a/2016/no.1.csv,f43a2aa0c65fb061c87e9541e7a567dd58ff933a,152,2026-09-04T07:11:15.790Z,Eliteserien,2016,2016-08-07,Sogndal,Viking,1,2,A,,,,,source_reported_FT,Sogndal,Viking
footballcsv/cache.footballdata,https://raw.githubusercontent.com/footballcsv/cache.footballdata/f43a2aa0c65fb061c87e9541e7a567dd58ff933a/2016/no.1.csv,f43a2aa0c65fb061c87e9541e7a567dd58ff933a,148,2026-09-04T07:11:15.790Z,Eliteserien,2016,2016-08-07,Stabaek,Haugesund,0,1,A,,,,,source_reported_FT,Stabaek,Haugesund
footballcsv/cache.footballdata,https://raw.githubusercontent.com/footballcsv/cache.footballdata/f43a2aa0c65fb061c87e9541e7a567dd58ff933a/2016/no.1.csv,f43a2aa0c65fb061c87e9541e7a567dd58ff933a,151,2026-09-04T07:11:15.790Z,Eliteserien,2016,2016-08-07,Start,Odd,1,2,A,,,,,source_reported_FT,Start,Odd
footballcsv/cache.footballdata,https://raw.githubusercontent.com/footballcsv/cache.footballdata/f43a2aa0c65fb061c87e9541e7a567dd58ff933a/2016/no.1.csv,f43a2aa0c65fb061c87e9541e7a567dd58ff933a,153,2026-09-04T07:11:15.790Z,Eliteserien,2016,2016-08-11,Viking,Rosenborg,0,2,A,,,,,source_reported_FT,Viking,Rosenborg
footballcsv/cache.footballdata,https://raw.githubusercontent.com/footballcsv/cache.footballdata/f43a2aa0c65fb061c87e9541e7a567dd58ff933a/2016/no.1.csv,f43a2aa0c65fb061c87e9541e7a567dd58ff933a,154,2026-09-04T07:11:15.790Z,Eliteserien,2016,2016-08-13,Bodo/Glimt,Lillestrom,1,1,D,,,,,source_reported_FT,Bodo/Glimt,Lillestrom
footballcsv/cache.footballdata,https://raw.githubusercontent.com/footballcsv/cache.footballdata/f43a2aa0c65fb061c87e9541e7a567dd58ff933a/2016/no.1.csv,f43a2aa0c65fb061c87e9541e7a567dd58ff933a,155,2026-09-04T07:11:15.790Z,Eliteserien,2016,2016-08-13,Valerenga,Brann,3,2,H,,,,,source_reported_FT,Valerenga,Brann
footballcsv/cache.footballdata,https://raw.githubusercontent.com/footballcsv/cache.footballdata/f43a2aa0c65fb061c87e9541e7a567dd58ff933a/2016/no.1.csv,f43a2aa0c65fb061c87e9541e7a567dd58ff933a,156,2026-09-04T07:11:15.790Z,Eliteserien,2016,2016-08-14,Aalesund,Molde,0,2,A,,,,,source_reported_FT,Aalesund,Molde
footballcsv/cache.footballdata,https://raw.githubusercontent.com/footballcsv/cache.footballdata/f43a2aa0c65fb061c87e9541e7a567dd58ff933a/2016/no.1.csv,f43a2aa0c65fb061c87e9541e7a567dd58ff933a,157,2026-09-04T07:11:15.790Z,Eliteserien,2016,2016-08-14,Haugesund,Tromso,2,1,H,,,,,source_reported_FT,Haugesund,Tromso
footballcsv/cache.footballdata,https://raw.githubusercontent.com/footballcsv/cache.footballdata/f43a2aa0c65fb061c87e9541e7a567dd58ff933a/2016/no.1.csv,f43a2aa0c65fb061c87e9541e7a567dd58ff933a,158,2026-09-04T07:11:15.790Z,Eliteserien,2016,2016-08-14,Odd,Sarpsborg 08,0,0,D,,,,,source_reported_FT,Odd,Sarpsborg 08
footballcsv/cache.footballdata,https://raw.githubusercontent.com/footballcsv/cache.footballdata/f43a2aa0c65fb061c87e9541e7a567dd58ff933a/2016/no.1.csv,f43a2aa0c65fb061c87e9541e7a567dd58ff933a,159,2026-09-04T07:11:15.790Z,Eliteserien,2016,2016-08-14,Rosenborg,Sogndal,3,1,H,,,,,source_reported_FT,Rosenborg,Sogndal
footballcsv/cache.footballdata,https://raw.githubusercontent.com/footballcsv/cache.footballdata/f43a2aa0c65fb061c87e9541e7a567dd58ff933a/2016/no.1.csv,f43a2aa0c65fb061c87e9541e7a567dd58ff933a,160,2026-09-04T07:11:15.790Z,Eliteserien,2016,2016-08-14,Stromsgodset,Start,1,1,D,,,,,source_reported_FT,Stromsgodset,Start
footballcsv/cache.footballdata,https://raw.githubusercontent.com/footballcsv/cache.footballdata/f43a2aa0c65fb061c87e9541e7a567dd58ff933a/2016/no.1.csv,f43a2aa0c65fb061c87e9541e7a567dd58ff933a,161,2026-09-04T07:11:15.790Z,Eliteserien,2016,2016-08-14,Viking,Stabaek,2,2,D,,,,,source_reported_FT,Viking,Stabaek
footballcsv/cache.footballdata,https://raw.githubusercontent.com/footballcsv/cache.footballdata/f43a2aa0c65fb061c87e9541e7a567dd58ff933a/2016/no.1.csv,f43a2aa0c65fb061c87e9541e7a567dd58ff933a,162,2026-09-04T07:11:15.790Z,Eliteserien,2016,2016-08-19,Valerenga,Bodo/Glimt,1,1,D,,,,,source_reported_FT,Valerenga,Bodo/Glimt
footballcsv/cache.footballdata,https://raw.githubusercontent.com/footballcsv/cache.footballdata/f43a2aa0c65fb061c87e9541e7a567dd58ff933a/2016/no.1.csv,f43a2aa0c65fb061c87e9541e7a567dd58ff933a,163,2026-09-04T07:11:15.790Z,Eliteserien,2016,2016-08-20,Lillestrom,Haugesund,1,1,D,,,,,source_reported_FT,Lillestrom,Haugesund
footballcsv/cache.footballdata,https://raw.githubusercontent.com/footballcsv/cache.footballdata/f43a2aa0c65fb061c87e9541e7a567dd58ff933a/2016/no.1.csv,f43a2aa0c65fb061c87e9541e7a567dd58ff933a,165,2026-09-04T07:11:15.790Z,Eliteserien,2016,2016-08-21,Brann,Rosenborg,1,1,D,,,,,source_reported_FT,Brann,Rosenborg
footballcsv/cache.footballdata,https://raw.githubusercontent.com/footballcsv/cache.footballdata/f43a2aa0c65fb061c87e9541e7a567dd58ff933a/2016/no.1.csv,f43a2aa0c65fb061c87e9541e7a567dd58ff933a,166,2026-09-04T07:11:15.790Z,Eliteserien,2016,2016-08-21,Molde,Odd,4,2,H,,,,,source_reported_FT,Molde,Odd
footballcsv/cache.footballdata,https://raw.githubusercontent.com/footballcsv/cache.footballdata/f43a2aa0c65fb061c87e9541e7a567dd58ff933a/2016/no.1.csv,f43a2aa0c65fb061c87e9541e7a567dd58ff933a,164,2026-09-04T07:11:15.790Z,Eliteserien,2016,2016-08-21,Sarpsborg 08,Stromsgodset,1,0,H,,,,,source_reported_FT,Sarpsborg 08,Stromsgodset
footballcsv/cache.footballdata,https://raw.githubusercontent.com/footballcsv/cache.footballdata/f43a2aa0c65fb061c87e9541e7a567dd58ff933a/2016/no.1.csv,f43a2aa0c65fb061c87e9541e7a567dd58ff933a,167,2026-09-04T07:11:15.790Z,Eliteserien,2016,2016-08-21,Stabaek,Aalesund,3,0,H,,,,,source_reported_FT,Stabaek,Aalesund
footballcsv/cache.footballdata,https://raw.githubusercontent.com/footballcsv/cache.footballdata/f43a2aa0c65fb061c87e9541e7a567dd58ff933a/2016/no.1.csv,f43a2aa0c65fb061c87e9541e7a567dd58ff933a,168,2026-09-04T07:11:15.790Z,Eliteserien,2016,2016-08-21,Start,Sogndal,1,1,D,,,,,source_reported_FT,Start,Sogndal
footballcsv/cache.footballdata,https://raw.githubusercontent.com/footballcsv/cache.footballdata/f43a2aa0c65fb061c87e9541e7a567dd58ff933a/2016/no.1.csv,f43a2aa0c65fb061c87e9541e7a567dd58ff933a,169,2026-09-04T07:11:15.790Z,Eliteserien,2016,2016-08-21,Tromso,Viking,2,1,H,,,,,source_reported_FT,Tromso,Viking
footballcsv/cache.footballdata,https://raw.githubusercontent.com/footballcsv/cache.footballdata/f43a2aa0c65fb061c87e9541e7a567dd58ff933a/2016/no.1.csv,f43a2aa0c65fb061c87e9541e7a567dd58ff933a,170,2026-09-04T07:11:15.790Z,Eliteserien,2016,2016-08-26,Aalesund,Sarpsborg 08,2,2,D,,,,,source_reported_FT,Aalesund,Sarpsborg 08
footballcsv/cache.footballdata,https://raw.githubusercontent.com/footballcsv/cache.footballdata/f43a2aa0c65fb061c87e9541e7a567dd58ff933a/2016/no.1.csv,f43a2aa0c65fb061c87e9541e7a567dd58ff933a,172,2026-09-04T07:11:15.790Z,Eliteserien,2016,2016-08-27,Haugesund,Brann,3,2,H,,,,,source_reported_FT,Haugesund,Brann
footballcsv/cache.footballdata,https://raw.githubusercontent.com/footballcsv/cache.footballdata/f43a2aa0c65fb061c87e9541e7a567dd58ff933a/2016/no.1.csv,f43a2aa0c65fb061c87e9541e7a567dd58ff933a,171,2026-09-04T07:11:15.790Z,Eliteserien,2016,2016-08-27,Stromsgodset,Molde,0,2,A,,,,,source_reported_FT,Stromsgodset,Molde
footballcsv/cache.footballdata,https://raw.githubusercontent.com/footballcsv/cache.footballdata/f43a2aa0c65fb061c87e9541e7a567dd58ff933a/2016/no.1.csv,f43a2aa0c65fb061c87e9541e7a567dd58ff933a,174,2026-09-04T07:11:15.790Z,Eliteserien,2016,2016-08-28,Bodo/Glimt,Start,2,0,H,,,,,source_reported_FT,Bodo/Glimt,Start
footballcsv/cache.footballdata,https://raw.githubusercontent.com/footballcsv/cache.footballdata/f43a2aa0c65fb061c87e9541e7a567dd58ff933a/2016/no.1.csv,f43a2aa0c65fb061c87e9541e7a567dd58ff933a,177,2026-09-04T07:11:15.790Z,Eliteserien,2016,2016-08-28,Odd,Valerenga,1,2,A,,,,,source_reported_FT,Odd,Valerenga
footballcsv/cache.footballdata,https://raw.githubusercontent.com/footballcsv/cache.footballdata/f43a2aa0c65fb061c87e9541e7a567dd58ff933a/2016/no.1.csv,f43a2aa0c65fb061c87e9541e7a567dd58ff933a,175,2026-09-04T07:11:15.790Z,Eliteserien,2016,2016-08-28,Rosenborg,Tromso,3,1,H,,,,,source_reported_FT,Rosenborg,Tromso
footballcsv/cache.footballdata,https://raw.githubusercontent.com/footballcsv/cache.footballdata/f43a2aa0c65fb061c87e9541e7a567dd58ff933a/2016/no.1.csv,f43a2aa0c65fb061c87e9541e7a567dd58ff933a,173,2026-09-04T07:11:15.790Z,Eliteserien,2016,2016-08-28,Sogndal,Stabaek,1,1,D,,,,,source_reported_FT,Sogndal,Stabaek
footballcsv/cache.footballdata,https://raw.githubusercontent.com/footballcsv/cache.footballdata/f43a2aa0c65fb061c87e9541e7a567dd58ff933a/2016/no.1.csv,f43a2aa0c65fb061c87e9541e7a567dd58ff933a,176,2026-09-04T07:11:15.790Z,Eliteserien,2016,2016-08-28,Viking,Lillestrom,2,2,D,,,,,source_reported_FT,Viking,Lillestrom
footballcsv/cache.footballdata,https://raw.githubusercontent.com/footballcsv/cache.footballdata/f43a2aa0c65fb061c87e9541e7a567dd58ff933a/2016/no.1.csv,f43a2aa0c65fb061c87e9541e7a567dd58ff933a,178,2026-09-04T07:11:15.790Z,Eliteserien,2016,2016-09-09,Start,Aalesund,1,4,A,,,,,source_reported_FT,Start,Aalesund
footballcsv/cache.footballdata,https://raw.githubusercontent.com/footballcsv/cache.footballdata/f43a2aa0c65fb061c87e9541e7a567dd58ff933a/2016/no.1.csv,f43a2aa0c65fb061c87e9541e7a567dd58ff933a,180,2026-09-04T07:11:15.790Z,Eliteserien,2016,2016-09-10,Brann,Viking,0,0,D,,,,,source_reported_FT,Brann,Viking
footballcsv/cache.footballdata,https://raw.githubusercontent.com/footballcsv/cache.footballdata/f43a2aa0c65fb061c87e9541e7a567dd58ff933a/2016/no.1.csv,f43a2aa0c65fb061c87e9541e7a567dd58ff933a,179,2026-09-04T07:11:15.790Z,Eliteserien,2016,2016-09-10,Valerenga,Stromsgodset,1,1,D,,,,,source_reported_FT,Valerenga,Stromsgodset
footballcsv/cache.footballdata,https://raw.githubusercontent.com/footballcsv/cache.footballdata/f43a2aa0c65fb061c87e9541e7a567dd58ff933a/2016/no.1.csv,f43a2aa0c65fb061c87e9541e7a567dd58ff933a,182,2026-09-04T07:11:15.790Z,Eliteserien,2016,2016-09-11,Lillestrom,Odd,2,4,A,,,,,source_reported_FT,Lillestrom,Odd
footballcsv/cache.footballdata,https://raw.githubusercontent.com/footballcsv/cache.footballdata/f43a2aa0c65fb061c87e9541e7a567dd58ff933a/2016/no.1.csv,f43a2aa0c65fb061c87e9541e7a567dd58ff933a,185,2026-09-04T07:11:15.790Z,Eliteserien,2016,2016-09-11,Molde,Haugesund,0,0,D,,,,,source_reported_FT,Molde,Haugesund
footballcsv/cache.footballdata,https://raw.githubusercontent.com/footballcsv/cache.footballdata/f43a2aa0c65fb061c87e9541e7a567dd58ff933a/2016/no.1.csv,f43a2aa0c65fb061c87e9541e7a567dd58ff933a,183,2026-09-04T07:11:15.790Z,Eliteserien,2016,2016-09-11,Sarpsborg 08,Bodo/Glimt,1,2,A,,,,,source_reported_FT,Sarpsborg 08,Bodo/Glimt
footballcsv/cache.footballdata,https://raw.githubusercontent.com/footballcsv/cache.footballdata/f43a2aa0c65fb061c87e9541e7a567dd58ff933a/2016/no.1.csv,f43a2aa0c65fb061c87e9541e7a567dd58ff933a,184,2026-09-04T07:11:15.790Z,Eliteserien,2016,2016-09-11,Stabaek,Rosenborg,0,2,A,,,,,source_reported_FT,Stabaek,Rosenborg
footballcsv/cache.footballdata,https://raw.githubusercontent.com/footballcsv/cache.footballdata/f43a2aa0c65fb061c87e9541e7a567dd58ff933a/2016/no.1.csv,f43a2aa0c65fb061c87e9541e7a567dd58ff933a,181,2026-09-04T07:11:15.790Z,Eliteserien,2016,2016-09-11,Tromso,Sogndal,2,0,H,,,,,source_reported_FT,Tromso,Sogndal
footballcsv/cache.footballdata,https://raw.githubusercontent.com/footballcsv/cache.footballdata/f43a2aa0c65fb061c87e9541e7a567dd58ff933a/2016/no.1.csv,f43a2aa0c65fb061c87e9541e7a567dd58ff933a,186,2026-09-04T07:11:15.790Z,Eliteserien,2016,2016-09-16,Haugesund,Valerenga,1,1,D,,,,,source_reported_FT,Haugesund,Valerenga
footballcsv/cache.footballdata,https://raw.githubusercontent.com/footballcsv/cache.footballdata/f43a2aa0c65fb061c87e9541e7a567dd58ff933a/2016/no.1.csv,f43a2aa0c65fb061c87e9541e7a567dd58ff933a,187,2026-09-04T07:11:15.790Z,Eliteserien,2016,2016-09-17,Tromso,Lillestrom,2,1,H,,,,,source_reported_FT,Tromso,Lillestrom
footballcsv/cache.footballdata,https://raw.githubusercontent.com/footballcsv/cache.footballdata/f43a2aa0c65fb061c87e9541e7a567dd58ff933a/2016/no.1.csv,f43a2aa0c65fb061c87e9541e7a567dd58ff933a,188,2026-09-04T07:11:15.790Z,Eliteserien,2016,2016-09-17,Viking,Molde,1,0,H,,,,,source_reported_FT,Viking,Molde
footballcsv/cache.footballdata,https://raw.githubusercontent.com/footballcsv/cache.footballdata/f43a2aa0c65fb061c87e9541e7a567dd58ff933a/2016/no.1.csv,f43a2aa0c65fb061c87e9541e7a567dd58ff933a,190,2026-09-04T07:11:15.790Z,Eliteserien,2016,2016-09-18,Aalesund,Stromsgodset,4,2,H,,,,,source_reported_FT,Aalesund,Stromsgodset
footballcsv/cache.footballdata,https://raw.githubusercontent.com/footballcsv/cache.footballdata/f43a2aa0c65fb061c87e9541e7a567dd58ff933a/2016/no.1.csv,f43a2aa0c65fb061c87e9541e7a567dd58ff933a,191,2026-09-04T07:11:15.790Z,Eliteserien,2016,2016-09-18,Bodo/Glimt,Brann,1,3,A,,,,,source_reported_FT,Bodo/Glimt,Brann
footballcsv/cache.footballdata,https://raw.githubusercontent.com/footballcsv/cache.footballdata/f43a2aa0c65fb061c87e9541e7a567dd58ff933a/2016/no.1.csv,f43a2aa0c65fb061c87e9541e7a567dd58ff933a,192,2026-09-04T07:11:15.790Z,Eliteserien,2016,2016-09-18,Odd,Stabaek,0,1,A,,,,,source_reported_FT,Odd,Stabaek
footballcsv/cache.footballdata,https://raw.githubusercontent.com/footballcsv/cache.footballdata/f43a2aa0c65fb061c87e9541e7a567dd58ff933a/2016/no.1.csv,f43a2aa0c65fb061c87e9541e7a567dd58ff933a,193,2026-09-04T07:11:15.790Z,Eliteserien,2016,2016-09-18,Rosenborg,Start,2,0,H,,,,,source_reported_FT,Rosenborg,Start
footballcsv/cache.footballdata,https://raw.githubusercontent.com/footballcsv/cache.footballdata/f43a2aa0c65fb061c87e9541e7a567dd58ff933a/2016/no.1.csv,f43a2aa0c65fb061c87e9541e7a567dd58ff933a,189,2026-09-04T07:11:15.790Z,Eliteserien,2016,2016-09-18,Sogndal,Sarpsborg 08,3,0,H,,,,,source_reported_FT,Sogndal,Sarpsborg 08
footballcsv/cache.footballdata,https://raw.githubusercontent.com/footballcsv/cache.footballdata/f43a2aa0c65fb061c87e9541e7a567dd58ff933a/2016/no.1.csv,f43a2aa0c65fb061c87e9541e7a567dd58ff933a,195,2026-09-04T07:11:15.790Z,Eliteserien,2016,2016-09-24,Molde,Rosenborg,1,3,A,,,,,source_reported_FT,Molde,Rosenborg
footballcsv/cache.footballdata,https://raw.githubusercontent.com/footballcsv/cache.footballdata/f43a2aa0c65fb061c87e9541e7a567dd58ff933a/2016/no.1.csv,f43a2aa0c65fb061c87e9541e7a567dd58ff933a,194,2026-09-04T07:11:15.790Z,Eliteserien,2016,2016-09-24,Sarpsborg 08,Viking,1,0,H,,,,,source_reported_FT,Sarpsborg 08,Viking
footballcsv/cache.footballdata,https://raw.githubusercontent.com/footballcsv/cache.footballdata/f43a2aa0c65fb061c87e9541e7a567dd58ff933a/2016/no.1.csv,f43a2aa0c65fb061c87e9541e7a567dd58ff933a,200,2026-09-04T07:11:15.790Z,Eliteserien,2016,2016-09-25,Brann,Tromso,1,0,H,,,,,source_reported_FT,Brann,Tromso
footballcsv/cache.footballdata,https://raw.githubusercontent.com/footballcsv/cache.footballdata/f43a2aa0c65fb061c87e9541e7a567dd58ff933a/2016/no.1.csv,f43a2aa0c65fb061c87e9541e7a567dd58ff933a,196,2026-09-04T07:11:15.790Z,Eliteserien,2016,2016-09-25,Lillestrom,Sogndal,1,2,A,,,,,source_reported_FT,Lillestrom,Sogndal
footballcsv/cache.footballdata,https://raw.githubusercontent.com/footballcsv/cache.footballdata/f43a2aa0c65fb061c87e9541e7a567dd58ff933a/2016/no.1.csv,f43a2aa0c65fb061c87e9541e7a567dd58ff933a,197,2026-09-04T07:11:15.790Z,Eliteserien,2016,2016-09-25,Start,Haugesund,1,0,H,,,,,source_reported_FT,Start,Haugesund
footballcsv/cache.footballdata,https://raw.githubusercontent.com/footballcsv/cache.footballdata/f43a2aa0c65fb061c87e9541e7a567dd58ff933a/2016/no.1.csv,f43a2aa0c65fb061c87e9541e7a567dd58ff933a,198,2026-09-04T07:11:15.790Z,Eliteserien,2016,2016-09-25,Stromsgodset,Odd,1,1,D,,,,,source_reported_FT,Stromsgodset,Odd
footballcsv/cache.footballdata,https://raw.githubusercontent.com/footballcsv/cache.footballdata/f43a2aa0c65fb061c87e9541e7a567dd58ff933a/2016/no.1.csv,f43a2aa0c65fb061c87e9541e7a567dd58ff933a,199,2026-09-04T07:11:15.790Z,Eliteserien,2016,2016-09-25,Valerenga,Aalesund,0,1,A,,,,,source_reported_FT,Valerenga,Aalesund
footballcsv/cache.footballdata,https://raw.githubusercontent.com/footballcsv/cache.footballdata/f43a2aa0c65fb061c87e9541e7a567dd58ff933a/2016/no.1.csv,f43a2aa0c65fb061c87e9541e7a567dd58ff933a,201,2026-09-04T07:11:15.790Z,Eliteserien,2016,2016-09-26,Stabaek,Bodo/Glimt,1,0,H,,,,,source_reported_FT,Stabaek,Bodo/Glimt
footballcsv/cache.footballdata,https://raw.githubusercontent.com/footballcsv/cache.footballdata/f43a2aa0c65fb061c87e9541e7a567dd58ff933a/2016/no.1.csv,f43a2aa0c65fb061c87e9541e7a567dd58ff933a,202,2026-09-04T07:11:15.790Z,Eliteserien,2016,2016-09-30,Bodo/Glimt,Stromsgodset,4,2,H,,,,,source_reported_FT,Bodo/Glimt,Stromsgodset
footballcsv/cache.footballdata,https://raw.githubusercontent.com/footballcsv/cache.footballdata/f43a2aa0c65fb061c87e9541e7a567dd58ff933a/2016/no.1.csv,f43a2aa0c65fb061c87e9541e7a567dd58ff933a,204,2026-09-04T07:11:15.790Z,Eliteserien,2016,2016-10-01,Sogndal,Brann,0,0,D,,,,,source_reported_FT,Sogndal,Brann
footballcsv/cache.footballdata,https://raw.githubusercontent.com/footballcsv/cache.footballdata/f43a2aa0c65fb061c87e9541e7a567dd58ff933a/2016/no.1.csv,f43a2aa0c65fb061c87e9541e7a567dd58ff933a,203,2026-09-04T07:11:15.790Z,Eliteserien,2016,2016-10-01,Stabaek,Lillestrom,1,2,A,,,,,source_reported_FT,Stabaek,Lillestrom
footballcsv/cache.footballdata,https://raw.githubusercontent.com/footballcsv/cache.footballdata/f43a2aa0c65fb061c87e9541e7a567dd58ff933a/2016/no.1.csv,f43a2aa0c65fb061c87e9541e7a567dd58ff933a,206,2026-09-04T07:11:15.790Z,Eliteserien,2016,2016-10-02,Aalesund,Odd,1,0,H,,,,,source_reported_FT,Aalesund,Odd
footballcsv/cache.footballdata,https://raw.githubusercontent.com/footballcsv/cache.footballdata/f43a2aa0c65fb061c87e9541e7a567dd58ff933a/2016/no.1.csv,f43a2aa0c65fb061c87e9541e7a567dd58ff933a,205,2026-09-04T07:11:15.790Z,Eliteserien,2016,2016-10-02,Haugesund,Sarpsborg 08,1,1,D,,,,,source_reported_FT,Haugesund,Sarpsborg 08
footballcsv/cache.footballdata,https://raw.githubusercontent.com/footballcsv/cache.footballdata/f43a2aa0c65fb061c87e9541e7a567dd58ff933a/2016/no.1.csv,f43a2aa0c65fb061c87e9541e7a567dd58ff933a,207,2026-09-04T07:11:15.790Z,Eliteserien,2016,2016-10-02,Rosenborg,Valerenga,3,1,H,,,,,source_reported_FT,Rosenborg,Valerenga
footballcsv/cache.footballdata,https://raw.githubusercontent.com/footballcsv/cache.footballdata/f43a2aa0c65fb061c87e9541e7a567dd58ff933a/2016/no.1.csv,f43a2aa0c65fb061c87e9541e7a567dd58ff933a,208,2026-09-04T07:11:15.790Z,Eliteserien,2016,2016-10-02,Tromso,Molde,0,2,A,,,,,source_reported_FT,Tromso,Molde
footballcsv/cache.footballdata,https://raw.githubusercontent.com/footballcsv/cache.footballdata/f43a2aa0c65fb061c87e9541e7a567dd58ff933a/2016/no.1.csv,f43a2aa0c65fb061c87e9541e7a567dd58ff933a,209,2026-09-04T07:11:15.790Z,Eliteserien,2016,2016-10-02,Viking,Start,2,0,H,,,,,source_reported_FT,Viking,Start
footballcsv/cache.footballdata,https://raw.githubusercontent.com/footballcsv/cache.footballdata/f43a2aa0c65fb061c87e9541e7a567dd58ff933a/2016/no.1.csv,f43a2aa0c65fb061c87e9541e7a567dd58ff933a,210,2026-09-04T07:11:15.790Z,Eliteserien,2016,2016-10-14,Stromsgodset,Viking,1,1,D,,,,,source_reported_FT,Stromsgodset,Viking
footballcsv/cache.footballdata,https://raw.githubusercontent.com/footballcsv/cache.footballdata/f43a2aa0c65fb061c87e9541e7a567dd58ff933a/2016/no.1.csv,f43a2aa0c65fb061c87e9541e7a567dd58ff933a,211,2026-09-04T07:11:15.790Z,Eliteserien,2016,2016-10-15,Aalesund,Bodo/Glimt,1,0,H,,,,,source_reported_FT,Aalesund,Bodo/Glimt
footballcsv/cache.footballdata,https://raw.githubusercontent.com/footballcsv/cache.footballdata/f43a2aa0c65fb061c87e9541e7a567dd58ff933a/2016/no.1.csv,f43a2aa0c65fb061c87e9541e7a567dd58ff933a,212,2026-09-04T07:11:15.790Z,Eliteserien,2016,2016-10-15,Sarpsborg 08,Rosenborg,2,2,D,,,,,source_reported_FT,Sarpsborg 08,Rosenborg
footballcsv/cache.footballdata,https://raw.githubusercontent.com/footballcsv/cache.footballdata/f43a2aa0c65fb061c87e9541e7a567dd58ff933a/2016/no.1.csv,f43a2aa0c65fb061c87e9541e7a567dd58ff933a,214,2026-09-04T07:11:15.790Z,Eliteserien,2016,2016-10-16,Brann,Lillestrom,1,2,A,,,,,source_reported_FT,Brann,Lillestrom
footballcsv/cache.footballdata,https://raw.githubusercontent.com/footballcsv/cache.footballdata/f43a2aa0c65fb061c87e9541e7a567dd58ff933a/2016/no.1.csv,f43a2aa0c65fb061c87e9541e7a567dd58ff933a,215,2026-09-04T07:11:15.790Z,Eliteserien,2016,2016-10-16,Molde,Sogndal,0,0,D,,,,,source_reported_FT,Molde,Sogndal
footballcsv/cache.footballdata,https://raw.githubusercontent.com/footballcsv/cache.footballdata/f43a2aa0c65fb061c87e9541e7a567dd58ff933a/2016/no.1.csv,f43a2aa0c65fb061c87e9541e7a567dd58ff933a,216,2026-09-04T07:11:15.790Z,Eliteserien,2016,2016-10-16,Odd,Haugesund,2,1,H,,,,,source_reported_FT,Odd,Haugesund
footballcsv/cache.footballdata,https://raw.githubusercontent.com/footballcsv/cache.footballdata/f43a2aa0c65fb061c87e9541e7a567dd58ff933a/2016/no.1.csv,f43a2aa0c65fb061c87e9541e7a567dd58ff933a,213,2026-09-04T07:11:15.790Z,Eliteserien,2016,2016-10-16,Start,Tromso,2,1,H,,,,,source_reported_FT,Start,Tromso
footballcsv/cache.footballdata,https://raw.githubusercontent.com/footballcsv/cache.footballdata/f43a2aa0c65fb061c87e9541e7a567dd58ff933a/2016/no.1.csv,f43a2aa0c65fb061c87e9541e7a567dd58ff933a,217,2026-09-04T07:11:15.790Z,Eliteserien,2016,2016-10-16,Valerenga,Stabaek,1,1,D,,,,,source_reported_FT,Valerenga,Stabaek
footballcsv/cache.footballdata,https://raw.githubusercontent.com/footballcsv/cache.footballdata/f43a2aa0c65fb061c87e9541e7a567dd58ff933a/2016/no.1.csv,f43a2aa0c65fb061c87e9541e7a567dd58ff933a,218,2026-09-04T07:11:15.790Z,Eliteserien,2016,2016-10-21,Viking,Aalesund,2,3,A,,,,,source_reported_FT,Viking,Aalesund
footballcsv/cache.footballdata,https://raw.githubusercontent.com/footballcsv/cache.footballdata/f43a2aa0c65fb061c87e9541e7a567dd58ff933a/2016/no.1.csv,f43a2aa0c65fb061c87e9541e7a567dd58ff933a,220,2026-09-04T07:11:15.790Z,Eliteserien,2016,2016-10-22,Brann,Molde,2,1,H,,,,,source_reported_FT,Brann,Molde
footballcsv/cache.footballdata,https://raw.githubusercontent.com/footballcsv/cache.footballdata/f43a2aa0c65fb061c87e9541e7a567dd58ff933a/2016/no.1.csv,f43a2aa0c65fb061c87e9541e7a567dd58ff933a,219,2026-09-04T07:11:15.790Z,Eliteserien,2016,2016-10-22,Stabaek,Sarpsborg 08,1,2,A,,,,,source_reported_FT,Stabaek,Sarpsborg 08
footballcsv/cache.footballdata,https://raw.githubusercontent.com/footballcsv/cache.footballdata/f43a2aa0c65fb061c87e9541e7a567dd58ff933a/2016/no.1.csv,f43a2aa0c65fb061c87e9541e7a567dd58ff933a,222,2026-09-04T07:11:15.790Z,Eliteserien,2016,2016-10-23,Haugesund,Bodo/Glimt,2,1,H,,,,,source_reported_FT,Haugesund,Bodo/Glimt
footballcsv/cache.footballdata,https://raw.githubusercontent.com/footballcsv/cache.footballdata/f43a2aa0c65fb061c87e9541e7a567dd58ff933a/2016/no.1.csv,f43a2aa0c65fb061c87e9541e7a567dd58ff933a,223,2026-09-04T07:11:15.790Z,Eliteserien,2016,2016-10-23,Lillestrom,Start,1,1,D,,,,,source_reported_FT,Lillestrom,Start
footballcsv/cache.footballdata,https://raw.githubusercontent.com/footballcsv/cache.footballdata/f43a2aa0c65fb061c87e9541e7a567dd58ff933a/2016/no.1.csv,f43a2aa0c65fb061c87e9541e7a567dd58ff933a,224,2026-09-04T07:11:15.790Z,Eliteserien,2016,2016-10-23,Rosenborg,Odd,1,2,A,,,,,source_reported_FT,Rosenborg,Odd
footballcsv/cache.footballdata,https://raw.githubusercontent.com/footballcsv/cache.footballdata/f43a2aa0c65fb061c87e9541e7a567dd58ff933a/2016/no.1.csv,f43a2aa0c65fb061c87e9541e7a567dd58ff933a,225,2026-09-04T07:11:15.790Z,Eliteserien,2016,2016-10-23,Sogndal,Stromsgodset,0,1,A,,,,,source_reported_FT,Sogndal,Stromsgodset
footballcsv/cache.footballdata,https://raw.githubusercontent.com/footballcsv/cache.footballdata/f43a2aa0c65fb061c87e9541e7a567dd58ff933a/2016/no.1.csv,f43a2aa0c65fb061c87e9541e7a567dd58ff933a,221,2026-09-04T07:11:15.790Z,Eliteserien,2016,2016-10-23,Tromso,Valerenga,0,3,A,,,,,source_reported_FT,Tromso,Valerenga
footballcsv/cache.footballdata,https://raw.githubusercontent.com/footballcsv/cache.footballdata/f43a2aa0c65fb061c87e9541e7a567dd58ff933a/2016/no.1.csv,f43a2aa0c65fb061c87e9541e7a567dd58ff933a,226,2026-09-04T07:11:15.790Z,Eliteserien,2016,2016-10-30,Aalesund,Haugesund,3,3,D,,,,,source_reported_FT,Aalesund,Haugesund
footballcsv/cache.footballdata,https://raw.githubusercontent.com/footballcsv/cache.footballdata/f43a2aa0c65fb061c87e9541e7a567dd58ff933a/2016/no.1.csv,f43a2aa0c65fb061c87e9541e7a567dd58ff933a,227,2026-09-04T07:11:15.790Z,Eliteserien,2016,2016-10-30,Bodo/Glimt,Viking,0,2,A,,,,,source_reported_FT,Bodo/Glimt,Viking
footballcsv/cache.footballdata,https://raw.githubusercontent.com/footballcsv/cache.footballdata/f43a2aa0c65fb061c87e9541e7a567dd58ff933a/2016/no.1.csv,f43a2aa0c65fb061c87e9541e7a567dd58ff933a,228,2026-09-04T07:11:15.790Z,Eliteserien,2016,2016-10-30,Molde,Stabaek,3,0,H,,,,,source_reported_FT,Molde,Stabaek
footballcsv/cache.footballdata,https://raw.githubusercontent.com/footballcsv/cache.footballdata/f43a2aa0c65fb061c87e9541e7a567dd58ff933a/2016/no.1.csv,f43a2aa0c65fb061c87e9541e7a567dd58ff933a,229,2026-09-04T07:11:15.790Z,Eliteserien,2016,2016-10-30,Odd,Sogndal,3,1,H,,,,,source_reported_FT,Odd,Sogndal
footballcsv/cache.footballdata,https://raw.githubusercontent.com/footballcsv/cache.footballdata/f43a2aa0c65fb061c87e9541e7a567dd58ff933a/2016/no.1.csv,f43a2aa0c65fb061c87e9541e7a567dd58ff933a,230,2026-09-04T07:11:15.790Z,Eliteserien,2016,2016-10-30,Sarpsborg 08,Tromso,2,2,D,,,,,source_reported_FT,Sarpsborg 08,Tromso
footballcsv/cache.footballdata,https://raw.githubusercontent.com/footballcsv/cache.footballdata/f43a2aa0c65fb061c87e9541e7a567dd58ff933a/2016/no.1.csv,f43a2aa0c65fb061c87e9541e7a567dd58ff933a,231,2026-09-04T07:11:15.790Z,Eliteserien,2016,2016-10-30,Start,Brann,1,2,A,,,,,source_reported_FT,Start,Brann
footballcsv/cache.footballdata,https://raw.githubusercontent.com/footballcsv/cache.footballdata/f43a2aa0c65fb061c87e9541e7a567dd58ff933a/2016/no.1.csv,f43a2aa0c65fb061c87e9541e7a567dd58ff933a,232,2026-09-04T07:11:15.790Z,Eliteserien,2016,2016-10-30,Stromsgodset,Rosenborg,2,0,H,,,,,source_reported_FT,Stromsgodset,Rosenborg
footballcsv/cache.footballdata,https://raw.githubusercontent.com/footballcsv/cache.footballdata/f43a2aa0c65fb061c87e9541e7a567dd58ff933a/2016/no.1.csv,f43a2aa0c65fb061c87e9541e7a567dd58ff933a,233,2026-09-04T07:11:15.790Z,Eliteserien,2016,2016-10-30,Valerenga,Lillestrom,1,1,D,,,,,source_reported_FT,Valerenga,Lillestrom
footballcsv/cache.footballdata,https://raw.githubusercontent.com/footballcsv/cache.footballdata/f43a2aa0c65fb061c87e9541e7a567dd58ff933a/2016/no.1.csv,f43a2aa0c65fb061c87e9541e7a567dd58ff933a,234,2026-09-04T07:11:15.790Z,Eliteserien,2016,2016-11-06,Brann,Sarpsborg 08,2,1,H,,,,,source_reported_FT,Brann,Sarpsborg 08
footballcsv/cache.footballdata,https://raw.githubusercontent.com/footballcsv/cache.footballdata/f43a2aa0c65fb061c87e9541e7a567dd58ff933a/2016/no.1.csv,f43a2aa0c65fb061c87e9541e7a567dd58ff933a,235,2026-09-04T07:11:15.790Z,Eliteserien,2016,2016-11-06,Haugesund,Stromsgodset,1,1,D,,,,,source_reported_FT,Haugesund,Stromsgodset
footballcsv/cache.footballdata,https://raw.githubusercontent.com/footballcsv/cache.footballdata/f43a2aa0c65fb061c87e9541e7a567dd58ff933a/2016/no.1.csv,f43a2aa0c65fb061c87e9541e7a567dd58ff933a,236,2026-09-04T07:11:15.790Z,Eliteserien,2016,2016-11-06,Lillestrom,Molde,1,0,H,,,,,source_reported_FT,Lillestrom,Molde
footballcsv/cache.footballdata,https://raw.githubusercontent.com/footballcsv/cache.footballdata/f43a2aa0c65fb061c87e9541e7a567dd58ff933a/2016/no.1.csv,f43a2aa0c65fb061c87e9541e7a567dd58ff933a,237,2026-09-04T07:11:15.790Z,Eliteserien,2016,2016-11-06,Rosenborg,Bodo/Glimt,2,1,H,,,,,source_reported_FT,Rosenborg,Bodo/Glimt
footballcsv/cache.footballdata,https://raw.githubusercontent.com/footballcsv/cache.footballdata/f43a2aa0c65fb061c87e9541e7a567dd58ff933a/2016/no.1.csv,f43a2aa0c65fb061c87e9541e7a567dd58ff933a,238,2026-09-04T07:11:15.790Z,Eliteserien,2016,2016-11-06,Sogndal,Aalesund,2,4,A,,,,,source_reported_FT,Sogndal,Aalesund
footballcsv/cache.footballdata,https://raw.githubusercontent.com/footballcsv/cache.footballdata/f43a2aa0c65fb061c87e9541e7a567dd58ff933a/2016/no.1.csv,f43a2aa0c65fb061c87e9541e7a567dd58ff933a,239,2026-09-04T07:11:15.790Z,Eliteserien,2016,2016-11-06,Stabaek,Start,3,0,H,,,,,source_reported_FT,Stabaek,Start
footballcsv/cache.footballdata,https://raw.githubusercontent.com/footballcsv/cache.footballdata/f43a2aa0c65fb061c87e9541e7a567dd58ff933a/2016/no.1.csv,f43a2aa0c65fb061c87e9541e7a567dd58ff933a,240,2026-09-04T07:11:15.790Z,Eliteserien,2016,2016-11-06,Tromso,Odd,3,1,H,,,,,source_reported_FT,Tromso,Odd
footballcsv/cache.footballdata,https://raw.githubusercontent.com/footballcsv/cache.footballdata/f43a2aa0c65fb061c87e9541e7a567dd58ff933a/2016/no.1.csv,f43a2aa0c65fb061c87e9541e7a567dd58ff933a,241,2026-09-04T07:11:15.790Z,Eliteserien,2016,2016-11-06,Viking,Valerenga,0,2,A,,,,,source_reported_FT,Viking,Valerenga
footballcsv/cache.footballdata,https://raw.githubusercontent.com/footballcsv/cache.footballdata/f43a2aa0c65fb061c87e9541e7a567dd58ff933a/2016/no.1.csv,f43a2aa0c65fb061c87e9541e7a567dd58ff933a,242,2026-09-04T07:11:15.790Z,Eliteserien,2016,2016-11-30,Jerv,Stabaek,1,0,H,,,,,source_reported_FT,Jerv,Stabaek
footballcsv/cache.footballdata,https://raw.githubusercontent.com/footballcsv/cache.footballdata/f43a2aa0c65fb061c87e9541e7a567dd58ff933a/2016/no.1.csv,f43a2aa0c65fb061c87e9541e7a567dd58ff933a,243,2026-09-04T07:11:15.790Z,Eliteserien,2016,2016-12-04,Stabaek,Jerv,2,0,H,,,,,source_reported_FT,Stabaek,Jerv
footballcsv/cache.footballdata,https://raw.githubusercontent.com/footballcsv/cache.footballdata/f43a2aa0c65fb061c87e9541e7a567dd58ff933a/2017/no.1.csv,f43a2aa0c65fb061c87e9541e7a567dd58ff933a,2,2026-09-04T07:11:34.336Z,Eliteserien,2017,2017-04-01,Kristiansund,Molde,0,1,A,,,,,source_reported_FT,Kristiansund,Molde
footballcsv/cache.footballdata,https://raw.githubusercontent.com/footballcsv/cache.footballdata/f43a2aa0c65fb061c87e9541e7a567dd58ff933a/2017/no.1.csv,f43a2aa0c65fb061c87e9541e7a567dd58ff933a,3,2026-09-04T07:11:34.336Z,Eliteserien,2017,2017-04-02,Lillestrom,Sandefjord,2,1,H,,,,,source_reported_FT,Lillestrom,Sandefjord
footballcsv/cache.footballdata,https://raw.githubusercontent.com/footballcsv/cache.footballdata/f43a2aa0c65fb061c87e9541e7a567dd58ff933a/2017/no.1.csv,f43a2aa0c65fb061c87e9541e7a567dd58ff933a,8,2026-09-04T07:11:34.336Z,Eliteserien,2017,2017-04-02,Rosenborg,Odd,3,0,H,,,,,source_reported_FT,Rosenborg,Odd
footballcsv/cache.footballdata,https://raw.githubusercontent.com/footballcsv/cache.footballdata/f43a2aa0c65fb061c87e9541e7a567dd58ff933a/2017/no.1.csv,f43a2aa0c65fb061c87e9541e7a567dd58ff933a,4,2026-09-04T07:11:34.336Z,Eliteserien,2017,2017-04-02,Sarpsborg 08,Sogndal,3,1,H,,,,,source_reported_FT,Sarpsborg 08,Sogndal
footballcsv/cache.footballdata,https://raw.githubusercontent.com/footballcsv/cache.footballdata/f43a2aa0c65fb061c87e9541e7a567dd58ff933a/2017/no.1.csv,f43a2aa0c65fb061c87e9541e7a567dd58ff933a,5,2026-09-04T07:11:34.336Z,Eliteserien,2017,2017-04-02,Stabaek,Aalesund,3,1,H,,,,,source_reported_FT,Stabaek,Aalesund
footballcsv/cache.footballdata,https://raw.githubusercontent.com/footballcsv/cache.footballdata/f43a2aa0c65fb061c87e9541e7a567dd58ff933a/2017/no.1.csv,f43a2aa0c65fb061c87e9541e7a567dd58ff933a,6,2026-09-04T07:11:34.336Z,Eliteserien,2017,2017-04-02,Stromsgodset,Haugesund,3,1,H,,,,,source_reported_FT,Stromsgodset,Haugesund
footballcsv/cache.footballdata,https://raw.githubusercontent.com/footballcsv/cache.footballdata/f43a2aa0c65fb061c87e9541e7a567dd58ff933a/2017/no.1.csv,f43a2aa0c65fb061c87e9541e7a567dd58ff933a,7,2026-09-04T07:11:34.336Z,Eliteserien,2017,2017-04-02,Tromso,Brann,1,1,D,,,,,source_reported_FT,Tromso,Brann
footballcsv/cache.footballdata,https://raw.githubusercontent.com/footballcsv/cache.footballdata/f43a2aa0c65fb061c87e9541e7a567dd58ff933a/2017/no.1.csv,f43a2aa0c65fb061c87e9541e7a567dd58ff933a,9,2026-09-04T07:11:34.336Z,Eliteserien,2017,2017-04-03,Valerenga,Viking,1,0,H,,,,,source_reported_FT,Valerenga,Viking
footballcsv/cache.footballdata,https://raw.githubusercontent.com/footballcsv/cache.footballdata/f43a2aa0c65fb061c87e9541e7a567dd58ff933a/2017/no.1.csv,f43a2aa0c65fb061c87e9541e7a567dd58ff933a,10,2026-09-04T07:11:34.336Z,Eliteserien,2017,2017-04-05,Aalesund,Sarpsborg 08,1,3,A,,,,,source_reported_FT,Aalesund,Sarpsborg 08
footballcsv/cache.footballdata,https://raw.githubusercontent.com/footballcsv/cache.footballdata/f43a2aa0c65fb061c87e9541e7a567dd58ff933a/2017/no.1.csv,f43a2aa0c65fb061c87e9541e7a567dd58ff933a,11,2026-09-04T07:11:34.336Z,Eliteserien,2017,2017-04-05,Molde,Lillestrom,2,1,H,,,,,source_reported_FT,Molde,Lillestrom
footballcsv/cache.footballdata,https://raw.githubusercontent.com/footballcsv/cache.footballdata/f43a2aa0c65fb061c87e9541e7a567dd58ff933a/2017/no.1.csv,f43a2aa0c65fb061c87e9541e7a567dd58ff933a,12,2026-09-04T07:11:34.336Z,Eliteserien,2017,2017-04-05,Odd,Kristiansund,2,0,H,,,,,source_reported_FT,Odd,Kristiansund
footballcsv/cache.footballdata,https://raw.githubusercontent.com/footballcsv/cache.footballdata/f43a2aa0c65fb061c87e9541e7a567dd58ff933a/2017/no.1.csv,f43a2aa0c65fb061c87e9541e7a567dd58ff933a,13,2026-09-04T07:11:34.336Z,Eliteserien,2017,2017-04-05,Sandefjord,Rosenborg,0,3,A,,,,,source_reported_FT,Sandefjord,Rosenborg
footballcsv/cache.footballdata,https://raw.githubusercontent.com/footballcsv/cache.footballdata/f43a2aa0c65fb061c87e9541e7a567dd58ff933a/2017/no.1.csv,f43a2aa0c65fb061c87e9541e7a567dd58ff933a,14,2026-09-04T07:11:34.336Z,Eliteserien,2017,2017-04-05,Sogndal,Stabaek,4,1,H,,,,,source_reported_FT,Sogndal,Stabaek
footballcsv/cache.footballdata,https://raw.githubusercontent.com/footballcsv/cache.footballdata/f43a2aa0c65fb061c87e9541e7a567dd58ff933a/2017/no.1.csv,f43a2aa0c65fb061c87e9541e7a567dd58ff933a,15,2026-09-04T07:11:34.336Z,Eliteserien,2017,2017-04-06,Brann,Stromsgodset,3,0,H,,,,,source_reported_FT,Brann,Stromsgodset
footballcsv/cache.footballdata,https://raw.githubusercontent.com/footballcsv/cache.footballdata/f43a2aa0c65fb061c87e9541e7a567dd58ff933a/2017/no.1.csv,f43a2aa0c65fb061c87e9541e7a567dd58ff933a,16,2026-09-04T07:11:34.336Z,Eliteserien,2017,2017-04-06,Haugesund,Valerenga,4,3,H,,,,,source_reported_FT,Haugesund,Valerenga
footballcsv/cache.footballdata,https://raw.githubusercontent.com/footballcsv/cache.footballdata/f43a2aa0c65fb061c87e9541e7a567dd58ff933a/2017/no.1.csv,f43a2aa0c65fb061c87e9541e7a567dd58ff933a,17,2026-09-04T07:11:34.336Z,Eliteserien,2017,2017-04-06,Viking,Tromso,1,2,A,,,,,source_reported_FT,Viking,Tromso
footballcsv/cache.footballdata,https://raw.githubusercontent.com/footballcsv/cache.footballdata/f43a2aa0c65fb061c87e9541e7a567dd58ff933a/2017/no.1.csv,f43a2aa0c65fb061c87e9541e7a567dd58ff933a,18,2026-09-04T07:11:34.336Z,Eliteserien,2017,2017-04-08,Rosenborg,Molde,2,1,H,,,,,source_reported_FT,Rosenborg,Molde
footballcsv/cache.footballdata,https://raw.githubusercontent.com/footballcsv/cache.footballdata/f43a2aa0c65fb061c87e9541e7a567dd58ff933a/2017/no.1.csv,f43a2aa0c65fb061c87e9541e7a567dd58ff933a,19,2026-09-04T07:11:34.336Z,Eliteserien,2017,2017-04-09,Lillestrom,Haugesund,0,2,A,,,,,source_reported_FT,Lillestrom,Haugesund
footballcsv/cache.footballdata,https://raw.githubusercontent.com/footballcsv/cache.footballdata/f43a2aa0c65fb061c87e9541e7a567dd58ff933a/2017/no.1.csv,f43a2aa0c65fb061c87e9541e7a567dd58ff933a,20,2026-09-04T07:11:34.336Z,Eliteserien,2017,2017-04-09,Sarpsborg 08,Viking,3,0,H,,,,,source_reported_FT,Sarpsborg 08,Viking
footballcsv/cache.footballdata,https://raw.githubusercontent.com/footballcsv/cache.footballdata/f43a2aa0c65fb061c87e9541e7a567dd58ff933a/2017/no.1.csv,f43a2aa0c65fb061c87e9541e7a567dd58ff933a,21,2026-09-04T07:11:34.336Z,Eliteserien,2017,2017-04-09,Stabaek,Odd,2,0,H,,,,,source_reported_FT,Stabaek,Odd
footballcsv/cache.footballdata,https://raw.githubusercontent.com/footballcsv/cache.footballdata/f43a2aa0c65fb061c87e9541e7a567dd58ff933a/2017/no.1.csv,f43a2aa0c65fb061c87e9541e7a567dd58ff933a,24,2026-09-04T07:11:34.336Z,Eliteserien,2017,2017-04-09,Stromsgodset,Aalesund,1,1,D,,,,,source_reported_FT,Stromsgodset,Aalesund
footballcsv/cache.footballdata,https://raw.githubusercontent.com/footballcsv/cache.footballdata/f43a2aa0c65fb061c87e9541e7a567dd58ff933a/2017/no.1.csv,f43a2aa0c65fb061c87e9541e7a567dd58ff933a,22,2026-09-04T07:11:34.336Z,Eliteserien,2017,2017-04-09,Tromso,Sogndal,3,0,H,,,,,source_reported_FT,Tromso,Sogndal
footballcsv/cache.footballdata,https://raw.githubusercontent.com/footballcsv/cache.footballdata/f43a2aa0c65fb061c87e9541e7a567dd58ff933a/2017/no.1.csv,f43a2aa0c65fb061c87e9541e7a567dd58ff933a,23,2026-09-04T07:11:34.336Z,Eliteserien,2017,2017-04-09,Valerenga,Sandefjord,1,2,A,,,,,source_reported_FT,Valerenga,Sandefjord
footballcsv/cache.footballdata,https://raw.githubusercontent.com/footballcsv/cache.footballdata/f43a2aa0c65fb061c87e9541e7a567dd58ff933a/2017/no.1.csv,f43a2aa0c65fb061c87e9541e7a567dd58ff933a,25,2026-09-04T07:11:34.336Z,Eliteserien,2017,2017-04-10,Kristiansund,Brann,1,0,H,,,,,source_reported_FT,Kristiansund,Brann
footballcsv/cache.footballdata,https://raw.githubusercontent.com/footballcsv/cache.footballdata/f43a2aa0c65fb061c87e9541e7a567dd58ff933a/2017/no.1.csv,f43a2aa0c65fb061c87e9541e7a567dd58ff933a,26,2026-09-04T07:11:34.336Z,Eliteserien,2017,2017-04-17,Aalesund,Lillestrom,3,1,H,,,,,source_reported_FT,Aalesund,Lillestrom
footballcsv/cache.footballdata,https://raw.githubusercontent.com/footballcsv/cache.footballdata/f43a2aa0c65fb061c87e9541e7a567dd58ff933a/2017/no.1.csv,f43a2aa0c65fb061c87e9541e7a567dd58ff933a,27,2026-09-04T07:11:34.336Z,Eliteserien,2017,2017-04-17,Brann,Haugesund,3,1,H,,,,,source_reported_FT,Brann,Haugesund
footballcsv/cache.footballdata,https://raw.githubusercontent.com/footballcsv/cache.footballdata/f43a2aa0c65fb061c87e9541e7a567dd58ff933a/2017/no.1.csv,f43a2aa0c65fb061c87e9541e7a567dd58ff933a,28,2026-09-04T07:11:34.336Z,Eliteserien,2017,2017-04-17,Molde,Valerenga,4,0,H,,,,,source_reported_FT,Molde,Valerenga
footballcsv/cache.footballdata,https://raw.githubusercontent.com/footballcsv/cache.footballdata/f43a2aa0c65fb061c87e9541e7a567dd58ff933a/2017/no.1.csv,f43a2aa0c65fb061c87e9541e7a567dd58ff933a,32,2026-09-04T07:11:34.336Z,Eliteserien,2017,2017-04-17,Odd,Tromso,1,0,H,,,,,source_reported_FT,Odd,Tromso
footballcsv/cache.footballdata,https://raw.githubusercontent.com/footballcsv/cache.footballdata/f43a2aa0c65fb061c87e9541e7a567dd58ff933a/2017/no.1.csv,f43a2aa0c65fb061c87e9541e7a567dd58ff933a,29,2026-09-04T07:11:34.336Z,Eliteserien,2017,2017-04-17,Sandefjord,Kristiansund,2,0,H,,,,,source_reported_FT,Sandefjord,Kristiansund
footballcsv/cache.footballdata,https://raw.githubusercontent.com/footballcsv/cache.footballdata/f43a2aa0c65fb061c87e9541e7a567dd58ff933a/2017/no.1.csv,f43a2aa0c65fb061c87e9541e7a567dd58ff933a,30,2026-09-04T07:11:34.336Z,Eliteserien,2017,2017-04-17,Sogndal,Stromsgodset,1,1,D,,,,,source_reported_FT,Sogndal,Stromsgodset
footballcsv/cache.footballdata,https://raw.githubusercontent.com/footballcsv/cache.footballdata/f43a2aa0c65fb061c87e9541e7a567dd58ff933a/2017/no.1.csv,f43a2aa0c65fb061c87e9541e7a567dd58ff933a,31,2026-09-04T07:11:34.336Z,Eliteserien,2017,2017-04-17,Stabaek,Sarpsborg 08,3,0,H,,,,,source_reported_FT,Stabaek,Sarpsborg 08
footballcsv/cache.footballdata,https://raw.githubusercontent.com/footballcsv/cache.footballdata/f43a2aa0c65fb061c87e9541e7a567dd58ff933a/2017/no.1.csv,f43a2aa0c65fb061c87e9541e7a567dd58ff933a,33,2026-09-04T07:11:34.336Z,Eliteserien,2017,2017-04-17,Viking,Rosenborg,0,1,A,,,,,source_reported_FT,Viking,Rosenborg
footballcsv/cache.footballdata,https://raw.githubusercontent.com/footballcsv/cache.footballdata/f43a2aa0c65fb061c87e9541e7a567dd58ff933a/2017/no.1.csv,f43a2aa0c65fb061c87e9541e7a567dd58ff933a,34,2026-09-04T07:11:34.336Z,Eliteserien,2017,2017-04-22,Stromsgodset,Sandefjord,1,0,H,,,,,source_reported_FT,Stromsgodset,Sandefjord
footballcsv/cache.footballdata,https://raw.githubusercontent.com/footballcsv/cache.footballdata/f43a2aa0c65fb061c87e9541e7a567dd58ff933a/2017/no.1.csv,f43a2aa0c65fb061c87e9541e7a567dd58ff933a,40,2026-09-04T07:11:34.336Z,Eliteserien,2017,2017-04-23,Lillestrom,Brann,0,2,A,,,,,source_reported_FT,Lillestrom,Brann
footballcsv/cache.footballdata,https://raw.githubusercontent.com/footballcsv/cache.footballdata/f43a2aa0c65fb061c87e9541e7a567dd58ff933a/2017/no.1.csv,f43a2aa0c65fb061c87e9541e7a567dd58ff933a,35,2026-09-04T07:11:34.336Z,Eliteserien,2017,2017-04-23,Rosenborg,Aalesund,0,0,D,,,,,source_reported_FT,Rosenborg,Aalesund
footballcsv/cache.footballdata,https://raw.githubusercontent.com/footballcsv/cache.footballdata/f43a2aa0c65fb061c87e9541e7a567dd58ff933a/2017/no.1.csv,f43a2aa0c65fb061c87e9541e7a567dd58ff933a,36,2026-09-04T07:11:34.336Z,Eliteserien,2017,2017-04-23,Sarpsborg 08,Kristiansund,5,1,H,,,,,source_reported_FT,Sarpsborg 08,Kristiansund
footballcsv/cache.footballdata,https://raw.githubusercontent.com/footballcsv/cache.footballdata/f43a2aa0c65fb061c87e9541e7a567dd58ff933a/2017/no.1.csv,f43a2aa0c65fb061c87e9541e7a567dd58ff933a,37,2026-09-04T07:11:34.336Z,Eliteserien,2017,2017-04-23,Tromso,Stabaek,0,3,A,,,,,source_reported_FT,Tromso,Stabaek
footballcsv/cache.footballdata,https://raw.githubusercontent.com/footballcsv/cache.footballdata/f43a2aa0c65fb061c87e9541e7a567dd58ff933a/2017/no.1.csv,f43a2aa0c65fb061c87e9541e7a567dd58ff933a,38,2026-09-04T07:11:34.336Z,Eliteserien,2017,2017-04-23,Valerenga,Sogndal,3,0,H,,,,,source_reported_FT,Valerenga,Sogndal
footballcsv/cache.footballdata,https://raw.githubusercontent.com/footballcsv/cache.footballdata/f43a2aa0c65fb061c87e9541e7a567dd58ff933a/2017/no.1.csv,f43a2aa0c65fb061c87e9541e7a567dd58ff933a,39,2026-09-04T07:11:34.336Z,Eliteserien,2017,2017-04-23,Viking,Odd,3,0,H,,,,,source_reported_FT,Viking,Odd
footballcsv/cache.footballdata,https://raw.githubusercontent.com/footballcsv/cache.footballdata/f43a2aa0c65fb061c87e9541e7a567dd58ff933a/2017/no.1.csv,f43a2aa0c65fb061c87e9541e7a567dd58ff933a,41,2026-09-04T07:11:34.336Z,Eliteserien,2017,2017-04-24,Haugesund,Molde,0,0,D,,,,,source_reported_FT,Haugesund,Molde
footballcsv/cache.footballdata,https://raw.githubusercontent.com/footballcsv/cache.footballdata/f43a2aa0c65fb061c87e9541e7a567dd58ff933a/2017/no.1.csv,f43a2aa0c65fb061c87e9541e7a567dd58ff933a,42,2026-09-04T07:11:34.336Z,Eliteserien,2017,2017-04-29,Brann,Viking,1,1,D,,,,,source_reported_FT,Brann,Viking
footballcsv/cache.footballdata,https://raw.githubusercontent.com/footballcsv/cache.footballdata/f43a2aa0c65fb061c87e9541e7a567dd58ff933a/2017/no.1.csv,f43a2aa0c65fb061c87e9541e7a567dd58ff933a,43,2026-09-04T07:11:34.336Z,Eliteserien,2017,2017-04-30,Aalesund,Tromso,3,1,H,,,,,source_reported_FT,Aalesund,Tromso
footballcsv/cache.footballdata,https://raw.githubusercontent.com/footballcsv/cache.footballdata/f43a2aa0c65fb061c87e9541e7a567dd58ff933a/2017/no.1.csv,f43a2aa0c65fb061c87e9541e7a567dd58ff933a,44,2026-09-04T07:11:34.336Z,Eliteserien,2017,2017-04-30,Kristiansund,Stromsgodset,2,0,H,,,,,source_reported_FT,Kristiansund,Stromsgodset
footballcsv/cache.footballdata,https://raw.githubusercontent.com/footballcsv/cache.footballdata/f43a2aa0c65fb061c87e9541e7a567dd58ff933a/2017/no.1.csv,f43a2aa0c65fb061c87e9541e7a567dd58ff933a,48,2026-09-04T07:11:34.336Z,Eliteserien,2017,2017-04-30,Odd,Valerenga,2,1,H,,,,,source_reported_FT,Odd,Valerenga
footballcsv/cache.footballdata,https://raw.githubusercontent.com/footballcsv/cache.footballdata/f43a2aa0c65fb061c87e9541e7a567dd58ff933a/2017/no.1.csv,f43a2aa0c65fb061c87e9541e7a567dd58ff933a,45,2026-09-04T07:11:34.336Z,Eliteserien,2017,2017-04-30,Sandefjord,Molde,3,3,D,,,,,source_reported_FT,Sandefjord,Molde
footballcsv/cache.footballdata,https://raw.githubusercontent.com/footballcsv/cache.footballdata/f43a2aa0c65fb061c87e9541e7a567dd58ff933a/2017/no.1.csv,f43a2aa0c65fb061c87e9541e7a567dd58ff933a,46,2026-09-04T07:11:34.336Z,Eliteserien,2017,2017-04-30,Sogndal,Lillestrom,0,1,A,,,,,source_reported_FT,Sogndal,Lillestrom
footballcsv/cache.footballdata,https://raw.githubusercontent.com/footballcsv/cache.footballdata/f43a2aa0c65fb061c87e9541e7a567dd58ff933a/2017/no.1.csv,f43a2aa0c65fb061c87e9541e7a567dd58ff933a,47,2026-09-04T07:11:34.336Z,Eliteserien,2017,2017-04-30,Stabaek,Haugesund,0,3,A,,,,,source_reported_FT,Stabaek,Haugesund
footballcsv/cache.footballdata,https://raw.githubusercontent.com/footballcsv/cache.footballdata/f43a2aa0c65fb061c87e9541e7a567dd58ff933a/2017/no.1.csv,f43a2aa0c65fb061c87e9541e7a567dd58ff933a,49,2026-09-04T07:11:34.336Z,Eliteserien,2017,2017-05-01,Sarpsborg 08,Rosenborg,1,2,A,,,,,source_reported_FT,Sarpsborg 08,Rosenborg
footballcsv/cache.footballdata,https://raw.githubusercontent.com/footballcsv/cache.footballdata/f43a2aa0c65fb061c87e9541e7a567dd58ff933a/2017/no.1.csv,f43a2aa0c65fb061c87e9541e7a567dd58ff933a,50,2026-09-04T07:11:34.336Z,Eliteserien,2017,2017-05-06,Molde,Aalesund,0,1,A,,,,,source_reported_FT,Molde,Aalesund
footballcsv/cache.footballdata,https://raw.githubusercontent.com/footballcsv/cache.footballdata/f43a2aa0c65fb061c87e9541e7a567dd58ff933a/2017/no.1.csv,f43a2aa0c65fb061c87e9541e7a567dd58ff933a,51,2026-09-04T07:11:34.336Z,Eliteserien,2017,2017-05-07,Haugesund,Sogndal,0,0,D,,,,,source_reported_FT,Haugesund,Sogndal
footballcsv/cache.footballdata,https://raw.githubusercontent.com/footballcsv/cache.footballdata/f43a2aa0c65fb061c87e9541e7a567dd58ff933a/2017/no.1.csv,f43a2aa0c65fb061c87e9541e7a567dd58ff933a,56,2026-09-04T07:11:34.336Z,Eliteserien,2017,2017-05-07,Rosenborg,Brann,2,1,H,,,,,source_reported_FT,Rosenborg,Brann
footballcsv/cache.footballdata,https://raw.githubusercontent.com/footballcsv/cache.footballdata/f43a2aa0c65fb061c87e9541e7a567dd58ff933a/2017/no.1.csv,f43a2aa0c65fb061c87e9541e7a567dd58ff933a,52,2026-09-04T07:11:34.336Z,Eliteserien,2017,2017-05-07,Stromsgodset,Sarpsborg 08,1,1,D,,,,,source_reported_FT,Stromsgodset,Sarpsborg 08
footballcsv/cache.footballdata,https://raw.githubusercontent.com/footballcsv/cache.footballdata/f43a2aa0c65fb061c87e9541e7a567dd58ff933a/2017/no.1.csv,f43a2aa0c65fb061c87e9541e7a567dd58ff933a,53,2026-09-04T07:11:34.336Z,Eliteserien,2017,2017-05-07,Tromso,Kristiansund,1,1,D,,,,,source_reported_FT,Tromso,Kristiansund
footballcsv/cache.footballdata,https://raw.githubusercontent.com/footballcsv/cache.footballdata/f43a2aa0c65fb061c87e9541e7a567dd58ff933a/2017/no.1.csv,f43a2aa0c65fb061c87e9541e7a567dd58ff933a,54,2026-09-04T07:11:34.336Z,Eliteserien,2017,2017-05-07,Valerenga,Stabaek,1,1,D,,,,,source_reported_FT,Valerenga,Stabaek
footballcsv/cache.footballdata,https://raw.githubusercontent.com/footballcsv/cache.footballdata/f43a2aa0c65fb061c87e9541e7a567dd58ff933a/2017/no.1.csv,f43a2aa0c65fb061c87e9541e7a567dd58ff933a,55,2026-09-04T07:11:34.336Z,Eliteserien,2017,2017-05-07,Viking,Sandefjord,0,2,A,,,,,source_reported_FT,Viking,Sandefjord
footballcsv/cache.footballdata,https://raw.githubusercontent.com/footballcsv/cache.footballdata/f43a2aa0c65fb061c87e9541e7a567dd58ff933a/2017/no.1.csv,f43a2aa0c65fb061c87e9541e7a567dd58ff933a,57,2026-09-04T07:11:34.336Z,Eliteserien,2017,2017-05-08,Lillestrom,Odd,0,1,A,,,,,source_reported_FT,Lillestrom,Odd
footballcsv/cache.footballdata,https://raw.githubusercontent.com/footballcsv/cache.footballdata/f43a2aa0c65fb061c87e9541e7a567dd58ff933a/2017/no.1.csv,f43a2aa0c65fb061c87e9541e7a567dd58ff933a,58,2026-09-04T07:11:34.336Z,Eliteserien,2017,2017-05-12,Aalesund,Valerenga,0,1,A,,,,,source_reported_FT,Aalesund,Valerenga
footballcsv/cache.footballdata,https://raw.githubusercontent.com/footballcsv/cache.footballdata/f43a2aa0c65fb061c87e9541e7a567dd58ff933a/2017/no.1.csv,f43a2aa0c65fb061c87e9541e7a567dd58ff933a,65,2026-09-04T07:11:34.336Z,Eliteserien,2017,2017-05-13,Brann,Molde,4,1,H,,,,,source_reported_FT,Brann,Molde
footballcsv/cache.footballdata,https://raw.githubusercontent.com/footballcsv/cache.footballdata/f43a2aa0c65fb061c87e9541e7a567dd58ff933a/2017/no.1.csv,f43a2aa0c65fb061c87e9541e7a567dd58ff933a,60,2026-09-04T07:11:34.336Z,Eliteserien,2017,2017-05-13,Kristiansund,Lillestrom,1,1,D,,,,,source_reported_FT,Kristiansund,Lillestrom
footballcsv/cache.footballdata,https://raw.githubusercontent.com/footballcsv/cache.footballdata/f43a2aa0c65fb061c87e9541e7a567dd58ff933a/2017/no.1.csv,f43a2aa0c65fb061c87e9541e7a567dd58ff933a,61,2026-09-04T07:11:34.336Z,Eliteserien,2017,2017-05-13,Odd,Stromsgodset,2,0,H,,,,,source_reported_FT,Odd,Stromsgodset
footballcsv/cache.footballdata,https://raw.githubusercontent.com/footballcsv/cache.footballdata/f43a2aa0c65fb061c87e9541e7a567dd58ff933a/2017/no.1.csv,f43a2aa0c65fb061c87e9541e7a567dd58ff933a,62,2026-09-04T07:11:34.336Z,Eliteserien,2017,2017-05-13,Sandefjord,Haugesund,2,0,H,,,,,source_reported_FT,Sandefjord,Haugesund
footballcsv/cache.footballdata,https://raw.githubusercontent.com/footballcsv/cache.footballdata/f43a2aa0c65fb061c87e9541e7a567dd58ff933a/2017/no.1.csv,f43a2aa0c65fb061c87e9541e7a567dd58ff933a,63,2026-09-04T07:11:34.336Z,Eliteserien,2017,2017-05-13,Sarpsborg 08,Tromso,1,1,D,,,,,source_reported_FT,Sarpsborg 08,Tromso
footballcsv/cache.footballdata,https://raw.githubusercontent.com/footballcsv/cache.footballdata/f43a2aa0c65fb061c87e9541e7a567dd58ff933a/2017/no.1.csv,f43a2aa0c65fb061c87e9541e7a567dd58ff933a,64,2026-09-04T07:11:34.336Z,Eliteserien,2017,2017-05-13,Sogndal,Viking,4,0,H,,,,,source_reported_FT,Sogndal,Viking
footballcsv/cache.footballdata,https://raw.githubusercontent.com/footballcsv/cache.footballdata/f43a2aa0c65fb061c87e9541e7a567dd58ff933a/2017/no.1.csv,f43a2aa0c65fb061c87e9541e7a567dd58ff933a,59,2026-09-04T07:11:34.336Z,Eliteserien,2017,2017-05-13,Stabaek,Rosenborg,0,0,D,,,,,source_reported_FT,Stabaek,Rosenborg
footballcsv/cache.footballdata,https://raw.githubusercontent.com/footballcsv/cache.footballdata/f43a2aa0c65fb061c87e9541e7a567dd58ff933a/2017/no.1.csv,f43a2aa0c65fb061c87e9541e7a567dd58ff933a,66,2026-09-04T07:11:34.336Z,Eliteserien,2017,2017-05-16,Brann,Sandefjord,5,0,H,,,,,source_reported_FT,Brann,Sandefjord
footballcsv/cache.footballdata,https://raw.githubusercontent.com/footballcsv/cache.footballdata/f43a2aa0c65fb061c87e9541e7a567dd58ff933a/2017/no.1.csv,f43a2aa0c65fb061c87e9541e7a567dd58ff933a,67,2026-09-04T07:11:34.336Z,Eliteserien,2017,2017-05-16,Haugesund,Odd,0,2,A,,,,,source_reported_FT,Haugesund,Odd
footballcsv/cache.footballdata,https://raw.githubusercontent.com/footballcsv/cache.footballdata/f43a2aa0c65fb061c87e9541e7a567dd58ff933a/2017/no.1.csv,f43a2aa0c65fb061c87e9541e7a567dd58ff933a,68,2026-09-04T07:11:34.336Z,Eliteserien,2017,2017-05-16,Lillestrom,Sarpsborg 08,1,2,A,,,,,source_reported_FT,Lillestrom,Sarpsborg 08
footballcsv/cache.footballdata,https://raw.githubusercontent.com/footballcsv/cache.footballdata/f43a2aa0c65fb061c87e9541e7a567dd58ff933a/2017/no.1.csv,f43a2aa0c65fb061c87e9541e7a567dd58ff933a,69,2026-09-04T07:11:34.336Z,Eliteserien,2017,2017-05-16,Molde,Sogndal,1,2,A,,,,,source_reported_FT,Molde,Sogndal
footballcsv/cache.footballdata,https://raw.githubusercontent.com/footballcsv/cache.footballdata/f43a2aa0c65fb061c87e9541e7a567dd58ff933a/2017/no.1.csv,f43a2aa0c65fb061c87e9541e7a567dd58ff933a,72,2026-09-04T07:11:34.336Z,Eliteserien,2017,2017-05-16,Rosenborg,Tromso,1,2,A,,,,,source_reported_FT,Rosenborg,Tromso
footballcsv/cache.footballdata,https://raw.githubusercontent.com/footballcsv/cache.footballdata/f43a2aa0c65fb061c87e9541e7a567dd58ff933a/2017/no.1.csv,f43a2aa0c65fb061c87e9541e7a567dd58ff933a,73,2026-09-04T07:11:34.336Z,Eliteserien,2017,2017-05-16,Stromsgodset,Stabaek,1,2,A,,,,,source_reported_FT,Stromsgodset,Stabaek
footballcsv/cache.footballdata,https://raw.githubusercontent.com/footballcsv/cache.footballdata/f43a2aa0c65fb061c87e9541e7a567dd58ff933a/2017/no.1.csv,f43a2aa0c65fb061c87e9541e7a567dd58ff933a,70,2026-09-04T07:11:34.336Z,Eliteserien,2017,2017-05-16,Valerenga,Kristiansund,1,0,H,,,,,source_reported_FT,Valerenga,Kristiansund
footballcsv/cache.footballdata,https://raw.githubusercontent.com/footballcsv/cache.footballdata/f43a2aa0c65fb061c87e9541e7a567dd58ff933a/2017/no.1.csv,f43a2aa0c65fb061c87e9541e7a567dd58ff933a,71,2026-09-04T07:11:34.336Z,Eliteserien,2017,2017-05-16,Viking,Aalesund,1,2,A,,,,,source_reported_FT,Viking,Aalesund
footballcsv/cache.footballdata,https://raw.githubusercontent.com/footballcsv/cache.footballdata/f43a2aa0c65fb061c87e9541e7a567dd58ff933a/2017/no.1.csv,f43a2aa0c65fb061c87e9541e7a567dd58ff933a,74,2026-09-04T07:11:34.336Z,Eliteserien,2017,2017-05-20,Rosenborg,Lillestrom,1,1,D,,,,,source_reported_FT,Rosenborg,Lillestrom
footballcsv/cache.footballdata,https://raw.githubusercontent.com/footballcsv/cache.footballdata/f43a2aa0c65fb061c87e9541e7a567dd58ff933a/2017/no.1.csv,f43a2aa0c65fb061c87e9541e7a567dd58ff933a,75,2026-09-04T07:11:34.336Z,Eliteserien,2017,2017-05-20,Sogndal,Brann,2,3,A,,,,,source_reported_FT,Sogndal,Brann
footballcsv/cache.footballdata,https://raw.githubusercontent.com/footballcsv/cache.footballdata/f43a2aa0c65fb061c87e9541e7a567dd58ff933a/2017/no.1.csv,f43a2aa0c65fb061c87e9541e7a567dd58ff933a,76,2026-09-04T07:11:34.336Z,Eliteserien,2017,2017-05-21,Aalesund,Sandefjord,2,0,H,,,,,source_reported_FT,Aalesund,Sandefjord
footballcsv/cache.footballdata,https://raw.githubusercontent.com/footballcsv/cache.footballdata/f43a2aa0c65fb061c87e9541e7a567dd58ff933a/2017/no.1.csv,f43a2aa0c65fb061c87e9541e7a567dd58ff933a,77,2026-09-04T07:11:34.336Z,Eliteserien,2017,2017-05-21,Kristiansund,Haugesund,3,2,H,,,,,source_reported_FT,Kristiansund,Haugesund
footballcsv/cache.footballdata,https://raw.githubusercontent.com/footballcsv/cache.footballdata/f43a2aa0c65fb061c87e9541e7a567dd58ff933a/2017/no.1.csv,f43a2aa0c65fb061c87e9541e7a567dd58ff933a,80,2026-09-04T07:11:34.336Z,Eliteserien,2017,2017-05-21,Odd,Molde,1,2,A,,,,,source_reported_FT,Odd,Molde
footballcsv/cache.footballdata,https://raw.githubusercontent.com/footballcsv/cache.footballdata/f43a2aa0c65fb061c87e9541e7a567dd58ff933a/2017/no.1.csv,f43a2aa0c65fb061c87e9541e7a567dd58ff933a,78,2026-09-04T07:11:34.336Z,Eliteserien,2017,2017-05-21,Sarpsborg 08,Valerenga,2,0,H,,,,,source_reported_FT,Sarpsborg 08,Valerenga
footballcsv/cache.footballdata,https://raw.githubusercontent.com/footballcsv/cache.footballdata/f43a2aa0c65fb061c87e9541e7a567dd58ff933a/2017/no.1.csv,f43a2aa0c65fb061c87e9541e7a567dd58ff933a,79,2026-09-04T07:11:34.336Z,Eliteserien,2017,2017-05-21,Tromso,Stromsgodset,1,1,D,,,,,source_reported_FT,Tromso,Stromsgodset
footballcsv/cache.footballdata,https://raw.githubusercontent.com/footballcsv/cache.footballdata/f43a2aa0c65fb061c87e9541e7a567dd58ff933a/2017/no.1.csv,f43a2aa0c65fb061c87e9541e7a567dd58ff933a,81,2026-09-04T07:11:34.336Z,Eliteserien,2017,2017-05-22,Stabaek,Viking,1,1,D,,,,,source_reported_FT,Stabaek,Viking
footballcsv/cache.footballdata,https://raw.githubusercontent.com/footballcsv/cache.footballdata/f43a2aa0c65fb061c87e9541e7a567dd58ff933a/2017/no.1.csv,f43a2aa0c65fb061c87e9541e7a567dd58ff933a,82,2026-09-04T07:11:34.336Z,Eliteserien,2017,2017-05-27,Sandefjord,Odd,0,0,D,,,,,source_reported_FT,Sandefjord,Odd
footballcsv/cache.footballdata,https://raw.githubusercontent.com/footballcsv/cache.footballdata/f43a2aa0c65fb061c87e9541e7a567dd58ff933a/2017/no.1.csv,f43a2aa0c65fb061c87e9541e7a567dd58ff933a,83,2026-09-04T07:11:34.336Z,Eliteserien,2017,2017-05-28,Brann,Aalesund,1,1,D,,,,,source_reported_FT,Brann,Aalesund
footballcsv/cache.footballdata,https://raw.githubusercontent.com/footballcsv/cache.footballdata/f43a2aa0c65fb061c87e9541e7a567dd58ff933a/2017/no.1.csv,f43a2aa0c65fb061c87e9541e7a567dd58ff933a,84,2026-09-04T07:11:34.336Z,Eliteserien,2017,2017-05-28,Haugesund,Sarpsborg 08,0,0,D,,,,,source_reported_FT,Haugesund,Sarpsborg 08
footballcsv/cache.footballdata,https://raw.githubusercontent.com/footballcsv/cache.footballdata/f43a2aa0c65fb061c87e9541e7a567dd58ff933a/2017/no.1.csv,f43a2aa0c65fb061c87e9541e7a567dd58ff933a,85,2026-09-04T07:11:34.336Z,Eliteserien,2017,2017-05-28,Kristiansund,Sogndal,1,1,D,,,,,source_reported_FT,Kristiansund,Sogndal
footballcsv/cache.footballdata,https://raw.githubusercontent.com/footballcsv/cache.footballdata/f43a2aa0c65fb061c87e9541e7a567dd58ff933a/2017/no.1.csv,f43a2aa0c65fb061c87e9541e7a567dd58ff933a,86,2026-09-04T07:11:34.336Z,Eliteserien,2017,2017-05-28,Lillestrom,Tromso,4,1,H,,,,,source_reported_FT,Lillestrom,Tromso
footballcsv/cache.footballdata,https://raw.githubusercontent.com/footballcsv/cache.footballdata/f43a2aa0c65fb061c87e9541e7a567dd58ff933a/2017/no.1.csv,f43a2aa0c65fb061c87e9541e7a567dd58ff933a,87,2026-09-04T07:11:34.336Z,Eliteserien,2017,2017-05-28,Molde,Stabaek,3,1,H,,,,,source_reported_FT,Molde,Stabaek
footballcsv/cache.footballdata,https://raw.githubusercontent.com/footballcsv/cache.footballdata/f43a2aa0c65fb061c87e9541e7a567dd58ff933a/2017/no.1.csv,f43a2aa0c65fb061c87e9541e7a567dd58ff933a,88,2026-09-04T07:11:34.336Z,Eliteserien,2017,2017-05-28,Valerenga,Rosenborg,1,1,D,,,,,source_reported_FT,Valerenga,Rosenborg
footballcsv/cache.footballdata,https://raw.githubusercontent.com/footballcsv/cache.footballdata/f43a2aa0c65fb061c87e9541e7a567dd58ff933a/2017/no.1.csv,f43a2aa0c65fb061c87e9541e7a567dd58ff933a,89,2026-09-04T07:11:34.336Z,Eliteserien,2017,2017-05-29,Stromsgodset,Viking,4,2,H,,,,,source_reported_FT,Stromsgodset,Viking
footballcsv/cache.footballdata,https://raw.githubusercontent.com/footballcsv/cache.footballdata/f43a2aa0c65fb061c87e9541e7a567dd58ff933a/2017/no.1.csv,f43a2aa0c65fb061c87e9541e7a567dd58ff933a,91,2026-09-04T07:11:34.336Z,Eliteserien,2017,2017-06-03,Stabaek,Lillestrom,2,4,A,,,,,source_reported_FT,Stabaek,Lillestrom
footballcsv/cache.footballdata,https://raw.githubusercontent.com/footballcsv/cache.footballdata/f43a2aa0c65fb061c87e9541e7a567dd58ff933a/2017/no.1.csv,f43a2aa0c65fb061c87e9541e7a567dd58ff933a,90,2026-09-04T07:11:34.336Z,Eliteserien,2017,2017-06-03,Tromso,Valerenga,2,4,A,,,,,source_reported_FT,Tromso,Valerenga
footballcsv/cache.footballdata,https://raw.githubusercontent.com/footballcsv/cache.footballdata/f43a2aa0c65fb061c87e9541e7a567dd58ff933a/2017/no.1.csv,f43a2aa0c65fb061c87e9541e7a567dd58ff933a,92,2026-09-04T07:11:34.336Z,Eliteserien,2017,2017-06-04,Aalesund,Haugesund,0,1,A,,,,,source_reported_FT,Aalesund,Haugesund
footballcsv/cache.footballdata,https://raw.githubusercontent.com/footballcsv/cache.footballdata/f43a2aa0c65fb061c87e9541e7a567dd58ff933a/2017/no.1.csv,f43a2aa0c65fb061c87e9541e7a567dd58ff933a,97,2026-09-04T07:11:34.336Z,Eliteserien,2017,2017-06-04,Odd,Brann,0,0,D,,,,,source_reported_FT,Odd,Brann
footballcsv/cache.footballdata,https://raw.githubusercontent.com/footballcsv/cache.footballdata/f43a2aa0c65fb061c87e9541e7a567dd58ff933a/2017/no.1.csv,f43a2aa0c65fb061c87e9541e7a567dd58ff933a,93,2026-09-04T07:11:34.336Z,Eliteserien,2017,2017-06-04,Rosenborg,Stromsgodset,3,1,H,,,,,source_reported_FT,Rosenborg,Stromsgodset
footballcsv/cache.footballdata,https://raw.githubusercontent.com/footballcsv/cache.footballdata/f43a2aa0c65fb061c87e9541e7a567dd58ff933a/2017/no.1.csv,f43a2aa0c65fb061c87e9541e7a567dd58ff933a,94,2026-09-04T07:11:34.336Z,Eliteserien,2017,2017-06-04,Sarpsborg 08,Molde,1,0,H,,,,,source_reported_FT,Sarpsborg 08,Molde
footballcsv/cache.footballdata,https://raw.githubusercontent.com/footballcsv/cache.footballdata/f43a2aa0c65fb061c87e9541e7a567dd58ff933a/2017/no.1.csv,f43a2aa0c65fb061c87e9541e7a567dd58ff933a,95,2026-09-04T07:11:34.336Z,Eliteserien,2017,2017-06-04,Sogndal,Sandefjord,3,2,H,,,,,source_reported_FT,Sogndal,Sandefjord
footballcsv/cache.footballdata,https://raw.githubusercontent.com/footballcsv/cache.footballdata/f43a2aa0c65fb061c87e9541e7a567dd58ff933a/2017/no.1.csv,f43a2aa0c65fb061c87e9541e7a567dd58ff933a,96,2026-09-04T07:11:34.336Z,Eliteserien,2017,2017-06-04,Viking,Kristiansund,2,1,H,,,,,source_reported_FT,Viking,Kristiansund
footballcsv/cache.footballdata,https://raw.githubusercontent.com/footballcsv/cache.footballdata/f43a2aa0c65fb061c87e9541e7a567dd58ff933a/2017/no.1.csv,f43a2aa0c65fb061c87e9541e7a567dd58ff933a,98,2026-09-04T07:11:34.336Z,Eliteserien,2017,2017-06-17,Kristiansund,Aalesund,1,1,D,,,,,source_reported_FT,Kristiansund,Aalesund
footballcsv/cache.footballdata,https://raw.githubusercontent.com/footballcsv/cache.footballdata/f43a2aa0c65fb061c87e9541e7a567dd58ff933a/2017/no.1.csv,f43a2aa0c65fb061c87e9541e7a567dd58ff933a,99,2026-09-04T07:11:34.336Z,Eliteserien,2017,2017-06-18,Haugesund,Rosenborg,1,0,H,,,,,source_reported_FT,Haugesund,Rosenborg
footballcsv/cache.footballdata,https://raw.githubusercontent.com/footballcsv/cache.footballdata/f43a2aa0c65fb061c87e9541e7a567dd58ff933a/2017/no.1.csv,f43a2aa0c65fb061c87e9541e7a567dd58ff933a,100,2026-09-04T07:11:34.336Z,Eliteserien,2017,2017-06-18,Lillestrom,Viking,1,0,H,,,,,source_reported_FT,Lillestrom,Viking
footballcsv/cache.footballdata,https://raw.githubusercontent.com/footballcsv/cache.footballdata/f43a2aa0c65fb061c87e9541e7a567dd58ff933a/2017/no.1.csv,f43a2aa0c65fb061c87e9541e7a567dd58ff933a,101,2026-09-04T07:11:34.336Z,Eliteserien,2017,2017-06-18,Molde,Tromso,3,0,H,,,,,source_reported_FT,Molde,Tromso
footballcsv/cache.footballdata,https://raw.githubusercontent.com/footballcsv/cache.footballdata/f43a2aa0c65fb061c87e9541e7a567dd58ff933a/2017/no.1.csv,f43a2aa0c65fb061c87e9541e7a567dd58ff933a,102,2026-09-04T07:11:34.336Z,Eliteserien,2017,2017-06-18,Sandefjord,Sarpsborg 08,1,0,H,,,,,source_reported_FT,Sandefjord,Sarpsborg 08
footballcsv/cache.footballdata,https://raw.githubusercontent.com/footballcsv/cache.footballdata/f43a2aa0c65fb061c87e9541e7a567dd58ff933a/2017/no.1.csv,f43a2aa0c65fb061c87e9541e7a567dd58ff933a,103,2026-09-04T07:11:34.336Z,Eliteserien,2017,2017-06-18,Sogndal,Odd,0,0,D,,,,,source_reported_FT,Sogndal,Odd
footballcsv/cache.footballdata,https://raw.githubusercontent.com/footballcsv/cache.footballdata/f43a2aa0c65fb061c87e9541e7a567dd58ff933a/2017/no.1.csv,f43a2aa0c65fb061c87e9541e7a567dd58ff933a,104,2026-09-04T07:11:34.336Z,Eliteserien,2017,2017-06-18,Valerenga,Stromsgodset,1,1,D,,,,,source_reported_FT,Valerenga,Stromsgodset
footballcsv/cache.footballdata,https://raw.githubusercontent.com/footballcsv/cache.footballdata/f43a2aa0c65fb061c87e9541e7a567dd58ff933a/2017/no.1.csv,f43a2aa0c65fb061c87e9541e7a567dd58ff933a,105,2026-09-04T07:11:34.336Z,Eliteserien,2017,2017-06-19,Brann,Stabaek,5,0,H,,,,,source_reported_FT,Brann,Stabaek
footballcsv/cache.footballdata,https://raw.githubusercontent.com/footballcsv/cache.footballdata/f43a2aa0c65fb061c87e9541e7a567dd58ff933a/2017/no.1.csv,f43a2aa0c65fb061c87e9541e7a567dd58ff933a,106,2026-09-04T07:11:34.336Z,Eliteserien,2017,2017-06-24,Valerenga,Lillestrom,3,1,H,,,,,source_reported_FT,Valerenga,Lillestrom
footballcsv/cache.footballdata,https://raw.githubusercontent.com/footballcsv/cache.footballdata/f43a2aa0c65fb061c87e9541e7a567dd58ff933a/2017/no.1.csv,f43a2aa0c65fb061c87e9541e7a567dd58ff933a,107,2026-09-04T07:11:34.336Z,Eliteserien,2017,2017-06-25,Aalesund,Odd,5,1,H,,,,,source_reported_FT,Aalesund,Odd
footballcsv/cache.footballdata,https://raw.githubusercontent.com/footballcsv/cache.footballdata/f43a2aa0c65fb061c87e9541e7a567dd58ff933a/2017/no.1.csv,f43a2aa0c65fb061c87e9541e7a567dd58ff933a,108,2026-09-04T07:11:34.336Z,Eliteserien,2017,2017-06-25,Rosenborg,Sogndal,3,0,H,,,,,source_reported_FT,Rosenborg,Sogndal
footballcsv/cache.footballdata,https://raw.githubusercontent.com/footballcsv/cache.footballdata/f43a2aa0c65fb061c87e9541e7a567dd58ff933a/2017/no.1.csv,f43a2aa0c65fb061c87e9541e7a567dd58ff933a,109,2026-09-04T07:11:34.336Z,Eliteserien,2017,2017-06-25,Sarpsborg 08,Brann,1,1,D,,,,,source_reported_FT,Sarpsborg 08,Brann
footballcsv/cache.footballdata,https://raw.githubusercontent.com/footballcsv/cache.footballdata/f43a2aa0c65fb061c87e9541e7a567dd58ff933a/2017/no.1.csv,f43a2aa0c65fb061c87e9541e7a567dd58ff933a,110,2026-09-04T07:11:34.336Z,Eliteserien,2017,2017-06-25,Stabaek,Kristiansund,1,4,A,,,,,source_reported_FT,Stabaek,Kristiansund
footballcsv/cache.footballdata,https://raw.githubusercontent.com/footballcsv/cache.footballdata/f43a2aa0c65fb061c87e9541e7a567dd58ff933a/2017/no.1.csv,f43a2aa0c65fb061c87e9541e7a567dd58ff933a,111,2026-09-04T07:11:34.336Z,Eliteserien,2017,2017-06-25,Tromso,Sandefjord,1,1,D,,,,,source_reported_FT,Tromso,Sandefjord
footballcsv/cache.footballdata,https://raw.githubusercontent.com/footballcsv/cache.footballdata/f43a2aa0c65fb061c87e9541e7a567dd58ff933a/2017/no.1.csv,f43a2aa0c65fb061c87e9541e7a567dd58ff933a,112,2026-09-04T07:11:34.336Z,Eliteserien,2017,2017-06-25,Viking,Haugesund,1,1,D,,,,,source_reported_FT,Viking,Haugesund
footballcsv/cache.footballdata,https://raw.githubusercontent.com/footballcsv/cache.footballdata/f43a2aa0c65fb061c87e9541e7a567dd58ff933a/2017/no.1.csv,f43a2aa0c65fb061c87e9541e7a567dd58ff933a,113,2026-09-04T07:11:34.336Z,Eliteserien,2017,2017-06-26,Stromsgodset,Molde,1,1,D,,,,,source_reported_FT,Stromsgodset,Molde
footballcsv/cache.footballdata,https://raw.githubusercontent.com/footballcsv/cache.footballdata/f43a2aa0c65fb061c87e9541e7a567dd58ff933a/2017/no.1.csv,f43a2aa0c65fb061c87e9541e7a567dd58ff933a,114,2026-09-04T07:11:34.336Z,Eliteserien,2017,2017-07-01,Lillestrom,Stromsgodset,2,0,H,,,,,source_reported_FT,Lillestrom,Stromsgodset
footballcsv/cache.footballdata,https://raw.githubusercontent.com/footballcsv/cache.footballdata/f43a2aa0c65fb061c87e9541e7a567dd58ff933a/2017/no.1.csv,f43a2aa0c65fb061c87e9541e7a567dd58ff933a,115,2026-09-04T07:11:34.336Z,Eliteserien,2017,2017-07-01,Sogndal,Aalesund,1,0,H,,,,,source_reported_FT,Sogndal,Aalesund
footballcsv/cache.footballdata,https://raw.githubusercontent.com/footballcsv/cache.footballdata/f43a2aa0c65fb061c87e9541e7a567dd58ff933a/2017/no.1.csv,f43a2aa0c65fb061c87e9541e7a567dd58ff933a,120,2026-09-04T07:11:34.336Z,Eliteserien,2017,2017-07-02,Brann,Valerenga,0,0,D,,,,,source_reported_FT,Brann,Valerenga
footballcsv/cache.footballdata,https://raw.githubusercontent.com/footballcsv/cache.footballdata/f43a2aa0c65fb061c87e9541e7a567dd58ff933a/2017/no.1.csv,f43a2aa0c65fb061c87e9541e7a567dd58ff933a,116,2026-09-04T07:11:34.336Z,Eliteserien,2017,2017-07-02,Haugesund,Tromso,2,0,H,,,,,source_reported_FT,Haugesund,Tromso
footballcsv/cache.footballdata,https://raw.githubusercontent.com/footballcsv/cache.footballdata/f43a2aa0c65fb061c87e9541e7a567dd58ff933a/2017/no.1.csv,f43a2aa0c65fb061c87e9541e7a567dd58ff933a,117,2026-09-04T07:11:34.336Z,Eliteserien,2017,2017-07-02,Molde,Viking,3,2,H,,,,,source_reported_FT,Molde,Viking
footballcsv/cache.footballdata,https://raw.githubusercontent.com/footballcsv/cache.footballdata/f43a2aa0c65fb061c87e9541e7a567dd58ff933a/2017/no.1.csv,f43a2aa0c65fb061c87e9541e7a567dd58ff933a,118,2026-09-04T07:11:34.336Z,Eliteserien,2017,2017-07-02,Odd,Sarpsborg 08,0,0,D,,,,,source_reported_FT,Odd,Sarpsborg 08
footballcsv/cache.footballdata,https://raw.githubusercontent.com/footballcsv/cache.footballdata/f43a2aa0c65fb061c87e9541e7a567dd58ff933a/2017/no.1.csv,f43a2aa0c65fb061c87e9541e7a567dd58ff933a,119,2026-09-04T07:11:34.336Z,Eliteserien,2017,2017-07-02,Sandefjord,Stabaek,1,2,A,,,,,source_reported_FT,Sandefjord,Stabaek
footballcsv/cache.footballdata,https://raw.githubusercontent.com/footballcsv/cache.footballdata/f43a2aa0c65fb061c87e9541e7a567dd58ff933a/2017/no.1.csv,f43a2aa0c65fb061c87e9541e7a567dd58ff933a,121,2026-09-04T07:11:34.336Z,Eliteserien,2017,2017-07-03,Kristiansund,Rosenborg,3,3,D,,,,,source_reported_FT,Kristiansund,Rosenborg
footballcsv/cache.footballdata,https://raw.githubusercontent.com/footballcsv/cache.footballdata/f43a2aa0c65fb061c87e9541e7a567dd58ff933a/2017/no.1.csv,f43a2aa0c65fb061c87e9541e7a567dd58ff933a,123,2026-09-04T07:11:34.336Z,Eliteserien,2017,2017-07-08,Aalesund,Molde,0,3,A,,,,,source_reported_FT,Aalesund,Molde
footballcsv/cache.footballdata,https://raw.githubusercontent.com/footballcsv/cache.footballdata/f43a2aa0c65fb061c87e9541e7a567dd58ff933a/2017/no.1.csv,f43a2aa0c65fb061c87e9541e7a567dd58ff933a,122,2026-09-04T07:11:34.336Z,Eliteserien,2017,2017-07-08,Rosenborg,Sandefjord,5,1,H,,,,,source_reported_FT,Rosenborg,Sandefjord
footballcsv/cache.footballdata,https://raw.githubusercontent.com/footballcsv/cache.footballdata/f43a2aa0c65fb061c87e9541e7a567dd58ff933a/2017/no.1.csv,f43a2aa0c65fb061c87e9541e7a567dd58ff933a,126,2026-09-04T07:11:34.336Z,Eliteserien,2017,2017-07-09,Stabaek,Brann,2,0,H,,,,,source_reported_FT,Stabaek,Brann
footballcsv/cache.footballdata,https://raw.githubusercontent.com/footballcsv/cache.footballdata/f43a2aa0c65fb061c87e9541e7a567dd58ff933a/2017/no.1.csv,f43a2aa0c65fb061c87e9541e7a567dd58ff933a,124,2026-09-04T07:11:34.336Z,Eliteserien,2017,2017-07-09,Stromsgodset,Kristiansund,4,2,H,,,,,source_reported_FT,Stromsgodset,Kristiansund
footballcsv/cache.footballdata,https://raw.githubusercontent.com/footballcsv/cache.footballdata/f43a2aa0c65fb061c87e9541e7a567dd58ff933a/2017/no.1.csv,f43a2aa0c65fb061c87e9541e7a567dd58ff933a,125,2026-09-04T07:11:34.336Z,Eliteserien,2017,2017-07-09,Viking,Sogndal,1,1,D,,,,,source_reported_FT,Viking,Sogndal
footballcsv/cache.footballdata,https://raw.githubusercontent.com/footballcsv/cache.footballdata/f43a2aa0c65fb061c87e9541e7a567dd58ff933a/2017/no.1.csv,f43a2aa0c65fb061c87e9541e7a567dd58ff933a,127,2026-09-04T07:11:34.336Z,Eliteserien,2017,2017-07-10,Sarpsborg 08,Lillestrom,3,3,D,,,,,source_reported_FT,Sarpsborg 08,Lillestrom
footballcsv/cache.footballdata,https://raw.githubusercontent.com/footballcsv/cache.footballdata/f43a2aa0c65fb061c87e9541e7a567dd58ff933a/2017/no.1.csv,f43a2aa0c65fb061c87e9541e7a567dd58ff933a,129,2026-09-04T07:11:34.336Z,Eliteserien,2017,2017-07-15,Lillestrom,Stabaek,2,2,D,,,,,source_reported_FT,Lillestrom,Stabaek
footballcsv/cache.footballdata,https://raw.githubusercontent.com/footballcsv/cache.footballdata/f43a2aa0c65fb061c87e9541e7a567dd58ff933a/2017/no.1.csv,f43a2aa0c65fb061c87e9541e7a567dd58ff933a,128,2026-09-04T07:11:34.336Z,Eliteserien,2017,2017-07-15,Sogndal,Rosenborg,0,3,A,,,,,source_reported_FT,Sogndal,Rosenborg
footballcsv/cache.footballdata,https://raw.githubusercontent.com/footballcsv/cache.footballdata/f43a2aa0c65fb061c87e9541e7a567dd58ff933a/2017/no.1.csv,f43a2aa0c65fb061c87e9541e7a567dd58ff933a,134,2026-09-04T07:11:34.336Z,Eliteserien,2017,2017-07-16,Brann,Sarpsborg 08,0,1,A,,,,,source_reported_FT,Brann,Sarpsborg 08
footballcsv/cache.footballdata,https://raw.githubusercontent.com/footballcsv/cache.footballdata/f43a2aa0c65fb061c87e9541e7a567dd58ff933a/2017/no.1.csv,f43a2aa0c65fb061c87e9541e7a567dd58ff933a,130,2026-09-04T07:11:34.336Z,Eliteserien,2017,2017-07-16,Haugesund,Aalesund,2,0,H,,,,,source_reported_FT,Haugesund,Aalesund
footballcsv/cache.footballdata,https://raw.githubusercontent.com/footballcsv/cache.footballdata/f43a2aa0c65fb061c87e9541e7a567dd58ff933a/2017/no.1.csv,f43a2aa0c65fb061c87e9541e7a567dd58ff933a,131,2026-09-04T07:11:34.336Z,Eliteserien,2017,2017-07-16,Molde,Stromsgodset,0,0,D,,,,,source_reported_FT,Molde,Stromsgodset
footballcsv/cache.footballdata,https://raw.githubusercontent.com/footballcsv/cache.footballdata/f43a2aa0c65fb061c87e9541e7a567dd58ff933a/2017/no.1.csv,f43a2aa0c65fb061c87e9541e7a567dd58ff933a,132,2026-09-04T07:11:34.336Z,Eliteserien,2017,2017-07-16,Odd,Viking,0,2,A,,,,,source_reported_FT,Odd,Viking
footballcsv/cache.footballdata,https://raw.githubusercontent.com/footballcsv/cache.footballdata/f43a2aa0c65fb061c87e9541e7a567dd58ff933a/2017/no.1.csv,f43a2aa0c65fb061c87e9541e7a567dd58ff933a,133,2026-09-04T07:11:34.336Z,Eliteserien,2017,2017-07-16,Sandefjord,Tromso,3,0,H,,,,,source_reported_FT,Sandefjord,Tromso
footballcsv/cache.footballdata,https://raw.githubusercontent.com/footballcsv/cache.footballdata/f43a2aa0c65fb061c87e9541e7a567dd58ff933a/2017/no.1.csv,f43a2aa0c65fb061c87e9541e7a567dd58ff933a,135,2026-09-04T07:11:34.336Z,Eliteserien,2017,2017-07-17,Kristiansund,Valerenga,1,1,D,,,,,source_reported_FT,Kristiansund,Valerenga
footballcsv/cache.footballdata,https://raw.githubusercontent.com/footballcsv/cache.footballdata/f43a2aa0c65fb061c87e9541e7a567dd58ff933a/2017/no.1.csv,f43a2aa0c65fb061c87e9541e7a567dd58ff933a,136,2026-09-04T07:11:34.336Z,Eliteserien,2017,2017-08-05,Rosenborg,Kristiansund,4,1,H,,,,,source_reported_FT,Rosenborg,Kristiansund
footballcsv/cache.footballdata,https://raw.githubusercontent.com/footballcsv/cache.footballdata/f43a2aa0c65fb061c87e9541e7a567dd58ff933a/2017/no.1.csv,f43a2aa0c65fb061c87e9541e7a567dd58ff933a,142,2026-09-04T07:11:34.336Z,Eliteserien,2017,2017-08-06,Aalesund,Brann,3,3,D,,,,,source_reported_FT,Aalesund,Brann
footballcsv/cache.footballdata,https://raw.githubusercontent.com/footballcsv/cache.footballdata/f43a2aa0c65fb061c87e9541e7a567dd58ff933a/2017/no.1.csv,f43a2aa0c65fb061c87e9541e7a567dd58ff933a,137,2026-09-04T07:11:34.336Z,Eliteserien,2017,2017-08-06,Odd,Sogndal,2,1,H,,,,,source_reported_FT,Odd,Sogndal
footballcsv/cache.footballdata,https://raw.githubusercontent.com/footballcsv/cache.footballdata/f43a2aa0c65fb061c87e9541e7a567dd58ff933a/2017/no.1.csv,f43a2aa0c65fb061c87e9541e7a567dd58ff933a,138,2026-09-04T07:11:34.336Z,Eliteserien,2017,2017-08-06,Sarpsborg 08,Haugesund,2,1,H,,,,,source_reported_FT,Sarpsborg 08,Haugesund
footballcsv/cache.footballdata,https://raw.githubusercontent.com/footballcsv/cache.footballdata/f43a2aa0c65fb061c87e9541e7a567dd58ff933a/2017/no.1.csv,f43a2aa0c65fb061c87e9541e7a567dd58ff933a,139,2026-09-04T07:11:34.336Z,Eliteserien,2017,2017-08-06,Stabaek,Sandefjord,1,3,A,,,,,source_reported_FT,Stabaek,Sandefjord
footballcsv/cache.footballdata,https://raw.githubusercontent.com/footballcsv/cache.footballdata/f43a2aa0c65fb061c87e9541e7a567dd58ff933a/2017/no.1.csv,f43a2aa0c65fb061c87e9541e7a567dd58ff933a,140,2026-09-04T07:11:34.336Z,Eliteserien,2017,2017-08-06,Tromso,Molde,1,2,A,,,,,source_reported_FT,Tromso,Molde
footballcsv/cache.footballdata,https://raw.githubusercontent.com/footballcsv/cache.footballdata/f43a2aa0c65fb061c87e9541e7a567dd58ff933a/2017/no.1.csv,f43a2aa0c65fb061c87e9541e7a567dd58ff933a,141,2026-09-04T07:11:34.336Z,Eliteserien,2017,2017-08-06,Viking,Lillestrom,2,2,D,,,,,source_reported_FT,Viking,Lillestrom
footballcsv/cache.footballdata,https://raw.githubusercontent.com/footballcsv/cache.footballdata/f43a2aa0c65fb061c87e9541e7a567dd58ff933a/2017/no.1.csv,f43a2aa0c65fb061c87e9541e7a567dd58ff933a,143,2026-09-04T07:11:34.336Z,Eliteserien,2017,2017-08-07,Stromsgodset,Valerenga,2,0,H,,,,,source_reported_FT,Stromsgodset,Valerenga
footballcsv/cache.footballdata,https://raw.githubusercontent.com/footballcsv/cache.footballdata/f43a2aa0c65fb061c87e9541e7a567dd58ff933a/2017/no.1.csv,f43a2aa0c65fb061c87e9541e7a567dd58ff933a,144,2026-09-04T07:11:34.336Z,Eliteserien,2017,2017-08-11,Sandefjord,Sogndal,2,1,H,,,,,source_reported_FT,Sandefjord,Sogndal
footballcsv/cache.footballdata,https://raw.githubusercontent.com/footballcsv/cache.footballdata/f43a2aa0c65fb061c87e9541e7a567dd58ff933a/2017/no.1.csv,f43a2aa0c65fb061c87e9541e7a567dd58ff933a,145,2026-09-04T07:11:34.336Z,Eliteserien,2017,2017-08-12,Molde,Rosenborg,1,2,A,,,,,source_reported_FT,Molde,Rosenborg
footballcsv/cache.footballdata,https://raw.githubusercontent.com/footballcsv/cache.footballdata/f43a2aa0c65fb061c87e9541e7a567dd58ff933a/2017/no.1.csv,f43a2aa0c65fb061c87e9541e7a567dd58ff933a,146,2026-09-04T07:11:34.336Z,Eliteserien,2017,2017-08-13,Aalesund,Viking,1,1,D,,,,,source_reported_FT,Aalesund,Viking
footballcsv/cache.footballdata,https://raw.githubusercontent.com/footballcsv/cache.footballdata/f43a2aa0c65fb061c87e9541e7a567dd58ff933a/2017/no.1.csv,f43a2aa0c65fb061c87e9541e7a567dd58ff933a,147,2026-09-04T07:11:34.336Z,Eliteserien,2017,2017-08-13,Brann,Odd,2,0,H,,,,,source_reported_FT,Brann,Odd
footballcsv/cache.footballdata,https://raw.githubusercontent.com/footballcsv/cache.footballdata/f43a2aa0c65fb061c87e9541e7a567dd58ff933a/2017/no.1.csv,f43a2aa0c65fb061c87e9541e7a567dd58ff933a,148,2026-09-04T07:11:34.336Z,Eliteserien,2017,2017-08-13,Haugesund,Stabaek,2,2,D,,,,,source_reported_FT,Haugesund,Stabaek
footballcsv/cache.footballdata,https://raw.githubusercontent.com/footballcsv/cache.footballdata/f43a2aa0c65fb061c87e9541e7a567dd58ff933a/2017/no.1.csv,f43a2aa0c65fb061c87e9541e7a567dd58ff933a,149,2026-09-04T07:11:34.336Z,Eliteserien,2017,2017-08-13,Kristiansund,Sarpsborg 08,2,2,D,,,,,source_reported_FT,Kristiansund,Sarpsborg 08
footballcsv/cache.footballdata,https://raw.githubusercontent.com/footballcsv/cache.footballdata/f43a2aa0c65fb061c87e9541e7a567dd58ff933a/2017/no.1.csv,f43a2aa0c65fb061c87e9541e7a567dd58ff933a,150,2026-09-04T07:11:34.336Z,Eliteserien,2017,2017-08-13,Stromsgodset,Lillestrom,3,1,H,,,,,source_reported_FT,Stromsgodset,Lillestrom
footballcsv/cache.footballdata,https://raw.githubusercontent.com/footballcsv/cache.footballdata/f43a2aa0c65fb061c87e9541e7a567dd58ff933a/2017/no.1.csv,f43a2aa0c65fb061c87e9541e7a567dd58ff933a,151,2026-09-04T07:11:34.336Z,Eliteserien,2017,2017-08-14,Valerenga,Tromso,0,0,D,,,,,source_reported_FT,Valerenga,Tromso
footballcsv/cache.footballdata,https://raw.githubusercontent.com/footballcsv/cache.footballdata/f43a2aa0c65fb061c87e9541e7a567dd58ff933a/2017/no.1.csv,f43a2aa0c65fb061c87e9541e7a567dd58ff933a,152,2026-09-04T07:11:34.336Z,Eliteserien,2017,2017-08-19,Lillestrom,Valerenga,2,1,H,,,,,source_reported_FT,Lillestrom,Valerenga
footballcsv/cache.footballdata,https://raw.githubusercontent.com/footballcsv/cache.footballdata/f43a2aa0c65fb061c87e9541e7a567dd58ff933a/2017/no.1.csv,f43a2aa0c65fb061c87e9541e7a567dd58ff933a,153,2026-09-04T07:11:34.336Z,Eliteserien,2017,2017-08-20,Odd,Sandefjord,1,0,H,,,,,source_reported_FT,Odd,Sandefjord
footballcsv/cache.footballdata,https://raw.githubusercontent.com/footballcsv/cache.footballdata/f43a2aa0c65fb061c87e9541e7a567dd58ff933a/2017/no.1.csv,f43a2aa0c65fb061c87e9541e7a567dd58ff933a,154,2026-09-04T07:11:34.336Z,Eliteserien,2017,2017-08-20,Rosenborg,Haugesund,0,1,A,,,,,source_reported_FT,Rosenborg,Haugesund
footballcsv/cache.footballdata,https://raw.githubusercontent.com/footballcsv/cache.footballdata/f43a2aa0c65fb061c87e9541e7a567dd58ff933a/2017/no.1.csv,f43a2aa0c65fb061c87e9541e7a567dd58ff933a,155,2026-09-04T07:11:34.336Z,Eliteserien,2017,2017-08-20,Sogndal,Kristiansund,2,0,H,,,,,source_reported_FT,Sogndal,Kristiansund
footballcsv/cache.footballdata,https://raw.githubusercontent.com/footballcsv/cache.footballdata/f43a2aa0c65fb061c87e9541e7a567dd58ff933a/2017/no.1.csv,f43a2aa0c65fb061c87e9541e7a567dd58ff933a,156,2026-09-04T07:11:34.336Z,Eliteserien,2017,2017-08-20,Stabaek,Molde,3,2,H,,,,,source_reported_FT,Stabaek,Molde
footballcsv/cache.footballdata,https://raw.githubusercontent.com/footballcsv/cache.footballdata/f43a2aa0c65fb061c87e9541e7a567dd58ff933a/2017/no.1.csv,f43a2aa0c65fb061c87e9541e7a567dd58ff933a,157,2026-09-04T07:11:34.336Z,Eliteserien,2017,2017-08-20,Tromso,Aalesund,3,2,H,,,,,source_reported_FT,Tromso,Aalesund
footballcsv/cache.footballdata,https://raw.githubusercontent.com/footballcsv/cache.footballdata/f43a2aa0c65fb061c87e9541e7a567dd58ff933a/2017/no.1.csv,f43a2aa0c65fb061c87e9541e7a567dd58ff933a,158,2026-09-04T07:11:34.336Z,Eliteserien,2017,2017-08-20,Viking,Brann,2,4,A,,,,,source_reported_FT,Viking,Brann
footballcsv/cache.footballdata,https://raw.githubusercontent.com/footballcsv/cache.footballdata/f43a2aa0c65fb061c87e9541e7a567dd58ff933a/2017/no.1.csv,f43a2aa0c65fb061c87e9541e7a567dd58ff933a,159,2026-09-04T07:11:34.336Z,Eliteserien,2017,2017-08-21,Sarpsborg 08,Stromsgodset,0,0,D,,,,,source_reported_FT,Sarpsborg 08,Stromsgodset
footballcsv/cache.footballdata,https://raw.githubusercontent.com/footballcsv/cache.footballdata/f43a2aa0c65fb061c87e9541e7a567dd58ff933a/2017/no.1.csv,f43a2aa0c65fb061c87e9541e7a567dd58ff933a,160,2026-09-04T07:11:34.336Z,Eliteserien,2017,2017-09-09,Brann,Sogndal,2,1,H,,,,,source_reported_FT,Brann,Sogndal
footballcsv/cache.footballdata,https://raw.githubusercontent.com/footballcsv/cache.footballdata/f43a2aa0c65fb061c87e9541e7a567dd58ff933a/2017/no.1.csv,f43a2aa0c65fb061c87e9541e7a567dd58ff933a,161,2026-09-04T07:11:34.336Z,Eliteserien,2017,2017-09-10,Aalesund,Stabaek,1,1,D,,,,,source_reported_FT,Aalesund,Stabaek
footballcsv/cache.footballdata,https://raw.githubusercontent.com/footballcsv/cache.footballdata/f43a2aa0c65fb061c87e9541e7a567dd58ff933a/2017/no.1.csv,f43a2aa0c65fb061c87e9541e7a567dd58ff933a,162,2026-09-04T07:11:34.336Z,Eliteserien,2017,2017-09-10,Haugesund,Lillestrom,1,1,D,,,,,source_reported_FT,Haugesund,Lillestrom
footballcsv/cache.footballdata,https://raw.githubusercontent.com/footballcsv/cache.footballdata/f43a2aa0c65fb061c87e9541e7a567dd58ff933a/2017/no.1.csv,f43a2aa0c65fb061c87e9541e7a567dd58ff933a,163,2026-09-04T07:11:34.336Z,Eliteserien,2017,2017-09-10,Kristiansund,Tromso,4,1,H,,,,,source_reported_FT,Kristiansund,Tromso
footballcsv/cache.footballdata,https://raw.githubusercontent.com/footballcsv/cache.footballdata/f43a2aa0c65fb061c87e9541e7a567dd58ff933a/2017/no.1.csv,f43a2aa0c65fb061c87e9541e7a567dd58ff933a,164,2026-09-04T07:11:34.336Z,Eliteserien,2017,2017-09-10,Sandefjord,Viking,3,1,H,,,,,source_reported_FT,Sandefjord,Viking
footballcsv/cache.footballdata,https://raw.githubusercontent.com/footballcsv/cache.footballdata/f43a2aa0c65fb061c87e9541e7a567dd58ff933a/2017/no.1.csv,f43a2aa0c65fb061c87e9541e7a567dd58ff933a,166,2026-09-04T07:11:34.336Z,Eliteserien,2017,2017-09-10,Stromsgodset,Rosenborg,0,2,A,,,,,source_reported_FT,Stromsgodset,Rosenborg
footballcsv/cache.footballdata,https://raw.githubusercontent.com/footballcsv/cache.footballdata/f43a2aa0c65fb061c87e9541e7a567dd58ff933a/2017/no.1.csv,f43a2aa0c65fb061c87e9541e7a567dd58ff933a,165,2026-09-04T07:11:34.336Z,Eliteserien,2017,2017-09-10,Valerenga,Sarpsborg 08,1,2,A,,,,,source_reported_FT,Valerenga,Sarpsborg 08
footballcsv/cache.footballdata,https://raw.githubusercontent.com/footballcsv/cache.footballdata/f43a2aa0c65fb061c87e9541e7a567dd58ff933a/2017/no.1.csv,f43a2aa0c65fb061c87e9541e7a567dd58ff933a,167,2026-09-04T07:11:34.336Z,Eliteserien,2017,2017-09-11,Molde,Odd,2,1,H,,,,,source_reported_FT,Molde,Odd
footballcsv/cache.footballdata,https://raw.githubusercontent.com/footballcsv/cache.footballdata/f43a2aa0c65fb061c87e9541e7a567dd58ff933a/2017/no.1.csv,f43a2aa0c65fb061c87e9541e7a567dd58ff933a,168,2026-09-04T07:11:34.336Z,Eliteserien,2017,2017-09-16,Stabaek,Stromsgodset,0,2,A,,,,,source_reported_FT,Stabaek,Stromsgodset
footballcsv/cache.footballdata,https://raw.githubusercontent.com/footballcsv/cache.footballdata/f43a2aa0c65fb061c87e9541e7a567dd58ff933a/2017/no.1.csv,f43a2aa0c65fb061c87e9541e7a567dd58ff933a,169,2026-09-04T07:11:34.336Z,Eliteserien,2017,2017-09-17,Lillestrom,Kristiansund,0,0,D,,,,,source_reported_FT,Lillestrom,Kristiansund
footballcsv/cache.footballdata,https://raw.githubusercontent.com/footballcsv/cache.footballdata/f43a2aa0c65fb061c87e9541e7a567dd58ff933a/2017/no.1.csv,f43a2aa0c65fb061c87e9541e7a567dd58ff933a,174,2026-09-04T07:11:34.336Z,Eliteserien,2017,2017-09-17,Rosenborg,Valerenga,3,0,H,,,,,source_reported_FT,Rosenborg,Valerenga
footballcsv/cache.footballdata,https://raw.githubusercontent.com/footballcsv/cache.footballdata/f43a2aa0c65fb061c87e9541e7a567dd58ff933a/2017/no.1.csv,f43a2aa0c65fb061c87e9541e7a567dd58ff933a,170,2026-09-04T07:11:34.336Z,Eliteserien,2017,2017-09-17,Sandefjord,Brann,0,1,A,,,,,source_reported_FT,Sandefjord,Brann
footballcsv/cache.footballdata,https://raw.githubusercontent.com/footballcsv/cache.footballdata/f43a2aa0c65fb061c87e9541e7a567dd58ff933a/2017/no.1.csv,f43a2aa0c65fb061c87e9541e7a567dd58ff933a,171,2026-09-04T07:11:34.336Z,Eliteserien,2017,2017-09-17,Sogndal,Haugesund,0,1,A,,,,,source_reported_FT,Sogndal,Haugesund
footballcsv/cache.footballdata,https://raw.githubusercontent.com/footballcsv/cache.footballdata/f43a2aa0c65fb061c87e9541e7a567dd58ff933a/2017/no.1.csv,f43a2aa0c65fb061c87e9541e7a567dd58ff933a,172,2026-09-04T07:11:34.336Z,Eliteserien,2017,2017-09-17,Tromso,Sarpsborg 08,5,0,H,,,,,source_reported_FT,Tromso,Sarpsborg 08
footballcsv/cache.footballdata,https://raw.githubusercontent.com/footballcsv/cache.footballdata/f43a2aa0c65fb061c87e9541e7a567dd58ff933a/2017/no.1.csv,f43a2aa0c65fb061c87e9541e7a567dd58ff933a,173,2026-09-04T07:11:34.336Z,Eliteserien,2017,2017-09-17,Viking,Molde,2,3,A,,,,,source_reported_FT,Viking,Molde
footballcsv/cache.footballdata,https://raw.githubusercontent.com/footballcsv/cache.footballdata/f43a2aa0c65fb061c87e9541e7a567dd58ff933a/2017/no.1.csv,f43a2aa0c65fb061c87e9541e7a567dd58ff933a,175,2026-09-04T07:11:34.336Z,Eliteserien,2017,2017-09-18,Odd,Aalesund,3,2,H,,,,,source_reported_FT,Odd,Aalesund
footballcsv/cache.footballdata,https://raw.githubusercontent.com/footballcsv/cache.footballdata/f43a2aa0c65fb061c87e9541e7a567dd58ff933a/2017/no.1.csv,f43a2aa0c65fb061c87e9541e7a567dd58ff933a,176,2026-09-04T07:11:34.336Z,Eliteserien,2017,2017-09-21,Tromso,Odd,2,2,D,,,,,source_reported_FT,Tromso,Odd
footballcsv/cache.footballdata,https://raw.githubusercontent.com/footballcsv/cache.footballdata/f43a2aa0c65fb061c87e9541e7a567dd58ff933a/2017/no.1.csv,f43a2aa0c65fb061c87e9541e7a567dd58ff933a,177,2026-09-04T07:11:34.336Z,Eliteserien,2017,2017-09-23,Haugesund,Viking,2,1,H,,,,,source_reported_FT,Haugesund,Viking
footballcsv/cache.footballdata,https://raw.githubusercontent.com/footballcsv/cache.footballdata/f43a2aa0c65fb061c87e9541e7a567dd58ff933a/2017/no.1.csv,f43a2aa0c65fb061c87e9541e7a567dd58ff933a,178,2026-09-04T07:11:34.336Z,Eliteserien,2017,2017-09-24,Aalesund,Sogndal,0,1,A,,,,,source_reported_FT,Aalesund,Sogndal
footballcsv/cache.footballdata,https://raw.githubusercontent.com/footballcsv/cache.footballdata/f43a2aa0c65fb061c87e9541e7a567dd58ff933a/2017/no.1.csv,f43a2aa0c65fb061c87e9541e7a567dd58ff933a,179,2026-09-04T07:11:34.336Z,Eliteserien,2017,2017-09-24,Kristiansund,Stabaek,1,0,H,,,,,source_reported_FT,Kristiansund,Stabaek
footballcsv/cache.footballdata,https://raw.githubusercontent.com/footballcsv/cache.footballdata/f43a2aa0c65fb061c87e9541e7a567dd58ff933a/2017/no.1.csv,f43a2aa0c65fb061c87e9541e7a567dd58ff933a,180,2026-09-04T07:11:34.336Z,Eliteserien,2017,2017-09-24,Lillestrom,Rosenborg,0,3,A,,,,,source_reported_FT,Lillestrom,Rosenborg
footballcsv/cache.footballdata,https://raw.githubusercontent.com/footballcsv/cache.footballdata/f43a2aa0c65fb061c87e9541e7a567dd58ff933a/2017/no.1.csv,f43a2aa0c65fb061c87e9541e7a567dd58ff933a,181,2026-09-04T07:11:34.336Z,Eliteserien,2017,2017-09-24,Molde,Sandefjord,3,1,H,,,,,source_reported_FT,Molde,Sandefjord
footballcsv/cache.footballdata,https://raw.githubusercontent.com/footballcsv/cache.footballdata/f43a2aa0c65fb061c87e9541e7a567dd58ff933a/2017/no.1.csv,f43a2aa0c65fb061c87e9541e7a567dd58ff933a,182,2026-09-04T07:11:34.336Z,Eliteserien,2017,2017-09-24,Stromsgodset,Tromso,2,1,H,,,,,source_reported_FT,Stromsgodset,Tromso
footballcsv/cache.footballdata,https://raw.githubusercontent.com/footballcsv/cache.footballdata/f43a2aa0c65fb061c87e9541e7a567dd58ff933a/2017/no.1.csv,f43a2aa0c65fb061c87e9541e7a567dd58ff933a,183,2026-09-04T07:11:34.336Z,Eliteserien,2017,2017-09-24,Valerenga,Brann,2,1,H,,,,,source_reported_FT,Valerenga,Brann
footballcsv/cache.footballdata,https://raw.githubusercontent.com/footballcsv/cache.footballdata/f43a2aa0c65fb061c87e9541e7a567dd58ff933a/2017/no.1.csv,f43a2aa0c65fb061c87e9541e7a567dd58ff933a,184,2026-09-04T07:11:34.336Z,Eliteserien,2017,2017-09-25,Sarpsborg 08,Odd,2,1,H,,,,,source_reported_FT,Sarpsborg 08,Odd
footballcsv/cache.footballdata,https://raw.githubusercontent.com/footballcsv/cache.footballdata/f43a2aa0c65fb061c87e9541e7a567dd58ff933a/2017/no.1.csv,f43a2aa0c65fb061c87e9541e7a567dd58ff933a,185,2026-09-04T07:11:34.336Z,Eliteserien,2017,2017-09-29,Brann,Kristiansund,0,4,A,,,,,source_reported_FT,Brann,Kristiansund
footballcsv/cache.footballdata,https://raw.githubusercontent.com/footballcsv/cache.footballdata/f43a2aa0c65fb061c87e9541e7a567dd58ff933a/2017/no.1.csv,f43a2aa0c65fb061c87e9541e7a567dd58ff933a,186,2026-09-04T07:11:34.336Z,Eliteserien,2017,2017-09-30,Stabaek,Valerenga,4,2,H,,,,,source_reported_FT,Stabaek,Valerenga
footballcsv/cache.footballdata,https://raw.githubusercontent.com/footballcsv/cache.footballdata/f43a2aa0c65fb061c87e9541e7a567dd58ff933a/2017/no.1.csv,f43a2aa0c65fb061c87e9541e7a567dd58ff933a,187,2026-09-04T07:11:34.336Z,Eliteserien,2017,2017-10-01,Odd,Haugesund,1,0,H,,,,,source_reported_FT,Odd,Haugesund
footballcsv/cache.footballdata,https://raw.githubusercontent.com/footballcsv/cache.footballdata/f43a2aa0c65fb061c87e9541e7a567dd58ff933a/2017/no.1.csv,f43a2aa0c65fb061c87e9541e7a567dd58ff933a,192,2026-09-04T07:11:34.336Z,Eliteserien,2017,2017-10-01,Rosenborg,Sarpsborg 08,1,1,D,,,,,source_reported_FT,Rosenborg,Sarpsborg 08
footballcsv/cache.footballdata,https://raw.githubusercontent.com/footballcsv/cache.footballdata/f43a2aa0c65fb061c87e9541e7a567dd58ff933a/2017/no.1.csv,f43a2aa0c65fb061c87e9541e7a567dd58ff933a,188,2026-09-04T07:11:34.336Z,Eliteserien,2017,2017-10-01,Sandefjord,Aalesund,2,0,H,,,,,source_reported_FT,Sandefjord,Aalesund
footballcsv/cache.footballdata,https://raw.githubusercontent.com/footballcsv/cache.footballdata/f43a2aa0c65fb061c87e9541e7a567dd58ff933a/2017/no.1.csv,f43a2aa0c65fb061c87e9541e7a567dd58ff933a,189,2026-09-04T07:11:34.336Z,Eliteserien,2017,2017-10-01,Sogndal,Molde,2,2,D,,,,,source_reported_FT,Sogndal,Molde
footballcsv/cache.footballdata,https://raw.githubusercontent.com/footballcsv/cache.footballdata/f43a2aa0c65fb061c87e9541e7a567dd58ff933a/2017/no.1.csv,f43a2aa0c65fb061c87e9541e7a567dd58ff933a,190,2026-09-04T07:11:34.336Z,Eliteserien,2017,2017-10-01,Tromso,Lillestrom,2,1,H,,,,,source_reported_FT,Tromso,Lillestrom
footballcsv/cache.footballdata,https://raw.githubusercontent.com/footballcsv/cache.footballdata/f43a2aa0c65fb061c87e9541e7a567dd58ff933a/2017/no.1.csv,f43a2aa0c65fb061c87e9541e7a567dd58ff933a,191,2026-09-04T07:11:34.336Z,Eliteserien,2017,2017-10-01,Viking,Stromsgodset,0,1,A,,,,,source_reported_FT,Viking,Stromsgodset
footballcsv/cache.footballdata,https://raw.githubusercontent.com/footballcsv/cache.footballdata/f43a2aa0c65fb061c87e9541e7a567dd58ff933a/2017/no.1.csv,f43a2aa0c65fb061c87e9541e7a567dd58ff933a,193,2026-09-04T07:11:34.336Z,Eliteserien,2017,2017-10-12,Valerenga,Haugesund,3,0,H,,,,,source_reported_FT,Valerenga,Haugesund
footballcsv/cache.footballdata,https://raw.githubusercontent.com/footballcsv/cache.footballdata/f43a2aa0c65fb061c87e9541e7a567dd58ff933a/2017/no.1.csv,f43a2aa0c65fb061c87e9541e7a567dd58ff933a,195,2026-09-04T07:11:34.336Z,Eliteserien,2017,2017-10-14,Stromsgodset,Odd,1,0,H,,,,,source_reported_FT,Stromsgodset,Odd
footballcsv/cache.footballdata,https://raw.githubusercontent.com/footballcsv/cache.footballdata/f43a2aa0c65fb061c87e9541e7a567dd58ff933a/2017/no.1.csv,f43a2aa0c65fb061c87e9541e7a567dd58ff933a,194,2026-09-04T07:11:34.336Z,Eliteserien,2017,2017-10-14,Tromso,Rosenborg,0,3,A,,,,,source_reported_FT,Tromso,Rosenborg
footballcsv/cache.footballdata,https://raw.githubusercontent.com/footballcsv/cache.footballdata/f43a2aa0c65fb061c87e9541e7a567dd58ff933a/2017/no.1.csv,f43a2aa0c65fb061c87e9541e7a567dd58ff933a,196,2026-09-04T07:11:34.336Z,Eliteserien,2017,2017-10-15,Haugesund,Sandefjord,2,0,H,,,,,source_reported_FT,Haugesund,Sandefjord
footballcsv/cache.footballdata,https://raw.githubusercontent.com/footballcsv/cache.footballdata/f43a2aa0c65fb061c87e9541e7a567dd58ff933a/2017/no.1.csv,f43a2aa0c65fb061c87e9541e7a567dd58ff933a,197,2026-09-04T07:11:34.336Z,Eliteserien,2017,2017-10-15,Kristiansund,Viking,0,2,A,,,,,source_reported_FT,Kristiansund,Viking
footballcsv/cache.footballdata,https://raw.githubusercontent.com/footballcsv/cache.footballdata/f43a2aa0c65fb061c87e9541e7a567dd58ff933a/2017/no.1.csv,f43a2aa0c65fb061c87e9541e7a567dd58ff933a,198,2026-09-04T07:11:34.336Z,Eliteserien,2017,2017-10-15,Lillestrom,Sogndal,1,0,H,,,,,source_reported_FT,Lillestrom,Sogndal
footballcsv/cache.footballdata,https://raw.githubusercontent.com/footballcsv/cache.footballdata/f43a2aa0c65fb061c87e9541e7a567dd58ff933a/2017/no.1.csv,f43a2aa0c65fb061c87e9541e7a567dd58ff933a,200,2026-09-04T07:11:34.336Z,Eliteserien,2017,2017-10-15,Molde,Brann,1,0,H,,,,,source_reported_FT,Molde,Brann
footballcsv/cache.footballdata,https://raw.githubusercontent.com/footballcsv/cache.footballdata/f43a2aa0c65fb061c87e9541e7a567dd58ff933a/2017/no.1.csv,f43a2aa0c65fb061c87e9541e7a567dd58ff933a,199,2026-09-04T07:11:34.336Z,Eliteserien,2017,2017-10-15,Valerenga,Aalesund,5,1,H,,,,,source_reported_FT,Valerenga,Aalesund
footballcsv/cache.footballdata,https://raw.githubusercontent.com/footballcsv/cache.footballdata/f43a2aa0c65fb061c87e9541e7a567dd58ff933a/2017/no.1.csv,f43a2aa0c65fb061c87e9541e7a567dd58ff933a,201,2026-09-04T07:11:34.336Z,Eliteserien,2017,2017-10-16,Sarpsborg 08,Stabaek,2,2,D,,,,,source_reported_FT,Sarpsborg 08,Stabaek
footballcsv/cache.footballdata,https://raw.githubusercontent.com/footballcsv/cache.footballdata/f43a2aa0c65fb061c87e9541e7a567dd58ff933a/2017/no.1.csv,f43a2aa0c65fb061c87e9541e7a567dd58ff933a,202,2026-09-04T07:11:34.336Z,Eliteserien,2017,2017-10-21,Aalesund,Kristiansund,1,1,D,,,,,source_reported_FT,Aalesund,Kristiansund
footballcsv/cache.footballdata,https://raw.githubusercontent.com/footballcsv/cache.footballdata/f43a2aa0c65fb061c87e9541e7a567dd58ff933a/2017/no.1.csv,f43a2aa0c65fb061c87e9541e7a567dd58ff933a,208,2026-09-04T07:11:34.336Z,Eliteserien,2017,2017-10-22,Brann,Rosenborg,0,3,A,,,,,source_reported_FT,Brann,Rosenborg
footballcsv/cache.footballdata,https://raw.githubusercontent.com/footballcsv/cache.footballdata/f43a2aa0c65fb061c87e9541e7a567dd58ff933a/2017/no.1.csv,f43a2aa0c65fb061c87e9541e7a567dd58ff933a,203,2026-09-04T07:11:34.336Z,Eliteserien,2017,2017-10-22,Molde,Haugesund,1,0,H,,,,,source_reported_FT,Molde,Haugesund
footballcsv/cache.footballdata,https://raw.githubusercontent.com/footballcsv/cache.footballdata/f43a2aa0c65fb061c87e9541e7a567dd58ff933a/2017/no.1.csv,f43a2aa0c65fb061c87e9541e7a567dd58ff933a,204,2026-09-04T07:11:34.336Z,Eliteserien,2017,2017-10-22,Sandefjord,Stromsgodset,1,2,A,,,,,source_reported_FT,Sandefjord,Stromsgodset
footballcsv/cache.footballdata,https://raw.githubusercontent.com/footballcsv/cache.footballdata/f43a2aa0c65fb061c87e9541e7a567dd58ff933a/2017/no.1.csv,f43a2aa0c65fb061c87e9541e7a567dd58ff933a,205,2026-09-04T07:11:34.336Z,Eliteserien,2017,2017-10-22,Sogndal,Sarpsborg 08,3,3,D,,,,,source_reported_FT,Sogndal,Sarpsborg 08
footballcsv/cache.footballdata,https://raw.githubusercontent.com/footballcsv/cache.footballdata/f43a2aa0c65fb061c87e9541e7a567dd58ff933a/2017/no.1.csv,f43a2aa0c65fb061c87e9541e7a567dd58ff933a,206,2026-09-04T07:11:34.336Z,Eliteserien,2017,2017-10-22,Stabaek,Tromso,1,2,A,,,,,source_reported_FT,Stabaek,Tromso
footballcsv/cache.footballdata,https://raw.githubusercontent.com/footballcsv/cache.footballdata/f43a2aa0c65fb061c87e9541e7a567dd58ff933a/2017/no.1.csv,f43a2aa0c65fb061c87e9541e7a567dd58ff933a,207,2026-09-04T07:11:34.336Z,Eliteserien,2017,2017-10-22,Viking,Valerenga,1,7,A,,,,,source_reported_FT,Viking,Valerenga
footballcsv/cache.footballdata,https://raw.githubusercontent.com/footballcsv/cache.footballdata/f43a2aa0c65fb061c87e9541e7a567dd58ff933a/2017/no.1.csv,f43a2aa0c65fb061c87e9541e7a567dd58ff933a,209,2026-09-04T07:11:34.336Z,Eliteserien,2017,2017-10-23,Odd,Lillestrom,1,0,H,,,,,source_reported_FT,Odd,Lillestrom
footballcsv/cache.footballdata,https://raw.githubusercontent.com/footballcsv/cache.footballdata/f43a2aa0c65fb061c87e9541e7a567dd58ff933a/2017/no.1.csv,f43a2aa0c65fb061c87e9541e7a567dd58ff933a,210,2026-09-04T07:11:34.336Z,Eliteserien,2017,2017-10-28,Haugesund,Brann,2,3,A,,,,,source_reported_FT,Haugesund,Brann
footballcsv/cache.footballdata,https://raw.githubusercontent.com/footballcsv/cache.footballdata/f43a2aa0c65fb061c87e9541e7a567dd58ff933a/2017/no.1.csv,f43a2aa0c65fb061c87e9541e7a567dd58ff933a,211,2026-09-04T07:11:34.336Z,Eliteserien,2017,2017-10-29,Kristiansund,Odd,2,2,D,,,,,source_reported_FT,Kristiansund,Odd
footballcsv/cache.footballdata,https://raw.githubusercontent.com/footballcsv/cache.footballdata/f43a2aa0c65fb061c87e9541e7a567dd58ff933a/2017/no.1.csv,f43a2aa0c65fb061c87e9541e7a567dd58ff933a,212,2026-09-04T07:11:34.336Z,Eliteserien,2017,2017-10-29,Rosenborg,Stabaek,0,0,D,,,,,source_reported_FT,Rosenborg,Stabaek
footballcsv/cache.footballdata,https://raw.githubusercontent.com/footballcsv/cache.footballdata/f43a2aa0c65fb061c87e9541e7a567dd58ff933a/2017/no.1.csv,f43a2aa0c65fb061c87e9541e7a567dd58ff933a,213,2026-09-04T07:11:34.336Z,Eliteserien,2017,2017-10-29,Sarpsborg 08,Sandefjord,5,0,H,,,,,source_reported_FT,Sarpsborg 08,Sandefjord
footballcsv/cache.footballdata,https://raw.githubusercontent.com/footballcsv/cache.footballdata/f43a2aa0c65fb061c87e9541e7a567dd58ff933a/2017/no.1.csv,f43a2aa0c65fb061c87e9541e7a567dd58ff933a,214,2026-09-04T07:11:34.336Z,Eliteserien,2017,2017-10-29,Stromsgodset,Sogndal,4,1,H,,,,,source_reported_FT,Stromsgodset,Sogndal
footballcsv/cache.footballdata,https://raw.githubusercontent.com/footballcsv/cache.footballdata/f43a2aa0c65fb061c87e9541e7a567dd58ff933a/2017/no.1.csv,f43a2aa0c65fb061c87e9541e7a567dd58ff933a,215,2026-09-04T07:11:34.336Z,Eliteserien,2017,2017-10-29,Tromso,Viking,3,0,H,,,,,source_reported_FT,Tromso,Viking
footballcsv/cache.footballdata,https://raw.githubusercontent.com/footballcsv/cache.footballdata/f43a2aa0c65fb061c87e9541e7a567dd58ff933a/2017/no.1.csv,f43a2aa0c65fb061c87e9541e7a567dd58ff933a,216,2026-09-04T07:11:34.336Z,Eliteserien,2017,2017-10-29,Valerenga,Molde,1,2,A,,,,,source_reported_FT,Valerenga,Molde
footballcsv/cache.footballdata,https://raw.githubusercontent.com/footballcsv/cache.footballdata/f43a2aa0c65fb061c87e9541e7a567dd58ff933a/2017/no.1.csv,f43a2aa0c65fb061c87e9541e7a567dd58ff933a,217,2026-09-04T07:11:34.336Z,Eliteserien,2017,2017-10-30,Lillestrom,Aalesund,4,0,H,,,,,source_reported_FT,Lillestrom,Aalesund
footballcsv/cache.footballdata,https://raw.githubusercontent.com/footballcsv/cache.footballdata/f43a2aa0c65fb061c87e9541e7a567dd58ff933a/2017/no.1.csv,f43a2aa0c65fb061c87e9541e7a567dd58ff933a,218,2026-09-04T07:11:34.336Z,Eliteserien,2017,2017-11-03,Sandefjord,Valerenga,2,0,H,,,,,source_reported_FT,Sandefjord,Valerenga
footballcsv/cache.footballdata,https://raw.githubusercontent.com/footballcsv/cache.footballdata/f43a2aa0c65fb061c87e9541e7a567dd58ff933a/2017/no.1.csv,f43a2aa0c65fb061c87e9541e7a567dd58ff933a,219,2026-09-04T07:11:34.336Z,Eliteserien,2017,2017-11-04,Molde,Kristiansund,0,1,A,,,,,source_reported_FT,Molde,Kristiansund
footballcsv/cache.footballdata,https://raw.githubusercontent.com/footballcsv/cache.footballdata/f43a2aa0c65fb061c87e9541e7a567dd58ff933a/2017/no.1.csv,f43a2aa0c65fb061c87e9541e7a567dd58ff933a,225,2026-09-04T07:11:34.336Z,Eliteserien,2017,2017-11-05,Aalesund,Rosenborg,2,1,H,,,,,source_reported_FT,Aalesund,Rosenborg
footballcsv/cache.footballdata,https://raw.githubusercontent.com/footballcsv/cache.footballdata/f43a2aa0c65fb061c87e9541e7a567dd58ff933a/2017/no.1.csv,f43a2aa0c65fb061c87e9541e7a567dd58ff933a,220,2026-09-04T07:11:34.336Z,Eliteserien,2017,2017-11-05,Brann,Lillestrom,2,0,H,,,,,source_reported_FT,Brann,Lillestrom
footballcsv/cache.footballdata,https://raw.githubusercontent.com/footballcsv/cache.footballdata/f43a2aa0c65fb061c87e9541e7a567dd58ff933a/2017/no.1.csv,f43a2aa0c65fb061c87e9541e7a567dd58ff933a,221,2026-09-04T07:11:34.336Z,Eliteserien,2017,2017-11-05,Haugesund,Stromsgodset,1,3,A,,,,,source_reported_FT,Haugesund,Stromsgodset
footballcsv/cache.footballdata,https://raw.githubusercontent.com/footballcsv/cache.footballdata/f43a2aa0c65fb061c87e9541e7a567dd58ff933a/2017/no.1.csv,f43a2aa0c65fb061c87e9541e7a567dd58ff933a,222,2026-09-04T07:11:34.336Z,Eliteserien,2017,2017-11-05,Odd,Stabaek,0,5,A,,,,,source_reported_FT,Odd,Stabaek
footballcsv/cache.footballdata,https://raw.githubusercontent.com/footballcsv/cache.footballdata/f43a2aa0c65fb061c87e9541e7a567dd58ff933a/2017/no.1.csv,f43a2aa0c65fb061c87e9541e7a567dd58ff933a,223,2026-09-04T07:11:34.336Z,Eliteserien,2017,2017-11-05,Sogndal,Tromso,0,2,A,,,,,source_reported_FT,Sogndal,Tromso
footballcsv/cache.footballdata,https://raw.githubusercontent.com/footballcsv/cache.footballdata/f43a2aa0c65fb061c87e9541e7a567dd58ff933a/2017/no.1.csv,f43a2aa0c65fb061c87e9541e7a567dd58ff933a,224,2026-09-04T07:11:34.336Z,Eliteserien,2017,2017-11-05,Viking,Sarpsborg 08,2,1,H,,,,,source_reported_FT,Viking,Sarpsborg 08
footballcsv/cache.footballdata,https://raw.githubusercontent.com/footballcsv/cache.footballdata/f43a2aa0c65fb061c87e9541e7a567dd58ff933a/2017/no.1.csv,f43a2aa0c65fb061c87e9541e7a567dd58ff933a,226,2026-09-04T07:11:34.336Z,Eliteserien,2017,2017-11-19,Kristiansund,Sandefjord,3,2,H,,,,,source_reported_FT,Kristiansund,Sandefjord
footballcsv/cache.footballdata,https://raw.githubusercontent.com/footballcsv/cache.footballdata/f43a2aa0c65fb061c87e9541e7a567dd58ff933a/2017/no.1.csv,f43a2aa0c65fb061c87e9541e7a567dd58ff933a,227,2026-09-04T07:11:34.336Z,Eliteserien,2017,2017-11-19,Lillestrom,Molde,0,1,A,,,,,source_reported_FT,Lillestrom,Molde
footballcsv/cache.footballdata,https://raw.githubusercontent.com/footballcsv/cache.footballdata/f43a2aa0c65fb061c87e9541e7a567dd58ff933a/2017/no.1.csv,f43a2aa0c65fb061c87e9541e7a567dd58ff933a,228,2026-09-04T07:11:34.336Z,Eliteserien,2017,2017-11-19,Rosenborg,Viking,2,0,H,,,,,source_reported_FT,Rosenborg,Viking
footballcsv/cache.footballdata,https://raw.githubusercontent.com/footballcsv/cache.footballdata/f43a2aa0c65fb061c87e9541e7a567dd58ff933a/2017/no.1.csv,f43a2aa0c65fb061c87e9541e7a567dd58ff933a,229,2026-09-04T07:11:34.336Z,Eliteserien,2017,2017-11-19,Sarpsborg 08,Aalesund,1,0,H,,,,,source_reported_FT,Sarpsborg 08,Aalesund
footballcsv/cache.footballdata,https://raw.githubusercontent.com/footballcsv/cache.footballdata/f43a2aa0c65fb061c87e9541e7a567dd58ff933a/2017/no.1.csv,f43a2aa0c65fb061c87e9541e7a567dd58ff933a,230,2026-09-04T07:11:34.336Z,Eliteserien,2017,2017-11-19,Stabaek,Sogndal,1,1,D,,,,,source_reported_FT,Stabaek,Sogndal
footballcsv/cache.footballdata,https://raw.githubusercontent.com/footballcsv/cache.footballdata/f43a2aa0c65fb061c87e9541e7a567dd58ff933a/2017/no.1.csv,f43a2aa0c65fb061c87e9541e7a567dd58ff933a,231,2026-09-04T07:11:34.336Z,Eliteserien,2017,2017-11-19,Stromsgodset,Brann,2,1,H,,,,,source_reported_FT,Stromsgodset,Brann
footballcsv/cache.footballdata,https://raw.githubusercontent.com/footballcsv/cache.footballdata/f43a2aa0c65fb061c87e9541e7a567dd58ff933a/2017/no.1.csv,f43a2aa0c65fb061c87e9541e7a567dd58ff933a,232,2026-09-04T07:11:34.336Z,Eliteserien,2017,2017-11-19,Tromso,Haugesund,2,0,H,,,,,source_reported_FT,Tromso,Haugesund
footballcsv/cache.footballdata,https://raw.githubusercontent.com/footballcsv/cache.footballdata/f43a2aa0c65fb061c87e9541e7a567dd58ff933a/2017/no.1.csv,f43a2aa0c65fb061c87e9541e7a567dd58ff933a,233,2026-09-04T07:11:34.336Z,Eliteserien,2017,2017-11-19,Valerenga,Odd,2,0,H,,,,,source_reported_FT,Valerenga,Odd
footballcsv/cache.footballdata,https://raw.githubusercontent.com/footballcsv/cache.footballdata/f43a2aa0c65fb061c87e9541e7a567dd58ff933a/2017/no.1.csv,f43a2aa0c65fb061c87e9541e7a567dd58ff933a,234,2026-09-04T07:11:34.336Z,Eliteserien,2017,2017-11-26,Aalesund,Stromsgodset,4,3,H,,,,,source_reported_FT,Aalesund,Stromsgodset
footballcsv/cache.footballdata,https://raw.githubusercontent.com/footballcsv/cache.footballdata/f43a2aa0c65fb061c87e9541e7a567dd58ff933a/2017/no.1.csv,f43a2aa0c65fb061c87e9541e7a567dd58ff933a,235,2026-09-04T07:11:34.336Z,Eliteserien,2017,2017-11-26,Brann,Tromso,2,2,D,,,,,source_reported_FT,Brann,Tromso
footballcsv/cache.footballdata,https://raw.githubusercontent.com/footballcsv/cache.footballdata/f43a2aa0c65fb061c87e9541e7a567dd58ff933a/2017/no.1.csv,f43a2aa0c65fb061c87e9541e7a567dd58ff933a,236,2026-09-04T07:11:34.336Z,Eliteserien,2017,2017-11-26,Haugesund,Kristiansund,2,3,A,,,,,source_reported_FT,Haugesund,Kristiansund
footballcsv/cache.footballdata,https://raw.githubusercontent.com/footballcsv/cache.footballdata/f43a2aa0c65fb061c87e9541e7a567dd58ff933a/2017/no.1.csv,f43a2aa0c65fb061c87e9541e7a567dd58ff933a,237,2026-09-04T07:11:34.336Z,Eliteserien,2017,2017-11-26,Molde,Sarpsborg 08,2,2,D,,,,,source_reported_FT,Molde,Sarpsborg 08
footballcsv/cache.footballdata,https://raw.githubusercontent.com/footballcsv/cache.footballdata/f43a2aa0c65fb061c87e9541e7a567dd58ff933a/2017/no.1.csv,f43a2aa0c65fb061c87e9541e7a567dd58ff933a,238,2026-09-04T07:11:34.336Z,Eliteserien,2017,2017-11-26,Odd,Rosenborg,1,0,H,,,,,source_reported_FT,Odd,Rosenborg
footballcsv/cache.footballdata,https://raw.githubusercontent.com/footballcsv/cache.footballdata/f43a2aa0c65fb061c87e9541e7a567dd58ff933a/2017/no.1.csv,f43a2aa0c65fb061c87e9541e7a567dd58ff933a,239,2026-09-04T07:11:34.336Z,Eliteserien,2017,2017-11-26,Sandefjord,Lillestrom,1,3,A,,,,,source_reported_FT,Sandefjord,Lillestrom
footballcsv/cache.footballdata,https://raw.githubusercontent.com/footballcsv/cache.footballdata/f43a2aa0c65fb061c87e9541e7a567dd58ff933a/2017/no.1.csv,f43a2aa0c65fb061c87e9541e7a567dd58ff933a,240,2026-09-04T07:11:34.336Z,Eliteserien,2017,2017-11-26,Sogndal,Valerenga,5,2,H,,,,,source_reported_FT,Sogndal,Valerenga
footballcsv/cache.footballdata,https://raw.githubusercontent.com/footballcsv/cache.footballdata/f43a2aa0c65fb061c87e9541e7a567dd58ff933a/2017/no.1.csv,f43a2aa0c65fb061c87e9541e7a567dd58ff933a,241,2026-09-04T07:11:34.336Z,Eliteserien,2017,2017-11-26,Viking,Stabaek,2,0,H,,,,,source_reported_FT,Viking,Stabaek
footballcsv/cache.footballdata,https://raw.githubusercontent.com/footballcsv/cache.footballdata/f43a2aa0c65fb061c87e9541e7a567dd58ff933a/2017/no.1.csv,f43a2aa0c65fb061c87e9541e7a567dd58ff933a,242,2026-09-04T07:11:34.336Z,Eliteserien,2017,2017-11-29,Sogndal,Ranheim,1,0,H,,,,,source_reported_FT,Sogndal,Ranheim
footballcsv/cache.footballdata,https://raw.githubusercontent.com/footballcsv/cache.footballdata/f43a2aa0c65fb061c87e9541e7a567dd58ff933a/2017/no.1.csv,f43a2aa0c65fb061c87e9541e7a567dd58ff933a,243,2026-09-04T07:11:34.336Z,Eliteserien,2017,2017-12-02,Ranheim,Sogndal,1,0,H,,,,,source_reported_FT,Ranheim,Sogndal
footballcsv/cache.footballdata,https://raw.githubusercontent.com/footballcsv/cache.footballdata/f43a2aa0c65fb061c87e9541e7a567dd58ff933a/2018/no.1.csv,f43a2aa0c65fb061c87e9541e7a567dd58ff933a,2,2026-09-04T07:11:40.897Z,Eliteserien,2018,2018-03-11,Bodo/Glimt,Lillestrom,3,1,H,,,,,source_reported_FT,Bodo/Glimt,Lillestrom
footballcsv/cache.footballdata,https://raw.githubusercontent.com/footballcsv/cache.footballdata/f43a2aa0c65fb061c87e9541e7a567dd58ff933a/2018/no.1.csv,f43a2aa0c65fb061c87e9541e7a567dd58ff933a,3,2026-09-04T07:11:40.897Z,Eliteserien,2018,2018-03-11,Molde,Sandefjord,5,0,H,,,,,source_reported_FT,Molde,Sandefjord
footballcsv/cache.footballdata,https://raw.githubusercontent.com/footballcsv/cache.footballdata/f43a2aa0c65fb061c87e9541e7a567dd58ff933a/2018/no.1.csv,f43a2aa0c65fb061c87e9541e7a567dd58ff933a,4,2026-09-04T07:11:40.897Z,Eliteserien,2018,2018-03-11,Odd,Haugesund,1,2,A,,,,,source_reported_FT,Odd,Haugesund
footballcsv/cache.footballdata,https://raw.githubusercontent.com/footballcsv/cache.footballdata/f43a2aa0c65fb061c87e9541e7a567dd58ff933a/2018/no.1.csv,f43a2aa0c65fb061c87e9541e7a567dd58ff933a,7,2026-09-04T07:11:40.897Z,Eliteserien,2018,2018-03-11,Sarpsborg 08,Rosenborg,1,0,H,,,,,source_reported_FT,Sarpsborg 08,Rosenborg
footballcsv/cache.footballdata,https://raw.githubusercontent.com/footballcsv/cache.footballdata/f43a2aa0c65fb061c87e9541e7a567dd58ff933a/2018/no.1.csv,f43a2aa0c65fb061c87e9541e7a567dd58ff933a,5,2026-09-04T07:11:40.897Z,Eliteserien,2018,2018-03-11,Start,Tromso,4,1,H,,,,,source_reported_FT,Start,Tromso
footballcsv/cache.footballdata,https://raw.githubusercontent.com/footballcsv/cache.footballdata/f43a2aa0c65fb061c87e9541e7a567dd58ff933a/2018/no.1.csv,f43a2aa0c65fb061c87e9541e7a567dd58ff933a,6,2026-09-04T07:11:40.897Z,Eliteserien,2018,2018-03-11,Stromsgodset,Stabaek,2,2,D,,,,,source_reported_FT,Stromsgodset,Stabaek
footballcsv/cache.footballdata,https://raw.githubusercontent.com/footballcsv/cache.footballdata/f43a2aa0c65fb061c87e9541e7a567dd58ff933a/2018/no.1.csv,f43a2aa0c65fb061c87e9541e7a567dd58ff933a,8,2026-09-04T07:11:40.897Z,Eliteserien,2018,2018-03-12,Kristiansund,Valerenga,0,1,A,,,,,source_reported_FT,Kristiansund,Valerenga
footballcsv/cache.footballdata,https://raw.githubusercontent.com/footballcsv/cache.footballdata/f43a2aa0c65fb061c87e9541e7a567dd58ff933a/2018/no.1.csv,f43a2aa0c65fb061c87e9541e7a567dd58ff933a,9,2026-09-04T07:11:40.897Z,Eliteserien,2018,2018-03-17,Lillestrom,Sarpsborg 08,2,2,D,,,,,source_reported_FT,Lillestrom,Sarpsborg 08
footballcsv/cache.footballdata,https://raw.githubusercontent.com/footballcsv/cache.footballdata/f43a2aa0c65fb061c87e9541e7a567dd58ff933a/2018/no.1.csv,f43a2aa0c65fb061c87e9541e7a567dd58ff933a,10,2026-09-04T07:11:40.897Z,Eliteserien,2018,2018-03-17,Rosenborg,Kristiansund,2,2,D,,,,,source_reported_FT,Rosenborg,Kristiansund
footballcsv/cache.footballdata,https://raw.githubusercontent.com/footballcsv/cache.footballdata/f43a2aa0c65fb061c87e9541e7a567dd58ff933a/2018/no.1.csv,f43a2aa0c65fb061c87e9541e7a567dd58ff933a,11,2026-09-04T07:11:40.897Z,Eliteserien,2018,2018-03-18,Brann,Bodo/Glimt,2,0,H,,,,,source_reported_FT,Brann,Bodo/Glimt
footballcsv/cache.footballdata,https://raw.githubusercontent.com/footballcsv/cache.footballdata/f43a2aa0c65fb061c87e9541e7a567dd58ff933a/2018/no.1.csv,f43a2aa0c65fb061c87e9541e7a567dd58ff933a,12,2026-09-04T07:11:40.897Z,Eliteserien,2018,2018-03-18,Haugesund,Molde,0,1,A,,,,,source_reported_FT,Haugesund,Molde
footballcsv/cache.footballdata,https://raw.githubusercontent.com/footballcsv/cache.footballdata/f43a2aa0c65fb061c87e9541e7a567dd58ff933a/2018/no.1.csv,f43a2aa0c65fb061c87e9541e7a567dd58ff933a,13,2026-09-04T07:11:40.897Z,Eliteserien,2018,2018-03-18,Valerenga,Odd,2,1,H,,,,,source_reported_FT,Valerenga,Odd
footballcsv/cache.footballdata,https://raw.githubusercontent.com/footballcsv/cache.footballdata/f43a2aa0c65fb061c87e9541e7a567dd58ff933a/2018/no.1.csv,f43a2aa0c65fb061c87e9541e7a567dd58ff933a,14,2026-09-04T07:11:40.897Z,Eliteserien,2018,2018-04-02,Bodo/Glimt,Haugesund,0,3,A,,,,,source_reported_FT,Bodo/Glimt,Haugesund
footballcsv/cache.footballdata,https://raw.githubusercontent.com/footballcsv/cache.footballdata/f43a2aa0c65fb061c87e9541e7a567dd58ff933a/2018/no.1.csv,f43a2aa0c65fb061c87e9541e7a567dd58ff933a,15,2026-09-04T07:11:40.897Z,Eliteserien,2018,2018-04-02,Kristiansund,Lillestrom,2,1,H,,,,,source_reported_FT,Kristiansund,Lillestrom
footballcsv/cache.footballdata,https://raw.githubusercontent.com/footballcsv/cache.footballdata/f43a2aa0c65fb061c87e9541e7a567dd58ff933a/2018/no.1.csv,f43a2aa0c65fb061c87e9541e7a567dd58ff933a,16,2026-09-04T07:11:40.897Z,Eliteserien,2018,2018-04-02,Molde,Tromso,2,1,H,,,,,source_reported_FT,Molde,Tromso
footballcsv/cache.footballdata,https://raw.githubusercontent.com/footballcsv/cache.footballdata/f43a2aa0c65fb061c87e9541e7a567dd58ff933a/2018/no.1.csv,f43a2aa0c65fb061c87e9541e7a567dd58ff933a,21,2026-09-04T07:11:40.897Z,Eliteserien,2018,2018-04-02,Odd,Rosenborg,1,1,D,,,,,source_reported_FT,Odd,Rosenborg
footballcsv/cache.footballdata,https://raw.githubusercontent.com/footballcsv/cache.footballdata/f43a2aa0c65fb061c87e9541e7a567dd58ff933a/2018/no.1.csv,f43a2aa0c65fb061c87e9541e7a567dd58ff933a,17,2026-09-04T07:11:40.897Z,Eliteserien,2018,2018-04-02,Ranheim,Stabaek,4,1,H,,,,,source_reported_FT,Ranheim,Stabaek
footballcsv/cache.footballdata,https://raw.githubusercontent.com/footballcsv/cache.footballdata/f43a2aa0c65fb061c87e9541e7a567dd58ff933a/2018/no.1.csv,f43a2aa0c65fb061c87e9541e7a567dd58ff933a,18,2026-09-04T07:11:40.897Z,Eliteserien,2018,2018-04-02,Sarpsborg 08,Valerenga,3,0,H,,,,,source_reported_FT,Sarpsborg 08,Valerenga
footballcsv/cache.footballdata,https://raw.githubusercontent.com/footballcsv/cache.footballdata/f43a2aa0c65fb061c87e9541e7a567dd58ff933a/2018/no.1.csv,f43a2aa0c65fb061c87e9541e7a567dd58ff933a,19,2026-09-04T07:11:40.897Z,Eliteserien,2018,2018-04-02,Start,Sandefjord,1,4,A,,,,,source_reported_FT,Start,Sandefjord
footballcsv/cache.footballdata,https://raw.githubusercontent.com/footballcsv/cache.footballdata/f43a2aa0c65fb061c87e9541e7a567dd58ff933a/2018/no.1.csv,f43a2aa0c65fb061c87e9541e7a567dd58ff933a,20,2026-09-04T07:11:40.897Z,Eliteserien,2018,2018-04-02,Stromsgodset,Brann,1,1,D,,,,,source_reported_FT,Stromsgodset,Brann
footballcsv/cache.footballdata,https://raw.githubusercontent.com/footballcsv/cache.footballdata/f43a2aa0c65fb061c87e9541e7a567dd58ff933a/2018/no.1.csv,f43a2aa0c65fb061c87e9541e7a567dd58ff933a,22,2026-09-04T07:11:40.897Z,Eliteserien,2018,2018-04-07,Valerenga,Stromsgodset,1,4,A,,,,,source_reported_FT,Valerenga,Stromsgodset
footballcsv/cache.footballdata,https://raw.githubusercontent.com/footballcsv/cache.footballdata/f43a2aa0c65fb061c87e9541e7a567dd58ff933a/2018/no.1.csv,f43a2aa0c65fb061c87e9541e7a567dd58ff933a,23,2026-09-04T07:11:40.897Z,Eliteserien,2018,2018-04-08,Brann,Kristiansund,1,0,H,,,,,source_reported_FT,Brann,Kristiansund
footballcsv/cache.footballdata,https://raw.githubusercontent.com/footballcsv/cache.footballdata/f43a2aa0c65fb061c87e9541e7a567dd58ff933a/2018/no.1.csv,f43a2aa0c65fb061c87e9541e7a567dd58ff933a,24,2026-09-04T07:11:40.897Z,Eliteserien,2018,2018-04-08,Haugesund,Sarpsborg 08,1,1,D,,,,,source_reported_FT,Haugesund,Sarpsborg 08
footballcsv/cache.footballdata,https://raw.githubusercontent.com/footballcsv/cache.footballdata/f43a2aa0c65fb061c87e9541e7a567dd58ff933a/2018/no.1.csv,f43a2aa0c65fb061c87e9541e7a567dd58ff933a,25,2026-09-04T07:11:40.897Z,Eliteserien,2018,2018-04-08,Odd,Bodo/Glimt,1,0,H,,,,,source_reported_FT,Odd,Bodo/Glimt
footballcsv/cache.footballdata,https://raw.githubusercontent.com/footballcsv/cache.footballdata/f43a2aa0c65fb061c87e9541e7a567dd58ff933a/2018/no.1.csv,f43a2aa0c65fb061c87e9541e7a567dd58ff933a,28,2026-09-04T07:11:40.897Z,Eliteserien,2018,2018-04-08,Rosenborg,Molde,4,0,H,,,,,source_reported_FT,Rosenborg,Molde
footballcsv/cache.footballdata,https://raw.githubusercontent.com/footballcsv/cache.footballdata/f43a2aa0c65fb061c87e9541e7a567dd58ff933a/2018/no.1.csv,f43a2aa0c65fb061c87e9541e7a567dd58ff933a,26,2026-09-04T07:11:40.897Z,Eliteserien,2018,2018-04-08,Sandefjord,Stabaek,1,1,D,,,,,source_reported_FT,Sandefjord,Stabaek
footballcsv/cache.footballdata,https://raw.githubusercontent.com/footballcsv/cache.footballdata/f43a2aa0c65fb061c87e9541e7a567dd58ff933a/2018/no.1.csv,f43a2aa0c65fb061c87e9541e7a567dd58ff933a,27,2026-09-04T07:11:40.897Z,Eliteserien,2018,2018-04-08,Tromso,Ranheim,4,0,H,,,,,source_reported_FT,Tromso,Ranheim
footballcsv/cache.footballdata,https://raw.githubusercontent.com/footballcsv/cache.footballdata/f43a2aa0c65fb061c87e9541e7a567dd58ff933a/2018/no.1.csv,f43a2aa0c65fb061c87e9541e7a567dd58ff933a,29,2026-09-04T07:11:40.897Z,Eliteserien,2018,2018-04-09,Lillestrom,Start,1,0,H,,,,,source_reported_FT,Lillestrom,Start
footballcsv/cache.footballdata,https://raw.githubusercontent.com/footballcsv/cache.footballdata/f43a2aa0c65fb061c87e9541e7a567dd58ff933a/2018/no.1.csv,f43a2aa0c65fb061c87e9541e7a567dd58ff933a,30,2026-09-04T07:11:40.897Z,Eliteserien,2018,2018-04-11,Sandefjord,Ranheim,1,2,A,,,,,source_reported_FT,Sandefjord,Ranheim
footballcsv/cache.footballdata,https://raw.githubusercontent.com/footballcsv/cache.footballdata/f43a2aa0c65fb061c87e9541e7a567dd58ff933a/2018/no.1.csv,f43a2aa0c65fb061c87e9541e7a567dd58ff933a,31,2026-09-04T07:11:40.897Z,Eliteserien,2018,2018-04-11,Tromso,Stromsgodset,3,1,H,,,,,source_reported_FT,Tromso,Stromsgodset
footballcsv/cache.footballdata,https://raw.githubusercontent.com/footballcsv/cache.footballdata/f43a2aa0c65fb061c87e9541e7a567dd58ff933a/2018/no.1.csv,f43a2aa0c65fb061c87e9541e7a567dd58ff933a,32,2026-09-04T07:11:40.897Z,Eliteserien,2018,2018-04-14,Start,Valerenga,1,6,A,,,,,source_reported_FT,Start,Valerenga
footballcsv/cache.footballdata,https://raw.githubusercontent.com/footballcsv/cache.footballdata/f43a2aa0c65fb061c87e9541e7a567dd58ff933a/2018/no.1.csv,f43a2aa0c65fb061c87e9541e7a567dd58ff933a,33,2026-09-04T07:11:40.897Z,Eliteserien,2018,2018-04-15,Molde,Lillestrom,2,1,H,,,,,source_reported_FT,Molde,Lillestrom
footballcsv/cache.footballdata,https://raw.githubusercontent.com/footballcsv/cache.footballdata/f43a2aa0c65fb061c87e9541e7a567dd58ff933a/2018/no.1.csv,f43a2aa0c65fb061c87e9541e7a567dd58ff933a,34,2026-09-04T07:11:40.897Z,Eliteserien,2018,2018-04-15,Ranheim,Haugesund,4,2,H,,,,,source_reported_FT,Ranheim,Haugesund
footballcsv/cache.footballdata,https://raw.githubusercontent.com/footballcsv/cache.footballdata/f43a2aa0c65fb061c87e9541e7a567dd58ff933a/2018/no.1.csv,f43a2aa0c65fb061c87e9541e7a567dd58ff933a,35,2026-09-04T07:11:40.897Z,Eliteserien,2018,2018-04-15,Sandefjord,Kristiansund,3,3,D,,,,,source_reported_FT,Sandefjord,Kristiansund
footballcsv/cache.footballdata,https://raw.githubusercontent.com/footballcsv/cache.footballdata/f43a2aa0c65fb061c87e9541e7a567dd58ff933a/2018/no.1.csv,f43a2aa0c65fb061c87e9541e7a567dd58ff933a,38,2026-09-04T07:11:40.897Z,Eliteserien,2018,2018-04-15,Sarpsborg 08,Brann,1,2,A,,,,,source_reported_FT,Sarpsborg 08,Brann
footballcsv/cache.footballdata,https://raw.githubusercontent.com/footballcsv/cache.footballdata/f43a2aa0c65fb061c87e9541e7a567dd58ff933a/2018/no.1.csv,f43a2aa0c65fb061c87e9541e7a567dd58ff933a,36,2026-09-04T07:11:40.897Z,Eliteserien,2018,2018-04-15,Stabaek,Tromso,1,1,D,,,,,source_reported_FT,Stabaek,Tromso
footballcsv/cache.footballdata,https://raw.githubusercontent.com/footballcsv/cache.footballdata/f43a2aa0c65fb061c87e9541e7a567dd58ff933a/2018/no.1.csv,f43a2aa0c65fb061c87e9541e7a567dd58ff933a,37,2026-09-04T07:11:40.897Z,Eliteserien,2018,2018-04-15,Stromsgodset,Odd,3,0,H,,,,,source_reported_FT,Stromsgodset,Odd
footballcsv/cache.footballdata,https://raw.githubusercontent.com/footballcsv/cache.footballdata/f43a2aa0c65fb061c87e9541e7a567dd58ff933a/2018/no.1.csv,f43a2aa0c65fb061c87e9541e7a567dd58ff933a,39,2026-09-04T07:11:40.897Z,Eliteserien,2018,2018-04-16,Bodo/Glimt,Rosenborg,0,1,A,,,,,source_reported_FT,Bodo/Glimt,Rosenborg
footballcsv/cache.footballdata,https://raw.githubusercontent.com/footballcsv/cache.footballdata/f43a2aa0c65fb061c87e9541e7a567dd58ff933a/2018/no.1.csv,f43a2aa0c65fb061c87e9541e7a567dd58ff933a,40,2026-09-04T07:11:40.897Z,Eliteserien,2018,2018-04-21,Brann,Stabaek,3,0,H,,,,,source_reported_FT,Brann,Stabaek
footballcsv/cache.footballdata,https://raw.githubusercontent.com/footballcsv/cache.footballdata/f43a2aa0c65fb061c87e9541e7a567dd58ff933a/2018/no.1.csv,f43a2aa0c65fb061c87e9541e7a567dd58ff933a,41,2026-09-04T07:11:40.897Z,Eliteserien,2018,2018-04-22,Haugesund,Stromsgodset,1,0,H,,,,,source_reported_FT,Haugesund,Stromsgodset
footballcsv/cache.footballdata,https://raw.githubusercontent.com/footballcsv/cache.footballdata/f43a2aa0c65fb061c87e9541e7a567dd58ff933a/2018/no.1.csv,f43a2aa0c65fb061c87e9541e7a567dd58ff933a,42,2026-09-04T07:11:40.897Z,Eliteserien,2018,2018-04-22,Kristiansund,Bodo/Glimt,1,1,D,,,,,source_reported_FT,Kristiansund,Bodo/Glimt
footballcsv/cache.footballdata,https://raw.githubusercontent.com/footballcsv/cache.footballdata/f43a2aa0c65fb061c87e9541e7a567dd58ff933a/2018/no.1.csv,f43a2aa0c65fb061c87e9541e7a567dd58ff933a,43,2026-09-04T07:11:40.897Z,Eliteserien,2018,2018-04-22,Lillestrom,Ranheim,0,1,A,,,,,source_reported_FT,Lillestrom,Ranheim
footballcsv/cache.footballdata,https://raw.githubusercontent.com/footballcsv/cache.footballdata/f43a2aa0c65fb061c87e9541e7a567dd58ff933a/2018/no.1.csv,f43a2aa0c65fb061c87e9541e7a567dd58ff933a,44,2026-09-04T07:11:40.897Z,Eliteserien,2018,2018-04-22,Rosenborg,Start,2,0,H,,,,,source_reported_FT,Rosenborg,Start
footballcsv/cache.footballdata,https://raw.githubusercontent.com/footballcsv/cache.footballdata/f43a2aa0c65fb061c87e9541e7a567dd58ff933a/2018/no.1.csv,f43a2aa0c65fb061c87e9541e7a567dd58ff933a,45,2026-09-04T07:11:40.897Z,Eliteserien,2018,2018-04-22,Tromso,Sandefjord,4,1,H,,,,,source_reported_FT,Tromso,Sandefjord
footballcsv/cache.footballdata,https://raw.githubusercontent.com/footballcsv/cache.footballdata/f43a2aa0c65fb061c87e9541e7a567dd58ff933a/2018/no.1.csv,f43a2aa0c65fb061c87e9541e7a567dd58ff933a,46,2026-09-04T07:11:40.897Z,Eliteserien,2018,2018-04-22,Valerenga,Molde,0,0,D,,,,,source_reported_FT,Valerenga,Molde
footballcsv/cache.footballdata,https://raw.githubusercontent.com/footballcsv/cache.footballdata/f43a2aa0c65fb061c87e9541e7a567dd58ff933a/2018/no.1.csv,f43a2aa0c65fb061c87e9541e7a567dd58ff933a,47,2026-09-04T07:11:40.897Z,Eliteserien,2018,2018-04-23,Odd,Sarpsborg 08,3,1,H,,,,,source_reported_FT,Odd,Sarpsborg 08
footballcsv/cache.footballdata,https://raw.githubusercontent.com/footballcsv/cache.footballdata/f43a2aa0c65fb061c87e9541e7a567dd58ff933a/2018/no.1.csv,f43a2aa0c65fb061c87e9541e7a567dd58ff933a,48,2026-09-04T07:11:40.897Z,Eliteserien,2018,2018-04-25,Ranheim,Brann,0,2,A,,,,,source_reported_FT,Ranheim,Brann
footballcsv/cache.footballdata,https://raw.githubusercontent.com/footballcsv/cache.footballdata/f43a2aa0c65fb061c87e9541e7a567dd58ff933a/2018/no.1.csv,f43a2aa0c65fb061c87e9541e7a567dd58ff933a,49,2026-09-04T07:11:40.897Z,Eliteserien,2018,2018-04-25,Stabaek,Start,1,1,D,,,,,source_reported_FT,Stabaek,Start
footballcsv/cache.footballdata,https://raw.githubusercontent.com/footballcsv/cache.footballdata/f43a2aa0c65fb061c87e9541e7a567dd58ff933a/2018/no.1.csv,f43a2aa0c65fb061c87e9541e7a567dd58ff933a,50,2026-09-04T07:11:40.897Z,Eliteserien,2018,2018-04-28,Ranheim,Valerenga,2,2,D,,,,,source_reported_FT,Ranheim,Valerenga
footballcsv/cache.footballdata,https://raw.githubusercontent.com/footballcsv/cache.footballdata/f43a2aa0c65fb061c87e9541e7a567dd58ff933a/2018/no.1.csv,f43a2aa0c65fb061c87e9541e7a567dd58ff933a,51,2026-09-04T07:11:40.897Z,Eliteserien,2018,2018-04-29,Molde,Odd,0,1,A,,,,,source_reported_FT,Molde,Odd
footballcsv/cache.footballdata,https://raw.githubusercontent.com/footballcsv/cache.footballdata/f43a2aa0c65fb061c87e9541e7a567dd58ff933a/2018/no.1.csv,f43a2aa0c65fb061c87e9541e7a567dd58ff933a,52,2026-09-04T07:11:40.897Z,Eliteserien,2018,2018-04-29,Sandefjord,Brann,0,1,A,,,,,source_reported_FT,Sandefjord,Brann
footballcsv/cache.footballdata,https://raw.githubusercontent.com/footballcsv/cache.footballdata/f43a2aa0c65fb061c87e9541e7a567dd58ff933a/2018/no.1.csv,f43a2aa0c65fb061c87e9541e7a567dd58ff933a,53,2026-09-04T07:11:40.897Z,Eliteserien,2018,2018-04-29,Sarpsborg 08,Bodo/Glimt,0,0,D,,,,,source_reported_FT,Sarpsborg 08,Bodo/Glimt
footballcsv/cache.footballdata,https://raw.githubusercontent.com/footballcsv/cache.footballdata/f43a2aa0c65fb061c87e9541e7a567dd58ff933a/2018/no.1.csv,f43a2aa0c65fb061c87e9541e7a567dd58ff933a,54,2026-09-04T07:11:40.897Z,Eliteserien,2018,2018-04-29,Start,Haugesund,0,1,A,,,,,source_reported_FT,Start,Haugesund
footballcsv/cache.footballdata,https://raw.githubusercontent.com/footballcsv/cache.footballdata/f43a2aa0c65fb061c87e9541e7a567dd58ff933a/2018/no.1.csv,f43a2aa0c65fb061c87e9541e7a567dd58ff933a,56,2026-09-04T07:11:40.897Z,Eliteserien,2018,2018-04-29,Stromsgodset,Rosenborg,0,1,A,,,,,source_reported_FT,Stromsgodset,Rosenborg
footballcsv/cache.footballdata,https://raw.githubusercontent.com/footballcsv/cache.footballdata/f43a2aa0c65fb061c87e9541e7a567dd58ff933a/2018/no.1.csv,f43a2aa0c65fb061c87e9541e7a567dd58ff933a,55,2026-09-04T07:11:40.897Z,Eliteserien,2018,2018-04-29,Tromso,Kristiansund,0,0,D,,,,,source_reported_FT,Tromso,Kristiansund
footballcsv/cache.footballdata,https://raw.githubusercontent.com/footballcsv/cache.footballdata/f43a2aa0c65fb061c87e9541e7a567dd58ff933a/2018/no.1.csv,f43a2aa0c65fb061c87e9541e7a567dd58ff933a,57,2026-09-04T07:11:40.897Z,Eliteserien,2018,2018-04-30,Stabaek,Lillestrom,3,2,H,,,,,source_reported_FT,Stabaek,Lillestrom
footballcsv/cache.footballdata,https://raw.githubusercontent.com/footballcsv/cache.footballdata/f43a2aa0c65fb061c87e9541e7a567dd58ff933a/2018/no.1.csv,f43a2aa0c65fb061c87e9541e7a567dd58ff933a,58,2026-09-04T07:11:40.897Z,Eliteserien,2018,2018-05-05,Rosenborg,Ranheim,1,1,D,,,,,source_reported_FT,Rosenborg,Ranheim
footballcsv/cache.footballdata,https://raw.githubusercontent.com/footballcsv/cache.footballdata/f43a2aa0c65fb061c87e9541e7a567dd58ff933a/2018/no.1.csv,f43a2aa0c65fb061c87e9541e7a567dd58ff933a,59,2026-09-04T07:11:40.897Z,Eliteserien,2018,2018-05-06,Bodo/Glimt,Stromsgodset,2,2,D,,,,,source_reported_FT,Bodo/Glimt,Stromsgodset
footballcsv/cache.footballdata,https://raw.githubusercontent.com/footballcsv/cache.footballdata/f43a2aa0c65fb061c87e9541e7a567dd58ff933a/2018/no.1.csv,f43a2aa0c65fb061c87e9541e7a567dd58ff933a,64,2026-09-04T07:11:40.897Z,Eliteserien,2018,2018-05-06,Brann,Tromso,3,0,H,,,,,source_reported_FT,Brann,Tromso
footballcsv/cache.footballdata,https://raw.githubusercontent.com/footballcsv/cache.footballdata/f43a2aa0c65fb061c87e9541e7a567dd58ff933a/2018/no.1.csv,f43a2aa0c65fb061c87e9541e7a567dd58ff933a,60,2026-09-04T07:11:40.897Z,Eliteserien,2018,2018-05-06,Kristiansund,Stabaek,1,0,H,,,,,source_reported_FT,Kristiansund,Stabaek
footballcsv/cache.footballdata,https://raw.githubusercontent.com/footballcsv/cache.footballdata/f43a2aa0c65fb061c87e9541e7a567dd58ff933a/2018/no.1.csv,f43a2aa0c65fb061c87e9541e7a567dd58ff933a,61,2026-09-04T07:11:40.897Z,Eliteserien,2018,2018-05-06,Lillestrom,Sandefjord,1,0,H,,,,,source_reported_FT,Lillestrom,Sandefjord
footballcsv/cache.footballdata,https://raw.githubusercontent.com/footballcsv/cache.footballdata/f43a2aa0c65fb061c87e9541e7a567dd58ff933a/2018/no.1.csv,f43a2aa0c65fb061c87e9541e7a567dd58ff933a,62,2026-09-04T07:11:40.897Z,Eliteserien,2018,2018-05-06,Odd,Start,3,0,H,,,,,source_reported_FT,Odd,Start
footballcsv/cache.footballdata,https://raw.githubusercontent.com/footballcsv/cache.footballdata/f43a2aa0c65fb061c87e9541e7a567dd58ff933a/2018/no.1.csv,f43a2aa0c65fb061c87e9541e7a567dd58ff933a,63,2026-09-04T07:11:40.897Z,Eliteserien,2018,2018-05-06,Valerenga,Haugesund,2,2,D,,,,,source_reported_FT,Valerenga,Haugesund
footballcsv/cache.footballdata,https://raw.githubusercontent.com/footballcsv/cache.footballdata/f43a2aa0c65fb061c87e9541e7a567dd58ff933a/2018/no.1.csv,f43a2aa0c65fb061c87e9541e7a567dd58ff933a,65,2026-09-04T07:11:40.897Z,Eliteserien,2018,2018-05-07,Sarpsborg 08,Molde,2,2,D,,,,,source_reported_FT,Sarpsborg 08,Molde
footballcsv/cache.footballdata,https://raw.githubusercontent.com/footballcsv/cache.footballdata/f43a2aa0c65fb061c87e9541e7a567dd58ff933a/2018/no.1.csv,f43a2aa0c65fb061c87e9541e7a567dd58ff933a,66,2026-09-04T07:11:40.897Z,Eliteserien,2018,2018-05-12,Sandefjord,Valerenga,0,1,A,,,,,source_reported_FT,Sandefjord,Valerenga
footballcsv/cache.footballdata,https://raw.githubusercontent.com/footballcsv/cache.footballdata/f43a2aa0c65fb061c87e9541e7a567dd58ff933a/2018/no.1.csv,f43a2aa0c65fb061c87e9541e7a567dd58ff933a,67,2026-09-04T07:11:40.897Z,Eliteserien,2018,2018-05-12,Start,Brann,0,1,A,,,,,source_reported_FT,Start,Brann
footballcsv/cache.footballdata,https://raw.githubusercontent.com/footballcsv/cache.footballdata/f43a2aa0c65fb061c87e9541e7a567dd58ff933a/2018/no.1.csv,f43a2aa0c65fb061c87e9541e7a567dd58ff933a,68,2026-09-04T07:11:40.897Z,Eliteserien,2018,2018-05-13,Haugesund,Kristiansund,3,2,H,,,,,source_reported_FT,Haugesund,Kristiansund
footballcsv/cache.footballdata,https://raw.githubusercontent.com/footballcsv/cache.footballdata/f43a2aa0c65fb061c87e9541e7a567dd58ff933a/2018/no.1.csv,f43a2aa0c65fb061c87e9541e7a567dd58ff933a,69,2026-09-04T07:11:40.897Z,Eliteserien,2018,2018-05-13,Molde,Bodo/Glimt,1,2,A,,,,,source_reported_FT,Molde,Bodo/Glimt
footballcsv/cache.footballdata,https://raw.githubusercontent.com/footballcsv/cache.footballdata/f43a2aa0c65fb061c87e9541e7a567dd58ff933a/2018/no.1.csv,f43a2aa0c65fb061c87e9541e7a567dd58ff933a,70,2026-09-04T07:11:40.897Z,Eliteserien,2018,2018-05-13,Ranheim,Odd,3,1,H,,,,,source_reported_FT,Ranheim,Odd
footballcsv/cache.footballdata,https://raw.githubusercontent.com/footballcsv/cache.footballdata/f43a2aa0c65fb061c87e9541e7a567dd58ff933a/2018/no.1.csv,f43a2aa0c65fb061c87e9541e7a567dd58ff933a,73,2026-09-04T07:11:40.897Z,Eliteserien,2018,2018-05-13,Stabaek,Rosenborg,0,1,A,,,,,source_reported_FT,Stabaek,Rosenborg
footballcsv/cache.footballdata,https://raw.githubusercontent.com/footballcsv/cache.footballdata/f43a2aa0c65fb061c87e9541e7a567dd58ff933a/2018/no.1.csv,f43a2aa0c65fb061c87e9541e7a567dd58ff933a,71,2026-09-04T07:11:40.897Z,Eliteserien,2018,2018-05-13,Stromsgodset,Sarpsborg 08,1,2,A,,,,,source_reported_FT,Stromsgodset,Sarpsborg 08
footballcsv/cache.footballdata,https://raw.githubusercontent.com/footballcsv/cache.footballdata/f43a2aa0c65fb061c87e9541e7a567dd58ff933a/2018/no.1.csv,f43a2aa0c65fb061c87e9541e7a567dd58ff933a,72,2026-09-04T07:11:40.897Z,Eliteserien,2018,2018-05-13,Tromso,Lillestrom,1,2,A,,,,,source_reported_FT,Tromso,Lillestrom
footballcsv/cache.footballdata,https://raw.githubusercontent.com/footballcsv/cache.footballdata/f43a2aa0c65fb061c87e9541e7a567dd58ff933a/2018/no.1.csv,f43a2aa0c65fb061c87e9541e7a567dd58ff933a,74,2026-09-04T07:11:40.897Z,Eliteserien,2018,2018-05-16,Bodo/Glimt,Tromso,0,1,A,,,,,source_reported_FT,Bodo/Glimt,Tromso
footballcsv/cache.footballdata,https://raw.githubusercontent.com/footballcsv/cache.footballdata/f43a2aa0c65fb061c87e9541e7a567dd58ff933a/2018/no.1.csv,f43a2aa0c65fb061c87e9541e7a567dd58ff933a,75,2026-09-04T07:11:40.897Z,Eliteserien,2018,2018-05-16,Brann,Haugesund,1,1,D,,,,,source_reported_FT,Brann,Haugesund
footballcsv/cache.footballdata,https://raw.githubusercontent.com/footballcsv/cache.footballdata/f43a2aa0c65fb061c87e9541e7a567dd58ff933a/2018/no.1.csv,f43a2aa0c65fb061c87e9541e7a567dd58ff933a,76,2026-09-04T07:11:40.897Z,Eliteserien,2018,2018-05-16,Kristiansund,Ranheim,1,3,A,,,,,source_reported_FT,Kristiansund,Ranheim
footballcsv/cache.footballdata,https://raw.githubusercontent.com/footballcsv/cache.footballdata/f43a2aa0c65fb061c87e9541e7a567dd58ff933a/2018/no.1.csv,f43a2aa0c65fb061c87e9541e7a567dd58ff933a,77,2026-09-04T07:11:40.897Z,Eliteserien,2018,2018-05-16,Molde,Stromsgodset,2,0,H,,,,,source_reported_FT,Molde,Stromsgodset
footballcsv/cache.footballdata,https://raw.githubusercontent.com/footballcsv/cache.footballdata/f43a2aa0c65fb061c87e9541e7a567dd58ff933a/2018/no.1.csv,f43a2aa0c65fb061c87e9541e7a567dd58ff933a,78,2026-09-04T07:11:40.897Z,Eliteserien,2018,2018-05-16,Odd,Sandefjord,5,0,H,,,,,source_reported_FT,Odd,Sandefjord
footballcsv/cache.footballdata,https://raw.githubusercontent.com/footballcsv/cache.footballdata/f43a2aa0c65fb061c87e9541e7a567dd58ff933a/2018/no.1.csv,f43a2aa0c65fb061c87e9541e7a567dd58ff933a,79,2026-09-04T07:11:40.897Z,Eliteserien,2018,2018-05-16,Rosenborg,Lillestrom,3,0,H,,,,,source_reported_FT,Rosenborg,Lillestrom
footballcsv/cache.footballdata,https://raw.githubusercontent.com/footballcsv/cache.footballdata/f43a2aa0c65fb061c87e9541e7a567dd58ff933a/2018/no.1.csv,f43a2aa0c65fb061c87e9541e7a567dd58ff933a,80,2026-09-04T07:11:40.897Z,Eliteserien,2018,2018-05-16,Sarpsborg 08,Start,4,0,H,,,,,source_reported_FT,Sarpsborg 08,Start
footballcsv/cache.footballdata,https://raw.githubusercontent.com/footballcsv/cache.footballdata/f43a2aa0c65fb061c87e9541e7a567dd58ff933a/2018/no.1.csv,f43a2aa0c65fb061c87e9541e7a567dd58ff933a,81,2026-09-04T07:11:40.897Z,Eliteserien,2018,2018-05-16,Valerenga,Stabaek,1,0,H,,,,,source_reported_FT,Valerenga,Stabaek
footballcsv/cache.footballdata,https://raw.githubusercontent.com/footballcsv/cache.footballdata/f43a2aa0c65fb061c87e9541e7a567dd58ff933a/2018/no.1.csv,f43a2aa0c65fb061c87e9541e7a567dd58ff933a,82,2026-09-04T07:11:40.897Z,Eliteserien,2018,2018-05-21,Haugesund,Rosenborg,1,2,A,,,,,source_reported_FT,Haugesund,Rosenborg
footballcsv/cache.footballdata,https://raw.githubusercontent.com/footballcsv/cache.footballdata/f43a2aa0c65fb061c87e9541e7a567dd58ff933a/2018/no.1.csv,f43a2aa0c65fb061c87e9541e7a567dd58ff933a,83,2026-09-04T07:11:40.897Z,Eliteserien,2018,2018-05-21,Kristiansund,Stromsgodset,4,0,H,,,,,source_reported_FT,Kristiansund,Stromsgodset
footballcsv/cache.footballdata,https://raw.githubusercontent.com/footballcsv/cache.footballdata/f43a2aa0c65fb061c87e9541e7a567dd58ff933a/2018/no.1.csv,f43a2aa0c65fb061c87e9541e7a567dd58ff933a,89,2026-09-04T07:11:40.897Z,Eliteserien,2018,2018-05-21,Lillestrom,Brann,1,1,D,,,,,source_reported_FT,Lillestrom,Brann
footballcsv/cache.footballdata,https://raw.githubusercontent.com/footballcsv/cache.footballdata/f43a2aa0c65fb061c87e9541e7a567dd58ff933a/2018/no.1.csv,f43a2aa0c65fb061c87e9541e7a567dd58ff933a,84,2026-09-04T07:11:40.897Z,Eliteserien,2018,2018-05-21,Ranheim,Molde,3,1,H,,,,,source_reported_FT,Ranheim,Molde
footballcsv/cache.footballdata,https://raw.githubusercontent.com/footballcsv/cache.footballdata/f43a2aa0c65fb061c87e9541e7a567dd58ff933a/2018/no.1.csv,f43a2aa0c65fb061c87e9541e7a567dd58ff933a,85,2026-09-04T07:11:40.897Z,Eliteserien,2018,2018-05-21,Sandefjord,Sarpsborg 08,0,1,A,,,,,source_reported_FT,Sandefjord,Sarpsborg 08
footballcsv/cache.footballdata,https://raw.githubusercontent.com/footballcsv/cache.footballdata/f43a2aa0c65fb061c87e9541e7a567dd58ff933a/2018/no.1.csv,f43a2aa0c65fb061c87e9541e7a567dd58ff933a,86,2026-09-04T07:11:40.897Z,Eliteserien,2018,2018-05-21,Stabaek,Odd,2,1,H,,,,,source_reported_FT,Stabaek,Odd
footballcsv/cache.footballdata,https://raw.githubusercontent.com/footballcsv/cache.footballdata/f43a2aa0c65fb061c87e9541e7a567dd58ff933a/2018/no.1.csv,f43a2aa0c65fb061c87e9541e7a567dd58ff933a,87,2026-09-04T07:11:40.897Z,Eliteserien,2018,2018-05-21,Start,Bodo/Glimt,1,0,H,,,,,source_reported_FT,Start,Bodo/Glimt
footballcsv/cache.footballdata,https://raw.githubusercontent.com/footballcsv/cache.footballdata/f43a2aa0c65fb061c87e9541e7a567dd58ff933a/2018/no.1.csv,f43a2aa0c65fb061c87e9541e7a567dd58ff933a,88,2026-09-04T07:11:40.897Z,Eliteserien,2018,2018-05-21,Tromso,Valerenga,3,0,H,,,,,source_reported_FT,Tromso,Valerenga
footballcsv/cache.footballdata,https://raw.githubusercontent.com/footballcsv/cache.footballdata/f43a2aa0c65fb061c87e9541e7a567dd58ff933a/2018/no.1.csv,f43a2aa0c65fb061c87e9541e7a567dd58ff933a,90,2026-09-04T07:11:40.897Z,Eliteserien,2018,2018-05-26,Valerenga,Lillestrom,1,0,H,,,,,source_reported_FT,Valerenga,Lillestrom
footballcsv/cache.footballdata,https://raw.githubusercontent.com/footballcsv/cache.footballdata/f43a2aa0c65fb061c87e9541e7a567dd58ff933a/2018/no.1.csv,f43a2aa0c65fb061c87e9541e7a567dd58ff933a,91,2026-09-04T07:11:40.897Z,Eliteserien,2018,2018-05-27,Bodo/Glimt,Ranheim,4,0,H,,,,,source_reported_FT,Bodo/Glimt,Ranheim
footballcsv/cache.footballdata,https://raw.githubusercontent.com/footballcsv/cache.footballdata/f43a2aa0c65fb061c87e9541e7a567dd58ff933a/2018/no.1.csv,f43a2aa0c65fb061c87e9541e7a567dd58ff933a,92,2026-09-04T07:11:40.897Z,Eliteserien,2018,2018-05-27,Haugesund,Tromso,1,0,H,,,,,source_reported_FT,Haugesund,Tromso
footballcsv/cache.footballdata,https://raw.githubusercontent.com/footballcsv/cache.footballdata/f43a2aa0c65fb061c87e9541e7a567dd58ff933a/2018/no.1.csv,f43a2aa0c65fb061c87e9541e7a567dd58ff933a,93,2026-09-04T07:11:40.897Z,Eliteserien,2018,2018-05-27,Molde,Start,3,1,H,,,,,source_reported_FT,Molde,Start
footballcsv/cache.footballdata,https://raw.githubusercontent.com/footballcsv/cache.footballdata/f43a2aa0c65fb061c87e9541e7a567dd58ff933a/2018/no.1.csv,f43a2aa0c65fb061c87e9541e7a567dd58ff933a,94,2026-09-04T07:11:40.897Z,Eliteserien,2018,2018-05-27,Odd,Kristiansund,1,2,A,,,,,source_reported_FT,Odd,Kristiansund
footballcsv/cache.footballdata,https://raw.githubusercontent.com/footballcsv/cache.footballdata/f43a2aa0c65fb061c87e9541e7a567dd58ff933a/2018/no.1.csv,f43a2aa0c65fb061c87e9541e7a567dd58ff933a,96,2026-09-04T07:11:40.897Z,Eliteserien,2018,2018-05-27,Rosenborg,Brann,1,2,A,,,,,source_reported_FT,Rosenborg,Brann
footballcsv/cache.footballdata,https://raw.githubusercontent.com/footballcsv/cache.footballdata/f43a2aa0c65fb061c87e9541e7a567dd58ff933a/2018/no.1.csv,f43a2aa0c65fb061c87e9541e7a567dd58ff933a,95,2026-09-04T07:11:40.897Z,Eliteserien,2018,2018-05-27,Stromsgodset,Sandefjord,2,0,H,,,,,source_reported_FT,Stromsgodset,Sandefjord
footballcsv/cache.footballdata,https://raw.githubusercontent.com/footballcsv/cache.footballdata/f43a2aa0c65fb061c87e9541e7a567dd58ff933a/2018/no.1.csv,f43a2aa0c65fb061c87e9541e7a567dd58ff933a,97,2026-09-04T07:11:40.897Z,Eliteserien,2018,2018-05-28,Sarpsborg 08,Stabaek,4,2,H,,,,,source_reported_FT,Sarpsborg 08,Stabaek
footballcsv/cache.footballdata,https://raw.githubusercontent.com/footballcsv/cache.footballdata/f43a2aa0c65fb061c87e9541e7a567dd58ff933a/2018/no.1.csv,f43a2aa0c65fb061c87e9541e7a567dd58ff933a,98,2026-09-04T07:11:40.897Z,Eliteserien,2018,2018-06-09,Kristiansund,Molde,1,0,H,,,,,source_reported_FT,Kristiansund,Molde
footballcsv/cache.footballdata,https://raw.githubusercontent.com/footballcsv/cache.footballdata/f43a2aa0c65fb061c87e9541e7a567dd58ff933a/2018/no.1.csv,f43a2aa0c65fb061c87e9541e7a567dd58ff933a,104,2026-09-04T07:11:40.897Z,Eliteserien,2018,2018-06-10,Brann,Valerenga,0,0,D,,,,,source_reported_FT,Brann,Valerenga
footballcsv/cache.footballdata,https://raw.githubusercontent.com/footballcsv/cache.footballdata/f43a2aa0c65fb061c87e9541e7a567dd58ff933a/2018/no.1.csv,f43a2aa0c65fb061c87e9541e7a567dd58ff933a,99,2026-09-04T07:11:40.897Z,Eliteserien,2018,2018-06-10,Lillestrom,Odd,0,0,D,,,,,source_reported_FT,Lillestrom,Odd
footballcsv/cache.footballdata,https://raw.githubusercontent.com/footballcsv/cache.footballdata/f43a2aa0c65fb061c87e9541e7a567dd58ff933a/2018/no.1.csv,f43a2aa0c65fb061c87e9541e7a567dd58ff933a,100,2026-09-04T07:11:40.897Z,Eliteserien,2018,2018-06-10,Ranheim,Sarpsborg 08,2,1,H,,,,,source_reported_FT,Ranheim,Sarpsborg 08
footballcsv/cache.footballdata,https://raw.githubusercontent.com/footballcsv/cache.footballdata/f43a2aa0c65fb061c87e9541e7a567dd58ff933a/2018/no.1.csv,f43a2aa0c65fb061c87e9541e7a567dd58ff933a,101,2026-09-04T07:11:40.897Z,Eliteserien,2018,2018-06-10,Sandefjord,Haugesund,0,2,A,,,,,source_reported_FT,Sandefjord,Haugesund
footballcsv/cache.footballdata,https://raw.githubusercontent.com/footballcsv/cache.footballdata/f43a2aa0c65fb061c87e9541e7a567dd58ff933a/2018/no.1.csv,f43a2aa0c65fb061c87e9541e7a567dd58ff933a,102,2026-09-04T07:11:40.897Z,Eliteserien,2018,2018-06-10,Stabaek,Bodo/Glimt,0,0,D,,,,,source_reported_FT,Stabaek,Bodo/Glimt
footballcsv/cache.footballdata,https://raw.githubusercontent.com/footballcsv/cache.footballdata/f43a2aa0c65fb061c87e9541e7a567dd58ff933a/2018/no.1.csv,f43a2aa0c65fb061c87e9541e7a567dd58ff933a,103,2026-09-04T07:11:40.897Z,Eliteserien,2018,2018-06-10,Start,Stromsgodset,1,1,D,,,,,source_reported_FT,Start,Stromsgodset
footballcsv/cache.footballdata,https://raw.githubusercontent.com/footballcsv/cache.footballdata/f43a2aa0c65fb061c87e9541e7a567dd58ff933a/2018/no.1.csv,f43a2aa0c65fb061c87e9541e7a567dd58ff933a,105,2026-09-04T07:11:40.897Z,Eliteserien,2018,2018-06-11,Tromso,Rosenborg,2,1,H,,,,,source_reported_FT,Tromso,Rosenborg
footballcsv/cache.footballdata,https://raw.githubusercontent.com/footballcsv/cache.footballdata/f43a2aa0c65fb061c87e9541e7a567dd58ff933a/2018/no.1.csv,f43a2aa0c65fb061c87e9541e7a567dd58ff933a,106,2026-09-04T07:11:40.897Z,Eliteserien,2018,2018-06-23,Molde,Stabaek,3,0,H,,,,,source_reported_FT,Molde,Stabaek
footballcsv/cache.footballdata,https://raw.githubusercontent.com/footballcsv/cache.footballdata/f43a2aa0c65fb061c87e9541e7a567dd58ff933a/2018/no.1.csv,f43a2aa0c65fb061c87e9541e7a567dd58ff933a,107,2026-09-04T07:11:40.897Z,Eliteserien,2018,2018-06-24,Bodo/Glimt,Sandefjord,1,1,D,,,,,source_reported_FT,Bodo/Glimt,Sandefjord
footballcsv/cache.footballdata,https://raw.githubusercontent.com/footballcsv/cache.footballdata/f43a2aa0c65fb061c87e9541e7a567dd58ff933a/2018/no.1.csv,f43a2aa0c65fb061c87e9541e7a567dd58ff933a,108,2026-09-04T07:11:40.897Z,Eliteserien,2018,2018-06-24,Haugesund,Lillestrom,2,2,D,,,,,source_reported_FT,Haugesund,Lillestrom
footballcsv/cache.footballdata,https://raw.githubusercontent.com/footballcsv/cache.footballdata/f43a2aa0c65fb061c87e9541e7a567dd58ff933a/2018/no.1.csv,f43a2aa0c65fb061c87e9541e7a567dd58ff933a,112,2026-09-04T07:11:40.897Z,Eliteserien,2018,2018-06-24,Rosenborg,Valerenga,3,0,H,,,,,source_reported_FT,Rosenborg,Valerenga
footballcsv/cache.footballdata,https://raw.githubusercontent.com/footballcsv/cache.footballdata/f43a2aa0c65fb061c87e9541e7a567dd58ff933a/2018/no.1.csv,f43a2aa0c65fb061c87e9541e7a567dd58ff933a,109,2026-09-04T07:11:40.897Z,Eliteserien,2018,2018-06-24,Sarpsborg 08,Tromso,2,3,A,,,,,source_reported_FT,Sarpsborg 08,Tromso
footballcsv/cache.footballdata,https://raw.githubusercontent.com/footballcsv/cache.footballdata/f43a2aa0c65fb061c87e9541e7a567dd58ff933a/2018/no.1.csv,f43a2aa0c65fb061c87e9541e7a567dd58ff933a,110,2026-09-04T07:11:40.897Z,Eliteserien,2018,2018-06-24,Start,Kristiansund,2,0,H,,,,,source_reported_FT,Start,Kristiansund
footballcsv/cache.footballdata,https://raw.githubusercontent.com/footballcsv/cache.footballdata/f43a2aa0c65fb061c87e9541e7a567dd58ff933a/2018/no.1.csv,f43a2aa0c65fb061c87e9541e7a567dd58ff933a,111,2026-09-04T07:11:40.897Z,Eliteserien,2018,2018-06-24,Stromsgodset,Ranheim,3,0,H,,,,,source_reported_FT,Stromsgodset,Ranheim
footballcsv/cache.footballdata,https://raw.githubusercontent.com/footballcsv/cache.footballdata/f43a2aa0c65fb061c87e9541e7a567dd58ff933a/2018/no.1.csv,f43a2aa0c65fb061c87e9541e7a567dd58ff933a,113,2026-09-04T07:11:40.897Z,Eliteserien,2018,2018-06-25,Odd,Brann,0,1,A,,,,,source_reported_FT,Odd,Brann
footballcsv/cache.footballdata,https://raw.githubusercontent.com/footballcsv/cache.footballdata/f43a2aa0c65fb061c87e9541e7a567dd58ff933a/2018/no.1.csv,f43a2aa0c65fb061c87e9541e7a567dd58ff933a,114,2026-09-04T07:11:40.897Z,Eliteserien,2018,2018-06-30,Valerenga,Bodo/Glimt,2,2,D,,,,,source_reported_FT,Valerenga,Bodo/Glimt
footballcsv/cache.footballdata,https://raw.githubusercontent.com/footballcsv/cache.footballdata/f43a2aa0c65fb061c87e9541e7a567dd58ff933a/2018/no.1.csv,f43a2aa0c65fb061c87e9541e7a567dd58ff933a,115,2026-09-04T07:11:40.897Z,Eliteserien,2018,2018-07-01,Brann,Molde,0,4,A,,,,,source_reported_FT,Brann,Molde
footballcsv/cache.footballdata,https://raw.githubusercontent.com/footballcsv/cache.footballdata/f43a2aa0c65fb061c87e9541e7a567dd58ff933a/2018/no.1.csv,f43a2aa0c65fb061c87e9541e7a567dd58ff933a,116,2026-09-04T07:11:40.897Z,Eliteserien,2018,2018-07-01,Kristiansund,Sarpsborg 08,1,1,D,,,,,source_reported_FT,Kristiansund,Sarpsborg 08
footballcsv/cache.footballdata,https://raw.githubusercontent.com/footballcsv/cache.footballdata/f43a2aa0c65fb061c87e9541e7a567dd58ff933a/2018/no.1.csv,f43a2aa0c65fb061c87e9541e7a567dd58ff933a,117,2026-09-04T07:11:40.897Z,Eliteserien,2018,2018-07-01,Ranheim,Start,2,0,H,,,,,source_reported_FT,Ranheim,Start
footballcsv/cache.footballdata,https://raw.githubusercontent.com/footballcsv/cache.footballdata/f43a2aa0c65fb061c87e9541e7a567dd58ff933a/2018/no.1.csv,f43a2aa0c65fb061c87e9541e7a567dd58ff933a,118,2026-09-04T07:11:40.897Z,Eliteserien,2018,2018-07-01,Sandefjord,Rosenborg,0,1,A,,,,,source_reported_FT,Sandefjord,Rosenborg
footballcsv/cache.footballdata,https://raw.githubusercontent.com/footballcsv/cache.footballdata/f43a2aa0c65fb061c87e9541e7a567dd58ff933a/2018/no.1.csv,f43a2aa0c65fb061c87e9541e7a567dd58ff933a,120,2026-09-04T07:11:40.897Z,Eliteserien,2018,2018-07-01,Stabaek,Haugesund,2,1,H,,,,,source_reported_FT,Stabaek,Haugesund
footballcsv/cache.footballdata,https://raw.githubusercontent.com/footballcsv/cache.footballdata/f43a2aa0c65fb061c87e9541e7a567dd58ff933a/2018/no.1.csv,f43a2aa0c65fb061c87e9541e7a567dd58ff933a,119,2026-09-04T07:11:40.897Z,Eliteserien,2018,2018-07-01,Tromso,Odd,2,1,H,,,,,source_reported_FT,Tromso,Odd
footballcsv/cache.footballdata,https://raw.githubusercontent.com/footballcsv/cache.footballdata/f43a2aa0c65fb061c87e9541e7a567dd58ff933a/2018/no.1.csv,f43a2aa0c65fb061c87e9541e7a567dd58ff933a,121,2026-09-04T07:11:40.897Z,Eliteserien,2018,2018-07-02,Lillestrom,Stromsgodset,1,1,D,,,,,source_reported_FT,Lillestrom,Stromsgodset
footballcsv/cache.footballdata,https://raw.githubusercontent.com/footballcsv/cache.footballdata/f43a2aa0c65fb061c87e9541e7a567dd58ff933a/2018/no.1.csv,f43a2aa0c65fb061c87e9541e7a567dd58ff933a,122,2026-09-04T07:11:40.897Z,Eliteserien,2018,2018-07-07,Rosenborg,Tromso,2,1,H,,,,,source_reported_FT,Rosenborg,Tromso
footballcsv/cache.footballdata,https://raw.githubusercontent.com/footballcsv/cache.footballdata/f43a2aa0c65fb061c87e9541e7a567dd58ff933a/2018/no.1.csv,f43a2aa0c65fb061c87e9541e7a567dd58ff933a,123,2026-09-04T07:11:40.897Z,Eliteserien,2018,2018-07-08,Bodo/Glimt,Brann,2,2,D,,,,,source_reported_FT,Bodo/Glimt,Brann
footballcsv/cache.footballdata,https://raw.githubusercontent.com/footballcsv/cache.footballdata/f43a2aa0c65fb061c87e9541e7a567dd58ff933a/2018/no.1.csv,f43a2aa0c65fb061c87e9541e7a567dd58ff933a,124,2026-09-04T07:11:40.897Z,Eliteserien,2018,2018-07-08,Haugesund,Sandefjord,4,2,H,,,,,source_reported_FT,Haugesund,Sandefjord
footballcsv/cache.footballdata,https://raw.githubusercontent.com/footballcsv/cache.footballdata/f43a2aa0c65fb061c87e9541e7a567dd58ff933a/2018/no.1.csv,f43a2aa0c65fb061c87e9541e7a567dd58ff933a,128,2026-09-04T07:11:40.897Z,Eliteserien,2018,2018-07-08,Molde,Valerenga,5,1,H,,,,,source_reported_FT,Molde,Valerenga
footballcsv/cache.footballdata,https://raw.githubusercontent.com/footballcsv/cache.footballdata/f43a2aa0c65fb061c87e9541e7a567dd58ff933a/2018/no.1.csv,f43a2aa0c65fb061c87e9541e7a567dd58ff933a,125,2026-09-04T07:11:40.897Z,Eliteserien,2018,2018-07-08,Odd,Lillestrom,3,1,H,,,,,source_reported_FT,Odd,Lillestrom
footballcsv/cache.footballdata,https://raw.githubusercontent.com/footballcsv/cache.footballdata/f43a2aa0c65fb061c87e9541e7a567dd58ff933a/2018/no.1.csv,f43a2aa0c65fb061c87e9541e7a567dd58ff933a,126,2026-09-04T07:11:40.897Z,Eliteserien,2018,2018-07-08,Sarpsborg 08,Ranheim,4,1,H,,,,,source_reported_FT,Sarpsborg 08,Ranheim
footballcsv/cache.footballdata,https://raw.githubusercontent.com/footballcsv/cache.footballdata/f43a2aa0c65fb061c87e9541e7a567dd58ff933a/2018/no.1.csv,f43a2aa0c65fb061c87e9541e7a567dd58ff933a,127,2026-09-04T07:11:40.897Z,Eliteserien,2018,2018-07-08,Start,Stabaek,2,1,H,,,,,source_reported_FT,Start,Stabaek
footballcsv/cache.footballdata,https://raw.githubusercontent.com/footballcsv/cache.footballdata/f43a2aa0c65fb061c87e9541e7a567dd58ff933a/2018/no.1.csv,f43a2aa0c65fb061c87e9541e7a567dd58ff933a,129,2026-09-04T07:11:40.897Z,Eliteserien,2018,2018-07-09,Stromsgodset,Kristiansund,2,3,A,,,,,source_reported_FT,Stromsgodset,Kristiansund
footballcsv/cache.footballdata,https://raw.githubusercontent.com/footballcsv/cache.footballdata/f43a2aa0c65fb061c87e9541e7a567dd58ff933a/2018/no.1.csv,f43a2aa0c65fb061c87e9541e7a567dd58ff933a,130,2026-09-04T07:11:40.897Z,Eliteserien,2018,2018-08-04,Ranheim,Rosenborg,1,3,A,,,,,source_reported_FT,Ranheim,Rosenborg
footballcsv/cache.footballdata,https://raw.githubusercontent.com/footballcsv/cache.footballdata/f43a2aa0c65fb061c87e9541e7a567dd58ff933a/2018/no.1.csv,f43a2aa0c65fb061c87e9541e7a567dd58ff933a,131,2026-09-04T07:11:40.897Z,Eliteserien,2018,2018-08-05,Kristiansund,Odd,1,1,D,,,,,source_reported_FT,Kristiansund,Odd
footballcsv/cache.footballdata,https://raw.githubusercontent.com/footballcsv/cache.footballdata/f43a2aa0c65fb061c87e9541e7a567dd58ff933a/2018/no.1.csv,f43a2aa0c65fb061c87e9541e7a567dd58ff933a,136,2026-09-04T07:11:40.897Z,Eliteserien,2018,2018-08-05,Lillestrom,Molde,2,2,D,,,,,source_reported_FT,Lillestrom,Molde
footballcsv/cache.footballdata,https://raw.githubusercontent.com/footballcsv/cache.footballdata/f43a2aa0c65fb061c87e9541e7a567dd58ff933a/2018/no.1.csv,f43a2aa0c65fb061c87e9541e7a567dd58ff933a,132,2026-09-04T07:11:40.897Z,Eliteserien,2018,2018-08-05,Stabaek,Sarpsborg 08,1,3,A,,,,,source_reported_FT,Stabaek,Sarpsborg 08
footballcsv/cache.footballdata,https://raw.githubusercontent.com/footballcsv/cache.footballdata/f43a2aa0c65fb061c87e9541e7a567dd58ff933a/2018/no.1.csv,f43a2aa0c65fb061c87e9541e7a567dd58ff933a,133,2026-09-04T07:11:40.897Z,Eliteserien,2018,2018-08-05,Stromsgodset,Bodo/Glimt,4,0,H,,,,,source_reported_FT,Stromsgodset,Bodo/Glimt
footballcsv/cache.footballdata,https://raw.githubusercontent.com/footballcsv/cache.footballdata/f43a2aa0c65fb061c87e9541e7a567dd58ff933a/2018/no.1.csv,f43a2aa0c65fb061c87e9541e7a567dd58ff933a,134,2026-09-04T07:11:40.897Z,Eliteserien,2018,2018-08-05,Tromso,Haugesund,1,2,A,,,,,source_reported_FT,Tromso,Haugesund
footballcsv/cache.footballdata,https://raw.githubusercontent.com/footballcsv/cache.footballdata/f43a2aa0c65fb061c87e9541e7a567dd58ff933a/2018/no.1.csv,f43a2aa0c65fb061c87e9541e7a567dd58ff933a,135,2026-09-04T07:11:40.897Z,Eliteserien,2018,2018-08-05,Valerenga,Sandefjord,2,2,D,,,,,source_reported_FT,Valerenga,Sandefjord
footballcsv/cache.footballdata,https://raw.githubusercontent.com/footballcsv/cache.footballdata/f43a2aa0c65fb061c87e9541e7a567dd58ff933a/2018/no.1.csv,f43a2aa0c65fb061c87e9541e7a567dd58ff933a,137,2026-09-04T07:11:40.897Z,Eliteserien,2018,2018-08-06,Brann,Start,4,1,H,,,,,source_reported_FT,Brann,Start
footballcsv/cache.footballdata,https://raw.githubusercontent.com/footballcsv/cache.footballdata/f43a2aa0c65fb061c87e9541e7a567dd58ff933a/2018/no.1.csv,f43a2aa0c65fb061c87e9541e7a567dd58ff933a,138,2026-09-04T07:11:40.897Z,Eliteserien,2018,2018-08-10,Sandefjord,Tromso,1,0,H,,,,,source_reported_FT,Sandefjord,Tromso
footballcsv/cache.footballdata,https://raw.githubusercontent.com/footballcsv/cache.footballdata/f43a2aa0c65fb061c87e9541e7a567dd58ff933a/2018/no.1.csv,f43a2aa0c65fb061c87e9541e7a567dd58ff933a,139,2026-09-04T07:11:40.897Z,Eliteserien,2018,2018-08-12,Bodo/Glimt,Kristiansund,3,0,H,,,,,source_reported_FT,Bodo/Glimt,Kristiansund
footballcsv/cache.footballdata,https://raw.githubusercontent.com/footballcsv/cache.footballdata/f43a2aa0c65fb061c87e9541e7a567dd58ff933a/2018/no.1.csv,f43a2aa0c65fb061c87e9541e7a567dd58ff933a,140,2026-09-04T07:11:40.897Z,Eliteserien,2018,2018-08-12,Molde,Brann,5,1,H,,,,,source_reported_FT,Molde,Brann
footballcsv/cache.footballdata,https://raw.githubusercontent.com/footballcsv/cache.footballdata/f43a2aa0c65fb061c87e9541e7a567dd58ff933a/2018/no.1.csv,f43a2aa0c65fb061c87e9541e7a567dd58ff933a,144,2026-09-04T07:11:40.897Z,Eliteserien,2018,2018-08-12,Odd,Stromsgodset,2,2,D,,,,,source_reported_FT,Odd,Stromsgodset
footballcsv/cache.footballdata,https://raw.githubusercontent.com/footballcsv/cache.footballdata/f43a2aa0c65fb061c87e9541e7a567dd58ff933a/2018/no.1.csv,f43a2aa0c65fb061c87e9541e7a567dd58ff933a,141,2026-09-04T07:11:40.897Z,Eliteserien,2018,2018-08-12,Rosenborg,Stabaek,1,1,D,,,,,source_reported_FT,Rosenborg,Stabaek
footballcsv/cache.footballdata,https://raw.githubusercontent.com/footballcsv/cache.footballdata/f43a2aa0c65fb061c87e9541e7a567dd58ff933a/2018/no.1.csv,f43a2aa0c65fb061c87e9541e7a567dd58ff933a,142,2026-09-04T07:11:40.897Z,Eliteserien,2018,2018-08-12,Sarpsborg 08,Lillestrom,2,0,H,,,,,source_reported_FT,Sarpsborg 08,Lillestrom
footballcsv/cache.footballdata,https://raw.githubusercontent.com/footballcsv/cache.footballdata/f43a2aa0c65fb061c87e9541e7a567dd58ff933a/2018/no.1.csv,f43a2aa0c65fb061c87e9541e7a567dd58ff933a,143,2026-09-04T07:11:40.897Z,Eliteserien,2018,2018-08-12,Start,Ranheim,0,0,D,,,,,source_reported_FT,Start,Ranheim
footballcsv/cache.footballdata,https://raw.githubusercontent.com/footballcsv/cache.footballdata/f43a2aa0c65fb061c87e9541e7a567dd58ff933a/2018/no.1.csv,f43a2aa0c65fb061c87e9541e7a567dd58ff933a,145,2026-09-04T07:11:40.897Z,Eliteserien,2018,2018-08-13,Haugesund,Valerenga,1,0,H,,,,,source_reported_FT,Haugesund,Valerenga
footballcsv/cache.footballdata,https://raw.githubusercontent.com/footballcsv/cache.footballdata/f43a2aa0c65fb061c87e9541e7a567dd58ff933a/2018/no.1.csv,f43a2aa0c65fb061c87e9541e7a567dd58ff933a,146,2026-09-04T07:11:40.897Z,Eliteserien,2018,2018-08-19,Brann,Sarpsborg 08,2,0,H,,,,,source_reported_FT,Brann,Sarpsborg 08
footballcsv/cache.footballdata,https://raw.githubusercontent.com/footballcsv/cache.footballdata/f43a2aa0c65fb061c87e9541e7a567dd58ff933a/2018/no.1.csv,f43a2aa0c65fb061c87e9541e7a567dd58ff933a,147,2026-09-04T07:11:40.897Z,Eliteserien,2018,2018-08-19,Kristiansund,Rosenborg,0,2,A,,,,,source_reported_FT,Kristiansund,Rosenborg
footballcsv/cache.footballdata,https://raw.githubusercontent.com/footballcsv/cache.footballdata/f43a2aa0c65fb061c87e9541e7a567dd58ff933a/2018/no.1.csv,f43a2aa0c65fb061c87e9541e7a567dd58ff933a,148,2026-09-04T07:11:40.897Z,Eliteserien,2018,2018-08-19,Lillestrom,Haugesund,1,1,D,,,,,source_reported_FT,Lillestrom,Haugesund
footballcsv/cache.footballdata,https://raw.githubusercontent.com/footballcsv/cache.footballdata/f43a2aa0c65fb061c87e9541e7a567dd58ff933a/2018/no.1.csv,f43a2aa0c65fb061c87e9541e7a567dd58ff933a,149,2026-09-04T07:11:40.897Z,Eliteserien,2018,2018-08-19,Ranheim,Sandefjord,1,1,D,,,,,source_reported_FT,Ranheim,Sandefjord
footballcsv/cache.footballdata,https://raw.githubusercontent.com/footballcsv/cache.footballdata/f43a2aa0c65fb061c87e9541e7a567dd58ff933a/2018/no.1.csv,f43a2aa0c65fb061c87e9541e7a567dd58ff933a,150,2026-09-04T07:11:40.897Z,Eliteserien,2018,2018-08-19,Stabaek,Molde,3,1,H,,,,,source_reported_FT,Stabaek,Molde
footballcsv/cache.footballdata,https://raw.githubusercontent.com/footballcsv/cache.footballdata/f43a2aa0c65fb061c87e9541e7a567dd58ff933a/2018/no.1.csv,f43a2aa0c65fb061c87e9541e7a567dd58ff933a,151,2026-09-04T07:11:40.897Z,Eliteserien,2018,2018-08-19,Stromsgodset,Start,1,1,D,,,,,source_reported_FT,Stromsgodset,Start
footballcsv/cache.footballdata,https://raw.githubusercontent.com/footballcsv/cache.footballdata/f43a2aa0c65fb061c87e9541e7a567dd58ff933a/2018/no.1.csv,f43a2aa0c65fb061c87e9541e7a567dd58ff933a,152,2026-09-04T07:11:40.897Z,Eliteserien,2018,2018-08-19,Valerenga,Tromso,3,0,H,,,,,source_reported_FT,Valerenga,Tromso
footballcsv/cache.footballdata,https://raw.githubusercontent.com/footballcsv/cache.footballdata/f43a2aa0c65fb061c87e9541e7a567dd58ff933a/2018/no.1.csv,f43a2aa0c65fb061c87e9541e7a567dd58ff933a,153,2026-09-04T07:11:40.897Z,Eliteserien,2018,2018-08-20,Bodo/Glimt,Odd,1,1,D,,,,,source_reported_FT,Bodo/Glimt,Odd
footballcsv/cache.footballdata,https://raw.githubusercontent.com/footballcsv/cache.footballdata/f43a2aa0c65fb061c87e9541e7a567dd58ff933a/2018/no.1.csv,f43a2aa0c65fb061c87e9541e7a567dd58ff933a,154,2026-09-04T07:11:40.897Z,Eliteserien,2018,2018-08-25,Tromso,Bodo/Glimt,1,2,A,,,,,source_reported_FT,Tromso,Bodo/Glimt
footballcsv/cache.footballdata,https://raw.githubusercontent.com/footballcsv/cache.footballdata/f43a2aa0c65fb061c87e9541e7a567dd58ff933a/2018/no.1.csv,f43a2aa0c65fb061c87e9541e7a567dd58ff933a,155,2026-09-04T07:11:40.897Z,Eliteserien,2018,2018-08-26,Haugesund,Stabaek,2,0,H,,,,,source_reported_FT,Haugesund,Stabaek
footballcsv/cache.footballdata,https://raw.githubusercontent.com/footballcsv/cache.footballdata/f43a2aa0c65fb061c87e9541e7a567dd58ff933a/2018/no.1.csv,f43a2aa0c65fb061c87e9541e7a567dd58ff933a,156,2026-09-04T07:11:40.897Z,Eliteserien,2018,2018-08-26,Molde,Ranheim,2,3,A,,,,,source_reported_FT,Molde,Ranheim
footballcsv/cache.footballdata,https://raw.githubusercontent.com/footballcsv/cache.footballdata/f43a2aa0c65fb061c87e9541e7a567dd58ff933a/2018/no.1.csv,f43a2aa0c65fb061c87e9541e7a567dd58ff933a,157,2026-09-04T07:11:40.897Z,Eliteserien,2018,2018-08-26,Rosenborg,Stromsgodset,4,3,H,,,,,source_reported_FT,Rosenborg,Stromsgodset
footballcsv/cache.footballdata,https://raw.githubusercontent.com/footballcsv/cache.footballdata/f43a2aa0c65fb061c87e9541e7a567dd58ff933a/2018/no.1.csv,f43a2aa0c65fb061c87e9541e7a567dd58ff933a,158,2026-09-04T07:11:40.897Z,Eliteserien,2018,2018-08-26,Sandefjord,Lillestrom,1,3,A,,,,,source_reported_FT,Sandefjord,Lillestrom
footballcsv/cache.footballdata,https://raw.githubusercontent.com/footballcsv/cache.footballdata/f43a2aa0c65fb061c87e9541e7a567dd58ff933a/2018/no.1.csv,f43a2aa0c65fb061c87e9541e7a567dd58ff933a,159,2026-09-04T07:11:40.897Z,Eliteserien,2018,2018-08-26,Sarpsborg 08,Kristiansund,1,2,A,,,,,source_reported_FT,Sarpsborg 08,Kristiansund
footballcsv/cache.footballdata,https://raw.githubusercontent.com/footballcsv/cache.footballdata/f43a2aa0c65fb061c87e9541e7a567dd58ff933a/2018/no.1.csv,f43a2aa0c65fb061c87e9541e7a567dd58ff933a,160,2026-09-04T07:11:40.897Z,Eliteserien,2018,2018-08-26,Valerenga,Brann,2,0,H,,,,,source_reported_FT,Valerenga,Brann
footballcsv/cache.footballdata,https://raw.githubusercontent.com/footballcsv/cache.footballdata/f43a2aa0c65fb061c87e9541e7a567dd58ff933a/2018/no.1.csv,f43a2aa0c65fb061c87e9541e7a567dd58ff933a,161,2026-09-04T07:11:40.897Z,Eliteserien,2018,2018-08-27,Start,Odd,0,1,A,,,,,source_reported_FT,Start,Odd
footballcsv/cache.footballdata,https://raw.githubusercontent.com/footballcsv/cache.footballdata/f43a2aa0c65fb061c87e9541e7a567dd58ff933a/2018/no.1.csv,f43a2aa0c65fb061c87e9541e7a567dd58ff933a,163,2026-09-04T07:11:40.897Z,Eliteserien,2018,2018-09-01,Stabaek,Sandefjord,3,3,D,,,,,source_reported_FT,Stabaek,Sandefjord
footballcsv/cache.footballdata,https://raw.githubusercontent.com/footballcsv/cache.footballdata/f43a2aa0c65fb061c87e9541e7a567dd58ff933a/2018/no.1.csv,f43a2aa0c65fb061c87e9541e7a567dd58ff933a,162,2026-09-04T07:11:40.897Z,Eliteserien,2018,2018-09-01,Stromsgodset,Tromso,2,4,A,,,,,source_reported_FT,Stromsgodset,Tromso
footballcsv/cache.footballdata,https://raw.githubusercontent.com/footballcsv/cache.footballdata/f43a2aa0c65fb061c87e9541e7a567dd58ff933a/2018/no.1.csv,f43a2aa0c65fb061c87e9541e7a567dd58ff933a,164,2026-09-04T07:11:40.897Z,Eliteserien,2018,2018-09-02,Bodo/Glimt,Sarpsborg 08,3,1,H,,,,,source_reported_FT,Bodo/Glimt,Sarpsborg 08
footballcsv/cache.footballdata,https://raw.githubusercontent.com/footballcsv/cache.footballdata/f43a2aa0c65fb061c87e9541e7a567dd58ff933a/2018/no.1.csv,f43a2aa0c65fb061c87e9541e7a567dd58ff933a,165,2026-09-04T07:11:40.897Z,Eliteserien,2018,2018-09-02,Brann,Ranheim,1,0,H,,,,,source_reported_FT,Brann,Ranheim
footballcsv/cache.footballdata,https://raw.githubusercontent.com/footballcsv/cache.footballdata/f43a2aa0c65fb061c87e9541e7a567dd58ff933a/2018/no.1.csv,f43a2aa0c65fb061c87e9541e7a567dd58ff933a,166,2026-09-04T07:11:40.897Z,Eliteserien,2018,2018-09-02,Kristiansund,Start,1,1,D,,,,,source_reported_FT,Kristiansund,Start
footballcsv/cache.footballdata,https://raw.githubusercontent.com/footballcsv/cache.footballdata/f43a2aa0c65fb061c87e9541e7a567dd58ff933a/2018/no.1.csv,f43a2aa0c65fb061c87e9541e7a567dd58ff933a,169,2026-09-04T07:11:40.897Z,Eliteserien,2018,2018-09-02,Lillestrom,Valerenga,0,1,A,,,,,source_reported_FT,Lillestrom,Valerenga
footballcsv/cache.footballdata,https://raw.githubusercontent.com/footballcsv/cache.footballdata/f43a2aa0c65fb061c87e9541e7a567dd58ff933a/2018/no.1.csv,f43a2aa0c65fb061c87e9541e7a567dd58ff933a,167,2026-09-04T07:11:40.897Z,Eliteserien,2018,2018-09-02,Odd,Molde,1,1,D,,,,,source_reported_FT,Odd,Molde
footballcsv/cache.footballdata,https://raw.githubusercontent.com/footballcsv/cache.footballdata/f43a2aa0c65fb061c87e9541e7a567dd58ff933a/2018/no.1.csv,f43a2aa0c65fb061c87e9541e7a567dd58ff933a,168,2026-09-04T07:11:40.897Z,Eliteserien,2018,2018-09-02,Rosenborg,Haugesund,1,0,H,,,,,source_reported_FT,Rosenborg,Haugesund
footballcsv/cache.footballdata,https://raw.githubusercontent.com/footballcsv/cache.footballdata/f43a2aa0c65fb061c87e9541e7a567dd58ff933a/2018/no.1.csv,f43a2aa0c65fb061c87e9541e7a567dd58ff933a,170,2026-09-04T07:11:40.897Z,Eliteserien,2018,2018-09-15,Haugesund,Brann,1,3,A,,,,,source_reported_FT,Haugesund,Brann
footballcsv/cache.footballdata,https://raw.githubusercontent.com/footballcsv/cache.footballdata/f43a2aa0c65fb061c87e9541e7a567dd58ff933a/2018/no.1.csv,f43a2aa0c65fb061c87e9541e7a567dd58ff933a,171,2026-09-04T07:11:40.897Z,Eliteserien,2018,2018-09-16,Ranheim,Stromsgodset,1,1,D,,,,,source_reported_FT,Ranheim,Stromsgodset
footballcsv/cache.footballdata,https://raw.githubusercontent.com/footballcsv/cache.footballdata/f43a2aa0c65fb061c87e9541e7a567dd58ff933a/2018/no.1.csv,f43a2aa0c65fb061c87e9541e7a567dd58ff933a,172,2026-09-04T07:11:40.897Z,Eliteserien,2018,2018-09-16,Sandefjord,Bodo/Glimt,1,1,D,,,,,source_reported_FT,Sandefjord,Bodo/Glimt
footballcsv/cache.footballdata,https://raw.githubusercontent.com/footballcsv/cache.footballdata/f43a2aa0c65fb061c87e9541e7a567dd58ff933a/2018/no.1.csv,f43a2aa0c65fb061c87e9541e7a567dd58ff933a,173,2026-09-04T07:11:40.897Z,Eliteserien,2018,2018-09-16,Sarpsborg 08,Odd,1,2,A,,,,,source_reported_FT,Sarpsborg 08,Odd
footballcsv/cache.footballdata,https://raw.githubusercontent.com/footballcsv/cache.footballdata/f43a2aa0c65fb061c87e9541e7a567dd58ff933a/2018/no.1.csv,f43a2aa0c65fb061c87e9541e7a567dd58ff933a,174,2026-09-04T07:11:40.897Z,Eliteserien,2018,2018-09-16,Start,Lillestrom,3,0,H,,,,,source_reported_FT,Start,Lillestrom
footballcsv/cache.footballdata,https://raw.githubusercontent.com/footballcsv/cache.footballdata/f43a2aa0c65fb061c87e9541e7a567dd58ff933a/2018/no.1.csv,f43a2aa0c65fb061c87e9541e7a567dd58ff933a,175,2026-09-04T07:11:40.897Z,Eliteserien,2018,2018-09-16,Tromso,Stabaek,0,0,D,,,,,source_reported_FT,Tromso,Stabaek
footballcsv/cache.footballdata,https://raw.githubusercontent.com/footballcsv/cache.footballdata/f43a2aa0c65fb061c87e9541e7a567dd58ff933a/2018/no.1.csv,f43a2aa0c65fb061c87e9541e7a567dd58ff933a,176,2026-09-04T07:11:40.897Z,Eliteserien,2018,2018-09-16,Valerenga,Rosenborg,2,3,A,,,,,source_reported_FT,Valerenga,Rosenborg
footballcsv/cache.footballdata,https://raw.githubusercontent.com/footballcsv/cache.footballdata/f43a2aa0c65fb061c87e9541e7a567dd58ff933a/2018/no.1.csv,f43a2aa0c65fb061c87e9541e7a567dd58ff933a,177,2026-09-04T07:11:40.897Z,Eliteserien,2018,2018-09-17,Molde,Kristiansund,3,2,H,,,,,source_reported_FT,Molde,Kristiansund
footballcsv/cache.footballdata,https://raw.githubusercontent.com/footballcsv/cache.footballdata/f43a2aa0c65fb061c87e9541e7a567dd58ff933a/2018/no.1.csv,f43a2aa0c65fb061c87e9541e7a567dd58ff933a,178,2026-09-04T07:11:40.897Z,Eliteserien,2018,2018-09-22,Odd,Valerenga,3,2,H,,,,,source_reported_FT,Odd,Valerenga
footballcsv/cache.footballdata,https://raw.githubusercontent.com/footballcsv/cache.footballdata/f43a2aa0c65fb061c87e9541e7a567dd58ff933a/2018/no.1.csv,f43a2aa0c65fb061c87e9541e7a567dd58ff933a,179,2026-09-04T07:11:40.897Z,Eliteserien,2018,2018-09-23,Bodo/Glimt,Start,1,2,A,,,,,source_reported_FT,Bodo/Glimt,Start
footballcsv/cache.footballdata,https://raw.githubusercontent.com/footballcsv/cache.footballdata/f43a2aa0c65fb061c87e9541e7a567dd58ff933a/2018/no.1.csv,f43a2aa0c65fb061c87e9541e7a567dd58ff933a,180,2026-09-04T07:11:40.897Z,Eliteserien,2018,2018-09-23,Brann,Sandefjord,1,1,D,,,,,source_reported_FT,Brann,Sandefjord
footballcsv/cache.footballdata,https://raw.githubusercontent.com/footballcsv/cache.footballdata/f43a2aa0c65fb061c87e9541e7a567dd58ff933a/2018/no.1.csv,f43a2aa0c65fb061c87e9541e7a567dd58ff933a,181,2026-09-04T07:11:40.897Z,Eliteserien,2018,2018-09-23,Kristiansund,Haugesund,2,1,H,,,,,source_reported_FT,Kristiansund,Haugesund
footballcsv/cache.footballdata,https://raw.githubusercontent.com/footballcsv/cache.footballdata/f43a2aa0c65fb061c87e9541e7a567dd58ff933a/2018/no.1.csv,f43a2aa0c65fb061c87e9541e7a567dd58ff933a,184,2026-09-04T07:11:40.897Z,Eliteserien,2018,2018-09-23,Rosenborg,Sarpsborg 08,3,1,H,,,,,source_reported_FT,Rosenborg,Sarpsborg 08
footballcsv/cache.footballdata,https://raw.githubusercontent.com/footballcsv/cache.footballdata/f43a2aa0c65fb061c87e9541e7a567dd58ff933a/2018/no.1.csv,f43a2aa0c65fb061c87e9541e7a567dd58ff933a,182,2026-09-04T07:11:40.897Z,Eliteserien,2018,2018-09-23,Stabaek,Ranheim,3,2,H,,,,,source_reported_FT,Stabaek,Ranheim
footballcsv/cache.footballdata,https://raw.githubusercontent.com/footballcsv/cache.footballdata/f43a2aa0c65fb061c87e9541e7a567dd58ff933a/2018/no.1.csv,f43a2aa0c65fb061c87e9541e7a567dd58ff933a,183,2026-09-04T07:11:40.897Z,Eliteserien,2018,2018-09-23,Stromsgodset,Molde,1,2,A,,,,,source_reported_FT,Stromsgodset,Molde
footballcsv/cache.footballdata,https://raw.githubusercontent.com/footballcsv/cache.footballdata/f43a2aa0c65fb061c87e9541e7a567dd58ff933a/2018/no.1.csv,f43a2aa0c65fb061c87e9541e7a567dd58ff933a,185,2026-09-04T07:11:40.897Z,Eliteserien,2018,2018-09-24,Lillestrom,Tromso,1,0,H,,,,,source_reported_FT,Lillestrom,Tromso
footballcsv/cache.footballdata,https://raw.githubusercontent.com/footballcsv/cache.footballdata/f43a2aa0c65fb061c87e9541e7a567dd58ff933a/2018/no.1.csv,f43a2aa0c65fb061c87e9541e7a567dd58ff933a,186,2026-09-04T07:11:40.897Z,Eliteserien,2018,2018-09-29,Sandefjord,Odd,1,1,D,,,,,source_reported_FT,Sandefjord,Odd
footballcsv/cache.footballdata,https://raw.githubusercontent.com/footballcsv/cache.footballdata/f43a2aa0c65fb061c87e9541e7a567dd58ff933a/2018/no.1.csv,f43a2aa0c65fb061c87e9541e7a567dd58ff933a,187,2026-09-04T07:11:40.897Z,Eliteserien,2018,2018-09-30,Haugesund,Bodo/Glimt,1,0,H,,,,,source_reported_FT,Haugesund,Bodo/Glimt
footballcsv/cache.footballdata,https://raw.githubusercontent.com/footballcsv/cache.footballdata/f43a2aa0c65fb061c87e9541e7a567dd58ff933a/2018/no.1.csv,f43a2aa0c65fb061c87e9541e7a567dd58ff933a,188,2026-09-04T07:11:40.897Z,Eliteserien,2018,2018-09-30,Lillestrom,Stabaek,3,2,H,,,,,source_reported_FT,Lillestrom,Stabaek
footballcsv/cache.footballdata,https://raw.githubusercontent.com/footballcsv/cache.footballdata/f43a2aa0c65fb061c87e9541e7a567dd58ff933a/2018/no.1.csv,f43a2aa0c65fb061c87e9541e7a567dd58ff933a,192,2026-09-04T07:11:40.897Z,Eliteserien,2018,2018-09-30,Molde,Rosenborg,1,0,H,,,,,source_reported_FT,Molde,Rosenborg
footballcsv/cache.footballdata,https://raw.githubusercontent.com/footballcsv/cache.footballdata/f43a2aa0c65fb061c87e9541e7a567dd58ff933a/2018/no.1.csv,f43a2aa0c65fb061c87e9541e7a567dd58ff933a,189,2026-09-04T07:11:40.897Z,Eliteserien,2018,2018-09-30,Ranheim,Kristiansund,2,1,H,,,,,source_reported_FT,Ranheim,Kristiansund
footballcsv/cache.footballdata,https://raw.githubusercontent.com/footballcsv/cache.footballdata/f43a2aa0c65fb061c87e9541e7a567dd58ff933a/2018/no.1.csv,f43a2aa0c65fb061c87e9541e7a567dd58ff933a,190,2026-09-04T07:11:40.897Z,Eliteserien,2018,2018-09-30,Sarpsborg 08,Stromsgodset,0,1,A,,,,,source_reported_FT,Sarpsborg 08,Stromsgodset
footballcsv/cache.footballdata,https://raw.githubusercontent.com/footballcsv/cache.footballdata/f43a2aa0c65fb061c87e9541e7a567dd58ff933a/2018/no.1.csv,f43a2aa0c65fb061c87e9541e7a567dd58ff933a,191,2026-09-04T07:11:40.897Z,Eliteserien,2018,2018-09-30,Valerenga,Start,3,2,H,,,,,source_reported_FT,Valerenga,Start
footballcsv/cache.footballdata,https://raw.githubusercontent.com/footballcsv/cache.footballdata/f43a2aa0c65fb061c87e9541e7a567dd58ff933a/2018/no.1.csv,f43a2aa0c65fb061c87e9541e7a567dd58ff933a,193,2026-09-04T07:11:40.897Z,Eliteserien,2018,2018-10-01,Tromso,Brann,2,1,H,,,,,source_reported_FT,Tromso,Brann
footballcsv/cache.footballdata,https://raw.githubusercontent.com/footballcsv/cache.footballdata/f43a2aa0c65fb061c87e9541e7a567dd58ff933a/2018/no.1.csv,f43a2aa0c65fb061c87e9541e7a567dd58ff933a,194,2026-09-04T07:11:40.897Z,Eliteserien,2018,2018-10-06,Stabaek,Valerenga,1,1,D,,,,,source_reported_FT,Stabaek,Valerenga
footballcsv/cache.footballdata,https://raw.githubusercontent.com/footballcsv/cache.footballdata/f43a2aa0c65fb061c87e9541e7a567dd58ff933a/2018/no.1.csv,f43a2aa0c65fb061c87e9541e7a567dd58ff933a,195,2026-09-04T07:11:40.897Z,Eliteserien,2018,2018-10-06,Stromsgodset,Haugesund,0,1,A,,,,,source_reported_FT,Stromsgodset,Haugesund
footballcsv/cache.footballdata,https://raw.githubusercontent.com/footballcsv/cache.footballdata/f43a2aa0c65fb061c87e9541e7a567dd58ff933a/2018/no.1.csv,f43a2aa0c65fb061c87e9541e7a567dd58ff933a,196,2026-09-04T07:11:40.897Z,Eliteserien,2018,2018-10-07,Bodo/Glimt,Molde,0,1,A,,,,,source_reported_FT,Bodo/Glimt,Molde
footballcsv/cache.footballdata,https://raw.githubusercontent.com/footballcsv/cache.footballdata/f43a2aa0c65fb061c87e9541e7a567dd58ff933a/2018/no.1.csv,f43a2aa0c65fb061c87e9541e7a567dd58ff933a,201,2026-09-04T07:11:40.897Z,Eliteserien,2018,2018-10-07,Brann,Lillestrom,1,1,D,,,,,source_reported_FT,Brann,Lillestrom
footballcsv/cache.footballdata,https://raw.githubusercontent.com/footballcsv/cache.footballdata/f43a2aa0c65fb061c87e9541e7a567dd58ff933a/2018/no.1.csv,f43a2aa0c65fb061c87e9541e7a567dd58ff933a,197,2026-09-04T07:11:40.897Z,Eliteserien,2018,2018-10-07,Kristiansund,Tromso,5,1,H,,,,,source_reported_FT,Kristiansund,Tromso
footballcsv/cache.footballdata,https://raw.githubusercontent.com/footballcsv/cache.footballdata/f43a2aa0c65fb061c87e9541e7a567dd58ff933a/2018/no.1.csv,f43a2aa0c65fb061c87e9541e7a567dd58ff933a,198,2026-09-04T07:11:40.897Z,Eliteserien,2018,2018-10-07,Odd,Ranheim,2,0,H,,,,,source_reported_FT,Odd,Ranheim
footballcsv/cache.footballdata,https://raw.githubusercontent.com/footballcsv/cache.footballdata/f43a2aa0c65fb061c87e9541e7a567dd58ff933a/2018/no.1.csv,f43a2aa0c65fb061c87e9541e7a567dd58ff933a,199,2026-09-04T07:11:40.897Z,Eliteserien,2018,2018-10-07,Rosenborg,Sandefjord,1,1,D,,,,,source_reported_FT,Rosenborg,Sandefjord
footballcsv/cache.footballdata,https://raw.githubusercontent.com/footballcsv/cache.footballdata/f43a2aa0c65fb061c87e9541e7a567dd58ff933a/2018/no.1.csv,f43a2aa0c65fb061c87e9541e7a567dd58ff933a,200,2026-09-04T07:11:40.897Z,Eliteserien,2018,2018-10-07,Start,Sarpsborg 08,1,0,H,,,,,source_reported_FT,Start,Sarpsborg 08
footballcsv/cache.footballdata,https://raw.githubusercontent.com/footballcsv/cache.footballdata/f43a2aa0c65fb061c87e9541e7a567dd58ff933a/2018/no.1.csv,f43a2aa0c65fb061c87e9541e7a567dd58ff933a,202,2026-09-04T07:11:40.897Z,Eliteserien,2018,2018-10-20,Molde,Sarpsborg 08,2,2,D,,,,,source_reported_FT,Molde,Sarpsborg 08
footballcsv/cache.footballdata,https://raw.githubusercontent.com/footballcsv/cache.footballdata/f43a2aa0c65fb061c87e9541e7a567dd58ff933a/2018/no.1.csv,f43a2aa0c65fb061c87e9541e7a567dd58ff933a,203,2026-09-04T07:11:40.897Z,Eliteserien,2018,2018-10-20,Sandefjord,Stromsgodset,2,1,H,,,,,source_reported_FT,Sandefjord,Stromsgodset
footballcsv/cache.footballdata,https://raw.githubusercontent.com/footballcsv/cache.footballdata/f43a2aa0c65fb061c87e9541e7a567dd58ff933a/2018/no.1.csv,f43a2aa0c65fb061c87e9541e7a567dd58ff933a,204,2026-09-04T07:11:40.897Z,Eliteserien,2018,2018-10-21,Haugesund,Odd,2,0,H,,,,,source_reported_FT,Haugesund,Odd
footballcsv/cache.footballdata,https://raw.githubusercontent.com/footballcsv/cache.footballdata/f43a2aa0c65fb061c87e9541e7a567dd58ff933a/2018/no.1.csv,f43a2aa0c65fb061c87e9541e7a567dd58ff933a,205,2026-09-04T07:11:40.897Z,Eliteserien,2018,2018-10-21,Lillestrom,Rosenborg,0,0,D,,,,,source_reported_FT,Lillestrom,Rosenborg
footballcsv/cache.footballdata,https://raw.githubusercontent.com/footballcsv/cache.footballdata/f43a2aa0c65fb061c87e9541e7a567dd58ff933a/2018/no.1.csv,f43a2aa0c65fb061c87e9541e7a567dd58ff933a,206,2026-09-04T07:11:40.897Z,Eliteserien,2018,2018-10-21,Ranheim,Bodo/Glimt,0,0,D,,,,,source_reported_FT,Ranheim,Bodo/Glimt
footballcsv/cache.footballdata,https://raw.githubusercontent.com/footballcsv/cache.footballdata/f43a2aa0c65fb061c87e9541e7a567dd58ff933a/2018/no.1.csv,f43a2aa0c65fb061c87e9541e7a567dd58ff933a,209,2026-09-04T07:11:40.897Z,Eliteserien,2018,2018-10-21,Stabaek,Brann,1,2,A,,,,,source_reported_FT,Stabaek,Brann
footballcsv/cache.footballdata,https://raw.githubusercontent.com/footballcsv/cache.footballdata/f43a2aa0c65fb061c87e9541e7a567dd58ff933a/2018/no.1.csv,f43a2aa0c65fb061c87e9541e7a567dd58ff933a,207,2026-09-04T07:11:40.897Z,Eliteserien,2018,2018-10-21,Tromso,Start,1,2,A,,,,,source_reported_FT,Tromso,Start
footballcsv/cache.footballdata,https://raw.githubusercontent.com/footballcsv/cache.footballdata/f43a2aa0c65fb061c87e9541e7a567dd58ff933a/2018/no.1.csv,f43a2aa0c65fb061c87e9541e7a567dd58ff933a,208,2026-09-04T07:11:40.897Z,Eliteserien,2018,2018-10-21,Valerenga,Kristiansund,0,2,A,,,,,source_reported_FT,Valerenga,Kristiansund
footballcsv/cache.footballdata,https://raw.githubusercontent.com/footballcsv/cache.footballdata/f43a2aa0c65fb061c87e9541e7a567dd58ff933a/2018/no.1.csv,f43a2aa0c65fb061c87e9541e7a567dd58ff933a,210,2026-09-04T07:11:40.897Z,Eliteserien,2018,2018-10-27,Stromsgodset,Valerenga,2,0,H,,,,,source_reported_FT,Stromsgodset,Valerenga
footballcsv/cache.footballdata,https://raw.githubusercontent.com/footballcsv/cache.footballdata/f43a2aa0c65fb061c87e9541e7a567dd58ff933a/2018/no.1.csv,f43a2aa0c65fb061c87e9541e7a567dd58ff933a,211,2026-09-04T07:11:40.897Z,Eliteserien,2018,2018-10-28,Bodo/Glimt,Stabaek,1,1,D,,,,,source_reported_FT,Bodo/Glimt,Stabaek
footballcsv/cache.footballdata,https://raw.githubusercontent.com/footballcsv/cache.footballdata/f43a2aa0c65fb061c87e9541e7a567dd58ff933a/2018/no.1.csv,f43a2aa0c65fb061c87e9541e7a567dd58ff933a,216,2026-09-04T07:11:40.897Z,Eliteserien,2018,2018-10-28,Brann,Rosenborg,1,2,A,,,,,source_reported_FT,Brann,Rosenborg
footballcsv/cache.footballdata,https://raw.githubusercontent.com/footballcsv/cache.footballdata/f43a2aa0c65fb061c87e9541e7a567dd58ff933a/2018/no.1.csv,f43a2aa0c65fb061c87e9541e7a567dd58ff933a,212,2026-09-04T07:11:40.897Z,Eliteserien,2018,2018-10-28,Kristiansund,Sandefjord,3,2,H,,,,,source_reported_FT,Kristiansund,Sandefjord
footballcsv/cache.footballdata,https://raw.githubusercontent.com/footballcsv/cache.footballdata/f43a2aa0c65fb061c87e9541e7a567dd58ff933a/2018/no.1.csv,f43a2aa0c65fb061c87e9541e7a567dd58ff933a,213,2026-09-04T07:11:40.897Z,Eliteserien,2018,2018-10-28,Odd,Tromso,1,0,H,,,,,source_reported_FT,Odd,Tromso
footballcsv/cache.footballdata,https://raw.githubusercontent.com/footballcsv/cache.footballdata/f43a2aa0c65fb061c87e9541e7a567dd58ff933a/2018/no.1.csv,f43a2aa0c65fb061c87e9541e7a567dd58ff933a,214,2026-09-04T07:11:40.897Z,Eliteserien,2018,2018-10-28,Ranheim,Lillestrom,3,2,H,,,,,source_reported_FT,Ranheim,Lillestrom
footballcsv/cache.footballdata,https://raw.githubusercontent.com/footballcsv/cache.footballdata/f43a2aa0c65fb061c87e9541e7a567dd58ff933a/2018/no.1.csv,f43a2aa0c65fb061c87e9541e7a567dd58ff933a,215,2026-09-04T07:11:40.897Z,Eliteserien,2018,2018-10-28,Sarpsborg 08,Haugesund,2,1,H,,,,,source_reported_FT,Sarpsborg 08,Haugesund
footballcsv/cache.footballdata,https://raw.githubusercontent.com/footballcsv/cache.footballdata/f43a2aa0c65fb061c87e9541e7a567dd58ff933a/2018/no.1.csv,f43a2aa0c65fb061c87e9541e7a567dd58ff933a,217,2026-09-04T07:11:40.897Z,Eliteserien,2018,2018-10-29,Start,Molde,1,3,A,,,,,source_reported_FT,Start,Molde
footballcsv/cache.footballdata,https://raw.githubusercontent.com/footballcsv/cache.footballdata/f43a2aa0c65fb061c87e9541e7a567dd58ff933a/2018/no.1.csv,f43a2aa0c65fb061c87e9541e7a567dd58ff933a,218,2026-09-04T07:11:40.897Z,Eliteserien,2018,2018-11-03,Stabaek,Kristiansund,0,1,A,,,,,source_reported_FT,Stabaek,Kristiansund
footballcsv/cache.footballdata,https://raw.githubusercontent.com/footballcsv/cache.footballdata/f43a2aa0c65fb061c87e9541e7a567dd58ff933a/2018/no.1.csv,f43a2aa0c65fb061c87e9541e7a567dd58ff933a,224,2026-09-04T07:11:40.897Z,Eliteserien,2018,2018-11-04,Brann,Stromsgodset,3,1,H,,,,,source_reported_FT,Brann,Stromsgodset
footballcsv/cache.footballdata,https://raw.githubusercontent.com/footballcsv/cache.footballdata/f43a2aa0c65fb061c87e9541e7a567dd58ff933a/2018/no.1.csv,f43a2aa0c65fb061c87e9541e7a567dd58ff933a,219,2026-09-04T07:11:40.897Z,Eliteserien,2018,2018-11-04,Haugesund,Ranheim,2,0,H,,,,,source_reported_FT,Haugesund,Ranheim
footballcsv/cache.footballdata,https://raw.githubusercontent.com/footballcsv/cache.footballdata/f43a2aa0c65fb061c87e9541e7a567dd58ff933a/2018/no.1.csv,f43a2aa0c65fb061c87e9541e7a567dd58ff933a,220,2026-09-04T07:11:40.897Z,Eliteserien,2018,2018-11-04,Rosenborg,Odd,3,1,H,,,,,source_reported_FT,Rosenborg,Odd
footballcsv/cache.footballdata,https://raw.githubusercontent.com/footballcsv/cache.footballdata/f43a2aa0c65fb061c87e9541e7a567dd58ff933a/2018/no.1.csv,f43a2aa0c65fb061c87e9541e7a567dd58ff933a,221,2026-09-04T07:11:40.897Z,Eliteserien,2018,2018-11-04,Sandefjord,Start,4,1,H,,,,,source_reported_FT,Sandefjord,Start
footballcsv/cache.footballdata,https://raw.githubusercontent.com/footballcsv/cache.footballdata/f43a2aa0c65fb061c87e9541e7a567dd58ff933a/2018/no.1.csv,f43a2aa0c65fb061c87e9541e7a567dd58ff933a,222,2026-09-04T07:11:40.897Z,Eliteserien,2018,2018-11-04,Tromso,Molde,2,4,A,,,,,source_reported_FT,Tromso,Molde
footballcsv/cache.footballdata,https://raw.githubusercontent.com/footballcsv/cache.footballdata/f43a2aa0c65fb061c87e9541e7a567dd58ff933a/2018/no.1.csv,f43a2aa0c65fb061c87e9541e7a567dd58ff933a,223,2026-09-04T07:11:40.897Z,Eliteserien,2018,2018-11-04,Valerenga,Sarpsborg 08,0,0,D,,,,,source_reported_FT,Valerenga,Sarpsborg 08
footballcsv/cache.footballdata,https://raw.githubusercontent.com/footballcsv/cache.footballdata/f43a2aa0c65fb061c87e9541e7a567dd58ff933a/2018/no.1.csv,f43a2aa0c65fb061c87e9541e7a567dd58ff933a,225,2026-09-04T07:11:40.897Z,Eliteserien,2018,2018-11-05,Lillestrom,Bodo/Glimt,1,1,D,,,,,source_reported_FT,Lillestrom,Bodo/Glimt
footballcsv/cache.footballdata,https://raw.githubusercontent.com/footballcsv/cache.footballdata/f43a2aa0c65fb061c87e9541e7a567dd58ff933a/2018/no.1.csv,f43a2aa0c65fb061c87e9541e7a567dd58ff933a,226,2026-09-04T07:11:40.897Z,Eliteserien,2018,2018-11-11,Bodo/Glimt,Valerenga,1,1,D,,,,,source_reported_FT,Bodo/Glimt,Valerenga
footballcsv/cache.footballdata,https://raw.githubusercontent.com/footballcsv/cache.footballdata/f43a2aa0c65fb061c87e9541e7a567dd58ff933a/2018/no.1.csv,f43a2aa0c65fb061c87e9541e7a567dd58ff933a,227,2026-09-04T07:11:40.897Z,Eliteserien,2018,2018-11-11,Kristiansund,Brann,3,1,H,,,,,source_reported_FT,Kristiansund,Brann
footballcsv/cache.footballdata,https://raw.githubusercontent.com/footballcsv/cache.footballdata/f43a2aa0c65fb061c87e9541e7a567dd58ff933a/2018/no.1.csv,f43a2aa0c65fb061c87e9541e7a567dd58ff933a,228,2026-09-04T07:11:40.897Z,Eliteserien,2018,2018-11-11,Molde,Haugesund,2,0,H,,,,,source_reported_FT,Molde,Haugesund
footballcsv/cache.footballdata,https://raw.githubusercontent.com/footballcsv/cache.footballdata/f43a2aa0c65fb061c87e9541e7a567dd58ff933a/2018/no.1.csv,f43a2aa0c65fb061c87e9541e7a567dd58ff933a,229,2026-09-04T07:11:40.897Z,Eliteserien,2018,2018-11-11,Odd,Stabaek,0,3,A,,,,,source_reported_FT,Odd,Stabaek
footballcsv/cache.footballdata,https://raw.githubusercontent.com/footballcsv/cache.footballdata/f43a2aa0c65fb061c87e9541e7a567dd58ff933a/2018/no.1.csv,f43a2aa0c65fb061c87e9541e7a567dd58ff933a,230,2026-09-04T07:11:40.897Z,Eliteserien,2018,2018-11-11,Ranheim,Tromso,1,2,A,,,,,source_reported_FT,Ranheim,Tromso
footballcsv/cache.footballdata,https://raw.githubusercontent.com/footballcsv/cache.footballdata/f43a2aa0c65fb061c87e9541e7a567dd58ff933a/2018/no.1.csv,f43a2aa0c65fb061c87e9541e7a567dd58ff933a,231,2026-09-04T07:11:40.897Z,Eliteserien,2018,2018-11-11,Sarpsborg 08,Sandefjord,1,1,D,,,,,source_reported_FT,Sarpsborg 08,Sandefjord
footballcsv/cache.footballdata,https://raw.githubusercontent.com/footballcsv/cache.footballdata/f43a2aa0c65fb061c87e9541e7a567dd58ff933a/2018/no.1.csv,f43a2aa0c65fb061c87e9541e7a567dd58ff933a,232,2026-09-04T07:11:40.897Z,Eliteserien,2018,2018-11-11,Start,Rosenborg,0,1,A,,,,,source_reported_FT,Start,Rosenborg
footballcsv/cache.footballdata,https://raw.githubusercontent.com/footballcsv/cache.footballdata/f43a2aa0c65fb061c87e9541e7a567dd58ff933a/2018/no.1.csv,f43a2aa0c65fb061c87e9541e7a567dd58ff933a,233,2026-09-04T07:11:40.897Z,Eliteserien,2018,2018-11-11,Stromsgodset,Lillestrom,2,2,D,,,,,source_reported_FT,Stromsgodset,Lillestrom
footballcsv/cache.footballdata,https://raw.githubusercontent.com/footballcsv/cache.footballdata/f43a2aa0c65fb061c87e9541e7a567dd58ff933a/2018/no.1.csv,f43a2aa0c65fb061c87e9541e7a567dd58ff933a,234,2026-09-04T07:11:40.897Z,Eliteserien,2018,2018-11-24,Brann,Odd,1,0,H,,,,,source_reported_FT,Brann,Odd
footballcsv/cache.footballdata,https://raw.githubusercontent.com/footballcsv/cache.footballdata/f43a2aa0c65fb061c87e9541e7a567dd58ff933a/2018/no.1.csv,f43a2aa0c65fb061c87e9541e7a567dd58ff933a,235,2026-09-04T07:11:40.897Z,Eliteserien,2018,2018-11-24,Haugesund,Start,3,1,H,,,,,source_reported_FT,Haugesund,Start
footballcsv/cache.footballdata,https://raw.githubusercontent.com/footballcsv/cache.footballdata/f43a2aa0c65fb061c87e9541e7a567dd58ff933a/2018/no.1.csv,f43a2aa0c65fb061c87e9541e7a567dd58ff933a,236,2026-09-04T07:11:40.897Z,Eliteserien,2018,2018-11-24,Lillestrom,Kristiansund,2,0,H,,,,,source_reported_FT,Lillestrom,Kristiansund
footballcsv/cache.footballdata,https://raw.githubusercontent.com/footballcsv/cache.footballdata/f43a2aa0c65fb061c87e9541e7a567dd58ff933a/2018/no.1.csv,f43a2aa0c65fb061c87e9541e7a567dd58ff933a,237,2026-09-04T07:11:40.897Z,Eliteserien,2018,2018-11-24,Rosenborg,Bodo/Glimt,1,1,D,,,,,source_reported_FT,Rosenborg,Bodo/Glimt
footballcsv/cache.footballdata,https://raw.githubusercontent.com/footballcsv/cache.footballdata/f43a2aa0c65fb061c87e9541e7a567dd58ff933a/2018/no.1.csv,f43a2aa0c65fb061c87e9541e7a567dd58ff933a,238,2026-09-04T07:11:40.897Z,Eliteserien,2018,2018-11-24,Sandefjord,Molde,1,3,A,,,,,source_reported_FT,Sandefjord,Molde
footballcsv/cache.footballdata,https://raw.githubusercontent.com/footballcsv/cache.footballdata/f43a2aa0c65fb061c87e9541e7a567dd58ff933a/2018/no.1.csv,f43a2aa0c65fb061c87e9541e7a567dd58ff933a,239,2026-09-04T07:11:40.897Z,Eliteserien,2018,2018-11-24,Stabaek,Stromsgodset,2,2,D,,,,,source_reported_FT,Stabaek,Stromsgodset
footballcsv/cache.footballdata,https://raw.githubusercontent.com/footballcsv/cache.footballdata/f43a2aa0c65fb061c87e9541e7a567dd58ff933a/2018/no.1.csv,f43a2aa0c65fb061c87e9541e7a567dd58ff933a,240,2026-09-04T07:11:40.897Z,Eliteserien,2018,2018-11-24,Tromso,Sarpsborg 08,0,2,A,,,,,source_reported_FT,Tromso,Sarpsborg 08
footballcsv/cache.footballdata,https://raw.githubusercontent.com/footballcsv/cache.footballdata/f43a2aa0c65fb061c87e9541e7a567dd58ff933a/2018/no.1.csv,f43a2aa0c65fb061c87e9541e7a567dd58ff933a,241,2026-09-04T07:11:40.897Z,Eliteserien,2018,2018-11-24,Valerenga,Ranheim,2,1,H,,,,,source_reported_FT,Valerenga,Ranheim
footballcsv/cache.footballdata,https://raw.githubusercontent.com/footballcsv/cache.footballdata/f43a2aa0c65fb061c87e9541e7a567dd58ff933a/2018/no.1.csv,f43a2aa0c65fb061c87e9541e7a567dd58ff933a,242,2026-09-04T07:11:40.897Z,Eliteserien,2018,2018-12-09,Aalesund,Stabaek,1,1,D,,,,,source_reported_FT,Aalesund,Stabaek
footballcsv/cache.footballdata,https://raw.githubusercontent.com/footballcsv/cache.footballdata/f43a2aa0c65fb061c87e9541e7a567dd58ff933a/2019/no.1.csv,f43a2aa0c65fb061c87e9541e7a567dd58ff933a,2,2026-09-04T07:11:46.414Z,Eliteserien,2019,2019-03-30,Odd,Brann,3,2,H,,,,,source_reported_FT,Odd,Brann
footballcsv/cache.footballdata,https://raw.githubusercontent.com/footballcsv/cache.footballdata/f43a2aa0c65fb061c87e9541e7a567dd58ff933a/2019/no.1.csv,f43a2aa0c65fb061c87e9541e7a567dd58ff933a,3,2026-09-04T07:11:46.414Z,Eliteserien,2019,2019-03-30,Valerenga,Mjondalen,2,0,H,,,,,source_reported_FT,Valerenga,Mjondalen
footballcsv/cache.footballdata,https://raw.githubusercontent.com/footballcsv/cache.footballdata/f43a2aa0c65fb061c87e9541e7a567dd58ff933a/2019/no.1.csv,f43a2aa0c65fb061c87e9541e7a567dd58ff933a,8,2026-09-04T07:11:46.414Z,Eliteserien,2019,2019-03-31,Bodo/Glimt,Rosenborg,2,0,H,,,,,source_reported_FT,Bodo/Glimt,Rosenborg
footballcsv/cache.footballdata,https://raw.githubusercontent.com/footballcsv/cache.footballdata/f43a2aa0c65fb061c87e9541e7a567dd58ff933a/2019/no.1.csv,f43a2aa0c65fb061c87e9541e7a567dd58ff933a,4,2026-09-04T07:11:46.414Z,Eliteserien,2019,2019-03-31,Ranheim,Tromso,1,2,A,,,,,source_reported_FT,Ranheim,Tromso
footballcsv/cache.footballdata,https://raw.githubusercontent.com/footballcsv/cache.footballdata/f43a2aa0c65fb061c87e9541e7a567dd58ff933a/2019/no.1.csv,f43a2aa0c65fb061c87e9541e7a567dd58ff933a,5,2026-09-04T07:11:46.414Z,Eliteserien,2019,2019-03-31,Sarpsborg 08,Molde,1,1,D,,,,,source_reported_FT,Sarpsborg 08,Molde
footballcsv/cache.footballdata,https://raw.githubusercontent.com/footballcsv/cache.footballdata/f43a2aa0c65fb061c87e9541e7a567dd58ff933a/2019/no.1.csv,f43a2aa0c65fb061c87e9541e7a567dd58ff933a,6,2026-09-04T07:11:46.414Z,Eliteserien,2019,2019-03-31,Stromsgodset,Haugesund,3,2,H,,,,,source_reported_FT,Stromsgodset,Haugesund
footballcsv/cache.footballdata,https://raw.githubusercontent.com/footballcsv/cache.footballdata/f43a2aa0c65fb061c87e9541e7a567dd58ff933a/2019/no.1.csv,f43a2aa0c65fb061c87e9541e7a567dd58ff933a,7,2026-09-04T07:11:46.414Z,Eliteserien,2019,2019-03-31,Viking,Kristiansund,2,0,H,,,,,source_reported_FT,Viking,Kristiansund
footballcsv/cache.footballdata,https://raw.githubusercontent.com/footballcsv/cache.footballdata/f43a2aa0c65fb061c87e9541e7a567dd58ff933a/2019/no.1.csv,f43a2aa0c65fb061c87e9541e7a567dd58ff933a,9,2026-09-04T07:11:46.414Z,Eliteserien,2019,2019-04-01,Stabaek,Lillestrom,1,1,D,,,,,source_reported_FT,Stabaek,Lillestrom
footballcsv/cache.footballdata,https://raw.githubusercontent.com/footballcsv/cache.footballdata/f43a2aa0c65fb061c87e9541e7a567dd58ff933a/2019/no.1.csv,f43a2aa0c65fb061c87e9541e7a567dd58ff933a,10,2026-09-04T07:11:46.414Z,Eliteserien,2019,2019-04-06,Mjondalen,Bodo/Glimt,4,5,A,,,,,source_reported_FT,Mjondalen,Bodo/Glimt
footballcsv/cache.footballdata,https://raw.githubusercontent.com/footballcsv/cache.footballdata/f43a2aa0c65fb061c87e9541e7a567dd58ff933a/2019/no.1.csv,f43a2aa0c65fb061c87e9541e7a567dd58ff933a,16,2026-09-04T07:11:46.414Z,Eliteserien,2019,2019-04-07,Brann,Stromsgodset,1,1,D,,,,,source_reported_FT,Brann,Stromsgodset
footballcsv/cache.footballdata,https://raw.githubusercontent.com/footballcsv/cache.footballdata/f43a2aa0c65fb061c87e9541e7a567dd58ff933a/2019/no.1.csv,f43a2aa0c65fb061c87e9541e7a567dd58ff933a,11,2026-09-04T07:11:46.414Z,Eliteserien,2019,2019-04-07,Haugesund,Sarpsborg 08,1,1,D,,,,,source_reported_FT,Haugesund,Sarpsborg 08
footballcsv/cache.footballdata,https://raw.githubusercontent.com/footballcsv/cache.footballdata/f43a2aa0c65fb061c87e9541e7a567dd58ff933a/2019/no.1.csv,f43a2aa0c65fb061c87e9541e7a567dd58ff933a,12,2026-09-04T07:11:46.414Z,Eliteserien,2019,2019-04-07,Kristiansund,Valerenga,2,0,H,,,,,source_reported_FT,Kristiansund,Valerenga
footballcsv/cache.footballdata,https://raw.githubusercontent.com/footballcsv/cache.footballdata/f43a2aa0c65fb061c87e9541e7a567dd58ff933a/2019/no.1.csv,f43a2aa0c65fb061c87e9541e7a567dd58ff933a,13,2026-09-04T07:11:46.414Z,Eliteserien,2019,2019-04-07,Lillestrom,Ranheim,2,1,H,,,,,source_reported_FT,Lillestrom,Ranheim
footballcsv/cache.footballdata,https://raw.githubusercontent.com/footballcsv/cache.footballdata/f43a2aa0c65fb061c87e9541e7a567dd58ff933a/2019/no.1.csv,f43a2aa0c65fb061c87e9541e7a567dd58ff933a,14,2026-09-04T07:11:46.414Z,Eliteserien,2019,2019-04-07,Molde,Stabaek,3,0,H,,,,,source_reported_FT,Molde,Stabaek
footballcsv/cache.footballdata,https://raw.githubusercontent.com/footballcsv/cache.footballdata/f43a2aa0c65fb061c87e9541e7a567dd58ff933a/2019/no.1.csv,f43a2aa0c65fb061c87e9541e7a567dd58ff933a,15,2026-09-04T07:11:46.414Z,Eliteserien,2019,2019-04-07,Tromso,Viking,0,2,A,,,,,source_reported_FT,Tromso,Viking
footballcsv/cache.footballdata,https://raw.githubusercontent.com/footballcsv/cache.footballdata/f43a2aa0c65fb061c87e9541e7a567dd58ff933a/2019/no.1.csv,f43a2aa0c65fb061c87e9541e7a567dd58ff933a,17,2026-09-04T07:11:46.414Z,Eliteserien,2019,2019-04-08,Rosenborg,Odd,1,1,D,,,,,source_reported_FT,Rosenborg,Odd
footballcsv/cache.footballdata,https://raw.githubusercontent.com/footballcsv/cache.footballdata/f43a2aa0c65fb061c87e9541e7a567dd58ff933a/2019/no.1.csv,f43a2aa0c65fb061c87e9541e7a567dd58ff933a,18,2026-09-04T07:11:46.414Z,Eliteserien,2019,2019-04-10,Brann,Kristiansund,2,1,H,,,,,source_reported_FT,Brann,Kristiansund
footballcsv/cache.footballdata,https://raw.githubusercontent.com/footballcsv/cache.footballdata/f43a2aa0c65fb061c87e9541e7a567dd58ff933a/2019/no.1.csv,f43a2aa0c65fb061c87e9541e7a567dd58ff933a,19,2026-09-04T07:11:46.414Z,Eliteserien,2019,2019-04-10,Molde,Valerenga,4,1,H,,,,,source_reported_FT,Molde,Valerenga
footballcsv/cache.footballdata,https://raw.githubusercontent.com/footballcsv/cache.footballdata/f43a2aa0c65fb061c87e9541e7a567dd58ff933a/2019/no.1.csv,f43a2aa0c65fb061c87e9541e7a567dd58ff933a,20,2026-09-04T07:11:46.414Z,Eliteserien,2019,2019-04-12,Stromsgodset,Mjondalen,2,3,A,,,,,source_reported_FT,Stromsgodset,Mjondalen
footballcsv/cache.footballdata,https://raw.githubusercontent.com/footballcsv/cache.footballdata/f43a2aa0c65fb061c87e9541e7a567dd58ff933a/2019/no.1.csv,f43a2aa0c65fb061c87e9541e7a567dd58ff933a,21,2026-09-04T07:11:46.414Z,Eliteserien,2019,2019-04-13,Viking,Brann,2,1,H,,,,,source_reported_FT,Viking,Brann
footballcsv/cache.footballdata,https://raw.githubusercontent.com/footballcsv/cache.footballdata/f43a2aa0c65fb061c87e9541e7a567dd58ff933a/2019/no.1.csv,f43a2aa0c65fb061c87e9541e7a567dd58ff933a,22,2026-09-04T07:11:46.414Z,Eliteserien,2019,2019-04-14,Bodo/Glimt,Molde,3,2,H,,,,,source_reported_FT,Bodo/Glimt,Molde
footballcsv/cache.footballdata,https://raw.githubusercontent.com/footballcsv/cache.footballdata/f43a2aa0c65fb061c87e9541e7a567dd58ff933a/2019/no.1.csv,f43a2aa0c65fb061c87e9541e7a567dd58ff933a,23,2026-09-04T07:11:46.414Z,Eliteserien,2019,2019-04-14,Odd,Kristiansund,2,0,H,,,,,source_reported_FT,Odd,Kristiansund
footballcsv/cache.footballdata,https://raw.githubusercontent.com/footballcsv/cache.footballdata/f43a2aa0c65fb061c87e9541e7a567dd58ff933a/2019/no.1.csv,f43a2aa0c65fb061c87e9541e7a567dd58ff933a,24,2026-09-04T07:11:46.414Z,Eliteserien,2019,2019-04-14,Ranheim,Haugesund,0,2,A,,,,,source_reported_FT,Ranheim,Haugesund
footballcsv/cache.footballdata,https://raw.githubusercontent.com/footballcsv/cache.footballdata/f43a2aa0c65fb061c87e9541e7a567dd58ff933a/2019/no.1.csv,f43a2aa0c65fb061c87e9541e7a567dd58ff933a,25,2026-09-04T07:11:46.414Z,Eliteserien,2019,2019-04-14,Sarpsborg 08,Lillestrom,1,0,H,,,,,source_reported_FT,Sarpsborg 08,Lillestrom
footballcsv/cache.footballdata,https://raw.githubusercontent.com/footballcsv/cache.footballdata/f43a2aa0c65fb061c87e9541e7a567dd58ff933a/2019/no.1.csv,f43a2aa0c65fb061c87e9541e7a567dd58ff933a,26,2026-09-04T07:11:46.414Z,Eliteserien,2019,2019-04-14,Stabaek,Rosenborg,3,1,H,,,,,source_reported_FT,Stabaek,Rosenborg
footballcsv/cache.footballdata,https://raw.githubusercontent.com/footballcsv/cache.footballdata/f43a2aa0c65fb061c87e9541e7a567dd58ff933a/2019/no.1.csv,f43a2aa0c65fb061c87e9541e7a567dd58ff933a,27,2026-09-04T07:11:46.414Z,Eliteserien,2019,2019-04-14,Valerenga,Tromso,4,1,H,,,,,source_reported_FT,Valerenga,Tromso
footballcsv/cache.footballdata,https://raw.githubusercontent.com/footballcsv/cache.footballdata/f43a2aa0c65fb061c87e9541e7a567dd58ff933a/2019/no.1.csv,f43a2aa0c65fb061c87e9541e7a567dd58ff933a,28,2026-09-04T07:11:46.414Z,Eliteserien,2019,2019-04-22,Bodo/Glimt,Sarpsborg 08,1,1,D,,,,,source_reported_FT,Bodo/Glimt,Sarpsborg 08
footballcsv/cache.footballdata,https://raw.githubusercontent.com/footballcsv/cache.footballdata/f43a2aa0c65fb061c87e9541e7a567dd58ff933a/2019/no.1.csv,f43a2aa0c65fb061c87e9541e7a567dd58ff933a,34,2026-09-04T07:11:46.414Z,Eliteserien,2019,2019-04-22,Brann,Valerenga,1,1,D,,,,,source_reported_FT,Brann,Valerenga
footballcsv/cache.footballdata,https://raw.githubusercontent.com/footballcsv/cache.footballdata/f43a2aa0c65fb061c87e9541e7a567dd58ff933a/2019/no.1.csv,f43a2aa0c65fb061c87e9541e7a567dd58ff933a,29,2026-09-04T07:11:46.414Z,Eliteserien,2019,2019-04-22,Haugesund,Stabaek,3,0,H,,,,,source_reported_FT,Haugesund,Stabaek
footballcsv/cache.footballdata,https://raw.githubusercontent.com/footballcsv/cache.footballdata/f43a2aa0c65fb061c87e9541e7a567dd58ff933a/2019/no.1.csv,f43a2aa0c65fb061c87e9541e7a567dd58ff933a,30,2026-09-04T07:11:46.414Z,Eliteserien,2019,2019-04-22,Kristiansund,Ranheim,0,0,D,,,,,source_reported_FT,Kristiansund,Ranheim
footballcsv/cache.footballdata,https://raw.githubusercontent.com/footballcsv/cache.footballdata/f43a2aa0c65fb061c87e9541e7a567dd58ff933a/2019/no.1.csv,f43a2aa0c65fb061c87e9541e7a567dd58ff933a,31,2026-09-04T07:11:46.414Z,Eliteserien,2019,2019-04-22,Lillestrom,Molde,0,2,A,,,,,source_reported_FT,Lillestrom,Molde
footballcsv/cache.footballdata,https://raw.githubusercontent.com/footballcsv/cache.footballdata/f43a2aa0c65fb061c87e9541e7a567dd58ff933a/2019/no.1.csv,f43a2aa0c65fb061c87e9541e7a567dd58ff933a,32,2026-09-04T07:11:46.414Z,Eliteserien,2019,2019-04-22,Mjondalen,Tromso,1,1,D,,,,,source_reported_FT,Mjondalen,Tromso
footballcsv/cache.footballdata,https://raw.githubusercontent.com/footballcsv/cache.footballdata/f43a2aa0c65fb061c87e9541e7a567dd58ff933a/2019/no.1.csv,f43a2aa0c65fb061c87e9541e7a567dd58ff933a,33,2026-09-04T07:11:46.414Z,Eliteserien,2019,2019-04-22,Rosenborg,Stromsgodset,0,0,D,,,,,source_reported_FT,Rosenborg,Stromsgodset
footballcsv/cache.footballdata,https://raw.githubusercontent.com/footballcsv/cache.footballdata/f43a2aa0c65fb061c87e9541e7a567dd58ff933a/2019/no.1.csv,f43a2aa0c65fb061c87e9541e7a567dd58ff933a,35,2026-09-04T07:11:46.414Z,Eliteserien,2019,2019-04-23,Odd,Viking,1,0,H,,,,,source_reported_FT,Odd,Viking
footballcsv/cache.footballdata,https://raw.githubusercontent.com/footballcsv/cache.footballdata/f43a2aa0c65fb061c87e9541e7a567dd58ff933a/2019/no.1.csv,f43a2aa0c65fb061c87e9541e7a567dd58ff933a,36,2026-09-04T07:11:46.414Z,Eliteserien,2019,2019-04-27,Sarpsborg 08,Mjondalen,1,1,D,,,,,source_reported_FT,Sarpsborg 08,Mjondalen
footballcsv/cache.footballdata,https://raw.githubusercontent.com/footballcsv/cache.footballdata/f43a2aa0c65fb061c87e9541e7a567dd58ff933a/2019/no.1.csv,f43a2aa0c65fb061c87e9541e7a567dd58ff933a,37,2026-09-04T07:11:46.414Z,Eliteserien,2019,2019-04-28,Lillestrom,Haugesund,1,0,H,,,,,source_reported_FT,Lillestrom,Haugesund
footballcsv/cache.footballdata,https://raw.githubusercontent.com/footballcsv/cache.footballdata/f43a2aa0c65fb061c87e9541e7a567dd58ff933a/2019/no.1.csv,f43a2aa0c65fb061c87e9541e7a567dd58ff933a,42,2026-09-04T07:11:46.414Z,Eliteserien,2019,2019-04-28,Molde,Rosenborg,3,0,H,,,,,source_reported_FT,Molde,Rosenborg
footballcsv/cache.footballdata,https://raw.githubusercontent.com/footballcsv/cache.footballdata/f43a2aa0c65fb061c87e9541e7a567dd58ff933a/2019/no.1.csv,f43a2aa0c65fb061c87e9541e7a567dd58ff933a,38,2026-09-04T07:11:46.414Z,Eliteserien,2019,2019-04-28,Ranheim,Viking,5,2,H,,,,,source_reported_FT,Ranheim,Viking
footballcsv/cache.footballdata,https://raw.githubusercontent.com/footballcsv/cache.footballdata/f43a2aa0c65fb061c87e9541e7a567dd58ff933a/2019/no.1.csv,f43a2aa0c65fb061c87e9541e7a567dd58ff933a,39,2026-09-04T07:11:46.414Z,Eliteserien,2019,2019-04-28,Stabaek,Bodo/Glimt,2,0,H,,,,,source_reported_FT,Stabaek,Bodo/Glimt
footballcsv/cache.footballdata,https://raw.githubusercontent.com/footballcsv/cache.footballdata/f43a2aa0c65fb061c87e9541e7a567dd58ff933a/2019/no.1.csv,f43a2aa0c65fb061c87e9541e7a567dd58ff933a,40,2026-09-04T07:11:46.414Z,Eliteserien,2019,2019-04-28,Stromsgodset,Kristiansund,2,3,A,,,,,source_reported_FT,Stromsgodset,Kristiansund
footballcsv/cache.footballdata,https://raw.githubusercontent.com/footballcsv/cache.footballdata/f43a2aa0c65fb061c87e9541e7a567dd58ff933a/2019/no.1.csv,f43a2aa0c65fb061c87e9541e7a567dd58ff933a,41,2026-09-04T07:11:46.414Z,Eliteserien,2019,2019-04-28,Tromso,Brann,1,2,A,,,,,source_reported_FT,Tromso,Brann
footballcsv/cache.footballdata,https://raw.githubusercontent.com/footballcsv/cache.footballdata/f43a2aa0c65fb061c87e9541e7a567dd58ff933a/2019/no.1.csv,f43a2aa0c65fb061c87e9541e7a567dd58ff933a,43,2026-09-04T07:11:46.414Z,Eliteserien,2019,2019-04-29,Valerenga,Odd,1,0,H,,,,,source_reported_FT,Valerenga,Odd
footballcsv/cache.footballdata,https://raw.githubusercontent.com/footballcsv/cache.footballdata/f43a2aa0c65fb061c87e9541e7a567dd58ff933a/2019/no.1.csv,f43a2aa0c65fb061c87e9541e7a567dd58ff933a,44,2026-09-04T07:11:46.414Z,Eliteserien,2019,2019-05-04,Mjondalen,Stabaek,1,0,H,,,,,source_reported_FT,Mjondalen,Stabaek
footballcsv/cache.footballdata,https://raw.githubusercontent.com/footballcsv/cache.footballdata/f43a2aa0c65fb061c87e9541e7a567dd58ff933a/2019/no.1.csv,f43a2aa0c65fb061c87e9541e7a567dd58ff933a,45,2026-09-04T07:11:46.414Z,Eliteserien,2019,2019-05-05,Bodo/Glimt,Lillestrom,4,0,H,,,,,source_reported_FT,Bodo/Glimt,Lillestrom
footballcsv/cache.footballdata,https://raw.githubusercontent.com/footballcsv/cache.footballdata/f43a2aa0c65fb061c87e9541e7a567dd58ff933a/2019/no.1.csv,f43a2aa0c65fb061c87e9541e7a567dd58ff933a,46,2026-09-04T07:11:46.414Z,Eliteserien,2019,2019-05-05,Brann,Ranheim,0,1,A,,,,,source_reported_FT,Brann,Ranheim
footballcsv/cache.footballdata,https://raw.githubusercontent.com/footballcsv/cache.footballdata/f43a2aa0c65fb061c87e9541e7a567dd58ff933a/2019/no.1.csv,f43a2aa0c65fb061c87e9541e7a567dd58ff933a,47,2026-09-04T07:11:46.414Z,Eliteserien,2019,2019-05-05,Haugesund,Molde,1,2,A,,,,,source_reported_FT,Haugesund,Molde
footballcsv/cache.footballdata,https://raw.githubusercontent.com/footballcsv/cache.footballdata/f43a2aa0c65fb061c87e9541e7a567dd58ff933a/2019/no.1.csv,f43a2aa0c65fb061c87e9541e7a567dd58ff933a,48,2026-09-04T07:11:46.414Z,Eliteserien,2019,2019-05-05,Kristiansund,Tromso,1,0,H,,,,,source_reported_FT,Kristiansund,Tromso
footballcsv/cache.footballdata,https://raw.githubusercontent.com/footballcsv/cache.footballdata/f43a2aa0c65fb061c87e9541e7a567dd58ff933a/2019/no.1.csv,f43a2aa0c65fb061c87e9541e7a567dd58ff933a,49,2026-09-04T07:11:46.414Z,Eliteserien,2019,2019-05-05,Odd,Stromsgodset,2,1,H,,,,,source_reported_FT,Odd,Stromsgodset
footballcsv/cache.footballdata,https://raw.githubusercontent.com/footballcsv/cache.footballdata/f43a2aa0c65fb061c87e9541e7a567dd58ff933a/2019/no.1.csv,f43a2aa0c65fb061c87e9541e7a567dd58ff933a,50,2026-09-04T07:11:46.414Z,Eliteserien,2019,2019-05-05,Rosenborg,Sarpsborg 08,1,0,H,,,,,source_reported_FT,Rosenborg,Sarpsborg 08
footballcsv/cache.footballdata,https://raw.githubusercontent.com/footballcsv/cache.footballdata/f43a2aa0c65fb061c87e9541e7a567dd58ff933a/2019/no.1.csv,f43a2aa0c65fb061c87e9541e7a567dd58ff933a,51,2026-09-04T07:11:46.414Z,Eliteserien,2019,2019-05-06,Viking,Valerenga,1,1,D,,,,,source_reported_FT,Viking,Valerenga
footballcsv/cache.footballdata,https://raw.githubusercontent.com/footballcsv/cache.footballdata/f43a2aa0c65fb061c87e9541e7a567dd58ff933a/2019/no.1.csv,f43a2aa0c65fb061c87e9541e7a567dd58ff933a,52,2026-09-04T07:11:46.414Z,Eliteserien,2019,2019-05-11,Lillestrom,Rosenborg,1,1,D,,,,,source_reported_FT,Lillestrom,Rosenborg
footballcsv/cache.footballdata,https://raw.githubusercontent.com/footballcsv/cache.footballdata/f43a2aa0c65fb061c87e9541e7a567dd58ff933a/2019/no.1.csv,f43a2aa0c65fb061c87e9541e7a567dd58ff933a,53,2026-09-04T07:11:46.414Z,Eliteserien,2019,2019-05-12,Haugesund,Bodo/Glimt,1,1,D,,,,,source_reported_FT,Haugesund,Bodo/Glimt
footballcsv/cache.footballdata,https://raw.githubusercontent.com/footballcsv/cache.footballdata/f43a2aa0c65fb061c87e9541e7a567dd58ff933a/2019/no.1.csv,f43a2aa0c65fb061c87e9541e7a567dd58ff933a,54,2026-09-04T07:11:46.414Z,Eliteserien,2019,2019-05-12,Molde,Mjondalen,1,0,H,,,,,source_reported_FT,Molde,Mjondalen
footballcsv/cache.footballdata,https://raw.githubusercontent.com/footballcsv/cache.footballdata/f43a2aa0c65fb061c87e9541e7a567dd58ff933a/2019/no.1.csv,f43a2aa0c65fb061c87e9541e7a567dd58ff933a,55,2026-09-04T07:11:46.414Z,Eliteserien,2019,2019-05-12,Ranheim,Valerenga,1,5,A,,,,,source_reported_FT,Ranheim,Valerenga
footballcsv/cache.footballdata,https://raw.githubusercontent.com/footballcsv/cache.footballdata/f43a2aa0c65fb061c87e9541e7a567dd58ff933a/2019/no.1.csv,f43a2aa0c65fb061c87e9541e7a567dd58ff933a,56,2026-09-04T07:11:46.414Z,Eliteserien,2019,2019-05-12,Sarpsborg 08,Kristiansund,0,1,A,,,,,source_reported_FT,Sarpsborg 08,Kristiansund
footballcsv/cache.footballdata,https://raw.githubusercontent.com/footballcsv/cache.footballdata/f43a2aa0c65fb061c87e9541e7a567dd58ff933a/2019/no.1.csv,f43a2aa0c65fb061c87e9541e7a567dd58ff933a,58,2026-09-04T07:11:46.414Z,Eliteserien,2019,2019-05-12,Stabaek,Brann,0,1,A,,,,,source_reported_FT,Stabaek,Brann
footballcsv/cache.footballdata,https://raw.githubusercontent.com/footballcsv/cache.footballdata/f43a2aa0c65fb061c87e9541e7a567dd58ff933a/2019/no.1.csv,f43a2aa0c65fb061c87e9541e7a567dd58ff933a,57,2026-09-04T07:11:46.414Z,Eliteserien,2019,2019-05-12,Tromso,Odd,1,2,A,,,,,source_reported_FT,Tromso,Odd
footballcsv/cache.footballdata,https://raw.githubusercontent.com/footballcsv/cache.footballdata/f43a2aa0c65fb061c87e9541e7a567dd58ff933a/2019/no.1.csv,f43a2aa0c65fb061c87e9541e7a567dd58ff933a,59,2026-09-04T07:11:46.414Z,Eliteserien,2019,2019-05-13,Stromsgodset,Viking,0,0,D,,,,,source_reported_FT,Stromsgodset,Viking
footballcsv/cache.footballdata,https://raw.githubusercontent.com/footballcsv/cache.footballdata/f43a2aa0c65fb061c87e9541e7a567dd58ff933a/2019/no.1.csv,f43a2aa0c65fb061c87e9541e7a567dd58ff933a,60,2026-09-04T07:11:46.414Z,Eliteserien,2019,2019-05-16,Brann,Sarpsborg 08,2,1,H,,,,,source_reported_FT,Brann,Sarpsborg 08
footballcsv/cache.footballdata,https://raw.githubusercontent.com/footballcsv/cache.footballdata/f43a2aa0c65fb061c87e9541e7a567dd58ff933a/2019/no.1.csv,f43a2aa0c65fb061c87e9541e7a567dd58ff933a,61,2026-09-04T07:11:46.414Z,Eliteserien,2019,2019-05-16,Kristiansund,Molde,3,2,H,,,,,source_reported_FT,Kristiansund,Molde
footballcsv/cache.footballdata,https://raw.githubusercontent.com/footballcsv/cache.footballdata/f43a2aa0c65fb061c87e9541e7a567dd58ff933a/2019/no.1.csv,f43a2aa0c65fb061c87e9541e7a567dd58ff933a,62,2026-09-04T07:11:46.414Z,Eliteserien,2019,2019-05-16,Mjondalen,Lillestrom,2,2,D,,,,,source_reported_FT,Mjondalen,Lillestrom
footballcsv/cache.footballdata,https://raw.githubusercontent.com/footballcsv/cache.footballdata/f43a2aa0c65fb061c87e9541e7a567dd58ff933a/2019/no.1.csv,f43a2aa0c65fb061c87e9541e7a567dd58ff933a,63,2026-09-04T07:11:46.414Z,Eliteserien,2019,2019-05-16,Odd,Ranheim,1,0,H,,,,,source_reported_FT,Odd,Ranheim
footballcsv/cache.footballdata,https://raw.githubusercontent.com/footballcsv/cache.footballdata/f43a2aa0c65fb061c87e9541e7a567dd58ff933a/2019/no.1.csv,f43a2aa0c65fb061c87e9541e7a567dd58ff933a,64,2026-09-04T07:11:46.414Z,Eliteserien,2019,2019-05-16,Rosenborg,Haugesund,0,2,A,,,,,source_reported_FT,Rosenborg,Haugesund
footballcsv/cache.footballdata,https://raw.githubusercontent.com/footballcsv/cache.footballdata/f43a2aa0c65fb061c87e9541e7a567dd58ff933a/2019/no.1.csv,f43a2aa0c65fb061c87e9541e7a567dd58ff933a,65,2026-09-04T07:11:46.414Z,Eliteserien,2019,2019-05-16,Tromso,Bodo/Glimt,1,2,A,,,,,source_reported_FT,Tromso,Bodo/Glimt
footballcsv/cache.footballdata,https://raw.githubusercontent.com/footballcsv/cache.footballdata/f43a2aa0c65fb061c87e9541e7a567dd58ff933a/2019/no.1.csv,f43a2aa0c65fb061c87e9541e7a567dd58ff933a,67,2026-09-04T07:11:46.414Z,Eliteserien,2019,2019-05-16,Valerenga,Stromsgodset,2,0,H,,,,,source_reported_FT,Valerenga,Stromsgodset
footballcsv/cache.footballdata,https://raw.githubusercontent.com/footballcsv/cache.footballdata/f43a2aa0c65fb061c87e9541e7a567dd58ff933a/2019/no.1.csv,f43a2aa0c65fb061c87e9541e7a567dd58ff933a,66,2026-09-04T07:11:46.414Z,Eliteserien,2019,2019-05-16,Viking,Stabaek,3,0,H,,,,,source_reported_FT,Viking,Stabaek
footballcsv/cache.footballdata,https://raw.githubusercontent.com/footballcsv/cache.footballdata/f43a2aa0c65fb061c87e9541e7a567dd58ff933a/2019/no.1.csv,f43a2aa0c65fb061c87e9541e7a567dd58ff933a,73,2026-09-04T07:11:46.414Z,Eliteserien,2019,2019-05-19,Bodo/Glimt,Brann,1,2,A,,,,,source_reported_FT,Bodo/Glimt,Brann
footballcsv/cache.footballdata,https://raw.githubusercontent.com/footballcsv/cache.footballdata/f43a2aa0c65fb061c87e9541e7a567dd58ff933a/2019/no.1.csv,f43a2aa0c65fb061c87e9541e7a567dd58ff933a,68,2026-09-04T07:11:46.414Z,Eliteserien,2019,2019-05-19,Haugesund,Kristiansund,0,0,D,,,,,source_reported_FT,Haugesund,Kristiansund
footballcsv/cache.footballdata,https://raw.githubusercontent.com/footballcsv/cache.footballdata/f43a2aa0c65fb061c87e9541e7a567dd58ff933a/2019/no.1.csv,f43a2aa0c65fb061c87e9541e7a567dd58ff933a,69,2026-09-04T07:11:46.414Z,Eliteserien,2019,2019-05-19,Lillestrom,Odd,0,3,A,,,,,source_reported_FT,Lillestrom,Odd
footballcsv/cache.footballdata,https://raw.githubusercontent.com/footballcsv/cache.footballdata/f43a2aa0c65fb061c87e9541e7a567dd58ff933a/2019/no.1.csv,f43a2aa0c65fb061c87e9541e7a567dd58ff933a,70,2026-09-04T07:11:46.414Z,Eliteserien,2019,2019-05-19,Rosenborg,Mjondalen,3,2,H,,,,,source_reported_FT,Rosenborg,Mjondalen
footballcsv/cache.footballdata,https://raw.githubusercontent.com/footballcsv/cache.footballdata/f43a2aa0c65fb061c87e9541e7a567dd58ff933a/2019/no.1.csv,f43a2aa0c65fb061c87e9541e7a567dd58ff933a,71,2026-09-04T07:11:46.414Z,Eliteserien,2019,2019-05-19,Sarpsborg 08,Ranheim,1,3,A,,,,,source_reported_FT,Sarpsborg 08,Ranheim
footballcsv/cache.footballdata,https://raw.githubusercontent.com/footballcsv/cache.footballdata/f43a2aa0c65fb061c87e9541e7a567dd58ff933a/2019/no.1.csv,f43a2aa0c65fb061c87e9541e7a567dd58ff933a,72,2026-09-04T07:11:46.414Z,Eliteserien,2019,2019-05-19,Stromsgodset,Tromso,3,1,H,,,,,source_reported_FT,Stromsgodset,Tromso
footballcsv/cache.footballdata,https://raw.githubusercontent.com/footballcsv/cache.footballdata/f43a2aa0c65fb061c87e9541e7a567dd58ff933a/2019/no.1.csv,f43a2aa0c65fb061c87e9541e7a567dd58ff933a,74,2026-09-04T07:11:46.414Z,Eliteserien,2019,2019-05-20,Molde,Viking,5,1,H,,,,,source_reported_FT,Molde,Viking
footballcsv/cache.footballdata,https://raw.githubusercontent.com/footballcsv/cache.footballdata/f43a2aa0c65fb061c87e9541e7a567dd58ff933a/2019/no.1.csv,f43a2aa0c65fb061c87e9541e7a567dd58ff933a,75,2026-09-04T07:11:46.414Z,Eliteserien,2019,2019-05-25,Valerenga,Lillestrom,0,3,A,,,,,source_reported_FT,Valerenga,Lillestrom
footballcsv/cache.footballdata,https://raw.githubusercontent.com/footballcsv/cache.footballdata/f43a2aa0c65fb061c87e9541e7a567dd58ff933a/2019/no.1.csv,f43a2aa0c65fb061c87e9541e7a567dd58ff933a,79,2026-09-04T07:11:46.414Z,Eliteserien,2019,2019-05-26,Brann,Rosenborg,0,1,A,,,,,source_reported_FT,Brann,Rosenborg
footballcsv/cache.footballdata,https://raw.githubusercontent.com/footballcsv/cache.footballdata/f43a2aa0c65fb061c87e9541e7a567dd58ff933a/2019/no.1.csv,f43a2aa0c65fb061c87e9541e7a567dd58ff933a,76,2026-09-04T07:11:46.414Z,Eliteserien,2019,2019-05-26,Mjondalen,Haugesund,1,4,A,,,,,source_reported_FT,Mjondalen,Haugesund
footballcsv/cache.footballdata,https://raw.githubusercontent.com/footballcsv/cache.footballdata/f43a2aa0c65fb061c87e9541e7a567dd58ff933a/2019/no.1.csv,f43a2aa0c65fb061c87e9541e7a567dd58ff933a,77,2026-09-04T07:11:46.414Z,Eliteserien,2019,2019-05-26,Ranheim,Stromsgodset,1,0,H,,,,,source_reported_FT,Ranheim,Stromsgodset
footballcsv/cache.footballdata,https://raw.githubusercontent.com/footballcsv/cache.footballdata/f43a2aa0c65fb061c87e9541e7a567dd58ff933a/2019/no.1.csv,f43a2aa0c65fb061c87e9541e7a567dd58ff933a,78,2026-09-04T07:11:46.414Z,Eliteserien,2019,2019-05-26,Tromso,Molde,2,1,H,,,,,source_reported_FT,Tromso,Molde
footballcsv/cache.footballdata,https://raw.githubusercontent.com/footballcsv/cache.footballdata/f43a2aa0c65fb061c87e9541e7a567dd58ff933a/2019/no.1.csv,f43a2aa0c65fb061c87e9541e7a567dd58ff933a,80,2026-09-04T07:11:46.414Z,Eliteserien,2019,2019-06-15,Haugesund,Brann,1,1,D,,,,,source_reported_FT,Haugesund,Brann
footballcsv/cache.footballdata,https://raw.githubusercontent.com/footballcsv/cache.footballdata/f43a2aa0c65fb061c87e9541e7a567dd58ff933a/2019/no.1.csv,f43a2aa0c65fb061c87e9541e7a567dd58ff933a,81,2026-09-04T07:11:46.414Z,Eliteserien,2019,2019-06-16,Bodo/Glimt,Stromsgodset,2,0,H,,,,,source_reported_FT,Bodo/Glimt,Stromsgodset
footballcsv/cache.footballdata,https://raw.githubusercontent.com/footballcsv/cache.footballdata/f43a2aa0c65fb061c87e9541e7a567dd58ff933a/2019/no.1.csv,f43a2aa0c65fb061c87e9541e7a567dd58ff933a,82,2026-09-04T07:11:46.414Z,Eliteserien,2019,2019-06-16,Lillestrom,Viking,0,2,A,,,,,source_reported_FT,Lillestrom,Viking
footballcsv/cache.footballdata,https://raw.githubusercontent.com/footballcsv/cache.footballdata/f43a2aa0c65fb061c87e9541e7a567dd58ff933a/2019/no.1.csv,f43a2aa0c65fb061c87e9541e7a567dd58ff933a,83,2026-09-04T07:11:46.414Z,Eliteserien,2019,2019-06-16,Mjondalen,Kristiansund,1,1,D,,,,,source_reported_FT,Mjondalen,Kristiansund
footballcsv/cache.footballdata,https://raw.githubusercontent.com/footballcsv/cache.footballdata/f43a2aa0c65fb061c87e9541e7a567dd58ff933a/2019/no.1.csv,f43a2aa0c65fb061c87e9541e7a567dd58ff933a,84,2026-09-04T07:11:46.414Z,Eliteserien,2019,2019-06-16,Molde,Ranheim,2,0,H,,,,,source_reported_FT,Molde,Ranheim
footballcsv/cache.footballdata,https://raw.githubusercontent.com/footballcsv/cache.footballdata/f43a2aa0c65fb061c87e9541e7a567dd58ff933a/2019/no.1.csv,f43a2aa0c65fb061c87e9541e7a567dd58ff933a,86,2026-09-04T07:11:46.414Z,Eliteserien,2019,2019-06-16,Rosenborg,Valerenga,3,0,H,,,,,source_reported_FT,Rosenborg,Valerenga
footballcsv/cache.footballdata,https://raw.githubusercontent.com/footballcsv/cache.footballdata/f43a2aa0c65fb061c87e9541e7a567dd58ff933a/2019/no.1.csv,f43a2aa0c65fb061c87e9541e7a567dd58ff933a,85,2026-09-04T07:11:46.414Z,Eliteserien,2019,2019-06-16,Sarpsborg 08,Odd,2,0,H,,,,,source_reported_FT,Sarpsborg 08,Odd
footballcsv/cache.footballdata,https://raw.githubusercontent.com/footballcsv/cache.footballdata/f43a2aa0c65fb061c87e9541e7a567dd58ff933a/2019/no.1.csv,f43a2aa0c65fb061c87e9541e7a567dd58ff933a,87,2026-09-04T07:11:46.414Z,Eliteserien,2019,2019-06-17,Stabaek,Tromso,0,1,A,,,,,source_reported_FT,Stabaek,Tromso
footballcsv/cache.footballdata,https://raw.githubusercontent.com/footballcsv/cache.footballdata/f43a2aa0c65fb061c87e9541e7a567dd58ff933a/2019/no.1.csv,f43a2aa0c65fb061c87e9541e7a567dd58ff933a,88,2026-09-04T07:11:46.414Z,Eliteserien,2019,2019-06-22,Stromsgodset,Molde,0,4,A,,,,,source_reported_FT,Stromsgodset,Molde
footballcsv/cache.footballdata,https://raw.githubusercontent.com/footballcsv/cache.footballdata/f43a2aa0c65fb061c87e9541e7a567dd58ff933a/2019/no.1.csv,f43a2aa0c65fb061c87e9541e7a567dd58ff933a,95,2026-09-04T07:11:46.414Z,Eliteserien,2019,2019-06-23,Brann,Lillestrom,1,0,H,,,,,source_reported_FT,Brann,Lillestrom
footballcsv/cache.footballdata,https://raw.githubusercontent.com/footballcsv/cache.footballdata/f43a2aa0c65fb061c87e9541e7a567dd58ff933a/2019/no.1.csv,f43a2aa0c65fb061c87e9541e7a567dd58ff933a,90,2026-09-04T07:11:46.414Z,Eliteserien,2019,2019-06-23,Kristiansund,Stabaek,0,1,A,,,,,source_reported_FT,Kristiansund,Stabaek
footballcsv/cache.footballdata,https://raw.githubusercontent.com/footballcsv/cache.footballdata/f43a2aa0c65fb061c87e9541e7a567dd58ff933a/2019/no.1.csv,f43a2aa0c65fb061c87e9541e7a567dd58ff933a,91,2026-09-04T07:11:46.414Z,Eliteserien,2019,2019-06-23,Odd,Haugesund,3,1,H,,,,,source_reported_FT,Odd,Haugesund
footballcsv/cache.footballdata,https://raw.githubusercontent.com/footballcsv/cache.footballdata/f43a2aa0c65fb061c87e9541e7a567dd58ff933a/2019/no.1.csv,f43a2aa0c65fb061c87e9541e7a567dd58ff933a,92,2026-09-04T07:11:46.414Z,Eliteserien,2019,2019-06-23,Ranheim,Mjondalen,1,1,D,,,,,source_reported_FT,Ranheim,Mjondalen
footballcsv/cache.footballdata,https://raw.githubusercontent.com/footballcsv/cache.footballdata/f43a2aa0c65fb061c87e9541e7a567dd58ff933a/2019/no.1.csv,f43a2aa0c65fb061c87e9541e7a567dd58ff933a,93,2026-09-04T07:11:46.414Z,Eliteserien,2019,2019-06-23,Tromso,Rosenborg,1,0,H,,,,,source_reported_FT,Tromso,Rosenborg
footballcsv/cache.footballdata,https://raw.githubusercontent.com/footballcsv/cache.footballdata/f43a2aa0c65fb061c87e9541e7a567dd58ff933a/2019/no.1.csv,f43a2aa0c65fb061c87e9541e7a567dd58ff933a,89,2026-09-04T07:11:46.414Z,Eliteserien,2019,2019-06-23,Valerenga,Sarpsborg 08,1,1,D,,,,,source_reported_FT,Valerenga,Sarpsborg 08
footballcsv/cache.footballdata,https://raw.githubusercontent.com/footballcsv/cache.footballdata/f43a2aa0c65fb061c87e9541e7a567dd58ff933a/2019/no.1.csv,f43a2aa0c65fb061c87e9541e7a567dd58ff933a,94,2026-09-04T07:11:46.414Z,Eliteserien,2019,2019-06-23,Viking,Bodo/Glimt,3,4,A,,,,,source_reported_FT,Viking,Bodo/Glimt
footballcsv/cache.footballdata,https://raw.githubusercontent.com/footballcsv/cache.footballdata/f43a2aa0c65fb061c87e9541e7a567dd58ff933a/2019/no.1.csv,f43a2aa0c65fb061c87e9541e7a567dd58ff933a,96,2026-09-04T07:11:46.414Z,Eliteserien,2019,2019-06-29,Rosenborg,Kristiansund,1,0,H,,,,,source_reported_FT,Rosenborg,Kristiansund
footballcsv/cache.footballdata,https://raw.githubusercontent.com/footballcsv/cache.footballdata/f43a2aa0c65fb061c87e9541e7a567dd58ff933a/2019/no.1.csv,f43a2aa0c65fb061c87e9541e7a567dd58ff933a,97,2026-09-04T07:11:46.414Z,Eliteserien,2019,2019-06-30,Bodo/Glimt,Odd,3,0,H,,,,,source_reported_FT,Bodo/Glimt,Odd
footballcsv/cache.footballdata,https://raw.githubusercontent.com/footballcsv/cache.footballdata/f43a2aa0c65fb061c87e9541e7a567dd58ff933a/2019/no.1.csv,f43a2aa0c65fb061c87e9541e7a567dd58ff933a,98,2026-09-04T07:11:46.414Z,Eliteserien,2019,2019-06-30,Haugesund,Valerenga,1,4,A,,,,,source_reported_FT,Haugesund,Valerenga
footballcsv/cache.footballdata,https://raw.githubusercontent.com/footballcsv/cache.footballdata/f43a2aa0c65fb061c87e9541e7a567dd58ff933a/2019/no.1.csv,f43a2aa0c65fb061c87e9541e7a567dd58ff933a,99,2026-09-04T07:11:46.414Z,Eliteserien,2019,2019-06-30,Lillestrom,Tromso,4,0,H,,,,,source_reported_FT,Lillestrom,Tromso
footballcsv/cache.footballdata,https://raw.githubusercontent.com/footballcsv/cache.footballdata/f43a2aa0c65fb061c87e9541e7a567dd58ff933a/2019/no.1.csv,f43a2aa0c65fb061c87e9541e7a567dd58ff933a,100,2026-09-04T07:11:46.414Z,Eliteserien,2019,2019-06-30,Mjondalen,Viking,1,1,D,,,,,source_reported_FT,Mjondalen,Viking
footballcsv/cache.footballdata,https://raw.githubusercontent.com/footballcsv/cache.footballdata/f43a2aa0c65fb061c87e9541e7a567dd58ff933a/2019/no.1.csv,f43a2aa0c65fb061c87e9541e7a567dd58ff933a,102,2026-09-04T07:11:46.414Z,Eliteserien,2019,2019-06-30,Molde,Brann,1,1,D,,,,,source_reported_FT,Molde,Brann
footballcsv/cache.footballdata,https://raw.githubusercontent.com/footballcsv/cache.footballdata/f43a2aa0c65fb061c87e9541e7a567dd58ff933a/2019/no.1.csv,f43a2aa0c65fb061c87e9541e7a567dd58ff933a,101,2026-09-04T07:11:46.414Z,Eliteserien,2019,2019-06-30,Stabaek,Ranheim,0,0,D,,,,,source_reported_FT,Stabaek,Ranheim
footballcsv/cache.footballdata,https://raw.githubusercontent.com/footballcsv/cache.footballdata/f43a2aa0c65fb061c87e9541e7a567dd58ff933a/2019/no.1.csv,f43a2aa0c65fb061c87e9541e7a567dd58ff933a,103,2026-09-04T07:11:46.414Z,Eliteserien,2019,2019-07-01,Sarpsborg 08,Stromsgodset,2,2,D,,,,,source_reported_FT,Sarpsborg 08,Stromsgodset
footballcsv/cache.footballdata,https://raw.githubusercontent.com/footballcsv/cache.footballdata/f43a2aa0c65fb061c87e9541e7a567dd58ff933a/2019/no.1.csv,f43a2aa0c65fb061c87e9541e7a567dd58ff933a,104,2026-09-04T07:11:46.414Z,Eliteserien,2019,2019-07-04,Ranheim,Rosenborg,2,3,A,,,,,source_reported_FT,Ranheim,Rosenborg
footballcsv/cache.footballdata,https://raw.githubusercontent.com/footballcsv/cache.footballdata/f43a2aa0c65fb061c87e9541e7a567dd58ff933a/2019/no.1.csv,f43a2aa0c65fb061c87e9541e7a567dd58ff933a,105,2026-09-04T07:11:46.414Z,Eliteserien,2019,2019-07-05,Brann,Mjondalen,0,0,D,,,,,source_reported_FT,Brann,Mjondalen
footballcsv/cache.footballdata,https://raw.githubusercontent.com/footballcsv/cache.footballdata/f43a2aa0c65fb061c87e9541e7a567dd58ff933a/2019/no.1.csv,f43a2aa0c65fb061c87e9541e7a567dd58ff933a,106,2026-09-04T07:11:46.414Z,Eliteserien,2019,2019-07-05,Kristiansund,Lillestrom,5,2,H,,,,,source_reported_FT,Kristiansund,Lillestrom
footballcsv/cache.footballdata,https://raw.githubusercontent.com/footballcsv/cache.footballdata/f43a2aa0c65fb061c87e9541e7a567dd58ff933a/2019/no.1.csv,f43a2aa0c65fb061c87e9541e7a567dd58ff933a,107,2026-09-04T07:11:46.414Z,Eliteserien,2019,2019-07-05,Odd,Molde,2,2,D,,,,,source_reported_FT,Odd,Molde
footballcsv/cache.footballdata,https://raw.githubusercontent.com/footballcsv/cache.footballdata/f43a2aa0c65fb061c87e9541e7a567dd58ff933a/2019/no.1.csv,f43a2aa0c65fb061c87e9541e7a567dd58ff933a,108,2026-09-04T07:11:46.414Z,Eliteserien,2019,2019-07-05,Stromsgodset,Stabaek,0,2,A,,,,,source_reported_FT,Stromsgodset,Stabaek
footballcsv/cache.footballdata,https://raw.githubusercontent.com/footballcsv/cache.footballdata/f43a2aa0c65fb061c87e9541e7a567dd58ff933a/2019/no.1.csv,f43a2aa0c65fb061c87e9541e7a567dd58ff933a,109,2026-09-04T07:11:46.414Z,Eliteserien,2019,2019-07-05,Tromso,Sarpsborg 08,2,0,H,,,,,source_reported_FT,Tromso,Sarpsborg 08
footballcsv/cache.footballdata,https://raw.githubusercontent.com/footballcsv/cache.footballdata/f43a2aa0c65fb061c87e9541e7a567dd58ff933a/2019/no.1.csv,f43a2aa0c65fb061c87e9541e7a567dd58ff933a,110,2026-09-04T07:11:46.414Z,Eliteserien,2019,2019-07-05,Valerenga,Bodo/Glimt,6,0,H,,,,,source_reported_FT,Valerenga,Bodo/Glimt
footballcsv/cache.footballdata,https://raw.githubusercontent.com/footballcsv/cache.footballdata/f43a2aa0c65fb061c87e9541e7a567dd58ff933a/2019/no.1.csv,f43a2aa0c65fb061c87e9541e7a567dd58ff933a,111,2026-09-04T07:11:46.414Z,Eliteserien,2019,2019-07-05,Viking,Haugesund,0,0,D,,,,,source_reported_FT,Viking,Haugesund
footballcsv/cache.footballdata,https://raw.githubusercontent.com/footballcsv/cache.footballdata/f43a2aa0c65fb061c87e9541e7a567dd58ff933a/2019/no.1.csv,f43a2aa0c65fb061c87e9541e7a567dd58ff933a,112,2026-09-04T07:11:46.414Z,Eliteserien,2019,2019-07-10,Odd,Stabaek,2,1,H,,,,,source_reported_FT,Odd,Stabaek
footballcsv/cache.footballdata,https://raw.githubusercontent.com/footballcsv/cache.footballdata/f43a2aa0c65fb061c87e9541e7a567dd58ff933a/2019/no.1.csv,f43a2aa0c65fb061c87e9541e7a567dd58ff933a,114,2026-09-04T07:11:46.414Z,Eliteserien,2019,2019-07-13,Bodo/Glimt,Ranheim,5,1,H,,,,,source_reported_FT,Bodo/Glimt,Ranheim
footballcsv/cache.footballdata,https://raw.githubusercontent.com/footballcsv/cache.footballdata/f43a2aa0c65fb061c87e9541e7a567dd58ff933a/2019/no.1.csv,f43a2aa0c65fb061c87e9541e7a567dd58ff933a,113,2026-09-04T07:11:46.414Z,Eliteserien,2019,2019-07-13,Rosenborg,Viking,5,1,H,,,,,source_reported_FT,Rosenborg,Viking
footballcsv/cache.footballdata,https://raw.githubusercontent.com/footballcsv/cache.footballdata/f43a2aa0c65fb061c87e9541e7a567dd58ff933a/2019/no.1.csv,f43a2aa0c65fb061c87e9541e7a567dd58ff933a,115,2026-09-04T07:11:46.414Z,Eliteserien,2019,2019-07-14,Haugesund,Tromso,5,1,H,,,,,source_reported_FT,Haugesund,Tromso
footballcsv/cache.footballdata,https://raw.githubusercontent.com/footballcsv/cache.footballdata/f43a2aa0c65fb061c87e9541e7a567dd58ff933a/2019/no.1.csv,f43a2aa0c65fb061c87e9541e7a567dd58ff933a,117,2026-09-04T07:11:46.414Z,Eliteserien,2019,2019-07-14,Lillestrom,Stromsgodset,2,1,H,,,,,source_reported_FT,Lillestrom,Stromsgodset
footballcsv/cache.footballdata,https://raw.githubusercontent.com/footballcsv/cache.footballdata/f43a2aa0c65fb061c87e9541e7a567dd58ff933a/2019/no.1.csv,f43a2aa0c65fb061c87e9541e7a567dd58ff933a,116,2026-09-04T07:11:46.414Z,Eliteserien,2019,2019-07-14,Mjondalen,Odd,2,0,H,,,,,source_reported_FT,Mjondalen,Odd
footballcsv/cache.footballdata,https://raw.githubusercontent.com/footballcsv/cache.footballdata/f43a2aa0c65fb061c87e9541e7a567dd58ff933a/2019/no.1.csv,f43a2aa0c65fb061c87e9541e7a567dd58ff933a,118,2026-09-04T07:11:46.414Z,Eliteserien,2019,2019-07-15,Stabaek,Sarpsborg 08,3,3,D,,,,,source_reported_FT,Stabaek,Sarpsborg 08
footballcsv/cache.footballdata,https://raw.githubusercontent.com/footballcsv/cache.footballdata/f43a2aa0c65fb061c87e9541e7a567dd58ff933a/2019/no.1.csv,f43a2aa0c65fb061c87e9541e7a567dd58ff933a,119,2026-09-04T07:11:46.414Z,Eliteserien,2019,2019-07-21,Brann,Stabaek,2,1,H,,,,,source_reported_FT,Brann,Stabaek
footballcsv/cache.footballdata,https://raw.githubusercontent.com/footballcsv/cache.footballdata/f43a2aa0c65fb061c87e9541e7a567dd58ff933a/2019/no.1.csv,f43a2aa0c65fb061c87e9541e7a567dd58ff933a,120,2026-09-04T07:11:46.414Z,Eliteserien,2019,2019-07-21,Molde,Sarpsborg 08,2,1,H,,,,,source_reported_FT,Molde,Sarpsborg 08
footballcsv/cache.footballdata,https://raw.githubusercontent.com/footballcsv/cache.footballdata/f43a2aa0c65fb061c87e9541e7a567dd58ff933a/2019/no.1.csv,f43a2aa0c65fb061c87e9541e7a567dd58ff933a,121,2026-09-04T07:11:46.414Z,Eliteserien,2019,2019-08-03,Odd,Lillestrom,2,1,H,,,,,source_reported_FT,Odd,Lillestrom
footballcsv/cache.footballdata,https://raw.githubusercontent.com/footballcsv/cache.footballdata/f43a2aa0c65fb061c87e9541e7a567dd58ff933a/2019/no.1.csv,f43a2aa0c65fb061c87e9541e7a567dd58ff933a,122,2026-09-04T07:11:46.414Z,Eliteserien,2019,2019-08-03,Sarpsborg 08,Rosenborg,1,1,D,,,,,source_reported_FT,Sarpsborg 08,Rosenborg
footballcsv/cache.footballdata,https://raw.githubusercontent.com/footballcsv/cache.footballdata/f43a2aa0c65fb061c87e9541e7a567dd58ff933a/2019/no.1.csv,f43a2aa0c65fb061c87e9541e7a567dd58ff933a,123,2026-09-04T07:11:46.414Z,Eliteserien,2019,2019-08-04,Ranheim,Brann,0,3,A,,,,,source_reported_FT,Ranheim,Brann
footballcsv/cache.footballdata,https://raw.githubusercontent.com/footballcsv/cache.footballdata/f43a2aa0c65fb061c87e9541e7a567dd58ff933a/2019/no.1.csv,f43a2aa0c65fb061c87e9541e7a567dd58ff933a,124,2026-09-04T07:11:46.414Z,Eliteserien,2019,2019-08-04,Stabaek,Haugesund,1,1,D,,,,,source_reported_FT,Stabaek,Haugesund
footballcsv/cache.footballdata,https://raw.githubusercontent.com/footballcsv/cache.footballdata/f43a2aa0c65fb061c87e9541e7a567dd58ff933a/2019/no.1.csv,f43a2aa0c65fb061c87e9541e7a567dd58ff933a,125,2026-09-04T07:11:46.414Z,Eliteserien,2019,2019-08-04,Tromso,Mjondalen,2,2,D,,,,,source_reported_FT,Tromso,Mjondalen
footballcsv/cache.footballdata,https://raw.githubusercontent.com/footballcsv/cache.footballdata/f43a2aa0c65fb061c87e9541e7a567dd58ff933a/2019/no.1.csv,f43a2aa0c65fb061c87e9541e7a567dd58ff933a,127,2026-09-04T07:11:46.414Z,Eliteserien,2019,2019-08-04,Valerenga,Kristiansund,1,1,D,,,,,source_reported_FT,Valerenga,Kristiansund
footballcsv/cache.footballdata,https://raw.githubusercontent.com/footballcsv/cache.footballdata/f43a2aa0c65fb061c87e9541e7a567dd58ff933a/2019/no.1.csv,f43a2aa0c65fb061c87e9541e7a567dd58ff933a,126,2026-09-04T07:11:46.414Z,Eliteserien,2019,2019-08-04,Viking,Molde,0,2,A,,,,,source_reported_FT,Viking,Molde
footballcsv/cache.footballdata,https://raw.githubusercontent.com/footballcsv/cache.footballdata/f43a2aa0c65fb061c87e9541e7a567dd58ff933a/2019/no.1.csv,f43a2aa0c65fb061c87e9541e7a567dd58ff933a,128,2026-09-04T07:11:46.414Z,Eliteserien,2019,2019-08-05,Stromsgodset,Bodo/Glimt,1,3,A,,,,,source_reported_FT,Stromsgodset,Bodo/Glimt
footballcsv/cache.footballdata,https://raw.githubusercontent.com/footballcsv/cache.footballdata/f43a2aa0c65fb061c87e9541e7a567dd58ff933a/2019/no.1.csv,f43a2aa0c65fb061c87e9541e7a567dd58ff933a,129,2026-09-04T07:11:46.414Z,Eliteserien,2019,2019-08-10,Rosenborg,Tromso,5,2,H,,,,,source_reported_FT,Rosenborg,Tromso
footballcsv/cache.footballdata,https://raw.githubusercontent.com/footballcsv/cache.footballdata/f43a2aa0c65fb061c87e9541e7a567dd58ff933a/2019/no.1.csv,f43a2aa0c65fb061c87e9541e7a567dd58ff933a,130,2026-09-04T07:11:46.414Z,Eliteserien,2019,2019-08-11,Bodo/Glimt,Viking,2,1,H,,,,,source_reported_FT,Bodo/Glimt,Viking
footballcsv/cache.footballdata,https://raw.githubusercontent.com/footballcsv/cache.footballdata/f43a2aa0c65fb061c87e9541e7a567dd58ff933a/2019/no.1.csv,f43a2aa0c65fb061c87e9541e7a567dd58ff933a,131,2026-09-04T07:11:46.414Z,Eliteserien,2019,2019-08-11,Haugesund,Ranheim,0,1,A,,,,,source_reported_FT,Haugesund,Ranheim
footballcsv/cache.footballdata,https://raw.githubusercontent.com/footballcsv/cache.footballdata/f43a2aa0c65fb061c87e9541e7a567dd58ff933a/2019/no.1.csv,f43a2aa0c65fb061c87e9541e7a567dd58ff933a,132,2026-09-04T07:11:46.414Z,Eliteserien,2019,2019-08-11,Kristiansund,Odd,1,1,D,,,,,source_reported_FT,Kristiansund,Odd
footballcsv/cache.footballdata,https://raw.githubusercontent.com/footballcsv/cache.footballdata/f43a2aa0c65fb061c87e9541e7a567dd58ff933a/2019/no.1.csv,f43a2aa0c65fb061c87e9541e7a567dd58ff933a,133,2026-09-04T07:11:46.414Z,Eliteserien,2019,2019-08-11,Stromsgodset,Valerenga,3,2,H,,,,,source_reported_FT,Stromsgodset,Valerenga
footballcsv/cache.footballdata,https://raw.githubusercontent.com/footballcsv/cache.footballdata/f43a2aa0c65fb061c87e9541e7a567dd58ff933a/2019/no.1.csv,f43a2aa0c65fb061c87e9541e7a567dd58ff933a,134,2026-09-04T07:11:46.414Z,Eliteserien,2019,2019-08-12,Lillestrom,Mjondalen,3,2,H,,,,,source_reported_FT,Lillestrom,Mjondalen
footballcsv/cache.footballdata,https://raw.githubusercontent.com/footballcsv/cache.footballdata/f43a2aa0c65fb061c87e9541e7a567dd58ff933a/2019/no.1.csv,f43a2aa0c65fb061c87e9541e7a567dd58ff933a,135,2026-09-04T07:11:46.414Z,Eliteserien,2019,2019-08-14,Kristiansund,Bodo/Glimt,1,2,A,,,,,source_reported_FT,Kristiansund,Bodo/Glimt
footballcsv/cache.footballdata,https://raw.githubusercontent.com/footballcsv/cache.footballdata/f43a2aa0c65fb061c87e9541e7a567dd58ff933a/2019/no.1.csv,f43a2aa0c65fb061c87e9541e7a567dd58ff933a,136,2026-09-04T07:11:46.414Z,Eliteserien,2019,2019-08-14,Stabaek,Valerenga,1,1,D,,,,,source_reported_FT,Stabaek,Valerenga
footballcsv/cache.footballdata,https://raw.githubusercontent.com/footballcsv/cache.footballdata/f43a2aa0c65fb061c87e9541e7a567dd58ff933a/2019/no.1.csv,f43a2aa0c65fb061c87e9541e7a567dd58ff933a,137,2026-09-04T07:11:46.414Z,Eliteserien,2019,2019-08-14,Viking,Sarpsborg 08,2,1,H,,,,,source_reported_FT,Viking,Sarpsborg 08
footballcsv/cache.footballdata,https://raw.githubusercontent.com/footballcsv/cache.footballdata/f43a2aa0c65fb061c87e9541e7a567dd58ff933a/2019/no.1.csv,f43a2aa0c65fb061c87e9541e7a567dd58ff933a,138,2026-09-04T07:11:46.414Z,Eliteserien,2019,2019-08-17,Odd,Rosenborg,1,1,D,,,,,source_reported_FT,Odd,Rosenborg
footballcsv/cache.footballdata,https://raw.githubusercontent.com/footballcsv/cache.footballdata/f43a2aa0c65fb061c87e9541e7a567dd58ff933a/2019/no.1.csv,f43a2aa0c65fb061c87e9541e7a567dd58ff933a,140,2026-09-04T07:11:46.414Z,Eliteserien,2019,2019-08-18,Mjondalen,Brann,2,1,H,,,,,source_reported_FT,Mjondalen,Brann
footballcsv/cache.footballdata,https://raw.githubusercontent.com/footballcsv/cache.footballdata/f43a2aa0c65fb061c87e9541e7a567dd58ff933a/2019/no.1.csv,f43a2aa0c65fb061c87e9541e7a567dd58ff933a,141,2026-09-04T07:11:46.414Z,Eliteserien,2019,2019-08-18,Ranheim,Molde,2,3,A,,,,,source_reported_FT,Ranheim,Molde
footballcsv/cache.footballdata,https://raw.githubusercontent.com/footballcsv/cache.footballdata/f43a2aa0c65fb061c87e9541e7a567dd58ff933a/2019/no.1.csv,f43a2aa0c65fb061c87e9541e7a567dd58ff933a,139,2026-09-04T07:11:46.414Z,Eliteserien,2019,2019-08-18,Stabaek,Kristiansund,2,0,H,,,,,source_reported_FT,Stabaek,Kristiansund
footballcsv/cache.footballdata,https://raw.githubusercontent.com/footballcsv/cache.footballdata/f43a2aa0c65fb061c87e9541e7a567dd58ff933a/2019/no.1.csv,f43a2aa0c65fb061c87e9541e7a567dd58ff933a,142,2026-09-04T07:11:46.414Z,Eliteserien,2019,2019-08-18,Tromso,Lillestrom,1,1,D,,,,,source_reported_FT,Tromso,Lillestrom
footballcsv/cache.footballdata,https://raw.githubusercontent.com/footballcsv/cache.footballdata/f43a2aa0c65fb061c87e9541e7a567dd58ff933a/2019/no.1.csv,f43a2aa0c65fb061c87e9541e7a567dd58ff933a,143,2026-09-04T07:11:46.414Z,Eliteserien,2019,2019-08-18,Valerenga,Haugesund,1,2,A,,,,,source_reported_FT,Valerenga,Haugesund
footballcsv/cache.footballdata,https://raw.githubusercontent.com/footballcsv/cache.footballdata/f43a2aa0c65fb061c87e9541e7a567dd58ff933a/2019/no.1.csv,f43a2aa0c65fb061c87e9541e7a567dd58ff933a,144,2026-09-04T07:11:46.414Z,Eliteserien,2019,2019-08-18,Viking,Stromsgodset,4,0,H,,,,,source_reported_FT,Viking,Stromsgodset
footballcsv/cache.footballdata,https://raw.githubusercontent.com/footballcsv/cache.footballdata/f43a2aa0c65fb061c87e9541e7a567dd58ff933a/2019/no.1.csv,f43a2aa0c65fb061c87e9541e7a567dd58ff933a,145,2026-09-04T07:11:46.414Z,Eliteserien,2019,2019-08-19,Sarpsborg 08,Bodo/Glimt,1,1,D,,,,,source_reported_FT,Sarpsborg 08,Bodo/Glimt
footballcsv/cache.footballdata,https://raw.githubusercontent.com/footballcsv/cache.footballdata/f43a2aa0c65fb061c87e9541e7a567dd58ff933a/2019/no.1.csv,f43a2aa0c65fb061c87e9541e7a567dd58ff933a,146,2026-09-04T07:11:46.414Z,Eliteserien,2019,2019-08-24,Rosenborg,Stabaek,3,2,H,,,,,source_reported_FT,Rosenborg,Stabaek
footballcsv/cache.footballdata,https://raw.githubusercontent.com/footballcsv/cache.footballdata/f43a2aa0c65fb061c87e9541e7a567dd58ff933a/2019/no.1.csv,f43a2aa0c65fb061c87e9541e7a567dd58ff933a,147,2026-09-04T07:11:46.414Z,Eliteserien,2019,2019-08-25,Brann,Tromso,2,3,A,,,,,source_reported_FT,Brann,Tromso
footballcsv/cache.footballdata,https://raw.githubusercontent.com/footballcsv/cache.footballdata/f43a2aa0c65fb061c87e9541e7a567dd58ff933a/2019/no.1.csv,f43a2aa0c65fb061c87e9541e7a567dd58ff933a,148,2026-09-04T07:11:46.414Z,Eliteserien,2019,2019-08-25,Haugesund,Lillestrom,0,2,A,,,,,source_reported_FT,Haugesund,Lillestrom
footballcsv/cache.footballdata,https://raw.githubusercontent.com/footballcsv/cache.footballdata/f43a2aa0c65fb061c87e9541e7a567dd58ff933a/2019/no.1.csv,f43a2aa0c65fb061c87e9541e7a567dd58ff933a,149,2026-09-04T07:11:46.414Z,Eliteserien,2019,2019-08-25,Kristiansund,Mjondalen,4,0,H,,,,,source_reported_FT,Kristiansund,Mjondalen
footballcsv/cache.footballdata,https://raw.githubusercontent.com/footballcsv/cache.footballdata/f43a2aa0c65fb061c87e9541e7a567dd58ff933a/2019/no.1.csv,f43a2aa0c65fb061c87e9541e7a567dd58ff933a,150,2026-09-04T07:11:46.414Z,Eliteserien,2019,2019-08-25,Molde,Odd,2,2,D,,,,,source_reported_FT,Molde,Odd
footballcsv/cache.footballdata,https://raw.githubusercontent.com/footballcsv/cache.footballdata/f43a2aa0c65fb061c87e9541e7a567dd58ff933a/2019/no.1.csv,f43a2aa0c65fb061c87e9541e7a567dd58ff933a,152,2026-09-04T07:11:46.414Z,Eliteserien,2019,2019-08-25,Stromsgodset,Sarpsborg 08,2,1,H,,,,,source_reported_FT,Stromsgodset,Sarpsborg 08
footballcsv/cache.footballdata,https://raw.githubusercontent.com/footballcsv/cache.footballdata/f43a2aa0c65fb061c87e9541e7a567dd58ff933a/2019/no.1.csv,f43a2aa0c65fb061c87e9541e7a567dd58ff933a,151,2026-09-04T07:11:46.414Z,Eliteserien,2019,2019-08-25,Viking,Ranheim,2,2,D,,,,,source_reported_FT,Viking,Ranheim
footballcsv/cache.footballdata,https://raw.githubusercontent.com/footballcsv/cache.footballdata/f43a2aa0c65fb061c87e9541e7a567dd58ff933a/2019/no.1.csv,f43a2aa0c65fb061c87e9541e7a567dd58ff933a,153,2026-09-04T07:11:46.414Z,Eliteserien,2019,2019-08-26,Bodo/Glimt,Valerenga,4,0,H,,,,,source_reported_FT,Bodo/Glimt,Valerenga
footballcsv/cache.footballdata,https://raw.githubusercontent.com/footballcsv/cache.footballdata/f43a2aa0c65fb061c87e9541e7a567dd58ff933a/2019/no.1.csv,f43a2aa0c65fb061c87e9541e7a567dd58ff933a,154,2026-09-04T07:11:46.414Z,Eliteserien,2019,2019-08-30,Odd,Bodo/Glimt,3,1,H,,,,,source_reported_FT,Odd,Bodo/Glimt
footballcsv/cache.footballdata,https://raw.githubusercontent.com/footballcsv/cache.footballdata/f43a2aa0c65fb061c87e9541e7a567dd58ff933a/2019/no.1.csv,f43a2aa0c65fb061c87e9541e7a567dd58ff933a,155,2026-09-04T07:11:46.414Z,Eliteserien,2019,2019-08-31,Stabaek,Stromsgodset,2,1,H,,,,,source_reported_FT,Stabaek,Stromsgodset
footballcsv/cache.footballdata,https://raw.githubusercontent.com/footballcsv/cache.footballdata/f43a2aa0c65fb061c87e9541e7a567dd58ff933a/2019/no.1.csv,f43a2aa0c65fb061c87e9541e7a567dd58ff933a,156,2026-09-04T07:11:46.414Z,Eliteserien,2019,2019-09-01,Lillestrom,Brann,1,3,A,,,,,source_reported_FT,Lillestrom,Brann
footballcsv/cache.footballdata,https://raw.githubusercontent.com/footballcsv/cache.footballdata/f43a2aa0c65fb061c87e9541e7a567dd58ff933a/2019/no.1.csv,f43a2aa0c65fb061c87e9541e7a567dd58ff933a,157,2026-09-04T07:11:46.414Z,Eliteserien,2019,2019-09-01,Mjondalen,Molde,1,3,A,,,,,source_reported_FT,Mjondalen,Molde
footballcsv/cache.footballdata,https://raw.githubusercontent.com/footballcsv/cache.footballdata/f43a2aa0c65fb061c87e9541e7a567dd58ff933a/2019/no.1.csv,f43a2aa0c65fb061c87e9541e7a567dd58ff933a,158,2026-09-04T07:11:46.414Z,Eliteserien,2019,2019-09-01,Ranheim,Kristiansund,1,2,A,,,,,source_reported_FT,Ranheim,Kristiansund
footballcsv/cache.footballdata,https://raw.githubusercontent.com/footballcsv/cache.footballdata/f43a2aa0c65fb061c87e9541e7a567dd58ff933a/2019/no.1.csv,f43a2aa0c65fb061c87e9541e7a567dd58ff933a,159,2026-09-04T07:11:46.414Z,Eliteserien,2019,2019-09-01,Sarpsborg 08,Viking,2,2,D,,,,,source_reported_FT,Sarpsborg 08,Viking
footballcsv/cache.footballdata,https://raw.githubusercontent.com/footballcsv/cache.footballdata/f43a2aa0c65fb061c87e9541e7a567dd58ff933a/2019/no.1.csv,f43a2aa0c65fb061c87e9541e7a567dd58ff933a,160,2026-09-04T07:11:46.414Z,Eliteserien,2019,2019-09-01,Tromso,Haugesund,2,2,D,,,,,source_reported_FT,Tromso,Haugesund
footballcsv/cache.footballdata,https://raw.githubusercontent.com/footballcsv/cache.footballdata/f43a2aa0c65fb061c87e9541e7a567dd58ff933a/2019/no.1.csv,f43a2aa0c65fb061c87e9541e7a567dd58ff933a,161,2026-09-04T07:11:46.414Z,Eliteserien,2019,2019-09-01,Valerenga,Rosenborg,1,1,D,,,,,source_reported_FT,Valerenga,Rosenborg
footballcsv/cache.footballdata,https://raw.githubusercontent.com/footballcsv/cache.footballdata/f43a2aa0c65fb061c87e9541e7a567dd58ff933a/2019/no.1.csv,f43a2aa0c65fb061c87e9541e7a567dd58ff933a,162,2026-09-04T07:11:46.414Z,Eliteserien,2019,2019-09-14,Rosenborg,Lillestrom,3,1,H,,,,,source_reported_FT,Rosenborg,Lillestrom
footballcsv/cache.footballdata,https://raw.githubusercontent.com/footballcsv/cache.footballdata/f43a2aa0c65fb061c87e9541e7a567dd58ff933a/2019/no.1.csv,f43a2aa0c65fb061c87e9541e7a567dd58ff933a,163,2026-09-04T07:11:46.414Z,Eliteserien,2019,2019-09-15,Bodo/Glimt,Stabaek,3,3,D,,,,,source_reported_FT,Bodo/Glimt,Stabaek
footballcsv/cache.footballdata,https://raw.githubusercontent.com/footballcsv/cache.footballdata/f43a2aa0c65fb061c87e9541e7a567dd58ff933a/2019/no.1.csv,f43a2aa0c65fb061c87e9541e7a567dd58ff933a,164,2026-09-04T07:11:46.414Z,Eliteserien,2019,2019-09-15,Haugesund,Mjondalen,0,0,D,,,,,source_reported_FT,Haugesund,Mjondalen
footballcsv/cache.footballdata,https://raw.githubusercontent.com/footballcsv/cache.footballdata/f43a2aa0c65fb061c87e9541e7a567dd58ff933a/2019/no.1.csv,f43a2aa0c65fb061c87e9541e7a567dd58ff933a,168,2026-09-04T07:11:46.414Z,Eliteserien,2019,2019-09-15,Kristiansund,Brann,1,0,H,,,,,source_reported_FT,Kristiansund,Brann
footballcsv/cache.footballdata,https://raw.githubusercontent.com/footballcsv/cache.footballdata/f43a2aa0c65fb061c87e9541e7a567dd58ff933a/2019/no.1.csv,f43a2aa0c65fb061c87e9541e7a567dd58ff933a,165,2026-09-04T07:11:46.414Z,Eliteserien,2019,2019-09-15,Molde,Tromso,3,0,H,,,,,source_reported_FT,Molde,Tromso
footballcsv/cache.footballdata,https://raw.githubusercontent.com/footballcsv/cache.footballdata/f43a2aa0c65fb061c87e9541e7a567dd58ff933a/2019/no.1.csv,f43a2aa0c65fb061c87e9541e7a567dd58ff933a,166,2026-09-04T07:11:46.414Z,Eliteserien,2019,2019-09-15,Stromsgodset,Ranheim,1,0,H,,,,,source_reported_FT,Stromsgodset,Ranheim
footballcsv/cache.footballdata,https://raw.githubusercontent.com/footballcsv/cache.footballdata/f43a2aa0c65fb061c87e9541e7a567dd58ff933a/2019/no.1.csv,f43a2aa0c65fb061c87e9541e7a567dd58ff933a,167,2026-09-04T07:11:46.414Z,Eliteserien,2019,2019-09-15,Viking,Odd,2,0,H,,,,,source_reported_FT,Viking,Odd
footballcsv/cache.footballdata,https://raw.githubusercontent.com/footballcsv/cache.footballdata/f43a2aa0c65fb061c87e9541e7a567dd58ff933a/2019/no.1.csv,f43a2aa0c65fb061c87e9541e7a567dd58ff933a,169,2026-09-04T07:11:46.414Z,Eliteserien,2019,2019-09-16,Sarpsborg 08,Valerenga,1,0,H,,,,,source_reported_FT,Sarpsborg 08,Valerenga
footballcsv/cache.footballdata,https://raw.githubusercontent.com/footballcsv/cache.footballdata/f43a2aa0c65fb061c87e9541e7a567dd58ff933a/2019/no.1.csv,f43a2aa0c65fb061c87e9541e7a567dd58ff933a,170,2026-09-04T07:11:46.414Z,Eliteserien,2019,2019-09-21,Brann,Haugesund,0,0,D,,,,,source_reported_FT,Brann,Haugesund
footballcsv/cache.footballdata,https://raw.githubusercontent.com/footballcsv/cache.footballdata/f43a2aa0c65fb061c87e9541e7a567dd58ff933a/2019/no.1.csv,f43a2aa0c65fb061c87e9541e7a567dd58ff933a,171,2026-09-04T07:11:46.414Z,Eliteserien,2019,2019-09-22,Lillestrom,Kristiansund,1,1,D,,,,,source_reported_FT,Lillestrom,Kristiansund
footballcsv/cache.footballdata,https://raw.githubusercontent.com/footballcsv/cache.footballdata/f43a2aa0c65fb061c87e9541e7a567dd58ff933a/2019/no.1.csv,f43a2aa0c65fb061c87e9541e7a567dd58ff933a,176,2026-09-04T07:11:46.414Z,Eliteserien,2019,2019-09-22,Mjondalen,Rosenborg,1,2,A,,,,,source_reported_FT,Mjondalen,Rosenborg
footballcsv/cache.footballdata,https://raw.githubusercontent.com/footballcsv/cache.footballdata/f43a2aa0c65fb061c87e9541e7a567dd58ff933a/2019/no.1.csv,f43a2aa0c65fb061c87e9541e7a567dd58ff933a,172,2026-09-04T07:11:46.414Z,Eliteserien,2019,2019-09-22,Odd,Sarpsborg 08,3,0,H,,,,,source_reported_FT,Odd,Sarpsborg 08
footballcsv/cache.footballdata,https://raw.githubusercontent.com/footballcsv/cache.footballdata/f43a2aa0c65fb061c87e9541e7a567dd58ff933a/2019/no.1.csv,f43a2aa0c65fb061c87e9541e7a567dd58ff933a,173,2026-09-04T07:11:46.414Z,Eliteserien,2019,2019-09-22,Ranheim,Bodo/Glimt,1,1,D,,,,,source_reported_FT,Ranheim,Bodo/Glimt
footballcsv/cache.footballdata,https://raw.githubusercontent.com/footballcsv/cache.footballdata/f43a2aa0c65fb061c87e9541e7a567dd58ff933a/2019/no.1.csv,f43a2aa0c65fb061c87e9541e7a567dd58ff933a,174,2026-09-04T07:11:46.414Z,Eliteserien,2019,2019-09-22,Tromso,Stromsgodset,0,1,A,,,,,source_reported_FT,Tromso,Stromsgodset
footballcsv/cache.footballdata,https://raw.githubusercontent.com/footballcsv/cache.footballdata/f43a2aa0c65fb061c87e9541e7a567dd58ff933a/2019/no.1.csv,f43a2aa0c65fb061c87e9541e7a567dd58ff933a,175,2026-09-04T07:11:46.414Z,Eliteserien,2019,2019-09-22,Valerenga,Viking,0,4,A,,,,,source_reported_FT,Valerenga,Viking
footballcsv/cache.footballdata,https://raw.githubusercontent.com/footballcsv/cache.footballdata/f43a2aa0c65fb061c87e9541e7a567dd58ff933a/2019/no.1.csv,f43a2aa0c65fb061c87e9541e7a567dd58ff933a,177,2026-09-04T07:11:46.414Z,Eliteserien,2019,2019-09-23,Stabaek,Molde,1,2,A,,,,,source_reported_FT,Stabaek,Molde
footballcsv/cache.footballdata,https://raw.githubusercontent.com/footballcsv/cache.footballdata/f43a2aa0c65fb061c87e9541e7a567dd58ff933a/2019/no.1.csv,f43a2aa0c65fb061c87e9541e7a567dd58ff933a,178,2026-09-04T07:11:46.414Z,Eliteserien,2019,2019-09-28,Rosenborg,Brann,0,0,D,,,,,source_reported_FT,Rosenborg,Brann
footballcsv/cache.footballdata,https://raw.githubusercontent.com/footballcsv/cache.footballdata/f43a2aa0c65fb061c87e9541e7a567dd58ff933a/2019/no.1.csv,f43a2aa0c65fb061c87e9541e7a567dd58ff933a,184,2026-09-04T07:11:46.414Z,Eliteserien,2019,2019-09-29,Bodo/Glimt,Tromso,4,0,H,,,,,source_reported_FT,Bodo/Glimt,Tromso
footballcsv/cache.footballdata,https://raw.githubusercontent.com/footballcsv/cache.footballdata/f43a2aa0c65fb061c87e9541e7a567dd58ff933a/2019/no.1.csv,f43a2aa0c65fb061c87e9541e7a567dd58ff933a,179,2026-09-04T07:11:46.414Z,Eliteserien,2019,2019-09-29,Kristiansund,Haugesund,2,2,D,,,,,source_reported_FT,Kristiansund,Haugesund
footballcsv/cache.footballdata,https://raw.githubusercontent.com/footballcsv/cache.footballdata/f43a2aa0c65fb061c87e9541e7a567dd58ff933a/2019/no.1.csv,f43a2aa0c65fb061c87e9541e7a567dd58ff933a,180,2026-09-04T07:11:46.414Z,Eliteserien,2019,2019-09-29,Molde,Lillestrom,2,1,H,,,,,source_reported_FT,Molde,Lillestrom
footballcsv/cache.footballdata,https://raw.githubusercontent.com/footballcsv/cache.footballdata/f43a2aa0c65fb061c87e9541e7a567dd58ff933a/2019/no.1.csv,f43a2aa0c65fb061c87e9541e7a567dd58ff933a,181,2026-09-04T07:11:46.414Z,Eliteserien,2019,2019-09-29,Sarpsborg 08,Stabaek,0,0,D,,,,,source_reported_FT,Sarpsborg 08,Stabaek
footballcsv/cache.footballdata,https://raw.githubusercontent.com/footballcsv/cache.footballdata/f43a2aa0c65fb061c87e9541e7a567dd58ff933a/2019/no.1.csv,f43a2aa0c65fb061c87e9541e7a567dd58ff933a,182,2026-09-04T07:11:46.414Z,Eliteserien,2019,2019-09-29,Stromsgodset,Odd,2,3,A,,,,,source_reported_FT,Stromsgodset,Odd
footballcsv/cache.footballdata,https://raw.githubusercontent.com/footballcsv/cache.footballdata/f43a2aa0c65fb061c87e9541e7a567dd58ff933a/2019/no.1.csv,f43a2aa0c65fb061c87e9541e7a567dd58ff933a,183,2026-09-04T07:11:46.414Z,Eliteserien,2019,2019-09-29,Valerenga,Ranheim,1,1,D,,,,,source_reported_FT,Valerenga,Ranheim
footballcsv/cache.footballdata,https://raw.githubusercontent.com/footballcsv/cache.footballdata/f43a2aa0c65fb061c87e9541e7a567dd58ff933a/2019/no.1.csv,f43a2aa0c65fb061c87e9541e7a567dd58ff933a,185,2026-09-04T07:11:46.414Z,Eliteserien,2019,2019-09-30,Viking,Mjondalen,4,1,H,,,,,source_reported_FT,Viking,Mjondalen
footballcsv/cache.footballdata,https://raw.githubusercontent.com/footballcsv/cache.footballdata/f43a2aa0c65fb061c87e9541e7a567dd58ff933a/2019/no.1.csv,f43a2aa0c65fb061c87e9541e7a567dd58ff933a,186,2026-09-04T07:11:46.414Z,Eliteserien,2019,2019-10-04,Mjondalen,Stromsgodset,1,1,D,,,,,source_reported_FT,Mjondalen,Stromsgodset
footballcsv/cache.footballdata,https://raw.githubusercontent.com/footballcsv/cache.footballdata/f43a2aa0c65fb061c87e9541e7a567dd58ff933a/2019/no.1.csv,f43a2aa0c65fb061c87e9541e7a567dd58ff933a,187,2026-09-04T07:11:46.414Z,Eliteserien,2019,2019-10-05,Odd,Valerenga,1,1,D,,,,,source_reported_FT,Odd,Valerenga
footballcsv/cache.footballdata,https://raw.githubusercontent.com/footballcsv/cache.footballdata/f43a2aa0c65fb061c87e9541e7a567dd58ff933a/2019/no.1.csv,f43a2aa0c65fb061c87e9541e7a567dd58ff933a,193,2026-09-04T07:11:46.414Z,Eliteserien,2019,2019-10-06,Brann,Molde,0,0,D,,,,,source_reported_FT,Brann,Molde
footballcsv/cache.footballdata,https://raw.githubusercontent.com/footballcsv/cache.footballdata/f43a2aa0c65fb061c87e9541e7a567dd58ff933a/2019/no.1.csv,f43a2aa0c65fb061c87e9541e7a567dd58ff933a,188,2026-09-04T07:11:46.414Z,Eliteserien,2019,2019-10-06,Haugesund,Rosenborg,2,1,H,,,,,source_reported_FT,Haugesund,Rosenborg
footballcsv/cache.footballdata,https://raw.githubusercontent.com/footballcsv/cache.footballdata/f43a2aa0c65fb061c87e9541e7a567dd58ff933a/2019/no.1.csv,f43a2aa0c65fb061c87e9541e7a567dd58ff933a,189,2026-09-04T07:11:46.414Z,Eliteserien,2019,2019-10-06,Lillestrom,Bodo/Glimt,0,0,D,,,,,source_reported_FT,Lillestrom,Bodo/Glimt
footballcsv/cache.footballdata,https://raw.githubusercontent.com/footballcsv/cache.footballdata/f43a2aa0c65fb061c87e9541e7a567dd58ff933a/2019/no.1.csv,f43a2aa0c65fb061c87e9541e7a567dd58ff933a,190,2026-09-04T07:11:46.414Z,Eliteserien,2019,2019-10-06,Ranheim,Sarpsborg 08,0,2,A,,,,,source_reported_FT,Ranheim,Sarpsborg 08
footballcsv/cache.footballdata,https://raw.githubusercontent.com/footballcsv/cache.footballdata/f43a2aa0c65fb061c87e9541e7a567dd58ff933a/2019/no.1.csv,f43a2aa0c65fb061c87e9541e7a567dd58ff933a,191,2026-09-04T07:11:46.414Z,Eliteserien,2019,2019-10-06,Stabaek,Viking,0,0,D,,,,,source_reported_FT,Stabaek,Viking
footballcsv/cache.footballdata,https://raw.githubusercontent.com/footballcsv/cache.footballdata/f43a2aa0c65fb061c87e9541e7a567dd58ff933a/2019/no.1.csv,f43a2aa0c65fb061c87e9541e7a567dd58ff933a,192,2026-09-04T07:11:46.414Z,Eliteserien,2019,2019-10-06,Tromso,Kristiansund,5,0,H,,,,,source_reported_FT,Tromso,Kristiansund
footballcsv/cache.footballdata,https://raw.githubusercontent.com/footballcsv/cache.footballdata/f43a2aa0c65fb061c87e9541e7a567dd58ff933a/2019/no.1.csv,f43a2aa0c65fb061c87e9541e7a567dd58ff933a,194,2026-09-04T07:11:46.414Z,Eliteserien,2019,2019-10-19,Kristiansund,Rosenborg,2,2,D,,,,,source_reported_FT,Kristiansund,Rosenborg
footballcsv/cache.footballdata,https://raw.githubusercontent.com/footballcsv/cache.footballdata/f43a2aa0c65fb061c87e9541e7a567dd58ff933a/2019/no.1.csv,f43a2aa0c65fb061c87e9541e7a567dd58ff933a,195,2026-09-04T07:11:46.414Z,Eliteserien,2019,2019-10-19,Valerenga,Stabaek,0,2,A,,,,,source_reported_FT,Valerenga,Stabaek
footballcsv/cache.footballdata,https://raw.githubusercontent.com/footballcsv/cache.footballdata/f43a2aa0c65fb061c87e9541e7a567dd58ff933a/2019/no.1.csv,f43a2aa0c65fb061c87e9541e7a567dd58ff933a,196,2026-09-04T07:11:46.414Z,Eliteserien,2019,2019-10-20,Molde,Haugesund,3,1,H,,,,,source_reported_FT,Molde,Haugesund
footballcsv/cache.footballdata,https://raw.githubusercontent.com/footballcsv/cache.footballdata/f43a2aa0c65fb061c87e9541e7a567dd58ff933a/2019/no.1.csv,f43a2aa0c65fb061c87e9541e7a567dd58ff933a,197,2026-09-04T07:11:46.414Z,Eliteserien,2019,2019-10-20,Ranheim,Odd,4,1,H,,,,,source_reported_FT,Ranheim,Odd
footballcsv/cache.footballdata,https://raw.githubusercontent.com/footballcsv/cache.footballdata/f43a2aa0c65fb061c87e9541e7a567dd58ff933a/2019/no.1.csv,f43a2aa0c65fb061c87e9541e7a567dd58ff933a,200,2026-09-04T07:11:46.414Z,Eliteserien,2019,2019-10-20,Sarpsborg 08,Brann,1,1,D,,,,,source_reported_FT,Sarpsborg 08,Brann
footballcsv/cache.footballdata,https://raw.githubusercontent.com/footballcsv/cache.footballdata/f43a2aa0c65fb061c87e9541e7a567dd58ff933a/2019/no.1.csv,f43a2aa0c65fb061c87e9541e7a567dd58ff933a,198,2026-09-04T07:11:46.414Z,Eliteserien,2019,2019-10-20,Stromsgodset,Lillestrom,1,1,D,,,,,source_reported_FT,Stromsgodset,Lillestrom
footballcsv/cache.footballdata,https://raw.githubusercontent.com/footballcsv/cache.footballdata/f43a2aa0c65fb061c87e9541e7a567dd58ff933a/2019/no.1.csv,f43a2aa0c65fb061c87e9541e7a567dd58ff933a,199,2026-09-04T07:11:46.414Z,Eliteserien,2019,2019-10-20,Viking,Tromso,2,1,H,,,,,source_reported_FT,Viking,Tromso
footballcsv/cache.footballdata,https://raw.githubusercontent.com/footballcsv/cache.footballdata/f43a2aa0c65fb061c87e9541e7a567dd58ff933a/2019/no.1.csv,f43a2aa0c65fb061c87e9541e7a567dd58ff933a,201,2026-09-04T07:11:46.414Z,Eliteserien,2019,2019-10-21,Bodo/Glimt,Mjondalen,0,0,D,,,,,source_reported_FT,Bodo/Glimt,Mjondalen
footballcsv/cache.footballdata,https://raw.githubusercontent.com/footballcsv/cache.footballdata/f43a2aa0c65fb061c87e9541e7a567dd58ff933a/2019/no.1.csv,f43a2aa0c65fb061c87e9541e7a567dd58ff933a,202,2026-09-04T07:11:46.414Z,Eliteserien,2019,2019-10-26,Lillestrom,Valerenga,0,0,D,,,,,source_reported_FT,Lillestrom,Valerenga
footballcsv/cache.footballdata,https://raw.githubusercontent.com/footballcsv/cache.footballdata/f43a2aa0c65fb061c87e9541e7a567dd58ff933a/2019/no.1.csv,f43a2aa0c65fb061c87e9541e7a567dd58ff933a,203,2026-09-04T07:11:46.414Z,Eliteserien,2019,2019-10-27,Haugesund,Stromsgodset,2,2,D,,,,,source_reported_FT,Haugesund,Stromsgodset
footballcsv/cache.footballdata,https://raw.githubusercontent.com/footballcsv/cache.footballdata/f43a2aa0c65fb061c87e9541e7a567dd58ff933a/2019/no.1.csv,f43a2aa0c65fb061c87e9541e7a567dd58ff933a,204,2026-09-04T07:11:46.414Z,Eliteserien,2019,2019-10-27,Kristiansund,Viking,4,2,H,,,,,source_reported_FT,Kristiansund,Viking
footballcsv/cache.footballdata,https://raw.githubusercontent.com/footballcsv/cache.footballdata/f43a2aa0c65fb061c87e9541e7a567dd58ff933a/2019/no.1.csv,f43a2aa0c65fb061c87e9541e7a567dd58ff933a,205,2026-09-04T07:11:46.414Z,Eliteserien,2019,2019-10-27,Mjondalen,Sarpsborg 08,0,0,D,,,,,source_reported_FT,Mjondalen,Sarpsborg 08
footballcsv/cache.footballdata,https://raw.githubusercontent.com/footballcsv/cache.footballdata/f43a2aa0c65fb061c87e9541e7a567dd58ff933a/2019/no.1.csv,f43a2aa0c65fb061c87e9541e7a567dd58ff933a,208,2026-09-04T07:11:46.414Z,Eliteserien,2019,2019-10-27,Rosenborg,Molde,3,1,H,,,,,source_reported_FT,Rosenborg,Molde
footballcsv/cache.footballdata,https://raw.githubusercontent.com/footballcsv/cache.footballdata/f43a2aa0c65fb061c87e9541e7a567dd58ff933a/2019/no.1.csv,f43a2aa0c65fb061c87e9541e7a567dd58ff933a,206,2026-09-04T07:11:46.414Z,Eliteserien,2019,2019-10-27,Stabaek,Odd,0,0,D,,,,,source_reported_FT,Stabaek,Odd
footballcsv/cache.footballdata,https://raw.githubusercontent.com/footballcsv/cache.footballdata/f43a2aa0c65fb061c87e9541e7a567dd58ff933a/2019/no.1.csv,f43a2aa0c65fb061c87e9541e7a567dd58ff933a,207,2026-09-04T07:11:46.414Z,Eliteserien,2019,2019-10-27,Tromso,Ranheim,4,2,H,,,,,source_reported_FT,Tromso,Ranheim
footballcsv/cache.footballdata,https://raw.githubusercontent.com/footballcsv/cache.footballdata/f43a2aa0c65fb061c87e9541e7a567dd58ff933a/2019/no.1.csv,f43a2aa0c65fb061c87e9541e7a567dd58ff933a,209,2026-09-04T07:11:46.414Z,Eliteserien,2019,2019-10-28,Brann,Bodo/Glimt,1,1,D,,,,,source_reported_FT,Brann,Bodo/Glimt
footballcsv/cache.footballdata,https://raw.githubusercontent.com/footballcsv/cache.footballdata/f43a2aa0c65fb061c87e9541e7a567dd58ff933a/2019/no.1.csv,f43a2aa0c65fb061c87e9541e7a567dd58ff933a,210,2026-09-04T07:11:46.414Z,Eliteserien,2019,2019-11-01,Stromsgodset,Rosenborg,3,3,D,,,,,source_reported_FT,Stromsgodset,Rosenborg
footballcsv/cache.footballdata,https://raw.githubusercontent.com/footballcsv/cache.footballdata/f43a2aa0c65fb061c87e9541e7a567dd58ff933a/2019/no.1.csv,f43a2aa0c65fb061c87e9541e7a567dd58ff933a,211,2026-09-04T07:11:46.414Z,Eliteserien,2019,2019-11-02,Molde,Kristiansund,2,0,H,,,,,source_reported_FT,Molde,Kristiansund
footballcsv/cache.footballdata,https://raw.githubusercontent.com/footballcsv/cache.footballdata/f43a2aa0c65fb061c87e9541e7a567dd58ff933a/2019/no.1.csv,f43a2aa0c65fb061c87e9541e7a567dd58ff933a,212,2026-09-04T07:11:46.414Z,Eliteserien,2019,2019-11-03,Bodo/Glimt,Haugesund,2,2,D,,,,,source_reported_FT,Bodo/Glimt,Haugesund
footballcsv/cache.footballdata,https://raw.githubusercontent.com/footballcsv/cache.footballdata/f43a2aa0c65fb061c87e9541e7a567dd58ff933a/2019/no.1.csv,f43a2aa0c65fb061c87e9541e7a567dd58ff933a,213,2026-09-04T07:11:46.414Z,Eliteserien,2019,2019-11-03,Ranheim,Stabaek,0,2,A,,,,,source_reported_FT,Ranheim,Stabaek
footballcsv/cache.footballdata,https://raw.githubusercontent.com/footballcsv/cache.footballdata/f43a2aa0c65fb061c87e9541e7a567dd58ff933a/2019/no.1.csv,f43a2aa0c65fb061c87e9541e7a567dd58ff933a,214,2026-09-04T07:11:46.414Z,Eliteserien,2019,2019-11-03,Sarpsborg 08,Tromso,3,2,H,,,,,source_reported_FT,Sarpsborg 08,Tromso
footballcsv/cache.footballdata,https://raw.githubusercontent.com/footballcsv/cache.footballdata/f43a2aa0c65fb061c87e9541e7a567dd58ff933a/2019/no.1.csv,f43a2aa0c65fb061c87e9541e7a567dd58ff933a,216,2026-09-04T07:11:46.414Z,Eliteserien,2019,2019-11-03,Valerenga,Brann,1,0,H,,,,,source_reported_FT,Valerenga,Brann
footballcsv/cache.footballdata,https://raw.githubusercontent.com/footballcsv/cache.footballdata/f43a2aa0c65fb061c87e9541e7a567dd58ff933a/2019/no.1.csv,f43a2aa0c65fb061c87e9541e7a567dd58ff933a,215,2026-09-04T07:11:46.414Z,Eliteserien,2019,2019-11-03,Viking,Lillestrom,3,0,H,,,,,source_reported_FT,Viking,Lillestrom
footballcsv/cache.footballdata,https://raw.githubusercontent.com/footballcsv/cache.footballdata/f43a2aa0c65fb061c87e9541e7a567dd58ff933a/2019/no.1.csv,f43a2aa0c65fb061c87e9541e7a567dd58ff933a,217,2026-09-04T07:11:46.414Z,Eliteserien,2019,2019-11-04,Odd,Mjondalen,3,2,H,,,,,source_reported_FT,Odd,Mjondalen
footballcsv/cache.footballdata,https://raw.githubusercontent.com/footballcsv/cache.footballdata/f43a2aa0c65fb061c87e9541e7a567dd58ff933a/2019/no.1.csv,f43a2aa0c65fb061c87e9541e7a567dd58ff933a,218,2026-09-04T07:11:46.414Z,Eliteserien,2019,2019-11-08,Brann,Odd,1,0,H,,,,,source_reported_FT,Brann,Odd
footballcsv/cache.footballdata,https://raw.githubusercontent.com/footballcsv/cache.footballdata/f43a2aa0c65fb061c87e9541e7a567dd58ff933a/2019/no.1.csv,f43a2aa0c65fb061c87e9541e7a567dd58ff933a,219,2026-09-04T07:11:46.414Z,Eliteserien,2019,2019-11-09,Haugesund,Viking,1,0,H,,,,,source_reported_FT,Haugesund,Viking
footballcsv/cache.footballdata,https://raw.githubusercontent.com/footballcsv/cache.footballdata/f43a2aa0c65fb061c87e9541e7a567dd58ff933a/2019/no.1.csv,f43a2aa0c65fb061c87e9541e7a567dd58ff933a,220,2026-09-04T07:11:46.414Z,Eliteserien,2019,2019-11-10,Kristiansund,Sarpsborg 08,4,0,H,,,,,source_reported_FT,Kristiansund,Sarpsborg 08
footballcsv/cache.footballdata,https://raw.githubusercontent.com/footballcsv/cache.footballdata/f43a2aa0c65fb061c87e9541e7a567dd58ff933a/2019/no.1.csv,f43a2aa0c65fb061c87e9541e7a567dd58ff933a,221,2026-09-04T07:11:46.414Z,Eliteserien,2019,2019-11-10,Lillestrom,Stabaek,1,3,A,,,,,source_reported_FT,Lillestrom,Stabaek
footballcsv/cache.footballdata,https://raw.githubusercontent.com/footballcsv/cache.footballdata/f43a2aa0c65fb061c87e9541e7a567dd58ff933a/2019/no.1.csv,f43a2aa0c65fb061c87e9541e7a567dd58ff933a,222,2026-09-04T07:11:46.414Z,Eliteserien,2019,2019-11-10,Mjondalen,Ranheim,3,1,H,,,,,source_reported_FT,Mjondalen,Ranheim
footballcsv/cache.footballdata,https://raw.githubusercontent.com/footballcsv/cache.footballdata/f43a2aa0c65fb061c87e9541e7a567dd58ff933a/2019/no.1.csv,f43a2aa0c65fb061c87e9541e7a567dd58ff933a,223,2026-09-04T07:11:46.414Z,Eliteserien,2019,2019-11-10,Molde,Stromsgodset,4,0,H,,,,,source_reported_FT,Molde,Stromsgodset
footballcsv/cache.footballdata,https://raw.githubusercontent.com/footballcsv/cache.footballdata/f43a2aa0c65fb061c87e9541e7a567dd58ff933a/2019/no.1.csv,f43a2aa0c65fb061c87e9541e7a567dd58ff933a,225,2026-09-04T07:11:46.414Z,Eliteserien,2019,2019-11-10,Rosenborg,Bodo/Glimt,3,2,H,,,,,source_reported_FT,Rosenborg,Bodo/Glimt
footballcsv/cache.footballdata,https://raw.githubusercontent.com/footballcsv/cache.footballdata/f43a2aa0c65fb061c87e9541e7a567dd58ff933a/2019/no.1.csv,f43a2aa0c65fb061c87e9541e7a567dd58ff933a,224,2026-09-04T07:11:46.414Z,Eliteserien,2019,2019-11-10,Tromso,Valerenga,0,0,D,,,,,source_reported_FT,Tromso,Valerenga
footballcsv/cache.footballdata,https://raw.githubusercontent.com/footballcsv/cache.footballdata/f43a2aa0c65fb061c87e9541e7a567dd58ff933a/2019/no.1.csv,f43a2aa0c65fb061c87e9541e7a567dd58ff933a,226,2026-09-04T07:11:46.414Z,Eliteserien,2019,2019-11-24,Bodo/Glimt,Kristiansund,3,0,H,,,,,source_reported_FT,Bodo/Glimt,Kristiansund
footballcsv/cache.footballdata,https://raw.githubusercontent.com/footballcsv/cache.footballdata/f43a2aa0c65fb061c87e9541e7a567dd58ff933a/2019/no.1.csv,f43a2aa0c65fb061c87e9541e7a567dd58ff933a,227,2026-09-04T07:11:46.414Z,Eliteserien,2019,2019-11-24,Odd,Tromso,2,1,H,,,,,source_reported_FT,Odd,Tromso
footballcsv/cache.footballdata,https://raw.githubusercontent.com/footballcsv/cache.footballdata/f43a2aa0c65fb061c87e9541e7a567dd58ff933a/2019/no.1.csv,f43a2aa0c65fb061c87e9541e7a567dd58ff933a,228,2026-09-04T07:11:46.414Z,Eliteserien,2019,2019-11-24,Ranheim,Lillestrom,2,1,H,,,,,source_reported_FT,Ranheim,Lillestrom
footballcsv/cache.footballdata,https://raw.githubusercontent.com/footballcsv/cache.footballdata/f43a2aa0c65fb061c87e9541e7a567dd58ff933a/2019/no.1.csv,f43a2aa0c65fb061c87e9541e7a567dd58ff933a,229,2026-09-04T07:11:46.414Z,Eliteserien,2019,2019-11-24,Sarpsborg 08,Haugesund,1,1,D,,,,,source_reported_FT,Sarpsborg 08,Haugesund
footballcsv/cache.footballdata,https://raw.githubusercontent.com/footballcsv/cache.footballdata/f43a2aa0c65fb061c87e9541e7a567dd58ff933a/2019/no.1.csv,f43a2aa0c65fb061c87e9541e7a567dd58ff933a,230,2026-09-04T07:11:46.414Z,Eliteserien,2019,2019-11-24,Stabaek,Mjondalen,4,2,H,,,,,source_reported_FT,Stabaek,Mjondalen
footballcsv/cache.footballdata,https://raw.githubusercontent.com/footballcsv/cache.footballdata/f43a2aa0c65fb061c87e9541e7a567dd58ff933a/2019/no.1.csv,f43a2aa0c65fb061c87e9541e7a567dd58ff933a,231,2026-09-04T07:11:46.414Z,Eliteserien,2019,2019-11-24,Stromsgodset,Brann,6,0,H,,,,,source_reported_FT,Stromsgodset,Brann
footballcsv/cache.footballdata,https://raw.githubusercontent.com/footballcsv/cache.footballdata/f43a2aa0c65fb061c87e9541e7a567dd58ff933a/2019/no.1.csv,f43a2aa0c65fb061c87e9541e7a567dd58ff933a,232,2026-09-04T07:11:46.414Z,Eliteserien,2019,2019-11-24,Valerenga,Molde,2,4,A,,,,,source_reported_FT,Valerenga,Molde
footballcsv/cache.footballdata,https://raw.githubusercontent.com/footballcsv/cache.footballdata/f43a2aa0c65fb061c87e9541e7a567dd58ff933a/2019/no.1.csv,f43a2aa0c65fb061c87e9541e7a567dd58ff933a,233,2026-09-04T07:11:46.414Z,Eliteserien,2019,2019-11-24,Viking,Rosenborg,2,2,D,,,,,source_reported_FT,Viking,Rosenborg
footballcsv/cache.footballdata,https://raw.githubusercontent.com/footballcsv/cache.footballdata/f43a2aa0c65fb061c87e9541e7a567dd58ff933a/2019/no.1.csv,f43a2aa0c65fb061c87e9541e7a567dd58ff933a,234,2026-09-04T07:11:46.414Z,Eliteserien,2019,2019-12-01,Brann,Viking,1,5,A,,,,,source_reported_FT,Brann,Viking
footballcsv/cache.footballdata,https://raw.githubusercontent.com/footballcsv/cache.footballdata/f43a2aa0c65fb061c87e9541e7a567dd58ff933a/2019/no.1.csv,f43a2aa0c65fb061c87e9541e7a567dd58ff933a,235,2026-09-04T07:11:46.414Z,Eliteserien,2019,2019-12-01,Haugesund,Odd,4,1,H,,,,,source_reported_FT,Haugesund,Odd
footballcsv/cache.footballdata,https://raw.githubusercontent.com/footballcsv/cache.footballdata/f43a2aa0c65fb061c87e9541e7a567dd58ff933a/2019/no.1.csv,f43a2aa0c65fb061c87e9541e7a567dd58ff933a,236,2026-09-04T07:11:46.414Z,Eliteserien,2019,2019-12-01,Kristiansund,Stromsgodset,1,2,A,,,,,source_reported_FT,Kristiansund,Stromsgodset
footballcsv/cache.footballdata,https://raw.githubusercontent.com/footballcsv/cache.footballdata/f43a2aa0c65fb061c87e9541e7a567dd58ff933a/2019/no.1.csv,f43a2aa0c65fb061c87e9541e7a567dd58ff933a,237,2026-09-04T07:11:46.414Z,Eliteserien,2019,2019-12-01,Lillestrom,Sarpsborg 08,0,0,D,,,,,source_reported_FT,Lillestrom,Sarpsborg 08
footballcsv/cache.footballdata,https://raw.githubusercontent.com/footballcsv/cache.footballdata/f43a2aa0c65fb061c87e9541e7a567dd58ff933a/2019/no.1.csv,f43a2aa0c65fb061c87e9541e7a567dd58ff933a,238,2026-09-04T07:11:46.414Z,Eliteserien,2019,2019-12-01,Mjondalen,Valerenga,1,0,H,,,,,source_reported_FT,Mjondalen,Valerenga
footballcsv/cache.footballdata,https://raw.githubusercontent.com/footballcsv/cache.footballdata/f43a2aa0c65fb061c87e9541e7a567dd58ff933a/2019/no.1.csv,f43a2aa0c65fb061c87e9541e7a567dd58ff933a,239,2026-09-04T07:11:46.414Z,Eliteserien,2019,2019-12-01,Molde,Bodo/Glimt,4,2,H,,,,,source_reported_FT,Molde,Bodo/Glimt
footballcsv/cache.footballdata,https://raw.githubusercontent.com/footballcsv/cache.footballdata/f43a2aa0c65fb061c87e9541e7a567dd58ff933a/2019/no.1.csv,f43a2aa0c65fb061c87e9541e7a567dd58ff933a,240,2026-09-04T07:11:46.414Z,Eliteserien,2019,2019-12-01,Rosenborg,Ranheim,3,2,H,,,,,source_reported_FT,Rosenborg,Ranheim
footballcsv/cache.footballdata,https://raw.githubusercontent.com/footballcsv/cache.footballdata/f43a2aa0c65fb061c87e9541e7a567dd58ff933a/2019/no.1.csv,f43a2aa0c65fb061c87e9541e7a567dd58ff933a,241,2026-09-04T07:11:46.414Z,Eliteserien,2019,2019-12-01,Tromso,Stabaek,1,1,D,,,,,source_reported_FT,Tromso,Stabaek
footballcsv/cache.footballdata,https://raw.githubusercontent.com/footballcsv/cache.footballdata/f43a2aa0c65fb061c87e9541e7a567dd58ff933a/2019/no.1.csv,f43a2aa0c65fb061c87e9541e7a567dd58ff933a,242,2026-09-04T07:11:46.414Z,Eliteserien,2019,2019-12-07,Start,Lillestrom,2,1,H,,,,,source_reported_FT,Start,Lillestrom
footballcsv/cache.footballdata,https://raw.githubusercontent.com/footballcsv/cache.footballdata/f43a2aa0c65fb061c87e9541e7a567dd58ff933a/2019/no.1.csv,f43a2aa0c65fb061c87e9541e7a567dd58ff933a,243,2026-09-04T07:11:46.414Z,Eliteserien,2019,2019-12-11,Lillestrom,Start,4,3,H,,,,,source_reported_FT,Lillestrom,Start
footballcsv/cache.footballdata,https://raw.githubusercontent.com/footballcsv/cache.footballdata/f43a2aa0c65fb061c87e9541e7a567dd58ff933a/2020/no.1.csv,f43a2aa0c65fb061c87e9541e7a567dd58ff933a,2,2026-09-04T07:11:51.603Z,Eliteserien,2020,2020-06-16,Aalesund,Molde,1,4,A,,,,,source_reported_FT,Aalesund,Molde
footballcsv/cache.footballdata,https://raw.githubusercontent.com/footballcsv/cache.footballdata/f43a2aa0c65fb061c87e9541e7a567dd58ff933a/2020/no.1.csv,f43a2aa0c65fb061c87e9541e7a567dd58ff933a,3,2026-09-04T07:11:51.603Z,Eliteserien,2020,2020-06-16,Odd,Sandefjord,1,2,A,,,,,source_reported_FT,Odd,Sandefjord
footballcsv/cache.footballdata,https://raw.githubusercontent.com/footballcsv/cache.footballdata/f43a2aa0c65fb061c87e9541e7a567dd58ff933a/2020/no.1.csv,f43a2aa0c65fb061c87e9541e7a567dd58ff933a,4,2026-09-04T07:11:51.603Z,Eliteserien,2020,2020-06-16,Rosenborg,Kristiansund,0,0,D,,,,,source_reported_FT,Rosenborg,Kristiansund
footballcsv/cache.footballdata,https://raw.githubusercontent.com/footballcsv/cache.footballdata/f43a2aa0c65fb061c87e9541e7a567dd58ff933a/2020/no.1.csv,f43a2aa0c65fb061c87e9541e7a567dd58ff933a,7,2026-09-04T07:11:51.603Z,Eliteserien,2020,2020-06-16,Sarpsborg 08,Valerenga,0,1,A,,,,,source_reported_FT,Sarpsborg 08,Valerenga
footballcsv/cache.footballdata,https://raw.githubusercontent.com/footballcsv/cache.footballdata/f43a2aa0c65fb061c87e9541e7a567dd58ff933a/2020/no.1.csv,f43a2aa0c65fb061c87e9541e7a567dd58ff933a,5,2026-09-04T07:11:51.603Z,Eliteserien,2020,2020-06-16,Stabaek,Mjondalen,0,0,D,,,,,source_reported_FT,Stabaek,Mjondalen
footballcsv/cache.footballdata,https://raw.githubusercontent.com/footballcsv/cache.footballdata/f43a2aa0c65fb061c87e9541e7a567dd58ff933a/2020/no.1.csv,f43a2aa0c65fb061c87e9541e7a567dd58ff933a,6,2026-09-04T07:11:51.603Z,Eliteserien,2020,2020-06-16,Viking,Bodo/Glimt,2,4,A,,,,,source_reported_FT,Viking,Bodo/Glimt
footballcsv/cache.footballdata,https://raw.githubusercontent.com/footballcsv/cache.footballdata/f43a2aa0c65fb061c87e9541e7a567dd58ff933a/2020/no.1.csv,f43a2aa0c65fb061c87e9541e7a567dd58ff933a,9,2026-09-04T07:11:51.603Z,Eliteserien,2020,2020-06-17,Haugesund,Brann,1,2,A,,,,,source_reported_FT,Haugesund,Brann
footballcsv/cache.footballdata,https://raw.githubusercontent.com/footballcsv/cache.footballdata/f43a2aa0c65fb061c87e9541e7a567dd58ff933a/2020/no.1.csv,f43a2aa0c65fb061c87e9541e7a567dd58ff933a,8,2026-09-04T07:11:51.603Z,Eliteserien,2020,2020-06-17,Start,Stromsgodset,2,2,D,,,,,source_reported_FT,Start,Stromsgodset
footballcsv/cache.footballdata,https://raw.githubusercontent.com/footballcsv/cache.footballdata/f43a2aa0c65fb061c87e9541e7a567dd58ff933a/2020/no.1.csv,f43a2aa0c65fb061c87e9541e7a567dd58ff933a,10,2026-09-04T07:11:51.603Z,Eliteserien,2020,2020-06-20,Mjondalen,Sarpsborg 08,1,0,H,,,,,source_reported_FT,Mjondalen,Sarpsborg 08
footballcsv/cache.footballdata,https://raw.githubusercontent.com/footballcsv/cache.footballdata/f43a2aa0c65fb061c87e9541e7a567dd58ff933a/2020/no.1.csv,f43a2aa0c65fb061c87e9541e7a567dd58ff933a,11,2026-09-04T07:11:51.603Z,Eliteserien,2020,2020-06-20,Molde,Rosenborg,1,0,H,,,,,source_reported_FT,Molde,Rosenborg
footballcsv/cache.footballdata,https://raw.githubusercontent.com/footballcsv/cache.footballdata/f43a2aa0c65fb061c87e9541e7a567dd58ff933a/2020/no.1.csv,f43a2aa0c65fb061c87e9541e7a567dd58ff933a,12,2026-09-04T07:11:51.603Z,Eliteserien,2020,2020-06-21,Bodo/Glimt,Haugesund,6,1,H,,,,,source_reported_FT,Bodo/Glimt,Haugesund
footballcsv/cache.footballdata,https://raw.githubusercontent.com/footballcsv/cache.footballdata/f43a2aa0c65fb061c87e9541e7a567dd58ff933a/2020/no.1.csv,f43a2aa0c65fb061c87e9541e7a567dd58ff933a,17,2026-09-04T07:11:51.603Z,Eliteserien,2020,2020-06-21,Brann,Viking,3,0,H,,,,,source_reported_FT,Brann,Viking
footballcsv/cache.footballdata,https://raw.githubusercontent.com/footballcsv/cache.footballdata/f43a2aa0c65fb061c87e9541e7a567dd58ff933a/2020/no.1.csv,f43a2aa0c65fb061c87e9541e7a567dd58ff933a,13,2026-09-04T07:11:51.603Z,Eliteserien,2020,2020-06-21,Kristiansund,Aalesund,7,2,H,,,,,source_reported_FT,Kristiansund,Aalesund
footballcsv/cache.footballdata,https://raw.githubusercontent.com/footballcsv/cache.footballdata/f43a2aa0c65fb061c87e9541e7a567dd58ff933a/2020/no.1.csv,f43a2aa0c65fb061c87e9541e7a567dd58ff933a,14,2026-09-04T07:11:51.603Z,Eliteserien,2020,2020-06-21,Sandefjord,Start,2,2,D,,,,,source_reported_FT,Sandefjord,Start
footballcsv/cache.footballdata,https://raw.githubusercontent.com/footballcsv/cache.footballdata/f43a2aa0c65fb061c87e9541e7a567dd58ff933a/2020/no.1.csv,f43a2aa0c65fb061c87e9541e7a567dd58ff933a,15,2026-09-04T07:11:51.603Z,Eliteserien,2020,2020-06-21,Stromsgodset,Odd,1,0,H,,,,,source_reported_FT,Stromsgodset,Odd
footballcsv/cache.footballdata,https://raw.githubusercontent.com/footballcsv/cache.footballdata/f43a2aa0c65fb061c87e9541e7a567dd58ff933a/2020/no.1.csv,f43a2aa0c65fb061c87e9541e7a567dd58ff933a,16,2026-09-04T07:11:51.603Z,Eliteserien,2020,2020-06-21,Valerenga,Stabaek,2,2,D,,,,,source_reported_FT,Valerenga,Stabaek
footballcsv/cache.footballdata,https://raw.githubusercontent.com/footballcsv/cache.footballdata/f43a2aa0c65fb061c87e9541e7a567dd58ff933a/2020/no.1.csv,f43a2aa0c65fb061c87e9541e7a567dd58ff933a,18,2026-09-04T07:11:51.603Z,Eliteserien,2020,2020-06-24,Aalesund,Brann,2,2,D,,,,,source_reported_FT,Aalesund,Brann
footballcsv/cache.footballdata,https://raw.githubusercontent.com/footballcsv/cache.footballdata/f43a2aa0c65fb061c87e9541e7a567dd58ff933a/2020/no.1.csv,f43a2aa0c65fb061c87e9541e7a567dd58ff933a,19,2026-09-04T07:11:51.603Z,Eliteserien,2020,2020-06-24,Haugesund,Kristiansund,2,2,D,,,,,source_reported_FT,Haugesund,Kristiansund
footballcsv/cache.footballdata,https://raw.githubusercontent.com/footballcsv/cache.footballdata/f43a2aa0c65fb061c87e9541e7a567dd58ff933a/2020/no.1.csv,f43a2aa0c65fb061c87e9541e7a567dd58ff933a,23,2026-09-04T07:11:51.603Z,Eliteserien,2020,2020-06-24,Odd,Valerenga,4,1,H,,,,,source_reported_FT,Odd,Valerenga
footballcsv/cache.footballdata,https://raw.githubusercontent.com/footballcsv/cache.footballdata/f43a2aa0c65fb061c87e9541e7a567dd58ff933a/2020/no.1.csv,f43a2aa0c65fb061c87e9541e7a567dd58ff933a,20,2026-09-04T07:11:51.603Z,Eliteserien,2020,2020-06-24,Stabaek,Sandefjord,2,0,H,,,,,source_reported_FT,Stabaek,Sandefjord
footballcsv/cache.footballdata,https://raw.githubusercontent.com/footballcsv/cache.footballdata/f43a2aa0c65fb061c87e9541e7a567dd58ff933a/2020/no.1.csv,f43a2aa0c65fb061c87e9541e7a567dd58ff933a,21,2026-09-04T07:11:51.603Z,Eliteserien,2020,2020-06-24,Start,Molde,2,3,A,,,,,source_reported_FT,Start,Molde
footballcsv/cache.footballdata,https://raw.githubusercontent.com/footballcsv/cache.footballdata/f43a2aa0c65fb061c87e9541e7a567dd58ff933a/2020/no.1.csv,f43a2aa0c65fb061c87e9541e7a567dd58ff933a,22,2026-09-04T07:11:51.603Z,Eliteserien,2020,2020-06-24,Viking,Mjondalen,1,1,D,,,,,source_reported_FT,Viking,Mjondalen
footballcsv/cache.footballdata,https://raw.githubusercontent.com/footballcsv/cache.footballdata/f43a2aa0c65fb061c87e9541e7a567dd58ff933a/2020/no.1.csv,f43a2aa0c65fb061c87e9541e7a567dd58ff933a,25,2026-09-04T07:11:51.603Z,Eliteserien,2020,2020-06-25,Rosenborg,Bodo/Glimt,2,3,A,,,,,source_reported_FT,Rosenborg,Bodo/Glimt
footballcsv/cache.footballdata,https://raw.githubusercontent.com/footballcsv/cache.footballdata/f43a2aa0c65fb061c87e9541e7a567dd58ff933a/2020/no.1.csv,f43a2aa0c65fb061c87e9541e7a567dd58ff933a,24,2026-09-04T07:11:51.603Z,Eliteserien,2020,2020-06-25,Sarpsborg 08,Stromsgodset,2,3,A,,,,,source_reported_FT,Sarpsborg 08,Stromsgodset
footballcsv/cache.footballdata,https://raw.githubusercontent.com/footballcsv/cache.footballdata/f43a2aa0c65fb061c87e9541e7a567dd58ff933a/2020/no.1.csv,f43a2aa0c65fb061c87e9541e7a567dd58ff933a,26,2026-09-04T07:11:51.603Z,Eliteserien,2020,2020-06-27,Start,Odd,0,5,A,,,,,source_reported_FT,Start,Odd
footballcsv/cache.footballdata,https://raw.githubusercontent.com/footballcsv/cache.footballdata/f43a2aa0c65fb061c87e9541e7a567dd58ff933a/2020/no.1.csv,f43a2aa0c65fb061c87e9541e7a567dd58ff933a,27,2026-09-04T07:11:51.603Z,Eliteserien,2020,2020-06-27,Valerenga,Viking,2,1,H,,,,,source_reported_FT,Valerenga,Viking
footballcsv/cache.footballdata,https://raw.githubusercontent.com/footballcsv/cache.footballdata/f43a2aa0c65fb061c87e9541e7a567dd58ff933a/2020/no.1.csv,f43a2aa0c65fb061c87e9541e7a567dd58ff933a,28,2026-09-04T07:11:51.603Z,Eliteserien,2020,2020-06-28,Bodo/Glimt,Sarpsborg 08,2,1,H,,,,,source_reported_FT,Bodo/Glimt,Sarpsborg 08
footballcsv/cache.footballdata,https://raw.githubusercontent.com/footballcsv/cache.footballdata/f43a2aa0c65fb061c87e9541e7a567dd58ff933a/2020/no.1.csv,f43a2aa0c65fb061c87e9541e7a567dd58ff933a,33,2026-09-04T07:11:51.603Z,Eliteserien,2020,2020-06-28,Brann,Rosenborg,1,2,A,,,,,source_reported_FT,Brann,Rosenborg
footballcsv/cache.footballdata,https://raw.githubusercontent.com/footballcsv/cache.footballdata/f43a2aa0c65fb061c87e9541e7a567dd58ff933a/2020/no.1.csv,f43a2aa0c65fb061c87e9541e7a567dd58ff933a,29,2026-09-04T07:11:51.603Z,Eliteserien,2020,2020-06-28,Mjondalen,Kristiansund,1,2,A,,,,,source_reported_FT,Mjondalen,Kristiansund
footballcsv/cache.footballdata,https://raw.githubusercontent.com/footballcsv/cache.footballdata/f43a2aa0c65fb061c87e9541e7a567dd58ff933a/2020/no.1.csv,f43a2aa0c65fb061c87e9541e7a567dd58ff933a,30,2026-09-04T07:11:51.603Z,Eliteserien,2020,2020-06-28,Molde,Stabaek,4,1,H,,,,,source_reported_FT,Molde,Stabaek
footballcsv/cache.footballdata,https://raw.githubusercontent.com/footballcsv/cache.footballdata/f43a2aa0c65fb061c87e9541e7a567dd58ff933a/2020/no.1.csv,f43a2aa0c65fb061c87e9541e7a567dd58ff933a,31,2026-09-04T07:11:51.603Z,Eliteserien,2020,2020-06-28,Sandefjord,Haugesund,0,1,A,,,,,source_reported_FT,Sandefjord,Haugesund
footballcsv/cache.footballdata,https://raw.githubusercontent.com/footballcsv/cache.footballdata/f43a2aa0c65fb061c87e9541e7a567dd58ff933a/2020/no.1.csv,f43a2aa0c65fb061c87e9541e7a567dd58ff933a,32,2026-09-04T07:11:51.603Z,Eliteserien,2020,2020-06-28,Stromsgodset,Aalesund,1,1,D,,,,,source_reported_FT,Stromsgodset,Aalesund
footballcsv/cache.footballdata,https://raw.githubusercontent.com/footballcsv/cache.footballdata/f43a2aa0c65fb061c87e9541e7a567dd58ff933a/2020/no.1.csv,f43a2aa0c65fb061c87e9541e7a567dd58ff933a,34,2026-09-04T07:11:51.603Z,Eliteserien,2020,2020-07-01,Aalesund,Mjondalen,1,3,A,,,,,source_reported_FT,Aalesund,Mjondalen
footballcsv/cache.footballdata,https://raw.githubusercontent.com/footballcsv/cache.footballdata/f43a2aa0c65fb061c87e9541e7a567dd58ff933a/2020/no.1.csv,f43a2aa0c65fb061c87e9541e7a567dd58ff933a,35,2026-09-04T07:11:51.603Z,Eliteserien,2020,2020-07-01,Haugesund,Start,1,0,H,,,,,source_reported_FT,Haugesund,Start
footballcsv/cache.footballdata,https://raw.githubusercontent.com/footballcsv/cache.footballdata/f43a2aa0c65fb061c87e9541e7a567dd58ff933a/2020/no.1.csv,f43a2aa0c65fb061c87e9541e7a567dd58ff933a,36,2026-09-04T07:11:51.603Z,Eliteserien,2020,2020-07-01,Odd,Bodo/Glimt,0,4,A,,,,,source_reported_FT,Odd,Bodo/Glimt
footballcsv/cache.footballdata,https://raw.githubusercontent.com/footballcsv/cache.footballdata/f43a2aa0c65fb061c87e9541e7a567dd58ff933a/2020/no.1.csv,f43a2aa0c65fb061c87e9541e7a567dd58ff933a,39,2026-09-04T07:11:51.603Z,Eliteserien,2020,2020-07-01,Rosenborg,Valerenga,1,1,D,,,,,source_reported_FT,Rosenborg,Valerenga
footballcsv/cache.footballdata,https://raw.githubusercontent.com/footballcsv/cache.footballdata/f43a2aa0c65fb061c87e9541e7a567dd58ff933a/2020/no.1.csv,f43a2aa0c65fb061c87e9541e7a567dd58ff933a,37,2026-09-04T07:11:51.603Z,Eliteserien,2020,2020-07-01,Stabaek,Stromsgodset,2,0,H,,,,,source_reported_FT,Stabaek,Stromsgodset
footballcsv/cache.footballdata,https://raw.githubusercontent.com/footballcsv/cache.footballdata/f43a2aa0c65fb061c87e9541e7a567dd58ff933a/2020/no.1.csv,f43a2aa0c65fb061c87e9541e7a567dd58ff933a,38,2026-09-04T07:11:51.603Z,Eliteserien,2020,2020-07-01,Viking,Sandefjord,2,0,H,,,,,source_reported_FT,Viking,Sandefjord
footballcsv/cache.footballdata,https://raw.githubusercontent.com/footballcsv/cache.footballdata/f43a2aa0c65fb061c87e9541e7a567dd58ff933a/2020/no.1.csv,f43a2aa0c65fb061c87e9541e7a567dd58ff933a,40,2026-09-04T07:11:51.603Z,Eliteserien,2020,2020-07-02,Kristiansund,Molde,2,2,D,,,,,source_reported_FT,Kristiansund,Molde
footballcsv/cache.footballdata,https://raw.githubusercontent.com/footballcsv/cache.footballdata/f43a2aa0c65fb061c87e9541e7a567dd58ff933a/2020/no.1.csv,f43a2aa0c65fb061c87e9541e7a567dd58ff933a,41,2026-09-04T07:11:51.603Z,Eliteserien,2020,2020-07-02,Sarpsborg 08,Brann,0,1,A,,,,,source_reported_FT,Sarpsborg 08,Brann
footballcsv/cache.footballdata,https://raw.githubusercontent.com/footballcsv/cache.footballdata/f43a2aa0c65fb061c87e9541e7a567dd58ff933a/2020/no.1.csv,f43a2aa0c65fb061c87e9541e7a567dd58ff933a,42,2026-09-04T07:11:51.603Z,Eliteserien,2020,2020-07-04,Start,Viking,1,1,D,,,,,source_reported_FT,Start,Viking
footballcsv/cache.footballdata,https://raw.githubusercontent.com/footballcsv/cache.footballdata/f43a2aa0c65fb061c87e9541e7a567dd58ff933a/2020/no.1.csv,f43a2aa0c65fb061c87e9541e7a567dd58ff933a,43,2026-09-04T07:11:51.603Z,Eliteserien,2020,2020-07-04,Valerenga,Aalesund,2,2,D,,,,,source_reported_FT,Valerenga,Aalesund
footballcsv/cache.footballdata,https://raw.githubusercontent.com/footballcsv/cache.footballdata/f43a2aa0c65fb061c87e9541e7a567dd58ff933a/2020/no.1.csv,f43a2aa0c65fb061c87e9541e7a567dd58ff933a,44,2026-09-04T07:11:51.603Z,Eliteserien,2020,2020-07-05,Bodo/Glimt,Brann,5,0,H,,,,,source_reported_FT,Bodo/Glimt,Brann
footballcsv/cache.footballdata,https://raw.githubusercontent.com/footballcsv/cache.footballdata/f43a2aa0c65fb061c87e9541e7a567dd58ff933a/2020/no.1.csv,f43a2aa0c65fb061c87e9541e7a567dd58ff933a,45,2026-09-04T07:11:51.603Z,Eliteserien,2020,2020-07-05,Molde,Mjondalen,2,1,H,,,,,source_reported_FT,Molde,Mjondalen
footballcsv/cache.footballdata,https://raw.githubusercontent.com/footballcsv/cache.footballdata/f43a2aa0c65fb061c87e9541e7a567dd58ff933a/2020/no.1.csv,f43a2aa0c65fb061c87e9541e7a567dd58ff933a,46,2026-09-04T07:11:51.603Z,Eliteserien,2020,2020-07-05,Odd,Haugesund,0,0,D,,,,,source_reported_FT,Odd,Haugesund
footballcsv/cache.footballdata,https://raw.githubusercontent.com/footballcsv/cache.footballdata/f43a2aa0c65fb061c87e9541e7a567dd58ff933a/2020/no.1.csv,f43a2aa0c65fb061c87e9541e7a567dd58ff933a,47,2026-09-04T07:11:51.603Z,Eliteserien,2020,2020-07-05,Sandefjord,Sarpsborg 08,0,3,A,,,,,source_reported_FT,Sandefjord,Sarpsborg 08
footballcsv/cache.footballdata,https://raw.githubusercontent.com/footballcsv/cache.footballdata/f43a2aa0c65fb061c87e9541e7a567dd58ff933a/2020/no.1.csv,f43a2aa0c65fb061c87e9541e7a567dd58ff933a,49,2026-09-04T07:11:51.603Z,Eliteserien,2020,2020-07-05,Stabaek,Rosenborg,0,3,A,,,,,source_reported_FT,Stabaek,Rosenborg
footballcsv/cache.footballdata,https://raw.githubusercontent.com/footballcsv/cache.footballdata/f43a2aa0c65fb061c87e9541e7a567dd58ff933a/2020/no.1.csv,f43a2aa0c65fb061c87e9541e7a567dd58ff933a,48,2026-09-04T07:11:51.603Z,Eliteserien,2020,2020-07-05,Stromsgodset,Kristiansund,2,2,D,,,,,source_reported_FT,Stromsgodset,Kristiansund
footballcsv/cache.footballdata,https://raw.githubusercontent.com/footballcsv/cache.footballdata/f43a2aa0c65fb061c87e9541e7a567dd58ff933a/2020/no.1.csv,f43a2aa0c65fb061c87e9541e7a567dd58ff933a,50,2026-09-04T07:11:51.603Z,Eliteserien,2020,2020-07-11,Haugesund,Molde,0,3,A,,,,,source_reported_FT,Haugesund,Molde
footballcsv/cache.footballdata,https://raw.githubusercontent.com/footballcsv/cache.footballdata/f43a2aa0c65fb061c87e9541e7a567dd58ff933a/2020/no.1.csv,f43a2aa0c65fb061c87e9541e7a567dd58ff933a,51,2026-09-04T07:11:51.603Z,Eliteserien,2020,2020-07-11,Rosenborg,Stromsgodset,3,0,H,,,,,source_reported_FT,Rosenborg,Stromsgodset
footballcsv/cache.footballdata,https://raw.githubusercontent.com/footballcsv/cache.footballdata/f43a2aa0c65fb061c87e9541e7a567dd58ff933a/2020/no.1.csv,f43a2aa0c65fb061c87e9541e7a567dd58ff933a,52,2026-09-04T07:11:51.603Z,Eliteserien,2020,2020-07-12,Aalesund,Bodo/Glimt,1,6,A,,,,,source_reported_FT,Aalesund,Bodo/Glimt
footballcsv/cache.footballdata,https://raw.githubusercontent.com/footballcsv/cache.footballdata/f43a2aa0c65fb061c87e9541e7a567dd58ff933a/2020/no.1.csv,f43a2aa0c65fb061c87e9541e7a567dd58ff933a,57,2026-09-04T07:11:51.603Z,Eliteserien,2020,2020-07-12,Brann,Sandefjord,3,1,H,,,,,source_reported_FT,Brann,Sandefjord
footballcsv/cache.footballdata,https://raw.githubusercontent.com/footballcsv/cache.footballdata/f43a2aa0c65fb061c87e9541e7a567dd58ff933a/2020/no.1.csv,f43a2aa0c65fb061c87e9541e7a567dd58ff933a,53,2026-09-04T07:11:51.603Z,Eliteserien,2020,2020-07-12,Kristiansund,Stabaek,1,2,A,,,,,source_reported_FT,Kristiansund,Stabaek
footballcsv/cache.footballdata,https://raw.githubusercontent.com/footballcsv/cache.footballdata/f43a2aa0c65fb061c87e9541e7a567dd58ff933a/2020/no.1.csv,f43a2aa0c65fb061c87e9541e7a567dd58ff933a,54,2026-09-04T07:11:51.603Z,Eliteserien,2020,2020-07-12,Mjondalen,Valerenga,0,1,A,,,,,source_reported_FT,Mjondalen,Valerenga
footballcsv/cache.footballdata,https://raw.githubusercontent.com/footballcsv/cache.footballdata/f43a2aa0c65fb061c87e9541e7a567dd58ff933a/2020/no.1.csv,f43a2aa0c65fb061c87e9541e7a567dd58ff933a,55,2026-09-04T07:11:51.603Z,Eliteserien,2020,2020-07-12,Sarpsborg 08,Start,1,0,H,,,,,source_reported_FT,Sarpsborg 08,Start
footballcsv/cache.footballdata,https://raw.githubusercontent.com/footballcsv/cache.footballdata/f43a2aa0c65fb061c87e9541e7a567dd58ff933a/2020/no.1.csv,f43a2aa0c65fb061c87e9541e7a567dd58ff933a,56,2026-09-04T07:11:51.603Z,Eliteserien,2020,2020-07-12,Viking,Odd,1,2,A,,,,,source_reported_FT,Viking,Odd
footballcsv/cache.footballdata,https://raw.githubusercontent.com/footballcsv/cache.footballdata/f43a2aa0c65fb061c87e9541e7a567dd58ff933a/2020/no.1.csv,f43a2aa0c65fb061c87e9541e7a567dd58ff933a,58,2026-09-04T07:11:51.603Z,Eliteserien,2020,2020-07-15,Bodo/Glimt,Kristiansund,2,1,H,,,,,source_reported_FT,Bodo/Glimt,Kristiansund
footballcsv/cache.footballdata,https://raw.githubusercontent.com/footballcsv/cache.footballdata/f43a2aa0c65fb061c87e9541e7a567dd58ff933a/2020/no.1.csv,f43a2aa0c65fb061c87e9541e7a567dd58ff933a,59,2026-09-04T07:11:51.603Z,Eliteserien,2020,2020-07-15,Molde,Viking,5,0,H,,,,,source_reported_FT,Molde,Viking
footballcsv/cache.footballdata,https://raw.githubusercontent.com/footballcsv/cache.footballdata/f43a2aa0c65fb061c87e9541e7a567dd58ff933a/2020/no.1.csv,f43a2aa0c65fb061c87e9541e7a567dd58ff933a,63,2026-09-04T07:11:51.603Z,Eliteserien,2020,2020-07-15,Odd,Brann,1,0,H,,,,,source_reported_FT,Odd,Brann
footballcsv/cache.footballdata,https://raw.githubusercontent.com/footballcsv/cache.footballdata/f43a2aa0c65fb061c87e9541e7a567dd58ff933a/2020/no.1.csv,f43a2aa0c65fb061c87e9541e7a567dd58ff933a,60,2026-09-04T07:11:51.603Z,Eliteserien,2020,2020-07-15,Sandefjord,Aalesund,1,0,H,,,,,source_reported_FT,Sandefjord,Aalesund
footballcsv/cache.footballdata,https://raw.githubusercontent.com/footballcsv/cache.footballdata/f43a2aa0c65fb061c87e9541e7a567dd58ff933a/2020/no.1.csv,f43a2aa0c65fb061c87e9541e7a567dd58ff933a,61,2026-09-04T07:11:51.603Z,Eliteserien,2020,2020-07-15,Stromsgodset,Mjondalen,2,1,H,,,,,source_reported_FT,Stromsgodset,Mjondalen
footballcsv/cache.footballdata,https://raw.githubusercontent.com/footballcsv/cache.footballdata/f43a2aa0c65fb061c87e9541e7a567dd58ff933a/2020/no.1.csv,f43a2aa0c65fb061c87e9541e7a567dd58ff933a,62,2026-09-04T07:11:51.603Z,Eliteserien,2020,2020-07-15,Valerenga,Haugesund,1,0,H,,,,,source_reported_FT,Valerenga,Haugesund
footballcsv/cache.footballdata,https://raw.githubusercontent.com/footballcsv/cache.footballdata/f43a2aa0c65fb061c87e9541e7a567dd58ff933a/2020/no.1.csv,f43a2aa0c65fb061c87e9541e7a567dd58ff933a,64,2026-09-04T07:11:51.603Z,Eliteserien,2020,2020-07-16,Stabaek,Sarpsborg 08,1,1,D,,,,,source_reported_FT,Stabaek,Sarpsborg 08
footballcsv/cache.footballdata,https://raw.githubusercontent.com/footballcsv/cache.footballdata/f43a2aa0c65fb061c87e9541e7a567dd58ff933a/2020/no.1.csv,f43a2aa0c65fb061c87e9541e7a567dd58ff933a,65,2026-09-04T07:11:51.603Z,Eliteserien,2020,2020-07-16,Start,Rosenborg,0,0,D,,,,,source_reported_FT,Start,Rosenborg
footballcsv/cache.footballdata,https://raw.githubusercontent.com/footballcsv/cache.footballdata/f43a2aa0c65fb061c87e9541e7a567dd58ff933a/2020/no.1.csv,f43a2aa0c65fb061c87e9541e7a567dd58ff933a,67,2026-09-04T07:11:51.603Z,Eliteserien,2020,2020-07-18,Haugesund,Viking,0,2,A,,,,,source_reported_FT,Haugesund,Viking
footballcsv/cache.footballdata,https://raw.githubusercontent.com/footballcsv/cache.footballdata/f43a2aa0c65fb061c87e9541e7a567dd58ff933a/2020/no.1.csv,f43a2aa0c65fb061c87e9541e7a567dd58ff933a,66,2026-09-04T07:11:51.603Z,Eliteserien,2020,2020-07-18,Mjondalen,Bodo/Glimt,2,3,A,,,,,source_reported_FT,Mjondalen,Bodo/Glimt
footballcsv/cache.footballdata,https://raw.githubusercontent.com/footballcsv/cache.footballdata/f43a2aa0c65fb061c87e9541e7a567dd58ff933a/2020/no.1.csv,f43a2aa0c65fb061c87e9541e7a567dd58ff933a,68,2026-09-04T07:11:51.603Z,Eliteserien,2020,2020-07-19,Aalesund,Stabaek,1,3,A,,,,,source_reported_FT,Aalesund,Stabaek
footballcsv/cache.footballdata,https://raw.githubusercontent.com/footballcsv/cache.footballdata/f43a2aa0c65fb061c87e9541e7a567dd58ff933a/2020/no.1.csv,f43a2aa0c65fb061c87e9541e7a567dd58ff933a,73,2026-09-04T07:11:51.603Z,Eliteserien,2020,2020-07-19,Brann,Start,1,1,D,,,,,source_reported_FT,Brann,Start
footballcsv/cache.footballdata,https://raw.githubusercontent.com/footballcsv/cache.footballdata/f43a2aa0c65fb061c87e9541e7a567dd58ff933a/2020/no.1.csv,f43a2aa0c65fb061c87e9541e7a567dd58ff933a,69,2026-09-04T07:11:51.603Z,Eliteserien,2020,2020-07-19,Kristiansund,Valerenga,0,0,D,,,,,source_reported_FT,Kristiansund,Valerenga
footballcsv/cache.footballdata,https://raw.githubusercontent.com/footballcsv/cache.footballdata/f43a2aa0c65fb061c87e9541e7a567dd58ff933a/2020/no.1.csv,f43a2aa0c65fb061c87e9541e7a567dd58ff933a,70,2026-09-04T07:11:51.603Z,Eliteserien,2020,2020-07-19,Rosenborg,Sandefjord,2,1,H,,,,,source_reported_FT,Rosenborg,Sandefjord
footballcsv/cache.footballdata,https://raw.githubusercontent.com/footballcsv/cache.footballdata/f43a2aa0c65fb061c87e9541e7a567dd58ff933a/2020/no.1.csv,f43a2aa0c65fb061c87e9541e7a567dd58ff933a,71,2026-09-04T07:11:51.603Z,Eliteserien,2020,2020-07-19,Sarpsborg 08,Odd,2,0,H,,,,,source_reported_FT,Sarpsborg 08,Odd
footballcsv/cache.footballdata,https://raw.githubusercontent.com/footballcsv/cache.footballdata/f43a2aa0c65fb061c87e9541e7a567dd58ff933a/2020/no.1.csv,f43a2aa0c65fb061c87e9541e7a567dd58ff933a,72,2026-09-04T07:11:51.603Z,Eliteserien,2020,2020-07-19,Stromsgodset,Molde,0,4,A,,,,,source_reported_FT,Stromsgodset,Molde
footballcsv/cache.footballdata,https://raw.githubusercontent.com/footballcsv/cache.footballdata/f43a2aa0c65fb061c87e9541e7a567dd58ff933a/2020/no.1.csv,f43a2aa0c65fb061c87e9541e7a567dd58ff933a,75,2026-09-04T07:11:51.603Z,Eliteserien,2020,2020-07-25,Brann,Kristiansund,1,1,D,,,,,source_reported_FT,Brann,Kristiansund
footballcsv/cache.footballdata,https://raw.githubusercontent.com/footballcsv/cache.footballdata/f43a2aa0c65fb061c87e9541e7a567dd58ff933a/2020/no.1.csv,f43a2aa0c65fb061c87e9541e7a567dd58ff933a,74,2026-09-04T07:11:51.603Z,Eliteserien,2020,2020-07-25,Odd,Aalesund,3,2,H,,,,,source_reported_FT,Odd,Aalesund
footballcsv/cache.footballdata,https://raw.githubusercontent.com/footballcsv/cache.footballdata/f43a2aa0c65fb061c87e9541e7a567dd58ff933a/2020/no.1.csv,f43a2aa0c65fb061c87e9541e7a567dd58ff933a,76,2026-09-04T07:11:51.603Z,Eliteserien,2020,2020-07-26,Bodo/Glimt,Molde,3,1,H,,,,,source_reported_FT,Bodo/Glimt,Molde
footballcsv/cache.footballdata,https://raw.githubusercontent.com/footballcsv/cache.footballdata/f43a2aa0c65fb061c87e9541e7a567dd58ff933a/2020/no.1.csv,f43a2aa0c65fb061c87e9541e7a567dd58ff933a,81,2026-09-04T07:11:51.603Z,Eliteserien,2020,2020-07-26,Haugesund,Rosenborg,1,0,H,,,,,source_reported_FT,Haugesund,Rosenborg
footballcsv/cache.footballdata,https://raw.githubusercontent.com/footballcsv/cache.footballdata/f43a2aa0c65fb061c87e9541e7a567dd58ff933a/2020/no.1.csv,f43a2aa0c65fb061c87e9541e7a567dd58ff933a,77,2026-09-04T07:11:51.603Z,Eliteserien,2020,2020-07-26,Sandefjord,Mjondalen,1,0,H,,,,,source_reported_FT,Sandefjord,Mjondalen
footballcsv/cache.footballdata,https://raw.githubusercontent.com/footballcsv/cache.footballdata/f43a2aa0c65fb061c87e9541e7a567dd58ff933a/2020/no.1.csv,f43a2aa0c65fb061c87e9541e7a567dd58ff933a,78,2026-09-04T07:11:51.603Z,Eliteserien,2020,2020-07-26,Start,Stabaek,0,0,D,,,,,source_reported_FT,Start,Stabaek
footballcsv/cache.footballdata,https://raw.githubusercontent.com/footballcsv/cache.footballdata/f43a2aa0c65fb061c87e9541e7a567dd58ff933a/2020/no.1.csv,f43a2aa0c65fb061c87e9541e7a567dd58ff933a,79,2026-09-04T07:11:51.603Z,Eliteserien,2020,2020-07-26,Valerenga,Stromsgodset,2,0,H,,,,,source_reported_FT,Valerenga,Stromsgodset
footballcsv/cache.footballdata,https://raw.githubusercontent.com/footballcsv/cache.footballdata/f43a2aa0c65fb061c87e9541e7a567dd58ff933a/2020/no.1.csv,f43a2aa0c65fb061c87e9541e7a567dd58ff933a,80,2026-09-04T07:11:51.603Z,Eliteserien,2020,2020-07-26,Viking,Sarpsborg 08,3,0,H,,,,,source_reported_FT,Viking,Sarpsborg 08
footballcsv/cache.footballdata,https://raw.githubusercontent.com/footballcsv/cache.footballdata/f43a2aa0c65fb061c87e9541e7a567dd58ff933a/2020/no.1.csv,f43a2aa0c65fb061c87e9541e7a567dd58ff933a,82,2026-09-04T07:11:51.603Z,Eliteserien,2020,2020-07-29,Aalesund,Start,3,2,H,,,,,source_reported_FT,Aalesund,Start
footballcsv/cache.footballdata,https://raw.githubusercontent.com/footballcsv/cache.footballdata/f43a2aa0c65fb061c87e9541e7a567dd58ff933a/2020/no.1.csv,f43a2aa0c65fb061c87e9541e7a567dd58ff933a,83,2026-09-04T07:11:51.603Z,Eliteserien,2020,2020-07-29,Kristiansund,Sandefjord,3,1,H,,,,,source_reported_FT,Kristiansund,Sandefjord
footballcsv/cache.footballdata,https://raw.githubusercontent.com/footballcsv/cache.footballdata/f43a2aa0c65fb061c87e9541e7a567dd58ff933a/2020/no.1.csv,f43a2aa0c65fb061c87e9541e7a567dd58ff933a,84,2026-09-04T07:11:51.603Z,Eliteserien,2020,2020-07-29,Mjondalen,Odd,0,2,A,,,,,source_reported_FT,Mjondalen,Odd
footballcsv/cache.footballdata,https://raw.githubusercontent.com/footballcsv/cache.footballdata/f43a2aa0c65fb061c87e9541e7a567dd58ff933a/2020/no.1.csv,f43a2aa0c65fb061c87e9541e7a567dd58ff933a,87,2026-09-04T07:11:51.603Z,Eliteserien,2020,2020-07-29,Molde,Valerenga,4,1,H,,,,,source_reported_FT,Molde,Valerenga
footballcsv/cache.footballdata,https://raw.githubusercontent.com/footballcsv/cache.footballdata/f43a2aa0c65fb061c87e9541e7a567dd58ff933a/2020/no.1.csv,f43a2aa0c65fb061c87e9541e7a567dd58ff933a,85,2026-09-04T07:11:51.603Z,Eliteserien,2020,2020-07-29,Sarpsborg 08,Haugesund,0,0,D,,,,,source_reported_FT,Sarpsborg 08,Haugesund
footballcsv/cache.footballdata,https://raw.githubusercontent.com/footballcsv/cache.footballdata/f43a2aa0c65fb061c87e9541e7a567dd58ff933a/2020/no.1.csv,f43a2aa0c65fb061c87e9541e7a567dd58ff933a,86,2026-09-04T07:11:51.603Z,Eliteserien,2020,2020-07-29,Stromsgodset,Brann,3,1,H,,,,,source_reported_FT,Stromsgodset,Brann
footballcsv/cache.footballdata,https://raw.githubusercontent.com/footballcsv/cache.footballdata/f43a2aa0c65fb061c87e9541e7a567dd58ff933a/2020/no.1.csv,f43a2aa0c65fb061c87e9541e7a567dd58ff933a,89,2026-09-04T07:11:51.603Z,Eliteserien,2020,2020-07-30,Rosenborg,Viking,3,0,H,,,,,source_reported_FT,Rosenborg,Viking
footballcsv/cache.footballdata,https://raw.githubusercontent.com/footballcsv/cache.footballdata/f43a2aa0c65fb061c87e9541e7a567dd58ff933a/2020/no.1.csv,f43a2aa0c65fb061c87e9541e7a567dd58ff933a,88,2026-09-04T07:11:51.603Z,Eliteserien,2020,2020-07-30,Stabaek,Bodo/Glimt,2,2,D,,,,,source_reported_FT,Stabaek,Bodo/Glimt
footballcsv/cache.footballdata,https://raw.githubusercontent.com/footballcsv/cache.footballdata/f43a2aa0c65fb061c87e9541e7a567dd58ff933a/2020/no.1.csv,f43a2aa0c65fb061c87e9541e7a567dd58ff933a,91,2026-09-04T07:11:51.603Z,Eliteserien,2020,2020-08-01,Brann,Valerenga,1,2,A,,,,,source_reported_FT,Brann,Valerenga
footballcsv/cache.footballdata,https://raw.githubusercontent.com/footballcsv/cache.footballdata/f43a2aa0c65fb061c87e9541e7a567dd58ff933a/2020/no.1.csv,f43a2aa0c65fb061c87e9541e7a567dd58ff933a,90,2026-09-04T07:11:51.603Z,Eliteserien,2020,2020-08-01,Sandefjord,Molde,2,1,H,,,,,source_reported_FT,Sandefjord,Molde
footballcsv/cache.footballdata,https://raw.githubusercontent.com/footballcsv/cache.footballdata/f43a2aa0c65fb061c87e9541e7a567dd58ff933a/2020/no.1.csv,f43a2aa0c65fb061c87e9541e7a567dd58ff933a,92,2026-09-04T07:11:51.603Z,Eliteserien,2020,2020-08-02,Bodo/Glimt,Stromsgodset,3,2,H,,,,,source_reported_FT,Bodo/Glimt,Stromsgodset
footballcsv/cache.footballdata,https://raw.githubusercontent.com/footballcsv/cache.footballdata/f43a2aa0c65fb061c87e9541e7a567dd58ff933a/2020/no.1.csv,f43a2aa0c65fb061c87e9541e7a567dd58ff933a,93,2026-09-04T07:11:51.603Z,Eliteserien,2020,2020-08-02,Haugesund,Stabaek,3,1,H,,,,,source_reported_FT,Haugesund,Stabaek
footballcsv/cache.footballdata,https://raw.githubusercontent.com/footballcsv/cache.footballdata/f43a2aa0c65fb061c87e9541e7a567dd58ff933a/2020/no.1.csv,f43a2aa0c65fb061c87e9541e7a567dd58ff933a,97,2026-09-04T07:11:51.603Z,Eliteserien,2020,2020-08-02,Odd,Rosenborg,2,1,H,,,,,source_reported_FT,Odd,Rosenborg
footballcsv/cache.footballdata,https://raw.githubusercontent.com/footballcsv/cache.footballdata/f43a2aa0c65fb061c87e9541e7a567dd58ff933a/2020/no.1.csv,f43a2aa0c65fb061c87e9541e7a567dd58ff933a,94,2026-09-04T07:11:51.603Z,Eliteserien,2020,2020-08-02,Sarpsborg 08,Aalesund,4,0,H,,,,,source_reported_FT,Sarpsborg 08,Aalesund
footballcsv/cache.footballdata,https://raw.githubusercontent.com/footballcsv/cache.footballdata/f43a2aa0c65fb061c87e9541e7a567dd58ff933a/2020/no.1.csv,f43a2aa0c65fb061c87e9541e7a567dd58ff933a,95,2026-09-04T07:11:51.603Z,Eliteserien,2020,2020-08-02,Start,Mjondalen,3,0,H,,,,,source_reported_FT,Start,Mjondalen
footballcsv/cache.footballdata,https://raw.githubusercontent.com/footballcsv/cache.footballdata/f43a2aa0c65fb061c87e9541e7a567dd58ff933a/2020/no.1.csv,f43a2aa0c65fb061c87e9541e7a567dd58ff933a,96,2026-09-04T07:11:51.603Z,Eliteserien,2020,2020-08-02,Viking,Kristiansund,1,2,A,,,,,source_reported_FT,Viking,Kristiansund
footballcsv/cache.footballdata,https://raw.githubusercontent.com/footballcsv/cache.footballdata/f43a2aa0c65fb061c87e9541e7a567dd58ff933a/2020/no.1.csv,f43a2aa0c65fb061c87e9541e7a567dd58ff933a,98,2026-09-04T07:11:51.603Z,Eliteserien,2020,2020-08-05,Molde,Start,5,0,H,,,,,source_reported_FT,Molde,Start
footballcsv/cache.footballdata,https://raw.githubusercontent.com/footballcsv/cache.footballdata/f43a2aa0c65fb061c87e9541e7a567dd58ff933a/2020/no.1.csv,f43a2aa0c65fb061c87e9541e7a567dd58ff933a,99,2026-09-04T07:11:51.603Z,Eliteserien,2020,2020-08-08,Valerenga,Bodo/Glimt,2,2,D,,,,,source_reported_FT,Valerenga,Bodo/Glimt
footballcsv/cache.footballdata,https://raw.githubusercontent.com/footballcsv/cache.footballdata/f43a2aa0c65fb061c87e9541e7a567dd58ff933a/2020/no.1.csv,f43a2aa0c65fb061c87e9541e7a567dd58ff933a,100,2026-09-04T07:11:51.603Z,Eliteserien,2020,2020-08-09,Aalesund,Viking,2,2,D,,,,,source_reported_FT,Aalesund,Viking
footballcsv/cache.footballdata,https://raw.githubusercontent.com/footballcsv/cache.footballdata/f43a2aa0c65fb061c87e9541e7a567dd58ff933a/2020/no.1.csv,f43a2aa0c65fb061c87e9541e7a567dd58ff933a,101,2026-09-04T07:11:51.603Z,Eliteserien,2020,2020-08-09,Kristiansund,Start,3,2,H,,,,,source_reported_FT,Kristiansund,Start
footballcsv/cache.footballdata,https://raw.githubusercontent.com/footballcsv/cache.footballdata/f43a2aa0c65fb061c87e9541e7a567dd58ff933a/2020/no.1.csv,f43a2aa0c65fb061c87e9541e7a567dd58ff933a,102,2026-09-04T07:11:51.603Z,Eliteserien,2020,2020-08-09,Mjondalen,Haugesund,1,0,H,,,,,source_reported_FT,Mjondalen,Haugesund
footballcsv/cache.footballdata,https://raw.githubusercontent.com/footballcsv/cache.footballdata/f43a2aa0c65fb061c87e9541e7a567dd58ff933a/2020/no.1.csv,f43a2aa0c65fb061c87e9541e7a567dd58ff933a,105,2026-09-04T07:11:51.603Z,Eliteserien,2020,2020-08-09,Rosenborg,Sarpsborg 08,5,1,H,,,,,source_reported_FT,Rosenborg,Sarpsborg 08
footballcsv/cache.footballdata,https://raw.githubusercontent.com/footballcsv/cache.footballdata/f43a2aa0c65fb061c87e9541e7a567dd58ff933a/2020/no.1.csv,f43a2aa0c65fb061c87e9541e7a567dd58ff933a,103,2026-09-04T07:11:51.603Z,Eliteserien,2020,2020-08-09,Stabaek,Odd,0,1,A,,,,,source_reported_FT,Stabaek,Odd
footballcsv/cache.footballdata,https://raw.githubusercontent.com/footballcsv/cache.footballdata/f43a2aa0c65fb061c87e9541e7a567dd58ff933a/2020/no.1.csv,f43a2aa0c65fb061c87e9541e7a567dd58ff933a,104,2026-09-04T07:11:51.603Z,Eliteserien,2020,2020-08-09,Stromsgodset,Sandefjord,3,4,A,,,,,source_reported_FT,Stromsgodset,Sandefjord
footballcsv/cache.footballdata,https://raw.githubusercontent.com/footballcsv/cache.footballdata/f43a2aa0c65fb061c87e9541e7a567dd58ff933a/2020/no.1.csv,f43a2aa0c65fb061c87e9541e7a567dd58ff933a,106,2026-09-04T07:11:51.603Z,Eliteserien,2020,2020-08-10,Molde,Brann,1,2,A,,,,,source_reported_FT,Molde,Brann
footballcsv/cache.footballdata,https://raw.githubusercontent.com/footballcsv/cache.footballdata/f43a2aa0c65fb061c87e9541e7a567dd58ff933a/2020/no.1.csv,f43a2aa0c65fb061c87e9541e7a567dd58ff933a,107,2026-09-04T07:11:51.603Z,Eliteserien,2020,2020-08-15,Sarpsborg 08,Molde,2,1,H,,,,,source_reported_FT,Sarpsborg 08,Molde
footballcsv/cache.footballdata,https://raw.githubusercontent.com/footballcsv/cache.footballdata/f43a2aa0c65fb061c87e9541e7a567dd58ff933a/2020/no.1.csv,f43a2aa0c65fb061c87e9541e7a567dd58ff933a,108,2026-09-04T07:11:51.603Z,Eliteserien,2020,2020-08-16,Brann,Mjondalen,0,1,A,,,,,source_reported_FT,Brann,Mjondalen
footballcsv/cache.footballdata,https://raw.githubusercontent.com/footballcsv/cache.footballdata/f43a2aa0c65fb061c87e9541e7a567dd58ff933a/2020/no.1.csv,f43a2aa0c65fb061c87e9541e7a567dd58ff933a,109,2026-09-04T07:11:51.603Z,Eliteserien,2020,2020-08-16,Haugesund,Stromsgodset,2,3,A,,,,,source_reported_FT,Haugesund,Stromsgodset
footballcsv/cache.footballdata,https://raw.githubusercontent.com/footballcsv/cache.footballdata/f43a2aa0c65fb061c87e9541e7a567dd58ff933a/2020/no.1.csv,f43a2aa0c65fb061c87e9541e7a567dd58ff933a,110,2026-09-04T07:11:51.603Z,Eliteserien,2020,2020-08-16,Odd,Kristiansund,2,1,H,,,,,source_reported_FT,Odd,Kristiansund
footballcsv/cache.footballdata,https://raw.githubusercontent.com/footballcsv/cache.footballdata/f43a2aa0c65fb061c87e9541e7a567dd58ff933a/2020/no.1.csv,f43a2aa0c65fb061c87e9541e7a567dd58ff933a,113,2026-09-04T07:11:51.603Z,Eliteserien,2020,2020-08-16,Rosenborg,Aalesund,3,2,H,,,,,source_reported_FT,Rosenborg,Aalesund
footballcsv/cache.footballdata,https://raw.githubusercontent.com/footballcsv/cache.footballdata/f43a2aa0c65fb061c87e9541e7a567dd58ff933a/2020/no.1.csv,f43a2aa0c65fb061c87e9541e7a567dd58ff933a,111,2026-09-04T07:11:51.603Z,Eliteserien,2020,2020-08-16,Sandefjord,Bodo/Glimt,1,2,A,,,,,source_reported_FT,Sandefjord,Bodo/Glimt
footballcsv/cache.footballdata,https://raw.githubusercontent.com/footballcsv/cache.footballdata/f43a2aa0c65fb061c87e9541e7a567dd58ff933a/2020/no.1.csv,f43a2aa0c65fb061c87e9541e7a567dd58ff933a,112,2026-09-04T07:11:51.603Z,Eliteserien,2020,2020-08-16,Viking,Stabaek,3,3,D,,,,,source_reported_FT,Viking,Stabaek
footballcsv/cache.footballdata,https://raw.githubusercontent.com/footballcsv/cache.footballdata/f43a2aa0c65fb061c87e9541e7a567dd58ff933a/2020/no.1.csv,f43a2aa0c65fb061c87e9541e7a567dd58ff933a,114,2026-09-04T07:11:51.603Z,Eliteserien,2020,2020-08-17,Start,Valerenga,2,1,H,,,,,source_reported_FT,Start,Valerenga
footballcsv/cache.footballdata,https://raw.githubusercontent.com/footballcsv/cache.footballdata/f43a2aa0c65fb061c87e9541e7a567dd58ff933a/2020/no.1.csv,f43a2aa0c65fb061c87e9541e7a567dd58ff933a,116,2026-09-04T07:11:51.603Z,Eliteserien,2020,2020-08-22,Aalesund,Haugesund,1,3,A,,,,,source_reported_FT,Aalesund,Haugesund
footballcsv/cache.footballdata,https://raw.githubusercontent.com/footballcsv/cache.footballdata/f43a2aa0c65fb061c87e9541e7a567dd58ff933a/2020/no.1.csv,f43a2aa0c65fb061c87e9541e7a567dd58ff933a,117,2026-09-04T07:11:51.603Z,Eliteserien,2020,2020-08-22,Bodo/Glimt,Start,6,0,H,,,,,source_reported_FT,Bodo/Glimt,Start
footballcsv/cache.footballdata,https://raw.githubusercontent.com/footballcsv/cache.footballdata/f43a2aa0c65fb061c87e9541e7a567dd58ff933a/2020/no.1.csv,f43a2aa0c65fb061c87e9541e7a567dd58ff933a,118,2026-09-04T07:11:51.603Z,Eliteserien,2020,2020-08-22,Kristiansund,Sarpsborg 08,4,1,H,,,,,source_reported_FT,Kristiansund,Sarpsborg 08
footballcsv/cache.footballdata,https://raw.githubusercontent.com/footballcsv/cache.footballdata/f43a2aa0c65fb061c87e9541e7a567dd58ff933a/2020/no.1.csv,f43a2aa0c65fb061c87e9541e7a567dd58ff933a,121,2026-09-04T07:11:51.603Z,Eliteserien,2020,2020-08-22,Mjondalen,Rosenborg,0,2,A,,,,,source_reported_FT,Mjondalen,Rosenborg
footballcsv/cache.footballdata,https://raw.githubusercontent.com/footballcsv/cache.footballdata/f43a2aa0c65fb061c87e9541e7a567dd58ff933a/2020/no.1.csv,f43a2aa0c65fb061c87e9541e7a567dd58ff933a,115,2026-09-04T07:11:51.603Z,Eliteserien,2020,2020-08-22,Molde,Odd,2,0,H,,,,,source_reported_FT,Molde,Odd
footballcsv/cache.footballdata,https://raw.githubusercontent.com/footballcsv/cache.footballdata/f43a2aa0c65fb061c87e9541e7a567dd58ff933a/2020/no.1.csv,f43a2aa0c65fb061c87e9541e7a567dd58ff933a,119,2026-09-04T07:11:51.603Z,Eliteserien,2020,2020-08-22,Stromsgodset,Viking,0,2,A,,,,,source_reported_FT,Stromsgodset,Viking
footballcsv/cache.footballdata,https://raw.githubusercontent.com/footballcsv/cache.footballdata/f43a2aa0c65fb061c87e9541e7a567dd58ff933a/2020/no.1.csv,f43a2aa0c65fb061c87e9541e7a567dd58ff933a,120,2026-09-04T07:11:51.603Z,Eliteserien,2020,2020-08-22,Valerenga,Sandefjord,2,1,H,,,,,source_reported_FT,Valerenga,Sandefjord
footballcsv/cache.footballdata,https://raw.githubusercontent.com/footballcsv/cache.footballdata/f43a2aa0c65fb061c87e9541e7a567dd58ff933a/2020/no.1.csv,f43a2aa0c65fb061c87e9541e7a567dd58ff933a,122,2026-09-04T07:11:51.603Z,Eliteserien,2020,2020-08-24,Stabaek,Brann,0,2,A,,,,,source_reported_FT,Stabaek,Brann
footballcsv/cache.footballdata,https://raw.githubusercontent.com/footballcsv/cache.footballdata/f43a2aa0c65fb061c87e9541e7a567dd58ff933a/2020/no.1.csv,f43a2aa0c65fb061c87e9541e7a567dd58ff933a,124,2026-09-04T07:11:51.603Z,Eliteserien,2020,2020-08-29,Brann,Stromsgodset,1,1,D,,,,,source_reported_FT,Brann,Stromsgodset
footballcsv/cache.footballdata,https://raw.githubusercontent.com/footballcsv/cache.footballdata/f43a2aa0c65fb061c87e9541e7a567dd58ff933a/2020/no.1.csv,f43a2aa0c65fb061c87e9541e7a567dd58ff933a,123,2026-09-04T07:11:51.603Z,Eliteserien,2020,2020-08-29,Haugesund,Valerenga,2,1,H,,,,,source_reported_FT,Haugesund,Valerenga
footballcsv/cache.footballdata,https://raw.githubusercontent.com/footballcsv/cache.footballdata/f43a2aa0c65fb061c87e9541e7a567dd58ff933a/2020/no.1.csv,f43a2aa0c65fb061c87e9541e7a567dd58ff933a,125,2026-09-04T07:11:51.603Z,Eliteserien,2020,2020-08-30,Odd,Mjondalen,6,1,H,,,,,source_reported_FT,Odd,Mjondalen
footballcsv/cache.footballdata,https://raw.githubusercontent.com/footballcsv/cache.footballdata/f43a2aa0c65fb061c87e9541e7a567dd58ff933a/2020/no.1.csv,f43a2aa0c65fb061c87e9541e7a567dd58ff933a,126,2026-09-04T07:11:51.603Z,Eliteserien,2020,2020-08-30,Rosenborg,Stabaek,2,2,D,,,,,source_reported_FT,Rosenborg,Stabaek
footballcsv/cache.footballdata,https://raw.githubusercontent.com/footballcsv/cache.footballdata/f43a2aa0c65fb061c87e9541e7a567dd58ff933a/2020/no.1.csv,f43a2aa0c65fb061c87e9541e7a567dd58ff933a,127,2026-09-04T07:11:51.603Z,Eliteserien,2020,2020-08-30,Sandefjord,Kristiansund,0,2,A,,,,,source_reported_FT,Sandefjord,Kristiansund
footballcsv/cache.footballdata,https://raw.githubusercontent.com/footballcsv/cache.footballdata/f43a2aa0c65fb061c87e9541e7a567dd58ff933a/2020/no.1.csv,f43a2aa0c65fb061c87e9541e7a567dd58ff933a,128,2026-09-04T07:11:51.603Z,Eliteserien,2020,2020-08-30,Sarpsborg 08,Bodo/Glimt,0,3,A,,,,,source_reported_FT,Sarpsborg 08,Bodo/Glimt
footballcsv/cache.footballdata,https://raw.githubusercontent.com/footballcsv/cache.footballdata/f43a2aa0c65fb061c87e9541e7a567dd58ff933a/2020/no.1.csv,f43a2aa0c65fb061c87e9541e7a567dd58ff933a,129,2026-09-04T07:11:51.603Z,Eliteserien,2020,2020-08-30,Start,Aalesund,1,0,H,,,,,source_reported_FT,Start,Aalesund
footballcsv/cache.footballdata,https://raw.githubusercontent.com/footballcsv/cache.footballdata/f43a2aa0c65fb061c87e9541e7a567dd58ff933a/2020/no.1.csv,f43a2aa0c65fb061c87e9541e7a567dd58ff933a,130,2026-09-04T07:11:51.603Z,Eliteserien,2020,2020-08-30,Viking,Molde,3,2,H,,,,,source_reported_FT,Viking,Molde
footballcsv/cache.footballdata,https://raw.githubusercontent.com/footballcsv/cache.footballdata/f43a2aa0c65fb061c87e9541e7a567dd58ff933a/2020/no.1.csv,f43a2aa0c65fb061c87e9541e7a567dd58ff933a,131,2026-09-04T07:11:51.603Z,Eliteserien,2020,2020-09-12,Kristiansund,Viking,3,5,A,,,,,source_reported_FT,Kristiansund,Viking
footballcsv/cache.footballdata,https://raw.githubusercontent.com/footballcsv/cache.footballdata/f43a2aa0c65fb061c87e9541e7a567dd58ff933a/2020/no.1.csv,f43a2aa0c65fb061c87e9541e7a567dd58ff933a,132,2026-09-04T07:11:51.603Z,Eliteserien,2020,2020-09-12,Stabaek,Haugesund,2,1,H,,,,,source_reported_FT,Stabaek,Haugesund
footballcsv/cache.footballdata,https://raw.githubusercontent.com/footballcsv/cache.footballdata/f43a2aa0c65fb061c87e9541e7a567dd58ff933a/2020/no.1.csv,f43a2aa0c65fb061c87e9541e7a567dd58ff933a,133,2026-09-04T07:11:51.603Z,Eliteserien,2020,2020-09-13,Aalesund,Sarpsborg 08,0,1,A,,,,,source_reported_FT,Aalesund,Sarpsborg 08
footballcsv/cache.footballdata,https://raw.githubusercontent.com/footballcsv/cache.footballdata/f43a2aa0c65fb061c87e9541e7a567dd58ff933a/2020/no.1.csv,f43a2aa0c65fb061c87e9541e7a567dd58ff933a,134,2026-09-04T07:11:51.603Z,Eliteserien,2020,2020-09-13,Bodo/Glimt,Odd,6,1,H,,,,,source_reported_FT,Bodo/Glimt,Odd
footballcsv/cache.footballdata,https://raw.githubusercontent.com/footballcsv/cache.footballdata/f43a2aa0c65fb061c87e9541e7a567dd58ff933a/2020/no.1.csv,f43a2aa0c65fb061c87e9541e7a567dd58ff933a,135,2026-09-04T07:11:51.603Z,Eliteserien,2020,2020-09-13,Mjondalen,Sandefjord,0,2,A,,,,,source_reported_FT,Mjondalen,Sandefjord
footballcsv/cache.footballdata,https://raw.githubusercontent.com/footballcsv/cache.footballdata/f43a2aa0c65fb061c87e9541e7a567dd58ff933a/2020/no.1.csv,f43a2aa0c65fb061c87e9541e7a567dd58ff933a,136,2026-09-04T07:11:51.603Z,Eliteserien,2020,2020-09-13,Stromsgodset,Rosenborg,3,3,D,,,,,source_reported_FT,Stromsgodset,Rosenborg
footballcsv/cache.footballdata,https://raw.githubusercontent.com/footballcsv/cache.footballdata/f43a2aa0c65fb061c87e9541e7a567dd58ff933a/2020/no.1.csv,f43a2aa0c65fb061c87e9541e7a567dd58ff933a,137,2026-09-04T07:11:51.603Z,Eliteserien,2020,2020-09-13,Valerenga,Brann,5,1,H,,,,,source_reported_FT,Valerenga,Brann
footballcsv/cache.footballdata,https://raw.githubusercontent.com/footballcsv/cache.footballdata/f43a2aa0c65fb061c87e9541e7a567dd58ff933a/2020/no.1.csv,f43a2aa0c65fb061c87e9541e7a567dd58ff933a,139,2026-09-04T07:11:51.603Z,Eliteserien,2020,2020-09-19,Sarpsborg 08,Mjondalen,2,0,H,,,,,source_reported_FT,Sarpsborg 08,Mjondalen
footballcsv/cache.footballdata,https://raw.githubusercontent.com/footballcsv/cache.footballdata/f43a2aa0c65fb061c87e9541e7a567dd58ff933a/2020/no.1.csv,f43a2aa0c65fb061c87e9541e7a567dd58ff933a,138,2026-09-04T07:11:51.603Z,Eliteserien,2020,2020-09-19,Valerenga,Molde,2,1,H,,,,,source_reported_FT,Valerenga,Molde
footballcsv/cache.footballdata,https://raw.githubusercontent.com/footballcsv/cache.footballdata/f43a2aa0c65fb061c87e9541e7a567dd58ff933a/2020/no.1.csv,f43a2aa0c65fb061c87e9541e7a567dd58ff933a,140,2026-09-04T07:11:51.603Z,Eliteserien,2020,2020-09-20,Brann,Bodo/Glimt,1,3,A,,,,,source_reported_FT,Brann,Bodo/Glimt
footballcsv/cache.footballdata,https://raw.githubusercontent.com/footballcsv/cache.footballdata/f43a2aa0c65fb061c87e9541e7a567dd58ff933a/2020/no.1.csv,f43a2aa0c65fb061c87e9541e7a567dd58ff933a,145,2026-09-04T07:11:51.603Z,Eliteserien,2020,2020-09-20,Odd,Stabaek,2,0,H,,,,,source_reported_FT,Odd,Stabaek
footballcsv/cache.footballdata,https://raw.githubusercontent.com/footballcsv/cache.footballdata/f43a2aa0c65fb061c87e9541e7a567dd58ff933a/2020/no.1.csv,f43a2aa0c65fb061c87e9541e7a567dd58ff933a,141,2026-09-04T07:11:51.603Z,Eliteserien,2020,2020-09-20,Rosenborg,Haugesund,2,1,H,,,,,source_reported_FT,Rosenborg,Haugesund
footballcsv/cache.footballdata,https://raw.githubusercontent.com/footballcsv/cache.footballdata/f43a2aa0c65fb061c87e9541e7a567dd58ff933a/2020/no.1.csv,f43a2aa0c65fb061c87e9541e7a567dd58ff933a,142,2026-09-04T07:11:51.603Z,Eliteserien,2020,2020-09-20,Sandefjord,Stromsgodset,0,0,D,,,,,source_reported_FT,Sandefjord,Stromsgodset
footballcsv/cache.footballdata,https://raw.githubusercontent.com/footballcsv/cache.footballdata/f43a2aa0c65fb061c87e9541e7a567dd58ff933a/2020/no.1.csv,f43a2aa0c65fb061c87e9541e7a567dd58ff933a,143,2026-09-04T07:11:51.603Z,Eliteserien,2020,2020-09-20,Start,Kristiansund,1,2,A,,,,,source_reported_FT,Start,Kristiansund
footballcsv/cache.footballdata,https://raw.githubusercontent.com/footballcsv/cache.footballdata/f43a2aa0c65fb061c87e9541e7a567dd58ff933a/2020/no.1.csv,f43a2aa0c65fb061c87e9541e7a567dd58ff933a,144,2026-09-04T07:11:51.603Z,Eliteserien,2020,2020-09-20,Viking,Aalesund,5,2,H,,,,,source_reported_FT,Viking,Aalesund
footballcsv/cache.footballdata,https://raw.githubusercontent.com/footballcsv/cache.footballdata/f43a2aa0c65fb061c87e9541e7a567dd58ff933a/2020/no.1.csv,f43a2aa0c65fb061c87e9541e7a567dd58ff933a,146,2026-09-04T07:11:51.603Z,Eliteserien,2020,2020-09-26,Molde,Sandefjord,0,1,A,,,,,source_reported_FT,Molde,Sandefjord
footballcsv/cache.footballdata,https://raw.githubusercontent.com/footballcsv/cache.footballdata/f43a2aa0c65fb061c87e9541e7a567dd58ff933a/2020/no.1.csv,f43a2aa0c65fb061c87e9541e7a567dd58ff933a,147,2026-09-04T07:11:51.603Z,Eliteserien,2020,2020-09-26,Stromsgodset,Sarpsborg 08,0,0,D,,,,,source_reported_FT,Stromsgodset,Sarpsborg 08
footballcsv/cache.footballdata,https://raw.githubusercontent.com/footballcsv/cache.footballdata/f43a2aa0c65fb061c87e9541e7a567dd58ff933a/2020/no.1.csv,f43a2aa0c65fb061c87e9541e7a567dd58ff933a,148,2026-09-04T07:11:51.603Z,Eliteserien,2020,2020-09-27,Aalesund,Rosenborg,1,2,A,,,,,source_reported_FT,Aalesund,Rosenborg
footballcsv/cache.footballdata,https://raw.githubusercontent.com/footballcsv/cache.footballdata/f43a2aa0c65fb061c87e9541e7a567dd58ff933a/2020/no.1.csv,f43a2aa0c65fb061c87e9541e7a567dd58ff933a,153,2026-09-04T07:11:51.603Z,Eliteserien,2020,2020-09-27,Bodo/Glimt,Valerenga,2,0,H,,,,,source_reported_FT,Bodo/Glimt,Valerenga
footballcsv/cache.footballdata,https://raw.githubusercontent.com/footballcsv/cache.footballdata/f43a2aa0c65fb061c87e9541e7a567dd58ff933a/2020/no.1.csv,f43a2aa0c65fb061c87e9541e7a567dd58ff933a,149,2026-09-04T07:11:51.603Z,Eliteserien,2020,2020-09-27,Haugesund,Odd,4,4,D,,,,,source_reported_FT,Haugesund,Odd
footballcsv/cache.footballdata,https://raw.githubusercontent.com/footballcsv/cache.footballdata/f43a2aa0c65fb061c87e9541e7a567dd58ff933a/2020/no.1.csv,f43a2aa0c65fb061c87e9541e7a567dd58ff933a,150,2026-09-04T07:11:51.603Z,Eliteserien,2020,2020-09-27,Kristiansund,Brann,1,1,D,,,,,source_reported_FT,Kristiansund,Brann
footballcsv/cache.footballdata,https://raw.githubusercontent.com/footballcsv/cache.footballdata/f43a2aa0c65fb061c87e9541e7a567dd58ff933a/2020/no.1.csv,f43a2aa0c65fb061c87e9541e7a567dd58ff933a,151,2026-09-04T07:11:51.603Z,Eliteserien,2020,2020-09-27,Mjondalen,Viking,1,2,A,,,,,source_reported_FT,Mjondalen,Viking
footballcsv/cache.footballdata,https://raw.githubusercontent.com/footballcsv/cache.footballdata/f43a2aa0c65fb061c87e9541e7a567dd58ff933a/2020/no.1.csv,f43a2aa0c65fb061c87e9541e7a567dd58ff933a,152,2026-09-04T07:11:51.603Z,Eliteserien,2020,2020-09-27,Stabaek,Start,2,0,H,,,,,source_reported_FT,Stabaek,Start
footballcsv/cache.footballdata,https://raw.githubusercontent.com/footballcsv/cache.footballdata/f43a2aa0c65fb061c87e9541e7a567dd58ff933a/2020/no.1.csv,f43a2aa0c65fb061c87e9541e7a567dd58ff933a,154,2026-09-04T07:11:51.603Z,Eliteserien,2020,2020-10-03,Sarpsborg 08,Stabaek,4,0,H,,,,,source_reported_FT,Sarpsborg 08,Stabaek
footballcsv/cache.footballdata,https://raw.githubusercontent.com/footballcsv/cache.footballdata/f43a2aa0c65fb061c87e9541e7a567dd58ff933a/2020/no.1.csv,f43a2aa0c65fb061c87e9541e7a567dd58ff933a,155,2026-09-04T07:11:51.603Z,Eliteserien,2020,2020-10-03,Valerenga,Mjondalen,4,1,H,,,,,source_reported_FT,Valerenga,Mjondalen
footballcsv/cache.footballdata,https://raw.githubusercontent.com/footballcsv/cache.footballdata/f43a2aa0c65fb061c87e9541e7a567dd58ff933a/2020/no.1.csv,f43a2aa0c65fb061c87e9541e7a567dd58ff933a,156,2026-09-04T07:11:51.603Z,Eliteserien,2020,2020-10-04,Aalesund,Kristiansund,1,2,A,,,,,source_reported_FT,Aalesund,Kristiansund
footballcsv/cache.footballdata,https://raw.githubusercontent.com/footballcsv/cache.footballdata/f43a2aa0c65fb061c87e9541e7a567dd58ff933a/2020/no.1.csv,f43a2aa0c65fb061c87e9541e7a567dd58ff933a,157,2026-09-04T07:11:51.603Z,Eliteserien,2020,2020-10-04,Bodo/Glimt,Sandefjord,2,1,H,,,,,source_reported_FT,Bodo/Glimt,Sandefjord
footballcsv/cache.footballdata,https://raw.githubusercontent.com/footballcsv/cache.footballdata/f43a2aa0c65fb061c87e9541e7a567dd58ff933a/2020/no.1.csv,f43a2aa0c65fb061c87e9541e7a567dd58ff933a,158,2026-09-04T07:11:51.603Z,Eliteserien,2020,2020-10-04,Brann,Molde,1,2,A,,,,,source_reported_FT,Brann,Molde
footballcsv/cache.footballdata,https://raw.githubusercontent.com/footballcsv/cache.footballdata/f43a2aa0c65fb061c87e9541e7a567dd58ff933a/2020/no.1.csv,f43a2aa0c65fb061c87e9541e7a567dd58ff933a,161,2026-09-04T07:11:51.603Z,Eliteserien,2020,2020-10-04,Rosenborg,Odd,4,1,H,,,,,source_reported_FT,Rosenborg,Odd
footballcsv/cache.footballdata,https://raw.githubusercontent.com/footballcsv/cache.footballdata/f43a2aa0c65fb061c87e9541e7a567dd58ff933a/2020/no.1.csv,f43a2aa0c65fb061c87e9541e7a567dd58ff933a,159,2026-09-04T07:11:51.603Z,Eliteserien,2020,2020-10-04,Start,Haugesund,5,1,H,,,,,source_reported_FT,Start,Haugesund
footballcsv/cache.footballdata,https://raw.githubusercontent.com/footballcsv/cache.footballdata/f43a2aa0c65fb061c87e9541e7a567dd58ff933a/2020/no.1.csv,f43a2aa0c65fb061c87e9541e7a567dd58ff933a,160,2026-09-04T07:11:51.603Z,Eliteserien,2020,2020-10-04,Viking,Stromsgodset,2,2,D,,,,,source_reported_FT,Viking,Stromsgodset
footballcsv/cache.footballdata,https://raw.githubusercontent.com/footballcsv/cache.footballdata/f43a2aa0c65fb061c87e9541e7a567dd58ff933a/2020/no.1.csv,f43a2aa0c65fb061c87e9541e7a567dd58ff933a,162,2026-09-04T07:11:51.603Z,Eliteserien,2020,2020-10-17,Mjondalen,Brann,2,0,H,,,,,source_reported_FT,Mjondalen,Brann
footballcsv/cache.footballdata,https://raw.githubusercontent.com/footballcsv/cache.footballdata/f43a2aa0c65fb061c87e9541e7a567dd58ff933a/2020/no.1.csv,f43a2aa0c65fb061c87e9541e7a567dd58ff933a,163,2026-09-04T07:11:51.603Z,Eliteserien,2020,2020-10-17,Molde,Bodo/Glimt,4,2,H,,,,,source_reported_FT,Molde,Bodo/Glimt
footballcsv/cache.footballdata,https://raw.githubusercontent.com/footballcsv/cache.footballdata/f43a2aa0c65fb061c87e9541e7a567dd58ff933a/2020/no.1.csv,f43a2aa0c65fb061c87e9541e7a567dd58ff933a,164,2026-09-04T07:11:51.603Z,Eliteserien,2020,2020-10-18,Haugesund,Sarpsborg 08,2,0,H,,,,,source_reported_FT,Haugesund,Sarpsborg 08
footballcsv/cache.footballdata,https://raw.githubusercontent.com/footballcsv/cache.footballdata/f43a2aa0c65fb061c87e9541e7a567dd58ff933a/2020/no.1.csv,f43a2aa0c65fb061c87e9541e7a567dd58ff933a,165,2026-09-04T07:11:51.603Z,Eliteserien,2020,2020-10-18,Kristiansund,Rosenborg,0,0,D,,,,,source_reported_FT,Kristiansund,Rosenborg
footballcsv/cache.footballdata,https://raw.githubusercontent.com/footballcsv/cache.footballdata/f43a2aa0c65fb061c87e9541e7a567dd58ff933a/2020/no.1.csv,f43a2aa0c65fb061c87e9541e7a567dd58ff933a,168,2026-09-04T07:11:51.603Z,Eliteserien,2020,2020-10-18,Sandefjord,Valerenga,0,3,A,,,,,source_reported_FT,Sandefjord,Valerenga
footballcsv/cache.footballdata,https://raw.githubusercontent.com/footballcsv/cache.footballdata/f43a2aa0c65fb061c87e9541e7a567dd58ff933a/2020/no.1.csv,f43a2aa0c65fb061c87e9541e7a567dd58ff933a,166,2026-09-04T07:11:51.603Z,Eliteserien,2020,2020-10-18,Stabaek,Aalesund,4,0,H,,,,,source_reported_FT,Stabaek,Aalesund
footballcsv/cache.footballdata,https://raw.githubusercontent.com/footballcsv/cache.footballdata/f43a2aa0c65fb061c87e9541e7a567dd58ff933a/2020/no.1.csv,f43a2aa0c65fb061c87e9541e7a567dd58ff933a,167,2026-09-04T07:11:51.603Z,Eliteserien,2020,2020-10-18,Stromsgodset,Start,1,1,D,,,,,source_reported_FT,Stromsgodset,Start
footballcsv/cache.footballdata,https://raw.githubusercontent.com/footballcsv/cache.footballdata/f43a2aa0c65fb061c87e9541e7a567dd58ff933a/2020/no.1.csv,f43a2aa0c65fb061c87e9541e7a567dd58ff933a,170,2026-09-04T07:11:51.603Z,Eliteserien,2020,2020-10-24,Brann,Stabaek,1,1,D,,,,,source_reported_FT,Brann,Stabaek
footballcsv/cache.footballdata,https://raw.githubusercontent.com/footballcsv/cache.footballdata/f43a2aa0c65fb061c87e9541e7a567dd58ff933a/2020/no.1.csv,f43a2aa0c65fb061c87e9541e7a567dd58ff933a,169,2026-09-04T07:11:51.603Z,Eliteserien,2020,2020-10-24,Start,Sandefjord,0,1,A,,,,,source_reported_FT,Start,Sandefjord
footballcsv/cache.footballdata,https://raw.githubusercontent.com/footballcsv/cache.footballdata/f43a2aa0c65fb061c87e9541e7a567dd58ff933a/2020/no.1.csv,f43a2aa0c65fb061c87e9541e7a567dd58ff933a,171,2026-09-04T07:11:51.603Z,Eliteserien,2020,2020-10-25,Aalesund,Odd,0,3,A,,,,,source_reported_FT,Aalesund,Odd
footballcsv/cache.footballdata,https://raw.githubusercontent.com/footballcsv/cache.footballdata/f43a2aa0c65fb061c87e9541e7a567dd58ff933a/2020/no.1.csv,f43a2aa0c65fb061c87e9541e7a567dd58ff933a,175,2026-09-04T07:11:51.603Z,Eliteserien,2020,2020-10-25,Bodo/Glimt,Mjondalen,2,0,H,,,,,source_reported_FT,Bodo/Glimt,Mjondalen
footballcsv/cache.footballdata,https://raw.githubusercontent.com/footballcsv/cache.footballdata/f43a2aa0c65fb061c87e9541e7a567dd58ff933a/2020/no.1.csv,f43a2aa0c65fb061c87e9541e7a567dd58ff933a,172,2026-09-04T07:11:51.603Z,Eliteserien,2020,2020-10-25,Molde,Stromsgodset,2,1,H,,,,,source_reported_FT,Molde,Stromsgodset
footballcsv/cache.footballdata,https://raw.githubusercontent.com/footballcsv/cache.footballdata/f43a2aa0c65fb061c87e9541e7a567dd58ff933a/2020/no.1.csv,f43a2aa0c65fb061c87e9541e7a567dd58ff933a,173,2026-09-04T07:11:51.603Z,Eliteserien,2020,2020-10-25,Sarpsborg 08,Rosenborg,1,2,A,,,,,source_reported_FT,Sarpsborg 08,Rosenborg
footballcsv/cache.footballdata,https://raw.githubusercontent.com/footballcsv/cache.footballdata/f43a2aa0c65fb061c87e9541e7a567dd58ff933a/2020/no.1.csv,f43a2aa0c65fb061c87e9541e7a567dd58ff933a,174,2026-09-04T07:11:51.603Z,Eliteserien,2020,2020-10-25,Valerenga,Kristiansund,1,1,D,,,,,source_reported_FT,Valerenga,Kristiansund
footballcsv/cache.footballdata,https://raw.githubusercontent.com/footballcsv/cache.footballdata/f43a2aa0c65fb061c87e9541e7a567dd58ff933a/2020/no.1.csv,f43a2aa0c65fb061c87e9541e7a567dd58ff933a,176,2026-09-04T07:11:51.603Z,Eliteserien,2020,2020-10-27,Viking,Haugesund,0,1,A,,,,,source_reported_FT,Viking,Haugesund
footballcsv/cache.footballdata,https://raw.githubusercontent.com/footballcsv/cache.footballdata/f43a2aa0c65fb061c87e9541e7a567dd58ff933a/2020/no.1.csv,f43a2aa0c65fb061c87e9541e7a567dd58ff933a,178,2026-09-04T07:11:51.603Z,Eliteserien,2020,2020-10-31,Haugesund,Aalesund,0,1,A,,,,,source_reported_FT,Haugesund,Aalesund
footballcsv/cache.footballdata,https://raw.githubusercontent.com/footballcsv/cache.footballdata/f43a2aa0c65fb061c87e9541e7a567dd58ff933a/2020/no.1.csv,f43a2aa0c65fb061c87e9541e7a567dd58ff933a,177,2026-09-04T07:11:51.603Z,Eliteserien,2020,2020-10-31,Odd,Sarpsborg 08,1,1,D,,,,,source_reported_FT,Odd,Sarpsborg 08
footballcsv/cache.footballdata,https://raw.githubusercontent.com/footballcsv/cache.footballdata/f43a2aa0c65fb061c87e9541e7a567dd58ff933a/2020/no.1.csv,f43a2aa0c65fb061c87e9541e7a567dd58ff933a,180,2026-09-04T07:11:51.603Z,Eliteserien,2020,2020-11-01,Kristiansund,Bodo/Glimt,2,3,A,,,,,source_reported_FT,Kristiansund,Bodo/Glimt
footballcsv/cache.footballdata,https://raw.githubusercontent.com/footballcsv/cache.footballdata/f43a2aa0c65fb061c87e9541e7a567dd58ff933a/2020/no.1.csv,f43a2aa0c65fb061c87e9541e7a567dd58ff933a,179,2026-09-04T07:11:51.603Z,Eliteserien,2020,2020-11-01,Mjondalen,Molde,1,3,A,,,,,source_reported_FT,Mjondalen,Molde
footballcsv/cache.footballdata,https://raw.githubusercontent.com/footballcsv/cache.footballdata/f43a2aa0c65fb061c87e9541e7a567dd58ff933a/2020/no.1.csv,f43a2aa0c65fb061c87e9541e7a567dd58ff933a,181,2026-09-04T07:11:51.603Z,Eliteserien,2020,2020-11-01,Rosenborg,Start,1,0,H,,,,,source_reported_FT,Rosenborg,Start
footballcsv/cache.footballdata,https://raw.githubusercontent.com/footballcsv/cache.footballdata/f43a2aa0c65fb061c87e9541e7a567dd58ff933a/2020/no.1.csv,f43a2aa0c65fb061c87e9541e7a567dd58ff933a,182,2026-09-04T07:11:51.603Z,Eliteserien,2020,2020-11-01,Sandefjord,Brann,3,3,D,,,,,source_reported_FT,Sandefjord,Brann
footballcsv/cache.footballdata,https://raw.githubusercontent.com/footballcsv/cache.footballdata/f43a2aa0c65fb061c87e9541e7a567dd58ff933a/2020/no.1.csv,f43a2aa0c65fb061c87e9541e7a567dd58ff933a,183,2026-09-04T07:11:51.603Z,Eliteserien,2020,2020-11-01,Stabaek,Viking,1,1,D,,,,,source_reported_FT,Stabaek,Viking
footballcsv/cache.footballdata,https://raw.githubusercontent.com/footballcsv/cache.footballdata/f43a2aa0c65fb061c87e9541e7a567dd58ff933a/2020/no.1.csv,f43a2aa0c65fb061c87e9541e7a567dd58ff933a,184,2026-09-04T07:11:51.603Z,Eliteserien,2020,2020-11-01,Stromsgodset,Valerenga,0,2,A,,,,,source_reported_FT,Stromsgodset,Valerenga
footballcsv/cache.footballdata,https://raw.githubusercontent.com/footballcsv/cache.footballdata/f43a2aa0c65fb061c87e9541e7a567dd58ff933a/2020/no.1.csv,f43a2aa0c65fb061c87e9541e7a567dd58ff933a,185,2026-09-04T07:11:51.603Z,Eliteserien,2020,2020-11-04,Odd,Viking,3,0,H,,,,,source_reported_FT,Odd,Viking
footballcsv/cache.footballdata,https://raw.githubusercontent.com/footballcsv/cache.footballdata/f43a2aa0c65fb061c87e9541e7a567dd58ff933a/2020/no.1.csv,f43a2aa0c65fb061c87e9541e7a567dd58ff933a,187,2026-09-04T07:11:51.603Z,Eliteserien,2020,2020-11-07,Brann,Haugesund,1,2,A,,,,,source_reported_FT,Brann,Haugesund
footballcsv/cache.footballdata,https://raw.githubusercontent.com/footballcsv/cache.footballdata/f43a2aa0c65fb061c87e9541e7a567dd58ff933a/2020/no.1.csv,f43a2aa0c65fb061c87e9541e7a567dd58ff933a,186,2026-09-04T07:11:51.603Z,Eliteserien,2020,2020-11-07,Mjondalen,Stromsgodset,3,0,H,,,,,source_reported_FT,Mjondalen,Stromsgodset
footballcsv/cache.footballdata,https://raw.githubusercontent.com/footballcsv/cache.footballdata/f43a2aa0c65fb061c87e9541e7a567dd58ff933a/2020/no.1.csv,f43a2aa0c65fb061c87e9541e7a567dd58ff933a,188,2026-09-04T07:11:51.603Z,Eliteserien,2020,2020-11-08,Bodo/Glimt,Aalesund,7,0,H,,,,,source_reported_FT,Bodo/Glimt,Aalesund
footballcsv/cache.footballdata,https://raw.githubusercontent.com/footballcsv/cache.footballdata/f43a2aa0c65fb061c87e9541e7a567dd58ff933a/2020/no.1.csv,f43a2aa0c65fb061c87e9541e7a567dd58ff933a,189,2026-09-04T07:11:51.603Z,Eliteserien,2020,2020-11-08,Molde,Kristiansund,2,2,D,,,,,source_reported_FT,Molde,Kristiansund
footballcsv/cache.footballdata,https://raw.githubusercontent.com/footballcsv/cache.footballdata/f43a2aa0c65fb061c87e9541e7a567dd58ff933a/2020/no.1.csv,f43a2aa0c65fb061c87e9541e7a567dd58ff933a,190,2026-09-04T07:11:51.603Z,Eliteserien,2020,2020-11-08,Sandefjord,Stabaek,0,0,D,,,,,source_reported_FT,Sandefjord,Stabaek
footballcsv/cache.footballdata,https://raw.githubusercontent.com/footballcsv/cache.footballdata/f43a2aa0c65fb061c87e9541e7a567dd58ff933a/2020/no.1.csv,f43a2aa0c65fb061c87e9541e7a567dd58ff933a,191,2026-09-04T07:11:51.603Z,Eliteserien,2020,2020-11-08,Start,Sarpsborg 08,3,2,H,,,,,source_reported_FT,Start,Sarpsborg 08
footballcsv/cache.footballdata,https://raw.githubusercontent.com/footballcsv/cache.footballdata/f43a2aa0c65fb061c87e9541e7a567dd58ff933a/2020/no.1.csv,f43a2aa0c65fb061c87e9541e7a567dd58ff933a,193,2026-09-04T07:11:51.603Z,Eliteserien,2020,2020-11-08,Valerenga,Odd,2,0,H,,,,,source_reported_FT,Valerenga,Odd
footballcsv/cache.footballdata,https://raw.githubusercontent.com/footballcsv/cache.footballdata/f43a2aa0c65fb061c87e9541e7a567dd58ff933a/2020/no.1.csv,f43a2aa0c65fb061c87e9541e7a567dd58ff933a,192,2026-09-04T07:11:51.603Z,Eliteserien,2020,2020-11-08,Viking,Rosenborg,3,0,H,,,,,source_reported_FT,Viking,Rosenborg
footballcsv/cache.footballdata,https://raw.githubusercontent.com/footballcsv/cache.footballdata/f43a2aa0c65fb061c87e9541e7a567dd58ff933a/2020/no.1.csv,f43a2aa0c65fb061c87e9541e7a567dd58ff933a,195,2026-09-04T07:11:51.603Z,Eliteserien,2020,2020-11-21,Aalesund,Valerenga,1,1,D,,,,,source_reported_FT,Aalesund,Valerenga
footballcsv/cache.footballdata,https://raw.githubusercontent.com/footballcsv/cache.footballdata/f43a2aa0c65fb061c87e9541e7a567dd58ff933a/2020/no.1.csv,f43a2aa0c65fb061c87e9541e7a567dd58ff933a,194,2026-09-04T07:11:51.603Z,Eliteserien,2020,2020-11-21,Stabaek,Molde,0,3,A,,,,,source_reported_FT,Stabaek,Molde
footballcsv/cache.footballdata,https://raw.githubusercontent.com/footballcsv/cache.footballdata/f43a2aa0c65fb061c87e9541e7a567dd58ff933a/2020/no.1.csv,f43a2aa0c65fb061c87e9541e7a567dd58ff933a,196,2026-09-04T07:11:51.603Z,Eliteserien,2020,2020-11-22,Haugesund,Sandefjord,3,2,H,,,,,source_reported_FT,Haugesund,Sandefjord
footballcsv/cache.footballdata,https://raw.githubusercontent.com/footballcsv/cache.footballdata/f43a2aa0c65fb061c87e9541e7a567dd58ff933a/2020/no.1.csv,f43a2aa0c65fb061c87e9541e7a567dd58ff933a,197,2026-09-04T07:11:51.603Z,Eliteserien,2020,2020-11-22,Kristiansund,Mjondalen,1,0,H,,,,,source_reported_FT,Kristiansund,Mjondalen
footballcsv/cache.footballdata,https://raw.githubusercontent.com/footballcsv/cache.footballdata/f43a2aa0c65fb061c87e9541e7a567dd58ff933a/2020/no.1.csv,f43a2aa0c65fb061c87e9541e7a567dd58ff933a,198,2026-09-04T07:11:51.603Z,Eliteserien,2020,2020-11-22,Odd,Start,1,2,A,,,,,source_reported_FT,Odd,Start
footballcsv/cache.footballdata,https://raw.githubusercontent.com/footballcsv/cache.footballdata/f43a2aa0c65fb061c87e9541e7a567dd58ff933a/2020/no.1.csv,f43a2aa0c65fb061c87e9541e7a567dd58ff933a,199,2026-09-04T07:11:51.603Z,Eliteserien,2020,2020-11-22,Sarpsborg 08,Viking,1,2,A,,,,,source_reported_FT,Sarpsborg 08,Viking
footballcsv/cache.footballdata,https://raw.githubusercontent.com/footballcsv/cache.footballdata/f43a2aa0c65fb061c87e9541e7a567dd58ff933a/2020/no.1.csv,f43a2aa0c65fb061c87e9541e7a567dd58ff933a,200,2026-09-04T07:11:51.603Z,Eliteserien,2020,2020-11-22,Stromsgodset,Bodo/Glimt,1,2,A,,,,,source_reported_FT,Stromsgodset,Bodo/Glimt
footballcsv/cache.footballdata,https://raw.githubusercontent.com/footballcsv/cache.footballdata/f43a2aa0c65fb061c87e9541e7a567dd58ff933a/2020/no.1.csv,f43a2aa0c65fb061c87e9541e7a567dd58ff933a,201,2026-09-04T07:11:51.603Z,Eliteserien,2020,2020-11-24,Rosenborg,Brann,2,3,A,,,,,source_reported_FT,Rosenborg,Brann
footballcsv/cache.footballdata,https://raw.githubusercontent.com/footballcsv/cache.footballdata/f43a2aa0c65fb061c87e9541e7a567dd58ff933a/2020/no.1.csv,f43a2aa0c65fb061c87e9541e7a567dd58ff933a,203,2026-09-04T07:11:51.603Z,Eliteserien,2020,2020-11-28,Brann,Aalesund,3,1,H,,,,,source_reported_FT,Brann,Aalesund
footballcsv/cache.footballdata,https://raw.githubusercontent.com/footballcsv/cache.footballdata/f43a2aa0c65fb061c87e9541e7a567dd58ff933a/2020/no.1.csv,f43a2aa0c65fb061c87e9541e7a567dd58ff933a,202,2026-09-04T07:11:51.603Z,Eliteserien,2020,2020-11-28,Viking,Start,4,1,H,,,,,source_reported_FT,Viking,Start
footballcsv/cache.footballdata,https://raw.githubusercontent.com/footballcsv/cache.footballdata/f43a2aa0c65fb061c87e9541e7a567dd58ff933a/2020/no.1.csv,f43a2aa0c65fb061c87e9541e7a567dd58ff933a,204,2026-09-04T07:11:51.603Z,Eliteserien,2020,2020-11-29,Bodo/Glimt,Rosenborg,5,1,H,,,,,source_reported_FT,Bodo/Glimt,Rosenborg
footballcsv/cache.footballdata,https://raw.githubusercontent.com/footballcsv/cache.footballdata/f43a2aa0c65fb061c87e9541e7a567dd58ff933a/2020/no.1.csv,f43a2aa0c65fb061c87e9541e7a567dd58ff933a,205,2026-09-04T07:11:51.603Z,Eliteserien,2020,2020-11-29,Kristiansund,Stromsgodset,2,1,H,,,,,source_reported_FT,Kristiansund,Stromsgodset
footballcsv/cache.footballdata,https://raw.githubusercontent.com/footballcsv/cache.footballdata/f43a2aa0c65fb061c87e9541e7a567dd58ff933a/2020/no.1.csv,f43a2aa0c65fb061c87e9541e7a567dd58ff933a,206,2026-09-04T07:11:51.603Z,Eliteserien,2020,2020-11-29,Mjondalen,Stabaek,0,1,A,,,,,source_reported_FT,Mjondalen,Stabaek
footballcsv/cache.footballdata,https://raw.githubusercontent.com/footballcsv/cache.footballdata/f43a2aa0c65fb061c87e9541e7a567dd58ff933a/2020/no.1.csv,f43a2aa0c65fb061c87e9541e7a567dd58ff933a,207,2026-09-04T07:11:51.603Z,Eliteserien,2020,2020-11-29,Molde,Haugesund,3,1,H,,,,,source_reported_FT,Molde,Haugesund
footballcsv/cache.footballdata,https://raw.githubusercontent.com/footballcsv/cache.footballdata/f43a2aa0c65fb061c87e9541e7a567dd58ff933a/2020/no.1.csv,f43a2aa0c65fb061c87e9541e7a567dd58ff933a,208,2026-09-04T07:11:51.603Z,Eliteserien,2020,2020-11-29,Valerenga,Sarpsborg 08,1,1,D,,,,,source_reported_FT,Valerenga,Sarpsborg 08
footballcsv/cache.footballdata,https://raw.githubusercontent.com/footballcsv/cache.footballdata/f43a2aa0c65fb061c87e9541e7a567dd58ff933a/2020/no.1.csv,f43a2aa0c65fb061c87e9541e7a567dd58ff933a,214,2026-09-04T07:11:51.603Z,Eliteserien,2020,2020-12-02,Aalesund,Sandefjord,0,1,A,,,,,source_reported_FT,Aalesund,Sandefjord
footballcsv/cache.footballdata,https://raw.githubusercontent.com/footballcsv/cache.footballdata/f43a2aa0c65fb061c87e9541e7a567dd58ff933a/2020/no.1.csv,f43a2aa0c65fb061c87e9541e7a567dd58ff933a,213,2026-09-04T07:11:51.603Z,Eliteserien,2020,2020-12-02,Haugesund,Mjondalen,1,1,D,,,,,source_reported_FT,Haugesund,Mjondalen
footballcsv/cache.footballdata,https://raw.githubusercontent.com/footballcsv/cache.footballdata/f43a2aa0c65fb061c87e9541e7a567dd58ff933a/2020/no.1.csv,f43a2aa0c65fb061c87e9541e7a567dd58ff933a,212,2026-09-04T07:11:51.603Z,Eliteserien,2020,2020-12-02,Sarpsborg 08,Kristiansund,1,1,D,,,,,source_reported_FT,Sarpsborg 08,Kristiansund
footballcsv/cache.footballdata,https://raw.githubusercontent.com/footballcsv/cache.footballdata/f43a2aa0c65fb061c87e9541e7a567dd58ff933a/2020/no.1.csv,f43a2aa0c65fb061c87e9541e7a567dd58ff933a,211,2026-09-04T07:11:51.603Z,Eliteserien,2020,2020-12-02,Stabaek,Valerenga,1,1,D,,,,,source_reported_FT,Stabaek,Valerenga
footballcsv/cache.footballdata,https://raw.githubusercontent.com/footballcsv/cache.footballdata/f43a2aa0c65fb061c87e9541e7a567dd58ff933a/2020/no.1.csv,f43a2aa0c65fb061c87e9541e7a567dd58ff933a,210,2026-09-04T07:11:51.603Z,Eliteserien,2020,2020-12-02,Start,Bodo/Glimt,1,1,D,,,,,source_reported_FT,Start,Bodo/Glimt
footballcsv/cache.footballdata,https://raw.githubusercontent.com/footballcsv/cache.footballdata/f43a2aa0c65fb061c87e9541e7a567dd58ff933a/2020/no.1.csv,f43a2aa0c65fb061c87e9541e7a567dd58ff933a,209,2026-09-04T07:11:51.603Z,Eliteserien,2020,2020-12-02,Viking,Brann,2,0,H,,,,,source_reported_FT,Viking,Brann
footballcsv/cache.footballdata,https://raw.githubusercontent.com/footballcsv/cache.footballdata/f43a2aa0c65fb061c87e9541e7a567dd58ff933a/2020/no.1.csv,f43a2aa0c65fb061c87e9541e7a567dd58ff933a,215,2026-09-04T07:11:51.603Z,Eliteserien,2020,2020-12-06,Bodo/Glimt,Stabaek,5,2,H,,,,,source_reported_FT,Bodo/Glimt,Stabaek
footballcsv/cache.footballdata,https://raw.githubusercontent.com/footballcsv/cache.footballdata/f43a2aa0c65fb061c87e9541e7a567dd58ff933a/2020/no.1.csv,f43a2aa0c65fb061c87e9541e7a567dd58ff933a,216,2026-09-04T07:11:51.603Z,Eliteserien,2020,2020-12-06,Brann,Sarpsborg 08,1,1,D,,,,,source_reported_FT,Brann,Sarpsborg 08
footballcsv/cache.footballdata,https://raw.githubusercontent.com/footballcsv/cache.footballdata/f43a2aa0c65fb061c87e9541e7a567dd58ff933a/2020/no.1.csv,f43a2aa0c65fb061c87e9541e7a567dd58ff933a,217,2026-09-04T07:11:51.603Z,Eliteserien,2020,2020-12-06,Mjondalen,Start,1,0,H,,,,,source_reported_FT,Mjondalen,Start
footballcsv/cache.footballdata,https://raw.githubusercontent.com/footballcsv/cache.footballdata/f43a2aa0c65fb061c87e9541e7a567dd58ff933a/2020/no.1.csv,f43a2aa0c65fb061c87e9541e7a567dd58ff933a,220,2026-09-04T07:11:51.603Z,Eliteserien,2020,2020-12-06,Molde,Aalesund,2,1,H,,,,,source_reported_FT,Molde,Aalesund
footballcsv/cache.footballdata,https://raw.githubusercontent.com/footballcsv/cache.footballdata/f43a2aa0c65fb061c87e9541e7a567dd58ff933a/2020/no.1.csv,f43a2aa0c65fb061c87e9541e7a567dd58ff933a,218,2026-09-04T07:11:51.603Z,Eliteserien,2020,2020-12-06,Sandefjord,Viking,2,2,D,,,,,source_reported_FT,Sandefjord,Viking
footballcsv/cache.footballdata,https://raw.githubusercontent.com/footballcsv/cache.footballdata/f43a2aa0c65fb061c87e9541e7a567dd58ff933a/2020/no.1.csv,f43a2aa0c65fb061c87e9541e7a567dd58ff933a,219,2026-09-04T07:11:51.603Z,Eliteserien,2020,2020-12-06,Stromsgodset,Haugesund,2,2,D,,,,,source_reported_FT,Stromsgodset,Haugesund
footballcsv/cache.footballdata,https://raw.githubusercontent.com/footballcsv/cache.footballdata/f43a2aa0c65fb061c87e9541e7a567dd58ff933a/2020/no.1.csv,f43a2aa0c65fb061c87e9541e7a567dd58ff933a,221,2026-09-04T07:11:51.603Z,Eliteserien,2020,2020-12-07,Valerenga,Rosenborg,1,0,H,,,,,source_reported_FT,Valerenga,Rosenborg
footballcsv/cache.footballdata,https://raw.githubusercontent.com/footballcsv/cache.footballdata/f43a2aa0c65fb061c87e9541e7a567dd58ff933a/2020/no.1.csv,f43a2aa0c65fb061c87e9541e7a567dd58ff933a,224,2026-09-04T07:11:51.603Z,Eliteserien,2020,2020-12-09,Aalesund,Stromsgodset,1,4,A,,,,,source_reported_FT,Aalesund,Stromsgodset
footballcsv/cache.footballdata,https://raw.githubusercontent.com/footballcsv/cache.footballdata/f43a2aa0c65fb061c87e9541e7a567dd58ff933a/2020/no.1.csv,f43a2aa0c65fb061c87e9541e7a567dd58ff933a,227,2026-09-04T07:11:51.603Z,Eliteserien,2020,2020-12-09,Haugesund,Bodo/Glimt,0,4,A,,,,,source_reported_FT,Haugesund,Bodo/Glimt
footballcsv/cache.footballdata,https://raw.githubusercontent.com/footballcsv/cache.footballdata/f43a2aa0c65fb061c87e9541e7a567dd58ff933a/2020/no.1.csv,f43a2aa0c65fb061c87e9541e7a567dd58ff933a,222,2026-09-04T07:11:51.603Z,Eliteserien,2020,2020-12-09,Kristiansund,Odd,4,3,H,,,,,source_reported_FT,Kristiansund,Odd
footballcsv/cache.footballdata,https://raw.githubusercontent.com/footballcsv/cache.footballdata/f43a2aa0c65fb061c87e9541e7a567dd58ff933a/2020/no.1.csv,f43a2aa0c65fb061c87e9541e7a567dd58ff933a,228,2026-09-04T07:11:51.603Z,Eliteserien,2020,2020-12-09,Sarpsborg 08,Sandefjord,0,0,D,,,,,source_reported_FT,Sarpsborg 08,Sandefjord
footballcsv/cache.footballdata,https://raw.githubusercontent.com/footballcsv/cache.footballdata/f43a2aa0c65fb061c87e9541e7a567dd58ff933a/2020/no.1.csv,f43a2aa0c65fb061c87e9541e7a567dd58ff933a,225,2026-09-04T07:11:51.603Z,Eliteserien,2020,2020-12-09,Start,Brann,1,1,D,,,,,source_reported_FT,Start,Brann
footballcsv/cache.footballdata,https://raw.githubusercontent.com/footballcsv/cache.footballdata/f43a2aa0c65fb061c87e9541e7a567dd58ff933a/2020/no.1.csv,f43a2aa0c65fb061c87e9541e7a567dd58ff933a,226,2026-09-04T07:11:51.603Z,Eliteserien,2020,2020-12-10,Rosenborg,Mjondalen,1,0,H,,,,,source_reported_FT,Rosenborg,Mjondalen
footballcsv/cache.footballdata,https://raw.githubusercontent.com/footballcsv/cache.footballdata/f43a2aa0c65fb061c87e9541e7a567dd58ff933a/2020/no.1.csv,f43a2aa0c65fb061c87e9541e7a567dd58ff933a,223,2026-09-04T07:11:51.603Z,Eliteserien,2020,2020-12-10,Viking,Valerenga,2,2,D,,,,,source_reported_FT,Viking,Valerenga
footballcsv/cache.footballdata,https://raw.githubusercontent.com/footballcsv/cache.footballdata/f43a2aa0c65fb061c87e9541e7a567dd58ff933a/2020/no.1.csv,f43a2aa0c65fb061c87e9541e7a567dd58ff933a,229,2026-09-04T07:11:51.603Z,Eliteserien,2020,2020-12-13,Rosenborg,Molde,3,1,H,,,,,source_reported_FT,Rosenborg,Molde
footballcsv/cache.footballdata,https://raw.githubusercontent.com/footballcsv/cache.footballdata/f43a2aa0c65fb061c87e9541e7a567dd58ff933a/2020/no.1.csv,f43a2aa0c65fb061c87e9541e7a567dd58ff933a,230,2026-09-04T07:11:51.603Z,Eliteserien,2020,2020-12-13,Sandefjord,Odd,1,1,D,,,,,source_reported_FT,Sandefjord,Odd
footballcsv/cache.footballdata,https://raw.githubusercontent.com/footballcsv/cache.footballdata/f43a2aa0c65fb061c87e9541e7a567dd58ff933a/2020/no.1.csv,f43a2aa0c65fb061c87e9541e7a567dd58ff933a,231,2026-09-04T07:11:51.603Z,Eliteserien,2020,2020-12-13,Stabaek,Kristiansund,2,2,D,,,,,source_reported_FT,Stabaek,Kristiansund
footballcsv/cache.footballdata,https://raw.githubusercontent.com/footballcsv/cache.footballdata/f43a2aa0c65fb061c87e9541e7a567dd58ff933a/2020/no.1.csv,f43a2aa0c65fb061c87e9541e7a567dd58ff933a,232,2026-09-04T07:11:51.603Z,Eliteserien,2020,2020-12-16,Odd,Molde,1,4,A,,,,,source_reported_FT,Odd,Molde
footballcsv/cache.footballdata,https://raw.githubusercontent.com/footballcsv/cache.footballdata/f43a2aa0c65fb061c87e9541e7a567dd58ff933a/2020/no.1.csv,f43a2aa0c65fb061c87e9541e7a567dd58ff933a,234,2026-09-04T07:11:51.603Z,Eliteserien,2020,2020-12-19,Bodo/Glimt,Viking,3,0,H,,,,,source_reported_FT,Bodo/Glimt,Viking
footballcsv/cache.footballdata,https://raw.githubusercontent.com/footballcsv/cache.footballdata/f43a2aa0c65fb061c87e9541e7a567dd58ff933a/2020/no.1.csv,f43a2aa0c65fb061c87e9541e7a567dd58ff933a,233,2026-09-04T07:11:51.603Z,Eliteserien,2020,2020-12-19,Molde,Sarpsborg 08,5,0,H,,,,,source_reported_FT,Molde,Sarpsborg 08
footballcsv/cache.footballdata,https://raw.githubusercontent.com/footballcsv/cache.footballdata/f43a2aa0c65fb061c87e9541e7a567dd58ff933a/2020/no.1.csv,f43a2aa0c65fb061c87e9541e7a567dd58ff933a,235,2026-09-04T07:11:51.603Z,Eliteserien,2020,2020-12-19,Odd,Stromsgodset,1,3,A,,,,,source_reported_FT,Odd,Stromsgodset
footballcsv/cache.footballdata,https://raw.githubusercontent.com/footballcsv/cache.footballdata/f43a2aa0c65fb061c87e9541e7a567dd58ff933a/2020/no.1.csv,f43a2aa0c65fb061c87e9541e7a567dd58ff933a,236,2026-09-04T07:11:51.603Z,Eliteserien,2020,2020-12-22,Brann,Odd,2,1,H,,,,,source_reported_FT,Brann,Odd
footballcsv/cache.footballdata,https://raw.githubusercontent.com/footballcsv/cache.footballdata/f43a2aa0c65fb061c87e9541e7a567dd58ff933a/2020/no.1.csv,f43a2aa0c65fb061c87e9541e7a567dd58ff933a,237,2026-09-04T07:11:51.603Z,Eliteserien,2020,2020-12-22,Kristiansund,Haugesund,1,3,A,,,,,source_reported_FT,Kristiansund,Haugesund
footballcsv/cache.footballdata,https://raw.githubusercontent.com/footballcsv/cache.footballdata/f43a2aa0c65fb061c87e9541e7a567dd58ff933a/2020/no.1.csv,f43a2aa0c65fb061c87e9541e7a567dd58ff933a,238,2026-09-04T07:11:51.603Z,Eliteserien,2020,2020-12-22,Mjondalen,Aalesund,3,0,H,,,,,source_reported_FT,Mjondalen,Aalesund
footballcsv/cache.footballdata,https://raw.githubusercontent.com/footballcsv/cache.footballdata/f43a2aa0c65fb061c87e9541e7a567dd58ff933a/2020/no.1.csv,f43a2aa0c65fb061c87e9541e7a567dd58ff933a,239,2026-09-04T07:11:51.603Z,Eliteserien,2020,2020-12-22,Sandefjord,Rosenborg,0,0,D,,,,,source_reported_FT,Sandefjord,Rosenborg
footballcsv/cache.footballdata,https://raw.githubusercontent.com/footballcsv/cache.footballdata/f43a2aa0c65fb061c87e9541e7a567dd58ff933a/2020/no.1.csv,f43a2aa0c65fb061c87e9541e7a567dd58ff933a,240,2026-09-04T07:11:51.603Z,Eliteserien,2020,2020-12-22,Stromsgodset,Stabaek,0,4,A,,,,,source_reported_FT,Stromsgodset,Stabaek
footballcsv/cache.footballdata,https://raw.githubusercontent.com/footballcsv/cache.footballdata/f43a2aa0c65fb061c87e9541e7a567dd58ff933a/2020/no.1.csv,f43a2aa0c65fb061c87e9541e7a567dd58ff933a,241,2026-09-04T07:11:51.603Z,Eliteserien,2020,2020-12-22,Valerenga,Start,4,0,H,,,,,source_reported_FT,Valerenga,Start
footballcsv/cache.footballdata,https://raw.githubusercontent.com/footballcsv/cache.footballdata/f43a2aa0c65fb061c87e9541e7a567dd58ff933a/2021/no.1.csv,f43a2aa0c65fb061c87e9541e7a567dd58ff933a,2,2026-09-04T07:12:00.625Z,Eliteserien,2021,2021-05-09,Bodo/Glimt,Tromso,3,0,H,,,,,source_reported_FT,Bodo/Glimt,Tromso
footballcsv/cache.footballdata,https://raw.githubusercontent.com/footballcsv/cache.footballdata/f43a2aa0c65fb061c87e9541e7a567dd58ff933a/2021/no.1.csv,f43a2aa0c65fb061c87e9541e7a567dd58ff933a,3,2026-09-04T07:12:00.625Z,Eliteserien,2021,2021-05-09,Molde,Kristiansund,2,0,H,,,,,source_reported_FT,Molde,Kristiansund
footballcsv/cache.footballdata,https://raw.githubusercontent.com/footballcsv/cache.footballdata/f43a2aa0c65fb061c87e9541e7a567dd58ff933a/2021/no.1.csv,f43a2aa0c65fb061c87e9541e7a567dd58ff933a,5,2026-09-04T07:12:00.625Z,Eliteserien,2021,2021-05-09,Valerenga,Rosenborg,1,1,D,,,,,source_reported_FT,Valerenga,Rosenborg
footballcsv/cache.footballdata,https://raw.githubusercontent.com/footballcsv/cache.footballdata/f43a2aa0c65fb061c87e9541e7a567dd58ff933a/2021/no.1.csv,f43a2aa0c65fb061c87e9541e7a567dd58ff933a,4,2026-09-04T07:12:00.625Z,Eliteserien,2021,2021-05-09,Viking,Brann,3,1,H,,,,,source_reported_FT,Viking,Brann
footballcsv/cache.footballdata,https://raw.githubusercontent.com/footballcsv/cache.footballdata/f43a2aa0c65fb061c87e9541e7a567dd58ff933a/2021/no.1.csv,f43a2aa0c65fb061c87e9541e7a567dd58ff933a,7,2026-09-04T07:12:00.625Z,Eliteserien,2021,2021-05-12,Brann,Valerenga,0,3,A,,,,,source_reported_FT,Brann,Valerenga
footballcsv/cache.footballdata,https://raw.githubusercontent.com/footballcsv/cache.footballdata/f43a2aa0c65fb061c87e9541e7a567dd58ff933a/2021/no.1.csv,f43a2aa0c65fb061c87e9541e7a567dd58ff933a,6,2026-09-04T07:12:00.625Z,Eliteserien,2021,2021-05-12,Kristiansund,Bodo/Glimt,0,2,A,,,,,source_reported_FT,Kristiansund,Bodo/Glimt
footballcsv/cache.footballdata,https://raw.githubusercontent.com/footballcsv/cache.footballdata/f43a2aa0c65fb061c87e9541e7a567dd58ff933a/2021/no.1.csv,f43a2aa0c65fb061c87e9541e7a567dd58ff933a,9,2026-09-04T07:12:00.625Z,Eliteserien,2021,2021-05-13,Rosenborg,Viking,5,0,H,,,,,source_reported_FT,Rosenborg,Viking
footballcsv/cache.footballdata,https://raw.githubusercontent.com/footballcsv/cache.footballdata/f43a2aa0c65fb061c87e9541e7a567dd58ff933a/2021/no.1.csv,f43a2aa0c65fb061c87e9541e7a567dd58ff933a,8,2026-09-04T07:12:00.625Z,Eliteserien,2021,2021-05-13,Tromso,Molde,3,3,D,,,,,source_reported_FT,Tromso,Molde
footballcsv/cache.footballdata,https://raw.githubusercontent.com/footballcsv/cache.footballdata/f43a2aa0c65fb061c87e9541e7a567dd58ff933a/2021/no.1.csv,f43a2aa0c65fb061c87e9541e7a567dd58ff933a,13,2026-09-04T07:12:00.625Z,Eliteserien,2021,2021-05-16,Bodo/Glimt,Rosenborg,2,2,D,,,,,source_reported_FT,Bodo/Glimt,Rosenborg
footballcsv/cache.footballdata,https://raw.githubusercontent.com/footballcsv/cache.footballdata/f43a2aa0c65fb061c87e9541e7a567dd58ff933a/2021/no.1.csv,f43a2aa0c65fb061c87e9541e7a567dd58ff933a,16,2026-09-04T07:12:00.625Z,Eliteserien,2021,2021-05-16,Molde,Brann,4,0,H,,,,,source_reported_FT,Molde,Brann
footballcsv/cache.footballdata,https://raw.githubusercontent.com/footballcsv/cache.footballdata/f43a2aa0c65fb061c87e9541e7a567dd58ff933a/2021/no.1.csv,f43a2aa0c65fb061c87e9541e7a567dd58ff933a,14,2026-09-04T07:12:00.625Z,Eliteserien,2021,2021-05-16,Sandefjord,Mjondalen,0,3,A,,,,,source_reported_FT,Sandefjord,Mjondalen
footballcsv/cache.footballdata,https://raw.githubusercontent.com/footballcsv/cache.footballdata/f43a2aa0c65fb061c87e9541e7a567dd58ff933a/2021/no.1.csv,f43a2aa0c65fb061c87e9541e7a567dd58ff933a,10,2026-09-04T07:12:00.625Z,Eliteserien,2021,2021-05-16,Sarpsborg 08,Haugesund,0,0,D,,,,,source_reported_FT,Sarpsborg 08,Haugesund
footballcsv/cache.footballdata,https://raw.githubusercontent.com/footballcsv/cache.footballdata/f43a2aa0c65fb061c87e9541e7a567dd58ff933a/2021/no.1.csv,f43a2aa0c65fb061c87e9541e7a567dd58ff933a,15,2026-09-04T07:12:00.625Z,Eliteserien,2021,2021-05-16,Stromsgodset,Lillestrom,3,1,H,,,,,source_reported_FT,Stromsgodset,Lillestrom
footballcsv/cache.footballdata,https://raw.githubusercontent.com/footballcsv/cache.footballdata/f43a2aa0c65fb061c87e9541e7a567dd58ff933a/2021/no.1.csv,f43a2aa0c65fb061c87e9541e7a567dd58ff933a,11,2026-09-04T07:12:00.625Z,Eliteserien,2021,2021-05-16,Valerenga,Kristiansund,1,2,A,,,,,source_reported_FT,Valerenga,Kristiansund
footballcsv/cache.footballdata,https://raw.githubusercontent.com/footballcsv/cache.footballdata/f43a2aa0c65fb061c87e9541e7a567dd58ff933a/2021/no.1.csv,f43a2aa0c65fb061c87e9541e7a567dd58ff933a,12,2026-09-04T07:12:00.625Z,Eliteserien,2021,2021-05-16,Viking,Tromso,0,1,A,,,,,source_reported_FT,Viking,Tromso
footballcsv/cache.footballdata,https://raw.githubusercontent.com/footballcsv/cache.footballdata/f43a2aa0c65fb061c87e9541e7a567dd58ff933a/2021/no.1.csv,f43a2aa0c65fb061c87e9541e7a567dd58ff933a,17,2026-09-04T07:12:00.625Z,Eliteserien,2021,2021-05-19,Stabaek,Odd,2,2,D,,,,,source_reported_FT,Stabaek,Odd
footballcsv/cache.footballdata,https://raw.githubusercontent.com/footballcsv/cache.footballdata/f43a2aa0c65fb061c87e9541e7a567dd58ff933a/2021/no.1.csv,f43a2aa0c65fb061c87e9541e7a567dd58ff933a,18,2026-09-04T07:12:00.625Z,Eliteserien,2021,2021-05-20,Rosenborg,Brann,3,2,H,,,,,source_reported_FT,Rosenborg,Brann
footballcsv/cache.footballdata,https://raw.githubusercontent.com/footballcsv/cache.footballdata/f43a2aa0c65fb061c87e9541e7a567dd58ff933a/2021/no.1.csv,f43a2aa0c65fb061c87e9541e7a567dd58ff933a,20,2026-09-04T07:12:00.625Z,Eliteserien,2021,2021-05-24,Brann,Bodo/Glimt,1,2,A,,,,,source_reported_FT,Brann,Bodo/Glimt
footballcsv/cache.footballdata,https://raw.githubusercontent.com/footballcsv/cache.footballdata/f43a2aa0c65fb061c87e9541e7a567dd58ff933a/2021/no.1.csv,f43a2aa0c65fb061c87e9541e7a567dd58ff933a,21,2026-09-04T07:12:00.625Z,Eliteserien,2021,2021-05-24,Haugesund,Stabaek,0,0,D,,,,,source_reported_FT,Haugesund,Stabaek
footballcsv/cache.footballdata,https://raw.githubusercontent.com/footballcsv/cache.footballdata/f43a2aa0c65fb061c87e9541e7a567dd58ff933a/2021/no.1.csv,f43a2aa0c65fb061c87e9541e7a567dd58ff933a,22,2026-09-04T07:12:00.625Z,Eliteserien,2021,2021-05-24,Kristiansund,Stromsgodset,1,0,H,,,,,source_reported_FT,Kristiansund,Stromsgodset
footballcsv/cache.footballdata,https://raw.githubusercontent.com/footballcsv/cache.footballdata/f43a2aa0c65fb061c87e9541e7a567dd58ff933a/2021/no.1.csv,f43a2aa0c65fb061c87e9541e7a567dd58ff933a,23,2026-09-04T07:12:00.625Z,Eliteserien,2021,2021-05-24,Lillestrom,Viking,1,3,A,,,,,source_reported_FT,Lillestrom,Viking
footballcsv/cache.footballdata,https://raw.githubusercontent.com/footballcsv/cache.footballdata/f43a2aa0c65fb061c87e9541e7a567dd58ff933a/2021/no.1.csv,f43a2aa0c65fb061c87e9541e7a567dd58ff933a,24,2026-09-04T07:12:00.625Z,Eliteserien,2021,2021-05-24,Mjondalen,Valerenga,1,1,D,,,,,source_reported_FT,Mjondalen,Valerenga
footballcsv/cache.footballdata,https://raw.githubusercontent.com/footballcsv/cache.footballdata/f43a2aa0c65fb061c87e9541e7a567dd58ff933a/2021/no.1.csv,f43a2aa0c65fb061c87e9541e7a567dd58ff933a,19,2026-09-04T07:12:00.625Z,Eliteserien,2021,2021-05-24,Odd,Sarpsborg 08,1,1,D,,,,,source_reported_FT,Odd,Sarpsborg 08
footballcsv/cache.footballdata,https://raw.githubusercontent.com/footballcsv/cache.footballdata/f43a2aa0c65fb061c87e9541e7a567dd58ff933a/2021/no.1.csv,f43a2aa0c65fb061c87e9541e7a567dd58ff933a,26,2026-09-04T07:12:00.625Z,Eliteserien,2021,2021-05-24,Rosenborg,Molde,2,3,A,,,,,source_reported_FT,Rosenborg,Molde
footballcsv/cache.footballdata,https://raw.githubusercontent.com/footballcsv/cache.footballdata/f43a2aa0c65fb061c87e9541e7a567dd58ff933a/2021/no.1.csv,f43a2aa0c65fb061c87e9541e7a567dd58ff933a,25,2026-09-04T07:12:00.625Z,Eliteserien,2021,2021-05-24,Tromso,Sandefjord,1,3,A,,,,,source_reported_FT,Tromso,Sandefjord
footballcsv/cache.footballdata,https://raw.githubusercontent.com/footballcsv/cache.footballdata/f43a2aa0c65fb061c87e9541e7a567dd58ff933a/2021/no.1.csv,f43a2aa0c65fb061c87e9541e7a567dd58ff933a,27,2026-09-04T07:12:00.625Z,Eliteserien,2021,2021-05-27,Bodo/Glimt,Haugesund,2,0,H,,,,,source_reported_FT,Bodo/Glimt,Haugesund
footballcsv/cache.footballdata,https://raw.githubusercontent.com/footballcsv/cache.footballdata/f43a2aa0c65fb061c87e9541e7a567dd58ff933a/2021/no.1.csv,f43a2aa0c65fb061c87e9541e7a567dd58ff933a,28,2026-09-04T07:12:00.625Z,Eliteserien,2021,2021-05-27,Lillestrom,Odd,1,0,H,,,,,source_reported_FT,Lillestrom,Odd
footballcsv/cache.footballdata,https://raw.githubusercontent.com/footballcsv/cache.footballdata/f43a2aa0c65fb061c87e9541e7a567dd58ff933a/2021/no.1.csv,f43a2aa0c65fb061c87e9541e7a567dd58ff933a,34,2026-09-04T07:12:00.625Z,Eliteserien,2021,2021-05-27,Molde,Valerenga,2,3,A,,,,,source_reported_FT,Molde,Valerenga
footballcsv/cache.footballdata,https://raw.githubusercontent.com/footballcsv/cache.footballdata/f43a2aa0c65fb061c87e9541e7a567dd58ff933a/2021/no.1.csv,f43a2aa0c65fb061c87e9541e7a567dd58ff933a,29,2026-09-04T07:12:00.625Z,Eliteserien,2021,2021-05-27,Sandefjord,Rosenborg,1,2,A,,,,,source_reported_FT,Sandefjord,Rosenborg
footballcsv/cache.footballdata,https://raw.githubusercontent.com/footballcsv/cache.footballdata/f43a2aa0c65fb061c87e9541e7a567dd58ff933a/2021/no.1.csv,f43a2aa0c65fb061c87e9541e7a567dd58ff933a,30,2026-09-04T07:12:00.625Z,Eliteserien,2021,2021-05-27,Sarpsborg 08,Kristiansund,0,1,A,,,,,source_reported_FT,Sarpsborg 08,Kristiansund
footballcsv/cache.footballdata,https://raw.githubusercontent.com/footballcsv/cache.footballdata/f43a2aa0c65fb061c87e9541e7a567dd58ff933a/2021/no.1.csv,f43a2aa0c65fb061c87e9541e7a567dd58ff933a,31,2026-09-04T07:12:00.625Z,Eliteserien,2021,2021-05-27,Stabaek,Brann,2,0,H,,,,,source_reported_FT,Stabaek,Brann
footballcsv/cache.footballdata,https://raw.githubusercontent.com/footballcsv/cache.footballdata/f43a2aa0c65fb061c87e9541e7a567dd58ff933a/2021/no.1.csv,f43a2aa0c65fb061c87e9541e7a567dd58ff933a,32,2026-09-04T07:12:00.625Z,Eliteserien,2021,2021-05-27,Stromsgodset,Tromso,1,1,D,,,,,source_reported_FT,Stromsgodset,Tromso
footballcsv/cache.footballdata,https://raw.githubusercontent.com/footballcsv/cache.footballdata/f43a2aa0c65fb061c87e9541e7a567dd58ff933a/2021/no.1.csv,f43a2aa0c65fb061c87e9541e7a567dd58ff933a,33,2026-09-04T07:12:00.625Z,Eliteserien,2021,2021-05-27,Viking,Mjondalen,2,1,H,,,,,source_reported_FT,Viking,Mjondalen
footballcsv/cache.footballdata,https://raw.githubusercontent.com/footballcsv/cache.footballdata/f43a2aa0c65fb061c87e9541e7a567dd58ff933a/2021/no.1.csv,f43a2aa0c65fb061c87e9541e7a567dd58ff933a,36,2026-09-04T07:12:00.625Z,Eliteserien,2021,2021-05-30,Brann,Stromsgodset,3,0,H,,,,,source_reported_FT,Brann,Stromsgodset
footballcsv/cache.footballdata,https://raw.githubusercontent.com/footballcsv/cache.footballdata/f43a2aa0c65fb061c87e9541e7a567dd58ff933a/2021/no.1.csv,f43a2aa0c65fb061c87e9541e7a567dd58ff933a,42,2026-09-04T07:12:00.625Z,Eliteserien,2021,2021-05-30,Haugesund,Viking,4,2,H,,,,,source_reported_FT,Haugesund,Viking
footballcsv/cache.footballdata,https://raw.githubusercontent.com/footballcsv/cache.footballdata/f43a2aa0c65fb061c87e9541e7a567dd58ff933a/2021/no.1.csv,f43a2aa0c65fb061c87e9541e7a567dd58ff933a,37,2026-09-04T07:12:00.625Z,Eliteserien,2021,2021-05-30,Kristiansund,Lillestrom,1,0,H,,,,,source_reported_FT,Kristiansund,Lillestrom
footballcsv/cache.footballdata,https://raw.githubusercontent.com/footballcsv/cache.footballdata/f43a2aa0c65fb061c87e9541e7a567dd58ff933a/2021/no.1.csv,f43a2aa0c65fb061c87e9541e7a567dd58ff933a,35,2026-09-04T07:12:00.625Z,Eliteserien,2021,2021-05-30,Mjondalen,Molde,0,0,D,,,,,source_reported_FT,Mjondalen,Molde
footballcsv/cache.footballdata,https://raw.githubusercontent.com/footballcsv/cache.footballdata/f43a2aa0c65fb061c87e9541e7a567dd58ff933a/2021/no.1.csv,f43a2aa0c65fb061c87e9541e7a567dd58ff933a,38,2026-09-04T07:12:00.625Z,Eliteserien,2021,2021-05-30,Odd,Bodo/Glimt,1,0,H,,,,,source_reported_FT,Odd,Bodo/Glimt
footballcsv/cache.footballdata,https://raw.githubusercontent.com/footballcsv/cache.footballdata/f43a2aa0c65fb061c87e9541e7a567dd58ff933a/2021/no.1.csv,f43a2aa0c65fb061c87e9541e7a567dd58ff933a,39,2026-09-04T07:12:00.625Z,Eliteserien,2021,2021-05-30,Rosenborg,Stabaek,4,2,H,,,,,source_reported_FT,Rosenborg,Stabaek
footballcsv/cache.footballdata,https://raw.githubusercontent.com/footballcsv/cache.footballdata/f43a2aa0c65fb061c87e9541e7a567dd58ff933a/2021/no.1.csv,f43a2aa0c65fb061c87e9541e7a567dd58ff933a,40,2026-09-04T07:12:00.625Z,Eliteserien,2021,2021-05-30,Tromso,Sarpsborg 08,0,2,A,,,,,source_reported_FT,Tromso,Sarpsborg 08
footballcsv/cache.footballdata,https://raw.githubusercontent.com/footballcsv/cache.footballdata/f43a2aa0c65fb061c87e9541e7a567dd58ff933a/2021/no.1.csv,f43a2aa0c65fb061c87e9541e7a567dd58ff933a,41,2026-09-04T07:12:00.625Z,Eliteserien,2021,2021-05-30,Valerenga,Sandefjord,3,1,H,,,,,source_reported_FT,Valerenga,Sandefjord
footballcsv/cache.footballdata,https://raw.githubusercontent.com/footballcsv/cache.footballdata/f43a2aa0c65fb061c87e9541e7a567dd58ff933a/2021/no.1.csv,f43a2aa0c65fb061c87e9541e7a567dd58ff933a,43,2026-09-04T07:12:00.625Z,Eliteserien,2021,2021-06-12,Kristiansund,Odd,2,0,H,,,,,source_reported_FT,Kristiansund,Odd
footballcsv/cache.footballdata,https://raw.githubusercontent.com/footballcsv/cache.footballdata/f43a2aa0c65fb061c87e9541e7a567dd58ff933a/2021/no.1.csv,f43a2aa0c65fb061c87e9541e7a567dd58ff933a,44,2026-09-04T07:12:00.625Z,Eliteserien,2021,2021-06-12,Sandefjord,Molde,1,3,A,,,,,source_reported_FT,Sandefjord,Molde
footballcsv/cache.footballdata,https://raw.githubusercontent.com/footballcsv/cache.footballdata/f43a2aa0c65fb061c87e9541e7a567dd58ff933a/2021/no.1.csv,f43a2aa0c65fb061c87e9541e7a567dd58ff933a,45,2026-09-04T07:12:00.625Z,Eliteserien,2021,2021-06-13,Bodo/Glimt,Mjondalen,2,0,H,,,,,source_reported_FT,Bodo/Glimt,Mjondalen
footballcsv/cache.footballdata,https://raw.githubusercontent.com/footballcsv/cache.footballdata/f43a2aa0c65fb061c87e9541e7a567dd58ff933a/2021/no.1.csv,f43a2aa0c65fb061c87e9541e7a567dd58ff933a,46,2026-09-04T07:12:00.625Z,Eliteserien,2021,2021-06-13,Lillestrom,Haugesund,2,1,H,,,,,source_reported_FT,Lillestrom,Haugesund
footballcsv/cache.footballdata,https://raw.githubusercontent.com/footballcsv/cache.footballdata/f43a2aa0c65fb061c87e9541e7a567dd58ff933a/2021/no.1.csv,f43a2aa0c65fb061c87e9541e7a567dd58ff933a,47,2026-09-04T07:12:00.625Z,Eliteserien,2021,2021-06-13,Sarpsborg 08,Brann,0,0,D,,,,,source_reported_FT,Sarpsborg 08,Brann
footballcsv/cache.footballdata,https://raw.githubusercontent.com/footballcsv/cache.footballdata/f43a2aa0c65fb061c87e9541e7a567dd58ff933a/2021/no.1.csv,f43a2aa0c65fb061c87e9541e7a567dd58ff933a,48,2026-09-04T07:12:00.625Z,Eliteserien,2021,2021-06-13,Stromsgodset,Rosenborg,2,1,H,,,,,source_reported_FT,Stromsgodset,Rosenborg
footballcsv/cache.footballdata,https://raw.githubusercontent.com/footballcsv/cache.footballdata/f43a2aa0c65fb061c87e9541e7a567dd58ff933a/2021/no.1.csv,f43a2aa0c65fb061c87e9541e7a567dd58ff933a,49,2026-09-04T07:12:00.625Z,Eliteserien,2021,2021-06-13,Viking,Valerenga,4,1,H,,,,,source_reported_FT,Viking,Valerenga
footballcsv/cache.footballdata,https://raw.githubusercontent.com/footballcsv/cache.footballdata/f43a2aa0c65fb061c87e9541e7a567dd58ff933a/2021/no.1.csv,f43a2aa0c65fb061c87e9541e7a567dd58ff933a,50,2026-09-04T07:12:00.625Z,Eliteserien,2021,2021-06-14,Stabaek,Tromso,0,3,A,,,,,source_reported_FT,Stabaek,Tromso
footballcsv/cache.footballdata,https://raw.githubusercontent.com/footballcsv/cache.footballdata/f43a2aa0c65fb061c87e9541e7a567dd58ff933a/2021/no.1.csv,f43a2aa0c65fb061c87e9541e7a567dd58ff933a,51,2026-09-04T07:12:00.625Z,Eliteserien,2021,2021-06-16,Bodo/Glimt,Stromsgodset,7,2,H,,,,,source_reported_FT,Bodo/Glimt,Stromsgodset
footballcsv/cache.footballdata,https://raw.githubusercontent.com/footballcsv/cache.footballdata/f43a2aa0c65fb061c87e9541e7a567dd58ff933a/2021/no.1.csv,f43a2aa0c65fb061c87e9541e7a567dd58ff933a,52,2026-09-04T07:12:00.625Z,Eliteserien,2021,2021-06-16,Molde,Sarpsborg 08,4,1,H,,,,,source_reported_FT,Molde,Sarpsborg 08
footballcsv/cache.footballdata,https://raw.githubusercontent.com/footballcsv/cache.footballdata/f43a2aa0c65fb061c87e9541e7a567dd58ff933a/2021/no.1.csv,f43a2aa0c65fb061c87e9541e7a567dd58ff933a,53,2026-09-04T07:12:00.625Z,Eliteserien,2021,2021-06-16,Valerenga,Odd,1,1,D,,,,,source_reported_FT,Valerenga,Odd
footballcsv/cache.footballdata,https://raw.githubusercontent.com/footballcsv/cache.footballdata/f43a2aa0c65fb061c87e9541e7a567dd58ff933a/2021/no.1.csv,f43a2aa0c65fb061c87e9541e7a567dd58ff933a,54,2026-09-04T07:12:00.625Z,Eliteserien,2021,2021-06-19,Sandefjord,Viking,3,0,H,,,,,source_reported_FT,Sandefjord,Viking
footballcsv/cache.footballdata,https://raw.githubusercontent.com/footballcsv/cache.footballdata/f43a2aa0c65fb061c87e9541e7a567dd58ff933a/2021/no.1.csv,f43a2aa0c65fb061c87e9541e7a567dd58ff933a,56,2026-09-04T07:12:00.625Z,Eliteserien,2021,2021-06-20,Brann,Odd,1,3,A,,,,,source_reported_FT,Brann,Odd
footballcsv/cache.footballdata,https://raw.githubusercontent.com/footballcsv/cache.footballdata/f43a2aa0c65fb061c87e9541e7a567dd58ff933a/2021/no.1.csv,f43a2aa0c65fb061c87e9541e7a567dd58ff933a,57,2026-09-04T07:12:00.625Z,Eliteserien,2021,2021-06-20,Haugesund,Kristiansund,3,0,H,,,,,source_reported_FT,Haugesund,Kristiansund
footballcsv/cache.footballdata,https://raw.githubusercontent.com/footballcsv/cache.footballdata/f43a2aa0c65fb061c87e9541e7a567dd58ff933a/2021/no.1.csv,f43a2aa0c65fb061c87e9541e7a567dd58ff933a,55,2026-09-04T07:12:00.625Z,Eliteserien,2021,2021-06-20,Mjondalen,Stromsgodset,1,1,D,,,,,source_reported_FT,Mjondalen,Stromsgodset
footballcsv/cache.footballdata,https://raw.githubusercontent.com/footballcsv/cache.footballdata/f43a2aa0c65fb061c87e9541e7a567dd58ff933a/2021/no.1.csv,f43a2aa0c65fb061c87e9541e7a567dd58ff933a,58,2026-09-04T07:12:00.625Z,Eliteserien,2021,2021-06-20,Molde,Stabaek,2,1,H,,,,,source_reported_FT,Molde,Stabaek
footballcsv/cache.footballdata,https://raw.githubusercontent.com/footballcsv/cache.footballdata/f43a2aa0c65fb061c87e9541e7a567dd58ff933a/2021/no.1.csv,f43a2aa0c65fb061c87e9541e7a567dd58ff933a,59,2026-09-04T07:12:00.625Z,Eliteserien,2021,2021-06-20,Rosenborg,Sarpsborg 08,0,1,A,,,,,source_reported_FT,Rosenborg,Sarpsborg 08
footballcsv/cache.footballdata,https://raw.githubusercontent.com/footballcsv/cache.footballdata/f43a2aa0c65fb061c87e9541e7a567dd58ff933a/2021/no.1.csv,f43a2aa0c65fb061c87e9541e7a567dd58ff933a,60,2026-09-04T07:12:00.625Z,Eliteserien,2021,2021-06-20,Tromso,Lillestrom,1,2,A,,,,,source_reported_FT,Tromso,Lillestrom
footballcsv/cache.footballdata,https://raw.githubusercontent.com/footballcsv/cache.footballdata/f43a2aa0c65fb061c87e9541e7a567dd58ff933a/2021/no.1.csv,f43a2aa0c65fb061c87e9541e7a567dd58ff933a,61,2026-09-04T07:12:00.625Z,Eliteserien,2021,2021-06-20,Valerenga,Bodo/Glimt,1,1,D,,,,,source_reported_FT,Valerenga,Bodo/Glimt
footballcsv/cache.footballdata,https://raw.githubusercontent.com/footballcsv/cache.footballdata/f43a2aa0c65fb061c87e9541e7a567dd58ff933a/2021/no.1.csv,f43a2aa0c65fb061c87e9541e7a567dd58ff933a,62,2026-09-04T07:12:00.625Z,Eliteserien,2021,2021-06-24,Bodo/Glimt,Molde,0,2,A,,,,,source_reported_FT,Bodo/Glimt,Molde
footballcsv/cache.footballdata,https://raw.githubusercontent.com/footballcsv/cache.footballdata/f43a2aa0c65fb061c87e9541e7a567dd58ff933a/2021/no.1.csv,f43a2aa0c65fb061c87e9541e7a567dd58ff933a,63,2026-09-04T07:12:00.625Z,Eliteserien,2021,2021-06-24,Haugesund,Brann,1,0,H,,,,,source_reported_FT,Haugesund,Brann
footballcsv/cache.footballdata,https://raw.githubusercontent.com/footballcsv/cache.footballdata/f43a2aa0c65fb061c87e9541e7a567dd58ff933a/2021/no.1.csv,f43a2aa0c65fb061c87e9541e7a567dd58ff933a,64,2026-09-04T07:12:00.625Z,Eliteserien,2021,2021-06-24,Kristiansund,Mjondalen,1,1,D,,,,,source_reported_FT,Kristiansund,Mjondalen
footballcsv/cache.footballdata,https://raw.githubusercontent.com/footballcsv/cache.footballdata/f43a2aa0c65fb061c87e9541e7a567dd58ff933a/2021/no.1.csv,f43a2aa0c65fb061c87e9541e7a567dd58ff933a,65,2026-09-04T07:12:00.625Z,Eliteserien,2021,2021-06-24,Odd,Tromso,3,0,H,,,,,source_reported_FT,Odd,Tromso
footballcsv/cache.footballdata,https://raw.githubusercontent.com/footballcsv/cache.footballdata/f43a2aa0c65fb061c87e9541e7a567dd58ff933a/2021/no.1.csv,f43a2aa0c65fb061c87e9541e7a567dd58ff933a,67,2026-09-04T07:12:00.625Z,Eliteserien,2021,2021-06-24,Stabaek,Valerenga,0,2,A,,,,,source_reported_FT,Stabaek,Valerenga
footballcsv/cache.footballdata,https://raw.githubusercontent.com/footballcsv/cache.footballdata/f43a2aa0c65fb061c87e9541e7a567dd58ff933a/2021/no.1.csv,f43a2aa0c65fb061c87e9541e7a567dd58ff933a,66,2026-09-04T07:12:00.625Z,Eliteserien,2021,2021-06-24,Stromsgodset,Sandefjord,4,0,H,,,,,source_reported_FT,Stromsgodset,Sandefjord
footballcsv/cache.footballdata,https://raw.githubusercontent.com/footballcsv/cache.footballdata/f43a2aa0c65fb061c87e9541e7a567dd58ff933a/2021/no.1.csv,f43a2aa0c65fb061c87e9541e7a567dd58ff933a,69,2026-09-04T07:12:00.625Z,Eliteserien,2021,2021-06-25,Lillestrom,Rosenborg,2,0,H,,,,,source_reported_FT,Lillestrom,Rosenborg
footballcsv/cache.footballdata,https://raw.githubusercontent.com/footballcsv/cache.footballdata/f43a2aa0c65fb061c87e9541e7a567dd58ff933a/2021/no.1.csv,f43a2aa0c65fb061c87e9541e7a567dd58ff933a,68,2026-09-04T07:12:00.625Z,Eliteserien,2021,2021-06-25,Sarpsborg 08,Viking,1,2,A,,,,,source_reported_FT,Sarpsborg 08,Viking
footballcsv/cache.footballdata,https://raw.githubusercontent.com/footballcsv/cache.footballdata/f43a2aa0c65fb061c87e9541e7a567dd58ff933a/2021/no.1.csv,f43a2aa0c65fb061c87e9541e7a567dd58ff933a,70,2026-09-04T07:12:00.625Z,Eliteserien,2021,2021-06-27,Bodo/Glimt,Stabaek,4,1,H,,,,,source_reported_FT,Bodo/Glimt,Stabaek
footballcsv/cache.footballdata,https://raw.githubusercontent.com/footballcsv/cache.footballdata/f43a2aa0c65fb061c87e9541e7a567dd58ff933a/2021/no.1.csv,f43a2aa0c65fb061c87e9541e7a567dd58ff933a,76,2026-09-04T07:12:00.625Z,Eliteserien,2021,2021-06-30,Brann,Lillestrom,1,1,D,,,,,source_reported_FT,Brann,Lillestrom
footballcsv/cache.footballdata,https://raw.githubusercontent.com/footballcsv/cache.footballdata/f43a2aa0c65fb061c87e9541e7a567dd58ff933a/2021/no.1.csv,f43a2aa0c65fb061c87e9541e7a567dd58ff933a,71,2026-09-04T07:12:00.625Z,Eliteserien,2021,2021-06-30,Molde,Stromsgodset,3,0,H,,,,,source_reported_FT,Molde,Stromsgodset
footballcsv/cache.footballdata,https://raw.githubusercontent.com/footballcsv/cache.footballdata/f43a2aa0c65fb061c87e9541e7a567dd58ff933a/2021/no.1.csv,f43a2aa0c65fb061c87e9541e7a567dd58ff933a,72,2026-09-04T07:12:00.625Z,Eliteserien,2021,2021-06-30,Rosenborg,Haugesund,0,0,D,,,,,source_reported_FT,Rosenborg,Haugesund
footballcsv/cache.footballdata,https://raw.githubusercontent.com/footballcsv/cache.footballdata/f43a2aa0c65fb061c87e9541e7a567dd58ff933a/2021/no.1.csv,f43a2aa0c65fb061c87e9541e7a567dd58ff933a,73,2026-09-04T07:12:00.625Z,Eliteserien,2021,2021-06-30,Sandefjord,Bodo/Glimt,1,0,H,,,,,source_reported_FT,Sandefjord,Bodo/Glimt
footballcsv/cache.footballdata,https://raw.githubusercontent.com/footballcsv/cache.footballdata/f43a2aa0c65fb061c87e9541e7a567dd58ff933a/2021/no.1.csv,f43a2aa0c65fb061c87e9541e7a567dd58ff933a,74,2026-09-04T07:12:00.625Z,Eliteserien,2021,2021-06-30,Tromso,Kristiansund,0,0,D,,,,,source_reported_FT,Tromso,Kristiansund
footballcsv/cache.footballdata,https://raw.githubusercontent.com/footballcsv/cache.footballdata/f43a2aa0c65fb061c87e9541e7a567dd58ff933a/2021/no.1.csv,f43a2aa0c65fb061c87e9541e7a567dd58ff933a,75,2026-09-04T07:12:00.625Z,Eliteserien,2021,2021-06-30,Viking,Stabaek,3,3,D,,,,,source_reported_FT,Viking,Stabaek
footballcsv/cache.footballdata,https://raw.githubusercontent.com/footballcsv/cache.footballdata/f43a2aa0c65fb061c87e9541e7a567dd58ff933a/2021/no.1.csv,f43a2aa0c65fb061c87e9541e7a567dd58ff933a,77,2026-09-04T07:12:00.625Z,Eliteserien,2021,2021-07-01,Mjondalen,Odd,1,2,A,,,,,source_reported_FT,Mjondalen,Odd
footballcsv/cache.footballdata,https://raw.githubusercontent.com/footballcsv/cache.footballdata/f43a2aa0c65fb061c87e9541e7a567dd58ff933a/2021/no.1.csv,f43a2aa0c65fb061c87e9541e7a567dd58ff933a,78,2026-09-04T07:12:00.625Z,Eliteserien,2021,2021-07-01,Valerenga,Sarpsborg 08,4,1,H,,,,,source_reported_FT,Valerenga,Sarpsborg 08
footballcsv/cache.footballdata,https://raw.githubusercontent.com/footballcsv/cache.footballdata/f43a2aa0c65fb061c87e9541e7a567dd58ff933a/2021/no.1.csv,f43a2aa0c65fb061c87e9541e7a567dd58ff933a,79,2026-09-04T07:12:00.625Z,Eliteserien,2021,2021-07-03,Bodo/Glimt,Viking,2,2,D,,,,,source_reported_FT,Bodo/Glimt,Viking
footballcsv/cache.footballdata,https://raw.githubusercontent.com/footballcsv/cache.footballdata/f43a2aa0c65fb061c87e9541e7a567dd58ff933a/2021/no.1.csv,f43a2aa0c65fb061c87e9541e7a567dd58ff933a,81,2026-09-04T07:12:00.625Z,Eliteserien,2021,2021-07-04,Haugesund,Tromso,3,0,H,,,,,source_reported_FT,Haugesund,Tromso
footballcsv/cache.footballdata,https://raw.githubusercontent.com/footballcsv/cache.footballdata/f43a2aa0c65fb061c87e9541e7a567dd58ff933a/2021/no.1.csv,f43a2aa0c65fb061c87e9541e7a567dd58ff933a,82,2026-09-04T07:12:00.625Z,Eliteserien,2021,2021-07-04,Lillestrom,Mjondalen,2,1,H,,,,,source_reported_FT,Lillestrom,Mjondalen
footballcsv/cache.footballdata,https://raw.githubusercontent.com/footballcsv/cache.footballdata/f43a2aa0c65fb061c87e9541e7a567dd58ff933a/2021/no.1.csv,f43a2aa0c65fb061c87e9541e7a567dd58ff933a,83,2026-09-04T07:12:00.625Z,Eliteserien,2021,2021-07-04,Odd,Rosenborg,2,2,D,,,,,source_reported_FT,Odd,Rosenborg
footballcsv/cache.footballdata,https://raw.githubusercontent.com/footballcsv/cache.footballdata/f43a2aa0c65fb061c87e9541e7a567dd58ff933a/2021/no.1.csv,f43a2aa0c65fb061c87e9541e7a567dd58ff933a,84,2026-09-04T07:12:00.625Z,Eliteserien,2021,2021-07-04,Sarpsborg 08,Molde,1,0,H,,,,,source_reported_FT,Sarpsborg 08,Molde
footballcsv/cache.footballdata,https://raw.githubusercontent.com/footballcsv/cache.footballdata/f43a2aa0c65fb061c87e9541e7a567dd58ff933a/2021/no.1.csv,f43a2aa0c65fb061c87e9541e7a567dd58ff933a,80,2026-09-04T07:12:00.625Z,Eliteserien,2021,2021-07-04,Stabaek,Sandefjord,0,2,A,,,,,source_reported_FT,Stabaek,Sandefjord
footballcsv/cache.footballdata,https://raw.githubusercontent.com/footballcsv/cache.footballdata/f43a2aa0c65fb061c87e9541e7a567dd58ff933a/2021/no.1.csv,f43a2aa0c65fb061c87e9541e7a567dd58ff933a,85,2026-09-04T07:12:00.625Z,Eliteserien,2021,2021-07-04,Stromsgodset,Valerenga,1,1,D,,,,,source_reported_FT,Stromsgodset,Valerenga
footballcsv/cache.footballdata,https://raw.githubusercontent.com/footballcsv/cache.footballdata/f43a2aa0c65fb061c87e9541e7a567dd58ff933a/2021/no.1.csv,f43a2aa0c65fb061c87e9541e7a567dd58ff933a,86,2026-09-04T07:12:00.625Z,Eliteserien,2021,2021-07-05,Kristiansund,Brann,3,2,H,,,,,source_reported_FT,Kristiansund,Brann
footballcsv/cache.footballdata,https://raw.githubusercontent.com/footballcsv/cache.footballdata/f43a2aa0c65fb061c87e9541e7a567dd58ff933a/2021/no.1.csv,f43a2aa0c65fb061c87e9541e7a567dd58ff933a,91,2026-09-04T07:12:00.625Z,Eliteserien,2021,2021-07-10,Brann,Tromso,1,1,D,,,,,source_reported_FT,Brann,Tromso
footballcsv/cache.footballdata,https://raw.githubusercontent.com/footballcsv/cache.footballdata/f43a2aa0c65fb061c87e9541e7a567dd58ff933a/2021/no.1.csv,f43a2aa0c65fb061c87e9541e7a567dd58ff933a,87,2026-09-04T07:12:00.625Z,Eliteserien,2021,2021-07-10,Mjondalen,Haugesund,3,0,H,,,,,source_reported_FT,Mjondalen,Haugesund
footballcsv/cache.footballdata,https://raw.githubusercontent.com/footballcsv/cache.footballdata/f43a2aa0c65fb061c87e9541e7a567dd58ff933a/2021/no.1.csv,f43a2aa0c65fb061c87e9541e7a567dd58ff933a,88,2026-09-04T07:12:00.625Z,Eliteserien,2021,2021-07-10,Rosenborg,Kristiansund,1,0,H,,,,,source_reported_FT,Rosenborg,Kristiansund
footballcsv/cache.footballdata,https://raw.githubusercontent.com/footballcsv/cache.footballdata/f43a2aa0c65fb061c87e9541e7a567dd58ff933a/2021/no.1.csv,f43a2aa0c65fb061c87e9541e7a567dd58ff933a,89,2026-09-04T07:12:00.625Z,Eliteserien,2021,2021-07-10,Sandefjord,Sarpsborg 08,2,0,H,,,,,source_reported_FT,Sandefjord,Sarpsborg 08
footballcsv/cache.footballdata,https://raw.githubusercontent.com/footballcsv/cache.footballdata/f43a2aa0c65fb061c87e9541e7a567dd58ff933a/2021/no.1.csv,f43a2aa0c65fb061c87e9541e7a567dd58ff933a,90,2026-09-04T07:12:00.625Z,Eliteserien,2021,2021-07-10,Viking,Stromsgodset,1,1,D,,,,,source_reported_FT,Viking,Stromsgodset
footballcsv/cache.footballdata,https://raw.githubusercontent.com/footballcsv/cache.footballdata/f43a2aa0c65fb061c87e9541e7a567dd58ff933a/2021/no.1.csv,f43a2aa0c65fb061c87e9541e7a567dd58ff933a,93,2026-09-04T07:12:00.625Z,Eliteserien,2021,2021-07-11,Molde,Odd,5,0,H,,,,,source_reported_FT,Molde,Odd
footballcsv/cache.footballdata,https://raw.githubusercontent.com/footballcsv/cache.footballdata/f43a2aa0c65fb061c87e9541e7a567dd58ff933a/2021/no.1.csv,f43a2aa0c65fb061c87e9541e7a567dd58ff933a,92,2026-09-04T07:12:00.625Z,Eliteserien,2021,2021-07-11,Valerenga,Lillestrom,2,2,D,,,,,source_reported_FT,Valerenga,Lillestrom
footballcsv/cache.footballdata,https://raw.githubusercontent.com/footballcsv/cache.footballdata/f43a2aa0c65fb061c87e9541e7a567dd58ff933a/2021/no.1.csv,f43a2aa0c65fb061c87e9541e7a567dd58ff933a,94,2026-09-04T07:12:00.625Z,Eliteserien,2021,2021-07-17,Odd,Viking,3,2,H,,,,,source_reported_FT,Odd,Viking
footballcsv/cache.footballdata,https://raw.githubusercontent.com/footballcsv/cache.footballdata/f43a2aa0c65fb061c87e9541e7a567dd58ff933a/2021/no.1.csv,f43a2aa0c65fb061c87e9541e7a567dd58ff933a,95,2026-09-04T07:12:00.625Z,Eliteserien,2021,2021-07-17,Sarpsborg 08,Bodo/Glimt,2,2,D,,,,,source_reported_FT,Sarpsborg 08,Bodo/Glimt
footballcsv/cache.footballdata,https://raw.githubusercontent.com/footballcsv/cache.footballdata/f43a2aa0c65fb061c87e9541e7a567dd58ff933a/2021/no.1.csv,f43a2aa0c65fb061c87e9541e7a567dd58ff933a,96,2026-09-04T07:12:00.625Z,Eliteserien,2021,2021-07-18,Brann,Mjondalen,1,1,D,,,,,source_reported_FT,Brann,Mjondalen
footballcsv/cache.footballdata,https://raw.githubusercontent.com/footballcsv/cache.footballdata/f43a2aa0c65fb061c87e9541e7a567dd58ff933a/2021/no.1.csv,f43a2aa0c65fb061c87e9541e7a567dd58ff933a,97,2026-09-04T07:12:00.625Z,Eliteserien,2021,2021-07-18,Haugesund,Valerenga,3,1,H,,,,,source_reported_FT,Haugesund,Valerenga
footballcsv/cache.footballdata,https://raw.githubusercontent.com/footballcsv/cache.footballdata/f43a2aa0c65fb061c87e9541e7a567dd58ff933a/2021/no.1.csv,f43a2aa0c65fb061c87e9541e7a567dd58ff933a,98,2026-09-04T07:12:00.625Z,Eliteserien,2021,2021-07-18,Kristiansund,Sandefjord,2,0,H,,,,,source_reported_FT,Kristiansund,Sandefjord
footballcsv/cache.footballdata,https://raw.githubusercontent.com/footballcsv/cache.footballdata/f43a2aa0c65fb061c87e9541e7a567dd58ff933a/2021/no.1.csv,f43a2aa0c65fb061c87e9541e7a567dd58ff933a,99,2026-09-04T07:12:00.625Z,Eliteserien,2021,2021-07-18,Lillestrom,Molde,1,1,D,,,,,source_reported_FT,Lillestrom,Molde
footballcsv/cache.footballdata,https://raw.githubusercontent.com/footballcsv/cache.footballdata/f43a2aa0c65fb061c87e9541e7a567dd58ff933a/2021/no.1.csv,f43a2aa0c65fb061c87e9541e7a567dd58ff933a,101,2026-09-04T07:12:00.625Z,Eliteserien,2021,2021-07-18,Stromsgodset,Stabaek,2,1,H,,,,,source_reported_FT,Stromsgodset,Stabaek
footballcsv/cache.footballdata,https://raw.githubusercontent.com/footballcsv/cache.footballdata/f43a2aa0c65fb061c87e9541e7a567dd58ff933a/2021/no.1.csv,f43a2aa0c65fb061c87e9541e7a567dd58ff933a,100,2026-09-04T07:12:00.625Z,Eliteserien,2021,2021-07-18,Tromso,Rosenborg,1,3,A,,,,,source_reported_FT,Tromso,Rosenborg
footballcsv/cache.footballdata,https://raw.githubusercontent.com/footballcsv/cache.footballdata/f43a2aa0c65fb061c87e9541e7a567dd58ff933a/2021/no.1.csv,f43a2aa0c65fb061c87e9541e7a567dd58ff933a,102,2026-09-04T07:12:00.625Z,Eliteserien,2021,2021-07-21,Sandefjord,Haugesund,1,1,D,,,,,source_reported_FT,Sandefjord,Haugesund
footballcsv/cache.footballdata,https://raw.githubusercontent.com/footballcsv/cache.footballdata/f43a2aa0c65fb061c87e9541e7a567dd58ff933a/2021/no.1.csv,f43a2aa0c65fb061c87e9541e7a567dd58ff933a,103,2026-09-04T07:12:00.625Z,Eliteserien,2021,2021-07-21,Sarpsborg 08,Mjondalen,1,1,D,,,,,source_reported_FT,Sarpsborg 08,Mjondalen
footballcsv/cache.footballdata,https://raw.githubusercontent.com/footballcsv/cache.footballdata/f43a2aa0c65fb061c87e9541e7a567dd58ff933a/2021/no.1.csv,f43a2aa0c65fb061c87e9541e7a567dd58ff933a,104,2026-09-04T07:12:00.625Z,Eliteserien,2021,2021-07-21,Stabaek,Lillestrom,2,3,A,,,,,source_reported_FT,Stabaek,Lillestrom
footballcsv/cache.footballdata,https://raw.githubusercontent.com/footballcsv/cache.footballdata/f43a2aa0c65fb061c87e9541e7a567dd58ff933a/2021/no.1.csv,f43a2aa0c65fb061c87e9541e7a567dd58ff933a,105,2026-09-04T07:12:00.625Z,Eliteserien,2021,2021-07-21,Stromsgodset,Odd,3,0,H,,,,,source_reported_FT,Stromsgodset,Odd
footballcsv/cache.footballdata,https://raw.githubusercontent.com/footballcsv/cache.footballdata/f43a2aa0c65fb061c87e9541e7a567dd58ff933a/2021/no.1.csv,f43a2aa0c65fb061c87e9541e7a567dd58ff933a,106,2026-09-04T07:12:00.625Z,Eliteserien,2021,2021-07-28,Haugesund,Stromsgodset,2,1,H,,,,,source_reported_FT,Haugesund,Stromsgodset
footballcsv/cache.footballdata,https://raw.githubusercontent.com/footballcsv/cache.footballdata/f43a2aa0c65fb061c87e9541e7a567dd58ff933a/2021/no.1.csv,f43a2aa0c65fb061c87e9541e7a567dd58ff933a,107,2026-09-04T07:12:00.625Z,Eliteserien,2021,2021-07-28,Lillestrom,Sarpsborg 08,2,0,H,,,,,source_reported_FT,Lillestrom,Sarpsborg 08
footballcsv/cache.footballdata,https://raw.githubusercontent.com/footballcsv/cache.footballdata/f43a2aa0c65fb061c87e9541e7a567dd58ff933a/2021/no.1.csv,f43a2aa0c65fb061c87e9541e7a567dd58ff933a,108,2026-09-04T07:12:00.625Z,Eliteserien,2021,2021-07-28,Mjondalen,Stabaek,1,2,A,,,,,source_reported_FT,Mjondalen,Stabaek
footballcsv/cache.footballdata,https://raw.githubusercontent.com/footballcsv/cache.footballdata/f43a2aa0c65fb061c87e9541e7a567dd58ff933a/2021/no.1.csv,f43a2aa0c65fb061c87e9541e7a567dd58ff933a,109,2026-09-04T07:12:00.625Z,Eliteserien,2021,2021-07-28,Odd,Sandefjord,2,3,A,,,,,source_reported_FT,Odd,Sandefjord
footballcsv/cache.footballdata,https://raw.githubusercontent.com/footballcsv/cache.footballdata/f43a2aa0c65fb061c87e9541e7a567dd58ff933a/2021/no.1.csv,f43a2aa0c65fb061c87e9541e7a567dd58ff933a,110,2026-09-04T07:12:00.625Z,Eliteserien,2021,2021-08-08,Mjondalen,Tromso,2,3,A,,,,,source_reported_FT,Mjondalen,Tromso
footballcsv/cache.footballdata,https://raw.githubusercontent.com/footballcsv/cache.footballdata/f43a2aa0c65fb061c87e9541e7a567dd58ff933a/2021/no.1.csv,f43a2aa0c65fb061c87e9541e7a567dd58ff933a,111,2026-09-04T07:12:00.625Z,Eliteserien,2021,2021-08-08,Molde,Haugesund,5,4,H,,,,,source_reported_FT,Molde,Haugesund
footballcsv/cache.footballdata,https://raw.githubusercontent.com/footballcsv/cache.footballdata/f43a2aa0c65fb061c87e9541e7a567dd58ff933a/2021/no.1.csv,f43a2aa0c65fb061c87e9541e7a567dd58ff933a,112,2026-09-04T07:12:00.625Z,Eliteserien,2021,2021-08-08,Sandefjord,Lillestrom,1,1,D,,,,,source_reported_FT,Sandefjord,Lillestrom
footballcsv/cache.footballdata,https://raw.githubusercontent.com/footballcsv/cache.footballdata/f43a2aa0c65fb061c87e9541e7a567dd58ff933a/2021/no.1.csv,f43a2aa0c65fb061c87e9541e7a567dd58ff933a,114,2026-09-04T07:12:00.625Z,Eliteserien,2021,2021-08-08,Stabaek,Sarpsborg 08,3,1,H,,,,,source_reported_FT,Stabaek,Sarpsborg 08
footballcsv/cache.footballdata,https://raw.githubusercontent.com/footballcsv/cache.footballdata/f43a2aa0c65fb061c87e9541e7a567dd58ff933a/2021/no.1.csv,f43a2aa0c65fb061c87e9541e7a567dd58ff933a,113,2026-09-04T07:12:00.625Z,Eliteserien,2021,2021-08-08,Viking,Kristiansund,3,2,H,,,,,source_reported_FT,Viking,Kristiansund
footballcsv/cache.footballdata,https://raw.githubusercontent.com/footballcsv/cache.footballdata/f43a2aa0c65fb061c87e9541e7a567dd58ff933a/2021/no.1.csv,f43a2aa0c65fb061c87e9541e7a567dd58ff933a,115,2026-09-04T07:12:00.625Z,Eliteserien,2021,2021-08-14,Kristiansund,Stabaek,5,1,H,,,,,source_reported_FT,Kristiansund,Stabaek
footballcsv/cache.footballdata,https://raw.githubusercontent.com/footballcsv/cache.footballdata/f43a2aa0c65fb061c87e9541e7a567dd58ff933a/2021/no.1.csv,f43a2aa0c65fb061c87e9541e7a567dd58ff933a,116,2026-09-04T07:12:00.625Z,Eliteserien,2021,2021-08-14,Sarpsborg 08,Stromsgodset,1,0,H,,,,,source_reported_FT,Sarpsborg 08,Stromsgodset
footballcsv/cache.footballdata,https://raw.githubusercontent.com/footballcsv/cache.footballdata/f43a2aa0c65fb061c87e9541e7a567dd58ff933a/2021/no.1.csv,f43a2aa0c65fb061c87e9541e7a567dd58ff933a,122,2026-09-04T07:12:00.625Z,Eliteserien,2021,2021-08-15,Brann,Sandefjord,3,2,H,,,,,source_reported_FT,Brann,Sandefjord
footballcsv/cache.footballdata,https://raw.githubusercontent.com/footballcsv/cache.footballdata/f43a2aa0c65fb061c87e9541e7a567dd58ff933a/2021/no.1.csv,f43a2aa0c65fb061c87e9541e7a567dd58ff933a,117,2026-09-04T07:12:00.625Z,Eliteserien,2021,2021-08-15,Lillestrom,Bodo/Glimt,0,1,A,,,,,source_reported_FT,Lillestrom,Bodo/Glimt
footballcsv/cache.footballdata,https://raw.githubusercontent.com/footballcsv/cache.footballdata/f43a2aa0c65fb061c87e9541e7a567dd58ff933a/2021/no.1.csv,f43a2aa0c65fb061c87e9541e7a567dd58ff933a,118,2026-09-04T07:12:00.625Z,Eliteserien,2021,2021-08-15,Mjondalen,Rosenborg,1,2,A,,,,,source_reported_FT,Mjondalen,Rosenborg
footballcsv/cache.footballdata,https://raw.githubusercontent.com/footballcsv/cache.footballdata/f43a2aa0c65fb061c87e9541e7a567dd58ff933a/2021/no.1.csv,f43a2aa0c65fb061c87e9541e7a567dd58ff933a,119,2026-09-04T07:12:00.625Z,Eliteserien,2021,2021-08-15,Odd,Haugesund,4,2,H,,,,,source_reported_FT,Odd,Haugesund
footballcsv/cache.footballdata,https://raw.githubusercontent.com/footballcsv/cache.footballdata/f43a2aa0c65fb061c87e9541e7a567dd58ff933a/2021/no.1.csv,f43a2aa0c65fb061c87e9541e7a567dd58ff933a,120,2026-09-04T07:12:00.625Z,Eliteserien,2021,2021-08-15,Tromso,Valerenga,1,1,D,,,,,source_reported_FT,Tromso,Valerenga
footballcsv/cache.footballdata,https://raw.githubusercontent.com/footballcsv/cache.footballdata/f43a2aa0c65fb061c87e9541e7a567dd58ff933a/2021/no.1.csv,f43a2aa0c65fb061c87e9541e7a567dd58ff933a,121,2026-09-04T07:12:00.625Z,Eliteserien,2021,2021-08-15,Viking,Molde,3,2,H,,,,,source_reported_FT,Viking,Molde
footballcsv/cache.footballdata,https://raw.githubusercontent.com/footballcsv/cache.footballdata/f43a2aa0c65fb061c87e9541e7a567dd58ff933a/2021/no.1.csv,f43a2aa0c65fb061c87e9541e7a567dd58ff933a,123,2026-09-04T07:12:00.625Z,Eliteserien,2021,2021-08-21,Stabaek,Mjondalen,1,1,D,,,,,source_reported_FT,Stabaek,Mjondalen
footballcsv/cache.footballdata,https://raw.githubusercontent.com/footballcsv/cache.footballdata/f43a2aa0c65fb061c87e9541e7a567dd58ff933a/2021/no.1.csv,f43a2aa0c65fb061c87e9541e7a567dd58ff933a,124,2026-09-04T07:12:00.625Z,Eliteserien,2021,2021-08-21,Stromsgodset,Brann,3,1,H,,,,,source_reported_FT,Stromsgodset,Brann
footballcsv/cache.footballdata,https://raw.githubusercontent.com/footballcsv/cache.footballdata/f43a2aa0c65fb061c87e9541e7a567dd58ff933a/2021/no.1.csv,f43a2aa0c65fb061c87e9541e7a567dd58ff933a,125,2026-09-04T07:12:00.625Z,Eliteserien,2021,2021-08-22,Bodo/Glimt,Kristiansund,3,0,H,,,,,source_reported_FT,Bodo/Glimt,Kristiansund
footballcsv/cache.footballdata,https://raw.githubusercontent.com/footballcsv/cache.footballdata/f43a2aa0c65fb061c87e9541e7a567dd58ff933a/2021/no.1.csv,f43a2aa0c65fb061c87e9541e7a567dd58ff933a,126,2026-09-04T07:12:00.625Z,Eliteserien,2021,2021-08-22,Haugesund,Lillestrom,0,3,A,,,,,source_reported_FT,Haugesund,Lillestrom
footballcsv/cache.footballdata,https://raw.githubusercontent.com/footballcsv/cache.footballdata/f43a2aa0c65fb061c87e9541e7a567dd58ff933a/2021/no.1.csv,f43a2aa0c65fb061c87e9541e7a567dd58ff933a,129,2026-09-04T07:12:00.625Z,Eliteserien,2021,2021-08-22,Rosenborg,Odd,5,0,H,,,,,source_reported_FT,Rosenborg,Odd
footballcsv/cache.footballdata,https://raw.githubusercontent.com/footballcsv/cache.footballdata/f43a2aa0c65fb061c87e9541e7a567dd58ff933a/2021/no.1.csv,f43a2aa0c65fb061c87e9541e7a567dd58ff933a,127,2026-09-04T07:12:00.625Z,Eliteserien,2021,2021-08-22,Sandefjord,Tromso,1,1,D,,,,,source_reported_FT,Sandefjord,Tromso
footballcsv/cache.footballdata,https://raw.githubusercontent.com/footballcsv/cache.footballdata/f43a2aa0c65fb061c87e9541e7a567dd58ff933a/2021/no.1.csv,f43a2aa0c65fb061c87e9541e7a567dd58ff933a,128,2026-09-04T07:12:00.625Z,Eliteserien,2021,2021-08-22,Valerenga,Viking,1,1,D,,,,,source_reported_FT,Valerenga,Viking
footballcsv/cache.footballdata,https://raw.githubusercontent.com/footballcsv/cache.footballdata/f43a2aa0c65fb061c87e9541e7a567dd58ff933a/2021/no.1.csv,f43a2aa0c65fb061c87e9541e7a567dd58ff933a,131,2026-09-04T07:12:00.625Z,Eliteserien,2021,2021-08-28,Brann,Haugesund,1,3,A,,,,,source_reported_FT,Brann,Haugesund
footballcsv/cache.footballdata,https://raw.githubusercontent.com/footballcsv/cache.footballdata/f43a2aa0c65fb061c87e9541e7a567dd58ff933a/2021/no.1.csv,f43a2aa0c65fb061c87e9541e7a567dd58ff933a,130,2026-09-04T07:12:00.625Z,Eliteserien,2021,2021-08-28,Mjondalen,Lillestrom,1,2,A,,,,,source_reported_FT,Mjondalen,Lillestrom
footballcsv/cache.footballdata,https://raw.githubusercontent.com/footballcsv/cache.footballdata/f43a2aa0c65fb061c87e9541e7a567dd58ff933a/2021/no.1.csv,f43a2aa0c65fb061c87e9541e7a567dd58ff933a,132,2026-09-04T07:12:00.625Z,Eliteserien,2021,2021-08-29,Kristiansund,Molde,2,0,H,,,,,source_reported_FT,Kristiansund,Molde
footballcsv/cache.footballdata,https://raw.githubusercontent.com/footballcsv/cache.footballdata/f43a2aa0c65fb061c87e9541e7a567dd58ff933a/2021/no.1.csv,f43a2aa0c65fb061c87e9541e7a567dd58ff933a,133,2026-09-04T07:12:00.625Z,Eliteserien,2021,2021-08-29,Odd,Stromsgodset,0,1,A,,,,,source_reported_FT,Odd,Stromsgodset
footballcsv/cache.footballdata,https://raw.githubusercontent.com/footballcsv/cache.footballdata/f43a2aa0c65fb061c87e9541e7a567dd58ff933a/2021/no.1.csv,f43a2aa0c65fb061c87e9541e7a567dd58ff933a,134,2026-09-04T07:12:00.625Z,Eliteserien,2021,2021-08-29,Sarpsborg 08,Sandefjord,5,0,H,,,,,source_reported_FT,Sarpsborg 08,Sandefjord
footballcsv/cache.footballdata,https://raw.githubusercontent.com/footballcsv/cache.footballdata/f43a2aa0c65fb061c87e9541e7a567dd58ff933a/2021/no.1.csv,f43a2aa0c65fb061c87e9541e7a567dd58ff933a,135,2026-09-04T07:12:00.625Z,Eliteserien,2021,2021-08-29,Tromso,Bodo/Glimt,2,3,A,,,,,source_reported_FT,Tromso,Bodo/Glimt
footballcsv/cache.footballdata,https://raw.githubusercontent.com/footballcsv/cache.footballdata/f43a2aa0c65fb061c87e9541e7a567dd58ff933a/2021/no.1.csv,f43a2aa0c65fb061c87e9541e7a567dd58ff933a,137,2026-09-04T07:12:00.625Z,Eliteserien,2021,2021-08-29,Valerenga,Stabaek,3,1,H,,,,,source_reported_FT,Valerenga,Stabaek
footballcsv/cache.footballdata,https://raw.githubusercontent.com/footballcsv/cache.footballdata/f43a2aa0c65fb061c87e9541e7a567dd58ff933a/2021/no.1.csv,f43a2aa0c65fb061c87e9541e7a567dd58ff933a,136,2026-09-04T07:12:00.625Z,Eliteserien,2021,2021-08-29,Viking,Rosenborg,2,1,H,,,,,source_reported_FT,Viking,Rosenborg
footballcsv/cache.footballdata,https://raw.githubusercontent.com/footballcsv/cache.footballdata/f43a2aa0c65fb061c87e9541e7a567dd58ff933a/2021/no.1.csv,f43a2aa0c65fb061c87e9541e7a567dd58ff933a,138,2026-09-04T07:12:00.625Z,Eliteserien,2021,2021-09-11,Lillestrom,Brann,2,3,A,,,,,source_reported_FT,Lillestrom,Brann
footballcsv/cache.footballdata,https://raw.githubusercontent.com/footballcsv/cache.footballdata/f43a2aa0c65fb061c87e9541e7a567dd58ff933a/2021/no.1.csv,f43a2aa0c65fb061c87e9541e7a567dd58ff933a,139,2026-09-04T07:12:00.625Z,Eliteserien,2021,2021-09-11,Stabaek,Viking,1,3,A,,,,,source_reported_FT,Stabaek,Viking
footballcsv/cache.footballdata,https://raw.githubusercontent.com/footballcsv/cache.footballdata/f43a2aa0c65fb061c87e9541e7a567dd58ff933a/2021/no.1.csv,f43a2aa0c65fb061c87e9541e7a567dd58ff933a,140,2026-09-04T07:12:00.625Z,Eliteserien,2021,2021-09-12,Bodo/Glimt,Odd,1,1,D,,,,,source_reported_FT,Bodo/Glimt,Odd
footballcsv/cache.footballdata,https://raw.githubusercontent.com/footballcsv/cache.footballdata/f43a2aa0c65fb061c87e9541e7a567dd58ff933a/2021/no.1.csv,f43a2aa0c65fb061c87e9541e7a567dd58ff933a,141,2026-09-04T07:12:00.625Z,Eliteserien,2021,2021-09-12,Haugesund,Sarpsborg 08,2,1,H,,,,,source_reported_FT,Haugesund,Sarpsborg 08
footballcsv/cache.footballdata,https://raw.githubusercontent.com/footballcsv/cache.footballdata/f43a2aa0c65fb061c87e9541e7a567dd58ff933a/2021/no.1.csv,f43a2aa0c65fb061c87e9541e7a567dd58ff933a,142,2026-09-04T07:12:00.625Z,Eliteserien,2021,2021-09-12,Molde,Mjondalen,4,0,H,,,,,source_reported_FT,Molde,Mjondalen
footballcsv/cache.footballdata,https://raw.githubusercontent.com/footballcsv/cache.footballdata/f43a2aa0c65fb061c87e9541e7a567dd58ff933a/2021/no.1.csv,f43a2aa0c65fb061c87e9541e7a567dd58ff933a,145,2026-09-04T07:12:00.625Z,Eliteserien,2021,2021-09-12,Rosenborg,Tromso,3,2,H,,,,,source_reported_FT,Rosenborg,Tromso
footballcsv/cache.footballdata,https://raw.githubusercontent.com/footballcsv/cache.footballdata/f43a2aa0c65fb061c87e9541e7a567dd58ff933a/2021/no.1.csv,f43a2aa0c65fb061c87e9541e7a567dd58ff933a,143,2026-09-04T07:12:00.625Z,Eliteserien,2021,2021-09-12,Sandefjord,Valerenga,3,0,H,,,,,source_reported_FT,Sandefjord,Valerenga
footballcsv/cache.footballdata,https://raw.githubusercontent.com/footballcsv/cache.footballdata/f43a2aa0c65fb061c87e9541e7a567dd58ff933a/2021/no.1.csv,f43a2aa0c65fb061c87e9541e7a567dd58ff933a,144,2026-09-04T07:12:00.625Z,Eliteserien,2021,2021-09-12,Stromsgodset,Kristiansund,1,2,A,,,,,source_reported_FT,Stromsgodset,Kristiansund
footballcsv/cache.footballdata,https://raw.githubusercontent.com/footballcsv/cache.footballdata/f43a2aa0c65fb061c87e9541e7a567dd58ff933a/2021/no.1.csv,f43a2aa0c65fb061c87e9541e7a567dd58ff933a,146,2026-09-04T07:12:00.625Z,Eliteserien,2021,2021-09-18,Kristiansund,Haugesund,3,2,H,,,,,source_reported_FT,Kristiansund,Haugesund
footballcsv/cache.footballdata,https://raw.githubusercontent.com/footballcsv/cache.footballdata/f43a2aa0c65fb061c87e9541e7a567dd58ff933a/2021/no.1.csv,f43a2aa0c65fb061c87e9541e7a567dd58ff933a,147,2026-09-04T07:12:00.625Z,Eliteserien,2021,2021-09-18,Odd,Lillestrom,2,3,A,,,,,source_reported_FT,Odd,Lillestrom
footballcsv/cache.footballdata,https://raw.githubusercontent.com/footballcsv/cache.footballdata/f43a2aa0c65fb061c87e9541e7a567dd58ff933a/2021/no.1.csv,f43a2aa0c65fb061c87e9541e7a567dd58ff933a,148,2026-09-04T07:12:00.625Z,Eliteserien,2021,2021-09-19,Mjondalen,Sandefjord,1,1,D,,,,,source_reported_FT,Mjondalen,Sandefjord
footballcsv/cache.footballdata,https://raw.githubusercontent.com/footballcsv/cache.footballdata/f43a2aa0c65fb061c87e9541e7a567dd58ff933a/2021/no.1.csv,f43a2aa0c65fb061c87e9541e7a567dd58ff933a,149,2026-09-04T07:12:00.625Z,Eliteserien,2021,2021-09-19,Sarpsborg 08,Rosenborg,1,3,A,,,,,source_reported_FT,Sarpsborg 08,Rosenborg
footballcsv/cache.footballdata,https://raw.githubusercontent.com/footballcsv/cache.footballdata/f43a2aa0c65fb061c87e9541e7a567dd58ff933a/2021/no.1.csv,f43a2aa0c65fb061c87e9541e7a567dd58ff933a,152,2026-09-04T07:12:00.625Z,Eliteserien,2021,2021-09-19,Tromso,Brann,1,1,D,,,,,source_reported_FT,Tromso,Brann
footballcsv/cache.footballdata,https://raw.githubusercontent.com/footballcsv/cache.footballdata/f43a2aa0c65fb061c87e9541e7a567dd58ff933a/2021/no.1.csv,f43a2aa0c65fb061c87e9541e7a567dd58ff933a,150,2026-09-04T07:12:00.625Z,Eliteserien,2021,2021-09-19,Valerenga,Molde,1,1,D,,,,,source_reported_FT,Valerenga,Molde
footballcsv/cache.footballdata,https://raw.githubusercontent.com/footballcsv/cache.footballdata/f43a2aa0c65fb061c87e9541e7a567dd58ff933a/2021/no.1.csv,f43a2aa0c65fb061c87e9541e7a567dd58ff933a,151,2026-09-04T07:12:00.625Z,Eliteserien,2021,2021-09-19,Viking,Bodo/Glimt,1,3,A,,,,,source_reported_FT,Viking,Bodo/Glimt
footballcsv/cache.footballdata,https://raw.githubusercontent.com/footballcsv/cache.footballdata/f43a2aa0c65fb061c87e9541e7a567dd58ff933a/2021/no.1.csv,f43a2aa0c65fb061c87e9541e7a567dd58ff933a,153,2026-09-04T07:12:00.625Z,Eliteserien,2021,2021-09-25,Lillestrom,Tromso,1,2,A,,,,,source_reported_FT,Lillestrom,Tromso
footballcsv/cache.footballdata,https://raw.githubusercontent.com/footballcsv/cache.footballdata/f43a2aa0c65fb061c87e9541e7a567dd58ff933a/2021/no.1.csv,f43a2aa0c65fb061c87e9541e7a567dd58ff933a,154,2026-09-04T07:12:00.625Z,Eliteserien,2021,2021-09-25,Stromsgodset,Sarpsborg 08,5,0,H,,,,,source_reported_FT,Stromsgodset,Sarpsborg 08
footballcsv/cache.footballdata,https://raw.githubusercontent.com/footballcsv/cache.footballdata/f43a2aa0c65fb061c87e9541e7a567dd58ff933a/2021/no.1.csv,f43a2aa0c65fb061c87e9541e7a567dd58ff933a,160,2026-09-04T07:12:00.625Z,Eliteserien,2021,2021-09-26,Bodo/Glimt,Valerenga,1,0,H,,,,,source_reported_FT,Bodo/Glimt,Valerenga
footballcsv/cache.footballdata,https://raw.githubusercontent.com/footballcsv/cache.footballdata/f43a2aa0c65fb061c87e9541e7a567dd58ff933a/2021/no.1.csv,f43a2aa0c65fb061c87e9541e7a567dd58ff933a,155,2026-09-04T07:12:00.625Z,Eliteserien,2021,2021-09-26,Brann,Kristiansund,3,1,H,,,,,source_reported_FT,Brann,Kristiansund
footballcsv/cache.footballdata,https://raw.githubusercontent.com/footballcsv/cache.footballdata/f43a2aa0c65fb061c87e9541e7a567dd58ff933a/2021/no.1.csv,f43a2aa0c65fb061c87e9541e7a567dd58ff933a,156,2026-09-04T07:12:00.625Z,Eliteserien,2021,2021-09-26,Haugesund,Odd,1,3,A,,,,,source_reported_FT,Haugesund,Odd
footballcsv/cache.footballdata,https://raw.githubusercontent.com/footballcsv/cache.footballdata/f43a2aa0c65fb061c87e9541e7a567dd58ff933a/2021/no.1.csv,f43a2aa0c65fb061c87e9541e7a567dd58ff933a,157,2026-09-04T07:12:00.625Z,Eliteserien,2021,2021-09-26,Molde,Viking,2,2,D,,,,,source_reported_FT,Molde,Viking
footballcsv/cache.footballdata,https://raw.githubusercontent.com/footballcsv/cache.footballdata/f43a2aa0c65fb061c87e9541e7a567dd58ff933a/2021/no.1.csv,f43a2aa0c65fb061c87e9541e7a567dd58ff933a,158,2026-09-04T07:12:00.625Z,Eliteserien,2021,2021-09-26,Rosenborg,Mjondalen,3,1,H,,,,,source_reported_FT,Rosenborg,Mjondalen
footballcsv/cache.footballdata,https://raw.githubusercontent.com/footballcsv/cache.footballdata/f43a2aa0c65fb061c87e9541e7a567dd58ff933a/2021/no.1.csv,f43a2aa0c65fb061c87e9541e7a567dd58ff933a,159,2026-09-04T07:12:00.625Z,Eliteserien,2021,2021-09-26,Sandefjord,Stabaek,0,3,A,,,,,source_reported_FT,Sandefjord,Stabaek
footballcsv/cache.footballdata,https://raw.githubusercontent.com/footballcsv/cache.footballdata/f43a2aa0c65fb061c87e9541e7a567dd58ff933a/2021/no.1.csv,f43a2aa0c65fb061c87e9541e7a567dd58ff933a,161,2026-09-04T07:12:00.625Z,Eliteserien,2021,2021-09-29,Stabaek,Stromsgodset,0,0,D,,,,,source_reported_FT,Stabaek,Stromsgodset
footballcsv/cache.footballdata,https://raw.githubusercontent.com/footballcsv/cache.footballdata/f43a2aa0c65fb061c87e9541e7a567dd58ff933a/2021/no.1.csv,f43a2aa0c65fb061c87e9541e7a567dd58ff933a,162,2026-09-04T07:12:00.625Z,Eliteserien,2021,2021-10-02,Sarpsborg 08,Lillestrom,2,1,H,,,,,source_reported_FT,Sarpsborg 08,Lillestrom
footballcsv/cache.footballdata,https://raw.githubusercontent.com/footballcsv/cache.footballdata/f43a2aa0c65fb061c87e9541e7a567dd58ff933a/2021/no.1.csv,f43a2aa0c65fb061c87e9541e7a567dd58ff933a,163,2026-09-04T07:12:00.625Z,Eliteserien,2021,2021-10-02,Viking,Sandefjord,2,1,H,,,,,source_reported_FT,Viking,Sandefjord
footballcsv/cache.footballdata,https://raw.githubusercontent.com/footballcsv/cache.footballdata/f43a2aa0c65fb061c87e9541e7a567dd58ff933a/2021/no.1.csv,f43a2aa0c65fb061c87e9541e7a567dd58ff933a,169,2026-09-04T07:12:00.625Z,Eliteserien,2021,2021-10-03,Kristiansund,Rosenborg,1,0,H,,,,,source_reported_FT,Kristiansund,Rosenborg
footballcsv/cache.footballdata,https://raw.githubusercontent.com/footballcsv/cache.footballdata/f43a2aa0c65fb061c87e9541e7a567dd58ff933a/2021/no.1.csv,f43a2aa0c65fb061c87e9541e7a567dd58ff933a,164,2026-09-04T07:12:00.625Z,Eliteserien,2021,2021-10-03,Mjondalen,Brann,1,1,D,,,,,source_reported_FT,Mjondalen,Brann
footballcsv/cache.footballdata,https://raw.githubusercontent.com/footballcsv/cache.footballdata/f43a2aa0c65fb061c87e9541e7a567dd58ff933a/2021/no.1.csv,f43a2aa0c65fb061c87e9541e7a567dd58ff933a,165,2026-09-04T07:12:00.625Z,Eliteserien,2021,2021-10-03,Odd,Molde,1,3,A,,,,,source_reported_FT,Odd,Molde
footballcsv/cache.footballdata,https://raw.githubusercontent.com/footballcsv/cache.footballdata/f43a2aa0c65fb061c87e9541e7a567dd58ff933a/2021/no.1.csv,f43a2aa0c65fb061c87e9541e7a567dd58ff933a,166,2026-09-04T07:12:00.625Z,Eliteserien,2021,2021-10-03,Stabaek,Bodo/Glimt,0,3,A,,,,,source_reported_FT,Stabaek,Bodo/Glimt
footballcsv/cache.footballdata,https://raw.githubusercontent.com/footballcsv/cache.footballdata/f43a2aa0c65fb061c87e9541e7a567dd58ff933a/2021/no.1.csv,f43a2aa0c65fb061c87e9541e7a567dd58ff933a,167,2026-09-04T07:12:00.625Z,Eliteserien,2021,2021-10-03,Tromso,Haugesund,2,0,H,,,,,source_reported_FT,Tromso,Haugesund
footballcsv/cache.footballdata,https://raw.githubusercontent.com/footballcsv/cache.footballdata/f43a2aa0c65fb061c87e9541e7a567dd58ff933a/2021/no.1.csv,f43a2aa0c65fb061c87e9541e7a567dd58ff933a,168,2026-09-04T07:12:00.625Z,Eliteserien,2021,2021-10-03,Valerenga,Stromsgodset,3,0,H,,,,,source_reported_FT,Valerenga,Stromsgodset
footballcsv/cache.footballdata,https://raw.githubusercontent.com/footballcsv/cache.footballdata/f43a2aa0c65fb061c87e9541e7a567dd58ff933a/2021/no.1.csv,f43a2aa0c65fb061c87e9541e7a567dd58ff933a,170,2026-09-04T07:12:00.625Z,Eliteserien,2021,2021-10-16,Lillestrom,Kristiansund,0,0,D,,,,,source_reported_FT,Lillestrom,Kristiansund
footballcsv/cache.footballdata,https://raw.githubusercontent.com/footballcsv/cache.footballdata/f43a2aa0c65fb061c87e9541e7a567dd58ff933a/2021/no.1.csv,f43a2aa0c65fb061c87e9541e7a567dd58ff933a,171,2026-09-04T07:12:00.625Z,Eliteserien,2021,2021-10-16,Molde,Tromso,3,0,H,,,,,source_reported_FT,Molde,Tromso
footballcsv/cache.footballdata,https://raw.githubusercontent.com/footballcsv/cache.footballdata/f43a2aa0c65fb061c87e9541e7a567dd58ff933a/2021/no.1.csv,f43a2aa0c65fb061c87e9541e7a567dd58ff933a,172,2026-09-04T07:12:00.625Z,Eliteserien,2021,2021-10-17,Bodo/Glimt,Sarpsborg 08,2,1,H,,,,,source_reported_FT,Bodo/Glimt,Sarpsborg 08
footballcsv/cache.footballdata,https://raw.githubusercontent.com/footballcsv/cache.footballdata/f43a2aa0c65fb061c87e9541e7a567dd58ff933a/2021/no.1.csv,f43a2aa0c65fb061c87e9541e7a567dd58ff933a,173,2026-09-04T07:12:00.625Z,Eliteserien,2021,2021-10-17,Brann,Stabaek,1,1,D,,,,,source_reported_FT,Brann,Stabaek
footballcsv/cache.footballdata,https://raw.githubusercontent.com/footballcsv/cache.footballdata/f43a2aa0c65fb061c87e9541e7a567dd58ff933a/2021/no.1.csv,f43a2aa0c65fb061c87e9541e7a567dd58ff933a,174,2026-09-04T07:12:00.625Z,Eliteserien,2021,2021-10-17,Haugesund,Mjondalen,7,0,H,,,,,source_reported_FT,Haugesund,Mjondalen
footballcsv/cache.footballdata,https://raw.githubusercontent.com/footballcsv/cache.footballdata/f43a2aa0c65fb061c87e9541e7a567dd58ff933a/2021/no.1.csv,f43a2aa0c65fb061c87e9541e7a567dd58ff933a,177,2026-09-04T07:12:00.625Z,Eliteserien,2021,2021-10-17,Rosenborg,Valerenga,2,2,D,,,,,source_reported_FT,Rosenborg,Valerenga
footballcsv/cache.footballdata,https://raw.githubusercontent.com/footballcsv/cache.footballdata/f43a2aa0c65fb061c87e9541e7a567dd58ff933a/2021/no.1.csv,f43a2aa0c65fb061c87e9541e7a567dd58ff933a,175,2026-09-04T07:12:00.625Z,Eliteserien,2021,2021-10-17,Sandefjord,Odd,0,0,D,,,,,source_reported_FT,Sandefjord,Odd
footballcsv/cache.footballdata,https://raw.githubusercontent.com/footballcsv/cache.footballdata/f43a2aa0c65fb061c87e9541e7a567dd58ff933a/2021/no.1.csv,f43a2aa0c65fb061c87e9541e7a567dd58ff933a,176,2026-09-04T07:12:00.625Z,Eliteserien,2021,2021-10-17,Stromsgodset,Viking,0,1,A,,,,,source_reported_FT,Stromsgodset,Viking
footballcsv/cache.footballdata,https://raw.githubusercontent.com/footballcsv/cache.footballdata/f43a2aa0c65fb061c87e9541e7a567dd58ff933a/2021/no.1.csv,f43a2aa0c65fb061c87e9541e7a567dd58ff933a,179,2026-09-04T07:12:00.625Z,Eliteserien,2021,2021-10-23,Stabaek,Molde,0,3,A,,,,,source_reported_FT,Stabaek,Molde
footballcsv/cache.footballdata,https://raw.githubusercontent.com/footballcsv/cache.footballdata/f43a2aa0c65fb061c87e9541e7a567dd58ff933a/2021/no.1.csv,f43a2aa0c65fb061c87e9541e7a567dd58ff933a,178,2026-09-04T07:12:00.625Z,Eliteserien,2021,2021-10-23,Viking,Lillestrom,5,1,H,,,,,source_reported_FT,Viking,Lillestrom
footballcsv/cache.footballdata,https://raw.githubusercontent.com/footballcsv/cache.footballdata/f43a2aa0c65fb061c87e9541e7a567dd58ff933a/2021/no.1.csv,f43a2aa0c65fb061c87e9541e7a567dd58ff933a,180,2026-09-04T07:12:00.625Z,Eliteserien,2021,2021-10-24,Kristiansund,Sarpsborg 08,1,3,A,,,,,source_reported_FT,Kristiansund,Sarpsborg 08
footballcsv/cache.footballdata,https://raw.githubusercontent.com/footballcsv/cache.footballdata/f43a2aa0c65fb061c87e9541e7a567dd58ff933a/2021/no.1.csv,f43a2aa0c65fb061c87e9541e7a567dd58ff933a,185,2026-09-04T07:12:00.625Z,Eliteserien,2021,2021-10-24,Odd,Brann,3,3,D,,,,,source_reported_FT,Odd,Brann
footballcsv/cache.footballdata,https://raw.githubusercontent.com/footballcsv/cache.footballdata/f43a2aa0c65fb061c87e9541e7a567dd58ff933a/2021/no.1.csv,f43a2aa0c65fb061c87e9541e7a567dd58ff933a,181,2026-09-04T07:12:00.625Z,Eliteserien,2021,2021-10-24,Rosenborg,Sandefjord,4,1,H,,,,,source_reported_FT,Rosenborg,Sandefjord
footballcsv/cache.footballdata,https://raw.githubusercontent.com/footballcsv/cache.footballdata/f43a2aa0c65fb061c87e9541e7a567dd58ff933a/2021/no.1.csv,f43a2aa0c65fb061c87e9541e7a567dd58ff933a,182,2026-09-04T07:12:00.625Z,Eliteserien,2021,2021-10-24,Stromsgodset,Bodo/Glimt,1,1,D,,,,,source_reported_FT,Stromsgodset,Bodo/Glimt
footballcsv/cache.footballdata,https://raw.githubusercontent.com/footballcsv/cache.footballdata/f43a2aa0c65fb061c87e9541e7a567dd58ff933a/2021/no.1.csv,f43a2aa0c65fb061c87e9541e7a567dd58ff933a,183,2026-09-04T07:12:00.625Z,Eliteserien,2021,2021-10-24,Tromso,Mjondalen,1,0,H,,,,,source_reported_FT,Tromso,Mjondalen
footballcsv/cache.footballdata,https://raw.githubusercontent.com/footballcsv/cache.footballdata/f43a2aa0c65fb061c87e9541e7a567dd58ff933a/2021/no.1.csv,f43a2aa0c65fb061c87e9541e7a567dd58ff933a,184,2026-09-04T07:12:00.625Z,Eliteserien,2021,2021-10-24,Valerenga,Haugesund,2,1,H,,,,,source_reported_FT,Valerenga,Haugesund
footballcsv/cache.footballdata,https://raw.githubusercontent.com/footballcsv/cache.footballdata/f43a2aa0c65fb061c87e9541e7a567dd58ff933a/2021/no.1.csv,f43a2aa0c65fb061c87e9541e7a567dd58ff933a,186,2026-09-04T07:12:00.625Z,Eliteserien,2021,2021-10-27,Haugesund,Rosenborg,0,0,D,,,,,source_reported_FT,Haugesund,Rosenborg
footballcsv/cache.footballdata,https://raw.githubusercontent.com/footballcsv/cache.footballdata/f43a2aa0c65fb061c87e9541e7a567dd58ff933a/2021/no.1.csv,f43a2aa0c65fb061c87e9541e7a567dd58ff933a,187,2026-09-04T07:12:00.625Z,Eliteserien,2021,2021-10-27,Lillestrom,Stabaek,3,0,H,,,,,source_reported_FT,Lillestrom,Stabaek
footballcsv/cache.footballdata,https://raw.githubusercontent.com/footballcsv/cache.footballdata/f43a2aa0c65fb061c87e9541e7a567dd58ff933a/2021/no.1.csv,f43a2aa0c65fb061c87e9541e7a567dd58ff933a,188,2026-09-04T07:12:00.625Z,Eliteserien,2021,2021-10-27,Mjondalen,Kristiansund,5,0,H,,,,,source_reported_FT,Mjondalen,Kristiansund
footballcsv/cache.footballdata,https://raw.githubusercontent.com/footballcsv/cache.footballdata/f43a2aa0c65fb061c87e9541e7a567dd58ff933a/2021/no.1.csv,f43a2aa0c65fb061c87e9541e7a567dd58ff933a,191,2026-09-04T07:12:00.625Z,Eliteserien,2021,2021-10-27,Molde,Bodo/Glimt,0,2,A,,,,,source_reported_FT,Molde,Bodo/Glimt
footballcsv/cache.footballdata,https://raw.githubusercontent.com/footballcsv/cache.footballdata/f43a2aa0c65fb061c87e9541e7a567dd58ff933a/2021/no.1.csv,f43a2aa0c65fb061c87e9541e7a567dd58ff933a,189,2026-09-04T07:12:00.625Z,Eliteserien,2021,2021-10-27,Sandefjord,Stromsgodset,2,0,H,,,,,source_reported_FT,Sandefjord,Stromsgodset
footballcsv/cache.footballdata,https://raw.githubusercontent.com/footballcsv/cache.footballdata/f43a2aa0c65fb061c87e9541e7a567dd58ff933a/2021/no.1.csv,f43a2aa0c65fb061c87e9541e7a567dd58ff933a,190,2026-09-04T07:12:00.625Z,Eliteserien,2021,2021-10-27,Tromso,Odd,2,0,H,,,,,source_reported_FT,Tromso,Odd
footballcsv/cache.footballdata,https://raw.githubusercontent.com/footballcsv/cache.footballdata/f43a2aa0c65fb061c87e9541e7a567dd58ff933a/2021/no.1.csv,f43a2aa0c65fb061c87e9541e7a567dd58ff933a,192,2026-09-04T07:12:00.625Z,Eliteserien,2021,2021-10-28,Brann,Viking,0,2,A,,,,,source_reported_FT,Brann,Viking
footballcsv/cache.footballdata,https://raw.githubusercontent.com/footballcsv/cache.footballdata/f43a2aa0c65fb061c87e9541e7a567dd58ff933a/2021/no.1.csv,f43a2aa0c65fb061c87e9541e7a567dd58ff933a,193,2026-09-04T07:12:00.625Z,Eliteserien,2021,2021-10-28,Sarpsborg 08,Valerenga,2,1,H,,,,,source_reported_FT,Sarpsborg 08,Valerenga
footballcsv/cache.footballdata,https://raw.githubusercontent.com/footballcsv/cache.footballdata/f43a2aa0c65fb061c87e9541e7a567dd58ff933a/2021/no.1.csv,f43a2aa0c65fb061c87e9541e7a567dd58ff933a,194,2026-09-04T07:12:00.625Z,Eliteserien,2021,2021-10-30,Kristiansund,Tromso,1,1,D,,,,,source_reported_FT,Kristiansund,Tromso
footballcsv/cache.footballdata,https://raw.githubusercontent.com/footballcsv/cache.footballdata/f43a2aa0c65fb061c87e9541e7a567dd58ff933a/2021/no.1.csv,f43a2aa0c65fb061c87e9541e7a567dd58ff933a,195,2026-09-04T07:12:00.625Z,Eliteserien,2021,2021-10-30,Rosenborg,Lillestrom,1,3,A,,,,,source_reported_FT,Rosenborg,Lillestrom
footballcsv/cache.footballdata,https://raw.githubusercontent.com/footballcsv/cache.footballdata/f43a2aa0c65fb061c87e9541e7a567dd58ff933a/2021/no.1.csv,f43a2aa0c65fb061c87e9541e7a567dd58ff933a,196,2026-09-04T07:12:00.625Z,Eliteserien,2021,2021-10-31,Bodo/Glimt,Sandefjord,1,0,H,,,,,source_reported_FT,Bodo/Glimt,Sandefjord
footballcsv/cache.footballdata,https://raw.githubusercontent.com/footballcsv/cache.footballdata/f43a2aa0c65fb061c87e9541e7a567dd58ff933a/2021/no.1.csv,f43a2aa0c65fb061c87e9541e7a567dd58ff933a,197,2026-09-04T07:12:00.625Z,Eliteserien,2021,2021-10-31,Odd,Mjondalen,2,2,D,,,,,source_reported_FT,Odd,Mjondalen
footballcsv/cache.footballdata,https://raw.githubusercontent.com/footballcsv/cache.footballdata/f43a2aa0c65fb061c87e9541e7a567dd58ff933a/2021/no.1.csv,f43a2aa0c65fb061c87e9541e7a567dd58ff933a,198,2026-09-04T07:12:00.625Z,Eliteserien,2021,2021-10-31,Stabaek,Haugesund,2,1,H,,,,,source_reported_FT,Stabaek,Haugesund
footballcsv/cache.footballdata,https://raw.githubusercontent.com/footballcsv/cache.footballdata/f43a2aa0c65fb061c87e9541e7a567dd58ff933a/2021/no.1.csv,f43a2aa0c65fb061c87e9541e7a567dd58ff933a,199,2026-09-04T07:12:00.625Z,Eliteserien,2021,2021-10-31,Stromsgodset,Molde,6,0,H,,,,,source_reported_FT,Stromsgodset,Molde
footballcsv/cache.footballdata,https://raw.githubusercontent.com/footballcsv/cache.footballdata/f43a2aa0c65fb061c87e9541e7a567dd58ff933a/2021/no.1.csv,f43a2aa0c65fb061c87e9541e7a567dd58ff933a,201,2026-09-04T07:12:00.625Z,Eliteserien,2021,2021-10-31,Valerenga,Brann,1,0,H,,,,,source_reported_FT,Valerenga,Brann
footballcsv/cache.footballdata,https://raw.githubusercontent.com/footballcsv/cache.footballdata/f43a2aa0c65fb061c87e9541e7a567dd58ff933a/2021/no.1.csv,f43a2aa0c65fb061c87e9541e7a567dd58ff933a,200,2026-09-04T07:12:00.625Z,Eliteserien,2021,2021-10-31,Viking,Sarpsborg 08,1,2,A,,,,,source_reported_FT,Viking,Sarpsborg 08
footballcsv/cache.footballdata,https://raw.githubusercontent.com/footballcsv/cache.footballdata/f43a2aa0c65fb061c87e9541e7a567dd58ff933a/2021/no.1.csv,f43a2aa0c65fb061c87e9541e7a567dd58ff933a,202,2026-09-04T07:12:00.625Z,Eliteserien,2021,2021-11-06,Brann,Rosenborg,2,2,D,,,,,source_reported_FT,Brann,Rosenborg
footballcsv/cache.footballdata,https://raw.githubusercontent.com/footballcsv/cache.footballdata/f43a2aa0c65fb061c87e9541e7a567dd58ff933a/2021/no.1.csv,f43a2aa0c65fb061c87e9541e7a567dd58ff933a,203,2026-09-04T07:12:00.625Z,Eliteserien,2021,2021-11-06,Sarpsborg 08,Stabaek,4,1,H,,,,,source_reported_FT,Sarpsborg 08,Stabaek
footballcsv/cache.footballdata,https://raw.githubusercontent.com/footballcsv/cache.footballdata/f43a2aa0c65fb061c87e9541e7a567dd58ff933a/2021/no.1.csv,f43a2aa0c65fb061c87e9541e7a567dd58ff933a,204,2026-09-04T07:12:00.625Z,Eliteserien,2021,2021-11-07,Haugesund,Bodo/Glimt,2,2,D,,,,,source_reported_FT,Haugesund,Bodo/Glimt
footballcsv/cache.footballdata,https://raw.githubusercontent.com/footballcsv/cache.footballdata/f43a2aa0c65fb061c87e9541e7a567dd58ff933a/2021/no.1.csv,f43a2aa0c65fb061c87e9541e7a567dd58ff933a,209,2026-09-04T07:12:00.625Z,Eliteserien,2021,2021-11-07,Lillestrom,Valerenga,0,0,D,,,,,source_reported_FT,Lillestrom,Valerenga
footballcsv/cache.footballdata,https://raw.githubusercontent.com/footballcsv/cache.footballdata/f43a2aa0c65fb061c87e9541e7a567dd58ff933a/2021/no.1.csv,f43a2aa0c65fb061c87e9541e7a567dd58ff933a,205,2026-09-04T07:12:00.625Z,Eliteserien,2021,2021-11-07,Mjondalen,Viking,0,1,A,,,,,source_reported_FT,Mjondalen,Viking
footballcsv/cache.footballdata,https://raw.githubusercontent.com/footballcsv/cache.footballdata/f43a2aa0c65fb061c87e9541e7a567dd58ff933a/2021/no.1.csv,f43a2aa0c65fb061c87e9541e7a567dd58ff933a,206,2026-09-04T07:12:00.625Z,Eliteserien,2021,2021-11-07,Molde,Sandefjord,3,1,H,,,,,source_reported_FT,Molde,Sandefjord
footballcsv/cache.footballdata,https://raw.githubusercontent.com/footballcsv/cache.footballdata/f43a2aa0c65fb061c87e9541e7a567dd58ff933a/2021/no.1.csv,f43a2aa0c65fb061c87e9541e7a567dd58ff933a,207,2026-09-04T07:12:00.625Z,Eliteserien,2021,2021-11-07,Odd,Kristiansund,2,4,A,,,,,source_reported_FT,Odd,Kristiansund
footballcsv/cache.footballdata,https://raw.githubusercontent.com/footballcsv/cache.footballdata/f43a2aa0c65fb061c87e9541e7a567dd58ff933a/2021/no.1.csv,f43a2aa0c65fb061c87e9541e7a567dd58ff933a,208,2026-09-04T07:12:00.625Z,Eliteserien,2021,2021-11-07,Tromso,Stromsgodset,1,1,D,,,,,source_reported_FT,Tromso,Stromsgodset
footballcsv/cache.footballdata,https://raw.githubusercontent.com/footballcsv/cache.footballdata/f43a2aa0c65fb061c87e9541e7a567dd58ff933a/2021/no.1.csv,f43a2aa0c65fb061c87e9541e7a567dd58ff933a,210,2026-09-04T07:12:00.625Z,Eliteserien,2021,2021-11-20,Stromsgodset,Mjondalen,1,2,A,,,,,source_reported_FT,Stromsgodset,Mjondalen
footballcsv/cache.footballdata,https://raw.githubusercontent.com/footballcsv/cache.footballdata/f43a2aa0c65fb061c87e9541e7a567dd58ff933a/2021/no.1.csv,f43a2aa0c65fb061c87e9541e7a567dd58ff933a,211,2026-09-04T07:12:00.625Z,Eliteserien,2021,2021-11-20,Viking,Haugesund,1,1,D,,,,,source_reported_FT,Viking,Haugesund
footballcsv/cache.footballdata,https://raw.githubusercontent.com/footballcsv/cache.footballdata/f43a2aa0c65fb061c87e9541e7a567dd58ff933a/2021/no.1.csv,f43a2aa0c65fb061c87e9541e7a567dd58ff933a,212,2026-09-04T07:12:00.625Z,Eliteserien,2021,2021-11-21,Bodo/Glimt,Lillestrom,2,0,H,,,,,source_reported_FT,Bodo/Glimt,Lillestrom
footballcsv/cache.footballdata,https://raw.githubusercontent.com/footballcsv/cache.footballdata/f43a2aa0c65fb061c87e9541e7a567dd58ff933a/2021/no.1.csv,f43a2aa0c65fb061c87e9541e7a567dd58ff933a,217,2026-09-04T07:12:00.625Z,Eliteserien,2021,2021-11-21,Molde,Rosenborg,4,1,H,,,,,source_reported_FT,Molde,Rosenborg
footballcsv/cache.footballdata,https://raw.githubusercontent.com/footballcsv/cache.footballdata/f43a2aa0c65fb061c87e9541e7a567dd58ff933a/2021/no.1.csv,f43a2aa0c65fb061c87e9541e7a567dd58ff933a,213,2026-09-04T07:12:00.625Z,Eliteserien,2021,2021-11-21,Sandefjord,Brann,2,2,D,,,,,source_reported_FT,Sandefjord,Brann
footballcsv/cache.footballdata,https://raw.githubusercontent.com/footballcsv/cache.footballdata/f43a2aa0c65fb061c87e9541e7a567dd58ff933a/2021/no.1.csv,f43a2aa0c65fb061c87e9541e7a567dd58ff933a,214,2026-09-04T07:12:00.625Z,Eliteserien,2021,2021-11-21,Sarpsborg 08,Odd,1,1,D,,,,,source_reported_FT,Sarpsborg 08,Odd
footballcsv/cache.footballdata,https://raw.githubusercontent.com/footballcsv/cache.footballdata/f43a2aa0c65fb061c87e9541e7a567dd58ff933a/2021/no.1.csv,f43a2aa0c65fb061c87e9541e7a567dd58ff933a,215,2026-09-04T07:12:00.625Z,Eliteserien,2021,2021-11-21,Stabaek,Kristiansund,3,0,H,,,,,source_reported_FT,Stabaek,Kristiansund
footballcsv/cache.footballdata,https://raw.githubusercontent.com/footballcsv/cache.footballdata/f43a2aa0c65fb061c87e9541e7a567dd58ff933a/2021/no.1.csv,f43a2aa0c65fb061c87e9541e7a567dd58ff933a,216,2026-09-04T07:12:00.625Z,Eliteserien,2021,2021-11-21,Valerenga,Tromso,1,1,D,,,,,source_reported_FT,Valerenga,Tromso
footballcsv/cache.footballdata,https://raw.githubusercontent.com/footballcsv/cache.footballdata/f43a2aa0c65fb061c87e9541e7a567dd58ff933a/2021/no.1.csv,f43a2aa0c65fb061c87e9541e7a567dd58ff933a,218,2026-09-04T07:12:00.625Z,Eliteserien,2021,2021-11-27,Lillestrom,Stromsgodset,4,1,H,,,,,source_reported_FT,Lillestrom,Stromsgodset
footballcsv/cache.footballdata,https://raw.githubusercontent.com/footballcsv/cache.footballdata/f43a2aa0c65fb061c87e9541e7a567dd58ff933a/2021/no.1.csv,f43a2aa0c65fb061c87e9541e7a567dd58ff933a,219,2026-09-04T07:12:00.625Z,Eliteserien,2021,2021-11-27,Odd,Valerenga,1,2,A,,,,,source_reported_FT,Odd,Valerenga
footballcsv/cache.footballdata,https://raw.githubusercontent.com/footballcsv/cache.footballdata/f43a2aa0c65fb061c87e9541e7a567dd58ff933a/2021/no.1.csv,f43a2aa0c65fb061c87e9541e7a567dd58ff933a,225,2026-09-04T07:12:00.625Z,Eliteserien,2021,2021-11-28,Brann,Molde,0,1,A,,,,,source_reported_FT,Brann,Molde
footballcsv/cache.footballdata,https://raw.githubusercontent.com/footballcsv/cache.footballdata/f43a2aa0c65fb061c87e9541e7a567dd58ff933a/2021/no.1.csv,f43a2aa0c65fb061c87e9541e7a567dd58ff933a,220,2026-09-04T07:12:00.625Z,Eliteserien,2021,2021-11-28,Haugesund,Sandefjord,1,2,A,,,,,source_reported_FT,Haugesund,Sandefjord
footballcsv/cache.footballdata,https://raw.githubusercontent.com/footballcsv/cache.footballdata/f43a2aa0c65fb061c87e9541e7a567dd58ff933a/2021/no.1.csv,f43a2aa0c65fb061c87e9541e7a567dd58ff933a,221,2026-09-04T07:12:00.625Z,Eliteserien,2021,2021-11-28,Kristiansund,Viking,2,3,A,,,,,source_reported_FT,Kristiansund,Viking
footballcsv/cache.footballdata,https://raw.githubusercontent.com/footballcsv/cache.footballdata/f43a2aa0c65fb061c87e9541e7a567dd58ff933a/2021/no.1.csv,f43a2aa0c65fb061c87e9541e7a567dd58ff933a,222,2026-09-04T07:12:00.625Z,Eliteserien,2021,2021-11-28,Mjondalen,Sarpsborg 08,1,3,A,,,,,source_reported_FT,Mjondalen,Sarpsborg 08
footballcsv/cache.footballdata,https://raw.githubusercontent.com/footballcsv/cache.footballdata/f43a2aa0c65fb061c87e9541e7a567dd58ff933a/2021/no.1.csv,f43a2aa0c65fb061c87e9541e7a567dd58ff933a,223,2026-09-04T07:12:00.625Z,Eliteserien,2021,2021-11-28,Rosenborg,Bodo/Glimt,0,0,D,,,,,source_reported_FT,Rosenborg,Bodo/Glimt
footballcsv/cache.footballdata,https://raw.githubusercontent.com/footballcsv/cache.footballdata/f43a2aa0c65fb061c87e9541e7a567dd58ff933a/2021/no.1.csv,f43a2aa0c65fb061c87e9541e7a567dd58ff933a,224,2026-09-04T07:12:00.625Z,Eliteserien,2021,2021-11-28,Tromso,Stabaek,0,0,D,,,,,source_reported_FT,Tromso,Stabaek
footballcsv/cache.footballdata,https://raw.githubusercontent.com/footballcsv/cache.footballdata/f43a2aa0c65fb061c87e9541e7a567dd58ff933a/2021/no.1.csv,f43a2aa0c65fb061c87e9541e7a567dd58ff933a,226,2026-09-04T07:12:00.625Z,Eliteserien,2021,2021-12-05,Bodo/Glimt,Brann,2,2,D,,,,,source_reported_FT,Bodo/Glimt,Brann
footballcsv/cache.footballdata,https://raw.githubusercontent.com/footballcsv/cache.footballdata/f43a2aa0c65fb061c87e9541e7a567dd58ff933a/2021/no.1.csv,f43a2aa0c65fb061c87e9541e7a567dd58ff933a,227,2026-09-04T07:12:00.625Z,Eliteserien,2021,2021-12-05,Molde,Lillestrom,3,3,D,,,,,source_reported_FT,Molde,Lillestrom
footballcsv/cache.footballdata,https://raw.githubusercontent.com/footballcsv/cache.footballdata/f43a2aa0c65fb061c87e9541e7a567dd58ff933a/2021/no.1.csv,f43a2aa0c65fb061c87e9541e7a567dd58ff933a,228,2026-09-04T07:12:00.625Z,Eliteserien,2021,2021-12-05,Sandefjord,Kristiansund,3,2,H,,,,,source_reported_FT,Sandefjord,Kristiansund
footballcsv/cache.footballdata,https://raw.githubusercontent.com/footballcsv/cache.footballdata/f43a2aa0c65fb061c87e9541e7a567dd58ff933a/2021/no.1.csv,f43a2aa0c65fb061c87e9541e7a567dd58ff933a,229,2026-09-04T07:12:00.625Z,Eliteserien,2021,2021-12-05,Sarpsborg 08,Tromso,0,1,A,,,,,source_reported_FT,Sarpsborg 08,Tromso
footballcsv/cache.footballdata,https://raw.githubusercontent.com/footballcsv/cache.footballdata/f43a2aa0c65fb061c87e9541e7a567dd58ff933a/2021/no.1.csv,f43a2aa0c65fb061c87e9541e7a567dd58ff933a,230,2026-09-04T07:12:00.625Z,Eliteserien,2021,2021-12-05,Stabaek,Rosenborg,1,3,A,,,,,source_reported_FT,Stabaek,Rosenborg
footballcsv/cache.footballdata,https://raw.githubusercontent.com/footballcsv/cache.footballdata/f43a2aa0c65fb061c87e9541e7a567dd58ff933a/2021/no.1.csv,f43a2aa0c65fb061c87e9541e7a567dd58ff933a,231,2026-09-04T07:12:00.625Z,Eliteserien,2021,2021-12-05,Stromsgodset,Haugesund,0,0,D,,,,,source_reported_FT,Stromsgodset,Haugesund
footballcsv/cache.footballdata,https://raw.githubusercontent.com/footballcsv/cache.footballdata/f43a2aa0c65fb061c87e9541e7a567dd58ff933a/2021/no.1.csv,f43a2aa0c65fb061c87e9541e7a567dd58ff933a,232,2026-09-04T07:12:00.625Z,Eliteserien,2021,2021-12-05,Valerenga,Mjondalen,2,0,H,,,,,source_reported_FT,Valerenga,Mjondalen
footballcsv/cache.footballdata,https://raw.githubusercontent.com/footballcsv/cache.footballdata/f43a2aa0c65fb061c87e9541e7a567dd58ff933a/2021/no.1.csv,f43a2aa0c65fb061c87e9541e7a567dd58ff933a,233,2026-09-04T07:12:00.625Z,Eliteserien,2021,2021-12-05,Viking,Odd,3,1,H,,,,,source_reported_FT,Viking,Odd
footballcsv/cache.footballdata,https://raw.githubusercontent.com/footballcsv/cache.footballdata/f43a2aa0c65fb061c87e9541e7a567dd58ff933a/2021/no.1.csv,f43a2aa0c65fb061c87e9541e7a567dd58ff933a,234,2026-09-04T07:12:00.625Z,Eliteserien,2021,2021-12-12,Brann,Sarpsborg 08,2,1,H,,,,,source_reported_FT,Brann,Sarpsborg 08
footballcsv/cache.footballdata,https://raw.githubusercontent.com/footballcsv/cache.footballdata/f43a2aa0c65fb061c87e9541e7a567dd58ff933a/2021/no.1.csv,f43a2aa0c65fb061c87e9541e7a567dd58ff933a,235,2026-09-04T07:12:00.625Z,Eliteserien,2021,2021-12-12,Haugesund,Molde,1,2,A,,,,,source_reported_FT,Haugesund,Molde
footballcsv/cache.footballdata,https://raw.githubusercontent.com/footballcsv/cache.footballdata/f43a2aa0c65fb061c87e9541e7a567dd58ff933a/2021/no.1.csv,f43a2aa0c65fb061c87e9541e7a567dd58ff933a,236,2026-09-04T07:12:00.625Z,Eliteserien,2021,2021-12-12,Kristiansund,Valerenga,2,1,H,,,,,source_reported_FT,Kristiansund,Valerenga
footballcsv/cache.footballdata,https://raw.githubusercontent.com/footballcsv/cache.footballdata/f43a2aa0c65fb061c87e9541e7a567dd58ff933a/2021/no.1.csv,f43a2aa0c65fb061c87e9541e7a567dd58ff933a,237,2026-09-04T07:12:00.625Z,Eliteserien,2021,2021-12-12,Lillestrom,Sandefjord,2,0,H,,,,,source_reported_FT,Lillestrom,Sandefjord
footballcsv/cache.footballdata,https://raw.githubusercontent.com/footballcsv/cache.footballdata/f43a2aa0c65fb061c87e9541e7a567dd58ff933a/2021/no.1.csv,f43a2aa0c65fb061c87e9541e7a567dd58ff933a,238,2026-09-04T07:12:00.625Z,Eliteserien,2021,2021-12-12,Mjondalen,Bodo/Glimt,0,3,A,,,,,source_reported_FT,Mjondalen,Bodo/Glimt
footballcsv/cache.footballdata,https://raw.githubusercontent.com/footballcsv/cache.footballdata/f43a2aa0c65fb061c87e9541e7a567dd58ff933a/2021/no.1.csv,f43a2aa0c65fb061c87e9541e7a567dd58ff933a,239,2026-09-04T07:12:00.625Z,Eliteserien,2021,2021-12-12,Odd,Stabaek,3,1,H,,,,,source_reported_FT,Odd,Stabaek
footballcsv/cache.footballdata,https://raw.githubusercontent.com/footballcsv/cache.footballdata/f43a2aa0c65fb061c87e9541e7a567dd58ff933a/2021/no.1.csv,f43a2aa0c65fb061c87e9541e7a567dd58ff933a,240,2026-09-04T07:12:00.625Z,Eliteserien,2021,2021-12-12,Rosenborg,Stromsgodset,2,2,D,,,,,source_reported_FT,Rosenborg,Stromsgodset
footballcsv/cache.footballdata,https://raw.githubusercontent.com/footballcsv/cache.footballdata/f43a2aa0c65fb061c87e9541e7a567dd58ff933a/2021/no.1.csv,f43a2aa0c65fb061c87e9541e7a567dd58ff933a,241,2026-09-04T07:12:00.625Z,Eliteserien,2021,2021-12-12,Tromso,Viking,0,2,A,,,,,source_reported_FT,Tromso,Viking
footballcsv/cache.footballdata,https://raw.githubusercontent.com/footballcsv/cache.footballdata/f43a2aa0c65fb061c87e9541e7a567dd58ff933a/2021/no.1.csv,f43a2aa0c65fb061c87e9541e7a567dd58ff933a,242,2026-09-04T07:12:00.625Z,Eliteserien,2021,2021-12-15,Brann,Jerv,1,1,D,,,,,source_reported_FT,Brann,Jerv
footballcsv/cache.footballdata,https://raw.githubusercontent.com/footballcsv/cache.footballdata/f43a2aa0c65fb061c87e9541e7a567dd58ff933a/2022/no.1.csv,f43a2aa0c65fb061c87e9541e7a567dd58ff933a,2,2026-09-04T07:12:11.305Z,Eliteserien,2022,2022-04-02,HamKam,Lillestrom,2,2,D,,,,,source_reported_FT,Ham-Kam,Lillestrom
footballcsv/cache.footballdata,https://raw.githubusercontent.com/footballcsv/cache.footballdata/f43a2aa0c65fb061c87e9541e7a567dd58ff933a/2022/no.1.csv,f43a2aa0c65fb061c87e9541e7a567dd58ff933a,3,2026-09-04T07:12:11.305Z,Eliteserien,2022,2022-04-02,Molde,Valerenga,1,0,H,,,,,source_reported_FT,Molde,Valerenga
footballcsv/cache.footballdata,https://raw.githubusercontent.com/footballcsv/cache.footballdata/f43a2aa0c65fb061c87e9541e7a567dd58ff933a/2022/no.1.csv,f43a2aa0c65fb061c87e9541e7a567dd58ff933a,4,2026-09-04T07:12:11.305Z,Eliteserien,2022,2022-04-03,Aalesund,Kristiansund,1,0,H,,,,,source_reported_FT,Aalesund,Kristiansund
footballcsv/cache.footballdata,https://raw.githubusercontent.com/footballcsv/cache.footballdata/f43a2aa0c65fb061c87e9541e7a567dd58ff933a/2022/no.1.csv,f43a2aa0c65fb061c87e9541e7a567dd58ff933a,9,2026-09-04T07:12:11.305Z,Eliteserien,2022,2022-04-03,Bodo/Glimt,Rosenborg,2,2,D,,,,,source_reported_FT,Bodo/Glimt,Rosenborg
footballcsv/cache.footballdata,https://raw.githubusercontent.com/footballcsv/cache.footballdata/f43a2aa0c65fb061c87e9541e7a567dd58ff933a/2022/no.1.csv,f43a2aa0c65fb061c87e9541e7a567dd58ff933a,5,2026-09-04T07:12:11.305Z,Eliteserien,2022,2022-04-03,Haugesund,Sandefjord,1,3,A,,,,,source_reported_FT,Haugesund,Sandefjord
footballcsv/cache.footballdata,https://raw.githubusercontent.com/footballcsv/cache.footballdata/f43a2aa0c65fb061c87e9541e7a567dd58ff933a/2022/no.1.csv,f43a2aa0c65fb061c87e9541e7a567dd58ff933a,6,2026-09-04T07:12:11.305Z,Eliteserien,2022,2022-04-03,Jerv,Stromsgodset,1,0,H,,,,,source_reported_FT,Jerv,Stromsgodset
footballcsv/cache.footballdata,https://raw.githubusercontent.com/footballcsv/cache.footballdata/f43a2aa0c65fb061c87e9541e7a567dd58ff933a/2022/no.1.csv,f43a2aa0c65fb061c87e9541e7a567dd58ff933a,7,2026-09-04T07:12:11.305Z,Eliteserien,2022,2022-04-03,Odd,Tromso,2,0,H,,,,,source_reported_FT,Odd,Tromso
footballcsv/cache.footballdata,https://raw.githubusercontent.com/footballcsv/cache.footballdata/f43a2aa0c65fb061c87e9541e7a567dd58ff933a/2022/no.1.csv,f43a2aa0c65fb061c87e9541e7a567dd58ff933a,8,2026-09-04T07:12:11.305Z,Eliteserien,2022,2022-04-03,Sarpsborg 08,Viking,0,1,A,,,,,source_reported_FT,Sarpsborg 08,Viking
footballcsv/cache.footballdata,https://raw.githubusercontent.com/footballcsv/cache.footballdata/f43a2aa0c65fb061c87e9541e7a567dd58ff933a/2022/no.1.csv,f43a2aa0c65fb061c87e9541e7a567dd58ff933a,10,2026-09-04T07:12:11.305Z,Eliteserien,2022,2022-04-09,Lillestrom,Jerv,4,0,H,,,,,source_reported_FT,Lillestrom,Jerv
footballcsv/cache.footballdata,https://raw.githubusercontent.com/footballcsv/cache.footballdata/f43a2aa0c65fb061c87e9541e7a567dd58ff933a/2022/no.1.csv,f43a2aa0c65fb061c87e9541e7a567dd58ff933a,11,2026-09-04T07:12:11.305Z,Eliteserien,2022,2022-04-10,Kristiansund,Sarpsborg 08,2,3,A,,,,,source_reported_FT,Kristiansund,Sarpsborg 08
footballcsv/cache.footballdata,https://raw.githubusercontent.com/footballcsv/cache.footballdata/f43a2aa0c65fb061c87e9541e7a567dd58ff933a/2022/no.1.csv,f43a2aa0c65fb061c87e9541e7a567dd58ff933a,12,2026-09-04T07:12:11.305Z,Eliteserien,2022,2022-04-10,Rosenborg,Odd,1,0,H,,,,,source_reported_FT,Rosenborg,Odd
footballcsv/cache.footballdata,https://raw.githubusercontent.com/footballcsv/cache.footballdata/f43a2aa0c65fb061c87e9541e7a567dd58ff933a/2022/no.1.csv,f43a2aa0c65fb061c87e9541e7a567dd58ff933a,13,2026-09-04T07:12:11.305Z,Eliteserien,2022,2022-04-10,Sandefjord,Bodo/Glimt,1,2,A,,,,,source_reported_FT,Sandefjord,Bodo/Glimt
footballcsv/cache.footballdata,https://raw.githubusercontent.com/footballcsv/cache.footballdata/f43a2aa0c65fb061c87e9541e7a567dd58ff933a/2022/no.1.csv,f43a2aa0c65fb061c87e9541e7a567dd58ff933a,14,2026-09-04T07:12:11.305Z,Eliteserien,2022,2022-04-10,Stromsgodset,Molde,1,3,A,,,,,source_reported_FT,Stromsgodset,Molde
footballcsv/cache.footballdata,https://raw.githubusercontent.com/footballcsv/cache.footballdata/f43a2aa0c65fb061c87e9541e7a567dd58ff933a/2022/no.1.csv,f43a2aa0c65fb061c87e9541e7a567dd58ff933a,15,2026-09-04T07:12:11.305Z,Eliteserien,2022,2022-04-10,Tromso,HamKam,2,1,H,,,,,source_reported_FT,Tromso,Ham-Kam
footballcsv/cache.footballdata,https://raw.githubusercontent.com/footballcsv/cache.footballdata/f43a2aa0c65fb061c87e9541e7a567dd58ff933a/2022/no.1.csv,f43a2aa0c65fb061c87e9541e7a567dd58ff933a,16,2026-09-04T07:12:11.305Z,Eliteserien,2022,2022-04-10,Valerenga,Haugesund,2,1,H,,,,,source_reported_FT,Valerenga,Haugesund
footballcsv/cache.footballdata,https://raw.githubusercontent.com/footballcsv/cache.footballdata/f43a2aa0c65fb061c87e9541e7a567dd58ff933a/2022/no.1.csv,f43a2aa0c65fb061c87e9541e7a567dd58ff933a,17,2026-09-04T07:12:11.305Z,Eliteserien,2022,2022-04-10,Viking,Aalesund,1,0,H,,,,,source_reported_FT,Viking,Aalesund
footballcsv/cache.footballdata,https://raw.githubusercontent.com/footballcsv/cache.footballdata/f43a2aa0c65fb061c87e9541e7a567dd58ff933a/2022/no.1.csv,f43a2aa0c65fb061c87e9541e7a567dd58ff933a,18,2026-09-04T07:12:11.305Z,Eliteserien,2022,2022-04-18,Aalesund,Tromso,2,2,D,,,,,source_reported_FT,Aalesund,Tromso
footballcsv/cache.footballdata,https://raw.githubusercontent.com/footballcsv/cache.footballdata/f43a2aa0c65fb061c87e9541e7a567dd58ff933a/2022/no.1.csv,f43a2aa0c65fb061c87e9541e7a567dd58ff933a,25,2026-09-04T07:12:11.305Z,Eliteserien,2022,2022-04-18,Bodo/Glimt,Valerenga,5,1,H,,,,,source_reported_FT,Bodo/Glimt,Valerenga
footballcsv/cache.footballdata,https://raw.githubusercontent.com/footballcsv/cache.footballdata/f43a2aa0c65fb061c87e9541e7a567dd58ff933a/2022/no.1.csv,f43a2aa0c65fb061c87e9541e7a567dd58ff933a,19,2026-09-04T07:12:11.305Z,Eliteserien,2022,2022-04-18,HamKam,Sandefjord,3,0,H,,,,,source_reported_FT,Ham-Kam,Sandefjord
footballcsv/cache.footballdata,https://raw.githubusercontent.com/footballcsv/cache.footballdata/f43a2aa0c65fb061c87e9541e7a567dd58ff933a/2022/no.1.csv,f43a2aa0c65fb061c87e9541e7a567dd58ff933a,20,2026-09-04T07:12:11.305Z,Eliteserien,2022,2022-04-18,Haugesund,Stromsgodset,0,1,A,,,,,source_reported_FT,Haugesund,Stromsgodset
footballcsv/cache.footballdata,https://raw.githubusercontent.com/footballcsv/cache.footballdata/f43a2aa0c65fb061c87e9541e7a567dd58ff933a/2022/no.1.csv,f43a2aa0c65fb061c87e9541e7a567dd58ff933a,21,2026-09-04T07:12:11.305Z,Eliteserien,2022,2022-04-18,Jerv,Kristiansund,1,0,H,,,,,source_reported_FT,Jerv,Kristiansund
footballcsv/cache.footballdata,https://raw.githubusercontent.com/footballcsv/cache.footballdata/f43a2aa0c65fb061c87e9541e7a567dd58ff933a/2022/no.1.csv,f43a2aa0c65fb061c87e9541e7a567dd58ff933a,22,2026-09-04T07:12:11.305Z,Eliteserien,2022,2022-04-18,Molde,Lillestrom,1,2,A,,,,,source_reported_FT,Molde,Lillestrom
footballcsv/cache.footballdata,https://raw.githubusercontent.com/footballcsv/cache.footballdata/f43a2aa0c65fb061c87e9541e7a567dd58ff933a/2022/no.1.csv,f43a2aa0c65fb061c87e9541e7a567dd58ff933a,23,2026-09-04T07:12:11.305Z,Eliteserien,2022,2022-04-18,Odd,Viking,2,1,H,,,,,source_reported_FT,Odd,Viking
footballcsv/cache.footballdata,https://raw.githubusercontent.com/footballcsv/cache.footballdata/f43a2aa0c65fb061c87e9541e7a567dd58ff933a/2022/no.1.csv,f43a2aa0c65fb061c87e9541e7a567dd58ff933a,24,2026-09-04T07:12:11.305Z,Eliteserien,2022,2022-04-18,Sarpsborg 08,Rosenborg,1,1,D,,,,,source_reported_FT,Sarpsborg 08,Rosenborg
footballcsv/cache.footballdata,https://raw.githubusercontent.com/footballcsv/cache.footballdata/f43a2aa0c65fb061c87e9541e7a567dd58ff933a/2022/no.1.csv,f43a2aa0c65fb061c87e9541e7a567dd58ff933a,26,2026-09-04T07:12:11.305Z,Eliteserien,2022,2022-04-23,Odd,Aalesund,2,3,A,,,,,source_reported_FT,Odd,Aalesund
footballcsv/cache.footballdata,https://raw.githubusercontent.com/footballcsv/cache.footballdata/f43a2aa0c65fb061c87e9541e7a567dd58ff933a/2022/no.1.csv,f43a2aa0c65fb061c87e9541e7a567dd58ff933a,27,2026-09-04T07:12:11.305Z,Eliteserien,2022,2022-04-23,Stromsgodset,Sandefjord,0,5,A,,,,,source_reported_FT,Stromsgodset,Sandefjord
footballcsv/cache.footballdata,https://raw.githubusercontent.com/footballcsv/cache.footballdata/f43a2aa0c65fb061c87e9541e7a567dd58ff933a/2022/no.1.csv,f43a2aa0c65fb061c87e9541e7a567dd58ff933a,28,2026-09-04T07:12:11.305Z,Eliteserien,2022,2022-04-24,Kristiansund,HamKam,2,2,D,,,,,source_reported_FT,Kristiansund,Ham-Kam
footballcsv/cache.footballdata,https://raw.githubusercontent.com/footballcsv/cache.footballdata/f43a2aa0c65fb061c87e9541e7a567dd58ff933a/2022/no.1.csv,f43a2aa0c65fb061c87e9541e7a567dd58ff933a,29,2026-09-04T07:12:11.305Z,Eliteserien,2022,2022-04-24,Lillestrom,Haugesund,1,0,H,,,,,source_reported_FT,Lillestrom,Haugesund
footballcsv/cache.footballdata,https://raw.githubusercontent.com/footballcsv/cache.footballdata/f43a2aa0c65fb061c87e9541e7a567dd58ff933a/2022/no.1.csv,f43a2aa0c65fb061c87e9541e7a567dd58ff933a,33,2026-09-04T07:12:11.305Z,Eliteserien,2022,2022-04-24,Rosenborg,Molde,0,0,D,,,,,source_reported_FT,Rosenborg,Molde
footballcsv/cache.footballdata,https://raw.githubusercontent.com/footballcsv/cache.footballdata/f43a2aa0c65fb061c87e9541e7a567dd58ff933a/2022/no.1.csv,f43a2aa0c65fb061c87e9541e7a567dd58ff933a,30,2026-09-04T07:12:11.305Z,Eliteserien,2022,2022-04-24,Tromso,Sarpsborg 08,2,5,A,,,,,source_reported_FT,Tromso,Sarpsborg 08
footballcsv/cache.footballdata,https://raw.githubusercontent.com/footballcsv/cache.footballdata/f43a2aa0c65fb061c87e9541e7a567dd58ff933a/2022/no.1.csv,f43a2aa0c65fb061c87e9541e7a567dd58ff933a,31,2026-09-04T07:12:11.305Z,Eliteserien,2022,2022-04-24,Valerenga,Jerv,1,0,H,,,,,source_reported_FT,Valerenga,Jerv
footballcsv/cache.footballdata,https://raw.githubusercontent.com/footballcsv/cache.footballdata/f43a2aa0c65fb061c87e9541e7a567dd58ff933a/2022/no.1.csv,f43a2aa0c65fb061c87e9541e7a567dd58ff933a,32,2026-09-04T07:12:11.305Z,Eliteserien,2022,2022-04-24,Viking,Bodo/Glimt,2,0,H,,,,,source_reported_FT,Viking,Bodo/Glimt
footballcsv/cache.footballdata,https://raw.githubusercontent.com/footballcsv/cache.footballdata/f43a2aa0c65fb061c87e9541e7a567dd58ff933a/2022/no.1.csv,f43a2aa0c65fb061c87e9541e7a567dd58ff933a,34,2026-09-04T07:12:11.305Z,Eliteserien,2022,2022-04-28,Lillestrom,Aalesund,2,0,H,,,,,source_reported_FT,Lillestrom,Aalesund
footballcsv/cache.footballdata,https://raw.githubusercontent.com/footballcsv/cache.footballdata/f43a2aa0c65fb061c87e9541e7a567dd58ff933a/2022/no.1.csv,f43a2aa0c65fb061c87e9541e7a567dd58ff933a,35,2026-09-04T07:12:11.305Z,Eliteserien,2022,2022-04-30,Viking,Haugesund,5,1,H,,,,,source_reported_FT,Viking,Haugesund
footballcsv/cache.footballdata,https://raw.githubusercontent.com/footballcsv/cache.footballdata/f43a2aa0c65fb061c87e9541e7a567dd58ff933a/2022/no.1.csv,f43a2aa0c65fb061c87e9541e7a567dd58ff933a,37,2026-09-04T07:12:11.305Z,Eliteserien,2022,2022-05-07,Molde,Viking,3,4,A,,,,,source_reported_FT,Molde,Viking
footballcsv/cache.footballdata,https://raw.githubusercontent.com/footballcsv/cache.footballdata/f43a2aa0c65fb061c87e9541e7a567dd58ff933a/2022/no.1.csv,f43a2aa0c65fb061c87e9541e7a567dd58ff933a,36,2026-09-04T07:12:11.305Z,Eliteserien,2022,2022-05-07,Sarpsborg 08,Odd,1,0,H,,,,,source_reported_FT,Sarpsborg 08,Odd
footballcsv/cache.footballdata,https://raw.githubusercontent.com/footballcsv/cache.footballdata/f43a2aa0c65fb061c87e9541e7a567dd58ff933a/2022/no.1.csv,f43a2aa0c65fb061c87e9541e7a567dd58ff933a,38,2026-09-04T07:12:11.305Z,Eliteserien,2022,2022-05-08,Bodo/Glimt,Lillestrom,1,1,D,,,,,source_reported_FT,Bodo/Glimt,Lillestrom
footballcsv/cache.footballdata,https://raw.githubusercontent.com/footballcsv/cache.footballdata/f43a2aa0c65fb061c87e9541e7a567dd58ff933a/2022/no.1.csv,f43a2aa0c65fb061c87e9541e7a567dd58ff933a,43,2026-09-04T07:12:11.305Z,Eliteserien,2022,2022-05-08,HamKam,Aalesund,0,0,D,,,,,source_reported_FT,Ham-Kam,Aalesund
footballcsv/cache.footballdata,https://raw.githubusercontent.com/footballcsv/cache.footballdata/f43a2aa0c65fb061c87e9541e7a567dd58ff933a/2022/no.1.csv,f43a2aa0c65fb061c87e9541e7a567dd58ff933a,39,2026-09-04T07:12:11.305Z,Eliteserien,2022,2022-05-08,Haugesund,Kristiansund,2,0,H,,,,,source_reported_FT,Haugesund,Kristiansund
footballcsv/cache.footballdata,https://raw.githubusercontent.com/footballcsv/cache.footballdata/f43a2aa0c65fb061c87e9541e7a567dd58ff933a/2022/no.1.csv,f43a2aa0c65fb061c87e9541e7a567dd58ff933a,40,2026-09-04T07:12:11.305Z,Eliteserien,2022,2022-05-08,Jerv,Tromso,1,1,D,,,,,source_reported_FT,Jerv,Tromso
footballcsv/cache.footballdata,https://raw.githubusercontent.com/footballcsv/cache.footballdata/f43a2aa0c65fb061c87e9541e7a567dd58ff933a/2022/no.1.csv,f43a2aa0c65fb061c87e9541e7a567dd58ff933a,41,2026-09-04T07:12:11.305Z,Eliteserien,2022,2022-05-08,Sandefjord,Valerenga,1,3,A,,,,,source_reported_FT,Sandefjord,Valerenga
footballcsv/cache.footballdata,https://raw.githubusercontent.com/footballcsv/cache.footballdata/f43a2aa0c65fb061c87e9541e7a567dd58ff933a/2022/no.1.csv,f43a2aa0c65fb061c87e9541e7a567dd58ff933a,42,2026-09-04T07:12:11.305Z,Eliteserien,2022,2022-05-08,Stromsgodset,Rosenborg,3,0,H,,,,,source_reported_FT,Stromsgodset,Rosenborg
footballcsv/cache.footballdata,https://raw.githubusercontent.com/footballcsv/cache.footballdata/f43a2aa0c65fb061c87e9541e7a567dd58ff933a/2022/no.1.csv,f43a2aa0c65fb061c87e9541e7a567dd58ff933a,44,2026-09-04T07:12:11.305Z,Eliteserien,2022,2022-05-11,Molde,Odd,3,0,H,,,,,source_reported_FT,Molde,Odd
footballcsv/cache.footballdata,https://raw.githubusercontent.com/footballcsv/cache.footballdata/f43a2aa0c65fb061c87e9541e7a567dd58ff933a/2022/no.1.csv,f43a2aa0c65fb061c87e9541e7a567dd58ff933a,45,2026-09-04T07:12:11.305Z,Eliteserien,2022,2022-05-12,Tromso,Valerenga,1,0,H,,,,,source_reported_FT,Tromso,Valerenga
footballcsv/cache.footballdata,https://raw.githubusercontent.com/footballcsv/cache.footballdata/f43a2aa0c65fb061c87e9541e7a567dd58ff933a/2022/no.1.csv,f43a2aa0c65fb061c87e9541e7a567dd58ff933a,46,2026-09-04T07:12:11.305Z,Eliteserien,2022,2022-05-12,Viking,Stromsgodset,0,0,D,,,,,source_reported_FT,Viking,Stromsgodset
footballcsv/cache.footballdata,https://raw.githubusercontent.com/footballcsv/cache.footballdata/f43a2aa0c65fb061c87e9541e7a567dd58ff933a/2022/no.1.csv,f43a2aa0c65fb061c87e9541e7a567dd58ff933a,47,2026-09-04T07:12:11.305Z,Eliteserien,2022,2022-05-16,Aalesund,Molde,0,2,A,,,,,source_reported_FT,Aalesund,Molde
footballcsv/cache.footballdata,https://raw.githubusercontent.com/footballcsv/cache.footballdata/f43a2aa0c65fb061c87e9541e7a567dd58ff933a/2022/no.1.csv,f43a2aa0c65fb061c87e9541e7a567dd58ff933a,48,2026-09-04T07:12:11.305Z,Eliteserien,2022,2022-05-16,Bodo/Glimt,Tromso,1,1,D,,,,,source_reported_FT,Bodo/Glimt,Tromso
footballcsv/cache.footballdata,https://raw.githubusercontent.com/footballcsv/cache.footballdata/f43a2aa0c65fb061c87e9541e7a567dd58ff933a/2022/no.1.csv,f43a2aa0c65fb061c87e9541e7a567dd58ff933a,49,2026-09-04T07:12:11.305Z,Eliteserien,2022,2022-05-16,Kristiansund,Stromsgodset,0,3,A,,,,,source_reported_FT,Kristiansund,Stromsgodset
footballcsv/cache.footballdata,https://raw.githubusercontent.com/footballcsv/cache.footballdata/f43a2aa0c65fb061c87e9541e7a567dd58ff933a/2022/no.1.csv,f43a2aa0c65fb061c87e9541e7a567dd58ff933a,50,2026-09-04T07:12:11.305Z,Eliteserien,2022,2022-05-16,Lillestrom,Sarpsborg 08,1,0,H,,,,,source_reported_FT,Lillestrom,Sarpsborg 08
footballcsv/cache.footballdata,https://raw.githubusercontent.com/footballcsv/cache.footballdata/f43a2aa0c65fb061c87e9541e7a567dd58ff933a/2022/no.1.csv,f43a2aa0c65fb061c87e9541e7a567dd58ff933a,51,2026-09-04T07:12:11.305Z,Eliteserien,2022,2022-05-16,Odd,Haugesund,0,4,A,,,,,source_reported_FT,Odd,Haugesund
footballcsv/cache.footballdata,https://raw.githubusercontent.com/footballcsv/cache.footballdata/f43a2aa0c65fb061c87e9541e7a567dd58ff933a/2022/no.1.csv,f43a2aa0c65fb061c87e9541e7a567dd58ff933a,52,2026-09-04T07:12:11.305Z,Eliteserien,2022,2022-05-16,Rosenborg,Sandefjord,3,0,H,,,,,source_reported_FT,Rosenborg,Sandefjord
footballcsv/cache.footballdata,https://raw.githubusercontent.com/footballcsv/cache.footballdata/f43a2aa0c65fb061c87e9541e7a567dd58ff933a/2022/no.1.csv,f43a2aa0c65fb061c87e9541e7a567dd58ff933a,54,2026-09-04T07:12:11.305Z,Eliteserien,2022,2022-05-16,Valerenga,HamKam,1,1,D,,,,,source_reported_FT,Valerenga,Ham-Kam
footballcsv/cache.footballdata,https://raw.githubusercontent.com/footballcsv/cache.footballdata/f43a2aa0c65fb061c87e9541e7a567dd58ff933a/2022/no.1.csv,f43a2aa0c65fb061c87e9541e7a567dd58ff933a,53,2026-09-04T07:12:11.305Z,Eliteserien,2022,2022-05-16,Viking,Jerv,3,0,H,,,,,source_reported_FT,Viking,Jerv
footballcsv/cache.footballdata,https://raw.githubusercontent.com/footballcsv/cache.footballdata/f43a2aa0c65fb061c87e9541e7a567dd58ff933a/2022/no.1.csv,f43a2aa0c65fb061c87e9541e7a567dd58ff933a,56,2026-09-04T07:12:11.305Z,Eliteserien,2022,2022-05-21,Molde,Kristiansund,2,1,H,,,,,source_reported_FT,Molde,Kristiansund
footballcsv/cache.footballdata,https://raw.githubusercontent.com/footballcsv/cache.footballdata/f43a2aa0c65fb061c87e9541e7a567dd58ff933a/2022/no.1.csv,f43a2aa0c65fb061c87e9541e7a567dd58ff933a,55,2026-09-04T07:12:11.305Z,Eliteserien,2022,2022-05-21,Sandefjord,Lillestrom,1,4,A,,,,,source_reported_FT,Sandefjord,Lillestrom
footballcsv/cache.footballdata,https://raw.githubusercontent.com/footballcsv/cache.footballdata/f43a2aa0c65fb061c87e9541e7a567dd58ff933a/2022/no.1.csv,f43a2aa0c65fb061c87e9541e7a567dd58ff933a,62,2026-09-04T07:12:11.305Z,Eliteserien,2022,2022-05-22,HamKam,Rosenborg,1,1,D,,,,,source_reported_FT,Ham-Kam,Rosenborg
footballcsv/cache.footballdata,https://raw.githubusercontent.com/footballcsv/cache.footballdata/f43a2aa0c65fb061c87e9541e7a567dd58ff933a/2022/no.1.csv,f43a2aa0c65fb061c87e9541e7a567dd58ff933a,57,2026-09-04T07:12:11.305Z,Eliteserien,2022,2022-05-22,Haugesund,Bodo/Glimt,1,4,A,,,,,source_reported_FT,Haugesund,Bodo/Glimt
footballcsv/cache.footballdata,https://raw.githubusercontent.com/footballcsv/cache.footballdata/f43a2aa0c65fb061c87e9541e7a567dd58ff933a/2022/no.1.csv,f43a2aa0c65fb061c87e9541e7a567dd58ff933a,58,2026-09-04T07:12:11.305Z,Eliteserien,2022,2022-05-22,Jerv,Odd,0,1,A,,,,,source_reported_FT,Jerv,Odd
footballcsv/cache.footballdata,https://raw.githubusercontent.com/footballcsv/cache.footballdata/f43a2aa0c65fb061c87e9541e7a567dd58ff933a/2022/no.1.csv,f43a2aa0c65fb061c87e9541e7a567dd58ff933a,59,2026-09-04T07:12:11.305Z,Eliteserien,2022,2022-05-22,Sarpsborg 08,Aalesund,1,2,A,,,,,source_reported_FT,Sarpsborg 08,Aalesund
footballcsv/cache.footballdata,https://raw.githubusercontent.com/footballcsv/cache.footballdata/f43a2aa0c65fb061c87e9541e7a567dd58ff933a/2022/no.1.csv,f43a2aa0c65fb061c87e9541e7a567dd58ff933a,60,2026-09-04T07:12:11.305Z,Eliteserien,2022,2022-05-22,Stromsgodset,Valerenga,3,2,H,,,,,source_reported_FT,Stromsgodset,Valerenga
footballcsv/cache.footballdata,https://raw.githubusercontent.com/footballcsv/cache.footballdata/f43a2aa0c65fb061c87e9541e7a567dd58ff933a/2022/no.1.csv,f43a2aa0c65fb061c87e9541e7a567dd58ff933a,61,2026-09-04T07:12:11.305Z,Eliteserien,2022,2022-05-22,Tromso,Viking,1,1,D,,,,,source_reported_FT,Tromso,Viking
footballcsv/cache.footballdata,https://raw.githubusercontent.com/footballcsv/cache.footballdata/f43a2aa0c65fb061c87e9541e7a567dd58ff933a/2022/no.1.csv,f43a2aa0c65fb061c87e9541e7a567dd58ff933a,63,2026-09-04T07:12:11.305Z,Eliteserien,2022,2022-05-25,Aalesund,Jerv,2,1,H,,,,,source_reported_FT,Aalesund,Jerv
footballcsv/cache.footballdata,https://raw.githubusercontent.com/footballcsv/cache.footballdata/f43a2aa0c65fb061c87e9541e7a567dd58ff933a/2022/no.1.csv,f43a2aa0c65fb061c87e9541e7a567dd58ff933a,64,2026-09-04T07:12:11.305Z,Eliteserien,2022,2022-05-25,Bodo/Glimt,Stromsgodset,2,2,D,,,,,source_reported_FT,Bodo/Glimt,Stromsgodset
footballcsv/cache.footballdata,https://raw.githubusercontent.com/footballcsv/cache.footballdata/f43a2aa0c65fb061c87e9541e7a567dd58ff933a/2022/no.1.csv,f43a2aa0c65fb061c87e9541e7a567dd58ff933a,67,2026-09-04T07:12:11.305Z,Eliteserien,2022,2022-05-25,Lillestrom,Valerenga,2,0,H,,,,,source_reported_FT,Lillestrom,Valerenga
footballcsv/cache.footballdata,https://raw.githubusercontent.com/footballcsv/cache.footballdata/f43a2aa0c65fb061c87e9541e7a567dd58ff933a/2022/no.1.csv,f43a2aa0c65fb061c87e9541e7a567dd58ff933a,65,2026-09-04T07:12:11.305Z,Eliteserien,2022,2022-05-25,Odd,Sandefjord,0,1,A,,,,,source_reported_FT,Odd,Sandefjord
footballcsv/cache.footballdata,https://raw.githubusercontent.com/footballcsv/cache.footballdata/f43a2aa0c65fb061c87e9541e7a567dd58ff933a/2022/no.1.csv,f43a2aa0c65fb061c87e9541e7a567dd58ff933a,66,2026-09-04T07:12:11.305Z,Eliteserien,2022,2022-05-25,Viking,HamKam,1,1,D,,,,,source_reported_FT,Viking,Ham-Kam
footballcsv/cache.footballdata,https://raw.githubusercontent.com/footballcsv/cache.footballdata/f43a2aa0c65fb061c87e9541e7a567dd58ff933a/2022/no.1.csv,f43a2aa0c65fb061c87e9541e7a567dd58ff933a,68,2026-09-04T07:12:11.305Z,Eliteserien,2022,2022-05-26,Rosenborg,Haugesund,3,3,D,,,,,source_reported_FT,Rosenborg,Haugesund
footballcsv/cache.footballdata,https://raw.githubusercontent.com/footballcsv/cache.footballdata/f43a2aa0c65fb061c87e9541e7a567dd58ff933a/2022/no.1.csv,f43a2aa0c65fb061c87e9541e7a567dd58ff933a,69,2026-09-04T07:12:11.305Z,Eliteserien,2022,2022-05-26,Sarpsborg 08,Molde,1,2,A,,,,,source_reported_FT,Sarpsborg 08,Molde
footballcsv/cache.footballdata,https://raw.githubusercontent.com/footballcsv/cache.footballdata/f43a2aa0c65fb061c87e9541e7a567dd58ff933a/2022/no.1.csv,f43a2aa0c65fb061c87e9541e7a567dd58ff933a,70,2026-09-04T07:12:11.305Z,Eliteserien,2022,2022-05-28,HamKam,Odd,1,2,A,,,,,source_reported_FT,Ham-Kam,Odd
footballcsv/cache.footballdata,https://raw.githubusercontent.com/footballcsv/cache.footballdata/f43a2aa0c65fb061c87e9541e7a567dd58ff933a/2022/no.1.csv,f43a2aa0c65fb061c87e9541e7a567dd58ff933a,71,2026-09-04T07:12:11.305Z,Eliteserien,2022,2022-05-28,Stromsgodset,Viking,3,2,H,,,,,source_reported_FT,Stromsgodset,Viking
footballcsv/cache.footballdata,https://raw.githubusercontent.com/footballcsv/cache.footballdata/f43a2aa0c65fb061c87e9541e7a567dd58ff933a/2022/no.1.csv,f43a2aa0c65fb061c87e9541e7a567dd58ff933a,72,2026-09-04T07:12:11.305Z,Eliteserien,2022,2022-05-29,Haugesund,Aalesund,2,2,D,,,,,source_reported_FT,Haugesund,Aalesund
footballcsv/cache.footballdata,https://raw.githubusercontent.com/footballcsv/cache.footballdata/f43a2aa0c65fb061c87e9541e7a567dd58ff933a/2022/no.1.csv,f43a2aa0c65fb061c87e9541e7a567dd58ff933a,73,2026-09-04T07:12:11.305Z,Eliteserien,2022,2022-05-29,Jerv,Sarpsborg 08,0,5,A,,,,,source_reported_FT,Jerv,Sarpsborg 08
footballcsv/cache.footballdata,https://raw.githubusercontent.com/footballcsv/cache.footballdata/f43a2aa0c65fb061c87e9541e7a567dd58ff933a/2022/no.1.csv,f43a2aa0c65fb061c87e9541e7a567dd58ff933a,74,2026-09-04T07:12:11.305Z,Eliteserien,2022,2022-05-29,Molde,Bodo/Glimt,3,1,H,,,,,source_reported_FT,Molde,Bodo/Glimt
footballcsv/cache.footballdata,https://raw.githubusercontent.com/footballcsv/cache.footballdata/f43a2aa0c65fb061c87e9541e7a567dd58ff933a/2022/no.1.csv,f43a2aa0c65fb061c87e9541e7a567dd58ff933a,75,2026-09-04T07:12:11.305Z,Eliteserien,2022,2022-05-29,Tromso,Lillestrom,2,2,D,,,,,source_reported_FT,Tromso,Lillestrom
footballcsv/cache.footballdata,https://raw.githubusercontent.com/footballcsv/cache.footballdata/f43a2aa0c65fb061c87e9541e7a567dd58ff933a/2022/no.1.csv,f43a2aa0c65fb061c87e9541e7a567dd58ff933a,76,2026-09-04T07:12:11.305Z,Eliteserien,2022,2022-05-29,Valerenga,Rosenborg,0,4,A,,,,,source_reported_FT,Valerenga,Rosenborg
footballcsv/cache.footballdata,https://raw.githubusercontent.com/footballcsv/cache.footballdata/f43a2aa0c65fb061c87e9541e7a567dd58ff933a/2022/no.1.csv,f43a2aa0c65fb061c87e9541e7a567dd58ff933a,78,2026-09-04T07:12:11.305Z,Eliteserien,2022,2022-06-18,Kristiansund,Bodo/Glimt,0,2,A,,,,,source_reported_FT,Kristiansund,Bodo/Glimt
footballcsv/cache.footballdata,https://raw.githubusercontent.com/footballcsv/cache.footballdata/f43a2aa0c65fb061c87e9541e7a567dd58ff933a/2022/no.1.csv,f43a2aa0c65fb061c87e9541e7a567dd58ff933a,77,2026-09-04T07:12:11.305Z,Eliteserien,2022,2022-06-18,Sarpsborg 08,Stromsgodset,5,1,H,,,,,source_reported_FT,Sarpsborg 08,Stromsgodset
footballcsv/cache.footballdata,https://raw.githubusercontent.com/footballcsv/cache.footballdata/f43a2aa0c65fb061c87e9541e7a567dd58ff933a/2022/no.1.csv,f43a2aa0c65fb061c87e9541e7a567dd58ff933a,84,2026-09-04T07:12:11.305Z,Eliteserien,2022,2022-06-19,Aalesund,Valerenga,2,2,D,,,,,source_reported_FT,Aalesund,Valerenga
footballcsv/cache.footballdata,https://raw.githubusercontent.com/footballcsv/cache.footballdata/f43a2aa0c65fb061c87e9541e7a567dd58ff933a/2022/no.1.csv,f43a2aa0c65fb061c87e9541e7a567dd58ff933a,79,2026-09-04T07:12:11.305Z,Eliteserien,2022,2022-06-19,Jerv,HamKam,1,2,A,,,,,source_reported_FT,Jerv,Ham-Kam
footballcsv/cache.footballdata,https://raw.githubusercontent.com/footballcsv/cache.footballdata/f43a2aa0c65fb061c87e9541e7a567dd58ff933a/2022/no.1.csv,f43a2aa0c65fb061c87e9541e7a567dd58ff933a,80,2026-09-04T07:12:11.305Z,Eliteserien,2022,2022-06-19,Lillestrom,Rosenborg,3,1,H,,,,,source_reported_FT,Lillestrom,Rosenborg
footballcsv/cache.footballdata,https://raw.githubusercontent.com/footballcsv/cache.footballdata/f43a2aa0c65fb061c87e9541e7a567dd58ff933a/2022/no.1.csv,f43a2aa0c65fb061c87e9541e7a567dd58ff933a,81,2026-09-04T07:12:11.305Z,Eliteserien,2022,2022-06-19,Odd,Molde,1,2,A,,,,,source_reported_FT,Odd,Molde
footballcsv/cache.footballdata,https://raw.githubusercontent.com/footballcsv/cache.footballdata/f43a2aa0c65fb061c87e9541e7a567dd58ff933a/2022/no.1.csv,f43a2aa0c65fb061c87e9541e7a567dd58ff933a,82,2026-09-04T07:12:11.305Z,Eliteserien,2022,2022-06-19,Tromso,Haugesund,1,1,D,,,,,source_reported_FT,Tromso,Haugesund
footballcsv/cache.footballdata,https://raw.githubusercontent.com/footballcsv/cache.footballdata/f43a2aa0c65fb061c87e9541e7a567dd58ff933a/2022/no.1.csv,f43a2aa0c65fb061c87e9541e7a567dd58ff933a,83,2026-09-04T07:12:11.305Z,Eliteserien,2022,2022-06-19,Viking,Sandefjord,1,2,A,,,,,source_reported_FT,Viking,Sandefjord
footballcsv/cache.footballdata,https://raw.githubusercontent.com/footballcsv/cache.footballdata/f43a2aa0c65fb061c87e9541e7a567dd58ff933a/2022/no.1.csv,f43a2aa0c65fb061c87e9541e7a567dd58ff933a,85,2026-09-04T07:12:11.305Z,Eliteserien,2022,2022-06-25,Haugesund,Viking,4,2,H,,,,,source_reported_FT,Haugesund,Viking
footballcsv/cache.footballdata,https://raw.githubusercontent.com/footballcsv/cache.footballdata/f43a2aa0c65fb061c87e9541e7a567dd58ff933a/2022/no.1.csv,f43a2aa0c65fb061c87e9541e7a567dd58ff933a,86,2026-09-04T07:12:11.305Z,Eliteserien,2022,2022-06-25,Rosenborg,Kristiansund,3,1,H,,,,,source_reported_FT,Rosenborg,Kristiansund
footballcsv/cache.footballdata,https://raw.githubusercontent.com/footballcsv/cache.footballdata/f43a2aa0c65fb061c87e9541e7a567dd58ff933a/2022/no.1.csv,f43a2aa0c65fb061c87e9541e7a567dd58ff933a,87,2026-09-04T07:12:11.305Z,Eliteserien,2022,2022-06-26,Bodo/Glimt,Aalesund,2,0,H,,,,,source_reported_FT,Bodo/Glimt,Aalesund
footballcsv/cache.footballdata,https://raw.githubusercontent.com/footballcsv/cache.footballdata/f43a2aa0c65fb061c87e9541e7a567dd58ff933a/2022/no.1.csv,f43a2aa0c65fb061c87e9541e7a567dd58ff933a,88,2026-09-04T07:12:11.305Z,Eliteserien,2022,2022-06-26,HamKam,Sarpsborg 08,3,2,H,,,,,source_reported_FT,Ham-Kam,Sarpsborg 08
footballcsv/cache.footballdata,https://raw.githubusercontent.com/footballcsv/cache.footballdata/f43a2aa0c65fb061c87e9541e7a567dd58ff933a/2022/no.1.csv,f43a2aa0c65fb061c87e9541e7a567dd58ff933a,89,2026-09-04T07:12:11.305Z,Eliteserien,2022,2022-06-26,Sandefjord,Tromso,2,2,D,,,,,source_reported_FT,Sandefjord,Tromso
footballcsv/cache.footballdata,https://raw.githubusercontent.com/footballcsv/cache.footballdata/f43a2aa0c65fb061c87e9541e7a567dd58ff933a/2022/no.1.csv,f43a2aa0c65fb061c87e9541e7a567dd58ff933a,90,2026-09-04T07:12:11.305Z,Eliteserien,2022,2022-06-26,Stromsgodset,Lillestrom,3,0,H,,,,,source_reported_FT,Stromsgodset,Lillestrom
footballcsv/cache.footballdata,https://raw.githubusercontent.com/footballcsv/cache.footballdata/f43a2aa0c65fb061c87e9541e7a567dd58ff933a/2022/no.1.csv,f43a2aa0c65fb061c87e9541e7a567dd58ff933a,91,2026-09-04T07:12:11.305Z,Eliteserien,2022,2022-06-26,Valerenga,Odd,0,1,A,,,,,source_reported_FT,Valerenga,Odd
footballcsv/cache.footballdata,https://raw.githubusercontent.com/footballcsv/cache.footballdata/f43a2aa0c65fb061c87e9541e7a567dd58ff933a/2022/no.1.csv,f43a2aa0c65fb061c87e9541e7a567dd58ff933a,92,2026-09-04T07:12:11.305Z,Eliteserien,2022,2022-07-02,Jerv,Haugesund,1,0,H,,,,,source_reported_FT,Jerv,Haugesund
footballcsv/cache.footballdata,https://raw.githubusercontent.com/footballcsv/cache.footballdata/f43a2aa0c65fb061c87e9541e7a567dd58ff933a/2022/no.1.csv,f43a2aa0c65fb061c87e9541e7a567dd58ff933a,93,2026-09-04T07:12:11.305Z,Eliteserien,2022,2022-07-02,Odd,Bodo/Glimt,3,2,H,,,,,source_reported_FT,Odd,Bodo/Glimt
footballcsv/cache.footballdata,https://raw.githubusercontent.com/footballcsv/cache.footballdata/f43a2aa0c65fb061c87e9541e7a567dd58ff933a/2022/no.1.csv,f43a2aa0c65fb061c87e9541e7a567dd58ff933a,94,2026-09-04T07:12:11.305Z,Eliteserien,2022,2022-07-03,Aalesund,Stromsgodset,1,0,H,,,,,source_reported_FT,Aalesund,Stromsgodset
footballcsv/cache.footballdata,https://raw.githubusercontent.com/footballcsv/cache.footballdata/f43a2aa0c65fb061c87e9541e7a567dd58ff933a/2022/no.1.csv,f43a2aa0c65fb061c87e9541e7a567dd58ff933a,95,2026-09-04T07:12:11.305Z,Eliteserien,2022,2022-07-03,HamKam,Molde,0,0,D,,,,,source_reported_FT,Ham-Kam,Molde
footballcsv/cache.footballdata,https://raw.githubusercontent.com/footballcsv/cache.footballdata/f43a2aa0c65fb061c87e9541e7a567dd58ff933a/2022/no.1.csv,f43a2aa0c65fb061c87e9541e7a567dd58ff933a,96,2026-09-04T07:12:11.305Z,Eliteserien,2022,2022-07-03,Kristiansund,Lillestrom,1,3,A,,,,,source_reported_FT,Kristiansund,Lillestrom
footballcsv/cache.footballdata,https://raw.githubusercontent.com/footballcsv/cache.footballdata/f43a2aa0c65fb061c87e9541e7a567dd58ff933a/2022/no.1.csv,f43a2aa0c65fb061c87e9541e7a567dd58ff933a,97,2026-09-04T07:12:11.305Z,Eliteserien,2022,2022-07-03,Sarpsborg 08,Sandefjord,4,3,H,,,,,source_reported_FT,Sarpsborg 08,Sandefjord
footballcsv/cache.footballdata,https://raw.githubusercontent.com/footballcsv/cache.footballdata/f43a2aa0c65fb061c87e9541e7a567dd58ff933a/2022/no.1.csv,f43a2aa0c65fb061c87e9541e7a567dd58ff933a,98,2026-09-04T07:12:11.305Z,Eliteserien,2022,2022-07-03,Viking,Rosenborg,1,1,D,,,,,source_reported_FT,Viking,Rosenborg
footballcsv/cache.footballdata,https://raw.githubusercontent.com/footballcsv/cache.footballdata/f43a2aa0c65fb061c87e9541e7a567dd58ff933a/2022/no.1.csv,f43a2aa0c65fb061c87e9541e7a567dd58ff933a,99,2026-09-04T07:12:11.305Z,Eliteserien,2022,2022-07-06,Molde,Jerv,1,1,D,,,,,source_reported_FT,Molde,Jerv
footballcsv/cache.footballdata,https://raw.githubusercontent.com/footballcsv/cache.footballdata/f43a2aa0c65fb061c87e9541e7a567dd58ff933a/2022/no.1.csv,f43a2aa0c65fb061c87e9541e7a567dd58ff933a,100,2026-09-04T07:12:11.305Z,Eliteserien,2022,2022-07-09,Bodo/Glimt,Sarpsborg 08,4,1,H,,,,,source_reported_FT,Bodo/Glimt,Sarpsborg 08
footballcsv/cache.footballdata,https://raw.githubusercontent.com/footballcsv/cache.footballdata/f43a2aa0c65fb061c87e9541e7a567dd58ff933a/2022/no.1.csv,f43a2aa0c65fb061c87e9541e7a567dd58ff933a,101,2026-09-04T07:12:11.305Z,Eliteserien,2022,2022-07-09,Stromsgodset,Odd,0,0,D,,,,,source_reported_FT,Stromsgodset,Odd
footballcsv/cache.footballdata,https://raw.githubusercontent.com/footballcsv/cache.footballdata/f43a2aa0c65fb061c87e9541e7a567dd58ff933a/2022/no.1.csv,f43a2aa0c65fb061c87e9541e7a567dd58ff933a,106,2026-09-04T07:12:11.305Z,Eliteserien,2022,2022-07-10,Haugesund,HamKam,1,1,D,,,,,source_reported_FT,Haugesund,Ham-Kam
footballcsv/cache.footballdata,https://raw.githubusercontent.com/footballcsv/cache.footballdata/f43a2aa0c65fb061c87e9541e7a567dd58ff933a/2022/no.1.csv,f43a2aa0c65fb061c87e9541e7a567dd58ff933a,102,2026-09-04T07:12:11.305Z,Eliteserien,2022,2022-07-10,Lillestrom,Viking,0,1,A,,,,,source_reported_FT,Lillestrom,Viking
footballcsv/cache.footballdata,https://raw.githubusercontent.com/footballcsv/cache.footballdata/f43a2aa0c65fb061c87e9541e7a567dd58ff933a/2022/no.1.csv,f43a2aa0c65fb061c87e9541e7a567dd58ff933a,103,2026-09-04T07:12:11.305Z,Eliteserien,2022,2022-07-10,Molde,Tromso,5,1,H,,,,,source_reported_FT,Molde,Tromso
footballcsv/cache.footballdata,https://raw.githubusercontent.com/footballcsv/cache.footballdata/f43a2aa0c65fb061c87e9541e7a567dd58ff933a/2022/no.1.csv,f43a2aa0c65fb061c87e9541e7a567dd58ff933a,104,2026-09-04T07:12:11.305Z,Eliteserien,2022,2022-07-10,Rosenborg,Jerv,3,2,H,,,,,source_reported_FT,Rosenborg,Jerv
footballcsv/cache.footballdata,https://raw.githubusercontent.com/footballcsv/cache.footballdata/f43a2aa0c65fb061c87e9541e7a567dd58ff933a/2022/no.1.csv,f43a2aa0c65fb061c87e9541e7a567dd58ff933a,105,2026-09-04T07:12:11.305Z,Eliteserien,2022,2022-07-10,Valerenga,Kristiansund,3,0,H,,,,,source_reported_FT,Valerenga,Kristiansund
footballcsv/cache.footballdata,https://raw.githubusercontent.com/footballcsv/cache.footballdata/f43a2aa0c65fb061c87e9541e7a567dd58ff933a/2022/no.1.csv,f43a2aa0c65fb061c87e9541e7a567dd58ff933a,107,2026-09-04T07:12:11.305Z,Eliteserien,2022,2022-07-12,Sandefjord,Aalesund,2,2,D,,,,,source_reported_FT,Sandefjord,Aalesund
footballcsv/cache.footballdata,https://raw.githubusercontent.com/footballcsv/cache.footballdata/f43a2aa0c65fb061c87e9541e7a567dd58ff933a/2022/no.1.csv,f43a2aa0c65fb061c87e9541e7a567dd58ff933a,109,2026-09-04T07:12:11.305Z,Eliteserien,2022,2022-07-16,HamKam,Bodo/Glimt,0,2,A,,,,,source_reported_FT,Ham-Kam,Bodo/Glimt
footballcsv/cache.footballdata,https://raw.githubusercontent.com/footballcsv/cache.footballdata/f43a2aa0c65fb061c87e9541e7a567dd58ff933a/2022/no.1.csv,f43a2aa0c65fb061c87e9541e7a567dd58ff933a,108,2026-09-04T07:12:11.305Z,Eliteserien,2022,2022-07-16,Jerv,Sandefjord,1,2,A,,,,,source_reported_FT,Jerv,Sandefjord
footballcsv/cache.footballdata,https://raw.githubusercontent.com/footballcsv/cache.footballdata/f43a2aa0c65fb061c87e9541e7a567dd58ff933a/2022/no.1.csv,f43a2aa0c65fb061c87e9541e7a567dd58ff933a,114,2026-09-04T07:12:11.305Z,Eliteserien,2022,2022-07-17,Aalesund,Rosenborg,0,0,D,,,,,source_reported_FT,Aalesund,Rosenborg
footballcsv/cache.footballdata,https://raw.githubusercontent.com/footballcsv/cache.footballdata/f43a2aa0c65fb061c87e9541e7a567dd58ff933a/2022/no.1.csv,f43a2aa0c65fb061c87e9541e7a567dd58ff933a,110,2026-09-04T07:12:11.305Z,Eliteserien,2022,2022-07-17,Molde,Haugesund,1,0,H,,,,,source_reported_FT,Molde,Haugesund
footballcsv/cache.footballdata,https://raw.githubusercontent.com/footballcsv/cache.footballdata/f43a2aa0c65fb061c87e9541e7a567dd58ff933a/2022/no.1.csv,f43a2aa0c65fb061c87e9541e7a567dd58ff933a,111,2026-09-04T07:12:11.305Z,Eliteserien,2022,2022-07-17,Odd,Lillestrom,1,2,A,,,,,source_reported_FT,Odd,Lillestrom
footballcsv/cache.footballdata,https://raw.githubusercontent.com/footballcsv/cache.footballdata/f43a2aa0c65fb061c87e9541e7a567dd58ff933a/2022/no.1.csv,f43a2aa0c65fb061c87e9541e7a567dd58ff933a,112,2026-09-04T07:12:11.305Z,Eliteserien,2022,2022-07-17,Sarpsborg 08,Valerenga,0,1,A,,,,,source_reported_FT,Sarpsborg 08,Valerenga
footballcsv/cache.footballdata,https://raw.githubusercontent.com/footballcsv/cache.footballdata/f43a2aa0c65fb061c87e9541e7a567dd58ff933a/2022/no.1.csv,f43a2aa0c65fb061c87e9541e7a567dd58ff933a,113,2026-09-04T07:12:11.305Z,Eliteserien,2022,2022-07-17,Viking,Kristiansund,2,1,H,,,,,source_reported_FT,Viking,Kristiansund
footballcsv/cache.footballdata,https://raw.githubusercontent.com/footballcsv/cache.footballdata/f43a2aa0c65fb061c87e9541e7a567dd58ff933a/2022/no.1.csv,f43a2aa0c65fb061c87e9541e7a567dd58ff933a,115,2026-09-04T07:12:11.305Z,Eliteserien,2022,2022-07-23,Bodo/Glimt,Jerv,5,0,H,,,,,source_reported_FT,Bodo/Glimt,Jerv
footballcsv/cache.footballdata,https://raw.githubusercontent.com/footballcsv/cache.footballdata/f43a2aa0c65fb061c87e9541e7a567dd58ff933a/2022/no.1.csv,f43a2aa0c65fb061c87e9541e7a567dd58ff933a,116,2026-09-04T07:12:11.305Z,Eliteserien,2022,2022-07-23,Rosenborg,Tromso,3,0,H,,,,,source_reported_FT,Rosenborg,Tromso
footballcsv/cache.footballdata,https://raw.githubusercontent.com/footballcsv/cache.footballdata/f43a2aa0c65fb061c87e9541e7a567dd58ff933a/2022/no.1.csv,f43a2aa0c65fb061c87e9541e7a567dd58ff933a,117,2026-09-04T07:12:11.305Z,Eliteserien,2022,2022-07-24,Haugesund,Sarpsborg 08,3,1,H,,,,,source_reported_FT,Haugesund,Sarpsborg 08
footballcsv/cache.footballdata,https://raw.githubusercontent.com/footballcsv/cache.footballdata/f43a2aa0c65fb061c87e9541e7a567dd58ff933a/2022/no.1.csv,f43a2aa0c65fb061c87e9541e7a567dd58ff933a,118,2026-09-04T07:12:11.305Z,Eliteserien,2022,2022-07-24,Kristiansund,Odd,2,2,D,,,,,source_reported_FT,Kristiansund,Odd
footballcsv/cache.footballdata,https://raw.githubusercontent.com/footballcsv/cache.footballdata/f43a2aa0c65fb061c87e9541e7a567dd58ff933a/2022/no.1.csv,f43a2aa0c65fb061c87e9541e7a567dd58ff933a,119,2026-09-04T07:12:11.305Z,Eliteserien,2022,2022-07-24,Sandefjord,Molde,2,3,A,,,,,source_reported_FT,Sandefjord,Molde
footballcsv/cache.footballdata,https://raw.githubusercontent.com/footballcsv/cache.footballdata/f43a2aa0c65fb061c87e9541e7a567dd58ff933a/2022/no.1.csv,f43a2aa0c65fb061c87e9541e7a567dd58ff933a,121,2026-09-04T07:12:11.305Z,Eliteserien,2022,2022-07-24,Stromsgodset,HamKam,1,1,D,,,,,source_reported_FT,Stromsgodset,Ham-Kam
footballcsv/cache.footballdata,https://raw.githubusercontent.com/footballcsv/cache.footballdata/f43a2aa0c65fb061c87e9541e7a567dd58ff933a/2022/no.1.csv,f43a2aa0c65fb061c87e9541e7a567dd58ff933a,120,2026-09-04T07:12:11.305Z,Eliteserien,2022,2022-07-24,Valerenga,Viking,4,2,H,,,,,source_reported_FT,Valerenga,Viking
footballcsv/cache.footballdata,https://raw.githubusercontent.com/footballcsv/cache.footballdata/f43a2aa0c65fb061c87e9541e7a567dd58ff933a/2022/no.1.csv,f43a2aa0c65fb061c87e9541e7a567dd58ff933a,122,2026-09-04T07:12:11.305Z,Eliteserien,2022,2022-07-27,Sandefjord,Kristiansund,2,0,H,,,,,source_reported_FT,Sandefjord,Kristiansund
footballcsv/cache.footballdata,https://raw.githubusercontent.com/footballcsv/cache.footballdata/f43a2aa0c65fb061c87e9541e7a567dd58ff933a/2022/no.1.csv,f43a2aa0c65fb061c87e9541e7a567dd58ff933a,123,2026-09-04T07:12:11.305Z,Eliteserien,2022,2022-07-30,Aalesund,Bodo/Glimt,1,2,A,,,,,source_reported_FT,Aalesund,Bodo/Glimt
footballcsv/cache.footballdata,https://raw.githubusercontent.com/footballcsv/cache.footballdata/f43a2aa0c65fb061c87e9541e7a567dd58ff933a/2022/no.1.csv,f43a2aa0c65fb061c87e9541e7a567dd58ff933a,124,2026-09-04T07:12:11.305Z,Eliteserien,2022,2022-07-30,HamKam,Kristiansund,0,1,A,,,,,source_reported_FT,Ham-Kam,Kristiansund
footballcsv/cache.footballdata,https://raw.githubusercontent.com/footballcsv/cache.footballdata/f43a2aa0c65fb061c87e9541e7a567dd58ff933a/2022/no.1.csv,f43a2aa0c65fb061c87e9541e7a567dd58ff933a,127,2026-09-04T07:12:11.305Z,Eliteserien,2022,2022-07-30,Jerv,Valerenga,2,5,A,,,,,source_reported_FT,Jerv,Valerenga
footballcsv/cache.footballdata,https://raw.githubusercontent.com/footballcsv/cache.footballdata/f43a2aa0c65fb061c87e9541e7a567dd58ff933a/2022/no.1.csv,f43a2aa0c65fb061c87e9541e7a567dd58ff933a,125,2026-09-04T07:12:11.305Z,Eliteserien,2022,2022-07-30,Odd,Rosenborg,2,3,A,,,,,source_reported_FT,Odd,Rosenborg
footballcsv/cache.footballdata,https://raw.githubusercontent.com/footballcsv/cache.footballdata/f43a2aa0c65fb061c87e9541e7a567dd58ff933a/2022/no.1.csv,f43a2aa0c65fb061c87e9541e7a567dd58ff933a,126,2026-09-04T07:12:11.305Z,Eliteserien,2022,2022-07-30,Tromso,Sandefjord,3,0,H,,,,,source_reported_FT,Tromso,Sandefjord
footballcsv/cache.footballdata,https://raw.githubusercontent.com/footballcsv/cache.footballdata/f43a2aa0c65fb061c87e9541e7a567dd58ff933a/2022/no.1.csv,f43a2aa0c65fb061c87e9541e7a567dd58ff933a,128,2026-09-04T07:12:11.305Z,Eliteserien,2022,2022-07-31,Molde,Stromsgodset,3,0,H,,,,,source_reported_FT,Molde,Stromsgodset
footballcsv/cache.footballdata,https://raw.githubusercontent.com/footballcsv/cache.footballdata/f43a2aa0c65fb061c87e9541e7a567dd58ff933a/2022/no.1.csv,f43a2aa0c65fb061c87e9541e7a567dd58ff933a,129,2026-09-04T07:12:11.305Z,Eliteserien,2022,2022-07-31,Sarpsborg 08,Lillestrom,0,2,A,,,,,source_reported_FT,Sarpsborg 08,Lillestrom
footballcsv/cache.footballdata,https://raw.githubusercontent.com/footballcsv/cache.footballdata/f43a2aa0c65fb061c87e9541e7a567dd58ff933a/2022/no.1.csv,f43a2aa0c65fb061c87e9541e7a567dd58ff933a,130,2026-09-04T07:12:11.305Z,Eliteserien,2022,2022-08-03,Kristiansund,Tromso,1,1,D,,,,,source_reported_FT,Kristiansund,Tromso
footballcsv/cache.footballdata,https://raw.githubusercontent.com/footballcsv/cache.footballdata/f43a2aa0c65fb061c87e9541e7a567dd58ff933a/2022/no.1.csv,f43a2aa0c65fb061c87e9541e7a567dd58ff933a,131,2026-09-04T07:12:11.305Z,Eliteserien,2022,2022-08-06,Bodo/Glimt,Odd,7,0,H,,,,,source_reported_FT,Bodo/Glimt,Odd
footballcsv/cache.footballdata,https://raw.githubusercontent.com/footballcsv/cache.footballdata/f43a2aa0c65fb061c87e9541e7a567dd58ff933a/2022/no.1.csv,f43a2aa0c65fb061c87e9541e7a567dd58ff933a,132,2026-09-04T07:12:11.305Z,Eliteserien,2022,2022-08-06,Rosenborg,HamKam,2,1,H,,,,,source_reported_FT,Rosenborg,Ham-Kam
footballcsv/cache.footballdata,https://raw.githubusercontent.com/footballcsv/cache.footballdata/f43a2aa0c65fb061c87e9541e7a567dd58ff933a/2022/no.1.csv,f43a2aa0c65fb061c87e9541e7a567dd58ff933a,133,2026-09-04T07:12:11.305Z,Eliteserien,2022,2022-08-07,Haugesund,Jerv,3,1,H,,,,,source_reported_FT,Haugesund,Jerv
footballcsv/cache.footballdata,https://raw.githubusercontent.com/footballcsv/cache.footballdata/f43a2aa0c65fb061c87e9541e7a567dd58ff933a/2022/no.1.csv,f43a2aa0c65fb061c87e9541e7a567dd58ff933a,134,2026-09-04T07:12:11.305Z,Eliteserien,2022,2022-08-07,Kristiansund,Molde,2,3,A,,,,,source_reported_FT,Kristiansund,Molde
footballcsv/cache.footballdata,https://raw.githubusercontent.com/footballcsv/cache.footballdata/f43a2aa0c65fb061c87e9541e7a567dd58ff933a/2022/no.1.csv,f43a2aa0c65fb061c87e9541e7a567dd58ff933a,135,2026-09-04T07:12:11.305Z,Eliteserien,2022,2022-08-07,Lillestrom,Tromso,1,1,D,,,,,source_reported_FT,Lillestrom,Tromso
footballcsv/cache.footballdata,https://raw.githubusercontent.com/footballcsv/cache.footballdata/f43a2aa0c65fb061c87e9541e7a567dd58ff933a/2022/no.1.csv,f43a2aa0c65fb061c87e9541e7a567dd58ff933a,136,2026-09-04T07:12:11.305Z,Eliteserien,2022,2022-08-07,Sandefjord,Viking,2,2,D,,,,,source_reported_FT,Sandefjord,Viking
footballcsv/cache.footballdata,https://raw.githubusercontent.com/footballcsv/cache.footballdata/f43a2aa0c65fb061c87e9541e7a567dd58ff933a/2022/no.1.csv,f43a2aa0c65fb061c87e9541e7a567dd58ff933a,137,2026-09-04T07:12:11.305Z,Eliteserien,2022,2022-08-07,Stromsgodset,Sarpsborg 08,3,1,H,,,,,source_reported_FT,Stromsgodset,Sarpsborg 08
footballcsv/cache.footballdata,https://raw.githubusercontent.com/footballcsv/cache.footballdata/f43a2aa0c65fb061c87e9541e7a567dd58ff933a/2022/no.1.csv,f43a2aa0c65fb061c87e9541e7a567dd58ff933a,138,2026-09-04T07:12:11.305Z,Eliteserien,2022,2022-08-07,Valerenga,Aalesund,4,0,H,,,,,source_reported_FT,Valerenga,Aalesund
footballcsv/cache.footballdata,https://raw.githubusercontent.com/footballcsv/cache.footballdata/f43a2aa0c65fb061c87e9541e7a567dd58ff933a/2022/no.1.csv,f43a2aa0c65fb061c87e9541e7a567dd58ff933a,139,2026-09-04T07:12:11.305Z,Eliteserien,2022,2022-08-12,Sandefjord,Rosenborg,2,5,A,,,,,source_reported_FT,Sandefjord,Rosenborg
footballcsv/cache.footballdata,https://raw.githubusercontent.com/footballcsv/cache.footballdata/f43a2aa0c65fb061c87e9541e7a567dd58ff933a/2022/no.1.csv,f43a2aa0c65fb061c87e9541e7a567dd58ff933a,140,2026-09-04T07:12:11.305Z,Eliteserien,2022,2022-08-12,Sarpsborg 08,Bodo/Glimt,1,4,A,,,,,source_reported_FT,Sarpsborg 08,Bodo/Glimt
footballcsv/cache.footballdata,https://raw.githubusercontent.com/footballcsv/cache.footballdata/f43a2aa0c65fb061c87e9541e7a567dd58ff933a/2022/no.1.csv,f43a2aa0c65fb061c87e9541e7a567dd58ff933a,141,2026-09-04T07:12:11.305Z,Eliteserien,2022,2022-08-13,Aalesund,Haugesund,1,2,A,,,,,source_reported_FT,Aalesund,Haugesund
footballcsv/cache.footballdata,https://raw.githubusercontent.com/footballcsv/cache.footballdata/f43a2aa0c65fb061c87e9541e7a567dd58ff933a/2022/no.1.csv,f43a2aa0c65fb061c87e9541e7a567dd58ff933a,144,2026-09-04T07:12:11.305Z,Eliteserien,2022,2022-08-14,HamKam,Valerenga,1,1,D,,,,,source_reported_FT,Ham-Kam,Valerenga
footballcsv/cache.footballdata,https://raw.githubusercontent.com/footballcsv/cache.footballdata/f43a2aa0c65fb061c87e9541e7a567dd58ff933a/2022/no.1.csv,f43a2aa0c65fb061c87e9541e7a567dd58ff933a,142,2026-09-04T07:12:11.305Z,Eliteserien,2022,2022-08-14,Jerv,Lillestrom,1,0,H,,,,,source_reported_FT,Jerv,Lillestrom
footballcsv/cache.footballdata,https://raw.githubusercontent.com/footballcsv/cache.footballdata/f43a2aa0c65fb061c87e9541e7a567dd58ff933a/2022/no.1.csv,f43a2aa0c65fb061c87e9541e7a567dd58ff933a,143,2026-09-04T07:12:11.305Z,Eliteserien,2022,2022-08-14,Tromso,Kristiansund,2,1,H,,,,,source_reported_FT,Tromso,Kristiansund
footballcsv/cache.footballdata,https://raw.githubusercontent.com/footballcsv/cache.footballdata/f43a2aa0c65fb061c87e9541e7a567dd58ff933a/2022/no.1.csv,f43a2aa0c65fb061c87e9541e7a567dd58ff933a,145,2026-09-04T07:12:11.305Z,Eliteserien,2022,2022-08-20,Bodo/Glimt,HamKam,2,2,D,,,,,source_reported_FT,Bodo/Glimt,Ham-Kam
footballcsv/cache.footballdata,https://raw.githubusercontent.com/footballcsv/cache.footballdata/f43a2aa0c65fb061c87e9541e7a567dd58ff933a/2022/no.1.csv,f43a2aa0c65fb061c87e9541e7a567dd58ff933a,146,2026-09-04T07:12:11.305Z,Eliteserien,2022,2022-08-20,Odd,Sarpsborg 08,1,0,H,,,,,source_reported_FT,Odd,Sarpsborg 08
footballcsv/cache.footballdata,https://raw.githubusercontent.com/footballcsv/cache.footballdata/f43a2aa0c65fb061c87e9541e7a567dd58ff933a/2022/no.1.csv,f43a2aa0c65fb061c87e9541e7a567dd58ff933a,147,2026-09-04T07:12:11.305Z,Eliteserien,2022,2022-08-21,Haugesund,Molde,0,1,A,,,,,source_reported_FT,Haugesund,Molde
footballcsv/cache.footballdata,https://raw.githubusercontent.com/footballcsv/cache.footballdata/f43a2aa0c65fb061c87e9541e7a567dd58ff933a/2022/no.1.csv,f43a2aa0c65fb061c87e9541e7a567dd58ff933a,148,2026-09-04T07:12:11.305Z,Eliteserien,2022,2022-08-21,Lillestrom,Sandefjord,3,0,H,,,,,source_reported_FT,Lillestrom,Sandefjord
footballcsv/cache.footballdata,https://raw.githubusercontent.com/footballcsv/cache.footballdata/f43a2aa0c65fb061c87e9541e7a567dd58ff933a/2022/no.1.csv,f43a2aa0c65fb061c87e9541e7a567dd58ff933a,151,2026-09-04T07:12:11.305Z,Eliteserien,2022,2022-08-21,Rosenborg,Aalesund,2,1,H,,,,,source_reported_FT,Rosenborg,Aalesund
footballcsv/cache.footballdata,https://raw.githubusercontent.com/footballcsv/cache.footballdata/f43a2aa0c65fb061c87e9541e7a567dd58ff933a/2022/no.1.csv,f43a2aa0c65fb061c87e9541e7a567dd58ff933a,149,2026-09-04T07:12:11.305Z,Eliteserien,2022,2022-08-21,Stromsgodset,Jerv,6,0,H,,,,,source_reported_FT,Stromsgodset,Jerv
footballcsv/cache.footballdata,https://raw.githubusercontent.com/footballcsv/cache.footballdata/f43a2aa0c65fb061c87e9541e7a567dd58ff933a/2022/no.1.csv,f43a2aa0c65fb061c87e9541e7a567dd58ff933a,150,2026-09-04T07:12:11.305Z,Eliteserien,2022,2022-08-21,Valerenga,Tromso,1,0,H,,,,,source_reported_FT,Valerenga,Tromso
footballcsv/cache.footballdata,https://raw.githubusercontent.com/footballcsv/cache.footballdata/f43a2aa0c65fb061c87e9541e7a567dd58ff933a/2022/no.1.csv,f43a2aa0c65fb061c87e9541e7a567dd58ff933a,152,2026-09-04T07:12:11.305Z,Eliteserien,2022,2022-08-27,Jerv,Bodo/Glimt,0,2,A,,,,,source_reported_FT,Jerv,Bodo/Glimt
footballcsv/cache.footballdata,https://raw.githubusercontent.com/footballcsv/cache.footballdata/f43a2aa0c65fb061c87e9541e7a567dd58ff933a/2022/no.1.csv,f43a2aa0c65fb061c87e9541e7a567dd58ff933a,153,2026-09-04T07:12:11.305Z,Eliteserien,2022,2022-08-27,Sandefjord,Stromsgodset,2,2,D,,,,,source_reported_FT,Sandefjord,Stromsgodset
footballcsv/cache.footballdata,https://raw.githubusercontent.com/footballcsv/cache.footballdata/f43a2aa0c65fb061c87e9541e7a567dd58ff933a/2022/no.1.csv,f43a2aa0c65fb061c87e9541e7a567dd58ff933a,154,2026-09-04T07:12:11.305Z,Eliteserien,2022,2022-08-28,Aalesund,Odd,1,1,D,,,,,source_reported_FT,Aalesund,Odd
footballcsv/cache.footballdata,https://raw.githubusercontent.com/footballcsv/cache.footballdata/f43a2aa0c65fb061c87e9541e7a567dd58ff933a/2022/no.1.csv,f43a2aa0c65fb061c87e9541e7a567dd58ff933a,155,2026-09-04T07:12:11.305Z,Eliteserien,2022,2022-08-28,HamKam,Haugesund,1,0,H,,,,,source_reported_FT,Ham-Kam,Haugesund
footballcsv/cache.footballdata,https://raw.githubusercontent.com/footballcsv/cache.footballdata/f43a2aa0c65fb061c87e9541e7a567dd58ff933a/2022/no.1.csv,f43a2aa0c65fb061c87e9541e7a567dd58ff933a,156,2026-09-04T07:12:11.305Z,Eliteserien,2022,2022-08-28,Lillestrom,Kristiansund,1,1,D,,,,,source_reported_FT,Lillestrom,Kristiansund
footballcsv/cache.footballdata,https://raw.githubusercontent.com/footballcsv/cache.footballdata/f43a2aa0c65fb061c87e9541e7a567dd58ff933a/2022/no.1.csv,f43a2aa0c65fb061c87e9541e7a567dd58ff933a,157,2026-09-04T07:12:11.305Z,Eliteserien,2022,2022-08-28,Molde,Sarpsborg 08,4,1,H,,,,,source_reported_FT,Molde,Sarpsborg 08
footballcsv/cache.footballdata,https://raw.githubusercontent.com/footballcsv/cache.footballdata/f43a2aa0c65fb061c87e9541e7a567dd58ff933a/2022/no.1.csv,f43a2aa0c65fb061c87e9541e7a567dd58ff933a,159,2026-09-04T07:12:11.305Z,Eliteserien,2022,2022-08-28,Tromso,Rosenborg,4,3,H,,,,,source_reported_FT,Tromso,Rosenborg
footballcsv/cache.footballdata,https://raw.githubusercontent.com/footballcsv/cache.footballdata/f43a2aa0c65fb061c87e9541e7a567dd58ff933a/2022/no.1.csv,f43a2aa0c65fb061c87e9541e7a567dd58ff933a,158,2026-09-04T07:12:11.305Z,Eliteserien,2022,2022-08-28,Viking,Valerenga,1,2,A,,,,,source_reported_FT,Viking,Valerenga
footballcsv/cache.footballdata,https://raw.githubusercontent.com/footballcsv/cache.footballdata/f43a2aa0c65fb061c87e9541e7a567dd58ff933a/2022/no.1.csv,f43a2aa0c65fb061c87e9541e7a567dd58ff933a,160,2026-09-04T07:12:11.305Z,Eliteserien,2022,2022-08-31,Kristiansund,Viking,2,1,H,,,,,source_reported_FT,Kristiansund,Viking
footballcsv/cache.footballdata,https://raw.githubusercontent.com/footballcsv/cache.footballdata/f43a2aa0c65fb061c87e9541e7a567dd58ff933a/2022/no.1.csv,f43a2aa0c65fb061c87e9541e7a567dd58ff933a,161,2026-09-04T07:12:11.305Z,Eliteserien,2022,2022-08-31,Tromso,Stromsgodset,1,0,H,,,,,source_reported_FT,Tromso,Stromsgodset
footballcsv/cache.footballdata,https://raw.githubusercontent.com/footballcsv/cache.footballdata/f43a2aa0c65fb061c87e9541e7a567dd58ff933a/2022/no.1.csv,f43a2aa0c65fb061c87e9541e7a567dd58ff933a,162,2026-09-04T07:12:11.305Z,Eliteserien,2022,2022-09-03,Bodo/Glimt,Molde,1,4,A,,,,,source_reported_FT,Bodo/Glimt,Molde
footballcsv/cache.footballdata,https://raw.githubusercontent.com/footballcsv/cache.footballdata/f43a2aa0c65fb061c87e9541e7a567dd58ff933a/2022/no.1.csv,f43a2aa0c65fb061c87e9541e7a567dd58ff933a,163,2026-09-04T07:12:11.305Z,Eliteserien,2022,2022-09-04,Haugesund,Tromso,2,1,H,,,,,source_reported_FT,Haugesund,Tromso
footballcsv/cache.footballdata,https://raw.githubusercontent.com/footballcsv/cache.footballdata/f43a2aa0c65fb061c87e9541e7a567dd58ff933a/2022/no.1.csv,f43a2aa0c65fb061c87e9541e7a567dd58ff933a,164,2026-09-04T07:12:11.305Z,Eliteserien,2022,2022-09-04,Kristiansund,Sandefjord,3,1,H,,,,,source_reported_FT,Kristiansund,Sandefjord
footballcsv/cache.footballdata,https://raw.githubusercontent.com/footballcsv/cache.footballdata/f43a2aa0c65fb061c87e9541e7a567dd58ff933a/2022/no.1.csv,f43a2aa0c65fb061c87e9541e7a567dd58ff933a,165,2026-09-04T07:12:11.305Z,Eliteserien,2022,2022-09-04,Odd,Jerv,2,1,H,,,,,source_reported_FT,Odd,Jerv
footballcsv/cache.footballdata,https://raw.githubusercontent.com/footballcsv/cache.footballdata/f43a2aa0c65fb061c87e9541e7a567dd58ff933a/2022/no.1.csv,f43a2aa0c65fb061c87e9541e7a567dd58ff933a,166,2026-09-04T07:12:11.305Z,Eliteserien,2022,2022-09-04,Rosenborg,Viking,4,1,H,,,,,source_reported_FT,Rosenborg,Viking
footballcsv/cache.footballdata,https://raw.githubusercontent.com/footballcsv/cache.footballdata/f43a2aa0c65fb061c87e9541e7a567dd58ff933a/2022/no.1.csv,f43a2aa0c65fb061c87e9541e7a567dd58ff933a,167,2026-09-04T07:12:11.305Z,Eliteserien,2022,2022-09-04,Sarpsborg 08,HamKam,2,1,H,,,,,source_reported_FT,Sarpsborg 08,Ham-Kam
footballcsv/cache.footballdata,https://raw.githubusercontent.com/footballcsv/cache.footballdata/f43a2aa0c65fb061c87e9541e7a567dd58ff933a/2022/no.1.csv,f43a2aa0c65fb061c87e9541e7a567dd58ff933a,168,2026-09-04T07:12:11.305Z,Eliteserien,2022,2022-09-04,Stromsgodset,Aalesund,1,2,A,,,,,source_reported_FT,Stromsgodset,Aalesund
footballcsv/cache.footballdata,https://raw.githubusercontent.com/footballcsv/cache.footballdata/f43a2aa0c65fb061c87e9541e7a567dd58ff933a/2022/no.1.csv,f43a2aa0c65fb061c87e9541e7a567dd58ff933a,169,2026-09-04T07:12:11.305Z,Eliteserien,2022,2022-09-04,Valerenga,Lillestrom,3,1,H,,,,,source_reported_FT,Valerenga,Lillestrom
footballcsv/cache.footballdata,https://raw.githubusercontent.com/footballcsv/cache.footballdata/f43a2aa0c65fb061c87e9541e7a567dd58ff933a/2022/no.1.csv,f43a2aa0c65fb061c87e9541e7a567dd58ff933a,171,2026-09-04T07:12:11.305Z,Eliteserien,2022,2022-09-10,Lillestrom,Stromsgodset,2,1,H,,,,,source_reported_FT,Lillestrom,Stromsgodset
footballcsv/cache.footballdata,https://raw.githubusercontent.com/footballcsv/cache.footballdata/f43a2aa0c65fb061c87e9541e7a567dd58ff933a/2022/no.1.csv,f43a2aa0c65fb061c87e9541e7a567dd58ff933a,170,2026-09-04T07:12:11.305Z,Eliteserien,2022,2022-09-10,Sandefjord,Odd,1,3,A,,,,,source_reported_FT,Sandefjord,Odd
footballcsv/cache.footballdata,https://raw.githubusercontent.com/footballcsv/cache.footballdata/f43a2aa0c65fb061c87e9541e7a567dd58ff933a/2022/no.1.csv,f43a2aa0c65fb061c87e9541e7a567dd58ff933a,172,2026-09-04T07:12:11.305Z,Eliteserien,2022,2022-09-11,Aalesund,Sarpsborg 08,1,3,A,,,,,source_reported_FT,Aalesund,Sarpsborg 08
footballcsv/cache.footballdata,https://raw.githubusercontent.com/footballcsv/cache.footballdata/f43a2aa0c65fb061c87e9541e7a567dd58ff933a/2022/no.1.csv,f43a2aa0c65fb061c87e9541e7a567dd58ff933a,173,2026-09-04T07:12:11.305Z,Eliteserien,2022,2022-09-11,HamKam,Viking,1,2,A,,,,,source_reported_FT,Ham-Kam,Viking
footballcsv/cache.footballdata,https://raw.githubusercontent.com/footballcsv/cache.footballdata/f43a2aa0c65fb061c87e9541e7a567dd58ff933a/2022/no.1.csv,f43a2aa0c65fb061c87e9541e7a567dd58ff933a,177,2026-09-04T07:12:11.305Z,Eliteserien,2022,2022-09-11,Haugesund,Rosenborg,2,1,H,,,,,source_reported_FT,Haugesund,Rosenborg
footballcsv/cache.footballdata,https://raw.githubusercontent.com/footballcsv/cache.footballdata/f43a2aa0c65fb061c87e9541e7a567dd58ff933a/2022/no.1.csv,f43a2aa0c65fb061c87e9541e7a567dd58ff933a,174,2026-09-04T07:12:11.305Z,Eliteserien,2022,2022-09-11,Jerv,Molde,2,4,A,,,,,source_reported_FT,Jerv,Molde
footballcsv/cache.footballdata,https://raw.githubusercontent.com/footballcsv/cache.footballdata/f43a2aa0c65fb061c87e9541e7a567dd58ff933a/2022/no.1.csv,f43a2aa0c65fb061c87e9541e7a567dd58ff933a,175,2026-09-04T07:12:11.305Z,Eliteserien,2022,2022-09-11,Kristiansund,Valerenga,3,2,H,,,,,source_reported_FT,Kristiansund,Valerenga
footballcsv/cache.footballdata,https://raw.githubusercontent.com/footballcsv/cache.footballdata/f43a2aa0c65fb061c87e9541e7a567dd58ff933a/2022/no.1.csv,f43a2aa0c65fb061c87e9541e7a567dd58ff933a,176,2026-09-04T07:12:11.305Z,Eliteserien,2022,2022-09-11,Tromso,Bodo/Glimt,3,2,H,,,,,source_reported_FT,Tromso,Bodo/Glimt
footballcsv/cache.footballdata,https://raw.githubusercontent.com/footballcsv/cache.footballdata/f43a2aa0c65fb061c87e9541e7a567dd58ff933a/2022/no.1.csv,f43a2aa0c65fb061c87e9541e7a567dd58ff933a,178,2026-09-04T07:12:11.305Z,Eliteserien,2022,2022-09-17,Odd,HamKam,2,0,H,,,,,source_reported_FT,Odd,Ham-Kam
footballcsv/cache.footballdata,https://raw.githubusercontent.com/footballcsv/cache.footballdata/f43a2aa0c65fb061c87e9541e7a567dd58ff933a/2022/no.1.csv,f43a2aa0c65fb061c87e9541e7a567dd58ff933a,179,2026-09-04T07:12:11.305Z,Eliteserien,2022,2022-09-18,Bodo/Glimt,Haugesund,1,1,D,,,,,source_reported_FT,Bodo/Glimt,Haugesund
footballcsv/cache.footballdata,https://raw.githubusercontent.com/footballcsv/cache.footballdata/f43a2aa0c65fb061c87e9541e7a567dd58ff933a/2022/no.1.csv,f43a2aa0c65fb061c87e9541e7a567dd58ff933a,185,2026-09-04T07:12:11.305Z,Eliteserien,2022,2022-09-18,Molde,Aalesund,3,0,H,,,,,source_reported_FT,Molde,Aalesund
footballcsv/cache.footballdata,https://raw.githubusercontent.com/footballcsv/cache.footballdata/f43a2aa0c65fb061c87e9541e7a567dd58ff933a/2022/no.1.csv,f43a2aa0c65fb061c87e9541e7a567dd58ff933a,180,2026-09-04T07:12:11.305Z,Eliteserien,2022,2022-09-18,Rosenborg,Lillestrom,3,1,H,,,,,source_reported_FT,Rosenborg,Lillestrom
footballcsv/cache.footballdata,https://raw.githubusercontent.com/footballcsv/cache.footballdata/f43a2aa0c65fb061c87e9541e7a567dd58ff933a/2022/no.1.csv,f43a2aa0c65fb061c87e9541e7a567dd58ff933a,181,2026-09-04T07:12:11.305Z,Eliteserien,2022,2022-09-18,Sarpsborg 08,Jerv,4,3,H,,,,,source_reported_FT,Sarpsborg 08,Jerv
footballcsv/cache.footballdata,https://raw.githubusercontent.com/footballcsv/cache.footballdata/f43a2aa0c65fb061c87e9541e7a567dd58ff933a/2022/no.1.csv,f43a2aa0c65fb061c87e9541e7a567dd58ff933a,182,2026-09-04T07:12:11.305Z,Eliteserien,2022,2022-09-18,Stromsgodset,Kristiansund,4,1,H,,,,,source_reported_FT,Stromsgodset,Kristiansund
footballcsv/cache.footballdata,https://raw.githubusercontent.com/footballcsv/cache.footballdata/f43a2aa0c65fb061c87e9541e7a567dd58ff933a/2022/no.1.csv,f43a2aa0c65fb061c87e9541e7a567dd58ff933a,183,2026-09-04T07:12:11.305Z,Eliteserien,2022,2022-09-18,Valerenga,Sandefjord,4,0,H,,,,,source_reported_FT,Valerenga,Sandefjord
footballcsv/cache.footballdata,https://raw.githubusercontent.com/footballcsv/cache.footballdata/f43a2aa0c65fb061c87e9541e7a567dd58ff933a/2022/no.1.csv,f43a2aa0c65fb061c87e9541e7a567dd58ff933a,184,2026-09-04T07:12:11.305Z,Eliteserien,2022,2022-09-18,Viking,Tromso,2,2,D,,,,,source_reported_FT,Viking,Tromso
footballcsv/cache.footballdata,https://raw.githubusercontent.com/footballcsv/cache.footballdata/f43a2aa0c65fb061c87e9541e7a567dd58ff933a/2022/no.1.csv,f43a2aa0c65fb061c87e9541e7a567dd58ff933a,187,2026-09-04T07:12:11.305Z,Eliteserien,2022,2022-10-01,Lillestrom,Bodo/Glimt,1,4,A,,,,,source_reported_FT,Lillestrom,Bodo/Glimt
footballcsv/cache.footballdata,https://raw.githubusercontent.com/footballcsv/cache.footballdata/f43a2aa0c65fb061c87e9541e7a567dd58ff933a/2022/no.1.csv,f43a2aa0c65fb061c87e9541e7a567dd58ff933a,186,2026-09-04T07:12:11.305Z,Eliteserien,2022,2022-10-01,Tromso,Molde,0,1,A,,,,,source_reported_FT,Tromso,Molde
footballcsv/cache.footballdata,https://raw.githubusercontent.com/footballcsv/cache.footballdata/f43a2aa0c65fb061c87e9541e7a567dd58ff933a/2022/no.1.csv,f43a2aa0c65fb061c87e9541e7a567dd58ff933a,188,2026-09-04T07:12:11.305Z,Eliteserien,2022,2022-10-01,Valerenga,Stromsgodset,4,0,H,,,,,source_reported_FT,Valerenga,Stromsgodset
footballcsv/cache.footballdata,https://raw.githubusercontent.com/footballcsv/cache.footballdata/f43a2aa0c65fb061c87e9541e7a567dd58ff933a/2022/no.1.csv,f43a2aa0c65fb061c87e9541e7a567dd58ff933a,189,2026-09-04T07:12:11.305Z,Eliteserien,2022,2022-10-02,Aalesund,Viking,2,1,H,,,,,source_reported_FT,Aalesund,Viking
footballcsv/cache.footballdata,https://raw.githubusercontent.com/footballcsv/cache.footballdata/f43a2aa0c65fb061c87e9541e7a567dd58ff933a/2022/no.1.csv,f43a2aa0c65fb061c87e9541e7a567dd58ff933a,190,2026-09-04T07:12:11.305Z,Eliteserien,2022,2022-10-02,HamKam,Jerv,2,1,H,,,,,source_reported_FT,Ham-Kam,Jerv
footballcsv/cache.footballdata,https://raw.githubusercontent.com/footballcsv/cache.footballdata/f43a2aa0c65fb061c87e9541e7a567dd58ff933a/2022/no.1.csv,f43a2aa0c65fb061c87e9541e7a567dd58ff933a,191,2026-09-04T07:12:11.305Z,Eliteserien,2022,2022-10-02,Haugesund,Odd,2,2,D,,,,,source_reported_FT,Haugesund,Odd
footballcsv/cache.footballdata,https://raw.githubusercontent.com/footballcsv/cache.footballdata/f43a2aa0c65fb061c87e9541e7a567dd58ff933a/2022/no.1.csv,f43a2aa0c65fb061c87e9541e7a567dd58ff933a,193,2026-09-04T07:12:11.305Z,Eliteserien,2022,2022-10-02,Kristiansund,Rosenborg,4,4,D,,,,,source_reported_FT,Kristiansund,Rosenborg
footballcsv/cache.footballdata,https://raw.githubusercontent.com/footballcsv/cache.footballdata/f43a2aa0c65fb061c87e9541e7a567dd58ff933a/2022/no.1.csv,f43a2aa0c65fb061c87e9541e7a567dd58ff933a,192,2026-09-04T07:12:11.305Z,Eliteserien,2022,2022-10-02,Sandefjord,Sarpsborg 08,1,1,D,,,,,source_reported_FT,Sandefjord,Sarpsborg 08
footballcsv/cache.footballdata,https://raw.githubusercontent.com/footballcsv/cache.footballdata/f43a2aa0c65fb061c87e9541e7a567dd58ff933a/2022/no.1.csv,f43a2aa0c65fb061c87e9541e7a567dd58ff933a,194,2026-09-04T07:12:11.305Z,Eliteserien,2022,2022-10-08,Sarpsborg 08,Haugesund,4,0,H,,,,,source_reported_FT,Sarpsborg 08,Haugesund
footballcsv/cache.footballdata,https://raw.githubusercontent.com/footballcsv/cache.footballdata/f43a2aa0c65fb061c87e9541e7a567dd58ff933a/2022/no.1.csv,f43a2aa0c65fb061c87e9541e7a567dd58ff933a,195,2026-09-04T07:12:11.305Z,Eliteserien,2022,2022-10-09,Bodo/Glimt,Sandefjord,4,1,H,,,,,source_reported_FT,Bodo/Glimt,Sandefjord
footballcsv/cache.footballdata,https://raw.githubusercontent.com/footballcsv/cache.footballdata/f43a2aa0c65fb061c87e9541e7a567dd58ff933a/2022/no.1.csv,f43a2aa0c65fb061c87e9541e7a567dd58ff933a,196,2026-09-04T07:12:11.305Z,Eliteserien,2022,2022-10-09,Molde,HamKam,5,0,H,,,,,source_reported_FT,Molde,Ham-Kam
footballcsv/cache.footballdata,https://raw.githubusercontent.com/footballcsv/cache.footballdata/f43a2aa0c65fb061c87e9541e7a567dd58ff933a/2022/no.1.csv,f43a2aa0c65fb061c87e9541e7a567dd58ff933a,197,2026-09-04T07:12:11.305Z,Eliteserien,2022,2022-10-09,Odd,Kristiansund,1,1,D,,,,,source_reported_FT,Odd,Kristiansund
footballcsv/cache.footballdata,https://raw.githubusercontent.com/footballcsv/cache.footballdata/f43a2aa0c65fb061c87e9541e7a567dd58ff933a/2022/no.1.csv,f43a2aa0c65fb061c87e9541e7a567dd58ff933a,200,2026-09-04T07:12:11.305Z,Eliteserien,2022,2022-10-09,Rosenborg,Valerenga,3,0,H,,,,,source_reported_FT,Rosenborg,Valerenga
footballcsv/cache.footballdata,https://raw.githubusercontent.com/footballcsv/cache.footballdata/f43a2aa0c65fb061c87e9541e7a567dd58ff933a/2022/no.1.csv,f43a2aa0c65fb061c87e9541e7a567dd58ff933a,198,2026-09-04T07:12:11.305Z,Eliteserien,2022,2022-10-09,Stromsgodset,Tromso,1,2,A,,,,,source_reported_FT,Stromsgodset,Tromso
footballcsv/cache.footballdata,https://raw.githubusercontent.com/footballcsv/cache.footballdata/f43a2aa0c65fb061c87e9541e7a567dd58ff933a/2022/no.1.csv,f43a2aa0c65fb061c87e9541e7a567dd58ff933a,199,2026-09-04T07:12:11.305Z,Eliteserien,2022,2022-10-09,Viking,Lillestrom,0,3,A,,,,,source_reported_FT,Viking,Lillestrom
footballcsv/cache.footballdata,https://raw.githubusercontent.com/footballcsv/cache.footballdata/f43a2aa0c65fb061c87e9541e7a567dd58ff933a/2022/no.1.csv,f43a2aa0c65fb061c87e9541e7a567dd58ff933a,202,2026-09-04T07:12:11.305Z,Eliteserien,2022,2022-10-15,Rosenborg,Stromsgodset,3,0,H,,,,,source_reported_FT,Rosenborg,Stromsgodset
footballcsv/cache.footballdata,https://raw.githubusercontent.com/footballcsv/cache.footballdata/f43a2aa0c65fb061c87e9541e7a567dd58ff933a/2022/no.1.csv,f43a2aa0c65fb061c87e9541e7a567dd58ff933a,201,2026-09-04T07:12:11.305Z,Eliteserien,2022,2022-10-15,Tromso,Odd,3,2,H,,,,,source_reported_FT,Tromso,Odd
footballcsv/cache.footballdata,https://raw.githubusercontent.com/footballcsv/cache.footballdata/f43a2aa0c65fb061c87e9541e7a567dd58ff933a/2022/no.1.csv,f43a2aa0c65fb061c87e9541e7a567dd58ff933a,204,2026-09-04T07:12:11.305Z,Eliteserien,2022,2022-10-16,Aalesund,HamKam,0,0,D,,,,,source_reported_FT,Aalesund,Ham-Kam
footballcsv/cache.footballdata,https://raw.githubusercontent.com/footballcsv/cache.footballdata/f43a2aa0c65fb061c87e9541e7a567dd58ff933a/2022/no.1.csv,f43a2aa0c65fb061c87e9541e7a567dd58ff933a,205,2026-09-04T07:12:11.305Z,Eliteserien,2022,2022-10-16,Kristiansund,Haugesund,0,1,A,,,,,source_reported_FT,Kristiansund,Haugesund
footballcsv/cache.footballdata,https://raw.githubusercontent.com/footballcsv/cache.footballdata/f43a2aa0c65fb061c87e9541e7a567dd58ff933a/2022/no.1.csv,f43a2aa0c65fb061c87e9541e7a567dd58ff933a,208,2026-09-04T07:12:11.305Z,Eliteserien,2022,2022-10-16,Lillestrom,Molde,0,1,A,,,,,source_reported_FT,Lillestrom,Molde
footballcsv/cache.footballdata,https://raw.githubusercontent.com/footballcsv/cache.footballdata/f43a2aa0c65fb061c87e9541e7a567dd58ff933a/2022/no.1.csv,f43a2aa0c65fb061c87e9541e7a567dd58ff933a,206,2026-09-04T07:12:11.305Z,Eliteserien,2022,2022-10-16,Sandefjord,Jerv,1,2,A,,,,,source_reported_FT,Sandefjord,Jerv
footballcsv/cache.footballdata,https://raw.githubusercontent.com/footballcsv/cache.footballdata/f43a2aa0c65fb061c87e9541e7a567dd58ff933a/2022/no.1.csv,f43a2aa0c65fb061c87e9541e7a567dd58ff933a,203,2026-09-04T07:12:11.305Z,Eliteserien,2022,2022-10-16,Valerenga,Bodo/Glimt,0,6,A,,,,,source_reported_FT,Valerenga,Bodo/Glimt
footballcsv/cache.footballdata,https://raw.githubusercontent.com/footballcsv/cache.footballdata/f43a2aa0c65fb061c87e9541e7a567dd58ff933a/2022/no.1.csv,f43a2aa0c65fb061c87e9541e7a567dd58ff933a,207,2026-09-04T07:12:11.305Z,Eliteserien,2022,2022-10-16,Viking,Sarpsborg 08,0,1,A,,,,,source_reported_FT,Viking,Sarpsborg 08
footballcsv/cache.footballdata,https://raw.githubusercontent.com/footballcsv/cache.footballdata/f43a2aa0c65fb061c87e9541e7a567dd58ff933a/2022/no.1.csv,f43a2aa0c65fb061c87e9541e7a567dd58ff933a,209,2026-09-04T07:12:11.305Z,Eliteserien,2022,2022-10-19,Jerv,Aalesund,0,1,A,,,,,source_reported_FT,Jerv,Aalesund
footballcsv/cache.footballdata,https://raw.githubusercontent.com/footballcsv/cache.footballdata/f43a2aa0c65fb061c87e9541e7a567dd58ff933a/2022/no.1.csv,f43a2aa0c65fb061c87e9541e7a567dd58ff933a,210,2026-09-04T07:12:11.305Z,Eliteserien,2022,2022-10-22,HamKam,Stromsgodset,1,1,D,,,,,source_reported_FT,Ham-Kam,Stromsgodset
footballcsv/cache.footballdata,https://raw.githubusercontent.com/footballcsv/cache.footballdata/f43a2aa0c65fb061c87e9541e7a567dd58ff933a/2022/no.1.csv,f43a2aa0c65fb061c87e9541e7a567dd58ff933a,211,2026-09-04T07:12:11.305Z,Eliteserien,2022,2022-10-22,Odd,Valerenga,2,1,H,,,,,source_reported_FT,Odd,Valerenga
footballcsv/cache.footballdata,https://raw.githubusercontent.com/footballcsv/cache.footballdata/f43a2aa0c65fb061c87e9541e7a567dd58ff933a/2022/no.1.csv,f43a2aa0c65fb061c87e9541e7a567dd58ff933a,212,2026-09-04T07:12:11.305Z,Eliteserien,2022,2022-10-23,Aalesund,Sandefjord,1,0,H,,,,,source_reported_FT,Aalesund,Sandefjord
footballcsv/cache.footballdata,https://raw.githubusercontent.com/footballcsv/cache.footballdata/f43a2aa0c65fb061c87e9541e7a567dd58ff933a/2022/no.1.csv,f43a2aa0c65fb061c87e9541e7a567dd58ff933a,213,2026-09-04T07:12:11.305Z,Eliteserien,2022,2022-10-23,Bodo/Glimt,Kristiansund,5,0,H,,,,,source_reported_FT,Bodo/Glimt,Kristiansund
footballcsv/cache.footballdata,https://raw.githubusercontent.com/footballcsv/cache.footballdata/f43a2aa0c65fb061c87e9541e7a567dd58ff933a/2022/no.1.csv,f43a2aa0c65fb061c87e9541e7a567dd58ff933a,214,2026-09-04T07:12:11.305Z,Eliteserien,2022,2022-10-23,Haugesund,Lillestrom,0,1,A,,,,,source_reported_FT,Haugesund,Lillestrom
footballcsv/cache.footballdata,https://raw.githubusercontent.com/footballcsv/cache.footballdata/f43a2aa0c65fb061c87e9541e7a567dd58ff933a/2022/no.1.csv,f43a2aa0c65fb061c87e9541e7a567dd58ff933a,215,2026-09-04T07:12:11.305Z,Eliteserien,2022,2022-10-23,Jerv,Viking,2,2,D,,,,,source_reported_FT,Jerv,Viking
footballcsv/cache.footballdata,https://raw.githubusercontent.com/footballcsv/cache.footballdata/f43a2aa0c65fb061c87e9541e7a567dd58ff933a/2022/no.1.csv,f43a2aa0c65fb061c87e9541e7a567dd58ff933a,217,2026-09-04T07:12:11.305Z,Eliteserien,2022,2022-10-23,Molde,Rosenborg,2,1,H,,,,,source_reported_FT,Molde,Rosenborg
footballcsv/cache.footballdata,https://raw.githubusercontent.com/footballcsv/cache.footballdata/f43a2aa0c65fb061c87e9541e7a567dd58ff933a/2022/no.1.csv,f43a2aa0c65fb061c87e9541e7a567dd58ff933a,216,2026-09-04T07:12:11.305Z,Eliteserien,2022,2022-10-23,Sarpsborg 08,Tromso,1,1,D,,,,,source_reported_FT,Sarpsborg 08,Tromso
footballcsv/cache.footballdata,https://raw.githubusercontent.com/footballcsv/cache.footballdata/f43a2aa0c65fb061c87e9541e7a567dd58ff933a/2022/no.1.csv,f43a2aa0c65fb061c87e9541e7a567dd58ff933a,218,2026-09-04T07:12:11.305Z,Eliteserien,2022,2022-10-29,Stromsgodset,Haugesund,1,2,A,,,,,source_reported_FT,Stromsgodset,Haugesund
footballcsv/cache.footballdata,https://raw.githubusercontent.com/footballcsv/cache.footballdata/f43a2aa0c65fb061c87e9541e7a567dd58ff933a/2022/no.1.csv,f43a2aa0c65fb061c87e9541e7a567dd58ff933a,219,2026-09-04T07:12:11.305Z,Eliteserien,2022,2022-10-29,Valerenga,Sarpsborg 08,3,3,D,,,,,source_reported_FT,Valerenga,Sarpsborg 08
footballcsv/cache.footballdata,https://raw.githubusercontent.com/footballcsv/cache.footballdata/f43a2aa0c65fb061c87e9541e7a567dd58ff933a/2022/no.1.csv,f43a2aa0c65fb061c87e9541e7a567dd58ff933a,220,2026-09-04T07:12:11.305Z,Eliteserien,2022,2022-10-30,Kristiansund,Aalesund,4,0,H,,,,,source_reported_FT,Kristiansund,Aalesund
footballcsv/cache.footballdata,https://raw.githubusercontent.com/footballcsv/cache.footballdata/f43a2aa0c65fb061c87e9541e7a567dd58ff933a/2022/no.1.csv,f43a2aa0c65fb061c87e9541e7a567dd58ff933a,221,2026-09-04T07:12:11.305Z,Eliteserien,2022,2022-10-30,Lillestrom,Odd,0,2,A,,,,,source_reported_FT,Lillestrom,Odd
footballcsv/cache.footballdata,https://raw.githubusercontent.com/footballcsv/cache.footballdata/f43a2aa0c65fb061c87e9541e7a567dd58ff933a/2022/no.1.csv,f43a2aa0c65fb061c87e9541e7a567dd58ff933a,222,2026-09-04T07:12:11.305Z,Eliteserien,2022,2022-10-30,Rosenborg,Bodo/Glimt,3,2,H,,,,,source_reported_FT,Rosenborg,Bodo/Glimt
footballcsv/cache.footballdata,https://raw.githubusercontent.com/footballcsv/cache.footballdata/f43a2aa0c65fb061c87e9541e7a567dd58ff933a/2022/no.1.csv,f43a2aa0c65fb061c87e9541e7a567dd58ff933a,223,2026-09-04T07:12:11.305Z,Eliteserien,2022,2022-10-30,Sandefjord,HamKam,1,2,A,,,,,source_reported_FT,Sandefjord,Ham-Kam
footballcsv/cache.footballdata,https://raw.githubusercontent.com/footballcsv/cache.footballdata/f43a2aa0c65fb061c87e9541e7a567dd58ff933a/2022/no.1.csv,f43a2aa0c65fb061c87e9541e7a567dd58ff933a,224,2026-09-04T07:12:11.305Z,Eliteserien,2022,2022-10-30,Tromso,Jerv,2,2,D,,,,,source_reported_FT,Tromso,Jerv
footballcsv/cache.footballdata,https://raw.githubusercontent.com/footballcsv/cache.footballdata/f43a2aa0c65fb061c87e9541e7a567dd58ff933a/2022/no.1.csv,f43a2aa0c65fb061c87e9541e7a567dd58ff933a,225,2026-09-04T07:12:11.305Z,Eliteserien,2022,2022-10-30,Viking,Molde,1,4,A,,,,,source_reported_FT,Viking,Molde
footballcsv/cache.footballdata,https://raw.githubusercontent.com/footballcsv/cache.footballdata/f43a2aa0c65fb061c87e9541e7a567dd58ff933a/2022/no.1.csv,f43a2aa0c65fb061c87e9541e7a567dd58ff933a,226,2026-09-04T07:12:11.305Z,Eliteserien,2022,2022-11-06,Aalesund,Lillestrom,2,1,H,,,,,source_reported_FT,Aalesund,Lillestrom
footballcsv/cache.footballdata,https://raw.githubusercontent.com/footballcsv/cache.footballdata/f43a2aa0c65fb061c87e9541e7a567dd58ff933a/2022/no.1.csv,f43a2aa0c65fb061c87e9541e7a567dd58ff933a,227,2026-09-04T07:12:11.305Z,Eliteserien,2022,2022-11-06,Bodo/Glimt,Viking,5,4,H,,,,,source_reported_FT,Bodo/Glimt,Viking
footballcsv/cache.footballdata,https://raw.githubusercontent.com/footballcsv/cache.footballdata/f43a2aa0c65fb061c87e9541e7a567dd58ff933a/2022/no.1.csv,f43a2aa0c65fb061c87e9541e7a567dd58ff933a,228,2026-09-04T07:12:11.305Z,Eliteserien,2022,2022-11-06,HamKam,Tromso,1,2,A,,,,,source_reported_FT,Ham-Kam,Tromso
footballcsv/cache.footballdata,https://raw.githubusercontent.com/footballcsv/cache.footballdata/f43a2aa0c65fb061c87e9541e7a567dd58ff933a/2022/no.1.csv,f43a2aa0c65fb061c87e9541e7a567dd58ff933a,229,2026-09-04T07:12:11.305Z,Eliteserien,2022,2022-11-06,Haugesund,Valerenga,1,1,D,,,,,source_reported_FT,Haugesund,Valerenga
footballcsv/cache.footballdata,https://raw.githubusercontent.com/footballcsv/cache.footballdata/f43a2aa0c65fb061c87e9541e7a567dd58ff933a/2022/no.1.csv,f43a2aa0c65fb061c87e9541e7a567dd58ff933a,230,2026-09-04T07:12:11.305Z,Eliteserien,2022,2022-11-06,Jerv,Rosenborg,2,4,A,,,,,source_reported_FT,Jerv,Rosenborg
footballcsv/cache.footballdata,https://raw.githubusercontent.com/footballcsv/cache.footballdata/f43a2aa0c65fb061c87e9541e7a567dd58ff933a/2022/no.1.csv,f43a2aa0c65fb061c87e9541e7a567dd58ff933a,231,2026-09-04T07:12:11.305Z,Eliteserien,2022,2022-11-06,Molde,Sandefjord,2,1,H,,,,,source_reported_FT,Molde,Sandefjord
footballcsv/cache.footballdata,https://raw.githubusercontent.com/footballcsv/cache.footballdata/f43a2aa0c65fb061c87e9541e7a567dd58ff933a/2022/no.1.csv,f43a2aa0c65fb061c87e9541e7a567dd58ff933a,232,2026-09-04T07:12:11.305Z,Eliteserien,2022,2022-11-06,Odd,Stromsgodset,5,1,H,,,,,source_reported_FT,Odd,Stromsgodset
footballcsv/cache.footballdata,https://raw.githubusercontent.com/footballcsv/cache.footballdata/f43a2aa0c65fb061c87e9541e7a567dd58ff933a/2022/no.1.csv,f43a2aa0c65fb061c87e9541e7a567dd58ff933a,233,2026-09-04T07:12:11.305Z,Eliteserien,2022,2022-11-06,Sarpsborg 08,Kristiansund,2,2,D,,,,,source_reported_FT,Sarpsborg 08,Kristiansund
footballcsv/cache.footballdata,https://raw.githubusercontent.com/footballcsv/cache.footballdata/f43a2aa0c65fb061c87e9541e7a567dd58ff933a/2022/no.1.csv,f43a2aa0c65fb061c87e9541e7a567dd58ff933a,234,2026-09-04T07:12:11.305Z,Eliteserien,2022,2022-11-13,Kristiansund,Jerv,1,1,D,,,,,source_reported_FT,Kristiansund,Jerv
footballcsv/cache.footballdata,https://raw.githubusercontent.com/footballcsv/cache.footballdata/f43a2aa0c65fb061c87e9541e7a567dd58ff933a/2022/no.1.csv,f43a2aa0c65fb061c87e9541e7a567dd58ff933a,235,2026-09-04T07:12:11.305Z,Eliteserien,2022,2022-11-13,Lillestrom,HamKam,3,1,H,,,,,source_reported_FT,Lillestrom,Ham-Kam
footballcsv/cache.footballdata,https://raw.githubusercontent.com/footballcsv/cache.footballdata/f43a2aa0c65fb061c87e9541e7a567dd58ff933a/2022/no.1.csv,f43a2aa0c65fb061c87e9541e7a567dd58ff933a,236,2026-09-04T07:12:11.305Z,Eliteserien,2022,2022-11-13,Rosenborg,Sarpsborg 08,2,3,A,,,,,source_reported_FT,Rosenborg,Sarpsborg 08
footballcsv/cache.footballdata,https://raw.githubusercontent.com/footballcsv/cache.footballdata/f43a2aa0c65fb061c87e9541e7a567dd58ff933a/2022/no.1.csv,f43a2aa0c65fb061c87e9541e7a567dd58ff933a,237,2026-09-04T07:12:11.305Z,Eliteserien,2022,2022-11-13,Sandefjord,Haugesund,2,2,D,,,,,source_reported_FT,Sandefjord,Haugesund
footballcsv/cache.footballdata,https://raw.githubusercontent.com/footballcsv/cache.footballdata/f43a2aa0c65fb061c87e9541e7a567dd58ff933a/2022/no.1.csv,f43a2aa0c65fb061c87e9541e7a567dd58ff933a,238,2026-09-04T07:12:11.305Z,Eliteserien,2022,2022-11-13,Stromsgodset,Bodo/Glimt,2,4,A,,,,,source_reported_FT,Stromsgodset,Bodo/Glimt
footballcsv/cache.footballdata,https://raw.githubusercontent.com/footballcsv/cache.footballdata/f43a2aa0c65fb061c87e9541e7a567dd58ff933a/2022/no.1.csv,f43a2aa0c65fb061c87e9541e7a567dd58ff933a,239,2026-09-04T07:12:11.305Z,Eliteserien,2022,2022-11-13,Tromso,Aalesund,2,2,D,,,,,source_reported_FT,Tromso,Aalesund
footballcsv/cache.footballdata,https://raw.githubusercontent.com/footballcsv/cache.footballdata/f43a2aa0c65fb061c87e9541e7a567dd58ff933a/2022/no.1.csv,f43a2aa0c65fb061c87e9541e7a567dd58ff933a,240,2026-09-04T07:12:11.305Z,Eliteserien,2022,2022-11-13,Valerenga,Molde,1,2,A,,,,,source_reported_FT,Valerenga,Molde
footballcsv/cache.footballdata,https://raw.githubusercontent.com/footballcsv/cache.footballdata/f43a2aa0c65fb061c87e9541e7a567dd58ff933a/2022/no.1.csv,f43a2aa0c65fb061c87e9541e7a567dd58ff933a,241,2026-09-04T07:12:11.305Z,Eliteserien,2022,2022-11-13,Viking,Odd,1,1,D,,,,,source_reported_FT,Viking,Odd
footballcsv/cache.footballdata,https://raw.githubusercontent.com/footballcsv/cache.footballdata/f43a2aa0c65fb061c87e9541e7a567dd58ff933a/2022/no.1.csv,f43a2aa0c65fb061c87e9541e7a567dd58ff933a,242,2026-09-04T07:12:11.305Z,Eliteserien,2022,2022-11-16,Sandefjord,Kongsvinger,4,0,H,,,,,source_reported_FT,Sandefjord,Kongsvinger
footballcsv/cache.footballdata,https://raw.githubusercontent.com/footballcsv/cache.footballdata/f43a2aa0c65fb061c87e9541e7a567dd58ff933a/2022/no.1.csv,f43a2aa0c65fb061c87e9541e7a567dd58ff933a,243,2026-09-04T07:12:11.305Z,Eliteserien,2022,2022-11-19,Kongsvinger,Sandefjord,2,1,H,,,,,source_reported_FT,Kongsvinger,Sandefjord
footballcsv/cache.footballdata,https://raw.githubusercontent.com/footballcsv/cache.footballdata/f43a2aa0c65fb061c87e9541e7a567dd58ff933a/2023/no.1.csv,f43a2aa0c65fb061c87e9541e7a567dd58ff933a,3,2026-09-04T07:12:15.695Z,Eliteserien,2023,2023-04-10,Aalesund,Valerenga,0,1,A,,,,,source_reported_FT,Aalesund,Valerenga
footballcsv/cache.footballdata,https://raw.githubusercontent.com/footballcsv/cache.footballdata/f43a2aa0c65fb061c87e9541e7a567dd58ff933a/2023/no.1.csv,f43a2aa0c65fb061c87e9541e7a567dd58ff933a,8,2026-09-04T07:12:15.695Z,Eliteserien,2023,2023-04-10,Brann,Haugesund,3,0,H,,,,,source_reported_FT,Brann,Haugesund
footballcsv/cache.footballdata,https://raw.githubusercontent.com/footballcsv/cache.footballdata/f43a2aa0c65fb061c87e9541e7a567dd58ff933a/2023/no.1.csv,f43a2aa0c65fb061c87e9541e7a567dd58ff933a,4,2026-09-04T07:12:15.695Z,Eliteserien,2023,2023-04-10,HamKam,Sandefjord,2,0,H,,,,,source_reported_FT,Ham-Kam,Sandefjord
footballcsv/cache.footballdata,https://raw.githubusercontent.com/footballcsv/cache.footballdata/f43a2aa0c65fb061c87e9541e7a567dd58ff933a/2023/no.1.csv,f43a2aa0c65fb061c87e9541e7a567dd58ff933a,2,2026-09-04T07:12:15.695Z,Eliteserien,2023,2023-04-10,Rosenborg,Viking,1,0,H,,,,,source_reported_FT,Rosenborg,Viking
footballcsv/cache.footballdata,https://raw.githubusercontent.com/footballcsv/cache.footballdata/f43a2aa0c65fb061c87e9541e7a567dd58ff933a/2023/no.1.csv,f43a2aa0c65fb061c87e9541e7a567dd58ff933a,5,2026-09-04T07:12:15.695Z,Eliteserien,2023,2023-04-10,Sarpsborg 08,Bodo/Glimt,0,2,A,,,,,source_reported_FT,Sarpsborg 08,Bodo/Glimt
footballcsv/cache.footballdata,https://raw.githubusercontent.com/footballcsv/cache.footballdata/f43a2aa0c65fb061c87e9541e7a567dd58ff933a/2023/no.1.csv,f43a2aa0c65fb061c87e9541e7a567dd58ff933a,6,2026-09-04T07:12:15.695Z,Eliteserien,2023,2023-04-10,Stabaek,Odd,0,0,D,,,,,source_reported_FT,Stabaek,Odd
footballcsv/cache.footballdata,https://raw.githubusercontent.com/footballcsv/cache.footballdata/f43a2aa0c65fb061c87e9541e7a567dd58ff933a/2023/no.1.csv,f43a2aa0c65fb061c87e9541e7a567dd58ff933a,7,2026-09-04T07:12:15.695Z,Eliteserien,2023,2023-04-10,Tromso,Molde,1,0,H,,,,,source_reported_FT,Tromso,Molde
footballcsv/cache.footballdata,https://raw.githubusercontent.com/footballcsv/cache.footballdata/f43a2aa0c65fb061c87e9541e7a567dd58ff933a/2023/no.1.csv,f43a2aa0c65fb061c87e9541e7a567dd58ff933a,9,2026-09-04T07:12:15.695Z,Eliteserien,2023,2023-04-15,Viking,Lillestrom,2,0,H,,,,,source_reported_FT,Viking,Lillestrom
footballcsv/cache.footballdata,https://raw.githubusercontent.com/footballcsv/cache.footballdata/f43a2aa0c65fb061c87e9541e7a567dd58ff933a/2023/no.1.csv,f43a2aa0c65fb061c87e9541e7a567dd58ff933a,10,2026-09-04T07:12:15.695Z,Eliteserien,2023,2023-04-16,Bodo/Glimt,Stabaek,4,0,H,,,,,source_reported_FT,Bodo/Glimt,Stabaek
footballcsv/cache.footballdata,https://raw.githubusercontent.com/footballcsv/cache.footballdata/f43a2aa0c65fb061c87e9541e7a567dd58ff933a/2023/no.1.csv,f43a2aa0c65fb061c87e9541e7a567dd58ff933a,11,2026-09-04T07:12:15.695Z,Eliteserien,2023,2023-04-16,Haugesund,HamKam,3,2,H,,,,,source_reported_FT,Haugesund,Ham-Kam
footballcsv/cache.footballdata,https://raw.githubusercontent.com/footballcsv/cache.footballdata/f43a2aa0c65fb061c87e9541e7a567dd58ff933a/2023/no.1.csv,f43a2aa0c65fb061c87e9541e7a567dd58ff933a,12,2026-09-04T07:12:15.695Z,Eliteserien,2023,2023-04-16,Molde,Rosenborg,1,1,D,,,,,source_reported_FT,Molde,Rosenborg
footballcsv/cache.footballdata,https://raw.githubusercontent.com/footballcsv/cache.footballdata/f43a2aa0c65fb061c87e9541e7a567dd58ff933a/2023/no.1.csv,f43a2aa0c65fb061c87e9541e7a567dd58ff933a,13,2026-09-04T07:12:15.695Z,Eliteserien,2023,2023-04-16,Odd,Brann,2,0,H,,,,,source_reported_FT,Odd,Brann
footballcsv/cache.footballdata,https://raw.githubusercontent.com/footballcsv/cache.footballdata/f43a2aa0c65fb061c87e9541e7a567dd58ff933a/2023/no.1.csv,f43a2aa0c65fb061c87e9541e7a567dd58ff933a,14,2026-09-04T07:12:15.695Z,Eliteserien,2023,2023-04-16,Sandefjord,Tromso,0,0,D,,,,,source_reported_FT,Sandefjord,Tromso
footballcsv/cache.footballdata,https://raw.githubusercontent.com/footballcsv/cache.footballdata/f43a2aa0c65fb061c87e9541e7a567dd58ff933a/2023/no.1.csv,f43a2aa0c65fb061c87e9541e7a567dd58ff933a,15,2026-09-04T07:12:15.695Z,Eliteserien,2023,2023-04-16,Stromsgodset,Aalesund,1,0,H,,,,,source_reported_FT,Stromsgodset,Aalesund
footballcsv/cache.footballdata,https://raw.githubusercontent.com/footballcsv/cache.footballdata/f43a2aa0c65fb061c87e9541e7a567dd58ff933a/2023/no.1.csv,f43a2aa0c65fb061c87e9541e7a567dd58ff933a,16,2026-09-04T07:12:15.695Z,Eliteserien,2023,2023-04-16,Valerenga,Sarpsborg 08,0,2,A,,,,,source_reported_FT,Valerenga,Sarpsborg 08
footballcsv/cache.footballdata,https://raw.githubusercontent.com/footballcsv/cache.footballdata/f43a2aa0c65fb061c87e9541e7a567dd58ff933a/2023/no.1.csv,f43a2aa0c65fb061c87e9541e7a567dd58ff933a,17,2026-09-04T07:12:15.695Z,Eliteserien,2023,2023-04-19,Lillestrom,Stromsgodset,4,3,H,,,,,source_reported_FT,Lillestrom,Stromsgodset
footballcsv/cache.footballdata,https://raw.githubusercontent.com/footballcsv/cache.footballdata/f43a2aa0c65fb061c87e9541e7a567dd58ff933a/2023/no.1.csv,f43a2aa0c65fb061c87e9541e7a567dd58ff933a,18,2026-09-04T07:12:15.695Z,Eliteserien,2023,2023-04-22,Brann,Valerenga,3,1,H,,,,,source_reported_FT,Brann,Valerenga
footballcsv/cache.footballdata,https://raw.githubusercontent.com/footballcsv/cache.footballdata/f43a2aa0c65fb061c87e9541e7a567dd58ff933a/2023/no.1.csv,f43a2aa0c65fb061c87e9541e7a567dd58ff933a,19,2026-09-04T07:12:15.695Z,Eliteserien,2023,2023-04-23,Aalesund,Bodo/Glimt,0,3,A,,,,,source_reported_FT,Aalesund,Bodo/Glimt
footballcsv/cache.footballdata,https://raw.githubusercontent.com/footballcsv/cache.footballdata/f43a2aa0c65fb061c87e9541e7a567dd58ff933a/2023/no.1.csv,f43a2aa0c65fb061c87e9541e7a567dd58ff933a,20,2026-09-04T07:12:15.695Z,Eliteserien,2023,2023-04-23,HamKam,Stromsgodset,2,0,H,,,,,source_reported_FT,Ham-Kam,Stromsgodset
footballcsv/cache.footballdata,https://raw.githubusercontent.com/footballcsv/cache.footballdata/f43a2aa0c65fb061c87e9541e7a567dd58ff933a/2023/no.1.csv,f43a2aa0c65fb061c87e9541e7a567dd58ff933a,25,2026-09-04T07:12:15.695Z,Eliteserien,2023,2023-04-23,Lillestrom,Molde,2,1,H,,,,,source_reported_FT,Lillestrom,Molde
footballcsv/cache.footballdata,https://raw.githubusercontent.com/footballcsv/cache.footballdata/f43a2aa0c65fb061c87e9541e7a567dd58ff933a/2023/no.1.csv,f43a2aa0c65fb061c87e9541e7a567dd58ff933a,21,2026-09-04T07:12:15.695Z,Eliteserien,2023,2023-04-23,Rosenborg,Sandefjord,1,1,D,,,,,source_reported_FT,Rosenborg,Sandefjord
footballcsv/cache.footballdata,https://raw.githubusercontent.com/footballcsv/cache.footballdata/f43a2aa0c65fb061c87e9541e7a567dd58ff933a/2023/no.1.csv,f43a2aa0c65fb061c87e9541e7a567dd58ff933a,22,2026-09-04T07:12:15.695Z,Eliteserien,2023,2023-04-23,Sarpsborg 08,Odd,0,0,D,,,,,source_reported_FT,Sarpsborg 08,Odd
footballcsv/cache.footballdata,https://raw.githubusercontent.com/footballcsv/cache.footballdata/f43a2aa0c65fb061c87e9541e7a567dd58ff933a/2023/no.1.csv,f43a2aa0c65fb061c87e9541e7a567dd58ff933a,23,2026-09-04T07:12:15.695Z,Eliteserien,2023,2023-04-23,Stabaek,Haugesund,3,0,H,,,,,source_reported_FT,Stabaek,Haugesund
footballcsv/cache.footballdata,https://raw.githubusercontent.com/footballcsv/cache.footballdata/f43a2aa0c65fb061c87e9541e7a567dd58ff933a/2023/no.1.csv,f43a2aa0c65fb061c87e9541e7a567dd58ff933a,24,2026-09-04T07:12:15.695Z,Eliteserien,2023,2023-04-23,Tromso,Viking,1,1,D,,,,,source_reported_FT,Tromso,Viking
footballcsv/cache.footballdata,https://raw.githubusercontent.com/footballcsv/cache.footballdata/f43a2aa0c65fb061c87e9541e7a567dd58ff933a/2023/no.1.csv,f43a2aa0c65fb061c87e9541e7a567dd58ff933a,26,2026-09-04T07:12:15.695Z,Eliteserien,2023,2023-04-29,Bodo/Glimt,Brann,2,2,D,,,,,source_reported_FT,Bodo/Glimt,Brann
footballcsv/cache.footballdata,https://raw.githubusercontent.com/footballcsv/cache.footballdata/f43a2aa0c65fb061c87e9541e7a567dd58ff933a/2023/no.1.csv,f43a2aa0c65fb061c87e9541e7a567dd58ff933a,27,2026-09-04T07:12:15.695Z,Eliteserien,2023,2023-04-30,Haugesund,Sarpsborg 08,0,0,D,,,,,source_reported_FT,Haugesund,Sarpsborg 08
footballcsv/cache.footballdata,https://raw.githubusercontent.com/footballcsv/cache.footballdata/f43a2aa0c65fb061c87e9541e7a567dd58ff933a/2023/no.1.csv,f43a2aa0c65fb061c87e9541e7a567dd58ff933a,28,2026-09-04T07:12:15.695Z,Eliteserien,2023,2023-04-30,Molde,Stabaek,2,3,A,,,,,source_reported_FT,Molde,Stabaek
footballcsv/cache.footballdata,https://raw.githubusercontent.com/footballcsv/cache.footballdata/f43a2aa0c65fb061c87e9541e7a567dd58ff933a/2023/no.1.csv,f43a2aa0c65fb061c87e9541e7a567dd58ff933a,32,2026-09-04T07:12:15.695Z,Eliteserien,2023,2023-04-30,Odd,Rosenborg,0,0,D,,,,,source_reported_FT,Odd,Rosenborg
footballcsv/cache.footballdata,https://raw.githubusercontent.com/footballcsv/cache.footballdata/f43a2aa0c65fb061c87e9541e7a567dd58ff933a/2023/no.1.csv,f43a2aa0c65fb061c87e9541e7a567dd58ff933a,29,2026-09-04T07:12:15.695Z,Eliteserien,2023,2023-04-30,Sandefjord,Aalesund,4,0,H,,,,,source_reported_FT,Sandefjord,Aalesund
footballcsv/cache.footballdata,https://raw.githubusercontent.com/footballcsv/cache.footballdata/f43a2aa0c65fb061c87e9541e7a567dd58ff933a/2023/no.1.csv,f43a2aa0c65fb061c87e9541e7a567dd58ff933a,30,2026-09-04T07:12:15.695Z,Eliteserien,2023,2023-04-30,Stromsgodset,Tromso,0,1,A,,,,,source_reported_FT,Stromsgodset,Tromso
footballcsv/cache.footballdata,https://raw.githubusercontent.com/footballcsv/cache.footballdata/f43a2aa0c65fb061c87e9541e7a567dd58ff933a/2023/no.1.csv,f43a2aa0c65fb061c87e9541e7a567dd58ff933a,31,2026-09-04T07:12:15.695Z,Eliteserien,2023,2023-04-30,Viking,HamKam,7,3,H,,,,,source_reported_FT,Viking,Ham-Kam
footballcsv/cache.footballdata,https://raw.githubusercontent.com/footballcsv/cache.footballdata/f43a2aa0c65fb061c87e9541e7a567dd58ff933a/2023/no.1.csv,f43a2aa0c65fb061c87e9541e7a567dd58ff933a,33,2026-09-04T07:12:15.695Z,Eliteserien,2023,2023-05-01,Valerenga,Lillestrom,3,4,A,,,,,source_reported_FT,Valerenga,Lillestrom
footballcsv/cache.footballdata,https://raw.githubusercontent.com/footballcsv/cache.footballdata/f43a2aa0c65fb061c87e9541e7a567dd58ff933a/2023/no.1.csv,f43a2aa0c65fb061c87e9541e7a567dd58ff933a,34,2026-09-04T07:12:15.695Z,Eliteserien,2023,2023-05-03,Bodo/Glimt,Odd,2,0,H,,,,,source_reported_FT,Bodo/Glimt,Odd
footballcsv/cache.footballdata,https://raw.githubusercontent.com/footballcsv/cache.footballdata/f43a2aa0c65fb061c87e9541e7a567dd58ff933a/2023/no.1.csv,f43a2aa0c65fb061c87e9541e7a567dd58ff933a,35,2026-09-04T07:12:15.695Z,Eliteserien,2023,2023-05-03,Molde,Aalesund,3,0,H,,,,,source_reported_FT,Molde,Aalesund
footballcsv/cache.footballdata,https://raw.githubusercontent.com/footballcsv/cache.footballdata/f43a2aa0c65fb061c87e9541e7a567dd58ff933a/2023/no.1.csv,f43a2aa0c65fb061c87e9541e7a567dd58ff933a,36,2026-09-04T07:12:15.695Z,Eliteserien,2023,2023-05-03,Rosenborg,Brann,0,2,A,,,,,source_reported_FT,Rosenborg,Brann
footballcsv/cache.footballdata,https://raw.githubusercontent.com/footballcsv/cache.footballdata/f43a2aa0c65fb061c87e9541e7a567dd58ff933a/2023/no.1.csv,f43a2aa0c65fb061c87e9541e7a567dd58ff933a,37,2026-09-04T07:12:15.695Z,Eliteserien,2023,2023-05-06,Rosenborg,Valerenga,1,3,A,,,,,source_reported_FT,Rosenborg,Valerenga
footballcsv/cache.footballdata,https://raw.githubusercontent.com/footballcsv/cache.footballdata/f43a2aa0c65fb061c87e9541e7a567dd58ff933a/2023/no.1.csv,f43a2aa0c65fb061c87e9541e7a567dd58ff933a,38,2026-09-04T07:12:15.695Z,Eliteserien,2023,2023-05-07,Aalesund,Haugesund,0,0,D,,,,,source_reported_FT,Aalesund,Haugesund
footballcsv/cache.footballdata,https://raw.githubusercontent.com/footballcsv/cache.footballdata/f43a2aa0c65fb061c87e9541e7a567dd58ff933a/2023/no.1.csv,f43a2aa0c65fb061c87e9541e7a567dd58ff933a,39,2026-09-04T07:12:15.695Z,Eliteserien,2023,2023-05-07,HamKam,Molde,0,4,A,,,,,source_reported_FT,Ham-Kam,Molde
footballcsv/cache.footballdata,https://raw.githubusercontent.com/footballcsv/cache.footballdata/f43a2aa0c65fb061c87e9541e7a567dd58ff933a/2023/no.1.csv,f43a2aa0c65fb061c87e9541e7a567dd58ff933a,43,2026-09-04T07:12:15.695Z,Eliteserien,2023,2023-05-07,Lillestrom,Bodo/Glimt,1,2,A,,,,,source_reported_FT,Lillestrom,Bodo/Glimt
footballcsv/cache.footballdata,https://raw.githubusercontent.com/footballcsv/cache.footballdata/f43a2aa0c65fb061c87e9541e7a567dd58ff933a/2023/no.1.csv,f43a2aa0c65fb061c87e9541e7a567dd58ff933a,40,2026-09-04T07:12:15.695Z,Eliteserien,2023,2023-05-07,Stabaek,Sarpsborg 08,1,1,D,,,,,source_reported_FT,Stabaek,Sarpsborg 08
footballcsv/cache.footballdata,https://raw.githubusercontent.com/footballcsv/cache.footballdata/f43a2aa0c65fb061c87e9541e7a567dd58ff933a/2023/no.1.csv,f43a2aa0c65fb061c87e9541e7a567dd58ff933a,41,2026-09-04T07:12:15.695Z,Eliteserien,2023,2023-05-07,Tromso,Odd,0,1,A,,,,,source_reported_FT,Tromso,Odd
footballcsv/cache.footballdata,https://raw.githubusercontent.com/footballcsv/cache.footballdata/f43a2aa0c65fb061c87e9541e7a567dd58ff933a/2023/no.1.csv,f43a2aa0c65fb061c87e9541e7a567dd58ff933a,42,2026-09-04T07:12:15.695Z,Eliteserien,2023,2023-05-07,Viking,Stromsgodset,1,1,D,,,,,source_reported_FT,Viking,Stromsgodset
footballcsv/cache.footballdata,https://raw.githubusercontent.com/footballcsv/cache.footballdata/f43a2aa0c65fb061c87e9541e7a567dd58ff933a/2023/no.1.csv,f43a2aa0c65fb061c87e9541e7a567dd58ff933a,44,2026-09-04T07:12:15.695Z,Eliteserien,2023,2023-05-08,Brann,Sandefjord,0,0,D,,,,,source_reported_FT,Brann,Sandefjord
footballcsv/cache.footballdata,https://raw.githubusercontent.com/footballcsv/cache.footballdata/f43a2aa0c65fb061c87e9541e7a567dd58ff933a/2023/no.1.csv,f43a2aa0c65fb061c87e9541e7a567dd58ff933a,45,2026-09-04T07:12:15.695Z,Eliteserien,2023,2023-05-12,Odd,Lillestrom,0,1,A,,,,,source_reported_FT,Odd,Lillestrom
footballcsv/cache.footballdata,https://raw.githubusercontent.com/footballcsv/cache.footballdata/f43a2aa0c65fb061c87e9541e7a567dd58ff933a/2023/no.1.csv,f43a2aa0c65fb061c87e9541e7a567dd58ff933a,46,2026-09-04T07:12:15.695Z,Eliteserien,2023,2023-05-13,Bodo/Glimt,Rosenborg,3,2,H,,,,,source_reported_FT,Bodo/Glimt,Rosenborg
footballcsv/cache.footballdata,https://raw.githubusercontent.com/footballcsv/cache.footballdata/f43a2aa0c65fb061c87e9541e7a567dd58ff933a/2023/no.1.csv,f43a2aa0c65fb061c87e9541e7a567dd58ff933a,47,2026-09-04T07:12:15.695Z,Eliteserien,2023,2023-05-13,HamKam,Tromso,1,2,A,,,,,source_reported_FT,Ham-Kam,Tromso
footballcsv/cache.footballdata,https://raw.githubusercontent.com/footballcsv/cache.footballdata/f43a2aa0c65fb061c87e9541e7a567dd58ff933a/2023/no.1.csv,f43a2aa0c65fb061c87e9541e7a567dd58ff933a,52,2026-09-04T07:12:15.695Z,Eliteserien,2023,2023-05-13,Haugesund,Valerenga,1,1,D,,,,,source_reported_FT,Haugesund,Valerenga
footballcsv/cache.footballdata,https://raw.githubusercontent.com/footballcsv/cache.footballdata/f43a2aa0c65fb061c87e9541e7a567dd58ff933a/2023/no.1.csv,f43a2aa0c65fb061c87e9541e7a567dd58ff933a,48,2026-09-04T07:12:15.695Z,Eliteserien,2023,2023-05-13,Molde,Stromsgodset,3,2,H,,,,,source_reported_FT,Molde,Stromsgodset
footballcsv/cache.footballdata,https://raw.githubusercontent.com/footballcsv/cache.footballdata/f43a2aa0c65fb061c87e9541e7a567dd58ff933a/2023/no.1.csv,f43a2aa0c65fb061c87e9541e7a567dd58ff933a,49,2026-09-04T07:12:15.695Z,Eliteserien,2023,2023-05-13,Sandefjord,Viking,1,2,A,,,,,source_reported_FT,Sandefjord,Viking
footballcsv/cache.footballdata,https://raw.githubusercontent.com/footballcsv/cache.footballdata/f43a2aa0c65fb061c87e9541e7a567dd58ff933a/2023/no.1.csv,f43a2aa0c65fb061c87e9541e7a567dd58ff933a,50,2026-09-04T07:12:15.695Z,Eliteserien,2023,2023-05-13,Sarpsborg 08,Brann,2,1,H,,,,,source_reported_FT,Sarpsborg 08,Brann
footballcsv/cache.footballdata,https://raw.githubusercontent.com/footballcsv/cache.footballdata/f43a2aa0c65fb061c87e9541e7a567dd58ff933a/2023/no.1.csv,f43a2aa0c65fb061c87e9541e7a567dd58ff933a,51,2026-09-04T07:12:15.695Z,Eliteserien,2023,2023-05-13,Stabaek,Aalesund,1,0,H,,,,,source_reported_FT,Stabaek,Aalesund
footballcsv/cache.footballdata,https://raw.githubusercontent.com/footballcsv/cache.footballdata/f43a2aa0c65fb061c87e9541e7a567dd58ff933a/2023/no.1.csv,f43a2aa0c65fb061c87e9541e7a567dd58ff933a,53,2026-09-04T07:12:15.695Z,Eliteserien,2023,2023-05-16,Aalesund,Molde,3,1,H,,,,,source_reported_FT,Aalesund,Molde
footballcsv/cache.footballdata,https://raw.githubusercontent.com/footballcsv/cache.footballdata/f43a2aa0c65fb061c87e9541e7a567dd58ff933a/2023/no.1.csv,f43a2aa0c65fb061c87e9541e7a567dd58ff933a,54,2026-09-04T07:12:15.695Z,Eliteserien,2023,2023-05-16,Brann,Stabaek,4,1,H,,,,,source_reported_FT,Brann,Stabaek
footballcsv/cache.footballdata,https://raw.githubusercontent.com/footballcsv/cache.footballdata/f43a2aa0c65fb061c87e9541e7a567dd58ff933a/2023/no.1.csv,f43a2aa0c65fb061c87e9541e7a567dd58ff933a,55,2026-09-04T07:12:15.695Z,Eliteserien,2023,2023-05-16,Lillestrom,Sarpsborg 08,1,2,A,,,,,source_reported_FT,Lillestrom,Sarpsborg 08
footballcsv/cache.footballdata,https://raw.githubusercontent.com/footballcsv/cache.footballdata/f43a2aa0c65fb061c87e9541e7a567dd58ff933a/2023/no.1.csv,f43a2aa0c65fb061c87e9541e7a567dd58ff933a,56,2026-09-04T07:12:15.695Z,Eliteserien,2023,2023-05-16,Rosenborg,Haugesund,1,0,H,,,,,source_reported_FT,Rosenborg,Haugesund
footballcsv/cache.footballdata,https://raw.githubusercontent.com/footballcsv/cache.footballdata/f43a2aa0c65fb061c87e9541e7a567dd58ff933a/2023/no.1.csv,f43a2aa0c65fb061c87e9541e7a567dd58ff933a,57,2026-09-04T07:12:15.695Z,Eliteserien,2023,2023-05-16,Stromsgodset,Sandefjord,1,0,H,,,,,source_reported_FT,Stromsgodset,Sandefjord
footballcsv/cache.footballdata,https://raw.githubusercontent.com/footballcsv/cache.footballdata/f43a2aa0c65fb061c87e9541e7a567dd58ff933a/2023/no.1.csv,f43a2aa0c65fb061c87e9541e7a567dd58ff933a,58,2026-09-04T07:12:15.695Z,Eliteserien,2023,2023-05-16,Tromso,Bodo/Glimt,2,3,A,,,,,source_reported_FT,Tromso,Bodo/Glimt
footballcsv/cache.footballdata,https://raw.githubusercontent.com/footballcsv/cache.footballdata/f43a2aa0c65fb061c87e9541e7a567dd58ff933a/2023/no.1.csv,f43a2aa0c65fb061c87e9541e7a567dd58ff933a,59,2026-09-04T07:12:15.695Z,Eliteserien,2023,2023-05-16,Valerenga,HamKam,3,0,H,,,,,source_reported_FT,Valerenga,Ham-Kam
footballcsv/cache.footballdata,https://raw.githubusercontent.com/footballcsv/cache.footballdata/f43a2aa0c65fb061c87e9541e7a567dd58ff933a/2023/no.1.csv,f43a2aa0c65fb061c87e9541e7a567dd58ff933a,60,2026-09-04T07:12:15.695Z,Eliteserien,2023,2023-05-16,Viking,Odd,3,2,H,,,,,source_reported_FT,Viking,Odd
footballcsv/cache.footballdata,https://raw.githubusercontent.com/footballcsv/cache.footballdata/f43a2aa0c65fb061c87e9541e7a567dd58ff933a/2023/no.1.csv,f43a2aa0c65fb061c87e9541e7a567dd58ff933a,61,2026-09-04T07:12:15.695Z,Eliteserien,2023,2023-05-29,Bodo/Glimt,Viking,5,1,H,,,,,source_reported_FT,Bodo/Glimt,Viking
footballcsv/cache.footballdata,https://raw.githubusercontent.com/footballcsv/cache.footballdata/f43a2aa0c65fb061c87e9541e7a567dd58ff933a/2023/no.1.csv,f43a2aa0c65fb061c87e9541e7a567dd58ff933a,62,2026-09-04T07:12:15.695Z,Eliteserien,2023,2023-05-29,Brann,Rosenborg,3,1,H,,,,,source_reported_FT,Brann,Rosenborg
footballcsv/cache.footballdata,https://raw.githubusercontent.com/footballcsv/cache.footballdata/f43a2aa0c65fb061c87e9541e7a567dd58ff933a/2023/no.1.csv,f43a2aa0c65fb061c87e9541e7a567dd58ff933a,68,2026-09-04T07:12:15.695Z,Eliteserien,2023,2023-05-29,HamKam,Lillestrom,0,0,D,,,,,source_reported_FT,Ham-Kam,Lillestrom
footballcsv/cache.footballdata,https://raw.githubusercontent.com/footballcsv/cache.footballdata/f43a2aa0c65fb061c87e9541e7a567dd58ff933a/2023/no.1.csv,f43a2aa0c65fb061c87e9541e7a567dd58ff933a,63,2026-09-04T07:12:15.695Z,Eliteserien,2023,2023-05-29,Haugesund,Tromso,1,2,A,,,,,source_reported_FT,Haugesund,Tromso
footballcsv/cache.footballdata,https://raw.githubusercontent.com/footballcsv/cache.footballdata/f43a2aa0c65fb061c87e9541e7a567dd58ff933a/2023/no.1.csv,f43a2aa0c65fb061c87e9541e7a567dd58ff933a,64,2026-09-04T07:12:15.695Z,Eliteserien,2023,2023-05-29,Molde,Sandefjord,5,0,H,,,,,source_reported_FT,Molde,Sandefjord
footballcsv/cache.footballdata,https://raw.githubusercontent.com/footballcsv/cache.footballdata/f43a2aa0c65fb061c87e9541e7a567dd58ff933a/2023/no.1.csv,f43a2aa0c65fb061c87e9541e7a567dd58ff933a,65,2026-09-04T07:12:15.695Z,Eliteserien,2023,2023-05-29,Odd,Stromsgodset,1,1,D,,,,,source_reported_FT,Odd,Stromsgodset
footballcsv/cache.footballdata,https://raw.githubusercontent.com/footballcsv/cache.footballdata/f43a2aa0c65fb061c87e9541e7a567dd58ff933a/2023/no.1.csv,f43a2aa0c65fb061c87e9541e7a567dd58ff933a,66,2026-09-04T07:12:15.695Z,Eliteserien,2023,2023-05-29,Sarpsborg 08,Aalesund,3,1,H,,,,,source_reported_FT,Sarpsborg 08,Aalesund
footballcsv/cache.footballdata,https://raw.githubusercontent.com/footballcsv/cache.footballdata/f43a2aa0c65fb061c87e9541e7a567dd58ff933a/2023/no.1.csv,f43a2aa0c65fb061c87e9541e7a567dd58ff933a,67,2026-09-04T07:12:15.695Z,Eliteserien,2023,2023-05-29,Stabaek,Valerenga,2,1,H,,,,,source_reported_FT,Stabaek,Valerenga
footballcsv/cache.footballdata,https://raw.githubusercontent.com/footballcsv/cache.footballdata/f43a2aa0c65fb061c87e9541e7a567dd58ff933a/2023/no.1.csv,f43a2aa0c65fb061c87e9541e7a567dd58ff933a,69,2026-09-04T07:12:15.695Z,Eliteserien,2023,2023-06-04,Aalesund,Brann,1,3,A,,,,,source_reported_FT,Aalesund,Brann
footballcsv/cache.footballdata,https://raw.githubusercontent.com/footballcsv/cache.footballdata/f43a2aa0c65fb061c87e9541e7a567dd58ff933a/2023/no.1.csv,f43a2aa0c65fb061c87e9541e7a567dd58ff933a,70,2026-09-04T07:12:15.695Z,Eliteserien,2023,2023-06-04,Lillestrom,Stabaek,3,1,H,,,,,source_reported_FT,Lillestrom,Stabaek
footballcsv/cache.footballdata,https://raw.githubusercontent.com/footballcsv/cache.footballdata/f43a2aa0c65fb061c87e9541e7a567dd58ff933a/2023/no.1.csv,f43a2aa0c65fb061c87e9541e7a567dd58ff933a,71,2026-09-04T07:12:15.695Z,Eliteserien,2023,2023-06-04,Rosenborg,HamKam,4,0,H,,,,,source_reported_FT,Rosenborg,Ham-Kam
footballcsv/cache.footballdata,https://raw.githubusercontent.com/footballcsv/cache.footballdata/f43a2aa0c65fb061c87e9541e7a567dd58ff933a/2023/no.1.csv,f43a2aa0c65fb061c87e9541e7a567dd58ff933a,72,2026-09-04T07:12:15.695Z,Eliteserien,2023,2023-06-04,Sandefjord,Odd,4,1,H,,,,,source_reported_FT,Sandefjord,Odd
footballcsv/cache.footballdata,https://raw.githubusercontent.com/footballcsv/cache.footballdata/f43a2aa0c65fb061c87e9541e7a567dd58ff933a/2023/no.1.csv,f43a2aa0c65fb061c87e9541e7a567dd58ff933a,73,2026-09-04T07:12:15.695Z,Eliteserien,2023,2023-06-04,Stromsgodset,Haugesund,1,2,A,,,,,source_reported_FT,Stromsgodset,Haugesund
footballcsv/cache.footballdata,https://raw.githubusercontent.com/footballcsv/cache.footballdata/f43a2aa0c65fb061c87e9541e7a567dd58ff933a/2023/no.1.csv,f43a2aa0c65fb061c87e9541e7a567dd58ff933a,74,2026-09-04T07:12:15.695Z,Eliteserien,2023,2023-06-04,Tromso,Sarpsborg 08,2,1,H,,,,,source_reported_FT,Tromso,Sarpsborg 08
footballcsv/cache.footballdata,https://raw.githubusercontent.com/footballcsv/cache.footballdata/f43a2aa0c65fb061c87e9541e7a567dd58ff933a/2023/no.1.csv,f43a2aa0c65fb061c87e9541e7a567dd58ff933a,75,2026-09-04T07:12:15.695Z,Eliteserien,2023,2023-06-04,Valerenga,Bodo/Glimt,1,3,A,,,,,source_reported_FT,Valerenga,Bodo/Glimt
footballcsv/cache.footballdata,https://raw.githubusercontent.com/footballcsv/cache.footballdata/f43a2aa0c65fb061c87e9541e7a567dd58ff933a/2023/no.1.csv,f43a2aa0c65fb061c87e9541e7a567dd58ff933a,76,2026-09-04T07:12:15.695Z,Eliteserien,2023,2023-06-04,Viking,Molde,3,4,A,,,,,source_reported_FT,Viking,Molde
footballcsv/cache.footballdata,https://raw.githubusercontent.com/footballcsv/cache.footballdata/f43a2aa0c65fb061c87e9541e7a567dd58ff933a/2023/no.1.csv,f43a2aa0c65fb061c87e9541e7a567dd58ff933a,77,2026-09-04T07:12:15.695Z,Eliteserien,2023,2023-06-11,Aalesund,Tromso,2,3,A,,,,,source_reported_FT,Aalesund,Tromso
footballcsv/cache.footballdata,https://raw.githubusercontent.com/footballcsv/cache.footballdata/f43a2aa0c65fb061c87e9541e7a567dd58ff933a/2023/no.1.csv,f43a2aa0c65fb061c87e9541e7a567dd58ff933a,78,2026-09-04T07:12:15.695Z,Eliteserien,2023,2023-06-11,Bodo/Glimt,HamKam,3,0,H,,,,,source_reported_FT,Bodo/Glimt,Ham-Kam
footballcsv/cache.footballdata,https://raw.githubusercontent.com/footballcsv/cache.footballdata/f43a2aa0c65fb061c87e9541e7a567dd58ff933a/2023/no.1.csv,f43a2aa0c65fb061c87e9541e7a567dd58ff933a,84,2026-09-04T07:12:15.695Z,Eliteserien,2023,2023-06-11,Brann,Lillestrom,2,2,D,,,,,source_reported_FT,Brann,Lillestrom
footballcsv/cache.footballdata,https://raw.githubusercontent.com/footballcsv/cache.footballdata/f43a2aa0c65fb061c87e9541e7a567dd58ff933a/2023/no.1.csv,f43a2aa0c65fb061c87e9541e7a567dd58ff933a,79,2026-09-04T07:12:15.695Z,Eliteserien,2023,2023-06-11,Haugesund,Sandefjord,3,2,H,,,,,source_reported_FT,Haugesund,Sandefjord
footballcsv/cache.footballdata,https://raw.githubusercontent.com/footballcsv/cache.footballdata/f43a2aa0c65fb061c87e9541e7a567dd58ff933a/2023/no.1.csv,f43a2aa0c65fb061c87e9541e7a567dd58ff933a,80,2026-09-04T07:12:15.695Z,Eliteserien,2023,2023-06-11,Odd,Molde,1,0,H,,,,,source_reported_FT,Odd,Molde
footballcsv/cache.footballdata,https://raw.githubusercontent.com/footballcsv/cache.footballdata/f43a2aa0c65fb061c87e9541e7a567dd58ff933a/2023/no.1.csv,f43a2aa0c65fb061c87e9541e7a567dd58ff933a,81,2026-09-04T07:12:15.695Z,Eliteserien,2023,2023-06-11,Sarpsborg 08,Viking,1,3,A,,,,,source_reported_FT,Sarpsborg 08,Viking
footballcsv/cache.footballdata,https://raw.githubusercontent.com/footballcsv/cache.footballdata/f43a2aa0c65fb061c87e9541e7a567dd58ff933a/2023/no.1.csv,f43a2aa0c65fb061c87e9541e7a567dd58ff933a,82,2026-09-04T07:12:15.695Z,Eliteserien,2023,2023-06-11,Stabaek,Rosenborg,2,2,D,,,,,source_reported_FT,Stabaek,Rosenborg
footballcsv/cache.footballdata,https://raw.githubusercontent.com/footballcsv/cache.footballdata/f43a2aa0c65fb061c87e9541e7a567dd58ff933a/2023/no.1.csv,f43a2aa0c65fb061c87e9541e7a567dd58ff933a,83,2026-09-04T07:12:15.695Z,Eliteserien,2023,2023-06-11,Valerenga,Stromsgodset,0,1,A,,,,,source_reported_FT,Valerenga,Stromsgodset
footballcsv/cache.footballdata,https://raw.githubusercontent.com/footballcsv/cache.footballdata/f43a2aa0c65fb061c87e9541e7a567dd58ff933a/2023/no.1.csv,f43a2aa0c65fb061c87e9541e7a567dd58ff933a,85,2026-09-04T07:12:15.695Z,Eliteserien,2023,2023-06-24,Viking,Brann,3,1,H,,,,,source_reported_FT,Viking,Brann
footballcsv/cache.footballdata,https://raw.githubusercontent.com/footballcsv/cache.footballdata/f43a2aa0c65fb061c87e9541e7a567dd58ff933a/2023/no.1.csv,f43a2aa0c65fb061c87e9541e7a567dd58ff933a,86,2026-09-04T07:12:15.695Z,Eliteserien,2023,2023-06-25,HamKam,Odd,0,1,A,,,,,source_reported_FT,Ham-Kam,Odd
footballcsv/cache.footballdata,https://raw.githubusercontent.com/footballcsv/cache.footballdata/f43a2aa0c65fb061c87e9541e7a567dd58ff933a/2023/no.1.csv,f43a2aa0c65fb061c87e9541e7a567dd58ff933a,87,2026-09-04T07:12:15.695Z,Eliteserien,2023,2023-06-25,Molde,Haugesund,1,0,H,,,,,source_reported_FT,Molde,Haugesund
footballcsv/cache.footballdata,https://raw.githubusercontent.com/footballcsv/cache.footballdata/f43a2aa0c65fb061c87e9541e7a567dd58ff933a/2023/no.1.csv,f43a2aa0c65fb061c87e9541e7a567dd58ff933a,88,2026-09-04T07:12:15.695Z,Eliteserien,2023,2023-06-25,Rosenborg,Sarpsborg 08,0,3,A,,,,,source_reported_FT,Rosenborg,Sarpsborg 08
footballcsv/cache.footballdata,https://raw.githubusercontent.com/footballcsv/cache.footballdata/f43a2aa0c65fb061c87e9541e7a567dd58ff933a/2023/no.1.csv,f43a2aa0c65fb061c87e9541e7a567dd58ff933a,90,2026-09-04T07:12:15.695Z,Eliteserien,2023,2023-06-25,Stromsgodset,Bodo/Glimt,2,0,H,,,,,source_reported_FT,Stromsgodset,Bodo/Glimt
footballcsv/cache.footballdata,https://raw.githubusercontent.com/footballcsv/cache.footballdata/f43a2aa0c65fb061c87e9541e7a567dd58ff933a/2023/no.1.csv,f43a2aa0c65fb061c87e9541e7a567dd58ff933a,89,2026-09-04T07:12:15.695Z,Eliteserien,2023,2023-06-25,Tromso,Stabaek,2,1,H,,,,,source_reported_FT,Tromso,Stabaek
footballcsv/cache.footballdata,https://raw.githubusercontent.com/footballcsv/cache.footballdata/f43a2aa0c65fb061c87e9541e7a567dd58ff933a/2023/no.1.csv,f43a2aa0c65fb061c87e9541e7a567dd58ff933a,91,2026-09-04T07:12:15.695Z,Eliteserien,2023,2023-07-01,Valerenga,Viking,1,2,A,,,,,source_reported_FT,Valerenga,Viking
footballcsv/cache.footballdata,https://raw.githubusercontent.com/footballcsv/cache.footballdata/f43a2aa0c65fb061c87e9541e7a567dd58ff933a/2023/no.1.csv,f43a2aa0c65fb061c87e9541e7a567dd58ff933a,92,2026-09-04T07:12:15.695Z,Eliteserien,2023,2023-07-02,Aalesund,Rosenborg,1,0,H,,,,,source_reported_FT,Aalesund,Rosenborg
footballcsv/cache.footballdata,https://raw.githubusercontent.com/footballcsv/cache.footballdata/f43a2aa0c65fb061c87e9541e7a567dd58ff933a/2023/no.1.csv,f43a2aa0c65fb061c87e9541e7a567dd58ff933a,97,2026-09-04T07:12:15.695Z,Eliteserien,2023,2023-07-02,Bodo/Glimt,Molde,2,2,D,,,,,source_reported_FT,Bodo/Glimt,Molde
footballcsv/cache.footballdata,https://raw.githubusercontent.com/footballcsv/cache.footballdata/f43a2aa0c65fb061c87e9541e7a567dd58ff933a/2023/no.1.csv,f43a2aa0c65fb061c87e9541e7a567dd58ff933a,93,2026-09-04T07:12:15.695Z,Eliteserien,2023,2023-07-02,Brann,HamKam,2,1,H,,,,,source_reported_FT,Brann,Ham-Kam
footballcsv/cache.footballdata,https://raw.githubusercontent.com/footballcsv/cache.footballdata/f43a2aa0c65fb061c87e9541e7a567dd58ff933a/2023/no.1.csv,f43a2aa0c65fb061c87e9541e7a567dd58ff933a,94,2026-09-04T07:12:15.695Z,Eliteserien,2023,2023-07-02,Haugesund,Odd,2,1,H,,,,,source_reported_FT,Haugesund,Odd
footballcsv/cache.footballdata,https://raw.githubusercontent.com/footballcsv/cache.footballdata/f43a2aa0c65fb061c87e9541e7a567dd58ff933a/2023/no.1.csv,f43a2aa0c65fb061c87e9541e7a567dd58ff933a,95,2026-09-04T07:12:15.695Z,Eliteserien,2023,2023-07-02,Lillestrom,Tromso,0,1,A,,,,,source_reported_FT,Lillestrom,Tromso
footballcsv/cache.footballdata,https://raw.githubusercontent.com/footballcsv/cache.footballdata/f43a2aa0c65fb061c87e9541e7a567dd58ff933a/2023/no.1.csv,f43a2aa0c65fb061c87e9541e7a567dd58ff933a,96,2026-09-04T07:12:15.695Z,Eliteserien,2023,2023-07-02,Sarpsborg 08,Sandefjord,6,1,H,,,,,source_reported_FT,Sarpsborg 08,Sandefjord
footballcsv/cache.footballdata,https://raw.githubusercontent.com/footballcsv/cache.footballdata/f43a2aa0c65fb061c87e9541e7a567dd58ff933a/2023/no.1.csv,f43a2aa0c65fb061c87e9541e7a567dd58ff933a,98,2026-09-04T07:12:15.695Z,Eliteserien,2023,2023-07-03,Stabaek,Stromsgodset,0,1,A,,,,,source_reported_FT,Stabaek,Stromsgodset
footballcsv/cache.footballdata,https://raw.githubusercontent.com/footballcsv/cache.footballdata/f43a2aa0c65fb061c87e9541e7a567dd58ff933a/2023/no.1.csv,f43a2aa0c65fb061c87e9541e7a567dd58ff933a,99,2026-09-04T07:12:15.695Z,Eliteserien,2023,2023-07-07,HamKam,Aalesund,2,1,H,,,,,source_reported_FT,Ham-Kam,Aalesund
footballcsv/cache.footballdata,https://raw.githubusercontent.com/footballcsv/cache.footballdata/f43a2aa0c65fb061c87e9541e7a567dd58ff933a/2023/no.1.csv,f43a2aa0c65fb061c87e9541e7a567dd58ff933a,100,2026-09-04T07:12:15.695Z,Eliteserien,2023,2023-07-08,Viking,Haugesund,2,0,H,,,,,source_reported_FT,Viking,Haugesund
footballcsv/cache.footballdata,https://raw.githubusercontent.com/footballcsv/cache.footballdata/f43a2aa0c65fb061c87e9541e7a567dd58ff933a/2023/no.1.csv,f43a2aa0c65fb061c87e9541e7a567dd58ff933a,106,2026-09-04T07:12:15.695Z,Eliteserien,2023,2023-07-09,Molde,Brann,2,0,H,,,,,source_reported_FT,Molde,Brann
footballcsv/cache.footballdata,https://raw.githubusercontent.com/footballcsv/cache.footballdata/f43a2aa0c65fb061c87e9541e7a567dd58ff933a/2023/no.1.csv,f43a2aa0c65fb061c87e9541e7a567dd58ff933a,101,2026-09-04T07:12:15.695Z,Eliteserien,2023,2023-07-09,Odd,Bodo/Glimt,0,2,A,,,,,source_reported_FT,Odd,Bodo/Glimt
footballcsv/cache.footballdata,https://raw.githubusercontent.com/footballcsv/cache.footballdata/f43a2aa0c65fb061c87e9541e7a567dd58ff933a/2023/no.1.csv,f43a2aa0c65fb061c87e9541e7a567dd58ff933a,102,2026-09-04T07:12:15.695Z,Eliteserien,2023,2023-07-09,Rosenborg,Lillestrom,1,2,A,,,,,source_reported_FT,Rosenborg,Lillestrom
footballcsv/cache.footballdata,https://raw.githubusercontent.com/footballcsv/cache.footballdata/f43a2aa0c65fb061c87e9541e7a567dd58ff933a/2023/no.1.csv,f43a2aa0c65fb061c87e9541e7a567dd58ff933a,103,2026-09-04T07:12:15.695Z,Eliteserien,2023,2023-07-09,Sandefjord,Stabaek,0,0,D,,,,,source_reported_FT,Sandefjord,Stabaek
footballcsv/cache.footballdata,https://raw.githubusercontent.com/footballcsv/cache.footballdata/f43a2aa0c65fb061c87e9541e7a567dd58ff933a/2023/no.1.csv,f43a2aa0c65fb061c87e9541e7a567dd58ff933a,104,2026-09-04T07:12:15.695Z,Eliteserien,2023,2023-07-09,Stromsgodset,Sarpsborg 08,5,2,H,,,,,source_reported_FT,Stromsgodset,Sarpsborg 08
footballcsv/cache.footballdata,https://raw.githubusercontent.com/footballcsv/cache.footballdata/f43a2aa0c65fb061c87e9541e7a567dd58ff933a/2023/no.1.csv,f43a2aa0c65fb061c87e9541e7a567dd58ff933a,105,2026-09-04T07:12:15.695Z,Eliteserien,2023,2023-07-09,Tromso,Valerenga,0,0,D,,,,,source_reported_FT,Tromso,Valerenga
footballcsv/cache.footballdata,https://raw.githubusercontent.com/footballcsv/cache.footballdata/f43a2aa0c65fb061c87e9541e7a567dd58ff933a/2023/no.1.csv,f43a2aa0c65fb061c87e9541e7a567dd58ff933a,107,2026-09-04T07:12:15.695Z,Eliteserien,2023,2023-07-15,Valerenga,Molde,0,4,A,,,,,source_reported_FT,Valerenga,Molde
footballcsv/cache.footballdata,https://raw.githubusercontent.com/footballcsv/cache.footballdata/f43a2aa0c65fb061c87e9541e7a567dd58ff933a/2023/no.1.csv,f43a2aa0c65fb061c87e9541e7a567dd58ff933a,108,2026-09-04T07:12:15.695Z,Eliteserien,2023,2023-07-16,Aalesund,Odd,0,3,A,,,,,source_reported_FT,Aalesund,Odd
footballcsv/cache.footballdata,https://raw.githubusercontent.com/footballcsv/cache.footballdata/f43a2aa0c65fb061c87e9541e7a567dd58ff933a/2023/no.1.csv,f43a2aa0c65fb061c87e9541e7a567dd58ff933a,109,2026-09-04T07:12:15.695Z,Eliteserien,2023,2023-07-16,Bodo/Glimt,Haugesund,2,1,H,,,,,source_reported_FT,Bodo/Glimt,Haugesund
footballcsv/cache.footballdata,https://raw.githubusercontent.com/footballcsv/cache.footballdata/f43a2aa0c65fb061c87e9541e7a567dd58ff933a/2023/no.1.csv,f43a2aa0c65fb061c87e9541e7a567dd58ff933a,114,2026-09-04T07:12:15.695Z,Eliteserien,2023,2023-07-16,Brann,Stromsgodset,1,0,H,,,,,source_reported_FT,Brann,Stromsgodset
footballcsv/cache.footballdata,https://raw.githubusercontent.com/footballcsv/cache.footballdata/f43a2aa0c65fb061c87e9541e7a567dd58ff933a/2023/no.1.csv,f43a2aa0c65fb061c87e9541e7a567dd58ff933a,110,2026-09-04T07:12:15.695Z,Eliteserien,2023,2023-07-16,Lillestrom,Sandefjord,4,2,H,,,,,source_reported_FT,Lillestrom,Sandefjord
footballcsv/cache.footballdata,https://raw.githubusercontent.com/footballcsv/cache.footballdata/f43a2aa0c65fb061c87e9541e7a567dd58ff933a/2023/no.1.csv,f43a2aa0c65fb061c87e9541e7a567dd58ff933a,111,2026-09-04T07:12:15.695Z,Eliteserien,2023,2023-07-16,Rosenborg,Tromso,2,1,H,,,,,source_reported_FT,Rosenborg,Tromso
footballcsv/cache.footballdata,https://raw.githubusercontent.com/footballcsv/cache.footballdata/f43a2aa0c65fb061c87e9541e7a567dd58ff933a/2023/no.1.csv,f43a2aa0c65fb061c87e9541e7a567dd58ff933a,112,2026-09-04T07:12:15.695Z,Eliteserien,2023,2023-07-16,Sarpsborg 08,HamKam,2,3,A,,,,,source_reported_FT,Sarpsborg 08,Ham-Kam
footballcsv/cache.footballdata,https://raw.githubusercontent.com/footballcsv/cache.footballdata/f43a2aa0c65fb061c87e9541e7a567dd58ff933a/2023/no.1.csv,f43a2aa0c65fb061c87e9541e7a567dd58ff933a,113,2026-09-04T07:12:15.695Z,Eliteserien,2023,2023-07-16,Stabaek,Viking,0,1,A,,,,,source_reported_FT,Stabaek,Viking
footballcsv/cache.footballdata,https://raw.githubusercontent.com/footballcsv/cache.footballdata/f43a2aa0c65fb061c87e9541e7a567dd58ff933a/2023/no.1.csv,f43a2aa0c65fb061c87e9541e7a567dd58ff933a,115,2026-09-04T07:12:15.695Z,Eliteserien,2023,2023-07-19,Lillestrom,Aalesund,5,1,H,,,,,source_reported_FT,Lillestrom,Aalesund
footballcsv/cache.footballdata,https://raw.githubusercontent.com/footballcsv/cache.footballdata/f43a2aa0c65fb061c87e9541e7a567dd58ff933a/2023/no.1.csv,f43a2aa0c65fb061c87e9541e7a567dd58ff933a,116,2026-09-04T07:12:15.695Z,Eliteserien,2023,2023-07-22,Molde,Sarpsborg 08,5,1,H,,,,,source_reported_FT,Molde,Sarpsborg 08
footballcsv/cache.footballdata,https://raw.githubusercontent.com/footballcsv/cache.footballdata/f43a2aa0c65fb061c87e9541e7a567dd58ff933a/2023/no.1.csv,f43a2aa0c65fb061c87e9541e7a567dd58ff933a,117,2026-09-04T07:12:15.695Z,Eliteserien,2023,2023-07-23,HamKam,Stabaek,3,2,H,,,,,source_reported_FT,Ham-Kam,Stabaek
footballcsv/cache.footballdata,https://raw.githubusercontent.com/footballcsv/cache.footballdata/f43a2aa0c65fb061c87e9541e7a567dd58ff933a/2023/no.1.csv,f43a2aa0c65fb061c87e9541e7a567dd58ff933a,118,2026-09-04T07:12:15.695Z,Eliteserien,2023,2023-07-23,Haugesund,Lillestrom,1,0,H,,,,,source_reported_FT,Haugesund,Lillestrom
footballcsv/cache.footballdata,https://raw.githubusercontent.com/footballcsv/cache.footballdata/f43a2aa0c65fb061c87e9541e7a567dd58ff933a/2023/no.1.csv,f43a2aa0c65fb061c87e9541e7a567dd58ff933a,119,2026-09-04T07:12:15.695Z,Eliteserien,2023,2023-07-23,Odd,Valerenga,2,1,H,,,,,source_reported_FT,Odd,Valerenga
footballcsv/cache.footballdata,https://raw.githubusercontent.com/footballcsv/cache.footballdata/f43a2aa0c65fb061c87e9541e7a567dd58ff933a/2023/no.1.csv,f43a2aa0c65fb061c87e9541e7a567dd58ff933a,120,2026-09-04T07:12:15.695Z,Eliteserien,2023,2023-07-23,Sandefjord,Bodo/Glimt,2,5,A,,,,,source_reported_FT,Sandefjord,Bodo/Glimt
footballcsv/cache.footballdata,https://raw.githubusercontent.com/footballcsv/cache.footballdata/f43a2aa0c65fb061c87e9541e7a567dd58ff933a/2023/no.1.csv,f43a2aa0c65fb061c87e9541e7a567dd58ff933a,122,2026-09-04T07:12:15.695Z,Eliteserien,2023,2023-07-23,Stromsgodset,Rosenborg,0,1,A,,,,,source_reported_FT,Stromsgodset,Rosenborg
footballcsv/cache.footballdata,https://raw.githubusercontent.com/footballcsv/cache.footballdata/f43a2aa0c65fb061c87e9541e7a567dd58ff933a/2023/no.1.csv,f43a2aa0c65fb061c87e9541e7a567dd58ff933a,121,2026-09-04T07:12:15.695Z,Eliteserien,2023,2023-07-23,Tromso,Brann,3,1,H,,,,,source_reported_FT,Tromso,Brann
footballcsv/cache.footballdata,https://raw.githubusercontent.com/footballcsv/cache.footballdata/f43a2aa0c65fb061c87e9541e7a567dd58ff933a/2023/no.1.csv,f43a2aa0c65fb061c87e9541e7a567dd58ff933a,123,2026-09-04T07:12:15.695Z,Eliteserien,2023,2023-07-24,Viking,Aalesund,3,1,H,,,,,source_reported_FT,Viking,Aalesund
footballcsv/cache.footballdata,https://raw.githubusercontent.com/footballcsv/cache.footballdata/f43a2aa0c65fb061c87e9541e7a567dd58ff933a/2023/no.1.csv,f43a2aa0c65fb061c87e9541e7a567dd58ff933a,125,2026-09-04T07:12:15.695Z,Eliteserien,2023,2023-07-29,Stabaek,Molde,0,1,A,,,,,source_reported_FT,Stabaek,Molde
footballcsv/cache.footballdata,https://raw.githubusercontent.com/footballcsv/cache.footballdata/f43a2aa0c65fb061c87e9541e7a567dd58ff933a/2023/no.1.csv,f43a2aa0c65fb061c87e9541e7a567dd58ff933a,124,2026-09-04T07:12:15.695Z,Eliteserien,2023,2023-07-29,Valerenga,Sandefjord,2,3,A,,,,,source_reported_FT,Valerenga,Sandefjord
footballcsv/cache.footballdata,https://raw.githubusercontent.com/footballcsv/cache.footballdata/f43a2aa0c65fb061c87e9541e7a567dd58ff933a/2023/no.1.csv,f43a2aa0c65fb061c87e9541e7a567dd58ff933a,126,2026-09-04T07:12:15.695Z,Eliteserien,2023,2023-07-30,Aalesund,Stromsgodset,1,0,H,,,,,source_reported_FT,Aalesund,Stromsgodset
footballcsv/cache.footballdata,https://raw.githubusercontent.com/footballcsv/cache.footballdata/f43a2aa0c65fb061c87e9541e7a567dd58ff933a/2023/no.1.csv,f43a2aa0c65fb061c87e9541e7a567dd58ff933a,131,2026-09-04T07:12:15.695Z,Eliteserien,2023,2023-07-30,Bodo/Glimt,Tromso,0,2,A,,,,,source_reported_FT,Bodo/Glimt,Tromso
footballcsv/cache.footballdata,https://raw.githubusercontent.com/footballcsv/cache.footballdata/f43a2aa0c65fb061c87e9541e7a567dd58ff933a/2023/no.1.csv,f43a2aa0c65fb061c87e9541e7a567dd58ff933a,127,2026-09-04T07:12:15.695Z,Eliteserien,2023,2023-07-30,Brann,Viking,0,2,A,,,,,source_reported_FT,Brann,Viking
footballcsv/cache.footballdata,https://raw.githubusercontent.com/footballcsv/cache.footballdata/f43a2aa0c65fb061c87e9541e7a567dd58ff933a/2023/no.1.csv,f43a2aa0c65fb061c87e9541e7a567dd58ff933a,128,2026-09-04T07:12:15.695Z,Eliteserien,2023,2023-07-30,Lillestrom,HamKam,3,1,H,,,,,source_reported_FT,Lillestrom,Ham-Kam
footballcsv/cache.footballdata,https://raw.githubusercontent.com/footballcsv/cache.footballdata/f43a2aa0c65fb061c87e9541e7a567dd58ff933a/2023/no.1.csv,f43a2aa0c65fb061c87e9541e7a567dd58ff933a,129,2026-09-04T07:12:15.695Z,Eliteserien,2023,2023-07-30,Rosenborg,Odd,3,2,H,,,,,source_reported_FT,Rosenborg,Odd
footballcsv/cache.footballdata,https://raw.githubusercontent.com/footballcsv/cache.footballdata/f43a2aa0c65fb061c87e9541e7a567dd58ff933a/2023/no.1.csv,f43a2aa0c65fb061c87e9541e7a567dd58ff933a,130,2026-09-04T07:12:15.695Z,Eliteserien,2023,2023-07-30,Sarpsborg 08,Haugesund,2,1,H,,,,,source_reported_FT,Sarpsborg 08,Haugesund
footballcsv/cache.footballdata,https://raw.githubusercontent.com/footballcsv/cache.footballdata/f43a2aa0c65fb061c87e9541e7a567dd58ff933a/2023/no.1.csv,f43a2aa0c65fb061c87e9541e7a567dd58ff933a,132,2026-09-04T07:12:15.695Z,Eliteserien,2023,2023-08-05,Stromsgodset,Valerenga,1,3,A,,,,,source_reported_FT,Stromsgodset,Valerenga
footballcsv/cache.footballdata,https://raw.githubusercontent.com/footballcsv/cache.footballdata/f43a2aa0c65fb061c87e9541e7a567dd58ff933a/2023/no.1.csv,f43a2aa0c65fb061c87e9541e7a567dd58ff933a,133,2026-09-04T07:12:15.695Z,Eliteserien,2023,2023-08-06,HamKam,Brann,0,2,A,,,,,source_reported_FT,Ham-Kam,Brann
footballcsv/cache.footballdata,https://raw.githubusercontent.com/footballcsv/cache.footballdata/f43a2aa0c65fb061c87e9541e7a567dd58ff933a/2023/no.1.csv,f43a2aa0c65fb061c87e9541e7a567dd58ff933a,134,2026-09-04T07:12:15.695Z,Eliteserien,2023,2023-08-06,Haugesund,Rosenborg,1,2,A,,,,,source_reported_FT,Haugesund,Rosenborg
footballcsv/cache.footballdata,https://raw.githubusercontent.com/footballcsv/cache.footballdata/f43a2aa0c65fb061c87e9541e7a567dd58ff933a/2023/no.1.csv,f43a2aa0c65fb061c87e9541e7a567dd58ff933a,135,2026-09-04T07:12:15.695Z,Eliteserien,2023,2023-08-06,Odd,Stabaek,4,0,H,,,,,source_reported_FT,Odd,Stabaek
footballcsv/cache.footballdata,https://raw.githubusercontent.com/footballcsv/cache.footballdata/f43a2aa0c65fb061c87e9541e7a567dd58ff933a/2023/no.1.csv,f43a2aa0c65fb061c87e9541e7a567dd58ff933a,136,2026-09-04T07:12:15.695Z,Eliteserien,2023,2023-08-06,Sandefjord,Sarpsborg 08,5,1,H,,,,,source_reported_FT,Sandefjord,Sarpsborg 08
footballcsv/cache.footballdata,https://raw.githubusercontent.com/footballcsv/cache.footballdata/f43a2aa0c65fb061c87e9541e7a567dd58ff933a/2023/no.1.csv,f43a2aa0c65fb061c87e9541e7a567dd58ff933a,137,2026-09-04T07:12:15.695Z,Eliteserien,2023,2023-08-06,Tromso,Lillestrom,3,1,H,,,,,source_reported_FT,Tromso,Lillestrom
footballcsv/cache.footballdata,https://raw.githubusercontent.com/footballcsv/cache.footballdata/f43a2aa0c65fb061c87e9541e7a567dd58ff933a/2023/no.1.csv,f43a2aa0c65fb061c87e9541e7a567dd58ff933a,138,2026-09-04T07:12:15.695Z,Eliteserien,2023,2023-08-06,Viking,Bodo/Glimt,3,2,H,,,,,source_reported_FT,Viking,Bodo/Glimt
footballcsv/cache.footballdata,https://raw.githubusercontent.com/footballcsv/cache.footballdata/f43a2aa0c65fb061c87e9541e7a567dd58ff933a/2023/no.1.csv,f43a2aa0c65fb061c87e9541e7a567dd58ff933a,139,2026-09-04T07:12:15.695Z,Eliteserien,2023,2023-08-12,Sandefjord,Molde,2,2,D,,,,,source_reported_FT,Sandefjord,Molde
footballcsv/cache.footballdata,https://raw.githubusercontent.com/footballcsv/cache.footballdata/f43a2aa0c65fb061c87e9541e7a567dd58ff933a/2023/no.1.csv,f43a2aa0c65fb061c87e9541e7a567dd58ff933a,140,2026-09-04T07:12:15.695Z,Eliteserien,2023,2023-08-12,Sarpsborg 08,Stromsgodset,1,2,A,,,,,source_reported_FT,Sarpsborg 08,Stromsgodset
footballcsv/cache.footballdata,https://raw.githubusercontent.com/footballcsv/cache.footballdata/f43a2aa0c65fb061c87e9541e7a567dd58ff933a/2023/no.1.csv,f43a2aa0c65fb061c87e9541e7a567dd58ff933a,141,2026-09-04T07:12:15.695Z,Eliteserien,2023,2023-08-13,Aalesund,HamKam,0,2,A,,,,,source_reported_FT,Aalesund,Ham-Kam
footballcsv/cache.footballdata,https://raw.githubusercontent.com/footballcsv/cache.footballdata/f43a2aa0c65fb061c87e9541e7a567dd58ff933a/2023/no.1.csv,f43a2aa0c65fb061c87e9541e7a567dd58ff933a,142,2026-09-04T07:12:15.695Z,Eliteserien,2023,2023-08-13,Lillestrom,Viking,1,3,A,,,,,source_reported_FT,Lillestrom,Viking
footballcsv/cache.footballdata,https://raw.githubusercontent.com/footballcsv/cache.footballdata/f43a2aa0c65fb061c87e9541e7a567dd58ff933a/2023/no.1.csv,f43a2aa0c65fb061c87e9541e7a567dd58ff933a,143,2026-09-04T07:12:15.695Z,Eliteserien,2023,2023-08-13,Valerenga,Haugesund,1,1,D,,,,,source_reported_FT,Valerenga,Haugesund
footballcsv/cache.footballdata,https://raw.githubusercontent.com/footballcsv/cache.footballdata/f43a2aa0c65fb061c87e9541e7a567dd58ff933a/2023/no.1.csv,f43a2aa0c65fb061c87e9541e7a567dd58ff933a,144,2026-09-04T07:12:15.695Z,Eliteserien,2023,2023-08-19,Molde,Valerenga,0,0,D,,,,,source_reported_FT,Molde,Valerenga
footballcsv/cache.footballdata,https://raw.githubusercontent.com/footballcsv/cache.footballdata/f43a2aa0c65fb061c87e9541e7a567dd58ff933a/2023/no.1.csv,f43a2aa0c65fb061c87e9541e7a567dd58ff933a,145,2026-09-04T07:12:15.695Z,Eliteserien,2023,2023-08-19,Odd,Sarpsborg 08,0,3,A,,,,,source_reported_FT,Odd,Sarpsborg 08
footballcsv/cache.footballdata,https://raw.githubusercontent.com/footballcsv/cache.footballdata/f43a2aa0c65fb061c87e9541e7a567dd58ff933a/2023/no.1.csv,f43a2aa0c65fb061c87e9541e7a567dd58ff933a,146,2026-09-04T07:12:15.695Z,Eliteserien,2023,2023-08-20,Brann,Aalesund,5,1,H,,,,,source_reported_FT,Brann,Aalesund
footballcsv/cache.footballdata,https://raw.githubusercontent.com/footballcsv/cache.footballdata/f43a2aa0c65fb061c87e9541e7a567dd58ff933a/2023/no.1.csv,f43a2aa0c65fb061c87e9541e7a567dd58ff933a,147,2026-09-04T07:12:15.695Z,Eliteserien,2023,2023-08-20,HamKam,Rosenborg,3,0,H,,,,,source_reported_FT,Ham-Kam,Rosenborg
footballcsv/cache.footballdata,https://raw.githubusercontent.com/footballcsv/cache.footballdata/f43a2aa0c65fb061c87e9541e7a567dd58ff933a/2023/no.1.csv,f43a2aa0c65fb061c87e9541e7a567dd58ff933a,148,2026-09-04T07:12:15.695Z,Eliteserien,2023,2023-08-20,Haugesund,Bodo/Glimt,1,3,A,,,,,source_reported_FT,Haugesund,Bodo/Glimt
footballcsv/cache.footballdata,https://raw.githubusercontent.com/footballcsv/cache.footballdata/f43a2aa0c65fb061c87e9541e7a567dd58ff933a/2023/no.1.csv,f43a2aa0c65fb061c87e9541e7a567dd58ff933a,151,2026-09-04T07:12:15.695Z,Eliteserien,2023,2023-08-20,Stromsgodset,Lillestrom,1,2,A,,,,,source_reported_FT,Stromsgodset,Lillestrom
footballcsv/cache.footballdata,https://raw.githubusercontent.com/footballcsv/cache.footballdata/f43a2aa0c65fb061c87e9541e7a567dd58ff933a/2023/no.1.csv,f43a2aa0c65fb061c87e9541e7a567dd58ff933a,149,2026-09-04T07:12:15.695Z,Eliteserien,2023,2023-08-20,Tromso,Sandefjord,1,0,H,,,,,source_reported_FT,Tromso,Sandefjord
footballcsv/cache.footballdata,https://raw.githubusercontent.com/footballcsv/cache.footballdata/f43a2aa0c65fb061c87e9541e7a567dd58ff933a/2023/no.1.csv,f43a2aa0c65fb061c87e9541e7a567dd58ff933a,150,2026-09-04T07:12:15.695Z,Eliteserien,2023,2023-08-20,Viking,Stabaek,1,0,H,,,,,source_reported_FT,Viking,Stabaek
footballcsv/cache.footballdata,https://raw.githubusercontent.com/footballcsv/cache.footballdata/f43a2aa0c65fb061c87e9541e7a567dd58ff933a/2023/no.1.csv,f43a2aa0c65fb061c87e9541e7a567dd58ff933a,152,2026-09-04T07:12:15.695Z,Eliteserien,2023,2023-08-26,Sarpsborg 08,Tromso,4,0,H,,,,,source_reported_FT,Sarpsborg 08,Tromso
footballcsv/cache.footballdata,https://raw.githubusercontent.com/footballcsv/cache.footballdata/f43a2aa0c65fb061c87e9541e7a567dd58ff933a/2023/no.1.csv,f43a2aa0c65fb061c87e9541e7a567dd58ff933a,155,2026-09-04T07:12:15.695Z,Eliteserien,2023,2023-08-27,Rosenborg,Aalesund,4,0,H,,,,,source_reported_FT,Rosenborg,Aalesund
footballcsv/cache.footballdata,https://raw.githubusercontent.com/footballcsv/cache.footballdata/f43a2aa0c65fb061c87e9541e7a567dd58ff933a/2023/no.1.csv,f43a2aa0c65fb061c87e9541e7a567dd58ff933a,153,2026-09-04T07:12:15.695Z,Eliteserien,2023,2023-08-27,Sandefjord,Haugesund,0,0,D,,,,,source_reported_FT,Sandefjord,Haugesund
footballcsv/cache.footballdata,https://raw.githubusercontent.com/footballcsv/cache.footballdata/f43a2aa0c65fb061c87e9541e7a567dd58ff933a/2023/no.1.csv,f43a2aa0c65fb061c87e9541e7a567dd58ff933a,154,2026-09-04T07:12:15.695Z,Eliteserien,2023,2023-08-27,Valerenga,Odd,2,2,D,,,,,source_reported_FT,Valerenga,Odd
footballcsv/cache.footballdata,https://raw.githubusercontent.com/footballcsv/cache.footballdata/f43a2aa0c65fb061c87e9541e7a567dd58ff933a/2023/no.1.csv,f43a2aa0c65fb061c87e9541e7a567dd58ff933a,156,2026-09-04T07:12:15.695Z,Eliteserien,2023,2023-09-02,Viking,Valerenga,1,1,D,,,,,source_reported_FT,Viking,Valerenga
footballcsv/cache.footballdata,https://raw.githubusercontent.com/footballcsv/cache.footballdata/f43a2aa0c65fb061c87e9541e7a567dd58ff933a/2023/no.1.csv,f43a2aa0c65fb061c87e9541e7a567dd58ff933a,157,2026-09-04T07:12:15.695Z,Eliteserien,2023,2023-09-03,Aalesund,Lillestrom,1,1,D,,,,,source_reported_FT,Aalesund,Lillestrom
footballcsv/cache.footballdata,https://raw.githubusercontent.com/footballcsv/cache.footballdata/f43a2aa0c65fb061c87e9541e7a567dd58ff933a/2023/no.1.csv,f43a2aa0c65fb061c87e9541e7a567dd58ff933a,158,2026-09-04T07:12:15.695Z,Eliteserien,2023,2023-09-03,Brann,Sarpsborg 08,1,0,H,,,,,source_reported_FT,Brann,Sarpsborg 08
footballcsv/cache.footballdata,https://raw.githubusercontent.com/footballcsv/cache.footballdata/f43a2aa0c65fb061c87e9541e7a567dd58ff933a/2023/no.1.csv,f43a2aa0c65fb061c87e9541e7a567dd58ff933a,163,2026-09-04T07:12:15.695Z,Eliteserien,2023,2023-09-03,HamKam,Bodo/Glimt,4,4,D,,,,,source_reported_FT,Ham-Kam,Bodo/Glimt
footballcsv/cache.footballdata,https://raw.githubusercontent.com/footballcsv/cache.footballdata/f43a2aa0c65fb061c87e9541e7a567dd58ff933a/2023/no.1.csv,f43a2aa0c65fb061c87e9541e7a567dd58ff933a,159,2026-09-04T07:12:15.695Z,Eliteserien,2023,2023-09-03,Haugesund,Molde,1,2,A,,,,,source_reported_FT,Haugesund,Molde
footballcsv/cache.footballdata,https://raw.githubusercontent.com/footballcsv/cache.footballdata/f43a2aa0c65fb061c87e9541e7a567dd58ff933a/2023/no.1.csv,f43a2aa0c65fb061c87e9541e7a567dd58ff933a,160,2026-09-04T07:12:15.695Z,Eliteserien,2023,2023-09-03,Odd,Sandefjord,3,2,H,,,,,source_reported_FT,Odd,Sandefjord
footballcsv/cache.footballdata,https://raw.githubusercontent.com/footballcsv/cache.footballdata/f43a2aa0c65fb061c87e9541e7a567dd58ff933a/2023/no.1.csv,f43a2aa0c65fb061c87e9541e7a567dd58ff933a,161,2026-09-04T07:12:15.695Z,Eliteserien,2023,2023-09-03,Stromsgodset,Stabaek,2,1,H,,,,,source_reported_FT,Stromsgodset,Stabaek
footballcsv/cache.footballdata,https://raw.githubusercontent.com/footballcsv/cache.footballdata/f43a2aa0c65fb061c87e9541e7a567dd58ff933a/2023/no.1.csv,f43a2aa0c65fb061c87e9541e7a567dd58ff933a,162,2026-09-04T07:12:15.695Z,Eliteserien,2023,2023-09-03,Tromso,Rosenborg,3,1,H,,,,,source_reported_FT,Tromso,Rosenborg
footballcsv/cache.footballdata,https://raw.githubusercontent.com/footballcsv/cache.footballdata/f43a2aa0c65fb061c87e9541e7a567dd58ff933a/2023/no.1.csv,f43a2aa0c65fb061c87e9541e7a567dd58ff933a,164,2026-09-04T07:12:15.695Z,Eliteserien,2023,2023-09-16,Haugesund,Viking,0,2,A,,,,,source_reported_FT,Haugesund,Viking
footballcsv/cache.footballdata,https://raw.githubusercontent.com/footballcsv/cache.footballdata/f43a2aa0c65fb061c87e9541e7a567dd58ff933a/2023/no.1.csv,f43a2aa0c65fb061c87e9541e7a567dd58ff933a,165,2026-09-04T07:12:15.695Z,Eliteserien,2023,2023-09-16,Molde,Odd,4,1,H,,,,,source_reported_FT,Molde,Odd
footballcsv/cache.footballdata,https://raw.githubusercontent.com/footballcsv/cache.footballdata/f43a2aa0c65fb061c87e9541e7a567dd58ff933a/2023/no.1.csv,f43a2aa0c65fb061c87e9541e7a567dd58ff933a,166,2026-09-04T07:12:15.695Z,Eliteserien,2023,2023-09-16,Sandefjord,Stromsgodset,2,0,H,,,,,source_reported_FT,Sandefjord,Stromsgodset
footballcsv/cache.footballdata,https://raw.githubusercontent.com/footballcsv/cache.footballdata/f43a2aa0c65fb061c87e9541e7a567dd58ff933a/2023/no.1.csv,f43a2aa0c65fb061c87e9541e7a567dd58ff933a,167,2026-09-04T07:12:15.695Z,Eliteserien,2023,2023-09-17,Rosenborg,Bodo/Glimt,1,1,D,,,,,source_reported_FT,Rosenborg,Bodo/Glimt
footballcsv/cache.footballdata,https://raw.githubusercontent.com/footballcsv/cache.footballdata/f43a2aa0c65fb061c87e9541e7a567dd58ff933a/2023/no.1.csv,f43a2aa0c65fb061c87e9541e7a567dd58ff933a,168,2026-09-04T07:12:15.695Z,Eliteserien,2023,2023-09-17,Sarpsborg 08,Lillestrom,3,1,H,,,,,source_reported_FT,Sarpsborg 08,Lillestrom
footballcsv/cache.footballdata,https://raw.githubusercontent.com/footballcsv/cache.footballdata/f43a2aa0c65fb061c87e9541e7a567dd58ff933a/2023/no.1.csv,f43a2aa0c65fb061c87e9541e7a567dd58ff933a,169,2026-09-04T07:12:15.695Z,Eliteserien,2023,2023-09-17,Stabaek,Brann,0,1,A,,,,,source_reported_FT,Stabaek,Brann
footballcsv/cache.footballdata,https://raw.githubusercontent.com/footballcsv/cache.footballdata/f43a2aa0c65fb061c87e9541e7a567dd58ff933a/2023/no.1.csv,f43a2aa0c65fb061c87e9541e7a567dd58ff933a,170,2026-09-04T07:12:15.695Z,Eliteserien,2023,2023-09-17,Tromso,HamKam,2,1,H,,,,,source_reported_FT,Tromso,HamKam
footballcsv/cache.footballdata,https://raw.githubusercontent.com/footballcsv/cache.footballdata/f43a2aa0c65fb061c87e9541e7a567dd58ff933a/2023/no.1.csv,f43a2aa0c65fb061c87e9541e7a567dd58ff933a,171,2026-09-04T07:12:15.695Z,Eliteserien,2023,2023-09-17,Valerenga,Aalesund,3,1,H,,,,,source_reported_FT,Valerenga,Aalesund
footballcsv/cache.footballdata,https://raw.githubusercontent.com/footballcsv/cache.footballdata/f43a2aa0c65fb061c87e9541e7a567dd58ff933a/2023/no.1.csv,f43a2aa0c65fb061c87e9541e7a567dd58ff933a,172,2026-09-04T07:12:15.695Z,Eliteserien,2023,2023-09-23,Aalesund,Stabaek,1,1,D,,,,,source_reported_FT,Aalesund,Stabaek
footballcsv/cache.footballdata,https://raw.githubusercontent.com/footballcsv/cache.footballdata/f43a2aa0c65fb061c87e9541e7a567dd58ff933a/2023/no.1.csv,f43a2aa0c65fb061c87e9541e7a567dd58ff933a,173,2026-09-04T07:12:15.695Z,Eliteserien,2023,2023-09-24,Bodo/Glimt,Valerenga,4,2,H,,,,,source_reported_FT,Bodo/Glimt,Valerenga
footballcsv/cache.footballdata,https://raw.githubusercontent.com/footballcsv/cache.footballdata/f43a2aa0c65fb061c87e9541e7a567dd58ff933a/2023/no.1.csv,f43a2aa0c65fb061c87e9541e7a567dd58ff933a,179,2026-09-04T07:12:15.695Z,Eliteserien,2023,2023-09-24,Brann,Tromso,2,1,H,,,,,source_reported_FT,Brann,Tromso
footballcsv/cache.footballdata,https://raw.githubusercontent.com/footballcsv/cache.footballdata/f43a2aa0c65fb061c87e9541e7a567dd58ff933a/2023/no.1.csv,f43a2aa0c65fb061c87e9541e7a567dd58ff933a,174,2026-09-04T07:12:15.695Z,Eliteserien,2023,2023-09-24,HamKam,Sarpsborg 08,1,1,D,,,,,source_reported_FT,HamKam,Sarpsborg 08
footballcsv/cache.footballdata,https://raw.githubusercontent.com/footballcsv/cache.footballdata/f43a2aa0c65fb061c87e9541e7a567dd58ff933a/2023/no.1.csv,f43a2aa0c65fb061c87e9541e7a567dd58ff933a,175,2026-09-04T07:12:15.695Z,Eliteserien,2023,2023-09-24,Lillestrom,Rosenborg,3,0,H,,,,,source_reported_FT,Lillestrom,Rosenborg
footballcsv/cache.footballdata,https://raw.githubusercontent.com/footballcsv/cache.footballdata/f43a2aa0c65fb061c87e9541e7a567dd58ff933a/2023/no.1.csv,f43a2aa0c65fb061c87e9541e7a567dd58ff933a,176,2026-09-04T07:12:15.695Z,Eliteserien,2023,2023-09-24,Odd,Haugesund,1,1,D,,,,,source_reported_FT,Odd,Haugesund
footballcsv/cache.footballdata,https://raw.githubusercontent.com/footballcsv/cache.footballdata/f43a2aa0c65fb061c87e9541e7a567dd58ff933a/2023/no.1.csv,f43a2aa0c65fb061c87e9541e7a567dd58ff933a,177,2026-09-04T07:12:15.695Z,Eliteserien,2023,2023-09-24,Stromsgodset,Molde,1,1,D,,,,,source_reported_FT,Stromsgodset,Molde
footballcsv/cache.footballdata,https://raw.githubusercontent.com/footballcsv/cache.footballdata/f43a2aa0c65fb061c87e9541e7a567dd58ff933a/2023/no.1.csv,f43a2aa0c65fb061c87e9541e7a567dd58ff933a,178,2026-09-04T07:12:15.695Z,Eliteserien,2023,2023-09-24,Viking,Sandefjord,4,3,H,,,,,source_reported_FT,Viking,Sandefjord
footballcsv/cache.footballdata,https://raw.githubusercontent.com/footballcsv/cache.footballdata/f43a2aa0c65fb061c87e9541e7a567dd58ff933a/2023/no.1.csv,f43a2aa0c65fb061c87e9541e7a567dd58ff933a,180,2026-09-04T07:12:15.695Z,Eliteserien,2023,2023-09-30,Stabaek,Tromso,0,1,A,,,,,source_reported_FT,Stabaek,Tromso
footballcsv/cache.footballdata,https://raw.githubusercontent.com/footballcsv/cache.footballdata/f43a2aa0c65fb061c87e9541e7a567dd58ff933a/2023/no.1.csv,f43a2aa0c65fb061c87e9541e7a567dd58ff933a,184,2026-09-04T07:12:15.695Z,Eliteserien,2023,2023-10-01,Bodo/Glimt,Stromsgodset,2,0,H,,,,,source_reported_FT,Bodo/Glimt,Stromsgodset
footballcsv/cache.footballdata,https://raw.githubusercontent.com/footballcsv/cache.footballdata/f43a2aa0c65fb061c87e9541e7a567dd58ff933a/2023/no.1.csv,f43a2aa0c65fb061c87e9541e7a567dd58ff933a,181,2026-09-04T07:12:15.695Z,Eliteserien,2023,2023-10-01,Lillestrom,Brann,0,2,A,,,,,source_reported_FT,Lillestrom,Brann
footballcsv/cache.footballdata,https://raw.githubusercontent.com/footballcsv/cache.footballdata/f43a2aa0c65fb061c87e9541e7a567dd58ff933a/2023/no.1.csv,f43a2aa0c65fb061c87e9541e7a567dd58ff933a,182,2026-09-04T07:12:15.695Z,Eliteserien,2023,2023-10-01,Molde,Viking,4,0,H,,,,,source_reported_FT,Molde,Viking
footballcsv/cache.footballdata,https://raw.githubusercontent.com/footballcsv/cache.footballdata/f43a2aa0c65fb061c87e9541e7a567dd58ff933a/2023/no.1.csv,f43a2aa0c65fb061c87e9541e7a567dd58ff933a,183,2026-09-04T07:12:15.695Z,Eliteserien,2023,2023-10-01,Sandefjord,Valerenga,1,2,A,,,,,source_reported_FT,Sandefjord,Valerenga
footballcsv/cache.footballdata,https://raw.githubusercontent.com/footballcsv/cache.footballdata/f43a2aa0c65fb061c87e9541e7a567dd58ff933a/2023/no.1.csv,f43a2aa0c65fb061c87e9541e7a567dd58ff933a,185,2026-09-04T07:12:15.695Z,Eliteserien,2023,2023-10-04,Stabaek,HamKam,5,2,H,,,,,source_reported_FT,Stabaek,HamKam
footballcsv/cache.footballdata,https://raw.githubusercontent.com/footballcsv/cache.footballdata/f43a2aa0c65fb061c87e9541e7a567dd58ff933a/2023/no.1.csv,f43a2aa0c65fb061c87e9541e7a567dd58ff933a,186,2026-09-04T07:12:15.695Z,Eliteserien,2023,2023-10-07,Odd,Viking,1,1,D,,,,,source_reported_FT,Odd,Viking
footballcsv/cache.footballdata,https://raw.githubusercontent.com/footballcsv/cache.footballdata/f43a2aa0c65fb061c87e9541e7a567dd58ff933a/2023/no.1.csv,f43a2aa0c65fb061c87e9541e7a567dd58ff933a,187,2026-09-04T07:12:15.695Z,Eliteserien,2023,2023-10-08,Haugesund,Stromsgodset,1,0,H,,,,,source_reported_FT,Haugesund,Stromsgodset
footballcsv/cache.footballdata,https://raw.githubusercontent.com/footballcsv/cache.footballdata/f43a2aa0c65fb061c87e9541e7a567dd58ff933a/2023/no.1.csv,f43a2aa0c65fb061c87e9541e7a567dd58ff933a,188,2026-09-04T07:12:15.695Z,Eliteserien,2023,2023-10-08,Molde,Bodo/Glimt,1,3,A,,,,,source_reported_FT,Molde,Bodo/Glimt
footballcsv/cache.footballdata,https://raw.githubusercontent.com/footballcsv/cache.footballdata/f43a2aa0c65fb061c87e9541e7a567dd58ff933a/2023/no.1.csv,f43a2aa0c65fb061c87e9541e7a567dd58ff933a,189,2026-09-04T07:12:15.695Z,Eliteserien,2023,2023-10-08,Sandefjord,HamKam,0,1,A,,,,,source_reported_FT,Sandefjord,HamKam
footballcsv/cache.footballdata,https://raw.githubusercontent.com/footballcsv/cache.footballdata/f43a2aa0c65fb061c87e9541e7a567dd58ff933a/2023/no.1.csv,f43a2aa0c65fb061c87e9541e7a567dd58ff933a,190,2026-09-04T07:12:15.695Z,Eliteserien,2023,2023-10-08,Sarpsborg 08,Rosenborg,5,2,H,,,,,source_reported_FT,Sarpsborg 08,Rosenborg
footballcsv/cache.footballdata,https://raw.githubusercontent.com/footballcsv/cache.footballdata/f43a2aa0c65fb061c87e9541e7a567dd58ff933a/2023/no.1.csv,f43a2aa0c65fb061c87e9541e7a567dd58ff933a,191,2026-09-04T07:12:15.695Z,Eliteserien,2023,2023-10-08,Stabaek,Lillestrom,1,0,H,,,,,source_reported_FT,Stabaek,Lillestrom
footballcsv/cache.footballdata,https://raw.githubusercontent.com/footballcsv/cache.footballdata/f43a2aa0c65fb061c87e9541e7a567dd58ff933a/2023/no.1.csv,f43a2aa0c65fb061c87e9541e7a567dd58ff933a,192,2026-09-04T07:12:15.695Z,Eliteserien,2023,2023-10-08,Tromso,Aalesund,1,2,A,,,,,source_reported_FT,Tromso,Aalesund
footballcsv/cache.footballdata,https://raw.githubusercontent.com/footballcsv/cache.footballdata/f43a2aa0c65fb061c87e9541e7a567dd58ff933a/2023/no.1.csv,f43a2aa0c65fb061c87e9541e7a567dd58ff933a,193,2026-09-04T07:12:15.695Z,Eliteserien,2023,2023-10-08,Valerenga,Brann,1,2,A,,,,,source_reported_FT,Valerenga,Brann
footballcsv/cache.footballdata,https://raw.githubusercontent.com/footballcsv/cache.footballdata/f43a2aa0c65fb061c87e9541e7a567dd58ff933a/2023/no.1.csv,f43a2aa0c65fb061c87e9541e7a567dd58ff933a,194,2026-09-04T07:12:15.695Z,Eliteserien,2023,2023-10-21,Bodo/Glimt,Sandefjord,4,3,H,,,,,source_reported_FT,Bodo/Glimt,Sandefjord
footballcsv/cache.footballdata,https://raw.githubusercontent.com/footballcsv/cache.footballdata/f43a2aa0c65fb061c87e9541e7a567dd58ff933a/2023/no.1.csv,f43a2aa0c65fb061c87e9541e7a567dd58ff933a,195,2026-09-04T07:12:15.695Z,Eliteserien,2023,2023-10-21,Brann,Molde,3,2,H,,,,,source_reported_FT,Brann,Molde
footballcsv/cache.footballdata,https://raw.githubusercontent.com/footballcsv/cache.footballdata/f43a2aa0c65fb061c87e9541e7a567dd58ff933a/2023/no.1.csv,f43a2aa0c65fb061c87e9541e7a567dd58ff933a,197,2026-09-04T07:12:15.695Z,Eliteserien,2023,2023-10-22,Aalesund,Sarpsborg 08,3,2,H,,,,,source_reported_FT,Aalesund,Sarpsborg 08
footballcsv/cache.footballdata,https://raw.githubusercontent.com/footballcsv/cache.footballdata/f43a2aa0c65fb061c87e9541e7a567dd58ff933a/2023/no.1.csv,f43a2aa0c65fb061c87e9541e7a567dd58ff933a,198,2026-09-04T07:12:15.695Z,Eliteserien,2023,2023-10-22,HamKam,Haugesund,0,3,A,,,,,source_reported_FT,HamKam,Haugesund
footballcsv/cache.footballdata,https://raw.githubusercontent.com/footballcsv/cache.footballdata/f43a2aa0c65fb061c87e9541e7a567dd58ff933a/2023/no.1.csv,f43a2aa0c65fb061c87e9541e7a567dd58ff933a,196,2026-09-04T07:12:15.695Z,Eliteserien,2023,2023-10-22,Lillestrom,Valerenga,2,0,H,,,,,source_reported_FT,Lillestrom,Valerenga
footballcsv/cache.footballdata,https://raw.githubusercontent.com/footballcsv/cache.footballdata/f43a2aa0c65fb061c87e9541e7a567dd58ff933a/2023/no.1.csv,f43a2aa0c65fb061c87e9541e7a567dd58ff933a,199,2026-09-04T07:12:15.695Z,Eliteserien,2023,2023-10-22,Rosenborg,Stabaek,1,1,D,,,,,source_reported_FT,Rosenborg,Stabaek
footballcsv/cache.footballdata,https://raw.githubusercontent.com/footballcsv/cache.footballdata/f43a2aa0c65fb061c87e9541e7a567dd58ff933a/2023/no.1.csv,f43a2aa0c65fb061c87e9541e7a567dd58ff933a,200,2026-09-04T07:12:15.695Z,Eliteserien,2023,2023-10-22,Stromsgodset,Odd,3,1,H,,,,,source_reported_FT,Stromsgodset,Odd
footballcsv/cache.footballdata,https://raw.githubusercontent.com/footballcsv/cache.footballdata/f43a2aa0c65fb061c87e9541e7a567dd58ff933a/2023/no.1.csv,f43a2aa0c65fb061c87e9541e7a567dd58ff933a,201,2026-09-04T07:12:15.695Z,Eliteserien,2023,2023-10-22,Viking,Tromso,3,4,A,,,,,source_reported_FT,Viking,Tromso
footballcsv/cache.footballdata,https://raw.githubusercontent.com/footballcsv/cache.footballdata/f43a2aa0c65fb061c87e9541e7a567dd58ff933a/2023/no.1.csv,f43a2aa0c65fb061c87e9541e7a567dd58ff933a,202,2026-09-04T07:12:15.695Z,Eliteserien,2023,2023-10-28,Haugesund,Aalesund,6,1,H,,,,,source_reported_FT,Haugesund,Aalesund
footballcsv/cache.footballdata,https://raw.githubusercontent.com/footballcsv/cache.footballdata/f43a2aa0c65fb061c87e9541e7a567dd58ff933a/2023/no.1.csv,f43a2aa0c65fb061c87e9541e7a567dd58ff933a,203,2026-09-04T07:12:15.695Z,Eliteserien,2023,2023-10-29,Odd,HamKam,2,0,H,,,,,source_reported_FT,Odd,HamKam
footballcsv/cache.footballdata,https://raw.githubusercontent.com/footballcsv/cache.footballdata/f43a2aa0c65fb061c87e9541e7a567dd58ff933a/2023/no.1.csv,f43a2aa0c65fb061c87e9541e7a567dd58ff933a,204,2026-09-04T07:12:15.695Z,Eliteserien,2023,2023-10-29,Sandefjord,Brann,1,1,D,,,,,source_reported_FT,Sandefjord,Brann
footballcsv/cache.footballdata,https://raw.githubusercontent.com/footballcsv/cache.footballdata/f43a2aa0c65fb061c87e9541e7a567dd58ff933a/2023/no.1.csv,f43a2aa0c65fb061c87e9541e7a567dd58ff933a,205,2026-09-04T07:12:15.695Z,Eliteserien,2023,2023-10-29,Sarpsborg 08,Stabaek,2,2,D,,,,,source_reported_FT,Sarpsborg 08,Stabaek
footballcsv/cache.footballdata,https://raw.githubusercontent.com/footballcsv/cache.footballdata/f43a2aa0c65fb061c87e9541e7a567dd58ff933a/2023/no.1.csv,f43a2aa0c65fb061c87e9541e7a567dd58ff933a,206,2026-09-04T07:12:15.695Z,Eliteserien,2023,2023-10-29,Stromsgodset,Viking,1,0,H,,,,,source_reported_FT,Stromsgodset,Viking
footballcsv/cache.footballdata,https://raw.githubusercontent.com/footballcsv/cache.footballdata/f43a2aa0c65fb061c87e9541e7a567dd58ff933a/2023/no.1.csv,f43a2aa0c65fb061c87e9541e7a567dd58ff933a,207,2026-09-04T07:12:15.695Z,Eliteserien,2023,2023-10-29,Valerenga,Rosenborg,1,3,A,,,,,source_reported_FT,Valerenga,Rosenborg
footballcsv/cache.footballdata,https://raw.githubusercontent.com/footballcsv/cache.footballdata/f43a2aa0c65fb061c87e9541e7a567dd58ff933a/2023/no.1.csv,f43a2aa0c65fb061c87e9541e7a567dd58ff933a,208,2026-09-04T07:12:15.695Z,Eliteserien,2023,2023-10-30,Bodo/Glimt,Lillestrom,3,1,H,,,,,source_reported_FT,Bodo/Glimt,Lillestrom
footballcsv/cache.footballdata,https://raw.githubusercontent.com/footballcsv/cache.footballdata/f43a2aa0c65fb061c87e9541e7a567dd58ff933a/2023/no.1.csv,f43a2aa0c65fb061c87e9541e7a567dd58ff933a,209,2026-09-04T07:12:15.695Z,Eliteserien,2023,2023-10-30,Molde,Tromso,1,4,A,,,,,source_reported_FT,Molde,Tromso
footballcsv/cache.footballdata,https://raw.githubusercontent.com/footballcsv/cache.footballdata/f43a2aa0c65fb061c87e9541e7a567dd58ff933a/2023/no.1.csv,f43a2aa0c65fb061c87e9541e7a567dd58ff933a,210,2026-09-04T07:12:15.695Z,Eliteserien,2023,2023-11-04,HamKam,Viking,3,0,H,,,,,source_reported_FT,HamKam,Viking
footballcsv/cache.footballdata,https://raw.githubusercontent.com/footballcsv/cache.footballdata/f43a2aa0c65fb061c87e9541e7a567dd58ff933a/2023/no.1.csv,f43a2aa0c65fb061c87e9541e7a567dd58ff933a,211,2026-09-04T07:12:15.695Z,Eliteserien,2023,2023-11-05,Brann,Odd,2,1,H,,,,,source_reported_FT,Brann,Odd
footballcsv/cache.footballdata,https://raw.githubusercontent.com/footballcsv/cache.footballdata/f43a2aa0c65fb061c87e9541e7a567dd58ff933a/2023/no.1.csv,f43a2aa0c65fb061c87e9541e7a567dd58ff933a,212,2026-09-04T07:12:15.695Z,Eliteserien,2023,2023-11-05,Lillestrom,Haugesund,1,0,H,,,,,source_reported_FT,Lillestrom,Haugesund
footballcsv/cache.footballdata,https://raw.githubusercontent.com/footballcsv/cache.footballdata/f43a2aa0c65fb061c87e9541e7a567dd58ff933a/2023/no.1.csv,f43a2aa0c65fb061c87e9541e7a567dd58ff933a,213,2026-09-04T07:12:15.695Z,Eliteserien,2023,2023-11-05,Rosenborg,Molde,3,1,H,,,,,source_reported_FT,Rosenborg,Molde
footballcsv/cache.footballdata,https://raw.githubusercontent.com/footballcsv/cache.footballdata/f43a2aa0c65fb061c87e9541e7a567dd58ff933a/2023/no.1.csv,f43a2aa0c65fb061c87e9541e7a567dd58ff933a,214,2026-09-04T07:12:15.695Z,Eliteserien,2023,2023-11-05,Sarpsborg 08,Valerenga,3,2,H,,,,,source_reported_FT,Sarpsborg 08,Valerenga
footballcsv/cache.footballdata,https://raw.githubusercontent.com/footballcsv/cache.footballdata/f43a2aa0c65fb061c87e9541e7a567dd58ff933a/2023/no.1.csv,f43a2aa0c65fb061c87e9541e7a567dd58ff933a,215,2026-09-04T07:12:15.695Z,Eliteserien,2023,2023-11-05,Stabaek,Bodo/Glimt,0,4,A,,,,,source_reported_FT,Stabaek,Bodo/Glimt
footballcsv/cache.footballdata,https://raw.githubusercontent.com/footballcsv/cache.footballdata/f43a2aa0c65fb061c87e9541e7a567dd58ff933a/2023/no.1.csv,f43a2aa0c65fb061c87e9541e7a567dd58ff933a,216,2026-09-04T07:12:15.695Z,Eliteserien,2023,2023-11-05,Tromso,Stromsgodset,0,1,A,,,,,source_reported_FT,Tromso,Stromsgodset
footballcsv/cache.footballdata,https://raw.githubusercontent.com/footballcsv/cache.footballdata/f43a2aa0c65fb061c87e9541e7a567dd58ff933a/2023/no.1.csv,f43a2aa0c65fb061c87e9541e7a567dd58ff933a,217,2026-09-04T07:12:15.695Z,Eliteserien,2023,2023-11-06,Aalesund,Sandefjord,0,3,A,,,,,source_reported_FT,Aalesund,Sandefjord
footballcsv/cache.footballdata,https://raw.githubusercontent.com/footballcsv/cache.footballdata/f43a2aa0c65fb061c87e9541e7a567dd58ff933a/2023/no.1.csv,f43a2aa0c65fb061c87e9541e7a567dd58ff933a,218,2026-09-04T07:12:15.695Z,Eliteserien,2023,2023-11-11,Haugesund,Brann,0,2,A,,,,,source_reported_FT,Haugesund,Brann
footballcsv/cache.footballdata,https://raw.githubusercontent.com/footballcsv/cache.footballdata/f43a2aa0c65fb061c87e9541e7a567dd58ff933a/2023/no.1.csv,f43a2aa0c65fb061c87e9541e7a567dd58ff933a,219,2026-09-04T07:12:15.695Z,Eliteserien,2023,2023-11-12,Bodo/Glimt,Aalesund,1,0,H,,,,,source_reported_FT,Bodo/Glimt,Aalesund
footballcsv/cache.footballdata,https://raw.githubusercontent.com/footballcsv/cache.footballdata/f43a2aa0c65fb061c87e9541e7a567dd58ff933a/2023/no.1.csv,f43a2aa0c65fb061c87e9541e7a567dd58ff933a,225,2026-09-04T07:12:15.695Z,Eliteserien,2023,2023-11-12,Molde,Lillestrom,4,0,H,,,,,source_reported_FT,Molde,Lillestrom
footballcsv/cache.footballdata,https://raw.githubusercontent.com/footballcsv/cache.footballdata/f43a2aa0c65fb061c87e9541e7a567dd58ff933a/2023/no.1.csv,f43a2aa0c65fb061c87e9541e7a567dd58ff933a,220,2026-09-04T07:12:15.695Z,Eliteserien,2023,2023-11-12,Odd,Tromso,1,2,A,,,,,source_reported_FT,Odd,Tromso
footballcsv/cache.footballdata,https://raw.githubusercontent.com/footballcsv/cache.footballdata/f43a2aa0c65fb061c87e9541e7a567dd58ff933a/2023/no.1.csv,f43a2aa0c65fb061c87e9541e7a567dd58ff933a,221,2026-09-04T07:12:15.695Z,Eliteserien,2023,2023-11-12,Sandefjord,Rosenborg,3,2,H,,,,,source_reported_FT,Sandefjord,Rosenborg
footballcsv/cache.footballdata,https://raw.githubusercontent.com/footballcsv/cache.footballdata/f43a2aa0c65fb061c87e9541e7a567dd58ff933a/2023/no.1.csv,f43a2aa0c65fb061c87e9541e7a567dd58ff933a,222,2026-09-04T07:12:15.695Z,Eliteserien,2023,2023-11-12,Stromsgodset,HamKam,0,1,A,,,,,source_reported_FT,Stromsgodset,HamKam
footballcsv/cache.footballdata,https://raw.githubusercontent.com/footballcsv/cache.footballdata/f43a2aa0c65fb061c87e9541e7a567dd58ff933a/2023/no.1.csv,f43a2aa0c65fb061c87e9541e7a567dd58ff933a,223,2026-09-04T07:12:15.695Z,Eliteserien,2023,2023-11-12,Valerenga,Stabaek,0,0,D,,,,,source_reported_FT,Valerenga,Stabaek
footballcsv/cache.footballdata,https://raw.githubusercontent.com/footballcsv/cache.footballdata/f43a2aa0c65fb061c87e9541e7a567dd58ff933a/2023/no.1.csv,f43a2aa0c65fb061c87e9541e7a567dd58ff933a,224,2026-09-04T07:12:15.695Z,Eliteserien,2023,2023-11-12,Viking,Sarpsborg 08,2,1,H,,,,,source_reported_FT,Viking,Sarpsborg 08
footballcsv/cache.footballdata,https://raw.githubusercontent.com/footballcsv/cache.footballdata/f43a2aa0c65fb061c87e9541e7a567dd58ff933a/2023/no.1.csv,f43a2aa0c65fb061c87e9541e7a567dd58ff933a,226,2026-09-04T07:12:15.695Z,Eliteserien,2023,2023-11-26,Aalesund,Viking,0,4,A,,,,,source_reported_FT,Aalesund,Viking
footballcsv/cache.footballdata,https://raw.githubusercontent.com/footballcsv/cache.footballdata/f43a2aa0c65fb061c87e9541e7a567dd58ff933a/2023/no.1.csv,f43a2aa0c65fb061c87e9541e7a567dd58ff933a,227,2026-09-04T07:12:15.695Z,Eliteserien,2023,2023-11-26,Brann,Bodo/Glimt,4,2,H,,,,,source_reported_FT,Brann,Bodo/Glimt
footballcsv/cache.footballdata,https://raw.githubusercontent.com/footballcsv/cache.footballdata/f43a2aa0c65fb061c87e9541e7a567dd58ff933a/2023/no.1.csv,f43a2aa0c65fb061c87e9541e7a567dd58ff933a,228,2026-09-04T07:12:15.695Z,Eliteserien,2023,2023-11-26,HamKam,Valerenga,0,2,A,,,,,source_reported_FT,HamKam,Valerenga
footballcsv/cache.footballdata,https://raw.githubusercontent.com/footballcsv/cache.footballdata/f43a2aa0c65fb061c87e9541e7a567dd58ff933a/2023/no.1.csv,f43a2aa0c65fb061c87e9541e7a567dd58ff933a,229,2026-09-04T07:12:15.695Z,Eliteserien,2023,2023-11-26,Lillestrom,Odd,4,4,D,,,,,source_reported_FT,Lillestrom,Odd
footballcsv/cache.footballdata,https://raw.githubusercontent.com/footballcsv/cache.footballdata/f43a2aa0c65fb061c87e9541e7a567dd58ff933a/2023/no.1.csv,f43a2aa0c65fb061c87e9541e7a567dd58ff933a,230,2026-09-04T07:12:15.695Z,Eliteserien,2023,2023-11-26,Rosenborg,Stromsgodset,1,3,A,,,,,source_reported_FT,Rosenborg,Stromsgodset
footballcsv/cache.footballdata,https://raw.githubusercontent.com/footballcsv/cache.footballdata/f43a2aa0c65fb061c87e9541e7a567dd58ff933a/2023/no.1.csv,f43a2aa0c65fb061c87e9541e7a567dd58ff933a,231,2026-09-04T07:12:15.695Z,Eliteserien,2023,2023-11-26,Sarpsborg 08,Molde,1,3,A,,,,,source_reported_FT,Sarpsborg 08,Molde
footballcsv/cache.footballdata,https://raw.githubusercontent.com/footballcsv/cache.footballdata/f43a2aa0c65fb061c87e9541e7a567dd58ff933a/2023/no.1.csv,f43a2aa0c65fb061c87e9541e7a567dd58ff933a,232,2026-09-04T07:12:15.695Z,Eliteserien,2023,2023-11-26,Stabaek,Sandefjord,2,1,H,,,,,source_reported_FT,Stabaek,Sandefjord
footballcsv/cache.footballdata,https://raw.githubusercontent.com/footballcsv/cache.footballdata/f43a2aa0c65fb061c87e9541e7a567dd58ff933a/2023/no.1.csv,f43a2aa0c65fb061c87e9541e7a567dd58ff933a,233,2026-09-04T07:12:15.695Z,Eliteserien,2023,2023-11-26,Tromso,Haugesund,2,1,H,,,,,source_reported_FT,Tromso,Haugesund
footballcsv/cache.footballdata,https://raw.githubusercontent.com/footballcsv/cache.footballdata/f43a2aa0c65fb061c87e9541e7a567dd58ff933a/2023/no.1.csv,f43a2aa0c65fb061c87e9541e7a567dd58ff933a,234,2026-09-04T07:12:15.695Z,Eliteserien,2023,2023-12-03,Bodo/Glimt,Sarpsborg 08,2,0,H,,,,,source_reported_FT,Bodo/Glimt,Sarpsborg 08
footballcsv/cache.footballdata,https://raw.githubusercontent.com/footballcsv/cache.footballdata/f43a2aa0c65fb061c87e9541e7a567dd58ff933a/2023/no.1.csv,f43a2aa0c65fb061c87e9541e7a567dd58ff933a,235,2026-09-04T07:12:15.695Z,Eliteserien,2023,2023-12-03,Haugesund,Stabaek,3,0,H,,,,,source_reported_FT,Haugesund,Stabaek
footballcsv/cache.footballdata,https://raw.githubusercontent.com/footballcsv/cache.footballdata/f43a2aa0c65fb061c87e9541e7a567dd58ff933a/2023/no.1.csv,f43a2aa0c65fb061c87e9541e7a567dd58ff933a,236,2026-09-04T07:12:15.695Z,Eliteserien,2023,2023-12-03,Molde,HamKam,1,1,D,,,,,source_reported_FT,Molde,HamKam
footballcsv/cache.footballdata,https://raw.githubusercontent.com/footballcsv/cache.footballdata/f43a2aa0c65fb061c87e9541e7a567dd58ff933a/2023/no.1.csv,f43a2aa0c65fb061c87e9541e7a567dd58ff933a,237,2026-09-04T07:12:15.695Z,Eliteserien,2023,2023-12-03,Odd,Aalesund,4,1,H,,,,,source_reported_FT,Odd,Aalesund
footballcsv/cache.footballdata,https://raw.githubusercontent.com/footballcsv/cache.footballdata/f43a2aa0c65fb061c87e9541e7a567dd58ff933a/2023/no.1.csv,f43a2aa0c65fb061c87e9541e7a567dd58ff933a,238,2026-09-04T07:12:15.695Z,Eliteserien,2023,2023-12-03,Sandefjord,Lillestrom,1,0,H,,,,,source_reported_FT,Sandefjord,Lillestrom
footballcsv/cache.footballdata,https://raw.githubusercontent.com/footballcsv/cache.footballdata/f43a2aa0c65fb061c87e9541e7a567dd58ff933a/2023/no.1.csv,f43a2aa0c65fb061c87e9541e7a567dd58ff933a,239,2026-09-04T07:12:15.695Z,Eliteserien,2023,2023-12-03,Stromsgodset,Brann,3,0,H,,,,,source_reported_FT,Stromsgodset,Brann
footballcsv/cache.footballdata,https://raw.githubusercontent.com/footballcsv/cache.footballdata/f43a2aa0c65fb061c87e9541e7a567dd58ff933a/2023/no.1.csv,f43a2aa0c65fb061c87e9541e7a567dd58ff933a,240,2026-09-04T07:12:15.695Z,Eliteserien,2023,2023-12-03,Valerenga,Tromso,1,1,D,,,,,source_reported_FT,Valerenga,Tromso
footballcsv/cache.footballdata,https://raw.githubusercontent.com/footballcsv/cache.footballdata/f43a2aa0c65fb061c87e9541e7a567dd58ff933a/2023/no.1.csv,f43a2aa0c65fb061c87e9541e7a567dd58ff933a,241,2026-09-04T07:12:15.695Z,Eliteserien,2023,2023-12-03,Viking,Rosenborg,1,5,A,,,,,source_reported_FT,Viking,Rosenborg
footballcsv/cache.footballdata,https://raw.githubusercontent.com/footballcsv/cache.footballdata/f43a2aa0c65fb061c87e9541e7a567dd58ff933a/2023/no.1.csv,f43a2aa0c65fb061c87e9541e7a567dd58ff933a,242,2026-09-04T07:12:15.695Z,Eliteserien,2023,2023-12-06,Kristiansund,Valerenga,0,2,A,,,,,source_reported_FT,Kristiansund,Valerenga
footballcsv/cache.footballdata,https://raw.githubusercontent.com/footballcsv/cache.footballdata/f43a2aa0c65fb061c87e9541e7a567dd58ff933a/2023/no.1.csv,f43a2aa0c65fb061c87e9541e7a567dd58ff933a,243,2026-09-04T07:12:15.695Z,Eliteserien,2023,2023-12-10,Valerenga,Kristiansund,0,2,A,,,,,source_reported_FT,Valerenga,Kristiansund
footballcsv/cache.footballdata,https://raw.githubusercontent.com/footballcsv/cache.footballdata/f43a2aa0c65fb061c87e9541e7a567dd58ff933a/2024/no.1.csv,f43a2aa0c65fb061c87e9541e7a567dd58ff933a,2,2026-09-04T07:12:17.180Z,Eliteserien,2024,2024-03-31,Odd,Haugesund,1,2,A,,,,,source_reported_FT,Odd,Haugesund
footballcsv/cache.footballdata,https://raw.githubusercontent.com/footballcsv/cache.footballdata/f43a2aa0c65fb061c87e9541e7a567dd58ff933a/2024/no.1.csv,f43a2aa0c65fb061c87e9541e7a567dd58ff933a,3,2026-09-04T07:12:17.180Z,Eliteserien,2024,2024-04-01,Fredrikstad,Bodo/Glimt,0,2,A,,,,,source_reported_FT,Fredrikstad,Bodo/Glimt
footballcsv/cache.footballdata,https://raw.githubusercontent.com/footballcsv/cache.footballdata/f43a2aa0c65fb061c87e9541e7a567dd58ff933a/2024/no.1.csv,f43a2aa0c65fb061c87e9541e7a567dd58ff933a,4,2026-09-04T07:12:17.180Z,Eliteserien,2024,2024-04-01,Lillestrom,Kristiansund,2,3,A,,,,,source_reported_FT,Lillestrom,Kristiansund
footballcsv/cache.footballdata,https://raw.githubusercontent.com/footballcsv/cache.footballdata/f43a2aa0c65fb061c87e9541e7a567dd58ff933a/2024/no.1.csv,f43a2aa0c65fb061c87e9541e7a567dd58ff933a,5,2026-09-04T07:12:17.180Z,Eliteserien,2024,2024-04-01,Molde,Stromsgodset,4,0,H,,,,,source_reported_FT,Molde,Stromsgodset
footballcsv/cache.footballdata,https://raw.githubusercontent.com/footballcsv/cache.footballdata/f43a2aa0c65fb061c87e9541e7a567dd58ff933a/2024/no.1.csv,f43a2aa0c65fb061c87e9541e7a567dd58ff933a,6,2026-09-04T07:12:17.180Z,Eliteserien,2024,2024-04-01,Rosenborg,Sandefjord,2,0,H,,,,,source_reported_FT,Rosenborg,Sandefjord
footballcsv/cache.footballdata,https://raw.githubusercontent.com/footballcsv/cache.footballdata/f43a2aa0c65fb061c87e9541e7a567dd58ff933a/2024/no.1.csv,f43a2aa0c65fb061c87e9541e7a567dd58ff933a,7,2026-09-04T07:12:17.180Z,Eliteserien,2024,2024-04-01,Tromso,Brann,2,4,A,,,,,source_reported_FT,Tromso,Brann
footballcsv/cache.footballdata,https://raw.githubusercontent.com/footballcsv/cache.footballdata/f43a2aa0c65fb061c87e9541e7a567dd58ff933a/2024/no.1.csv,f43a2aa0c65fb061c87e9541e7a567dd58ff933a,8,2026-09-04T07:12:17.180Z,Eliteserien,2024,2024-04-01,Viking,Sarpsborg 08,1,0,H,,,,,source_reported_FT,Viking,Sarpsborg 08
footballcsv/cache.footballdata,https://raw.githubusercontent.com/footballcsv/cache.footballdata/f43a2aa0c65fb061c87e9541e7a567dd58ff933a/2024/no.1.csv,f43a2aa0c65fb061c87e9541e7a567dd58ff933a,9,2026-09-04T07:12:17.180Z,Eliteserien,2024,2024-04-02,KFUM Oslo,HamKam,1,1,D,,,,,source_reported_FT,KFUM Oslo,HamKam
footballcsv/cache.footballdata,https://raw.githubusercontent.com/footballcsv/cache.footballdata/f43a2aa0c65fb061c87e9541e7a567dd58ff933a/2024/no.1.csv,f43a2aa0c65fb061c87e9541e7a567dd58ff933a,10,2026-09-04T07:12:17.180Z,Eliteserien,2024,2024-04-06,Bodo/Glimt,Viking,1,0,H,,,,,source_reported_FT,Bodo/Glimt,Viking
footballcsv/cache.footballdata,https://raw.githubusercontent.com/footballcsv/cache.footballdata/f43a2aa0c65fb061c87e9541e7a567dd58ff933a/2024/no.1.csv,f43a2aa0c65fb061c87e9541e7a567dd58ff933a,16,2026-09-04T07:12:17.180Z,Eliteserien,2024,2024-04-07,Brann,Fredrikstad,0,2,A,,,,,source_reported_FT,Brann,Fredrikstad
footballcsv/cache.footballdata,https://raw.githubusercontent.com/footballcsv/cache.footballdata/f43a2aa0c65fb061c87e9541e7a567dd58ff933a/2024/no.1.csv,f43a2aa0c65fb061c87e9541e7a567dd58ff933a,12,2026-09-04T07:12:17.180Z,Eliteserien,2024,2024-04-07,HamKam,Molde,0,1,A,,,,,source_reported_FT,HamKam,Molde
footballcsv/cache.footballdata,https://raw.githubusercontent.com/footballcsv/cache.footballdata/f43a2aa0c65fb061c87e9541e7a567dd58ff933a/2024/no.1.csv,f43a2aa0c65fb061c87e9541e7a567dd58ff933a,13,2026-09-04T07:12:17.180Z,Eliteserien,2024,2024-04-07,Haugesund,Lillestrom,0,2,A,,,,,source_reported_FT,Haugesund,Lillestrom
footballcsv/cache.footballdata,https://raw.githubusercontent.com/footballcsv/cache.footballdata/f43a2aa0c65fb061c87e9541e7a567dd58ff933a/2024/no.1.csv,f43a2aa0c65fb061c87e9541e7a567dd58ff933a,11,2026-09-04T07:12:17.180Z,Eliteserien,2024,2024-04-07,Kristiansund,KFUM Oslo,1,1,D,,,,,source_reported_FT,Kristiansund,KFUM Oslo
footballcsv/cache.footballdata,https://raw.githubusercontent.com/footballcsv/cache.footballdata/f43a2aa0c65fb061c87e9541e7a567dd58ff933a/2024/no.1.csv,f43a2aa0c65fb061c87e9541e7a567dd58ff933a,14,2026-09-04T07:12:17.180Z,Eliteserien,2024,2024-04-07,Sarpsborg 08,Odd,0,1,A,,,,,source_reported_FT,Sarpsborg 08,Odd
footballcsv/cache.footballdata,https://raw.githubusercontent.com/footballcsv/cache.footballdata/f43a2aa0c65fb061c87e9541e7a567dd58ff933a/2024/no.1.csv,f43a2aa0c65fb061c87e9541e7a567dd58ff933a,15,2026-09-04T07:12:17.180Z,Eliteserien,2024,2024-04-07,Stromsgodset,Rosenborg,1,0,H,,,,,source_reported_FT,Stromsgodset,Rosenborg
footballcsv/cache.footballdata,https://raw.githubusercontent.com/footballcsv/cache.footballdata/f43a2aa0c65fb061c87e9541e7a567dd58ff933a/2024/no.1.csv,f43a2aa0c65fb061c87e9541e7a567dd58ff933a,17,2026-09-04T07:12:17.180Z,Eliteserien,2024,2024-04-13,Fredrikstad,Sarpsborg 08,2,2,D,,,,,source_reported_FT,Fredrikstad,Sarpsborg 08
footballcsv/cache.footballdata,https://raw.githubusercontent.com/footballcsv/cache.footballdata/f43a2aa0c65fb061c87e9541e7a567dd58ff933a/2024/no.1.csv,f43a2aa0c65fb061c87e9541e7a567dd58ff933a,23,2026-09-04T07:12:17.180Z,Eliteserien,2024,2024-04-14,Lillestrom,Bodo/Glimt,0,5,A,,,,,source_reported_FT,Lillestrom,Bodo/Glimt
footballcsv/cache.footballdata,https://raw.githubusercontent.com/footballcsv/cache.footballdata/f43a2aa0c65fb061c87e9541e7a567dd58ff933a/2024/no.1.csv,f43a2aa0c65fb061c87e9541e7a567dd58ff933a,19,2026-09-04T07:12:17.180Z,Eliteserien,2024,2024-04-14,Molde,Kristiansund,2,0,H,,,,,source_reported_FT,Molde,Kristiansund
footballcsv/cache.footballdata,https://raw.githubusercontent.com/footballcsv/cache.footballdata/f43a2aa0c65fb061c87e9541e7a567dd58ff933a/2024/no.1.csv,f43a2aa0c65fb061c87e9541e7a567dd58ff933a,20,2026-09-04T07:12:17.180Z,Eliteserien,2024,2024-04-14,Odd,Sandefjord,2,2,D,,,,,source_reported_FT,Odd,Sandefjord
footballcsv/cache.footballdata,https://raw.githubusercontent.com/footballcsv/cache.footballdata/f43a2aa0c65fb061c87e9541e7a567dd58ff933a/2024/no.1.csv,f43a2aa0c65fb061c87e9541e7a567dd58ff933a,21,2026-09-04T07:12:17.180Z,Eliteserien,2024,2024-04-14,Rosenborg,HamKam,1,0,H,,,,,source_reported_FT,Rosenborg,HamKam
footballcsv/cache.footballdata,https://raw.githubusercontent.com/footballcsv/cache.footballdata/f43a2aa0c65fb061c87e9541e7a567dd58ff933a/2024/no.1.csv,f43a2aa0c65fb061c87e9541e7a567dd58ff933a,22,2026-09-04T07:12:17.180Z,Eliteserien,2024,2024-04-14,Tromso,Haugesund,0,1,A,,,,,source_reported_FT,Tromso,Haugesund
footballcsv/cache.footballdata,https://raw.githubusercontent.com/footballcsv/cache.footballdata/f43a2aa0c65fb061c87e9541e7a567dd58ff933a/2024/no.1.csv,f43a2aa0c65fb061c87e9541e7a567dd58ff933a,18,2026-09-04T07:12:17.180Z,Eliteserien,2024,2024-04-14,Viking,Brann,1,1,D,,,,,source_reported_FT,Viking,Brann
footballcsv/cache.footballdata,https://raw.githubusercontent.com/footballcsv/cache.footballdata/f43a2aa0c65fb061c87e9541e7a567dd58ff933a/2024/no.1.csv,f43a2aa0c65fb061c87e9541e7a567dd58ff933a,24,2026-09-04T07:12:17.180Z,Eliteserien,2024,2024-04-16,KFUM Oslo,Stromsgodset,1,3,A,,,,,source_reported_FT,KFUM Oslo,Stromsgodset
footballcsv/cache.footballdata,https://raw.githubusercontent.com/footballcsv/cache.footballdata/f43a2aa0c65fb061c87e9541e7a567dd58ff933a/2024/no.1.csv,f43a2aa0c65fb061c87e9541e7a567dd58ff933a,25,2026-09-04T07:12:17.180Z,Eliteserien,2024,2024-04-17,Brann,HamKam,1,0,H,,,,,source_reported_FT,Brann,HamKam
footballcsv/cache.footballdata,https://raw.githubusercontent.com/footballcsv/cache.footballdata/f43a2aa0c65fb061c87e9541e7a567dd58ff933a/2024/no.1.csv,f43a2aa0c65fb061c87e9541e7a567dd58ff933a,26,2026-09-04T07:12:17.180Z,Eliteserien,2024,2024-04-17,Molde,Odd,1,2,A,,,,,source_reported_FT,Molde,Odd
footballcsv/cache.footballdata,https://raw.githubusercontent.com/footballcsv/cache.footballdata/f43a2aa0c65fb061c87e9541e7a567dd58ff933a/2024/no.1.csv,f43a2aa0c65fb061c87e9541e7a567dd58ff933a,34,2026-09-04T07:12:17.180Z,Eliteserien,2024,2024-04-21,Bodo/Glimt,Molde,1,1,D,,,,,source_reported_FT,Bodo/Glimt,Molde
footballcsv/cache.footballdata,https://raw.githubusercontent.com/footballcsv/cache.footballdata/f43a2aa0c65fb061c87e9541e7a567dd58ff933a/2024/no.1.csv,f43a2aa0c65fb061c87e9541e7a567dd58ff933a,28,2026-09-04T07:12:17.180Z,Eliteserien,2024,2024-04-21,Brann,Odd,2,0,H,,,,,source_reported_FT,Brann,Odd
footballcsv/cache.footballdata,https://raw.githubusercontent.com/footballcsv/cache.footballdata/f43a2aa0c65fb061c87e9541e7a567dd58ff933a/2024/no.1.csv,f43a2aa0c65fb061c87e9541e7a567dd58ff933a,27,2026-09-04T07:12:17.180Z,Eliteserien,2024,2024-04-21,HamKam,Stromsgodset,0,1,A,,,,,source_reported_FT,HamKam,Stromsgodset
footballcsv/cache.footballdata,https://raw.githubusercontent.com/footballcsv/cache.footballdata/f43a2aa0c65fb061c87e9541e7a567dd58ff933a/2024/no.1.csv,f43a2aa0c65fb061c87e9541e7a567dd58ff933a,29,2026-09-04T07:12:17.180Z,Eliteserien,2024,2024-04-21,Haugesund,Rosenborg,1,3,A,,,,,source_reported_FT,Haugesund,Rosenborg
footballcsv/cache.footballdata,https://raw.githubusercontent.com/footballcsv/cache.footballdata/f43a2aa0c65fb061c87e9541e7a567dd58ff933a/2024/no.1.csv,f43a2aa0c65fb061c87e9541e7a567dd58ff933a,30,2026-09-04T07:12:17.180Z,Eliteserien,2024,2024-04-21,Kristiansund,Tromso,1,0,H,,,,,source_reported_FT,Kristiansund,Tromso
footballcsv/cache.footballdata,https://raw.githubusercontent.com/footballcsv/cache.footballdata/f43a2aa0c65fb061c87e9541e7a567dd58ff933a/2024/no.1.csv,f43a2aa0c65fb061c87e9541e7a567dd58ff933a,31,2026-09-04T07:12:17.180Z,Eliteserien,2024,2024-04-21,Sandefjord,Lillestrom,0,1,A,,,,,source_reported_FT,Sandefjord,Lillestrom
footballcsv/cache.footballdata,https://raw.githubusercontent.com/footballcsv/cache.footballdata/f43a2aa0c65fb061c87e9541e7a567dd58ff933a/2024/no.1.csv,f43a2aa0c65fb061c87e9541e7a567dd58ff933a,32,2026-09-04T07:12:17.180Z,Eliteserien,2024,2024-04-21,Sarpsborg 08,KFUM Oslo,0,2,A,,,,,source_reported_FT,Sarpsborg 08,KFUM Oslo
footballcsv/cache.footballdata,https://raw.githubusercontent.com/footballcsv/cache.footballdata/f43a2aa0c65fb061c87e9541e7a567dd58ff933a/2024/no.1.csv,f43a2aa0c65fb061c87e9541e7a567dd58ff933a,33,2026-09-04T07:12:17.180Z,Eliteserien,2024,2024-04-21,Viking,Fredrikstad,1,1,D,,,,,source_reported_FT,Viking,Fredrikstad
footballcsv/cache.footballdata,https://raw.githubusercontent.com/footballcsv/cache.footballdata/f43a2aa0c65fb061c87e9541e7a567dd58ff933a/2024/no.1.csv,f43a2aa0c65fb061c87e9541e7a567dd58ff933a,35,2026-09-04T07:12:17.180Z,Eliteserien,2024,2024-04-27,Rosenborg,Bodo/Glimt,1,3,A,,,,,source_reported_FT,Rosenborg,Bodo/Glimt
footballcsv/cache.footballdata,https://raw.githubusercontent.com/footballcsv/cache.footballdata/f43a2aa0c65fb061c87e9541e7a567dd58ff933a/2024/no.1.csv,f43a2aa0c65fb061c87e9541e7a567dd58ff933a,36,2026-09-04T07:12:17.180Z,Eliteserien,2024,2024-04-28,Fredrikstad,Sandefjord,1,0,H,,,,,source_reported_FT,Fredrikstad,Sandefjord
footballcsv/cache.footballdata,https://raw.githubusercontent.com/footballcsv/cache.footballdata/f43a2aa0c65fb061c87e9541e7a567dd58ff933a/2024/no.1.csv,f43a2aa0c65fb061c87e9541e7a567dd58ff933a,37,2026-09-04T07:12:17.180Z,Eliteserien,2024,2024-04-28,KFUM Oslo,Brann,0,0,D,,,,,source_reported_FT,KFUM Oslo,Brann
footballcsv/cache.footballdata,https://raw.githubusercontent.com/footballcsv/cache.footballdata/f43a2aa0c65fb061c87e9541e7a567dd58ff933a/2024/no.1.csv,f43a2aa0c65fb061c87e9541e7a567dd58ff933a,38,2026-09-04T07:12:17.180Z,Eliteserien,2024,2024-04-28,Lillestrom,HamKam,1,1,D,,,,,source_reported_FT,Lillestrom,HamKam
footballcsv/cache.footballdata,https://raw.githubusercontent.com/footballcsv/cache.footballdata/f43a2aa0c65fb061c87e9541e7a567dd58ff933a/2024/no.1.csv,f43a2aa0c65fb061c87e9541e7a567dd58ff933a,39,2026-09-04T07:12:17.180Z,Eliteserien,2024,2024-04-28,Molde,Haugesund,2,1,H,,,,,source_reported_FT,Molde,Haugesund
footballcsv/cache.footballdata,https://raw.githubusercontent.com/footballcsv/cache.footballdata/f43a2aa0c65fb061c87e9541e7a567dd58ff933a/2024/no.1.csv,f43a2aa0c65fb061c87e9541e7a567dd58ff933a,42,2026-09-04T07:12:17.180Z,Eliteserien,2024,2024-04-28,Odd,Viking,3,3,D,,,,,source_reported_FT,Odd,Viking
footballcsv/cache.footballdata,https://raw.githubusercontent.com/footballcsv/cache.footballdata/f43a2aa0c65fb061c87e9541e7a567dd58ff933a/2024/no.1.csv,f43a2aa0c65fb061c87e9541e7a567dd58ff933a,40,2026-09-04T07:12:17.180Z,Eliteserien,2024,2024-04-28,Stromsgodset,Kristiansund,2,2,D,,,,,source_reported_FT,Stromsgodset,Kristiansund
footballcsv/cache.footballdata,https://raw.githubusercontent.com/footballcsv/cache.footballdata/f43a2aa0c65fb061c87e9541e7a567dd58ff933a/2024/no.1.csv,f43a2aa0c65fb061c87e9541e7a567dd58ff933a,41,2026-09-04T07:12:17.180Z,Eliteserien,2024,2024-04-28,Tromso,Sarpsborg 08,0,3,A,,,,,source_reported_FT,Tromso,Sarpsborg 08
footballcsv/cache.footballdata,https://raw.githubusercontent.com/footballcsv/cache.footballdata/f43a2aa0c65fb061c87e9541e7a567dd58ff933a/2024/no.1.csv,f43a2aa0c65fb061c87e9541e7a567dd58ff933a,43,2026-09-04T07:12:17.180Z,Eliteserien,2024,2024-05-04,Brann,Rosenborg,3,0,H,,,,,source_reported_FT,Brann,Rosenborg
footballcsv/cache.footballdata,https://raw.githubusercontent.com/footballcsv/cache.footballdata/f43a2aa0c65fb061c87e9541e7a567dd58ff933a/2024/no.1.csv,f43a2aa0c65fb061c87e9541e7a567dd58ff933a,44,2026-09-04T07:12:17.180Z,Eliteserien,2024,2024-05-05,Bodo/Glimt,Stromsgodset,1,0,H,,,,,source_reported_FT,Bodo/Glimt,Stromsgodset
footballcsv/cache.footballdata,https://raw.githubusercontent.com/footballcsv/cache.footballdata/f43a2aa0c65fb061c87e9541e7a567dd58ff933a/2024/no.1.csv,f43a2aa0c65fb061c87e9541e7a567dd58ff933a,45,2026-09-04T07:12:17.180Z,Eliteserien,2024,2024-05-05,Haugesund,KFUM Oslo,0,1,A,,,,,source_reported_FT,Haugesund,KFUM Oslo
footballcsv/cache.footballdata,https://raw.githubusercontent.com/footballcsv/cache.footballdata/f43a2aa0c65fb061c87e9541e7a567dd58ff933a/2024/no.1.csv,f43a2aa0c65fb061c87e9541e7a567dd58ff933a,46,2026-09-04T07:12:17.180Z,Eliteserien,2024,2024-05-05,Kristiansund,HamKam,1,1,D,,,,,source_reported_FT,Kristiansund,HamKam
footballcsv/cache.footballdata,https://raw.githubusercontent.com/footballcsv/cache.footballdata/f43a2aa0c65fb061c87e9541e7a567dd58ff933a/2024/no.1.csv,f43a2aa0c65fb061c87e9541e7a567dd58ff933a,47,2026-09-04T07:12:17.180Z,Eliteserien,2024,2024-05-05,Odd,Fredrikstad,0,2,A,,,,,source_reported_FT,Odd,Fredrikstad
footballcsv/cache.footballdata,https://raw.githubusercontent.com/footballcsv/cache.footballdata/f43a2aa0c65fb061c87e9541e7a567dd58ff933a/2024/no.1.csv,f43a2aa0c65fb061c87e9541e7a567dd58ff933a,48,2026-09-04T07:12:17.180Z,Eliteserien,2024,2024-05-05,Sandefjord,Molde,3,1,H,,,,,source_reported_FT,Sandefjord,Molde
footballcsv/cache.footballdata,https://raw.githubusercontent.com/footballcsv/cache.footballdata/f43a2aa0c65fb061c87e9541e7a567dd58ff933a/2024/no.1.csv,f43a2aa0c65fb061c87e9541e7a567dd58ff933a,49,2026-09-04T07:12:17.180Z,Eliteserien,2024,2024-05-05,Sarpsborg 08,Lillestrom,1,0,H,,,,,source_reported_FT,Sarpsborg 08,Lillestrom
footballcsv/cache.footballdata,https://raw.githubusercontent.com/footballcsv/cache.footballdata/f43a2aa0c65fb061c87e9541e7a567dd58ff933a/2024/no.1.csv,f43a2aa0c65fb061c87e9541e7a567dd58ff933a,50,2026-09-04T07:12:17.180Z,Eliteserien,2024,2024-05-05,Viking,Tromso,2,1,H,,,,,source_reported_FT,Viking,Tromso
footballcsv/cache.footballdata,https://raw.githubusercontent.com/footballcsv/cache.footballdata/f43a2aa0c65fb061c87e9541e7a567dd58ff933a/2024/no.1.csv,f43a2aa0c65fb061c87e9541e7a567dd58ff933a,51,2026-09-04T07:12:17.180Z,Eliteserien,2024,2024-05-11,Molde,Rosenborg,2,2,D,,,,,source_reported_FT,Molde,Rosenborg
footballcsv/cache.footballdata,https://raw.githubusercontent.com/footballcsv/cache.footballdata/f43a2aa0c65fb061c87e9541e7a567dd58ff933a/2024/no.1.csv,f43a2aa0c65fb061c87e9541e7a567dd58ff933a,53,2026-09-04T07:12:17.180Z,Eliteserien,2024,2024-05-12,HamKam,Haugesund,2,2,D,,,,,source_reported_FT,HamKam,Haugesund
footballcsv/cache.footballdata,https://raw.githubusercontent.com/footballcsv/cache.footballdata/f43a2aa0c65fb061c87e9541e7a567dd58ff933a/2024/no.1.csv,f43a2aa0c65fb061c87e9541e7a567dd58ff933a,54,2026-09-04T07:12:17.180Z,Eliteserien,2024,2024-05-12,KFUM Oslo,Fredrikstad,1,4,A,,,,,source_reported_FT,KFUM Oslo,Fredrikstad
footballcsv/cache.footballdata,https://raw.githubusercontent.com/footballcsv/cache.footballdata/f43a2aa0c65fb061c87e9541e7a567dd58ff933a/2024/no.1.csv,f43a2aa0c65fb061c87e9541e7a567dd58ff933a,52,2026-09-04T07:12:17.180Z,Eliteserien,2024,2024-05-12,Kristiansund,Bodo/Glimt,2,4,A,,,,,source_reported_FT,Kristiansund,Bodo/Glimt
footballcsv/cache.footballdata,https://raw.githubusercontent.com/footballcsv/cache.footballdata/f43a2aa0c65fb061c87e9541e7a567dd58ff933a/2024/no.1.csv,f43a2aa0c65fb061c87e9541e7a567dd58ff933a,58,2026-09-04T07:12:17.180Z,Eliteserien,2024,2024-05-12,Lillestrom,Brann,0,2,A,,,,,source_reported_FT,Lillestrom,Brann
footballcsv/cache.footballdata,https://raw.githubusercontent.com/footballcsv/cache.footballdata/f43a2aa0c65fb061c87e9541e7a567dd58ff933a/2024/no.1.csv,f43a2aa0c65fb061c87e9541e7a567dd58ff933a,55,2026-09-04T07:12:17.180Z,Eliteserien,2024,2024-05-12,Sandefjord,Sarpsborg 08,4,1,H,,,,,source_reported_FT,Sandefjord,Sarpsborg 08
footballcsv/cache.footballdata,https://raw.githubusercontent.com/footballcsv/cache.footballdata/f43a2aa0c65fb061c87e9541e7a567dd58ff933a/2024/no.1.csv,f43a2aa0c65fb061c87e9541e7a567dd58ff933a,56,2026-09-04T07:12:17.180Z,Eliteserien,2024,2024-05-12,Stromsgodset,Viking,0,1,A,,,,,source_reported_FT,Stromsgodset,Viking
footballcsv/cache.footballdata,https://raw.githubusercontent.com/footballcsv/cache.footballdata/f43a2aa0c65fb061c87e9541e7a567dd58ff933a/2024/no.1.csv,f43a2aa0c65fb061c87e9541e7a567dd58ff933a,57,2026-09-04T07:12:17.180Z,Eliteserien,2024,2024-05-12,Tromso,Odd,4,0,H,,,,,source_reported_FT,Tromso,Odd
footballcsv/cache.footballdata,https://raw.githubusercontent.com/footballcsv/cache.footballdata/f43a2aa0c65fb061c87e9541e7a567dd58ff933a/2024/no.1.csv,f43a2aa0c65fb061c87e9541e7a567dd58ff933a,59,2026-09-04T07:12:17.180Z,Eliteserien,2024,2024-05-16,Bodo/Glimt,Tromso,4,0,H,,,,,source_reported_FT,Bodo/Glimt,Tromso
footballcsv/cache.footballdata,https://raw.githubusercontent.com/footballcsv/cache.footballdata/f43a2aa0c65fb061c87e9541e7a567dd58ff933a/2024/no.1.csv,f43a2aa0c65fb061c87e9541e7a567dd58ff933a,60,2026-09-04T07:12:17.180Z,Eliteserien,2024,2024-05-16,Brann,Sandefjord,2,1,H,,,,,source_reported_FT,Brann,Sandefjord
footballcsv/cache.footballdata,https://raw.githubusercontent.com/footballcsv/cache.footballdata/f43a2aa0c65fb061c87e9541e7a567dd58ff933a/2024/no.1.csv,f43a2aa0c65fb061c87e9541e7a567dd58ff933a,61,2026-09-04T07:12:17.180Z,Eliteserien,2024,2024-05-16,Fredrikstad,Stromsgodset,4,1,H,,,,,source_reported_FT,Fredrikstad,Stromsgodset
footballcsv/cache.footballdata,https://raw.githubusercontent.com/footballcsv/cache.footballdata/f43a2aa0c65fb061c87e9541e7a567dd58ff933a/2024/no.1.csv,f43a2aa0c65fb061c87e9541e7a567dd58ff933a,62,2026-09-04T07:12:17.180Z,Eliteserien,2024,2024-05-16,Haugesund,Kristiansund,1,0,H,,,,,source_reported_FT,Haugesund,Kristiansund
footballcsv/cache.footballdata,https://raw.githubusercontent.com/footballcsv/cache.footballdata/f43a2aa0c65fb061c87e9541e7a567dd58ff933a/2024/no.1.csv,f43a2aa0c65fb061c87e9541e7a567dd58ff933a,63,2026-09-04T07:12:17.180Z,Eliteserien,2024,2024-05-16,Odd,Molde,0,4,A,,,,,source_reported_FT,Odd,Molde
footballcsv/cache.footballdata,https://raw.githubusercontent.com/footballcsv/cache.footballdata/f43a2aa0c65fb061c87e9541e7a567dd58ff933a/2024/no.1.csv,f43a2aa0c65fb061c87e9541e7a567dd58ff933a,64,2026-09-04T07:12:17.180Z,Eliteserien,2024,2024-05-16,Rosenborg,KFUM Oslo,1,3,A,,,,,source_reported_FT,Rosenborg,KFUM Oslo
footballcsv/cache.footballdata,https://raw.githubusercontent.com/footballcsv/cache.footballdata/f43a2aa0c65fb061c87e9541e7a567dd58ff933a/2024/no.1.csv,f43a2aa0c65fb061c87e9541e7a567dd58ff933a,65,2026-09-04T07:12:17.180Z,Eliteserien,2024,2024-05-16,Sarpsborg 08,HamKam,1,7,A,,,,,source_reported_FT,Sarpsborg 08,HamKam
footballcsv/cache.footballdata,https://raw.githubusercontent.com/footballcsv/cache.footballdata/f43a2aa0c65fb061c87e9541e7a567dd58ff933a/2024/no.1.csv,f43a2aa0c65fb061c87e9541e7a567dd58ff933a,66,2026-09-04T07:12:17.180Z,Eliteserien,2024,2024-05-16,Viking,Lillestrom,1,4,A,,,,,source_reported_FT,Viking,Lillestrom
footballcsv/cache.footballdata,https://raw.githubusercontent.com/footballcsv/cache.footballdata/f43a2aa0c65fb061c87e9541e7a567dd58ff933a/2024/no.1.csv,f43a2aa0c65fb061c87e9541e7a567dd58ff933a,67,2026-09-04T07:12:17.180Z,Eliteserien,2024,2024-05-20,HamKam,Bodo/Glimt,1,0,H,,,,,source_reported_FT,HamKam,Bodo/Glimt
footballcsv/cache.footballdata,https://raw.githubusercontent.com/footballcsv/cache.footballdata/f43a2aa0c65fb061c87e9541e7a567dd58ff933a/2024/no.1.csv,f43a2aa0c65fb061c87e9541e7a567dd58ff933a,68,2026-09-04T07:12:17.180Z,Eliteserien,2024,2024-05-20,KFUM Oslo,Odd,0,0,D,,,,,source_reported_FT,KFUM Oslo,Odd
footballcsv/cache.footballdata,https://raw.githubusercontent.com/footballcsv/cache.footballdata/f43a2aa0c65fb061c87e9541e7a567dd58ff933a/2024/no.1.csv,f43a2aa0c65fb061c87e9541e7a567dd58ff933a,69,2026-09-04T07:12:17.180Z,Eliteserien,2024,2024-05-20,Kristiansund,Brann,2,2,D,,,,,source_reported_FT,Kristiansund,Brann
footballcsv/cache.footballdata,https://raw.githubusercontent.com/footballcsv/cache.footballdata/f43a2aa0c65fb061c87e9541e7a567dd58ff933a/2024/no.1.csv,f43a2aa0c65fb061c87e9541e7a567dd58ff933a,70,2026-09-04T07:12:17.180Z,Eliteserien,2024,2024-05-20,Lillestrom,Fredrikstad,0,3,A,,,,,source_reported_FT,Lillestrom,Fredrikstad
footballcsv/cache.footballdata,https://raw.githubusercontent.com/footballcsv/cache.footballdata/f43a2aa0c65fb061c87e9541e7a567dd58ff933a/2024/no.1.csv,f43a2aa0c65fb061c87e9541e7a567dd58ff933a,71,2026-09-04T07:12:17.180Z,Eliteserien,2024,2024-05-20,Molde,Sarpsborg 08,2,4,A,,,,,source_reported_FT,Molde,Sarpsborg 08
footballcsv/cache.footballdata,https://raw.githubusercontent.com/footballcsv/cache.footballdata/f43a2aa0c65fb061c87e9541e7a567dd58ff933a/2024/no.1.csv,f43a2aa0c65fb061c87e9541e7a567dd58ff933a,72,2026-09-04T07:12:17.180Z,Eliteserien,2024,2024-05-20,Sandefjord,Viking,0,3,A,,,,,source_reported_FT,Sandefjord,Viking
footballcsv/cache.footballdata,https://raw.githubusercontent.com/footballcsv/cache.footballdata/f43a2aa0c65fb061c87e9541e7a567dd58ff933a/2024/no.1.csv,f43a2aa0c65fb061c87e9541e7a567dd58ff933a,73,2026-09-04T07:12:17.180Z,Eliteserien,2024,2024-05-20,Stromsgodset,Haugesund,2,0,H,,,,,source_reported_FT,Stromsgodset,Haugesund
footballcsv/cache.footballdata,https://raw.githubusercontent.com/footballcsv/cache.footballdata/f43a2aa0c65fb061c87e9541e7a567dd58ff933a/2024/no.1.csv,f43a2aa0c65fb061c87e9541e7a567dd58ff933a,74,2026-09-04T07:12:17.180Z,Eliteserien,2024,2024-05-20,Tromso,Rosenborg,3,2,H,,,,,source_reported_FT,Tromso,Rosenborg
footballcsv/cache.footballdata,https://raw.githubusercontent.com/footballcsv/cache.footballdata/f43a2aa0c65fb061c87e9541e7a567dd58ff933a/2024/no.1.csv,f43a2aa0c65fb061c87e9541e7a567dd58ff933a,75,2026-09-04T07:12:17.180Z,Eliteserien,2024,2024-05-24,Bodo/Glimt,KFUM Oslo,2,2,D,,,,,source_reported_FT,Bodo/Glimt,KFUM Oslo
footballcsv/cache.footballdata,https://raw.githubusercontent.com/footballcsv/cache.footballdata/f43a2aa0c65fb061c87e9541e7a567dd58ff933a/2024/no.1.csv,f43a2aa0c65fb061c87e9541e7a567dd58ff933a,76,2026-09-04T07:12:17.180Z,Eliteserien,2024,2024-05-25,Fredrikstad,Tromso,0,0,D,,,,,source_reported_FT,Fredrikstad,Tromso
footballcsv/cache.footballdata,https://raw.githubusercontent.com/footballcsv/cache.footballdata/f43a2aa0c65fb061c87e9541e7a567dd58ff933a/2024/no.1.csv,f43a2aa0c65fb061c87e9541e7a567dd58ff933a,82,2026-09-04T07:12:17.180Z,Eliteserien,2024,2024-05-26,Brann,Molde,1,3,A,,,,,source_reported_FT,Brann,Molde
footballcsv/cache.footballdata,https://raw.githubusercontent.com/footballcsv/cache.footballdata/f43a2aa0c65fb061c87e9541e7a567dd58ff933a/2024/no.1.csv,f43a2aa0c65fb061c87e9541e7a567dd58ff933a,77,2026-09-04T07:12:17.180Z,Eliteserien,2024,2024-05-26,Haugesund,Sandefjord,2,1,H,,,,,source_reported_FT,Haugesund,Sandefjord
footballcsv/cache.footballdata,https://raw.githubusercontent.com/footballcsv/cache.footballdata/f43a2aa0c65fb061c87e9541e7a567dd58ff933a/2024/no.1.csv,f43a2aa0c65fb061c87e9541e7a567dd58ff933a,78,2026-09-04T07:12:17.180Z,Eliteserien,2024,2024-05-26,Odd,Lillestrom,2,1,H,,,,,source_reported_FT,Odd,Lillestrom
footballcsv/cache.footballdata,https://raw.githubusercontent.com/footballcsv/cache.footballdata/f43a2aa0c65fb061c87e9541e7a567dd58ff933a/2024/no.1.csv,f43a2aa0c65fb061c87e9541e7a567dd58ff933a,79,2026-09-04T07:12:17.180Z,Eliteserien,2024,2024-05-26,Rosenborg,Kristiansund,2,1,H,,,,,source_reported_FT,Rosenborg,Kristiansund
footballcsv/cache.footballdata,https://raw.githubusercontent.com/footballcsv/cache.footballdata/f43a2aa0c65fb061c87e9541e7a567dd58ff933a/2024/no.1.csv,f43a2aa0c65fb061c87e9541e7a567dd58ff933a,80,2026-09-04T07:12:17.180Z,Eliteserien,2024,2024-05-26,Sarpsborg 08,Stromsgodset,1,3,A,,,,,source_reported_FT,Sarpsborg 08,Stromsgodset
footballcsv/cache.footballdata,https://raw.githubusercontent.com/footballcsv/cache.footballdata/f43a2aa0c65fb061c87e9541e7a567dd58ff933a/2024/no.1.csv,f43a2aa0c65fb061c87e9541e7a567dd58ff933a,81,2026-09-04T07:12:17.180Z,Eliteserien,2024,2024-05-26,Viking,HamKam,3,0,H,,,,,source_reported_FT,Viking,HamKam
footballcsv/cache.footballdata,https://raw.githubusercontent.com/footballcsv/cache.footballdata/f43a2aa0c65fb061c87e9541e7a567dd58ff933a/2024/no.1.csv,f43a2aa0c65fb061c87e9541e7a567dd58ff933a,83,2026-09-04T07:12:17.180Z,Eliteserien,2024,2024-05-29,Bodo/Glimt,Sandefjord,1,1,D,,,,,source_reported_FT,Bodo/Glimt,Sandefjord
footballcsv/cache.footballdata,https://raw.githubusercontent.com/footballcsv/cache.footballdata/f43a2aa0c65fb061c87e9541e7a567dd58ff933a/2024/no.1.csv,f43a2aa0c65fb061c87e9541e7a567dd58ff933a,84,2026-09-04T07:12:17.180Z,Eliteserien,2024,2024-05-29,Brann,Kristiansund,2,1,H,,,,,source_reported_FT,Brann,Kristiansund
footballcsv/cache.footballdata,https://raw.githubusercontent.com/footballcsv/cache.footballdata/f43a2aa0c65fb061c87e9541e7a567dd58ff933a/2024/no.1.csv,f43a2aa0c65fb061c87e9541e7a567dd58ff933a,85,2026-09-04T07:12:17.180Z,Eliteserien,2024,2024-05-29,Tromso,Fredrikstad,3,0,H,,,,,source_reported_FT,Tromso,Fredrikstad
footballcsv/cache.footballdata,https://raw.githubusercontent.com/footballcsv/cache.footballdata/f43a2aa0c65fb061c87e9541e7a567dd58ff933a/2024/no.1.csv,f43a2aa0c65fb061c87e9541e7a567dd58ff933a,86,2026-09-04T07:12:17.180Z,Eliteserien,2024,2024-06-01,HamKam,Brann,1,2,A,,,,,source_reported_FT,HamKam,Brann
footballcsv/cache.footballdata,https://raw.githubusercontent.com/footballcsv/cache.footballdata/f43a2aa0c65fb061c87e9541e7a567dd58ff933a/2024/no.1.csv,f43a2aa0c65fb061c87e9541e7a567dd58ff933a,88,2026-09-04T07:12:17.180Z,Eliteserien,2024,2024-06-02,Haugesund,Bodo/Glimt,0,1,A,,,,,source_reported_FT,Haugesund,Bodo/Glimt
footballcsv/cache.footballdata,https://raw.githubusercontent.com/footballcsv/cache.footballdata/f43a2aa0c65fb061c87e9541e7a567dd58ff933a/2024/no.1.csv,f43a2aa0c65fb061c87e9541e7a567dd58ff933a,89,2026-09-04T07:12:17.180Z,Eliteserien,2024,2024-06-02,KFUM Oslo,Sandefjord,3,3,D,,,,,source_reported_FT,KFUM Oslo,Sandefjord
footballcsv/cache.footballdata,https://raw.githubusercontent.com/footballcsv/cache.footballdata/f43a2aa0c65fb061c87e9541e7a567dd58ff933a/2024/no.1.csv,f43a2aa0c65fb061c87e9541e7a567dd58ff933a,90,2026-09-04T07:12:17.180Z,Eliteserien,2024,2024-06-02,Kristiansund,Sarpsborg 08,3,1,H,,,,,source_reported_FT,Kristiansund,Sarpsborg 08
footballcsv/cache.footballdata,https://raw.githubusercontent.com/footballcsv/cache.footballdata/f43a2aa0c65fb061c87e9541e7a567dd58ff933a/2024/no.1.csv,f43a2aa0c65fb061c87e9541e7a567dd58ff933a,87,2026-09-04T07:12:17.180Z,Eliteserien,2024,2024-06-02,Molde,Viking,2,2,D,,,,,source_reported_FT,Molde,Viking
footballcsv/cache.footballdata,https://raw.githubusercontent.com/footballcsv/cache.footballdata/f43a2aa0c65fb061c87e9541e7a567dd58ff933a/2024/no.1.csv,f43a2aa0c65fb061c87e9541e7a567dd58ff933a,93,2026-09-04T07:12:17.180Z,Eliteserien,2024,2024-06-02,Rosenborg,Fredrikstad,1,1,D,,,,,source_reported_FT,Rosenborg,Fredrikstad
footballcsv/cache.footballdata,https://raw.githubusercontent.com/footballcsv/cache.footballdata/f43a2aa0c65fb061c87e9541e7a567dd58ff933a/2024/no.1.csv,f43a2aa0c65fb061c87e9541e7a567dd58ff933a,91,2026-09-04T07:12:17.180Z,Eliteserien,2024,2024-06-02,Stromsgodset,Odd,1,1,D,,,,,source_reported_FT,Stromsgodset,Odd
footballcsv/cache.footballdata,https://raw.githubusercontent.com/footballcsv/cache.footballdata/f43a2aa0c65fb061c87e9541e7a567dd58ff933a/2024/no.1.csv,f43a2aa0c65fb061c87e9541e7a567dd58ff933a,92,2026-09-04T07:12:17.180Z,Eliteserien,2024,2024-06-02,Tromso,Lillestrom,1,2,A,,,,,source_reported_FT,Tromso,Lillestrom
openfootball/europe,https://raw.githubusercontent.com/openfootball/europe/7faa522aef63fa9a6fcb9d8189bd8bc52381e967/norway/2025_no1.txt,7faa522aef63fa9a6fcb9d8189bd8bc52381e967,12,2026-09-04T07:12:34.162Z,Eliteserien,2025,2025-03-29,Fredrikstad,Brann,3,0,H,2,0,H,Matchday 1,source_reported_FT,Fredrikstad FK,SK Brann
openfootball/europe,https://raw.githubusercontent.com/openfootball/europe/7faa522aef63fa9a6fcb9d8189bd8bc52381e967/norway/2025_no1.txt,7faa522aef63fa9a6fcb9d8189bd8bc52381e967,11,2026-09-04T07:12:34.162Z,Eliteserien,2025,2025-03-29,Stromsgodset,Rosenborg,1,2,A,0,1,A,Matchday 1,source_reported_FT,Strømsgodset IF,Rosenborg BK
openfootball/europe,https://raw.githubusercontent.com/openfootball/europe/7faa522aef63fa9a6fcb9d8189bd8bc52381e967/norway/2025_no1.txt,7faa522aef63fa9a6fcb9d8189bd8bc52381e967,19,2026-09-04T07:12:34.162Z,Eliteserien,2025,2025-03-30,Bryne,Bodo/Glimt,0,1,A,0,1,A,Matchday 1,source_reported_FT,Bryne FK,FK Bodø/Glimt
openfootball/europe,https://raw.githubusercontent.com/openfootball/europe/7faa522aef63fa9a6fcb9d8189bd8bc52381e967/norway/2025_no1.txt,7faa522aef63fa9a6fcb9d8189bd8bc52381e967,15,2026-09-04T07:12:34.162Z,Eliteserien,2025,2025-03-30,HamKam,Kristiansund,2,1,H,1,1,D,Matchday 1,source_reported_FT,Hamarkameratene,Kristiansund BK
openfootball/europe,https://raw.githubusercontent.com/openfootball/europe/7faa522aef63fa9a6fcb9d8189bd8bc52381e967/norway/2025_no1.txt,7faa522aef63fa9a6fcb9d8189bd8bc52381e967,16,2026-09-04T07:12:34.162Z,Eliteserien,2025,2025-03-30,KFUM Oslo,Sandefjord,3,1,H,1,1,D,Matchday 1,source_reported_FT,KFUM Oslo,Sandefjord Fotball
openfootball/europe,https://raw.githubusercontent.com/openfootball/europe/7faa522aef63fa9a6fcb9d8189bd8bc52381e967/norway/2025_no1.txt,7faa522aef63fa9a6fcb9d8189bd8bc52381e967,17,2026-09-04T07:12:34.162Z,Eliteserien,2025,2025-03-30,Molde,Sarpsborg 08,0,2,A,0,1,A,Matchday 1,source_reported_FT,Molde FK,Sarpsborg 08
openfootball/europe,https://raw.githubusercontent.com/openfootball/europe/7faa522aef63fa9a6fcb9d8189bd8bc52381e967/norway/2025_no1.txt,7faa522aef63fa9a6fcb9d8189bd8bc52381e967,18,2026-09-04T07:12:34.162Z,Eliteserien,2025,2025-03-30,Tromso,Haugesund,1,0,H,1,0,H,Matchday 1,source_reported_FT,Tromsø IL,FK Haugesund
openfootball/europe,https://raw.githubusercontent.com/openfootball/europe/7faa522aef63fa9a6fcb9d8189bd8bc52381e967/norway/2025_no1.txt,7faa522aef63fa9a6fcb9d8189bd8bc52381e967,14,2026-09-04T07:12:34.162Z,Eliteserien,2025,2025-03-30,Valerenga,Viking,3,1,H,1,0,H,Matchday 1,source_reported_FT,Vålerenga IF,Viking FK
openfootball/europe,https://raw.githubusercontent.com/openfootball/europe/7faa522aef63fa9a6fcb9d8189bd8bc52381e967/norway/2025_no1.txt,7faa522aef63fa9a6fcb9d8189bd8bc52381e967,24,2026-09-04T07:12:34.162Z,Eliteserien,2025,2025-04-05,Bodo/Glimt,HamKam,3,0,H,1,0,H,Matchday 2,source_reported_FT,FK Bodø/Glimt,Hamarkameratene
openfootball/europe,https://raw.githubusercontent.com/openfootball/europe/7faa522aef63fa9a6fcb9d8189bd8bc52381e967/norway/2025_no1.txt,7faa522aef63fa9a6fcb9d8189bd8bc52381e967,25,2026-09-04T07:12:34.162Z,Eliteserien,2025,2025-04-05,Rosenborg,Fredrikstad,1,0,H,1,0,H,Matchday 2,source_reported_FT,Rosenborg BK,Fredrikstad FK
openfootball/europe,https://raw.githubusercontent.com/openfootball/europe/7faa522aef63fa9a6fcb9d8189bd8bc52381e967/norway/2025_no1.txt,7faa522aef63fa9a6fcb9d8189bd8bc52381e967,27,2026-09-04T07:12:34.162Z,Eliteserien,2025,2025-04-06,Brann,Tromso,3,1,H,0,1,A,Matchday 2,source_reported_FT,SK Brann,Tromsø IL
openfootball/europe,https://raw.githubusercontent.com/openfootball/europe/7faa522aef63fa9a6fcb9d8189bd8bc52381e967/norway/2025_no1.txt,7faa522aef63fa9a6fcb9d8189bd8bc52381e967,28,2026-09-04T07:12:34.162Z,Eliteserien,2025,2025-04-06,Haugesund,Stromsgodset,0,5,A,0,2,A,Matchday 2,source_reported_FT,FK Haugesund,Strømsgodset IF
openfootball/europe,https://raw.githubusercontent.com/openfootball/europe/7faa522aef63fa9a6fcb9d8189bd8bc52381e967/norway/2025_no1.txt,7faa522aef63fa9a6fcb9d8189bd8bc52381e967,29,2026-09-04T07:12:34.162Z,Eliteserien,2025,2025-04-06,Kristiansund,Bryne,2,1,H,1,1,D,Matchday 2,source_reported_FT,Kristiansund BK,Bryne FK
openfootball/europe,https://raw.githubusercontent.com/openfootball/europe/7faa522aef63fa9a6fcb9d8189bd8bc52381e967/norway/2025_no1.txt,7faa522aef63fa9a6fcb9d8189bd8bc52381e967,30,2026-09-04T07:12:34.162Z,Eliteserien,2025,2025-04-06,Sandefjord,Molde,3,0,H,2,0,H,Matchday 2,source_reported_FT,Sandefjord Fotball,Molde FK
openfootball/europe,https://raw.githubusercontent.com/openfootball/europe/7faa522aef63fa9a6fcb9d8189bd8bc52381e967/norway/2025_no1.txt,7faa522aef63fa9a6fcb9d8189bd8bc52381e967,31,2026-09-04T07:12:34.162Z,Eliteserien,2025,2025-04-06,Sarpsborg 08,Valerenga,1,1,D,0,1,A,Matchday 2,source_reported_FT,Sarpsborg 08,Vålerenga IF
openfootball/europe,https://raw.githubusercontent.com/openfootball/europe/7faa522aef63fa9a6fcb9d8189bd8bc52381e967/norway/2025_no1.txt,7faa522aef63fa9a6fcb9d8189bd8bc52381e967,32,2026-09-04T07:12:34.162Z,Eliteserien,2025,2025-04-06,Viking,KFUM Oslo,3,1,H,1,1,D,Matchday 2,source_reported_FT,Viking FK,KFUM Oslo
openfootball/europe,https://raw.githubusercontent.com/openfootball/europe/7faa522aef63fa9a6fcb9d8189bd8bc52381e967/norway/2025_no1.txt,7faa522aef63fa9a6fcb9d8189bd8bc52381e967,215,2026-09-04T07:12:34.162Z,Eliteserien,2025,2025-04-09,Fredrikstad,Valerenga,2,0,H,1,0,H,Matchday 17,source_reported_FT,Fredrikstad FK,Vålerenga IF
openfootball/europe,https://raw.githubusercontent.com/openfootball/europe/7faa522aef63fa9a6fcb9d8189bd8bc52381e967/norway/2025_no1.txt,7faa522aef63fa9a6fcb9d8189bd8bc52381e967,217,2026-09-04T07:12:34.162Z,Eliteserien,2025,2025-04-10,Brann,Stromsgodset,2,1,H,1,0,H,Matchday 17,source_reported_FT,SK Brann,Strømsgodset IF
openfootball/europe,https://raw.githubusercontent.com/openfootball/europe/7faa522aef63fa9a6fcb9d8189bd8bc52381e967/norway/2025_no1.txt,7faa522aef63fa9a6fcb9d8189bd8bc52381e967,202,2026-09-04T07:12:34.162Z,Eliteserien,2025,2025-04-10,Viking,Kristiansund,3,1,H,0,1,A,Matchday 16,source_reported_FT,Viking FK,Kristiansund BK
openfootball/europe,https://raw.githubusercontent.com/openfootball/europe/7faa522aef63fa9a6fcb9d8189bd8bc52381e967/norway/2025_no1.txt,7faa522aef63fa9a6fcb9d8189bd8bc52381e967,37,2026-09-04T07:12:34.162Z,Eliteserien,2025,2025-04-20,Tromso,Kristiansund,2,3,A,1,0,H,Matchday 3,source_reported_FT,Tromsø IL,Kristiansund BK
openfootball/europe,https://raw.githubusercontent.com/openfootball/europe/7faa522aef63fa9a6fcb9d8189bd8bc52381e967/norway/2025_no1.txt,7faa522aef63fa9a6fcb9d8189bd8bc52381e967,40,2026-09-04T07:12:34.162Z,Eliteserien,2025,2025-04-21,Bryne,Haugesund,3,1,H,2,0,H,Matchday 3,source_reported_FT,Bryne FK,FK Haugesund
openfootball/europe,https://raw.githubusercontent.com/openfootball/europe/7faa522aef63fa9a6fcb9d8189bd8bc52381e967/norway/2025_no1.txt,7faa522aef63fa9a6fcb9d8189bd8bc52381e967,41,2026-09-04T07:12:34.162Z,Eliteserien,2025,2025-04-21,Fredrikstad,Sandefjord,3,1,H,3,1,H,Matchday 3,source_reported_FT,Fredrikstad FK,Sandefjord Fotball
openfootball/europe,https://raw.githubusercontent.com/openfootball/europe/7faa522aef63fa9a6fcb9d8189bd8bc52381e967/norway/2025_no1.txt,7faa522aef63fa9a6fcb9d8189bd8bc52381e967,42,2026-09-04T07:12:34.162Z,Eliteserien,2025,2025-04-21,HamKam,Viking,2,5,A,0,4,A,Matchday 3,source_reported_FT,Hamarkameratene,Viking FK
openfootball/europe,https://raw.githubusercontent.com/openfootball/europe/7faa522aef63fa9a6fcb9d8189bd8bc52381e967/norway/2025_no1.txt,7faa522aef63fa9a6fcb9d8189bd8bc52381e967,43,2026-09-04T07:12:34.162Z,Eliteserien,2025,2025-04-21,KFUM Oslo,Sarpsborg 08,1,3,A,0,2,A,Matchday 3,source_reported_FT,KFUM Oslo,Sarpsborg 08
openfootball/europe,https://raw.githubusercontent.com/openfootball/europe/7faa522aef63fa9a6fcb9d8189bd8bc52381e967/norway/2025_no1.txt,7faa522aef63fa9a6fcb9d8189bd8bc52381e967,45,2026-09-04T07:12:34.162Z,Eliteserien,2025,2025-04-21,Molde,Bodo/Glimt,2,2,D,0,2,A,Matchday 3,source_reported_FT,Molde FK,FK Bodø/Glimt
openfootball/europe,https://raw.githubusercontent.com/openfootball/europe/7faa522aef63fa9a6fcb9d8189bd8bc52381e967/norway/2025_no1.txt,7faa522aef63fa9a6fcb9d8189bd8bc52381e967,44,2026-09-04T07:12:34.162Z,Eliteserien,2025,2025-04-21,Stromsgodset,Brann,1,2,A,1,0,H,Matchday 3,source_reported_FT,Strømsgodset IF,SK Brann
openfootball/europe,https://raw.githubusercontent.com/openfootball/europe/7faa522aef63fa9a6fcb9d8189bd8bc52381e967/norway/2025_no1.txt,7faa522aef63fa9a6fcb9d8189bd8bc52381e967,39,2026-09-04T07:12:34.162Z,Eliteserien,2025,2025-04-21,Valerenga,Rosenborg,0,2,A,0,1,A,Matchday 3,source_reported_FT,Vålerenga IF,Rosenborg BK
openfootball/europe,https://raw.githubusercontent.com/openfootball/europe/7faa522aef63fa9a6fcb9d8189bd8bc52381e967/norway/2025_no1.txt,7faa522aef63fa9a6fcb9d8189bd8bc52381e967,51,2026-09-04T07:12:34.162Z,Eliteserien,2025,2025-04-27,Bodo/Glimt,KFUM Oslo,3,0,H,0,0,D,Matchday 4,source_reported_FT,FK Bodø/Glimt,KFUM Oslo
openfootball/europe,https://raw.githubusercontent.com/openfootball/europe/7faa522aef63fa9a6fcb9d8189bd8bc52381e967/norway/2025_no1.txt,7faa522aef63fa9a6fcb9d8189bd8bc52381e967,52,2026-09-04T07:12:34.162Z,Eliteserien,2025,2025-04-27,Brann,Bryne,3,2,H,0,2,A,Matchday 4,source_reported_FT,SK Brann,Bryne FK
openfootball/europe,https://raw.githubusercontent.com/openfootball/europe/7faa522aef63fa9a6fcb9d8189bd8bc52381e967/norway/2025_no1.txt,7faa522aef63fa9a6fcb9d8189bd8bc52381e967,53,2026-09-04T07:12:34.162Z,Eliteserien,2025,2025-04-27,Haugesund,Fredrikstad,0,0,D,,,,Matchday 4,source_reported_FT,FK Haugesund,Fredrikstad FK
openfootball/europe,https://raw.githubusercontent.com/openfootball/europe/7faa522aef63fa9a6fcb9d8189bd8bc52381e967/norway/2025_no1.txt,7faa522aef63fa9a6fcb9d8189bd8bc52381e967,54,2026-09-04T07:12:34.162Z,Eliteserien,2025,2025-04-27,Kristiansund,Valerenga,0,2,A,0,0,D,Matchday 4,source_reported_FT,Kristiansund BK,Vålerenga IF
openfootball/europe,https://raw.githubusercontent.com/openfootball/europe/7faa522aef63fa9a6fcb9d8189bd8bc52381e967/norway/2025_no1.txt,7faa522aef63fa9a6fcb9d8189bd8bc52381e967,50,2026-09-04T07:12:34.162Z,Eliteserien,2025,2025-04-27,Rosenborg,Molde,0,0,D,,,,Matchday 4,source_reported_FT,Rosenborg BK,Molde FK
openfootball/europe,https://raw.githubusercontent.com/openfootball/europe/7faa522aef63fa9a6fcb9d8189bd8bc52381e967/norway/2025_no1.txt,7faa522aef63fa9a6fcb9d8189bd8bc52381e967,55,2026-09-04T07:12:34.162Z,Eliteserien,2025,2025-04-27,Sandefjord,HamKam,2,0,H,1,0,H,Matchday 4,source_reported_FT,Sandefjord Fotball,Hamarkameratene
openfootball/europe,https://raw.githubusercontent.com/openfootball/europe/7faa522aef63fa9a6fcb9d8189bd8bc52381e967/norway/2025_no1.txt,7faa522aef63fa9a6fcb9d8189bd8bc52381e967,56,2026-09-04T07:12:34.162Z,Eliteserien,2025,2025-04-27,Sarpsborg 08,Stromsgodset,2,3,A,0,1,A,Matchday 4,source_reported_FT,Sarpsborg 08,Strømsgodset IF
openfootball/europe,https://raw.githubusercontent.com/openfootball/europe/7faa522aef63fa9a6fcb9d8189bd8bc52381e967/norway/2025_no1.txt,7faa522aef63fa9a6fcb9d8189bd8bc52381e967,57,2026-09-04T07:12:34.162Z,Eliteserien,2025,2025-04-27,Viking,Tromso,4,4,D,0,1,A,Matchday 4,source_reported_FT,Viking FK,Tromsø IL
openfootball/europe,https://raw.githubusercontent.com/openfootball/europe/7faa522aef63fa9a6fcb9d8189bd8bc52381e967/norway/2025_no1.txt,7faa522aef63fa9a6fcb9d8189bd8bc52381e967,230,2026-09-04T07:12:34.162Z,Eliteserien,2025,2025-04-30,Viking,Haugesund,5,1,H,2,1,H,Matchday 18,source_reported_FT,Viking FK,FK Haugesund
openfootball/europe,https://raw.githubusercontent.com/openfootball/europe/7faa522aef63fa9a6fcb9d8189bd8bc52381e967/norway/2025_no1.txt,7faa522aef63fa9a6fcb9d8189bd8bc52381e967,219,2026-09-04T07:12:34.162Z,Eliteserien,2025,2025-05-01,Rosenborg,Kristiansund,1,1,D,0,0,D,Matchday 17,source_reported_FT,Rosenborg BK,Kristiansund BK
openfootball/europe,https://raw.githubusercontent.com/openfootball/europe/7faa522aef63fa9a6fcb9d8189bd8bc52381e967/norway/2025_no1.txt,7faa522aef63fa9a6fcb9d8189bd8bc52381e967,62,2026-09-04T07:12:34.162Z,Eliteserien,2025,2025-05-02,HamKam,KFUM Oslo,0,0,D,,,,Matchday 5,source_reported_FT,Hamarkameratene,KFUM Oslo
openfootball/europe,https://raw.githubusercontent.com/openfootball/europe/7faa522aef63fa9a6fcb9d8189bd8bc52381e967/norway/2025_no1.txt,7faa522aef63fa9a6fcb9d8189bd8bc52381e967,64,2026-09-04T07:12:34.162Z,Eliteserien,2025,2025-05-03,Valerenga,Brann,2,4,A,0,2,A,Matchday 5,source_reported_FT,Vålerenga IF,SK Brann
openfootball/europe,https://raw.githubusercontent.com/openfootball/europe/7faa522aef63fa9a6fcb9d8189bd8bc52381e967/norway/2025_no1.txt,7faa522aef63fa9a6fcb9d8189bd8bc52381e967,66,2026-09-04T07:12:34.162Z,Eliteserien,2025,2025-05-04,Molde,Haugesund,2,1,H,1,0,H,Matchday 5,source_reported_FT,Molde FK,FK Haugesund
openfootball/europe,https://raw.githubusercontent.com/openfootball/europe/7faa522aef63fa9a6fcb9d8189bd8bc52381e967/norway/2025_no1.txt,7faa522aef63fa9a6fcb9d8189bd8bc52381e967,70,2026-09-04T07:12:34.162Z,Eliteserien,2025,2025-05-04,Rosenborg,Bryne,3,0,H,1,0,H,Matchday 5,source_reported_FT,Rosenborg BK,Bryne FK
openfootball/europe,https://raw.githubusercontent.com/openfootball/europe/7faa522aef63fa9a6fcb9d8189bd8bc52381e967/norway/2025_no1.txt,7faa522aef63fa9a6fcb9d8189bd8bc52381e967,67,2026-09-04T07:12:34.162Z,Eliteserien,2025,2025-05-04,Stromsgodset,Kristiansund,1,2,A,1,0,H,Matchday 5,source_reported_FT,Strømsgodset IF,Kristiansund BK
openfootball/europe,https://raw.githubusercontent.com/openfootball/europe/7faa522aef63fa9a6fcb9d8189bd8bc52381e967/norway/2025_no1.txt,7faa522aef63fa9a6fcb9d8189bd8bc52381e967,68,2026-09-04T07:12:34.162Z,Eliteserien,2025,2025-05-04,Tromso,Sandefjord,0,1,A,0,0,D,Matchday 5,source_reported_FT,Tromsø IL,Sandefjord Fotball
openfootball/europe,https://raw.githubusercontent.com/openfootball/europe/7faa522aef63fa9a6fcb9d8189bd8bc52381e967/norway/2025_no1.txt,7faa522aef63fa9a6fcb9d8189bd8bc52381e967,69,2026-09-04T07:12:34.162Z,Eliteserien,2025,2025-05-04,Viking,Sarpsborg 08,0,0,D,,,,Matchday 5,source_reported_FT,Viking FK,Sarpsborg 08
