source,source_url,source_revision,source_row,observed_at,league,season,date,home_team,away_team,ft_home_goals,ft_away_goals,ft_result,ht_home_goals,ht_away_goals,ht_result,round,score_period,home_team_raw,away_team_raw
footballcsv/cache.footballdata,https://raw.githubusercontent.com/footballcsv/cache.footballdata/f43a2aa0c65fb061c87e9541e7a567dd58ff933a/2016-17/nl.1.csv,f43a2aa0c65fb061c87e9541e7a567dd58ff933a,2,2026-09-04T07:11:17.072Z,Eredivisie,2016-17,2016-08-05,Nijmegen,Zwolle,1,1,D,0,1,A,,source_reported_FT,Nijmegen,Zwolle
footballcsv/cache.footballdata,https://raw.githubusercontent.com/footballcsv/cache.footballdata/f43a2aa0c65fb061c87e9541e7a567dd58ff933a/2016-17/nl.1.csv,f43a2aa0c65fb061c87e9541e7a567dd58ff933a,3,2026-09-04T07:11:17.072Z,Eredivisie,2016-17,2016-08-06,Den Haag,Go Ahead Eagles,3,0,H,1,0,H,,source_reported_FT,Den Haag,Go Ahead Eagles
footballcsv/cache.footballdata,https://raw.githubusercontent.com/footballcsv/cache.footballdata/f43a2aa0c65fb061c87e9541e7a567dd58ff933a/2016-17/nl.1.csv,f43a2aa0c65fb061c87e9541e7a567dd58ff933a,4,2026-09-04T07:11:17.072Z,Eredivisie,2016-17,2016-08-06,Twente,Excelsior,1,2,A,0,1,A,,source_reported_FT,Twente,Excelsior
footballcsv/cache.footballdata,https://raw.githubusercontent.com/footballcsv/cache.footballdata/f43a2aa0c65fb061c87e9541e7a567dd58ff933a/2016-17/nl.1.csv,f43a2aa0c65fb061c87e9541e7a567dd58ff933a,5,2026-09-04T07:11:17.072Z,Eredivisie,2016-17,2016-08-06,Utrecht,PSV Eindhoven,1,2,A,1,0,H,,source_reported_FT,Utrecht,PSV Eindhoven
footballcsv/cache.footballdata,https://raw.githubusercontent.com/footballcsv/cache.footballdata/f43a2aa0c65fb061c87e9541e7a567dd58ff933a/2016-17/nl.1.csv,f43a2aa0c65fb061c87e9541e7a567dd58ff933a,6,2026-09-04T07:11:17.072Z,Eredivisie,2016-17,2016-08-06,Willem II,Vitesse,1,4,A,0,4,A,,source_reported_FT,Willem II,Vitesse
footballcsv/cache.footballdata,https://raw.githubusercontent.com/footballcsv/cache.footballdata/f43a2aa0c65fb061c87e9541e7a567dd58ff933a/2016-17/nl.1.csv,f43a2aa0c65fb061c87e9541e7a567dd58ff933a,7,2026-09-04T07:11:17.072Z,Eredivisie,2016-17,2016-08-07,AZ Alkmaar,Heerenveen,2,2,D,1,1,D,,source_reported_FT,AZ Alkmaar,Heerenveen
footballcsv/cache.footballdata,https://raw.githubusercontent.com/footballcsv/cache.footballdata/f43a2aa0c65fb061c87e9541e7a567dd58ff933a/2016-17/nl.1.csv,f43a2aa0c65fb061c87e9541e7a567dd58ff933a,8,2026-09-04T07:11:17.072Z,Eredivisie,2016-17,2016-08-07,Groningen,Feyenoord,0,5,A,0,3,A,,source_reported_FT,Groningen,Feyenoord
footballcsv/cache.footballdata,https://raw.githubusercontent.com/footballcsv/cache.footballdata/f43a2aa0c65fb061c87e9541e7a567dd58ff933a/2016-17/nl.1.csv,f43a2aa0c65fb061c87e9541e7a567dd58ff933a,9,2026-09-04T07:11:17.072Z,Eredivisie,2016-17,2016-08-07,Roda,Heracles,1,1,D,0,1,A,,source_reported_FT,Roda,Heracles
footballcsv/cache.footballdata,https://raw.githubusercontent.com/footballcsv/cache.footballdata/f43a2aa0c65fb061c87e9541e7a567dd58ff933a/2016-17/nl.1.csv,f43a2aa0c65fb061c87e9541e7a567dd58ff933a,10,2026-09-04T07:11:17.072Z,Eredivisie,2016-17,2016-08-07,Sparta Rotterdam,Ajax,1,3,A,1,1,D,,source_reported_FT,Sparta Rotterdam,Ajax
footballcsv/cache.footballdata,https://raw.githubusercontent.com/footballcsv/cache.footballdata/f43a2aa0c65fb061c87e9541e7a567dd58ff933a/2016-17/nl.1.csv,f43a2aa0c65fb061c87e9541e7a567dd58ff933a,11,2026-09-04T07:11:17.072Z,Eredivisie,2016-17,2016-08-12,Heerenveen,Utrecht,2,2,D,1,2,A,,source_reported_FT,Heerenveen,Utrecht
footballcsv/cache.footballdata,https://raw.githubusercontent.com/footballcsv/cache.footballdata/f43a2aa0c65fb061c87e9541e7a567dd58ff933a/2016-17/nl.1.csv,f43a2aa0c65fb061c87e9541e7a567dd58ff933a,12,2026-09-04T07:11:17.072Z,Eredivisie,2016-17,2016-08-13,Ajax,Roda,2,2,D,2,1,H,,source_reported_FT,Ajax,Roda
footballcsv/cache.footballdata,https://raw.githubusercontent.com/footballcsv/cache.footballdata/f43a2aa0c65fb061c87e9541e7a567dd58ff933a/2016-17/nl.1.csv,f43a2aa0c65fb061c87e9541e7a567dd58ff933a,13,2026-09-04T07:11:17.072Z,Eredivisie,2016-17,2016-08-13,Excelsior,Groningen,2,0,H,1,0,H,,source_reported_FT,Excelsior,Groningen
footballcsv/cache.footballdata,https://raw.githubusercontent.com/footballcsv/cache.footballdata/f43a2aa0c65fb061c87e9541e7a567dd58ff933a/2016-17/nl.1.csv,f43a2aa0c65fb061c87e9541e7a567dd58ff933a,14,2026-09-04T07:11:17.072Z,Eredivisie,2016-17,2016-08-13,Vitesse,Den Haag,1,2,A,1,1,D,,source_reported_FT,Vitesse,Den Haag
footballcsv/cache.footballdata,https://raw.githubusercontent.com/footballcsv/cache.footballdata/f43a2aa0c65fb061c87e9541e7a567dd58ff933a/2016-17/nl.1.csv,f43a2aa0c65fb061c87e9541e7a567dd58ff933a,15,2026-09-04T07:11:17.072Z,Eredivisie,2016-17,2016-08-13,Zwolle,Sparta Rotterdam,0,3,A,0,1,A,,source_reported_FT,Zwolle,Sparta Rotterdam
footballcsv/cache.footballdata,https://raw.githubusercontent.com/footballcsv/cache.footballdata/f43a2aa0c65fb061c87e9541e7a567dd58ff933a/2016-17/nl.1.csv,f43a2aa0c65fb061c87e9541e7a567dd58ff933a,16,2026-09-04T07:11:17.072Z,Eredivisie,2016-17,2016-08-14,Feyenoord,Twente,2,0,H,1,0,H,,source_reported_FT,Feyenoord,Twente
footballcsv/cache.footballdata,https://raw.githubusercontent.com/footballcsv/cache.footballdata/f43a2aa0c65fb061c87e9541e7a567dd58ff933a/2016-17/nl.1.csv,f43a2aa0c65fb061c87e9541e7a567dd58ff933a,17,2026-09-04T07:11:17.072Z,Eredivisie,2016-17,2016-08-14,Go Ahead Eagles,Nijmegen,2,2,D,0,1,A,,source_reported_FT,Go Ahead Eagles,Nijmegen
footballcsv/cache.footballdata,https://raw.githubusercontent.com/footballcsv/cache.footballdata/f43a2aa0c65fb061c87e9541e7a567dd58ff933a/2016-17/nl.1.csv,f43a2aa0c65fb061c87e9541e7a567dd58ff933a,18,2026-09-04T07:11:17.072Z,Eredivisie,2016-17,2016-08-14,Heracles,Willem II,3,1,H,1,0,H,,source_reported_FT,Heracles,Willem II
footballcsv/cache.footballdata,https://raw.githubusercontent.com/footballcsv/cache.footballdata/f43a2aa0c65fb061c87e9541e7a567dd58ff933a/2016-17/nl.1.csv,f43a2aa0c65fb061c87e9541e7a567dd58ff933a,19,2026-09-04T07:11:17.072Z,Eredivisie,2016-17,2016-08-14,PSV Eindhoven,AZ Alkmaar,1,0,H,0,0,D,,source_reported_FT,PSV Eindhoven,AZ Alkmaar
footballcsv/cache.footballdata,https://raw.githubusercontent.com/footballcsv/cache.footballdata/f43a2aa0c65fb061c87e9541e7a567dd58ff933a/2016-17/nl.1.csv,f43a2aa0c65fb061c87e9541e7a567dd58ff933a,20,2026-09-04T07:11:17.072Z,Eredivisie,2016-17,2016-08-19,Excelsior,Den Haag,1,2,A,1,1,D,,source_reported_FT,Excelsior,Den Haag
footballcsv/cache.footballdata,https://raw.githubusercontent.com/footballcsv/cache.footballdata/f43a2aa0c65fb061c87e9541e7a567dd58ff933a/2016-17/nl.1.csv,f43a2aa0c65fb061c87e9541e7a567dd58ff933a,21,2026-09-04T07:11:17.072Z,Eredivisie,2016-17,2016-08-20,Ajax,Willem II,1,2,A,1,2,A,,source_reported_FT,Ajax,Willem II
footballcsv/cache.footballdata,https://raw.githubusercontent.com/footballcsv/cache.footballdata/f43a2aa0c65fb061c87e9541e7a567dd58ff933a/2016-17/nl.1.csv,f43a2aa0c65fb061c87e9541e7a567dd58ff933a,22,2026-09-04T07:11:17.072Z,Eredivisie,2016-17,2016-08-20,Nijmegen,Heerenveen,2,1,H,1,1,D,,source_reported_FT,Nijmegen,Heerenveen
footballcsv/cache.footballdata,https://raw.githubusercontent.com/footballcsv/cache.footballdata/f43a2aa0c65fb061c87e9541e7a567dd58ff933a/2016-17/nl.1.csv,f43a2aa0c65fb061c87e9541e7a567dd58ff933a,23,2026-09-04T07:11:17.072Z,Eredivisie,2016-17,2016-08-20,Roda,Vitesse,0,1,A,0,1,A,,source_reported_FT,Roda,Vitesse
footballcsv/cache.footballdata,https://raw.githubusercontent.com/footballcsv/cache.footballdata/f43a2aa0c65fb061c87e9541e7a567dd58ff933a/2016-17/nl.1.csv,f43a2aa0c65fb061c87e9541e7a567dd58ff933a,24,2026-09-04T07:11:17.072Z,Eredivisie,2016-17,2016-08-20,Zwolle,PSV Eindhoven,0,4,A,0,2,A,,source_reported_FT,Zwolle,PSV Eindhoven
footballcsv/cache.footballdata,https://raw.githubusercontent.com/footballcsv/cache.footballdata/f43a2aa0c65fb061c87e9541e7a567dd58ff933a/2016-17/nl.1.csv,f43a2aa0c65fb061c87e9541e7a567dd58ff933a,25,2026-09-04T07:11:17.072Z,Eredivisie,2016-17,2016-08-21,Groningen,Twente,3,4,A,0,3,A,,source_reported_FT,Groningen,Twente
footballcsv/cache.footballdata,https://raw.githubusercontent.com/footballcsv/cache.footballdata/f43a2aa0c65fb061c87e9541e7a567dd58ff933a/2016-17/nl.1.csv,f43a2aa0c65fb061c87e9541e7a567dd58ff933a,26,2026-09-04T07:11:17.072Z,Eredivisie,2016-17,2016-08-21,Heracles,Feyenoord,0,1,A,0,1,A,,source_reported_FT,Heracles,Feyenoord
footballcsv/cache.footballdata,https://raw.githubusercontent.com/footballcsv/cache.footballdata/f43a2aa0c65fb061c87e9541e7a567dd58ff933a/2016-17/nl.1.csv,f43a2aa0c65fb061c87e9541e7a567dd58ff933a,27,2026-09-04T07:11:17.072Z,Eredivisie,2016-17,2016-08-21,Sparta Rotterdam,Go Ahead Eagles,1,0,H,0,0,D,,source_reported_FT,Sparta Rotterdam,Go Ahead Eagles
footballcsv/cache.footballdata,https://raw.githubusercontent.com/footballcsv/cache.footballdata/f43a2aa0c65fb061c87e9541e7a567dd58ff933a/2016-17/nl.1.csv,f43a2aa0c65fb061c87e9541e7a567dd58ff933a,28,2026-09-04T07:11:17.072Z,Eredivisie,2016-17,2016-08-21,Utrecht,AZ Alkmaar,1,2,A,0,1,A,,source_reported_FT,Utrecht,AZ Alkmaar
footballcsv/cache.footballdata,https://raw.githubusercontent.com/footballcsv/cache.footballdata/f43a2aa0c65fb061c87e9541e7a567dd58ff933a/2016-17/nl.1.csv,f43a2aa0c65fb061c87e9541e7a567dd58ff933a,29,2026-09-04T07:11:17.072Z,Eredivisie,2016-17,2016-08-26,Vitesse,Utrecht,1,1,D,1,0,H,,source_reported_FT,Vitesse,Utrecht
footballcsv/cache.footballdata,https://raw.githubusercontent.com/footballcsv/cache.footballdata/f43a2aa0c65fb061c87e9541e7a567dd58ff933a/2016-17/nl.1.csv,f43a2aa0c65fb061c87e9541e7a567dd58ff933a,30,2026-09-04T07:11:17.072Z,Eredivisie,2016-17,2016-08-27,Feyenoord,Excelsior,4,1,H,1,1,D,,source_reported_FT,Feyenoord,Excelsior
footballcsv/cache.footballdata,https://raw.githubusercontent.com/footballcsv/cache.footballdata/f43a2aa0c65fb061c87e9541e7a567dd58ff933a/2016-17/nl.1.csv,f43a2aa0c65fb061c87e9541e7a567dd58ff933a,31,2026-09-04T07:11:17.072Z,Eredivisie,2016-17,2016-08-27,Heerenveen,Zwolle,1,0,H,0,0,D,,source_reported_FT,Heerenveen,Zwolle
footballcsv/cache.footballdata,https://raw.githubusercontent.com/footballcsv/cache.footballdata/f43a2aa0c65fb061c87e9541e7a567dd58ff933a/2016-17/nl.1.csv,f43a2aa0c65fb061c87e9541e7a567dd58ff933a,32,2026-09-04T07:11:17.072Z,Eredivisie,2016-17,2016-08-27,Twente,Sparta Rotterdam,3,1,H,2,0,H,,source_reported_FT,Twente,Sparta Rotterdam
footballcsv/cache.footballdata,https://raw.githubusercontent.com/footballcsv/cache.footballdata/f43a2aa0c65fb061c87e9541e7a567dd58ff933a/2016-17/nl.1.csv,f43a2aa0c65fb061c87e9541e7a567dd58ff933a,33,2026-09-04T07:11:17.072Z,Eredivisie,2016-17,2016-08-27,Willem II,Roda,0,0,D,0,0,D,,source_reported_FT,Willem II,Roda
footballcsv/cache.footballdata,https://raw.githubusercontent.com/footballcsv/cache.footballdata/f43a2aa0c65fb061c87e9541e7a567dd58ff933a/2016-17/nl.1.csv,f43a2aa0c65fb061c87e9541e7a567dd58ff933a,34,2026-09-04T07:11:17.072Z,Eredivisie,2016-17,2016-08-28,AZ Alkmaar,Nijmegen,2,0,H,1,0,H,,source_reported_FT,AZ Alkmaar,Nijmegen
footballcsv/cache.footballdata,https://raw.githubusercontent.com/footballcsv/cache.footballdata/f43a2aa0c65fb061c87e9541e7a567dd58ff933a/2016-17/nl.1.csv,f43a2aa0c65fb061c87e9541e7a567dd58ff933a,35,2026-09-04T07:11:17.072Z,Eredivisie,2016-17,2016-08-28,Den Haag,Heracles,1,1,D,1,1,D,,source_reported_FT,Den Haag,Heracles
footballcsv/cache.footballdata,https://raw.githubusercontent.com/footballcsv/cache.footballdata/f43a2aa0c65fb061c87e9541e7a567dd58ff933a/2016-17/nl.1.csv,f43a2aa0c65fb061c87e9541e7a567dd58ff933a,36,2026-09-04T07:11:17.072Z,Eredivisie,2016-17,2016-08-28,Go Ahead Eagles,Ajax,0,3,A,0,2,A,,source_reported_FT,Go Ahead Eagles,Ajax
footballcsv/cache.footballdata,https://raw.githubusercontent.com/footballcsv/cache.footballdata/f43a2aa0c65fb061c87e9541e7a567dd58ff933a/2016-17/nl.1.csv,f43a2aa0c65fb061c87e9541e7a567dd58ff933a,37,2026-09-04T07:11:17.072Z,Eredivisie,2016-17,2016-08-28,PSV Eindhoven,Groningen,0,0,D,0,0,D,,source_reported_FT,PSV Eindhoven,Groningen
footballcsv/cache.footballdata,https://raw.githubusercontent.com/footballcsv/cache.footballdata/f43a2aa0c65fb061c87e9541e7a567dd58ff933a/2016-17/nl.1.csv,f43a2aa0c65fb061c87e9541e7a567dd58ff933a,38,2026-09-04T07:11:17.072Z,Eredivisie,2016-17,2016-09-10,AZ Alkmaar,Willem II,2,0,H,1,0,H,,source_reported_FT,AZ Alkmaar,Willem II
footballcsv/cache.footballdata,https://raw.githubusercontent.com/footballcsv/cache.footballdata/f43a2aa0c65fb061c87e9541e7a567dd58ff933a/2016-17/nl.1.csv,f43a2aa0c65fb061c87e9541e7a567dd58ff933a,39,2026-09-04T07:11:17.072Z,Eredivisie,2016-17,2016-09-10,Excelsior,Heracles,3,1,H,3,0,H,,source_reported_FT,Excelsior,Heracles
footballcsv/cache.footballdata,https://raw.githubusercontent.com/footballcsv/cache.footballdata/f43a2aa0c65fb061c87e9541e7a567dd58ff933a/2016-17/nl.1.csv,f43a2aa0c65fb061c87e9541e7a567dd58ff933a,40,2026-09-04T07:11:17.072Z,Eredivisie,2016-17,2016-09-10,Heerenveen,Twente,3,1,H,1,0,H,,source_reported_FT,Heerenveen,Twente
footballcsv/cache.footballdata,https://raw.githubusercontent.com/footballcsv/cache.footballdata/f43a2aa0c65fb061c87e9541e7a567dd58ff933a/2016-17/nl.1.csv,f43a2aa0c65fb061c87e9541e7a567dd58ff933a,41,2026-09-04T07:11:17.072Z,Eredivisie,2016-17,2016-09-10,Nijmegen,PSV Eindhoven,0,4,A,0,4,A,,source_reported_FT,Nijmegen,PSV Eindhoven
footballcsv/cache.footballdata,https://raw.githubusercontent.com/footballcsv/cache.footballdata/f43a2aa0c65fb061c87e9541e7a567dd58ff933a/2016-17/nl.1.csv,f43a2aa0c65fb061c87e9541e7a567dd58ff933a,42,2026-09-04T07:11:17.072Z,Eredivisie,2016-17,2016-09-10,Zwolle,Utrecht,1,1,D,1,0,H,,source_reported_FT,Zwolle,Utrecht
footballcsv/cache.footballdata,https://raw.githubusercontent.com/footballcsv/cache.footballdata/f43a2aa0c65fb061c87e9541e7a567dd58ff933a/2016-17/nl.1.csv,f43a2aa0c65fb061c87e9541e7a567dd58ff933a,43,2026-09-04T07:11:17.072Z,Eredivisie,2016-17,2016-09-11,Ajax,Vitesse,1,0,H,0,0,D,,source_reported_FT,Ajax,Vitesse
footballcsv/cache.footballdata,https://raw.githubusercontent.com/footballcsv/cache.footballdata/f43a2aa0c65fb061c87e9541e7a567dd58ff933a/2016-17/nl.1.csv,f43a2aa0c65fb061c87e9541e7a567dd58ff933a,44,2026-09-04T07:11:17.072Z,Eredivisie,2016-17,2016-09-11,Feyenoord,Den Haag,3,1,H,2,0,H,,source_reported_FT,Feyenoord,Den Haag
footballcsv/cache.footballdata,https://raw.githubusercontent.com/footballcsv/cache.footballdata/f43a2aa0c65fb061c87e9541e7a567dd58ff933a/2016-17/nl.1.csv,f43a2aa0c65fb061c87e9541e7a567dd58ff933a,45,2026-09-04T07:11:17.072Z,Eredivisie,2016-17,2016-09-11,Go Ahead Eagles,Roda,2,0,H,1,0,H,,source_reported_FT,Go Ahead Eagles,Roda
footballcsv/cache.footballdata,https://raw.githubusercontent.com/footballcsv/cache.footballdata/f43a2aa0c65fb061c87e9541e7a567dd58ff933a/2016-17/nl.1.csv,f43a2aa0c65fb061c87e9541e7a567dd58ff933a,46,2026-09-04T07:11:17.072Z,Eredivisie,2016-17,2016-09-11,Groningen,Sparta Rotterdam,1,1,D,1,1,D,,source_reported_FT,Groningen,Sparta Rotterdam
footballcsv/cache.footballdata,https://raw.githubusercontent.com/footballcsv/cache.footballdata/f43a2aa0c65fb061c87e9541e7a567dd58ff933a/2016-17/nl.1.csv,f43a2aa0c65fb061c87e9541e7a567dd58ff933a,47,2026-09-04T07:11:17.072Z,Eredivisie,2016-17,2016-09-16,Utrecht,Groningen,1,5,A,0,2,A,,source_reported_FT,Utrecht,Groningen
footballcsv/cache.footballdata,https://raw.githubusercontent.com/footballcsv/cache.footballdata/f43a2aa0c65fb061c87e9541e7a567dd58ff933a/2016-17/nl.1.csv,f43a2aa0c65fb061c87e9541e7a567dd58ff933a,48,2026-09-04T07:11:17.072Z,Eredivisie,2016-17,2016-09-17,Roda,Heerenveen,0,3,A,0,1,A,,source_reported_FT,Roda,Heerenveen
footballcsv/cache.footballdata,https://raw.githubusercontent.com/footballcsv/cache.footballdata/f43a2aa0c65fb061c87e9541e7a567dd58ff933a/2016-17/nl.1.csv,f43a2aa0c65fb061c87e9541e7a567dd58ff933a,49,2026-09-04T07:11:17.072Z,Eredivisie,2016-17,2016-09-17,Twente,Den Haag,4,1,H,2,0,H,,source_reported_FT,Twente,Den Haag
footballcsv/cache.footballdata,https://raw.githubusercontent.com/footballcsv/cache.footballdata/f43a2aa0c65fb061c87e9541e7a567dd58ff933a/2016-17/nl.1.csv,f43a2aa0c65fb061c87e9541e7a567dd58ff933a,50,2026-09-04T07:11:17.072Z,Eredivisie,2016-17,2016-09-17,Vitesse,Go Ahead Eagles,2,0,H,0,0,D,,source_reported_FT,Vitesse,Go Ahead Eagles
footballcsv/cache.footballdata,https://raw.githubusercontent.com/footballcsv/cache.footballdata/f43a2aa0c65fb061c87e9541e7a567dd58ff933a/2016-17/nl.1.csv,f43a2aa0c65fb061c87e9541e7a567dd58ff933a,51,2026-09-04T07:11:17.072Z,Eredivisie,2016-17,2016-09-17,Willem II,Excelsior,1,1,D,1,0,H,,source_reported_FT,Willem II,Excelsior
footballcsv/cache.footballdata,https://raw.githubusercontent.com/footballcsv/cache.footballdata/f43a2aa0c65fb061c87e9541e7a567dd58ff933a/2016-17/nl.1.csv,f43a2aa0c65fb061c87e9541e7a567dd58ff933a,52,2026-09-04T07:11:17.072Z,Eredivisie,2016-17,2016-09-18,Heracles,Ajax,0,2,A,0,0,D,,source_reported_FT,Heracles,Ajax
footballcsv/cache.footballdata,https://raw.githubusercontent.com/footballcsv/cache.footballdata/f43a2aa0c65fb061c87e9541e7a567dd58ff933a/2016-17/nl.1.csv,f43a2aa0c65fb061c87e9541e7a567dd58ff933a,53,2026-09-04T07:11:17.072Z,Eredivisie,2016-17,2016-09-18,PSV Eindhoven,Feyenoord,0,1,A,0,0,D,,source_reported_FT,PSV Eindhoven,Feyenoord
footballcsv/cache.footballdata,https://raw.githubusercontent.com/footballcsv/cache.footballdata/f43a2aa0c65fb061c87e9541e7a567dd58ff933a/2016-17/nl.1.csv,f43a2aa0c65fb061c87e9541e7a567dd58ff933a,54,2026-09-04T07:11:17.072Z,Eredivisie,2016-17,2016-09-18,Sparta Rotterdam,Nijmegen,2,0,H,1,0,H,,source_reported_FT,Sparta Rotterdam,Nijmegen
footballcsv/cache.footballdata,https://raw.githubusercontent.com/footballcsv/cache.footballdata/f43a2aa0c65fb061c87e9541e7a567dd58ff933a/2016-17/nl.1.csv,f43a2aa0c65fb061c87e9541e7a567dd58ff933a,55,2026-09-04T07:11:17.072Z,Eredivisie,2016-17,2016-09-18,Zwolle,AZ Alkmaar,0,2,A,0,1,A,,source_reported_FT,Zwolle,AZ Alkmaar
footballcsv/cache.footballdata,https://raw.githubusercontent.com/footballcsv/cache.footballdata/f43a2aa0c65fb061c87e9541e7a567dd58ff933a/2016-17/nl.1.csv,f43a2aa0c65fb061c87e9541e7a567dd58ff933a,57,2026-09-04T07:11:17.072Z,Eredivisie,2016-17,2016-09-24,AZ Alkmaar,Go Ahead Eagles,2,2,D,1,0,H,,source_reported_FT,AZ Alkmaar,Go Ahead Eagles
footballcsv/cache.footballdata,https://raw.githubusercontent.com/footballcsv/cache.footballdata/f43a2aa0c65fb061c87e9541e7a567dd58ff933a/2016-17/nl.1.csv,f43a2aa0c65fb061c87e9541e7a567dd58ff933a,56,2026-09-04T07:11:17.072Z,Eredivisie,2016-17,2016-09-24,Ajax,Zwolle,5,1,H,2,1,H,,source_reported_FT,Ajax,Zwolle
footballcsv/cache.footballdata,https://raw.githubusercontent.com/footballcsv/cache.footballdata/f43a2aa0c65fb061c87e9541e7a567dd58ff933a/2016-17/nl.1.csv,f43a2aa0c65fb061c87e9541e7a567dd58ff933a,58,2026-09-04T07:11:17.072Z,Eredivisie,2016-17,2016-09-24,Den Haag,Heerenveen,0,3,A,0,1,A,,source_reported_FT,Den Haag,Heerenveen
footballcsv/cache.footballdata,https://raw.githubusercontent.com/footballcsv/cache.footballdata/f43a2aa0c65fb061c87e9541e7a567dd58ff933a/2016-17/nl.1.csv,f43a2aa0c65fb061c87e9541e7a567dd58ff933a,59,2026-09-04T07:11:17.072Z,Eredivisie,2016-17,2016-09-24,Excelsior,PSV Eindhoven,1,3,A,1,2,A,,source_reported_FT,Excelsior,PSV Eindhoven
footballcsv/cache.footballdata,https://raw.githubusercontent.com/footballcsv/cache.footballdata/f43a2aa0c65fb061c87e9541e7a567dd58ff933a/2016-17/nl.1.csv,f43a2aa0c65fb061c87e9541e7a567dd58ff933a,60,2026-09-04T07:11:17.072Z,Eredivisie,2016-17,2016-09-24,Groningen,Heracles,0,0,D,0,0,D,,source_reported_FT,Groningen,Heracles
footballcsv/cache.footballdata,https://raw.githubusercontent.com/footballcsv/cache.footballdata/f43a2aa0c65fb061c87e9541e7a567dd58ff933a/2016-17/nl.1.csv,f43a2aa0c65fb061c87e9541e7a567dd58ff933a,61,2026-09-04T07:11:17.072Z,Eredivisie,2016-17,2016-09-25,Feyenoord,Roda,5,0,H,2,0,H,,source_reported_FT,Feyenoord,Roda
footballcsv/cache.footballdata,https://raw.githubusercontent.com/footballcsv/cache.footballdata/f43a2aa0c65fb061c87e9541e7a567dd58ff933a/2016-17/nl.1.csv,f43a2aa0c65fb061c87e9541e7a567dd58ff933a,62,2026-09-04T07:11:17.072Z,Eredivisie,2016-17,2016-09-25,Nijmegen,Willem II,0,0,D,0,0,D,,source_reported_FT,Nijmegen,Willem II
footballcsv/cache.footballdata,https://raw.githubusercontent.com/footballcsv/cache.footballdata/f43a2aa0c65fb061c87e9541e7a567dd58ff933a/2016-17/nl.1.csv,f43a2aa0c65fb061c87e9541e7a567dd58ff933a,63,2026-09-04T07:11:17.072Z,Eredivisie,2016-17,2016-09-25,Twente,Vitesse,2,1,H,1,0,H,,source_reported_FT,Twente,Vitesse
footballcsv/cache.footballdata,https://raw.githubusercontent.com/footballcsv/cache.footballdata/f43a2aa0c65fb061c87e9541e7a567dd58ff933a/2016-17/nl.1.csv,f43a2aa0c65fb061c87e9541e7a567dd58ff933a,64,2026-09-04T07:11:17.072Z,Eredivisie,2016-17,2016-09-25,Utrecht,Sparta Rotterdam,2,0,H,1,0,H,,source_reported_FT,Utrecht,Sparta Rotterdam
footballcsv/cache.footballdata,https://raw.githubusercontent.com/footballcsv/cache.footballdata/f43a2aa0c65fb061c87e9541e7a567dd58ff933a/2016-17/nl.1.csv,f43a2aa0c65fb061c87e9541e7a567dd58ff933a,65,2026-09-04T07:11:17.072Z,Eredivisie,2016-17,2016-09-30,Zwolle,Den Haag,2,1,H,0,0,D,,source_reported_FT,Zwolle,Den Haag
footballcsv/cache.footballdata,https://raw.githubusercontent.com/footballcsv/cache.footballdata/f43a2aa0c65fb061c87e9541e7a567dd58ff933a/2016-17/nl.1.csv,f43a2aa0c65fb061c87e9541e7a567dd58ff933a,66,2026-09-04T07:11:17.072Z,Eredivisie,2016-17,2016-10-01,Go Ahead Eagles,Excelsior,3,0,H,2,0,H,,source_reported_FT,Go Ahead Eagles,Excelsior
footballcsv/cache.footballdata,https://raw.githubusercontent.com/footballcsv/cache.footballdata/f43a2aa0c65fb061c87e9541e7a567dd58ff933a/2016-17/nl.1.csv,f43a2aa0c65fb061c87e9541e7a567dd58ff933a,67,2026-09-04T07:11:17.072Z,Eredivisie,2016-17,2016-10-01,Heerenveen,PSV Eindhoven,1,1,D,0,0,D,,source_reported_FT,Heerenveen,PSV Eindhoven
footballcsv/cache.footballdata,https://raw.githubusercontent.com/footballcsv/cache.footballdata/f43a2aa0c65fb061c87e9541e7a567dd58ff933a/2016-17/nl.1.csv,f43a2aa0c65fb061c87e9541e7a567dd58ff933a,68,2026-09-04T07:11:17.072Z,Eredivisie,2016-17,2016-10-01,Roda,Nijmegen,0,1,A,0,0,D,,source_reported_FT,Roda,Nijmegen
footballcsv/cache.footballdata,https://raw.githubusercontent.com/footballcsv/cache.footballdata/f43a2aa0c65fb061c87e9541e7a567dd58ff933a/2016-17/nl.1.csv,f43a2aa0c65fb061c87e9541e7a567dd58ff933a,69,2026-09-04T07:11:17.072Z,Eredivisie,2016-17,2016-10-01,Vitesse,Groningen,2,1,H,1,1,D,,source_reported_FT,Vitesse,Groningen
footballcsv/cache.footballdata,https://raw.githubusercontent.com/footballcsv/cache.footballdata/f43a2aa0c65fb061c87e9541e7a567dd58ff933a/2016-17/nl.1.csv,f43a2aa0c65fb061c87e9541e7a567dd58ff933a,70,2026-09-04T07:11:17.072Z,Eredivisie,2016-17,2016-10-02,Ajax,Utrecht,3,2,H,0,1,A,,source_reported_FT,Ajax,Utrecht
footballcsv/cache.footballdata,https://raw.githubusercontent.com/footballcsv/cache.footballdata/f43a2aa0c65fb061c87e9541e7a567dd58ff933a/2016-17/nl.1.csv,f43a2aa0c65fb061c87e9541e7a567dd58ff933a,71,2026-09-04T07:11:17.072Z,Eredivisie,2016-17,2016-10-02,Heracles,Twente,1,1,D,1,1,D,,source_reported_FT,Heracles,Twente
footballcsv/cache.footballdata,https://raw.githubusercontent.com/footballcsv/cache.footballdata/f43a2aa0c65fb061c87e9541e7a567dd58ff933a/2016-17/nl.1.csv,f43a2aa0c65fb061c87e9541e7a567dd58ff933a,72,2026-09-04T07:11:17.072Z,Eredivisie,2016-17,2016-10-02,Sparta Rotterdam,AZ Alkmaar,1,1,D,1,1,D,,source_reported_FT,Sparta Rotterdam,AZ Alkmaar
footballcsv/cache.footballdata,https://raw.githubusercontent.com/footballcsv/cache.footballdata/f43a2aa0c65fb061c87e9541e7a567dd58ff933a/2016-17/nl.1.csv,f43a2aa0c65fb061c87e9541e7a567dd58ff933a,73,2026-09-04T07:11:17.072Z,Eredivisie,2016-17,2016-10-02,Willem II,Feyenoord,0,2,A,0,1,A,,source_reported_FT,Willem II,Feyenoord
footballcsv/cache.footballdata,https://raw.githubusercontent.com/footballcsv/cache.footballdata/f43a2aa0c65fb061c87e9541e7a567dd58ff933a/2016-17/nl.1.csv,f43a2aa0c65fb061c87e9541e7a567dd58ff933a,74,2026-09-04T07:11:17.072Z,Eredivisie,2016-17,2016-10-15,AZ Alkmaar,Vitesse,2,2,D,0,1,A,,source_reported_FT,AZ Alkmaar,Vitesse
footballcsv/cache.footballdata,https://raw.githubusercontent.com/footballcsv/cache.footballdata/f43a2aa0c65fb061c87e9541e7a567dd58ff933a/2016-17/nl.1.csv,f43a2aa0c65fb061c87e9541e7a567dd58ff933a,75,2026-09-04T07:11:17.072Z,Eredivisie,2016-17,2016-10-15,Groningen,Heerenveen,0,3,A,0,1,A,,source_reported_FT,Groningen,Heerenveen
footballcsv/cache.footballdata,https://raw.githubusercontent.com/footballcsv/cache.footballdata/f43a2aa0c65fb061c87e9541e7a567dd58ff933a/2016-17/nl.1.csv,f43a2aa0c65fb061c87e9541e7a567dd58ff933a,76,2026-09-04T07:11:17.072Z,Eredivisie,2016-17,2016-10-15,PSV Eindhoven,Heracles,1,1,D,1,1,D,,source_reported_FT,PSV Eindhoven,Heracles
footballcsv/cache.footballdata,https://raw.githubusercontent.com/footballcsv/cache.footballdata/f43a2aa0c65fb061c87e9541e7a567dd58ff933a/2016-17/nl.1.csv,f43a2aa0c65fb061c87e9541e7a567dd58ff933a,77,2026-09-04T07:11:17.072Z,Eredivisie,2016-17,2016-10-15,Sparta Rotterdam,Willem II,2,2,D,0,1,A,,source_reported_FT,Sparta Rotterdam,Willem II
footballcsv/cache.footballdata,https://raw.githubusercontent.com/footballcsv/cache.footballdata/f43a2aa0c65fb061c87e9541e7a567dd58ff933a/2016-17/nl.1.csv,f43a2aa0c65fb061c87e9541e7a567dd58ff933a,78,2026-09-04T07:11:17.072Z,Eredivisie,2016-17,2016-10-15,Utrecht,Go Ahead Eagles,3,0,H,1,0,H,,source_reported_FT,Utrecht,Go Ahead Eagles
footballcsv/cache.footballdata,https://raw.githubusercontent.com/footballcsv/cache.footballdata/f43a2aa0c65fb061c87e9541e7a567dd58ff933a/2016-17/nl.1.csv,f43a2aa0c65fb061c87e9541e7a567dd58ff933a,79,2026-09-04T07:11:17.072Z,Eredivisie,2016-17,2016-10-16,Den Haag,Ajax,0,2,A,0,1,A,,source_reported_FT,Den Haag,Ajax
footballcsv/cache.footballdata,https://raw.githubusercontent.com/footballcsv/cache.footballdata/f43a2aa0c65fb061c87e9541e7a567dd58ff933a/2016-17/nl.1.csv,f43a2aa0c65fb061c87e9541e7a567dd58ff933a,80,2026-09-04T07:11:17.072Z,Eredivisie,2016-17,2016-10-16,Excelsior,Roda,0,1,A,0,0,D,,source_reported_FT,Excelsior,Roda
footballcsv/cache.footballdata,https://raw.githubusercontent.com/footballcsv/cache.footballdata/f43a2aa0c65fb061c87e9541e7a567dd58ff933a/2016-17/nl.1.csv,f43a2aa0c65fb061c87e9541e7a567dd58ff933a,81,2026-09-04T07:11:17.072Z,Eredivisie,2016-17,2016-10-16,Nijmegen,Feyenoord,1,2,A,1,0,H,,source_reported_FT,Nijmegen,Feyenoord
footballcsv/cache.footballdata,https://raw.githubusercontent.com/footballcsv/cache.footballdata/f43a2aa0c65fb061c87e9541e7a567dd58ff933a/2016-17/nl.1.csv,f43a2aa0c65fb061c87e9541e7a567dd58ff933a,82,2026-09-04T07:11:17.072Z,Eredivisie,2016-17,2016-10-16,Twente,Zwolle,2,2,D,1,1,D,,source_reported_FT,Twente,Zwolle
footballcsv/cache.footballdata,https://raw.githubusercontent.com/footballcsv/cache.footballdata/f43a2aa0c65fb061c87e9541e7a567dd58ff933a/2016-17/nl.1.csv,f43a2aa0c65fb061c87e9541e7a567dd58ff933a,83,2026-09-04T07:11:17.072Z,Eredivisie,2016-17,2016-10-21,Excelsior,Zwolle,0,2,A,0,0,D,,source_reported_FT,Excelsior,Zwolle
footballcsv/cache.footballdata,https://raw.githubusercontent.com/footballcsv/cache.footballdata/f43a2aa0c65fb061c87e9541e7a567dd58ff933a/2016-17/nl.1.csv,f43a2aa0c65fb061c87e9541e7a567dd58ff933a,84,2026-09-04T07:11:17.072Z,Eredivisie,2016-17,2016-10-22,Go Ahead Eagles,Twente,0,2,A,0,1,A,,source_reported_FT,Go Ahead Eagles,Twente
footballcsv/cache.footballdata,https://raw.githubusercontent.com/footballcsv/cache.footballdata/f43a2aa0c65fb061c87e9541e7a567dd58ff933a/2016-17/nl.1.csv,f43a2aa0c65fb061c87e9541e7a567dd58ff933a,85,2026-09-04T07:11:17.072Z,Eredivisie,2016-17,2016-10-22,PSV Eindhoven,Sparta Rotterdam,1,0,H,0,0,D,,source_reported_FT,PSV Eindhoven,Sparta Rotterdam
footballcsv/cache.footballdata,https://raw.githubusercontent.com/footballcsv/cache.footballdata/f43a2aa0c65fb061c87e9541e7a567dd58ff933a/2016-17/nl.1.csv,f43a2aa0c65fb061c87e9541e7a567dd58ff933a,86,2026-09-04T07:11:17.072Z,Eredivisie,2016-17,2016-10-22,Roda,Den Haag,1,1,D,0,1,A,,source_reported_FT,Roda,Den Haag
footballcsv/cache.footballdata,https://raw.githubusercontent.com/footballcsv/cache.footballdata/f43a2aa0c65fb061c87e9541e7a567dd58ff933a/2016-17/nl.1.csv,f43a2aa0c65fb061c87e9541e7a567dd58ff933a,87,2026-09-04T07:11:17.072Z,Eredivisie,2016-17,2016-10-22,Willem II,Utrecht,0,1,A,0,0,D,,source_reported_FT,Willem II,Utrecht
footballcsv/cache.footballdata,https://raw.githubusercontent.com/footballcsv/cache.footballdata/f43a2aa0c65fb061c87e9541e7a567dd58ff933a/2016-17/nl.1.csv,f43a2aa0c65fb061c87e9541e7a567dd58ff933a,88,2026-09-04T07:11:17.072Z,Eredivisie,2016-17,2016-10-23,Feyenoord,Ajax,1,1,D,0,0,D,,source_reported_FT,Feyenoord,Ajax
footballcsv/cache.footballdata,https://raw.githubusercontent.com/footballcsv/cache.footballdata/f43a2aa0c65fb061c87e9541e7a567dd58ff933a/2016-17/nl.1.csv,f43a2aa0c65fb061c87e9541e7a567dd58ff933a,89,2026-09-04T07:11:17.072Z,Eredivisie,2016-17,2016-10-23,Groningen,AZ Alkmaar,2,0,H,2,0,H,,source_reported_FT,Groningen,AZ Alkmaar
footballcsv/cache.footballdata,https://raw.githubusercontent.com/footballcsv/cache.footballdata/f43a2aa0c65fb061c87e9541e7a567dd58ff933a/2016-17/nl.1.csv,f43a2aa0c65fb061c87e9541e7a567dd58ff933a,90,2026-09-04T07:11:17.072Z,Eredivisie,2016-17,2016-10-23,Heerenveen,Heracles,3,1,H,1,1,D,,source_reported_FT,Heerenveen,Heracles
footballcsv/cache.footballdata,https://raw.githubusercontent.com/footballcsv/cache.footballdata/f43a2aa0c65fb061c87e9541e7a567dd58ff933a/2016-17/nl.1.csv,f43a2aa0c65fb061c87e9541e7a567dd58ff933a,91,2026-09-04T07:11:17.072Z,Eredivisie,2016-17,2016-10-23,Nijmegen,Vitesse,1,1,D,0,1,A,,source_reported_FT,Nijmegen,Vitesse
footballcsv/cache.footballdata,https://raw.githubusercontent.com/footballcsv/cache.footballdata/f43a2aa0c65fb061c87e9541e7a567dd58ff933a/2016-17/nl.1.csv,f43a2aa0c65fb061c87e9541e7a567dd58ff933a,92,2026-09-04T07:11:17.072Z,Eredivisie,2016-17,2016-10-28,Twente,Roda,0,0,D,0,0,D,,source_reported_FT,Twente,Roda
footballcsv/cache.footballdata,https://raw.githubusercontent.com/footballcsv/cache.footballdata/f43a2aa0c65fb061c87e9541e7a567dd58ff933a/2016-17/nl.1.csv,f43a2aa0c65fb061c87e9541e7a567dd58ff933a,93,2026-09-04T07:11:17.072Z,Eredivisie,2016-17,2016-10-29,Ajax,Excelsior,1,0,H,0,0,D,,source_reported_FT,Ajax,Excelsior
footballcsv/cache.footballdata,https://raw.githubusercontent.com/footballcsv/cache.footballdata/f43a2aa0c65fb061c87e9541e7a567dd58ff933a/2016-17/nl.1.csv,f43a2aa0c65fb061c87e9541e7a567dd58ff933a,94,2026-09-04T07:11:17.072Z,Eredivisie,2016-17,2016-10-29,Heracles,Sparta Rotterdam,2,2,D,0,1,A,,source_reported_FT,Heracles,Sparta Rotterdam
footballcsv/cache.footballdata,https://raw.githubusercontent.com/footballcsv/cache.footballdata/f43a2aa0c65fb061c87e9541e7a567dd58ff933a/2016-17/nl.1.csv,f43a2aa0c65fb061c87e9541e7a567dd58ff933a,95,2026-09-04T07:11:17.072Z,Eredivisie,2016-17,2016-10-29,Vitesse,PSV Eindhoven,0,2,A,0,1,A,,source_reported_FT,Vitesse,PSV Eindhoven
footballcsv/cache.footballdata,https://raw.githubusercontent.com/footballcsv/cache.footballdata/f43a2aa0c65fb061c87e9541e7a567dd58ff933a/2016-17/nl.1.csv,f43a2aa0c65fb061c87e9541e7a567dd58ff933a,96,2026-09-04T07:11:17.072Z,Eredivisie,2016-17,2016-10-29,Willem II,Groningen,2,1,H,0,0,D,,source_reported_FT,Willem II,Groningen
footballcsv/cache.footballdata,https://raw.githubusercontent.com/footballcsv/cache.footballdata/f43a2aa0c65fb061c87e9541e7a567dd58ff933a/2016-17/nl.1.csv,f43a2aa0c65fb061c87e9541e7a567dd58ff933a,97,2026-09-04T07:11:17.072Z,Eredivisie,2016-17,2016-10-30,Den Haag,AZ Alkmaar,0,1,A,0,0,D,,source_reported_FT,Den Haag,AZ Alkmaar
footballcsv/cache.footballdata,https://raw.githubusercontent.com/footballcsv/cache.footballdata/f43a2aa0c65fb061c87e9541e7a567dd58ff933a/2016-17/nl.1.csv,f43a2aa0c65fb061c87e9541e7a567dd58ff933a,98,2026-09-04T07:11:17.072Z,Eredivisie,2016-17,2016-10-30,Feyenoord,Heerenveen,2,2,D,2,1,H,,source_reported_FT,Feyenoord,Heerenveen
footballcsv/cache.footballdata,https://raw.githubusercontent.com/footballcsv/cache.footballdata/f43a2aa0c65fb061c87e9541e7a567dd58ff933a/2016-17/nl.1.csv,f43a2aa0c65fb061c87e9541e7a567dd58ff933a,99,2026-09-04T07:11:17.072Z,Eredivisie,2016-17,2016-10-30,Utrecht,Nijmegen,1,1,D,1,0,H,,source_reported_FT,Utrecht,Nijmegen
footballcsv/cache.footballdata,https://raw.githubusercontent.com/footballcsv/cache.footballdata/f43a2aa0c65fb061c87e9541e7a567dd58ff933a/2016-17/nl.1.csv,f43a2aa0c65fb061c87e9541e7a567dd58ff933a,100,2026-09-04T07:11:17.072Z,Eredivisie,2016-17,2016-10-30,Zwolle,Go Ahead Eagles,3,1,H,1,1,D,,source_reported_FT,Zwolle,Go Ahead Eagles
footballcsv/cache.footballdata,https://raw.githubusercontent.com/footballcsv/cache.footballdata/f43a2aa0c65fb061c87e9541e7a567dd58ff933a/2016-17/nl.1.csv,f43a2aa0c65fb061c87e9541e7a567dd58ff933a,101,2026-09-04T07:11:17.072Z,Eredivisie,2016-17,2016-11-04,Sparta Rotterdam,Heerenveen,3,1,H,2,1,H,,source_reported_FT,Sparta Rotterdam,Heerenveen
footballcsv/cache.footballdata,https://raw.githubusercontent.com/footballcsv/cache.footballdata/f43a2aa0c65fb061c87e9541e7a567dd58ff933a/2016-17/nl.1.csv,f43a2aa0c65fb061c87e9541e7a567dd58ff933a,102,2026-09-04T07:11:17.072Z,Eredivisie,2016-17,2016-11-05,Den Haag,Willem II,1,0,H,0,0,D,,source_reported_FT,Den Haag,Willem II
footballcsv/cache.footballdata,https://raw.githubusercontent.com/footballcsv/cache.footballdata/f43a2aa0c65fb061c87e9541e7a567dd58ff933a/2016-17/nl.1.csv,f43a2aa0c65fb061c87e9541e7a567dd58ff933a,103,2026-09-04T07:11:17.072Z,Eredivisie,2016-17,2016-11-05,Nijmegen,Groningen,1,1,D,0,0,D,,source_reported_FT,Nijmegen,Groningen
footballcsv/cache.footballdata,https://raw.githubusercontent.com/footballcsv/cache.footballdata/f43a2aa0c65fb061c87e9541e7a567dd58ff933a/2016-17/nl.1.csv,f43a2aa0c65fb061c87e9541e7a567dd58ff933a,104,2026-09-04T07:11:17.072Z,Eredivisie,2016-17,2016-11-05,PSV Eindhoven,Twente,1,1,D,0,0,D,,source_reported_FT,PSV Eindhoven,Twente
footballcsv/cache.footballdata,https://raw.githubusercontent.com/footballcsv/cache.footballdata/f43a2aa0c65fb061c87e9541e7a567dd58ff933a/2016-17/nl.1.csv,f43a2aa0c65fb061c87e9541e7a567dd58ff933a,105,2026-09-04T07:11:17.072Z,Eredivisie,2016-17,2016-11-05,Zwolle,Roda,0,0,D,0,0,D,,source_reported_FT,Zwolle,Roda
footballcsv/cache.footballdata,https://raw.githubusercontent.com/footballcsv/cache.footballdata/f43a2aa0c65fb061c87e9541e7a567dd58ff933a/2016-17/nl.1.csv,f43a2aa0c65fb061c87e9541e7a567dd58ff933a,106,2026-09-04T07:11:17.072Z,Eredivisie,2016-17,2016-11-06,AZ Alkmaar,Ajax,2,2,D,1,0,H,,source_reported_FT,AZ Alkmaar,Ajax
footballcsv/cache.footballdata,https://raw.githubusercontent.com/footballcsv/cache.footballdata/f43a2aa0c65fb061c87e9541e7a567dd58ff933a/2016-17/nl.1.csv,f43a2aa0c65fb061c87e9541e7a567dd58ff933a,107,2026-09-04T07:11:17.072Z,Eredivisie,2016-17,2016-11-06,Go Ahead Eagles,Feyenoord,1,0,H,1,0,H,,source_reported_FT,Go Ahead Eagles,Feyenoord
footballcsv/cache.footballdata,https://raw.githubusercontent.com/footballcsv/cache.footballdata/f43a2aa0c65fb061c87e9541e7a567dd58ff933a/2016-17/nl.1.csv,f43a2aa0c65fb061c87e9541e7a567dd58ff933a,108,2026-09-04T07:11:17.072Z,Eredivisie,2016-17,2016-11-06,Utrecht,Excelsior,2,1,H,0,0,D,,source_reported_FT,Utrecht,Excelsior
footballcsv/cache.footballdata,https://raw.githubusercontent.com/footballcsv/cache.footballdata/f43a2aa0c65fb061c87e9541e7a567dd58ff933a/2016-17/nl.1.csv,f43a2aa0c65fb061c87e9541e7a567dd58ff933a,109,2026-09-04T07:11:17.072Z,Eredivisie,2016-17,2016-11-06,Vitesse,Heracles,1,2,A,0,0,D,,source_reported_FT,Vitesse,Heracles
footballcsv/cache.footballdata,https://raw.githubusercontent.com/footballcsv/cache.footballdata/f43a2aa0c65fb061c87e9541e7a567dd58ff933a/2016-17/nl.1.csv,f43a2aa0c65fb061c87e9541e7a567dd58ff933a,110,2026-09-04T07:11:17.072Z,Eredivisie,2016-17,2016-11-19,Excelsior,Sparta Rotterdam,3,2,H,2,1,H,,source_reported_FT,Excelsior,Sparta Rotterdam
footballcsv/cache.footballdata,https://raw.githubusercontent.com/footballcsv/cache.footballdata/f43a2aa0c65fb061c87e9541e7a567dd58ff933a/2016-17/nl.1.csv,f43a2aa0c65fb061c87e9541e7a567dd58ff933a,111,2026-09-04T07:11:17.072Z,Eredivisie,2016-17,2016-11-19,Groningen,Den Haag,2,1,H,1,1,D,,source_reported_FT,Groningen,Den Haag
footballcsv/cache.footballdata,https://raw.githubusercontent.com/footballcsv/cache.footballdata/f43a2aa0c65fb061c87e9541e7a567dd58ff933a/2016-17/nl.1.csv,f43a2aa0c65fb061c87e9541e7a567dd58ff933a,112,2026-09-04T07:11:17.072Z,Eredivisie,2016-17,2016-11-19,Heerenveen,Vitesse,1,1,D,0,0,D,,source_reported_FT,Heerenveen,Vitesse
footballcsv/cache.footballdata,https://raw.githubusercontent.com/footballcsv/cache.footballdata/f43a2aa0c65fb061c87e9541e7a567dd58ff933a/2016-17/nl.1.csv,f43a2aa0c65fb061c87e9541e7a567dd58ff933a,113,2026-09-04T07:11:17.072Z,Eredivisie,2016-17,2016-11-19,Heracles,Go Ahead Eagles,2,1,H,0,1,A,,source_reported_FT,Heracles,Go Ahead Eagles
footballcsv/cache.footballdata,https://raw.githubusercontent.com/footballcsv/cache.footballdata/f43a2aa0c65fb061c87e9541e7a567dd58ff933a/2016-17/nl.1.csv,f43a2aa0c65fb061c87e9541e7a567dd58ff933a,114,2026-09-04T07:11:17.072Z,Eredivisie,2016-17,2016-11-19,Willem II,PSV Eindhoven,0,0,D,0,0,D,,source_reported_FT,Willem II,PSV Eindhoven
footballcsv/cache.footballdata,https://raw.githubusercontent.com/footballcsv/cache.footballdata/f43a2aa0c65fb061c87e9541e7a567dd58ff933a/2016-17/nl.1.csv,f43a2aa0c65fb061c87e9541e7a567dd58ff933a,115,2026-09-04T07:11:17.072Z,Eredivisie,2016-17,2016-11-20,Ajax,Nijmegen,5,0,H,3,0,H,,source_reported_FT,Ajax,Nijmegen
footballcsv/cache.footballdata,https://raw.githubusercontent.com/footballcsv/cache.footballdata/f43a2aa0c65fb061c87e9541e7a567dd58ff933a/2016-17/nl.1.csv,f43a2aa0c65fb061c87e9541e7a567dd58ff933a,116,2026-09-04T07:11:17.072Z,Eredivisie,2016-17,2016-11-20,Feyenoord,Zwolle,3,0,H,1,0,H,,source_reported_FT,Feyenoord,Zwolle
footballcsv/cache.footballdata,https://raw.githubusercontent.com/footballcsv/cache.footballdata/f43a2aa0c65fb061c87e9541e7a567dd58ff933a/2016-17/nl.1.csv,f43a2aa0c65fb061c87e9541e7a567dd58ff933a,117,2026-09-04T07:11:17.072Z,Eredivisie,2016-17,2016-11-20,Roda,AZ Alkmaar,1,1,D,1,0,H,,source_reported_FT,Roda,AZ Alkmaar
footballcsv/cache.footballdata,https://raw.githubusercontent.com/footballcsv/cache.footballdata/f43a2aa0c65fb061c87e9541e7a567dd58ff933a/2016-17/nl.1.csv,f43a2aa0c65fb061c87e9541e7a567dd58ff933a,118,2026-09-04T07:11:17.072Z,Eredivisie,2016-17,2016-11-20,Twente,Utrecht,1,1,D,1,1,D,,source_reported_FT,Twente,Utrecht
footballcsv/cache.footballdata,https://raw.githubusercontent.com/footballcsv/cache.footballdata/f43a2aa0c65fb061c87e9541e7a567dd58ff933a/2016-17/nl.1.csv,f43a2aa0c65fb061c87e9541e7a567dd58ff933a,119,2026-09-04T07:11:17.072Z,Eredivisie,2016-17,2016-11-25,Go Ahead Eagles,Willem II,0,1,A,0,0,D,,source_reported_FT,Go Ahead Eagles,Willem II
footballcsv/cache.footballdata,https://raw.githubusercontent.com/footballcsv/cache.footballdata/f43a2aa0c65fb061c87e9541e7a567dd58ff933a/2016-17/nl.1.csv,f43a2aa0c65fb061c87e9541e7a567dd58ff933a,120,2026-09-04T07:11:17.072Z,Eredivisie,2016-17,2016-11-26,Nijmegen,Twente,3,2,H,2,0,H,,source_reported_FT,Nijmegen,Twente
footballcsv/cache.footballdata,https://raw.githubusercontent.com/footballcsv/cache.footballdata/f43a2aa0c65fb061c87e9541e7a567dd58ff933a/2016-17/nl.1.csv,f43a2aa0c65fb061c87e9541e7a567dd58ff933a,121,2026-09-04T07:11:17.072Z,Eredivisie,2016-17,2016-11-26,PSV Eindhoven,Den Haag,3,1,H,1,0,H,,source_reported_FT,PSV Eindhoven,Den Haag
footballcsv/cache.footballdata,https://raw.githubusercontent.com/footballcsv/cache.footballdata/f43a2aa0c65fb061c87e9541e7a567dd58ff933a/2016-17/nl.1.csv,f43a2aa0c65fb061c87e9541e7a567dd58ff933a,122,2026-09-04T07:11:17.072Z,Eredivisie,2016-17,2016-11-26,Vitesse,Excelsior,2,2,D,1,2,A,,source_reported_FT,Vitesse,Excelsior
footballcsv/cache.footballdata,https://raw.githubusercontent.com/footballcsv/cache.footballdata/f43a2aa0c65fb061c87e9541e7a567dd58ff933a/2016-17/nl.1.csv,f43a2aa0c65fb061c87e9541e7a567dd58ff933a,123,2026-09-04T07:11:17.072Z,Eredivisie,2016-17,2016-11-26,Zwolle,Groningen,0,4,A,0,2,A,,source_reported_FT,Zwolle,Groningen
footballcsv/cache.footballdata,https://raw.githubusercontent.com/footballcsv/cache.footballdata/f43a2aa0c65fb061c87e9541e7a567dd58ff933a/2016-17/nl.1.csv,f43a2aa0c65fb061c87e9541e7a567dd58ff933a,124,2026-09-04T07:11:17.072Z,Eredivisie,2016-17,2016-11-27,AZ Alkmaar,Heracles,5,1,H,3,0,H,,source_reported_FT,AZ Alkmaar,Heracles
footballcsv/cache.footballdata,https://raw.githubusercontent.com/footballcsv/cache.footballdata/f43a2aa0c65fb061c87e9541e7a567dd58ff933a/2016-17/nl.1.csv,f43a2aa0c65fb061c87e9541e7a567dd58ff933a,125,2026-09-04T07:11:17.072Z,Eredivisie,2016-17,2016-11-27,Heerenveen,Ajax,0,1,A,0,0,D,,source_reported_FT,Heerenveen,Ajax
footballcsv/cache.footballdata,https://raw.githubusercontent.com/footballcsv/cache.footballdata/f43a2aa0c65fb061c87e9541e7a567dd58ff933a/2016-17/nl.1.csv,f43a2aa0c65fb061c87e9541e7a567dd58ff933a,126,2026-09-04T07:11:17.072Z,Eredivisie,2016-17,2016-11-27,Sparta Rotterdam,Roda,2,2,D,0,1,A,,source_reported_FT,Sparta Rotterdam,Roda
footballcsv/cache.footballdata,https://raw.githubusercontent.com/footballcsv/cache.footballdata/f43a2aa0c65fb061c87e9541e7a567dd58ff933a/2016-17/nl.1.csv,f43a2aa0c65fb061c87e9541e7a567dd58ff933a,127,2026-09-04T07:11:17.072Z,Eredivisie,2016-17,2016-11-27,Utrecht,Feyenoord,3,3,D,1,1,D,,source_reported_FT,Utrecht,Feyenoord
footballcsv/cache.footballdata,https://raw.githubusercontent.com/footballcsv/cache.footballdata/f43a2aa0c65fb061c87e9541e7a567dd58ff933a/2016-17/nl.1.csv,f43a2aa0c65fb061c87e9541e7a567dd58ff933a,128,2026-09-04T07:11:17.072Z,Eredivisie,2016-17,2016-12-02,Heracles,Nijmegen,2,0,H,1,0,H,,source_reported_FT,Heracles,Nijmegen
footballcsv/cache.footballdata,https://raw.githubusercontent.com/footballcsv/cache.footballdata/f43a2aa0c65fb061c87e9541e7a567dd58ff933a/2016-17/nl.1.csv,f43a2aa0c65fb061c87e9541e7a567dd58ff933a,129,2026-09-04T07:11:17.072Z,Eredivisie,2016-17,2016-12-03,Excelsior,AZ Alkmaar,3,3,D,2,2,D,,source_reported_FT,Excelsior,AZ Alkmaar
footballcsv/cache.footballdata,https://raw.githubusercontent.com/footballcsv/cache.footballdata/f43a2aa0c65fb061c87e9541e7a567dd58ff933a/2016-17/nl.1.csv,f43a2aa0c65fb061c87e9541e7a567dd58ff933a,130,2026-09-04T07:11:17.072Z,Eredivisie,2016-17,2016-12-03,Go Ahead Eagles,Heerenveen,1,3,A,1,3,A,,source_reported_FT,Go Ahead Eagles,Heerenveen
footballcsv/cache.footballdata,https://raw.githubusercontent.com/footballcsv/cache.footballdata/f43a2aa0c65fb061c87e9541e7a567dd58ff933a/2016-17/nl.1.csv,f43a2aa0c65fb061c87e9541e7a567dd58ff933a,131,2026-09-04T07:11:17.072Z,Eredivisie,2016-17,2016-12-03,Roda,PSV Eindhoven,0,0,D,0,0,D,,source_reported_FT,Roda,PSV Eindhoven
footballcsv/cache.footballdata,https://raw.githubusercontent.com/footballcsv/cache.footballdata/f43a2aa0c65fb061c87e9541e7a567dd58ff933a/2016-17/nl.1.csv,f43a2aa0c65fb061c87e9541e7a567dd58ff933a,132,2026-09-04T07:11:17.072Z,Eredivisie,2016-17,2016-12-03,Vitesse,Zwolle,3,1,H,2,0,H,,source_reported_FT,Vitesse,Zwolle
footballcsv/cache.footballdata,https://raw.githubusercontent.com/footballcsv/cache.footballdata/f43a2aa0c65fb061c87e9541e7a567dd58ff933a/2016-17/nl.1.csv,f43a2aa0c65fb061c87e9541e7a567dd58ff933a,133,2026-09-04T07:11:17.072Z,Eredivisie,2016-17,2016-12-04,Ajax,Groningen,2,0,H,1,0,H,,source_reported_FT,Ajax,Groningen
footballcsv/cache.footballdata,https://raw.githubusercontent.com/footballcsv/cache.footballdata/f43a2aa0c65fb061c87e9541e7a567dd58ff933a/2016-17/nl.1.csv,f43a2aa0c65fb061c87e9541e7a567dd58ff933a,134,2026-09-04T07:11:17.072Z,Eredivisie,2016-17,2016-12-04,Den Haag,Utrecht,0,2,A,0,1,A,,source_reported_FT,Den Haag,Utrecht
footballcsv/cache.footballdata,https://raw.githubusercontent.com/footballcsv/cache.footballdata/f43a2aa0c65fb061c87e9541e7a567dd58ff933a/2016-17/nl.1.csv,f43a2aa0c65fb061c87e9541e7a567dd58ff933a,135,2026-09-04T07:11:17.072Z,Eredivisie,2016-17,2016-12-04,Feyenoord,Sparta Rotterdam,6,1,H,2,0,H,,source_reported_FT,Feyenoord,Sparta Rotterdam
footballcsv/cache.footballdata,https://raw.githubusercontent.com/footballcsv/cache.footballdata/f43a2aa0c65fb061c87e9541e7a567dd58ff933a/2016-17/nl.1.csv,f43a2aa0c65fb061c87e9541e7a567dd58ff933a,136,2026-09-04T07:11:17.072Z,Eredivisie,2016-17,2016-12-04,Willem II,Twente,0,0,D,0,0,D,,source_reported_FT,Willem II,Twente
footballcsv/cache.footballdata,https://raw.githubusercontent.com/footballcsv/cache.footballdata/f43a2aa0c65fb061c87e9541e7a567dd58ff933a/2016-17/nl.1.csv,f43a2aa0c65fb061c87e9541e7a567dd58ff933a,137,2026-09-04T07:11:17.072Z,Eredivisie,2016-17,2016-12-09,Groningen,Roda,2,0,H,1,0,H,,source_reported_FT,Groningen,Roda
footballcsv/cache.footballdata,https://raw.githubusercontent.com/footballcsv/cache.footballdata/f43a2aa0c65fb061c87e9541e7a567dd58ff933a/2016-17/nl.1.csv,f43a2aa0c65fb061c87e9541e7a567dd58ff933a,138,2026-09-04T07:11:17.072Z,Eredivisie,2016-17,2016-12-10,Heerenveen,Excelsior,2,1,H,0,1,A,,source_reported_FT,Heerenveen,Excelsior
footballcsv/cache.footballdata,https://raw.githubusercontent.com/footballcsv/cache.footballdata/f43a2aa0c65fb061c87e9541e7a567dd58ff933a/2016-17/nl.1.csv,f43a2aa0c65fb061c87e9541e7a567dd58ff933a,139,2026-09-04T07:11:17.072Z,Eredivisie,2016-17,2016-12-10,Nijmegen,Den Haag,3,0,H,3,0,H,,source_reported_FT,Nijmegen,Den Haag
footballcsv/cache.footballdata,https://raw.githubusercontent.com/footballcsv/cache.footballdata/f43a2aa0c65fb061c87e9541e7a567dd58ff933a/2016-17/nl.1.csv,f43a2aa0c65fb061c87e9541e7a567dd58ff933a,140,2026-09-04T07:11:17.072Z,Eredivisie,2016-17,2016-12-10,PSV Eindhoven,Go Ahead Eagles,1,0,H,0,0,D,,source_reported_FT,PSV Eindhoven,Go Ahead Eagles
footballcsv/cache.footballdata,https://raw.githubusercontent.com/footballcsv/cache.footballdata/f43a2aa0c65fb061c87e9541e7a567dd58ff933a/2016-17/nl.1.csv,f43a2aa0c65fb061c87e9541e7a567dd58ff933a,141,2026-09-04T07:11:17.072Z,Eredivisie,2016-17,2016-12-10,Zwolle,Willem II,0,0,D,0,0,D,,source_reported_FT,Zwolle,Willem II
footballcsv/cache.footballdata,https://raw.githubusercontent.com/footballcsv/cache.footballdata/f43a2aa0c65fb061c87e9541e7a567dd58ff933a/2016-17/nl.1.csv,f43a2aa0c65fb061c87e9541e7a567dd58ff933a,142,2026-09-04T07:11:17.072Z,Eredivisie,2016-17,2016-12-11,AZ Alkmaar,Feyenoord,0,4,A,0,3,A,,source_reported_FT,AZ Alkmaar,Feyenoord
footballcsv/cache.footballdata,https://raw.githubusercontent.com/footballcsv/cache.footballdata/f43a2aa0c65fb061c87e9541e7a567dd58ff933a/2016-17/nl.1.csv,f43a2aa0c65fb061c87e9541e7a567dd58ff933a,143,2026-09-04T07:11:17.072Z,Eredivisie,2016-17,2016-12-11,Sparta Rotterdam,Vitesse,0,1,A,0,0,D,,source_reported_FT,Sparta Rotterdam,Vitesse
footballcsv/cache.footballdata,https://raw.githubusercontent.com/footballcsv/cache.footballdata/f43a2aa0c65fb061c87e9541e7a567dd58ff933a/2016-17/nl.1.csv,f43a2aa0c65fb061c87e9541e7a567dd58ff933a,144,2026-09-04T07:11:17.072Z,Eredivisie,2016-17,2016-12-11,Twente,Ajax,1,0,H,0,0,D,,source_reported_FT,Twente,Ajax
footballcsv/cache.footballdata,https://raw.githubusercontent.com/footballcsv/cache.footballdata/f43a2aa0c65fb061c87e9541e7a567dd58ff933a/2016-17/nl.1.csv,f43a2aa0c65fb061c87e9541e7a567dd58ff933a,145,2026-09-04T07:11:17.072Z,Eredivisie,2016-17,2016-12-11,Utrecht,Heracles,2,0,H,1,0,H,,source_reported_FT,Utrecht,Heracles
footballcsv/cache.footballdata,https://raw.githubusercontent.com/footballcsv/cache.footballdata/f43a2aa0c65fb061c87e9541e7a567dd58ff933a/2016-17/nl.1.csv,f43a2aa0c65fb061c87e9541e7a567dd58ff933a,146,2026-09-04T07:11:17.072Z,Eredivisie,2016-17,2016-12-16,Willem II,Heerenveen,2,1,H,1,1,D,,source_reported_FT,Willem II,Heerenveen
footballcsv/cache.footballdata,https://raw.githubusercontent.com/footballcsv/cache.footballdata/f43a2aa0c65fb061c87e9541e7a567dd58ff933a/2016-17/nl.1.csv,f43a2aa0c65fb061c87e9541e7a567dd58ff933a,147,2026-09-04T07:11:17.072Z,Eredivisie,2016-17,2016-12-17,Feyenoord,Vitesse,3,1,H,2,1,H,,source_reported_FT,Feyenoord,Vitesse
footballcsv/cache.footballdata,https://raw.githubusercontent.com/footballcsv/cache.footballdata/f43a2aa0c65fb061c87e9541e7a567dd58ff933a/2016-17/nl.1.csv,f43a2aa0c65fb061c87e9541e7a567dd58ff933a,148,2026-09-04T07:11:17.072Z,Eredivisie,2016-17,2016-12-17,Roda,Utrecht,0,0,D,0,0,D,,source_reported_FT,Roda,Utrecht
footballcsv/cache.footballdata,https://raw.githubusercontent.com/footballcsv/cache.footballdata/f43a2aa0c65fb061c87e9541e7a567dd58ff933a/2016-17/nl.1.csv,f43a2aa0c65fb061c87e9541e7a567dd58ff933a,149,2026-09-04T07:11:17.072Z,Eredivisie,2016-17,2016-12-17,Twente,AZ Alkmaar,1,2,A,0,0,D,,source_reported_FT,Twente,AZ Alkmaar
footballcsv/cache.footballdata,https://raw.githubusercontent.com/footballcsv/cache.footballdata/f43a2aa0c65fb061c87e9541e7a567dd58ff933a/2016-17/nl.1.csv,f43a2aa0c65fb061c87e9541e7a567dd58ff933a,150,2026-09-04T07:11:17.072Z,Eredivisie,2016-17,2016-12-18,Ajax,PSV Eindhoven,1,1,D,0,0,D,,source_reported_FT,Ajax,PSV Eindhoven
footballcsv/cache.footballdata,https://raw.githubusercontent.com/footballcsv/cache.footballdata/f43a2aa0c65fb061c87e9541e7a567dd58ff933a/2016-17/nl.1.csv,f43a2aa0c65fb061c87e9541e7a567dd58ff933a,151,2026-09-04T07:11:17.072Z,Eredivisie,2016-17,2016-12-18,Den Haag,Sparta Rotterdam,1,0,H,0,0,D,,source_reported_FT,Den Haag,Sparta Rotterdam
footballcsv/cache.footballdata,https://raw.githubusercontent.com/footballcsv/cache.footballdata/f43a2aa0c65fb061c87e9541e7a567dd58ff933a/2016-17/nl.1.csv,f43a2aa0c65fb061c87e9541e7a567dd58ff933a,152,2026-09-04T07:11:17.072Z,Eredivisie,2016-17,2016-12-18,Excelsior,Nijmegen,2,2,D,1,1,D,,source_reported_FT,Excelsior,Nijmegen
footballcsv/cache.footballdata,https://raw.githubusercontent.com/footballcsv/cache.footballdata/f43a2aa0c65fb061c87e9541e7a567dd58ff933a/2016-17/nl.1.csv,f43a2aa0c65fb061c87e9541e7a567dd58ff933a,153,2026-09-04T07:11:17.072Z,Eredivisie,2016-17,2016-12-18,Groningen,Go Ahead Eagles,1,1,D,1,1,D,,source_reported_FT,Groningen,Go Ahead Eagles
footballcsv/cache.footballdata,https://raw.githubusercontent.com/footballcsv/cache.footballdata/f43a2aa0c65fb061c87e9541e7a567dd58ff933a/2016-17/nl.1.csv,f43a2aa0c65fb061c87e9541e7a567dd58ff933a,154,2026-09-04T07:11:17.072Z,Eredivisie,2016-17,2016-12-18,Heracles,Zwolle,3,0,H,1,0,H,,source_reported_FT,Heracles,Zwolle
footballcsv/cache.footballdata,https://raw.githubusercontent.com/footballcsv/cache.footballdata/f43a2aa0c65fb061c87e9541e7a567dd58ff933a/2016-17/nl.1.csv,f43a2aa0c65fb061c87e9541e7a567dd58ff933a,155,2026-09-04T07:11:17.072Z,Eredivisie,2016-17,2017-01-13,Go Ahead Eagles,AZ Alkmaar,1,3,A,0,0,D,,source_reported_FT,Go Ahead Eagles,AZ Alkmaar
footballcsv/cache.footballdata,https://raw.githubusercontent.com/footballcsv/cache.footballdata/f43a2aa0c65fb061c87e9541e7a567dd58ff933a/2016-17/nl.1.csv,f43a2aa0c65fb061c87e9541e7a567dd58ff933a,156,2026-09-04T07:11:17.072Z,Eredivisie,2016-17,2017-01-14,Heerenveen,Den Haag,2,0,H,0,0,D,,source_reported_FT,Heerenveen,Den Haag
footballcsv/cache.footballdata,https://raw.githubusercontent.com/footballcsv/cache.footballdata/f43a2aa0c65fb061c87e9541e7a567dd58ff933a/2016-17/nl.1.csv,f43a2aa0c65fb061c87e9541e7a567dd58ff933a,157,2026-09-04T07:11:17.072Z,Eredivisie,2016-17,2017-01-14,Heracles,Groningen,1,4,A,0,3,A,,source_reported_FT,Heracles,Groningen
footballcsv/cache.footballdata,https://raw.githubusercontent.com/footballcsv/cache.footballdata/f43a2aa0c65fb061c87e9541e7a567dd58ff933a/2016-17/nl.1.csv,f43a2aa0c65fb061c87e9541e7a567dd58ff933a,158,2026-09-04T07:11:17.072Z,Eredivisie,2016-17,2017-01-14,PSV Eindhoven,Excelsior,2,0,H,1,0,H,,source_reported_FT,PSV Eindhoven,Excelsior
footballcsv/cache.footballdata,https://raw.githubusercontent.com/footballcsv/cache.footballdata/f43a2aa0c65fb061c87e9541e7a567dd58ff933a/2016-17/nl.1.csv,f43a2aa0c65fb061c87e9541e7a567dd58ff933a,159,2026-09-04T07:11:17.072Z,Eredivisie,2016-17,2017-01-14,Sparta Rotterdam,Utrecht,1,2,A,1,0,H,,source_reported_FT,Sparta Rotterdam,Utrecht
footballcsv/cache.footballdata,https://raw.githubusercontent.com/footballcsv/cache.footballdata/f43a2aa0c65fb061c87e9541e7a567dd58ff933a/2016-17/nl.1.csv,f43a2aa0c65fb061c87e9541e7a567dd58ff933a,160,2026-09-04T07:11:17.072Z,Eredivisie,2016-17,2017-01-15,Roda,Feyenoord,0,2,A,0,0,D,,source_reported_FT,Roda,Feyenoord
footballcsv/cache.footballdata,https://raw.githubusercontent.com/footballcsv/cache.footballdata/f43a2aa0c65fb061c87e9541e7a567dd58ff933a/2016-17/nl.1.csv,f43a2aa0c65fb061c87e9541e7a567dd58ff933a,161,2026-09-04T07:11:17.072Z,Eredivisie,2016-17,2017-01-15,Vitesse,Twente,3,1,H,2,0,H,,source_reported_FT,Vitesse,Twente
footballcsv/cache.footballdata,https://raw.githubusercontent.com/footballcsv/cache.footballdata/f43a2aa0c65fb061c87e9541e7a567dd58ff933a/2016-17/nl.1.csv,f43a2aa0c65fb061c87e9541e7a567dd58ff933a,162,2026-09-04T07:11:17.072Z,Eredivisie,2016-17,2017-01-15,Willem II,Nijmegen,0,1,A,0,0,D,,source_reported_FT,Willem II,Nijmegen
footballcsv/cache.footballdata,https://raw.githubusercontent.com/footballcsv/cache.footballdata/f43a2aa0c65fb061c87e9541e7a567dd58ff933a/2016-17/nl.1.csv,f43a2aa0c65fb061c87e9541e7a567dd58ff933a,163,2026-09-04T07:11:17.072Z,Eredivisie,2016-17,2017-01-15,Zwolle,Ajax,1,3,A,0,0,D,,source_reported_FT,Zwolle,Ajax
footballcsv/cache.footballdata,https://raw.githubusercontent.com/footballcsv/cache.footballdata/f43a2aa0c65fb061c87e9541e7a567dd58ff933a/2016-17/nl.1.csv,f43a2aa0c65fb061c87e9541e7a567dd58ff933a,164,2026-09-04T07:11:17.072Z,Eredivisie,2016-17,2017-01-20,Twente,Heracles,1,0,H,1,0,H,,source_reported_FT,Twente,Heracles
footballcsv/cache.footballdata,https://raw.githubusercontent.com/footballcsv/cache.footballdata/f43a2aa0c65fb061c87e9541e7a567dd58ff933a/2016-17/nl.1.csv,f43a2aa0c65fb061c87e9541e7a567dd58ff933a,165,2026-09-04T07:11:17.072Z,Eredivisie,2016-17,2017-01-21,AZ Alkmaar,Sparta Rotterdam,1,1,D,0,0,D,,source_reported_FT,AZ Alkmaar,Sparta Rotterdam
footballcsv/cache.footballdata,https://raw.githubusercontent.com/footballcsv/cache.footballdata/f43a2aa0c65fb061c87e9541e7a567dd58ff933a/2016-17/nl.1.csv,f43a2aa0c65fb061c87e9541e7a567dd58ff933a,166,2026-09-04T07:11:17.072Z,Eredivisie,2016-17,2017-01-21,Den Haag,Zwolle,1,2,A,1,1,D,,source_reported_FT,Den Haag,Zwolle
footballcsv/cache.footballdata,https://raw.githubusercontent.com/footballcsv/cache.footballdata/f43a2aa0c65fb061c87e9541e7a567dd58ff933a/2016-17/nl.1.csv,f43a2aa0c65fb061c87e9541e7a567dd58ff933a,167,2026-09-04T07:11:17.072Z,Eredivisie,2016-17,2017-01-21,Feyenoord,Willem II,1,0,H,1,0,H,,source_reported_FT,Feyenoord,Willem II
footballcsv/cache.footballdata,https://raw.githubusercontent.com/footballcsv/cache.footballdata/f43a2aa0c65fb061c87e9541e7a567dd58ff933a/2016-17/nl.1.csv,f43a2aa0c65fb061c87e9541e7a567dd58ff933a,168,2026-09-04T07:11:17.072Z,Eredivisie,2016-17,2017-01-21,Groningen,Vitesse,1,1,D,1,0,H,,source_reported_FT,Groningen,Vitesse
footballcsv/cache.footballdata,https://raw.githubusercontent.com/footballcsv/cache.footballdata/f43a2aa0c65fb061c87e9541e7a567dd58ff933a/2016-17/nl.1.csv,f43a2aa0c65fb061c87e9541e7a567dd58ff933a,169,2026-09-04T07:11:17.072Z,Eredivisie,2016-17,2017-01-22,Excelsior,Go Ahead Eagles,1,1,D,1,1,D,,source_reported_FT,Excelsior,Go Ahead Eagles
footballcsv/cache.footballdata,https://raw.githubusercontent.com/footballcsv/cache.footballdata/f43a2aa0c65fb061c87e9541e7a567dd58ff933a/2016-17/nl.1.csv,f43a2aa0c65fb061c87e9541e7a567dd58ff933a,170,2026-09-04T07:11:17.072Z,Eredivisie,2016-17,2017-01-22,Nijmegen,Roda,2,0,H,1,0,H,,source_reported_FT,Nijmegen,Roda
footballcsv/cache.footballdata,https://raw.githubusercontent.com/footballcsv/cache.footballdata/f43a2aa0c65fb061c87e9541e7a567dd58ff933a/2016-17/nl.1.csv,f43a2aa0c65fb061c87e9541e7a567dd58ff933a,171,2026-09-04T07:11:17.072Z,Eredivisie,2016-17,2017-01-22,PSV Eindhoven,Heerenveen,4,3,H,2,1,H,,source_reported_FT,PSV Eindhoven,Heerenveen
footballcsv/cache.footballdata,https://raw.githubusercontent.com/footballcsv/cache.footballdata/f43a2aa0c65fb061c87e9541e7a567dd58ff933a/2016-17/nl.1.csv,f43a2aa0c65fb061c87e9541e7a567dd58ff933a,172,2026-09-04T07:11:17.072Z,Eredivisie,2016-17,2017-01-22,Utrecht,Ajax,0,1,A,0,0,D,,source_reported_FT,Utrecht,Ajax
footballcsv/cache.footballdata,https://raw.githubusercontent.com/footballcsv/cache.footballdata/f43a2aa0c65fb061c87e9541e7a567dd58ff933a/2016-17/nl.1.csv,f43a2aa0c65fb061c87e9541e7a567dd58ff933a,173,2026-09-04T07:11:17.072Z,Eredivisie,2016-17,2017-01-27,Willem II,Sparta Rotterdam,3,2,H,2,1,H,,source_reported_FT,Willem II,Sparta Rotterdam
footballcsv/cache.footballdata,https://raw.githubusercontent.com/footballcsv/cache.footballdata/f43a2aa0c65fb061c87e9541e7a567dd58ff933a/2016-17/nl.1.csv,f43a2aa0c65fb061c87e9541e7a567dd58ff933a,174,2026-09-04T07:11:17.072Z,Eredivisie,2016-17,2017-01-28,Go Ahead Eagles,Utrecht,0,1,A,0,1,A,,source_reported_FT,Go Ahead Eagles,Utrecht
footballcsv/cache.footballdata,https://raw.githubusercontent.com/footballcsv/cache.footballdata/f43a2aa0c65fb061c87e9541e7a567dd58ff933a/2016-17/nl.1.csv,f43a2aa0c65fb061c87e9541e7a567dd58ff933a,175,2026-09-04T07:11:17.072Z,Eredivisie,2016-17,2017-01-28,Heracles,PSV Eindhoven,1,2,A,0,0,D,,source_reported_FT,Heracles,PSV Eindhoven
footballcsv/cache.footballdata,https://raw.githubusercontent.com/footballcsv/cache.footballdata/f43a2aa0c65fb061c87e9541e7a567dd58ff933a/2016-17/nl.1.csv,f43a2aa0c65fb061c87e9541e7a567dd58ff933a,176,2026-09-04T07:11:17.072Z,Eredivisie,2016-17,2017-01-28,Roda,Excelsior,4,0,H,2,0,H,,source_reported_FT,Roda,Excelsior
footballcsv/cache.footballdata,https://raw.githubusercontent.com/footballcsv/cache.footballdata/f43a2aa0c65fb061c87e9541e7a567dd58ff933a/2016-17/nl.1.csv,f43a2aa0c65fb061c87e9541e7a567dd58ff933a,177,2026-09-04T07:11:17.072Z,Eredivisie,2016-17,2017-01-29,Ajax,Den Haag,3,0,H,2,0,H,,source_reported_FT,Ajax,Den Haag
footballcsv/cache.footballdata,https://raw.githubusercontent.com/footballcsv/cache.footballdata/f43a2aa0c65fb061c87e9541e7a567dd58ff933a/2016-17/nl.1.csv,f43a2aa0c65fb061c87e9541e7a567dd58ff933a,178,2026-09-04T07:11:17.072Z,Eredivisie,2016-17,2017-01-29,Feyenoord,Nijmegen,4,0,H,2,0,H,,source_reported_FT,Feyenoord,Nijmegen
footballcsv/cache.footballdata,https://raw.githubusercontent.com/footballcsv/cache.footballdata/f43a2aa0c65fb061c87e9541e7a567dd58ff933a/2016-17/nl.1.csv,f43a2aa0c65fb061c87e9541e7a567dd58ff933a,179,2026-09-04T07:11:17.072Z,Eredivisie,2016-17,2017-01-29,Heerenveen,Groningen,0,0,D,0,0,D,,source_reported_FT,Heerenveen,Groningen
footballcsv/cache.footballdata,https://raw.githubusercontent.com/footballcsv/cache.footballdata/f43a2aa0c65fb061c87e9541e7a567dd58ff933a/2016-17/nl.1.csv,f43a2aa0c65fb061c87e9541e7a567dd58ff933a,180,2026-09-04T07:11:17.072Z,Eredivisie,2016-17,2017-01-29,Vitesse,AZ Alkmaar,2,1,H,1,0,H,,source_reported_FT,Vitesse,AZ Alkmaar
footballcsv/cache.footballdata,https://raw.githubusercontent.com/footballcsv/cache.footballdata/f43a2aa0c65fb061c87e9541e7a567dd58ff933a/2016-17/nl.1.csv,f43a2aa0c65fb061c87e9541e7a567dd58ff933a,181,2026-09-04T07:11:17.072Z,Eredivisie,2016-17,2017-01-29,Zwolle,Twente,1,2,A,1,1,D,,source_reported_FT,Zwolle,Twente
footballcsv/cache.footballdata,https://raw.githubusercontent.com/footballcsv/cache.footballdata/f43a2aa0c65fb061c87e9541e7a567dd58ff933a/2016-17/nl.1.csv,f43a2aa0c65fb061c87e9541e7a567dd58ff933a,182,2026-09-04T07:11:17.072Z,Eredivisie,2016-17,2017-02-03,Den Haag,Vitesse,0,2,A,0,2,A,,source_reported_FT,Den Haag,Vitesse
footballcsv/cache.footballdata,https://raw.githubusercontent.com/footballcsv/cache.footballdata/f43a2aa0c65fb061c87e9541e7a567dd58ff933a/2016-17/nl.1.csv,f43a2aa0c65fb061c87e9541e7a567dd58ff933a,183,2026-09-04T07:11:17.072Z,Eredivisie,2016-17,2017-02-04,AZ Alkmaar,PSV Eindhoven,2,4,A,1,3,A,,source_reported_FT,AZ Alkmaar,PSV Eindhoven
footballcsv/cache.footballdata,https://raw.githubusercontent.com/footballcsv/cache.footballdata/f43a2aa0c65fb061c87e9541e7a567dd58ff933a/2016-17/nl.1.csv,f43a2aa0c65fb061c87e9541e7a567dd58ff933a,184,2026-09-04T07:11:17.072Z,Eredivisie,2016-17,2017-02-04,Groningen,Excelsior,1,1,D,0,0,D,,source_reported_FT,Groningen,Excelsior
footballcsv/cache.footballdata,https://raw.githubusercontent.com/footballcsv/cache.footballdata/f43a2aa0c65fb061c87e9541e7a567dd58ff933a/2016-17/nl.1.csv,f43a2aa0c65fb061c87e9541e7a567dd58ff933a,185,2026-09-04T07:11:17.072Z,Eredivisie,2016-17,2017-02-04,Nijmegen,Go Ahead Eagles,1,2,A,0,2,A,,source_reported_FT,Nijmegen,Go Ahead Eagles
footballcsv/cache.footballdata,https://raw.githubusercontent.com/footballcsv/cache.footballdata/f43a2aa0c65fb061c87e9541e7a567dd58ff933a/2016-17/nl.1.csv,f43a2aa0c65fb061c87e9541e7a567dd58ff933a,186,2026-09-04T07:11:17.072Z,Eredivisie,2016-17,2017-02-04,Willem II,Heracles,1,3,A,1,0,H,,source_reported_FT,Willem II,Heracles
footballcsv/cache.footballdata,https://raw.githubusercontent.com/footballcsv/cache.footballdata/f43a2aa0c65fb061c87e9541e7a567dd58ff933a/2016-17/nl.1.csv,f43a2aa0c65fb061c87e9541e7a567dd58ff933a,187,2026-09-04T07:11:17.072Z,Eredivisie,2016-17,2017-02-05,Roda,Ajax,0,2,A,0,0,D,,source_reported_FT,Roda,Ajax
footballcsv/cache.footballdata,https://raw.githubusercontent.com/footballcsv/cache.footballdata/f43a2aa0c65fb061c87e9541e7a567dd58ff933a/2016-17/nl.1.csv,f43a2aa0c65fb061c87e9541e7a567dd58ff933a,188,2026-09-04T07:11:17.072Z,Eredivisie,2016-17,2017-02-05,Sparta Rotterdam,Zwolle,2,3,A,0,0,D,,source_reported_FT,Sparta Rotterdam,Zwolle
footballcsv/cache.footballdata,https://raw.githubusercontent.com/footballcsv/cache.footballdata/f43a2aa0c65fb061c87e9541e7a567dd58ff933a/2016-17/nl.1.csv,f43a2aa0c65fb061c87e9541e7a567dd58ff933a,189,2026-09-04T07:11:17.072Z,Eredivisie,2016-17,2017-02-05,Twente,Feyenoord,0,2,A,0,0,D,,source_reported_FT,Twente,Feyenoord
footballcsv/cache.footballdata,https://raw.githubusercontent.com/footballcsv/cache.footballdata/f43a2aa0c65fb061c87e9541e7a567dd58ff933a/2016-17/nl.1.csv,f43a2aa0c65fb061c87e9541e7a567dd58ff933a,190,2026-09-04T07:11:17.072Z,Eredivisie,2016-17,2017-02-05,Utrecht,Heerenveen,1,0,H,1,0,H,,source_reported_FT,Utrecht,Heerenveen
footballcsv/cache.footballdata,https://raw.githubusercontent.com/footballcsv/cache.footballdata/f43a2aa0c65fb061c87e9541e7a567dd58ff933a/2016-17/nl.1.csv,f43a2aa0c65fb061c87e9541e7a567dd58ff933a,191,2026-09-04T07:11:17.072Z,Eredivisie,2016-17,2017-02-10,Zwolle,Nijmegen,2,0,H,0,0,D,,source_reported_FT,Zwolle,Nijmegen
footballcsv/cache.footballdata,https://raw.githubusercontent.com/footballcsv/cache.footballdata/f43a2aa0c65fb061c87e9541e7a567dd58ff933a/2016-17/nl.1.csv,f43a2aa0c65fb061c87e9541e7a567dd58ff933a,192,2026-09-04T07:11:17.072Z,Eredivisie,2016-17,2017-02-11,Feyenoord,Groningen,2,0,H,1,0,H,,source_reported_FT,Feyenoord,Groningen
footballcsv/cache.footballdata,https://raw.githubusercontent.com/footballcsv/cache.footballdata/f43a2aa0c65fb061c87e9541e7a567dd58ff933a/2016-17/nl.1.csv,f43a2aa0c65fb061c87e9541e7a567dd58ff933a,193,2026-09-04T07:11:17.072Z,Eredivisie,2016-17,2017-02-11,Go Ahead Eagles,Den Haag,3,1,H,1,0,H,,source_reported_FT,Go Ahead Eagles,Den Haag
footballcsv/cache.footballdata,https://raw.githubusercontent.com/footballcsv/cache.footballdata/f43a2aa0c65fb061c87e9541e7a567dd58ff933a/2016-17/nl.1.csv,f43a2aa0c65fb061c87e9541e7a567dd58ff933a,194,2026-09-04T07:11:17.072Z,Eredivisie,2016-17,2017-02-11,Heracles,Roda,2,2,D,0,0,D,,source_reported_FT,Heracles,Roda
footballcsv/cache.footballdata,https://raw.githubusercontent.com/footballcsv/cache.footballdata/f43a2aa0c65fb061c87e9541e7a567dd58ff933a/2016-17/nl.1.csv,f43a2aa0c65fb061c87e9541e7a567dd58ff933a,195,2026-09-04T07:11:17.072Z,Eredivisie,2016-17,2017-02-11,Vitesse,Willem II,0,2,A,0,0,D,,source_reported_FT,Vitesse,Willem II
footballcsv/cache.footballdata,https://raw.githubusercontent.com/footballcsv/cache.footballdata/f43a2aa0c65fb061c87e9541e7a567dd58ff933a/2016-17/nl.1.csv,f43a2aa0c65fb061c87e9541e7a567dd58ff933a,196,2026-09-04T07:11:17.072Z,Eredivisie,2016-17,2017-02-12,Ajax,Sparta Rotterdam,2,0,H,1,0,H,,source_reported_FT,Ajax,Sparta Rotterdam
footballcsv/cache.footballdata,https://raw.githubusercontent.com/footballcsv/cache.footballdata/f43a2aa0c65fb061c87e9541e7a567dd58ff933a/2016-17/nl.1.csv,f43a2aa0c65fb061c87e9541e7a567dd58ff933a,197,2026-09-04T07:11:17.072Z,Eredivisie,2016-17,2017-02-12,Excelsior,Twente,1,1,D,1,1,D,,source_reported_FT,Excelsior,Twente
footballcsv/cache.footballdata,https://raw.githubusercontent.com/footballcsv/cache.footballdata/f43a2aa0c65fb061c87e9541e7a567dd58ff933a/2016-17/nl.1.csv,f43a2aa0c65fb061c87e9541e7a567dd58ff933a,198,2026-09-04T07:11:17.072Z,Eredivisie,2016-17,2017-02-12,Heerenveen,AZ Alkmaar,1,2,A,0,1,A,,source_reported_FT,Heerenveen,AZ Alkmaar
footballcsv/cache.footballdata,https://raw.githubusercontent.com/footballcsv/cache.footballdata/f43a2aa0c65fb061c87e9541e7a567dd58ff933a/2016-17/nl.1.csv,f43a2aa0c65fb061c87e9541e7a567dd58ff933a,199,2026-09-04T07:11:17.072Z,Eredivisie,2016-17,2017-02-12,PSV Eindhoven,Utrecht,3,0,H,0,0,D,,source_reported_FT,PSV Eindhoven,Utrecht
footballcsv/cache.footballdata,https://raw.githubusercontent.com/footballcsv/cache.footballdata/f43a2aa0c65fb061c87e9541e7a567dd58ff933a/2016-17/nl.1.csv,f43a2aa0c65fb061c87e9541e7a567dd58ff933a,200,2026-09-04T07:11:17.072Z,Eredivisie,2016-17,2017-02-17,Roda,Go Ahead Eagles,1,0,H,0,0,D,,source_reported_FT,Roda,Go Ahead Eagles
footballcsv/cache.footballdata,https://raw.githubusercontent.com/footballcsv/cache.footballdata/f43a2aa0c65fb061c87e9541e7a567dd58ff933a/2016-17/nl.1.csv,f43a2aa0c65fb061c87e9541e7a567dd58ff933a,201,2026-09-04T07:11:17.072Z,Eredivisie,2016-17,2017-02-18,Heracles,Excelsior,4,0,H,1,0,H,,source_reported_FT,Heracles,Excelsior
footballcsv/cache.footballdata,https://raw.githubusercontent.com/footballcsv/cache.footballdata/f43a2aa0c65fb061c87e9541e7a567dd58ff933a/2016-17/nl.1.csv,f43a2aa0c65fb061c87e9541e7a567dd58ff933a,202,2026-09-04T07:11:17.072Z,Eredivisie,2016-17,2017-02-18,PSV Eindhoven,Nijmegen,3,1,H,1,1,D,,source_reported_FT,PSV Eindhoven,Nijmegen
footballcsv/cache.footballdata,https://raw.githubusercontent.com/footballcsv/cache.footballdata/f43a2aa0c65fb061c87e9541e7a567dd58ff933a/2016-17/nl.1.csv,f43a2aa0c65fb061c87e9541e7a567dd58ff933a,203,2026-09-04T07:11:17.072Z,Eredivisie,2016-17,2017-02-18,Twente,Heerenveen,1,0,H,0,0,D,,source_reported_FT,Twente,Heerenveen
footballcsv/cache.footballdata,https://raw.githubusercontent.com/footballcsv/cache.footballdata/f43a2aa0c65fb061c87e9541e7a567dd58ff933a/2016-17/nl.1.csv,f43a2aa0c65fb061c87e9541e7a567dd58ff933a,204,2026-09-04T07:11:17.072Z,Eredivisie,2016-17,2017-02-18,Utrecht,Zwolle,3,1,H,1,0,H,,source_reported_FT,Utrecht,Zwolle
footballcsv/cache.footballdata,https://raw.githubusercontent.com/footballcsv/cache.footballdata/f43a2aa0c65fb061c87e9541e7a567dd58ff933a/2016-17/nl.1.csv,f43a2aa0c65fb061c87e9541e7a567dd58ff933a,205,2026-09-04T07:11:17.072Z,Eredivisie,2016-17,2017-02-19,Den Haag,Feyenoord,0,1,A,0,0,D,,source_reported_FT,Den Haag,Feyenoord
footballcsv/cache.footballdata,https://raw.githubusercontent.com/footballcsv/cache.footballdata/f43a2aa0c65fb061c87e9541e7a567dd58ff933a/2016-17/nl.1.csv,f43a2aa0c65fb061c87e9541e7a567dd58ff933a,206,2026-09-04T07:11:17.072Z,Eredivisie,2016-17,2017-02-19,Sparta Rotterdam,Groningen,2,2,D,2,2,D,,source_reported_FT,Sparta Rotterdam,Groningen
footballcsv/cache.footballdata,https://raw.githubusercontent.com/footballcsv/cache.footballdata/f43a2aa0c65fb061c87e9541e7a567dd58ff933a/2016-17/nl.1.csv,f43a2aa0c65fb061c87e9541e7a567dd58ff933a,207,2026-09-04T07:11:17.072Z,Eredivisie,2016-17,2017-02-19,Vitesse,Ajax,0,1,A,0,1,A,,source_reported_FT,Vitesse,Ajax
footballcsv/cache.footballdata,https://raw.githubusercontent.com/footballcsv/cache.footballdata/f43a2aa0c65fb061c87e9541e7a567dd58ff933a/2016-17/nl.1.csv,f43a2aa0c65fb061c87e9541e7a567dd58ff933a,208,2026-09-04T07:11:17.072Z,Eredivisie,2016-17,2017-02-19,Willem II,AZ Alkmaar,1,1,D,0,0,D,,source_reported_FT,Willem II,AZ Alkmaar
footballcsv/cache.footballdata,https://raw.githubusercontent.com/footballcsv/cache.footballdata/f43a2aa0c65fb061c87e9541e7a567dd58ff933a/2016-17/nl.1.csv,f43a2aa0c65fb061c87e9541e7a567dd58ff933a,209,2026-09-04T07:11:17.072Z,Eredivisie,2016-17,2017-02-24,Den Haag,Twente,1,1,D,1,1,D,,source_reported_FT,Den Haag,Twente
footballcsv/cache.footballdata,https://raw.githubusercontent.com/footballcsv/cache.footballdata/f43a2aa0c65fb061c87e9541e7a567dd58ff933a/2016-17/nl.1.csv,f43a2aa0c65fb061c87e9541e7a567dd58ff933a,210,2026-09-04T07:11:17.072Z,Eredivisie,2016-17,2017-02-25,Excelsior,Willem II,0,2,A,0,0,D,,source_reported_FT,Excelsior,Willem II
footballcsv/cache.footballdata,https://raw.githubusercontent.com/footballcsv/cache.footballdata/f43a2aa0c65fb061c87e9541e7a567dd58ff933a/2016-17/nl.1.csv,f43a2aa0c65fb061c87e9541e7a567dd58ff933a,211,2026-09-04T07:11:17.072Z,Eredivisie,2016-17,2017-02-25,Groningen,Utrecht,2,3,A,2,0,H,,source_reported_FT,Groningen,Utrecht
footballcsv/cache.footballdata,https://raw.githubusercontent.com/footballcsv/cache.footballdata/f43a2aa0c65fb061c87e9541e7a567dd58ff933a/2016-17/nl.1.csv,f43a2aa0c65fb061c87e9541e7a567dd58ff933a,212,2026-09-04T07:11:17.072Z,Eredivisie,2016-17,2017-02-25,Heerenveen,Roda,3,0,H,0,0,D,,source_reported_FT,Heerenveen,Roda
footballcsv/cache.footballdata,https://raw.githubusercontent.com/footballcsv/cache.footballdata/f43a2aa0c65fb061c87e9541e7a567dd58ff933a/2016-17/nl.1.csv,f43a2aa0c65fb061c87e9541e7a567dd58ff933a,213,2026-09-04T07:11:17.072Z,Eredivisie,2016-17,2017-02-25,Nijmegen,Sparta Rotterdam,0,1,A,0,1,A,,source_reported_FT,Nijmegen,Sparta Rotterdam
footballcsv/cache.footballdata,https://raw.githubusercontent.com/footballcsv/cache.footballdata/f43a2aa0c65fb061c87e9541e7a567dd58ff933a/2016-17/nl.1.csv,f43a2aa0c65fb061c87e9541e7a567dd58ff933a,215,2026-09-04T07:11:17.072Z,Eredivisie,2016-17,2017-02-26,AZ Alkmaar,Zwolle,1,1,D,0,0,D,,source_reported_FT,AZ Alkmaar,Zwolle
footballcsv/cache.footballdata,https://raw.githubusercontent.com/footballcsv/cache.footballdata/f43a2aa0c65fb061c87e9541e7a567dd58ff933a/2016-17/nl.1.csv,f43a2aa0c65fb061c87e9541e7a567dd58ff933a,214,2026-09-04T07:11:17.072Z,Eredivisie,2016-17,2017-02-26,Ajax,Heracles,4,1,H,1,1,D,,source_reported_FT,Ajax,Heracles
footballcsv/cache.footballdata,https://raw.githubusercontent.com/footballcsv/cache.footballdata/f43a2aa0c65fb061c87e9541e7a567dd58ff933a/2016-17/nl.1.csv,f43a2aa0c65fb061c87e9541e7a567dd58ff933a,216,2026-09-04T07:11:17.072Z,Eredivisie,2016-17,2017-02-26,Feyenoord,PSV Eindhoven,2,1,H,1,0,H,,source_reported_FT,Feyenoord,PSV Eindhoven
footballcsv/cache.footballdata,https://raw.githubusercontent.com/footballcsv/cache.footballdata/f43a2aa0c65fb061c87e9541e7a567dd58ff933a/2016-17/nl.1.csv,f43a2aa0c65fb061c87e9541e7a567dd58ff933a,217,2026-09-04T07:11:17.072Z,Eredivisie,2016-17,2017-02-26,Go Ahead Eagles,Vitesse,1,3,A,0,1,A,,source_reported_FT,Go Ahead Eagles,Vitesse
footballcsv/cache.footballdata,https://raw.githubusercontent.com/footballcsv/cache.footballdata/f43a2aa0c65fb061c87e9541e7a567dd58ff933a/2016-17/nl.1.csv,f43a2aa0c65fb061c87e9541e7a567dd58ff933a,218,2026-09-04T07:11:17.072Z,Eredivisie,2016-17,2017-03-03,Heerenveen,Go Ahead Eagles,2,2,D,0,1,A,,source_reported_FT,Heerenveen,Go Ahead Eagles
footballcsv/cache.footballdata,https://raw.githubusercontent.com/footballcsv/cache.footballdata/f43a2aa0c65fb061c87e9541e7a567dd58ff933a/2016-17/nl.1.csv,f43a2aa0c65fb061c87e9541e7a567dd58ff933a,219,2026-09-04T07:11:17.072Z,Eredivisie,2016-17,2017-03-04,PSV Eindhoven,Roda,4,0,H,2,0,H,,source_reported_FT,PSV Eindhoven,Roda
footballcsv/cache.footballdata,https://raw.githubusercontent.com/footballcsv/cache.footballdata/f43a2aa0c65fb061c87e9541e7a567dd58ff933a/2016-17/nl.1.csv,f43a2aa0c65fb061c87e9541e7a567dd58ff933a,220,2026-09-04T07:11:17.072Z,Eredivisie,2016-17,2017-03-04,Twente,Willem II,2,1,H,2,0,H,,source_reported_FT,Twente,Willem II
footballcsv/cache.footballdata,https://raw.githubusercontent.com/footballcsv/cache.footballdata/f43a2aa0c65fb061c87e9541e7a567dd58ff933a/2016-17/nl.1.csv,f43a2aa0c65fb061c87e9541e7a567dd58ff933a,221,2026-09-04T07:11:17.072Z,Eredivisie,2016-17,2017-03-04,Zwolle,Vitesse,3,1,H,2,0,H,,source_reported_FT,Zwolle,Vitesse
footballcsv/cache.footballdata,https://raw.githubusercontent.com/footballcsv/cache.footballdata/f43a2aa0c65fb061c87e9541e7a567dd58ff933a/2016-17/nl.1.csv,f43a2aa0c65fb061c87e9541e7a567dd58ff933a,222,2026-09-04T07:11:17.072Z,Eredivisie,2016-17,2017-03-05,AZ Alkmaar,Excelsior,1,1,D,1,0,H,,source_reported_FT,AZ Alkmaar,Excelsior
footballcsv/cache.footballdata,https://raw.githubusercontent.com/footballcsv/cache.footballdata/f43a2aa0c65fb061c87e9541e7a567dd58ff933a/2016-17/nl.1.csv,f43a2aa0c65fb061c87e9541e7a567dd58ff933a,223,2026-09-04T07:11:17.072Z,Eredivisie,2016-17,2017-03-05,Groningen,Ajax,1,1,D,0,0,D,,source_reported_FT,Groningen,Ajax
footballcsv/cache.footballdata,https://raw.githubusercontent.com/footballcsv/cache.footballdata/f43a2aa0c65fb061c87e9541e7a567dd58ff933a/2016-17/nl.1.csv,f43a2aa0c65fb061c87e9541e7a567dd58ff933a,224,2026-09-04T07:11:17.072Z,Eredivisie,2016-17,2017-03-05,Nijmegen,Heracles,3,1,H,2,1,H,,source_reported_FT,Nijmegen,Heracles
footballcsv/cache.footballdata,https://raw.githubusercontent.com/footballcsv/cache.footballdata/f43a2aa0c65fb061c87e9541e7a567dd58ff933a/2016-17/nl.1.csv,f43a2aa0c65fb061c87e9541e7a567dd58ff933a,225,2026-09-04T07:11:17.072Z,Eredivisie,2016-17,2017-03-05,Sparta Rotterdam,Feyenoord,1,0,H,1,0,H,,source_reported_FT,Sparta Rotterdam,Feyenoord
footballcsv/cache.footballdata,https://raw.githubusercontent.com/footballcsv/cache.footballdata/f43a2aa0c65fb061c87e9541e7a567dd58ff933a/2016-17/nl.1.csv,f43a2aa0c65fb061c87e9541e7a567dd58ff933a,226,2026-09-04T07:11:17.072Z,Eredivisie,2016-17,2017-03-05,Utrecht,Den Haag,1,1,D,1,1,D,,source_reported_FT,Utrecht,Den Haag
footballcsv/cache.footballdata,https://raw.githubusercontent.com/footballcsv/cache.footballdata/f43a2aa0c65fb061c87e9541e7a567dd58ff933a/2016-17/nl.1.csv,f43a2aa0c65fb061c87e9541e7a567dd58ff933a,227,2026-09-04T07:11:17.072Z,Eredivisie,2016-17,2017-03-10,Vitesse,Sparta Rotterdam,5,0,H,4,0,H,,source_reported_FT,Vitesse,Sparta Rotterdam
footballcsv/cache.footballdata,https://raw.githubusercontent.com/footballcsv/cache.footballdata/f43a2aa0c65fb061c87e9541e7a567dd58ff933a/2016-17/nl.1.csv,f43a2aa0c65fb061c87e9541e7a567dd58ff933a,228,2026-09-04T07:11:17.072Z,Eredivisie,2016-17,2017-03-11,Den Haag,Nijmegen,1,0,H,0,0,D,,source_reported_FT,Den Haag,Nijmegen
footballcsv/cache.footballdata,https://raw.githubusercontent.com/footballcsv/cache.footballdata/f43a2aa0c65fb061c87e9541e7a567dd58ff933a/2016-17/nl.1.csv,f43a2aa0c65fb061c87e9541e7a567dd58ff933a,229,2026-09-04T07:11:17.072Z,Eredivisie,2016-17,2017-03-11,Excelsior,Heerenveen,4,1,H,2,0,H,,source_reported_FT,Excelsior,Heerenveen
footballcsv/cache.footballdata,https://raw.githubusercontent.com/footballcsv/cache.footballdata/f43a2aa0c65fb061c87e9541e7a567dd58ff933a/2016-17/nl.1.csv,f43a2aa0c65fb061c87e9541e7a567dd58ff933a,230,2026-09-04T07:11:17.072Z,Eredivisie,2016-17,2017-03-11,Go Ahead Eagles,PSV Eindhoven,1,3,A,0,1,A,,source_reported_FT,Go Ahead Eagles,PSV Eindhoven
footballcsv/cache.footballdata,https://raw.githubusercontent.com/footballcsv/cache.footballdata/f43a2aa0c65fb061c87e9541e7a567dd58ff933a/2016-17/nl.1.csv,f43a2aa0c65fb061c87e9541e7a567dd58ff933a,231,2026-09-04T07:11:17.072Z,Eredivisie,2016-17,2017-03-11,Heracles,Utrecht,2,1,H,0,1,A,,source_reported_FT,Heracles,Utrecht
footballcsv/cache.footballdata,https://raw.githubusercontent.com/footballcsv/cache.footballdata/f43a2aa0c65fb061c87e9541e7a567dd58ff933a/2016-17/nl.1.csv,f43a2aa0c65fb061c87e9541e7a567dd58ff933a,232,2026-09-04T07:11:17.072Z,Eredivisie,2016-17,2017-03-12,Ajax,Twente,3,0,H,0,0,D,,source_reported_FT,Ajax,Twente
footballcsv/cache.footballdata,https://raw.githubusercontent.com/footballcsv/cache.footballdata/f43a2aa0c65fb061c87e9541e7a567dd58ff933a/2016-17/nl.1.csv,f43a2aa0c65fb061c87e9541e7a567dd58ff933a,233,2026-09-04T07:11:17.072Z,Eredivisie,2016-17,2017-03-12,Feyenoord,AZ Alkmaar,5,2,H,2,0,H,,source_reported_FT,Feyenoord,AZ Alkmaar
footballcsv/cache.footballdata,https://raw.githubusercontent.com/footballcsv/cache.footballdata/f43a2aa0c65fb061c87e9541e7a567dd58ff933a/2016-17/nl.1.csv,f43a2aa0c65fb061c87e9541e7a567dd58ff933a,234,2026-09-04T07:11:17.072Z,Eredivisie,2016-17,2017-03-12,Roda,Groningen,3,1,H,1,0,H,,source_reported_FT,Roda,Groningen
footballcsv/cache.footballdata,https://raw.githubusercontent.com/footballcsv/cache.footballdata/f43a2aa0c65fb061c87e9541e7a567dd58ff933a/2016-17/nl.1.csv,f43a2aa0c65fb061c87e9541e7a567dd58ff933a,235,2026-09-04T07:11:17.072Z,Eredivisie,2016-17,2017-03-12,Willem II,Zwolle,2,0,H,1,0,H,,source_reported_FT,Willem II,Zwolle
footballcsv/cache.footballdata,https://raw.githubusercontent.com/footballcsv/cache.footballdata/f43a2aa0c65fb061c87e9541e7a567dd58ff933a/2016-17/nl.1.csv,f43a2aa0c65fb061c87e9541e7a567dd58ff933a,236,2026-09-04T07:11:17.072Z,Eredivisie,2016-17,2017-03-17,Roda,Twente,0,3,A,0,2,A,,source_reported_FT,Roda,Twente
footballcsv/cache.footballdata,https://raw.githubusercontent.com/footballcsv/cache.footballdata/f43a2aa0c65fb061c87e9541e7a567dd58ff933a/2016-17/nl.1.csv,f43a2aa0c65fb061c87e9541e7a567dd58ff933a,237,2026-09-04T07:11:17.072Z,Eredivisie,2016-17,2017-03-18,Groningen,Willem II,1,1,D,0,0,D,,source_reported_FT,Groningen,Willem II
footballcsv/cache.footballdata,https://raw.githubusercontent.com/footballcsv/cache.footballdata/f43a2aa0c65fb061c87e9541e7a567dd58ff933a/2016-17/nl.1.csv,f43a2aa0c65fb061c87e9541e7a567dd58ff933a,238,2026-09-04T07:11:17.072Z,Eredivisie,2016-17,2017-03-18,Nijmegen,Utrecht,0,3,A,0,2,A,,source_reported_FT,Nijmegen,Utrecht
footballcsv/cache.footballdata,https://raw.githubusercontent.com/footballcsv/cache.footballdata/f43a2aa0c65fb061c87e9541e7a567dd58ff933a/2016-17/nl.1.csv,f43a2aa0c65fb061c87e9541e7a567dd58ff933a,239,2026-09-04T07:11:17.072Z,Eredivisie,2016-17,2017-03-18,PSV Eindhoven,Vitesse,1,0,H,0,0,D,,source_reported_FT,PSV Eindhoven,Vitesse
footballcsv/cache.footballdata,https://raw.githubusercontent.com/footballcsv/cache.footballdata/f43a2aa0c65fb061c87e9541e7a567dd58ff933a/2016-17/nl.1.csv,f43a2aa0c65fb061c87e9541e7a567dd58ff933a,240,2026-09-04T07:11:17.072Z,Eredivisie,2016-17,2017-03-18,Sparta Rotterdam,Heracles,3,1,H,1,0,H,,source_reported_FT,Sparta Rotterdam,Heracles
footballcsv/cache.footballdata,https://raw.githubusercontent.com/footballcsv/cache.footballdata/f43a2aa0c65fb061c87e9541e7a567dd58ff933a/2016-17/nl.1.csv,f43a2aa0c65fb061c87e9541e7a567dd58ff933a,241,2026-09-04T07:11:17.072Z,Eredivisie,2016-17,2017-03-19,AZ Alkmaar,Den Haag,4,0,H,3,0,H,,source_reported_FT,AZ Alkmaar,Den Haag
footballcsv/cache.footballdata,https://raw.githubusercontent.com/footballcsv/cache.footballdata/f43a2aa0c65fb061c87e9541e7a567dd58ff933a/2016-17/nl.1.csv,f43a2aa0c65fb061c87e9541e7a567dd58ff933a,242,2026-09-04T07:11:17.072Z,Eredivisie,2016-17,2017-03-19,Excelsior,Ajax,1,1,D,1,1,D,,source_reported_FT,Excelsior,Ajax
footballcsv/cache.footballdata,https://raw.githubusercontent.com/footballcsv/cache.footballdata/f43a2aa0c65fb061c87e9541e7a567dd58ff933a/2016-17/nl.1.csv,f43a2aa0c65fb061c87e9541e7a567dd58ff933a,243,2026-09-04T07:11:17.072Z,Eredivisie,2016-17,2017-03-19,Go Ahead Eagles,Zwolle,1,3,A,1,1,D,,source_reported_FT,Go Ahead Eagles,Zwolle
footballcsv/cache.footballdata,https://raw.githubusercontent.com/footballcsv/cache.footballdata/f43a2aa0c65fb061c87e9541e7a567dd58ff933a/2016-17/nl.1.csv,f43a2aa0c65fb061c87e9541e7a567dd58ff933a,244,2026-09-04T07:11:17.072Z,Eredivisie,2016-17,2017-03-19,Heerenveen,Feyenoord,1,2,A,1,0,H,,source_reported_FT,Heerenveen,Feyenoord
footballcsv/cache.footballdata,https://raw.githubusercontent.com/footballcsv/cache.footballdata/f43a2aa0c65fb061c87e9541e7a567dd58ff933a/2016-17/nl.1.csv,f43a2aa0c65fb061c87e9541e7a567dd58ff933a,245,2026-09-04T07:11:17.072Z,Eredivisie,2016-17,2017-04-01,AZ Alkmaar,Groningen,0,0,D,0,0,D,,source_reported_FT,AZ Alkmaar,Groningen
footballcsv/cache.footballdata,https://raw.githubusercontent.com/footballcsv/cache.footballdata/f43a2aa0c65fb061c87e9541e7a567dd58ff933a/2016-17/nl.1.csv,f43a2aa0c65fb061c87e9541e7a567dd58ff933a,246,2026-09-04T07:11:17.072Z,Eredivisie,2016-17,2017-04-01,Heracles,Heerenveen,4,1,H,4,1,H,,source_reported_FT,Heracles,Heerenveen
footballcsv/cache.footballdata,https://raw.githubusercontent.com/footballcsv/cache.footballdata/f43a2aa0c65fb061c87e9541e7a567dd58ff933a/2016-17/nl.1.csv,f43a2aa0c65fb061c87e9541e7a567dd58ff933a,247,2026-09-04T07:11:17.072Z,Eredivisie,2016-17,2017-04-01,Sparta Rotterdam,PSV Eindhoven,0,2,A,0,2,A,,source_reported_FT,Sparta Rotterdam,PSV Eindhoven
footballcsv/cache.footballdata,https://raw.githubusercontent.com/footballcsv/cache.footballdata/f43a2aa0c65fb061c87e9541e7a567dd58ff933a/2016-17/nl.1.csv,f43a2aa0c65fb061c87e9541e7a567dd58ff933a,248,2026-09-04T07:11:17.072Z,Eredivisie,2016-17,2017-04-01,Utrecht,Willem II,2,0,H,1,0,H,,source_reported_FT,Utrecht,Willem II
footballcsv/cache.footballdata,https://raw.githubusercontent.com/footballcsv/cache.footballdata/f43a2aa0c65fb061c87e9541e7a567dd58ff933a/2016-17/nl.1.csv,f43a2aa0c65fb061c87e9541e7a567dd58ff933a,249,2026-09-04T07:11:17.072Z,Eredivisie,2016-17,2017-04-01,Zwolle,Excelsior,1,1,D,1,1,D,,source_reported_FT,Zwolle,Excelsior
footballcsv/cache.footballdata,https://raw.githubusercontent.com/footballcsv/cache.footballdata/f43a2aa0c65fb061c87e9541e7a567dd58ff933a/2016-17/nl.1.csv,f43a2aa0c65fb061c87e9541e7a567dd58ff933a,250,2026-09-04T07:11:17.072Z,Eredivisie,2016-17,2017-04-02,Ajax,Feyenoord,2,1,H,2,0,H,,source_reported_FT,Ajax,Feyenoord
footballcsv/cache.footballdata,https://raw.githubusercontent.com/footballcsv/cache.footballdata/f43a2aa0c65fb061c87e9541e7a567dd58ff933a/2016-17/nl.1.csv,f43a2aa0c65fb061c87e9541e7a567dd58ff933a,251,2026-09-04T07:11:17.072Z,Eredivisie,2016-17,2017-04-02,Den Haag,Roda,4,1,H,2,0,H,,source_reported_FT,Den Haag,Roda
footballcsv/cache.footballdata,https://raw.githubusercontent.com/footballcsv/cache.footballdata/f43a2aa0c65fb061c87e9541e7a567dd58ff933a/2016-17/nl.1.csv,f43a2aa0c65fb061c87e9541e7a567dd58ff933a,252,2026-09-04T07:11:17.072Z,Eredivisie,2016-17,2017-04-02,Twente,Go Ahead Eagles,1,2,A,1,0,H,,source_reported_FT,Twente,Go Ahead Eagles
footballcsv/cache.footballdata,https://raw.githubusercontent.com/footballcsv/cache.footballdata/f43a2aa0c65fb061c87e9541e7a567dd58ff933a/2016-17/nl.1.csv,f43a2aa0c65fb061c87e9541e7a567dd58ff933a,253,2026-09-04T07:11:17.072Z,Eredivisie,2016-17,2017-04-02,Vitesse,Nijmegen,2,1,H,0,0,D,,source_reported_FT,Vitesse,Nijmegen
footballcsv/cache.footballdata,https://raw.githubusercontent.com/footballcsv/cache.footballdata/f43a2aa0c65fb061c87e9541e7a567dd58ff933a/2016-17/nl.1.csv,f43a2aa0c65fb061c87e9541e7a567dd58ff933a,254,2026-09-04T07:11:17.072Z,Eredivisie,2016-17,2017-04-04,Excelsior,Utrecht,1,3,A,1,1,D,,source_reported_FT,Excelsior,Utrecht
footballcsv/cache.footballdata,https://raw.githubusercontent.com/footballcsv/cache.footballdata/f43a2aa0c65fb061c87e9541e7a567dd58ff933a/2016-17/nl.1.csv,f43a2aa0c65fb061c87e9541e7a567dd58ff933a,255,2026-09-04T07:11:17.072Z,Eredivisie,2016-17,2017-04-04,Heerenveen,Sparta Rotterdam,3,0,H,0,0,D,,source_reported_FT,Heerenveen,Sparta Rotterdam
footballcsv/cache.footballdata,https://raw.githubusercontent.com/footballcsv/cache.footballdata/f43a2aa0c65fb061c87e9541e7a567dd58ff933a/2016-17/nl.1.csv,f43a2aa0c65fb061c87e9541e7a567dd58ff933a,256,2026-09-04T07:11:17.072Z,Eredivisie,2016-17,2017-04-05,Ajax,AZ Alkmaar,4,1,H,1,0,H,,source_reported_FT,Ajax,AZ Alkmaar
footballcsv/cache.footballdata,https://raw.githubusercontent.com/footballcsv/cache.footballdata/f43a2aa0c65fb061c87e9541e7a567dd58ff933a/2016-17/nl.1.csv,f43a2aa0c65fb061c87e9541e7a567dd58ff933a,257,2026-09-04T07:11:17.072Z,Eredivisie,2016-17,2017-04-05,Feyenoord,Go Ahead Eagles,8,0,H,5,0,H,,source_reported_FT,Feyenoord,Go Ahead Eagles
footballcsv/cache.footballdata,https://raw.githubusercontent.com/footballcsv/cache.footballdata/f43a2aa0c65fb061c87e9541e7a567dd58ff933a/2016-17/nl.1.csv,f43a2aa0c65fb061c87e9541e7a567dd58ff933a,258,2026-09-04T07:11:17.072Z,Eredivisie,2016-17,2017-04-05,Groningen,Nijmegen,2,0,H,1,0,H,,source_reported_FT,Groningen,Nijmegen
footballcsv/cache.footballdata,https://raw.githubusercontent.com/footballcsv/cache.footballdata/f43a2aa0c65fb061c87e9541e7a567dd58ff933a/2016-17/nl.1.csv,f43a2aa0c65fb061c87e9541e7a567dd58ff933a,259,2026-09-04T07:11:17.072Z,Eredivisie,2016-17,2017-04-05,Heracles,Vitesse,0,1,A,0,1,A,,source_reported_FT,Heracles,Vitesse
footballcsv/cache.footballdata,https://raw.githubusercontent.com/footballcsv/cache.footballdata/f43a2aa0c65fb061c87e9541e7a567dd58ff933a/2016-17/nl.1.csv,f43a2aa0c65fb061c87e9541e7a567dd58ff933a,260,2026-09-04T07:11:17.072Z,Eredivisie,2016-17,2017-04-05,Willem II,Den Haag,1,2,A,1,2,A,,source_reported_FT,Willem II,Den Haag
footballcsv/cache.footballdata,https://raw.githubusercontent.com/footballcsv/cache.footballdata/f43a2aa0c65fb061c87e9541e7a567dd58ff933a/2016-17/nl.1.csv,f43a2aa0c65fb061c87e9541e7a567dd58ff933a,261,2026-09-04T07:11:17.072Z,Eredivisie,2016-17,2017-04-06,Roda,Zwolle,2,1,H,0,1,A,,source_reported_FT,Roda,Zwolle
footballcsv/cache.footballdata,https://raw.githubusercontent.com/footballcsv/cache.footballdata/f43a2aa0c65fb061c87e9541e7a567dd58ff933a/2016-17/nl.1.csv,f43a2aa0c65fb061c87e9541e7a567dd58ff933a,262,2026-09-04T07:11:17.072Z,Eredivisie,2016-17,2017-04-06,Twente,PSV Eindhoven,2,2,D,1,1,D,,source_reported_FT,Twente,PSV Eindhoven
footballcsv/cache.footballdata,https://raw.githubusercontent.com/footballcsv/cache.footballdata/f43a2aa0c65fb061c87e9541e7a567dd58ff933a/2016-17/nl.1.csv,f43a2aa0c65fb061c87e9541e7a567dd58ff933a,263,2026-09-04T07:11:17.072Z,Eredivisie,2016-17,2017-04-07,Sparta Rotterdam,Excelsior,2,3,A,1,2,A,,source_reported_FT,Sparta Rotterdam,Excelsior
footballcsv/cache.footballdata,https://raw.githubusercontent.com/footballcsv/cache.footballdata/f43a2aa0c65fb061c87e9541e7a567dd58ff933a/2016-17/nl.1.csv,f43a2aa0c65fb061c87e9541e7a567dd58ff933a,264,2026-09-04T07:11:17.072Z,Eredivisie,2016-17,2017-04-08,Den Haag,Groningen,4,3,H,3,0,H,,source_reported_FT,Den Haag,Groningen
footballcsv/cache.footballdata,https://raw.githubusercontent.com/footballcsv/cache.footballdata/f43a2aa0c65fb061c87e9541e7a567dd58ff933a/2016-17/nl.1.csv,f43a2aa0c65fb061c87e9541e7a567dd58ff933a,265,2026-09-04T07:11:17.072Z,Eredivisie,2016-17,2017-04-08,Go Ahead Eagles,Heracles,1,4,A,1,4,A,,source_reported_FT,Go Ahead Eagles,Heracles
footballcsv/cache.footballdata,https://raw.githubusercontent.com/footballcsv/cache.footballdata/f43a2aa0c65fb061c87e9541e7a567dd58ff933a/2016-17/nl.1.csv,f43a2aa0c65fb061c87e9541e7a567dd58ff933a,266,2026-09-04T07:11:17.072Z,Eredivisie,2016-17,2017-04-08,Nijmegen,Ajax,1,5,A,0,3,A,,source_reported_FT,Nijmegen,Ajax
footballcsv/cache.footballdata,https://raw.githubusercontent.com/footballcsv/cache.footballdata/f43a2aa0c65fb061c87e9541e7a567dd58ff933a/2016-17/nl.1.csv,f43a2aa0c65fb061c87e9541e7a567dd58ff933a,267,2026-09-04T07:11:17.072Z,Eredivisie,2016-17,2017-04-08,Vitesse,Heerenveen,4,2,H,2,1,H,,source_reported_FT,Vitesse,Heerenveen
footballcsv/cache.footballdata,https://raw.githubusercontent.com/footballcsv/cache.footballdata/f43a2aa0c65fb061c87e9541e7a567dd58ff933a/2016-17/nl.1.csv,f43a2aa0c65fb061c87e9541e7a567dd58ff933a,268,2026-09-04T07:11:17.072Z,Eredivisie,2016-17,2017-04-09,AZ Alkmaar,Roda,1,1,D,1,1,D,,source_reported_FT,AZ Alkmaar,Roda
footballcsv/cache.footballdata,https://raw.githubusercontent.com/footballcsv/cache.footballdata/f43a2aa0c65fb061c87e9541e7a567dd58ff933a/2016-17/nl.1.csv,f43a2aa0c65fb061c87e9541e7a567dd58ff933a,269,2026-09-04T07:11:17.072Z,Eredivisie,2016-17,2017-04-09,PSV Eindhoven,Willem II,5,0,H,1,0,H,,source_reported_FT,PSV Eindhoven,Willem II
footballcsv/cache.footballdata,https://raw.githubusercontent.com/footballcsv/cache.footballdata/f43a2aa0c65fb061c87e9541e7a567dd58ff933a/2016-17/nl.1.csv,f43a2aa0c65fb061c87e9541e7a567dd58ff933a,270,2026-09-04T07:11:17.072Z,Eredivisie,2016-17,2017-04-09,Utrecht,Twente,3,0,H,0,0,D,,source_reported_FT,Utrecht,Twente
footballcsv/cache.footballdata,https://raw.githubusercontent.com/footballcsv/cache.footballdata/f43a2aa0c65fb061c87e9541e7a567dd58ff933a/2016-17/nl.1.csv,f43a2aa0c65fb061c87e9541e7a567dd58ff933a,271,2026-09-04T07:11:17.072Z,Eredivisie,2016-17,2017-04-09,Zwolle,Feyenoord,2,2,D,2,1,H,,source_reported_FT,Zwolle,Feyenoord
footballcsv/cache.footballdata,https://raw.githubusercontent.com/footballcsv/cache.footballdata/f43a2aa0c65fb061c87e9541e7a567dd58ff933a/2016-17/nl.1.csv,f43a2aa0c65fb061c87e9541e7a567dd58ff933a,272,2026-09-04T07:11:17.072Z,Eredivisie,2016-17,2017-04-14,Heracles,AZ Alkmaar,1,2,A,0,0,D,,source_reported_FT,Heracles,AZ Alkmaar
footballcsv/cache.footballdata,https://raw.githubusercontent.com/footballcsv/cache.footballdata/f43a2aa0c65fb061c87e9541e7a567dd58ff933a/2016-17/nl.1.csv,f43a2aa0c65fb061c87e9541e7a567dd58ff933a,273,2026-09-04T07:11:17.072Z,Eredivisie,2016-17,2017-04-15,Den Haag,PSV Eindhoven,1,1,D,0,1,A,,source_reported_FT,Den Haag,PSV Eindhoven
footballcsv/cache.footballdata,https://raw.githubusercontent.com/footballcsv/cache.footballdata/f43a2aa0c65fb061c87e9541e7a567dd58ff933a/2016-17/nl.1.csv,f43a2aa0c65fb061c87e9541e7a567dd58ff933a,274,2026-09-04T07:11:17.072Z,Eredivisie,2016-17,2017-04-15,Excelsior,Vitesse,1,0,H,1,0,H,,source_reported_FT,Excelsior,Vitesse
footballcsv/cache.footballdata,https://raw.githubusercontent.com/footballcsv/cache.footballdata/f43a2aa0c65fb061c87e9541e7a567dd58ff933a/2016-17/nl.1.csv,f43a2aa0c65fb061c87e9541e7a567dd58ff933a,275,2026-09-04T07:11:17.072Z,Eredivisie,2016-17,2017-04-15,Roda,Sparta Rotterdam,3,1,H,1,0,H,,source_reported_FT,Roda,Sparta Rotterdam
footballcsv/cache.footballdata,https://raw.githubusercontent.com/footballcsv/cache.footballdata/f43a2aa0c65fb061c87e9541e7a567dd58ff933a/2016-17/nl.1.csv,f43a2aa0c65fb061c87e9541e7a567dd58ff933a,276,2026-09-04T07:11:17.072Z,Eredivisie,2016-17,2017-04-15,Twente,Nijmegen,3,0,H,1,0,H,,source_reported_FT,Twente,Nijmegen
footballcsv/cache.footballdata,https://raw.githubusercontent.com/footballcsv/cache.footballdata/f43a2aa0c65fb061c87e9541e7a567dd58ff933a/2016-17/nl.1.csv,f43a2aa0c65fb061c87e9541e7a567dd58ff933a,277,2026-09-04T07:11:17.072Z,Eredivisie,2016-17,2017-04-16,Ajax,Heerenveen,5,1,H,3,1,H,,source_reported_FT,Ajax,Heerenveen
footballcsv/cache.footballdata,https://raw.githubusercontent.com/footballcsv/cache.footballdata/f43a2aa0c65fb061c87e9541e7a567dd58ff933a/2016-17/nl.1.csv,f43a2aa0c65fb061c87e9541e7a567dd58ff933a,278,2026-09-04T07:11:17.072Z,Eredivisie,2016-17,2017-04-16,Feyenoord,Utrecht,2,0,H,0,0,D,,source_reported_FT,Feyenoord,Utrecht
footballcsv/cache.footballdata,https://raw.githubusercontent.com/footballcsv/cache.footballdata/f43a2aa0c65fb061c87e9541e7a567dd58ff933a/2016-17/nl.1.csv,f43a2aa0c65fb061c87e9541e7a567dd58ff933a,279,2026-09-04T07:11:17.072Z,Eredivisie,2016-17,2017-04-16,Groningen,Zwolle,5,1,H,3,0,H,,source_reported_FT,Groningen,Zwolle
footballcsv/cache.footballdata,https://raw.githubusercontent.com/footballcsv/cache.footballdata/f43a2aa0c65fb061c87e9541e7a567dd58ff933a/2016-17/nl.1.csv,f43a2aa0c65fb061c87e9541e7a567dd58ff933a,280,2026-09-04T07:11:17.072Z,Eredivisie,2016-17,2017-04-16,Willem II,Go Ahead Eagles,2,0,H,0,0,D,,source_reported_FT,Willem II,Go Ahead Eagles
footballcsv/cache.footballdata,https://raw.githubusercontent.com/footballcsv/cache.footballdata/f43a2aa0c65fb061c87e9541e7a567dd58ff933a/2016-17/nl.1.csv,f43a2aa0c65fb061c87e9541e7a567dd58ff933a,281,2026-09-04T07:11:17.072Z,Eredivisie,2016-17,2017-04-21,Heerenveen,Willem II,1,0,H,1,0,H,,source_reported_FT,Heerenveen,Willem II
footballcsv/cache.footballdata,https://raw.githubusercontent.com/footballcsv/cache.footballdata/f43a2aa0c65fb061c87e9541e7a567dd58ff933a/2016-17/nl.1.csv,f43a2aa0c65fb061c87e9541e7a567dd58ff933a,282,2026-09-04T07:11:17.072Z,Eredivisie,2016-17,2017-04-22,AZ Alkmaar,Twente,2,1,H,0,0,D,,source_reported_FT,AZ Alkmaar,Twente
footballcsv/cache.footballdata,https://raw.githubusercontent.com/footballcsv/cache.footballdata/f43a2aa0c65fb061c87e9541e7a567dd58ff933a/2016-17/nl.1.csv,f43a2aa0c65fb061c87e9541e7a567dd58ff933a,283,2026-09-04T07:11:17.072Z,Eredivisie,2016-17,2017-04-22,Go Ahead Eagles,Groningen,2,3,A,0,1,A,,source_reported_FT,Go Ahead Eagles,Groningen
footballcsv/cache.footballdata,https://raw.githubusercontent.com/footballcsv/cache.footballdata/f43a2aa0c65fb061c87e9541e7a567dd58ff933a/2016-17/nl.1.csv,f43a2aa0c65fb061c87e9541e7a567dd58ff933a,284,2026-09-04T07:11:17.072Z,Eredivisie,2016-17,2017-04-22,Nijmegen,Excelsior,0,1,A,0,0,D,,source_reported_FT,Nijmegen,Excelsior
footballcsv/cache.footballdata,https://raw.githubusercontent.com/footballcsv/cache.footballdata/f43a2aa0c65fb061c87e9541e7a567dd58ff933a/2016-17/nl.1.csv,f43a2aa0c65fb061c87e9541e7a567dd58ff933a,285,2026-09-04T07:11:17.072Z,Eredivisie,2016-17,2017-04-22,Zwolle,Heracles,1,2,A,0,0,D,,source_reported_FT,Zwolle,Heracles
footballcsv/cache.footballdata,https://raw.githubusercontent.com/footballcsv/cache.footballdata/f43a2aa0c65fb061c87e9541e7a567dd58ff933a/2016-17/nl.1.csv,f43a2aa0c65fb061c87e9541e7a567dd58ff933a,286,2026-09-04T07:11:17.072Z,Eredivisie,2016-17,2017-04-23,PSV Eindhoven,Ajax,1,0,H,1,0,H,,source_reported_FT,PSV Eindhoven,Ajax
footballcsv/cache.footballdata,https://raw.githubusercontent.com/footballcsv/cache.footballdata/f43a2aa0c65fb061c87e9541e7a567dd58ff933a/2016-17/nl.1.csv,f43a2aa0c65fb061c87e9541e7a567dd58ff933a,287,2026-09-04T07:11:17.072Z,Eredivisie,2016-17,2017-04-23,Sparta Rotterdam,Den Haag,0,1,A,0,1,A,,source_reported_FT,Sparta Rotterdam,Den Haag
footballcsv/cache.footballdata,https://raw.githubusercontent.com/footballcsv/cache.footballdata/f43a2aa0c65fb061c87e9541e7a567dd58ff933a/2016-17/nl.1.csv,f43a2aa0c65fb061c87e9541e7a567dd58ff933a,288,2026-09-04T07:11:17.072Z,Eredivisie,2016-17,2017-04-23,Utrecht,Roda,1,0,H,0,0,D,,source_reported_FT,Utrecht,Roda
footballcsv/cache.footballdata,https://raw.githubusercontent.com/footballcsv/cache.footballdata/f43a2aa0c65fb061c87e9541e7a567dd58ff933a/2016-17/nl.1.csv,f43a2aa0c65fb061c87e9541e7a567dd58ff933a,289,2026-09-04T07:11:17.072Z,Eredivisie,2016-17,2017-04-23,Vitesse,Feyenoord,0,2,A,0,2,A,,source_reported_FT,Vitesse,Feyenoord
footballcsv/cache.footballdata,https://raw.githubusercontent.com/footballcsv/cache.footballdata/f43a2aa0c65fb061c87e9541e7a567dd58ff933a/2016-17/nl.1.csv,f43a2aa0c65fb061c87e9541e7a567dd58ff933a,290,2026-09-04T07:11:17.072Z,Eredivisie,2016-17,2017-05-07,Ajax,Go Ahead Eagles,4,0,H,2,0,H,,source_reported_FT,Ajax,Go Ahead Eagles
footballcsv/cache.footballdata,https://raw.githubusercontent.com/footballcsv/cache.footballdata/f43a2aa0c65fb061c87e9541e7a567dd58ff933a/2016-17/nl.1.csv,f43a2aa0c65fb061c87e9541e7a567dd58ff933a,291,2026-09-04T07:11:17.072Z,Eredivisie,2016-17,2017-05-07,Excelsior,Feyenoord,3,0,H,0,0,D,,source_reported_FT,Excelsior,Feyenoord
footballcsv/cache.footballdata,https://raw.githubusercontent.com/footballcsv/cache.footballdata/f43a2aa0c65fb061c87e9541e7a567dd58ff933a/2016-17/nl.1.csv,f43a2aa0c65fb061c87e9541e7a567dd58ff933a,292,2026-09-04T07:11:17.072Z,Eredivisie,2016-17,2017-05-07,Groningen,PSV Eindhoven,1,1,D,1,0,H,,source_reported_FT,Groningen,PSV Eindhoven
footballcsv/cache.footballdata,https://raw.githubusercontent.com/footballcsv/cache.footballdata/f43a2aa0c65fb061c87e9541e7a567dd58ff933a/2016-17/nl.1.csv,f43a2aa0c65fb061c87e9541e7a567dd58ff933a,293,2026-09-04T07:11:17.072Z,Eredivisie,2016-17,2017-05-07,Heracles,Den Haag,4,0,H,2,0,H,,source_reported_FT,Heracles,Den Haag
footballcsv/cache.footballdata,https://raw.githubusercontent.com/footballcsv/cache.footballdata/f43a2aa0c65fb061c87e9541e7a567dd58ff933a/2016-17/nl.1.csv,f43a2aa0c65fb061c87e9541e7a567dd58ff933a,294,2026-09-04T07:11:17.072Z,Eredivisie,2016-17,2017-05-07,Nijmegen,AZ Alkmaar,2,1,H,1,1,D,,source_reported_FT,Nijmegen,AZ Alkmaar
footballcsv/cache.footballdata,https://raw.githubusercontent.com/footballcsv/cache.footballdata/f43a2aa0c65fb061c87e9541e7a567dd58ff933a/2016-17/nl.1.csv,f43a2aa0c65fb061c87e9541e7a567dd58ff933a,295,2026-09-04T07:11:17.072Z,Eredivisie,2016-17,2017-05-07,Roda,Willem II,1,0,H,0,0,D,,source_reported_FT,Roda,Willem II
footballcsv/cache.footballdata,https://raw.githubusercontent.com/footballcsv/cache.footballdata/f43a2aa0c65fb061c87e9541e7a567dd58ff933a/2016-17/nl.1.csv,f43a2aa0c65fb061c87e9541e7a567dd58ff933a,296,2026-09-04T07:11:17.072Z,Eredivisie,2016-17,2017-05-07,Sparta Rotterdam,Twente,1,0,H,0,0,D,,source_reported_FT,Sparta Rotterdam,Twente
footballcsv/cache.footballdata,https://raw.githubusercontent.com/footballcsv/cache.footballdata/f43a2aa0c65fb061c87e9541e7a567dd58ff933a/2016-17/nl.1.csv,f43a2aa0c65fb061c87e9541e7a567dd58ff933a,297,2026-09-04T07:11:17.072Z,Eredivisie,2016-17,2017-05-07,Utrecht,Vitesse,1,0,H,0,0,D,,source_reported_FT,Utrecht,Vitesse
footballcsv/cache.footballdata,https://raw.githubusercontent.com/footballcsv/cache.footballdata/f43a2aa0c65fb061c87e9541e7a567dd58ff933a/2016-17/nl.1.csv,f43a2aa0c65fb061c87e9541e7a567dd58ff933a,298,2026-09-04T07:11:17.072Z,Eredivisie,2016-17,2017-05-07,Zwolle,Heerenveen,2,1,H,1,0,H,,source_reported_FT,Zwolle,Heerenveen
footballcsv/cache.footballdata,https://raw.githubusercontent.com/footballcsv/cache.footballdata/f43a2aa0c65fb061c87e9541e7a567dd58ff933a/2016-17/nl.1.csv,f43a2aa0c65fb061c87e9541e7a567dd58ff933a,299,2026-09-04T07:11:17.072Z,Eredivisie,2016-17,2017-05-14,AZ Alkmaar,Utrecht,2,3,A,0,2,A,,source_reported_FT,AZ Alkmaar,Utrecht
footballcsv/cache.footballdata,https://raw.githubusercontent.com/footballcsv/cache.footballdata/f43a2aa0c65fb061c87e9541e7a567dd58ff933a/2016-17/nl.1.csv,f43a2aa0c65fb061c87e9541e7a567dd58ff933a,300,2026-09-04T07:11:17.072Z,Eredivisie,2016-17,2017-05-14,Den Haag,Excelsior,4,1,H,3,1,H,,source_reported_FT,Den Haag,Excelsior
footballcsv/cache.footballdata,https://raw.githubusercontent.com/footballcsv/cache.footballdata/f43a2aa0c65fb061c87e9541e7a567dd58ff933a/2016-17/nl.1.csv,f43a2aa0c65fb061c87e9541e7a567dd58ff933a,301,2026-09-04T07:11:17.072Z,Eredivisie,2016-17,2017-05-14,Feyenoord,Heracles,3,1,H,2,0,H,,source_reported_FT,Feyenoord,Heracles
footballcsv/cache.footballdata,https://raw.githubusercontent.com/footballcsv/cache.footballdata/f43a2aa0c65fb061c87e9541e7a567dd58ff933a/2016-17/nl.1.csv,f43a2aa0c65fb061c87e9541e7a567dd58ff933a,302,2026-09-04T07:11:17.072Z,Eredivisie,2016-17,2017-05-14,Go Ahead Eagles,Sparta Rotterdam,1,3,A,0,0,D,,source_reported_FT,Go Ahead Eagles,Sparta Rotterdam
footballcsv/cache.footballdata,https://raw.githubusercontent.com/footballcsv/cache.footballdata/f43a2aa0c65fb061c87e9541e7a567dd58ff933a/2016-17/nl.1.csv,f43a2aa0c65fb061c87e9541e7a567dd58ff933a,303,2026-09-04T07:11:17.072Z,Eredivisie,2016-17,2017-05-14,Heerenveen,Nijmegen,0,2,A,0,1,A,,source_reported_FT,Heerenveen,Nijmegen
footballcsv/cache.footballdata,https://raw.githubusercontent.com/footballcsv/cache.footballdata/f43a2aa0c65fb061c87e9541e7a567dd58ff933a/2016-17/nl.1.csv,f43a2aa0c65fb061c87e9541e7a567dd58ff933a,304,2026-09-04T07:11:17.072Z,Eredivisie,2016-17,2017-05-14,PSV Eindhoven,Zwolle,4,1,H,0,1,A,,source_reported_FT,PSV Eindhoven,Zwolle
footballcsv/cache.footballdata,https://raw.githubusercontent.com/footballcsv/cache.footballdata/f43a2aa0c65fb061c87e9541e7a567dd58ff933a/2016-17/nl.1.csv,f43a2aa0c65fb061c87e9541e7a567dd58ff933a,305,2026-09-04T07:11:17.072Z,Eredivisie,2016-17,2017-05-14,Twente,Groningen,3,5,A,1,4,A,,source_reported_FT,Twente,Groningen
footballcsv/cache.footballdata,https://raw.githubusercontent.com/footballcsv/cache.footballdata/f43a2aa0c65fb061c87e9541e7a567dd58ff933a/2016-17/nl.1.csv,f43a2aa0c65fb061c87e9541e7a567dd58ff933a,306,2026-09-04T07:11:17.072Z,Eredivisie,2016-17,2017-05-14,Vitesse,Roda,3,0,H,1,0,H,,source_reported_FT,Vitesse,Roda
footballcsv/cache.footballdata,https://raw.githubusercontent.com/footballcsv/cache.footballdata/f43a2aa0c65fb061c87e9541e7a567dd58ff933a/2016-17/nl.1.csv,f43a2aa0c65fb061c87e9541e7a567dd58ff933a,307,2026-09-04T07:11:17.072Z,Eredivisie,2016-17,2017-05-14,Willem II,Ajax,1,3,A,0,1,A,,source_reported_FT,Willem II,Ajax
footballcsv/cache.footballdata,https://raw.githubusercontent.com/footballcsv/cache.footballdata/f43a2aa0c65fb061c87e9541e7a567dd58ff933a/2017-18/nl.1.csv,f43a2aa0c65fb061c87e9541e7a567dd58ff933a,2,2026-09-04T07:11:21.740Z,Eredivisie,2017-18,2017-08-11,Den Haag,Utrecht,0,3,A,0,1,A,,source_reported_FT,Den Haag,Utrecht
footballcsv/cache.footballdata,https://raw.githubusercontent.com/footballcsv/cache.footballdata/f43a2aa0c65fb061c87e9541e7a567dd58ff933a/2017-18/nl.1.csv,f43a2aa0c65fb061c87e9541e7a567dd58ff933a,3,2026-09-04T07:11:21.740Z,Eredivisie,2017-18,2017-08-12,Heracles,Ajax,2,1,H,0,0,D,,source_reported_FT,Heracles,Ajax
footballcsv/cache.footballdata,https://raw.githubusercontent.com/footballcsv/cache.footballdata/f43a2aa0c65fb061c87e9541e7a567dd58ff933a/2017-18/nl.1.csv,f43a2aa0c65fb061c87e9541e7a567dd58ff933a,4,2026-09-04T07:11:21.740Z,Eredivisie,2017-18,2017-08-12,PSV Eindhoven,AZ Alkmaar,3,2,H,1,1,D,,source_reported_FT,PSV Eindhoven,AZ Alkmaar
footballcsv/cache.footballdata,https://raw.githubusercontent.com/footballcsv/cache.footballdata/f43a2aa0c65fb061c87e9541e7a567dd58ff933a/2017-18/nl.1.csv,f43a2aa0c65fb061c87e9541e7a567dd58ff933a,6,2026-09-04T07:11:21.740Z,Eredivisie,2017-18,2017-08-12,VVV Venlo,Sparta Rotterdam,3,0,H,1,0,H,,source_reported_FT,VVV Venlo,Sparta Rotterdam
footballcsv/cache.footballdata,https://raw.githubusercontent.com/footballcsv/cache.footballdata/f43a2aa0c65fb061c87e9541e7a567dd58ff933a/2017-18/nl.1.csv,f43a2aa0c65fb061c87e9541e7a567dd58ff933a,5,2026-09-04T07:11:21.740Z,Eredivisie,2017-18,2017-08-12,Vitesse,NAC Breda,4,1,H,3,0,H,,source_reported_FT,Vitesse,NAC Breda
footballcsv/cache.footballdata,https://raw.githubusercontent.com/footballcsv/cache.footballdata/f43a2aa0c65fb061c87e9541e7a567dd58ff933a/2017-18/nl.1.csv,f43a2aa0c65fb061c87e9541e7a567dd58ff933a,7,2026-09-04T07:11:21.740Z,Eredivisie,2017-18,2017-08-13,Feyenoord,Twente,2,1,H,1,1,D,,source_reported_FT,Feyenoord,Twente
footballcsv/cache.footballdata,https://raw.githubusercontent.com/footballcsv/cache.footballdata/f43a2aa0c65fb061c87e9541e7a567dd58ff933a/2017-18/nl.1.csv,f43a2aa0c65fb061c87e9541e7a567dd58ff933a,8,2026-09-04T07:11:21.740Z,Eredivisie,2017-18,2017-08-13,Groningen,Heerenveen,3,3,D,0,2,A,,source_reported_FT,Groningen,Heerenveen
footballcsv/cache.footballdata,https://raw.githubusercontent.com/footballcsv/cache.footballdata/f43a2aa0c65fb061c87e9541e7a567dd58ff933a/2017-18/nl.1.csv,f43a2aa0c65fb061c87e9541e7a567dd58ff933a,9,2026-09-04T07:11:21.740Z,Eredivisie,2017-18,2017-08-13,Willem II,Excelsior,1,2,A,0,1,A,,source_reported_FT,Willem II,Excelsior
footballcsv/cache.footballdata,https://raw.githubusercontent.com/footballcsv/cache.footballdata/f43a2aa0c65fb061c87e9541e7a567dd58ff933a/2017-18/nl.1.csv,f43a2aa0c65fb061c87e9541e7a567dd58ff933a,10,2026-09-04T07:11:21.740Z,Eredivisie,2017-18,2017-08-13,Zwolle,Roda,4,2,H,1,1,D,,source_reported_FT,Zwolle,Roda
footballcsv/cache.footballdata,https://raw.githubusercontent.com/footballcsv/cache.footballdata/f43a2aa0c65fb061c87e9541e7a567dd58ff933a/2017-18/nl.1.csv,f43a2aa0c65fb061c87e9541e7a567dd58ff933a,11,2026-09-04T07:11:21.740Z,Eredivisie,2017-18,2017-08-18,Roda,Vitesse,1,3,A,0,1,A,,source_reported_FT,Roda,Vitesse
footballcsv/cache.footballdata,https://raw.githubusercontent.com/footballcsv/cache.footballdata/f43a2aa0c65fb061c87e9541e7a567dd58ff933a/2017-18/nl.1.csv,f43a2aa0c65fb061c87e9541e7a567dd58ff933a,12,2026-09-04T07:11:21.740Z,Eredivisie,2017-18,2017-08-19,AZ Alkmaar,Den Haag,2,0,H,1,0,H,,source_reported_FT,AZ Alkmaar,Den Haag
footballcsv/cache.footballdata,https://raw.githubusercontent.com/footballcsv/cache.footballdata/f43a2aa0c65fb061c87e9541e7a567dd58ff933a/2017-18/nl.1.csv,f43a2aa0c65fb061c87e9541e7a567dd58ff933a,13,2026-09-04T07:11:21.740Z,Eredivisie,2017-18,2017-08-19,Heerenveen,Heracles,1,1,D,0,1,A,,source_reported_FT,Heerenveen,Heracles
footballcsv/cache.footballdata,https://raw.githubusercontent.com/footballcsv/cache.footballdata/f43a2aa0c65fb061c87e9541e7a567dd58ff933a/2017-18/nl.1.csv,f43a2aa0c65fb061c87e9541e7a567dd58ff933a,14,2026-09-04T07:11:21.740Z,Eredivisie,2017-18,2017-08-19,Twente,VVV Venlo,1,2,A,0,2,A,,source_reported_FT,Twente,VVV Venlo
footballcsv/cache.footballdata,https://raw.githubusercontent.com/footballcsv/cache.footballdata/f43a2aa0c65fb061c87e9541e7a567dd58ff933a/2017-18/nl.1.csv,f43a2aa0c65fb061c87e9541e7a567dd58ff933a,15,2026-09-04T07:11:21.740Z,Eredivisie,2017-18,2017-08-20,Ajax,Groningen,3,1,H,1,0,H,,source_reported_FT,Ajax,Groningen
footballcsv/cache.footballdata,https://raw.githubusercontent.com/footballcsv/cache.footballdata/f43a2aa0c65fb061c87e9541e7a567dd58ff933a/2017-18/nl.1.csv,f43a2aa0c65fb061c87e9541e7a567dd58ff933a,16,2026-09-04T07:11:21.740Z,Eredivisie,2017-18,2017-08-20,Excelsior,Feyenoord,0,1,A,0,1,A,,source_reported_FT,Excelsior,Feyenoord
footballcsv/cache.footballdata,https://raw.githubusercontent.com/footballcsv/cache.footballdata/f43a2aa0c65fb061c87e9541e7a567dd58ff933a/2017-18/nl.1.csv,f43a2aa0c65fb061c87e9541e7a567dd58ff933a,17,2026-09-04T07:11:21.740Z,Eredivisie,2017-18,2017-08-20,NAC Breda,PSV Eindhoven,1,4,A,1,1,D,,source_reported_FT,NAC Breda,PSV Eindhoven
footballcsv/cache.footballdata,https://raw.githubusercontent.com/footballcsv/cache.footballdata/f43a2aa0c65fb061c87e9541e7a567dd58ff933a/2017-18/nl.1.csv,f43a2aa0c65fb061c87e9541e7a567dd58ff933a,18,2026-09-04T07:11:21.740Z,Eredivisie,2017-18,2017-08-20,Sparta Rotterdam,Zwolle,1,1,D,1,1,D,,source_reported_FT,Sparta Rotterdam,Zwolle
footballcsv/cache.footballdata,https://raw.githubusercontent.com/footballcsv/cache.footballdata/f43a2aa0c65fb061c87e9541e7a567dd58ff933a/2017-18/nl.1.csv,f43a2aa0c65fb061c87e9541e7a567dd58ff933a,19,2026-09-04T07:11:21.740Z,Eredivisie,2017-18,2017-08-20,Utrecht,Willem II,2,0,H,2,0,H,,source_reported_FT,Utrecht,Willem II
footballcsv/cache.footballdata,https://raw.githubusercontent.com/footballcsv/cache.footballdata/f43a2aa0c65fb061c87e9541e7a567dd58ff933a/2017-18/nl.1.csv,f43a2aa0c65fb061c87e9541e7a567dd58ff933a,20,2026-09-04T07:11:21.740Z,Eredivisie,2017-18,2017-08-25,NAC Breda,Sparta Rotterdam,2,2,D,1,0,H,,source_reported_FT,NAC Breda,Sparta Rotterdam
footballcsv/cache.footballdata,https://raw.githubusercontent.com/footballcsv/cache.footballdata/f43a2aa0c65fb061c87e9541e7a567dd58ff933a/2017-18/nl.1.csv,f43a2aa0c65fb061c87e9541e7a567dd58ff933a,21,2026-09-04T07:11:21.740Z,Eredivisie,2017-18,2017-08-26,Den Haag,Heerenveen,1,2,A,0,0,D,,source_reported_FT,Den Haag,Heerenveen
footballcsv/cache.footballdata,https://raw.githubusercontent.com/footballcsv/cache.footballdata/f43a2aa0c65fb061c87e9541e7a567dd58ff933a/2017-18/nl.1.csv,f43a2aa0c65fb061c87e9541e7a567dd58ff933a,22,2026-09-04T07:11:21.740Z,Eredivisie,2017-18,2017-08-26,Heracles,Excelsior,2,2,D,1,1,D,,source_reported_FT,Heracles,Excelsior
footballcsv/cache.footballdata,https://raw.githubusercontent.com/footballcsv/cache.footballdata/f43a2aa0c65fb061c87e9541e7a567dd58ff933a/2017-18/nl.1.csv,f43a2aa0c65fb061c87e9541e7a567dd58ff933a,23,2026-09-04T07:11:21.740Z,Eredivisie,2017-18,2017-08-26,Vitesse,AZ Alkmaar,1,2,A,0,1,A,,source_reported_FT,Vitesse,AZ Alkmaar
footballcsv/cache.footballdata,https://raw.githubusercontent.com/footballcsv/cache.footballdata/f43a2aa0c65fb061c87e9541e7a567dd58ff933a/2017-18/nl.1.csv,f43a2aa0c65fb061c87e9541e7a567dd58ff933a,24,2026-09-04T07:11:21.740Z,Eredivisie,2017-18,2017-08-26,Zwolle,Twente,2,0,H,1,0,H,,source_reported_FT,Zwolle,Twente
footballcsv/cache.footballdata,https://raw.githubusercontent.com/footballcsv/cache.footballdata/f43a2aa0c65fb061c87e9541e7a567dd58ff933a/2017-18/nl.1.csv,f43a2aa0c65fb061c87e9541e7a567dd58ff933a,25,2026-09-04T07:11:21.740Z,Eredivisie,2017-18,2017-08-27,Feyenoord,Willem II,5,0,H,4,0,H,,source_reported_FT,Feyenoord,Willem II
footballcsv/cache.footballdata,https://raw.githubusercontent.com/footballcsv/cache.footballdata/f43a2aa0c65fb061c87e9541e7a567dd58ff933a/2017-18/nl.1.csv,f43a2aa0c65fb061c87e9541e7a567dd58ff933a,26,2026-09-04T07:11:21.740Z,Eredivisie,2017-18,2017-08-27,Groningen,Utrecht,2,1,H,2,0,H,,source_reported_FT,Groningen,Utrecht
footballcsv/cache.footballdata,https://raw.githubusercontent.com/footballcsv/cache.footballdata/f43a2aa0c65fb061c87e9541e7a567dd58ff933a/2017-18/nl.1.csv,f43a2aa0c65fb061c87e9541e7a567dd58ff933a,27,2026-09-04T07:11:21.740Z,Eredivisie,2017-18,2017-08-27,PSV Eindhoven,Roda,2,0,H,2,0,H,,source_reported_FT,PSV Eindhoven,Roda
footballcsv/cache.footballdata,https://raw.githubusercontent.com/footballcsv/cache.footballdata/f43a2aa0c65fb061c87e9541e7a567dd58ff933a/2017-18/nl.1.csv,f43a2aa0c65fb061c87e9541e7a567dd58ff933a,28,2026-09-04T07:11:21.740Z,Eredivisie,2017-18,2017-08-27,VVV Venlo,Ajax,0,2,A,0,0,D,,source_reported_FT,VVV Venlo,Ajax
footballcsv/cache.footballdata,https://raw.githubusercontent.com/footballcsv/cache.footballdata/f43a2aa0c65fb061c87e9541e7a567dd58ff933a/2017-18/nl.1.csv,f43a2aa0c65fb061c87e9541e7a567dd58ff933a,29,2026-09-04T07:11:21.740Z,Eredivisie,2017-18,2017-09-09,Ajax,Zwolle,3,0,H,1,0,H,,source_reported_FT,Ajax,Zwolle
footballcsv/cache.footballdata,https://raw.githubusercontent.com/footballcsv/cache.footballdata/f43a2aa0c65fb061c87e9541e7a567dd58ff933a/2017-18/nl.1.csv,f43a2aa0c65fb061c87e9541e7a567dd58ff933a,30,2026-09-04T07:11:21.740Z,Eredivisie,2017-18,2017-09-09,Excelsior,Vitesse,0,3,A,0,1,A,,source_reported_FT,Excelsior,Vitesse
footballcsv/cache.footballdata,https://raw.githubusercontent.com/footballcsv/cache.footballdata/f43a2aa0c65fb061c87e9541e7a567dd58ff933a/2017-18/nl.1.csv,f43a2aa0c65fb061c87e9541e7a567dd58ff933a,31,2026-09-04T07:11:21.740Z,Eredivisie,2017-18,2017-09-09,Heracles,Feyenoord,2,4,A,0,3,A,,source_reported_FT,Heracles,Feyenoord
footballcsv/cache.footballdata,https://raw.githubusercontent.com/footballcsv/cache.footballdata/f43a2aa0c65fb061c87e9541e7a567dd58ff933a/2017-18/nl.1.csv,f43a2aa0c65fb061c87e9541e7a567dd58ff933a,32,2026-09-04T07:11:21.740Z,Eredivisie,2017-18,2017-09-09,Willem II,Den Haag,1,2,A,0,1,A,,source_reported_FT,Willem II,Den Haag
footballcsv/cache.footballdata,https://raw.githubusercontent.com/footballcsv/cache.footballdata/f43a2aa0c65fb061c87e9541e7a567dd58ff933a/2017-18/nl.1.csv,f43a2aa0c65fb061c87e9541e7a567dd58ff933a,33,2026-09-04T07:11:21.740Z,Eredivisie,2017-18,2017-09-10,AZ Alkmaar,NAC Breda,2,1,H,0,0,D,,source_reported_FT,AZ Alkmaar,NAC Breda
footballcsv/cache.footballdata,https://raw.githubusercontent.com/footballcsv/cache.footballdata/f43a2aa0c65fb061c87e9541e7a567dd58ff933a/2017-18/nl.1.csv,f43a2aa0c65fb061c87e9541e7a567dd58ff933a,34,2026-09-04T07:11:21.740Z,Eredivisie,2017-18,2017-09-10,Groningen,VVV Venlo,1,1,D,1,0,H,,source_reported_FT,Groningen,VVV Venlo
footballcsv/cache.footballdata,https://raw.githubusercontent.com/footballcsv/cache.footballdata/f43a2aa0c65fb061c87e9541e7a567dd58ff933a/2017-18/nl.1.csv,f43a2aa0c65fb061c87e9541e7a567dd58ff933a,35,2026-09-04T07:11:21.740Z,Eredivisie,2017-18,2017-09-10,Heerenveen,PSV Eindhoven,2,0,H,2,0,H,,source_reported_FT,Heerenveen,PSV Eindhoven
footballcsv/cache.footballdata,https://raw.githubusercontent.com/footballcsv/cache.footballdata/f43a2aa0c65fb061c87e9541e7a567dd58ff933a/2017-18/nl.1.csv,f43a2aa0c65fb061c87e9541e7a567dd58ff933a,36,2026-09-04T07:11:21.740Z,Eredivisie,2017-18,2017-09-10,Sparta Rotterdam,Twente,1,0,H,1,0,H,,source_reported_FT,Sparta Rotterdam,Twente
footballcsv/cache.footballdata,https://raw.githubusercontent.com/footballcsv/cache.footballdata/f43a2aa0c65fb061c87e9541e7a567dd58ff933a/2017-18/nl.1.csv,f43a2aa0c65fb061c87e9541e7a567dd58ff933a,37,2026-09-04T07:11:21.740Z,Eredivisie,2017-18,2017-09-10,Utrecht,Roda,2,0,H,1,0,H,,source_reported_FT,Utrecht,Roda
footballcsv/cache.footballdata,https://raw.githubusercontent.com/footballcsv/cache.footballdata/f43a2aa0c65fb061c87e9541e7a567dd58ff933a/2017-18/nl.1.csv,f43a2aa0c65fb061c87e9541e7a567dd58ff933a,38,2026-09-04T07:11:21.740Z,Eredivisie,2017-18,2017-09-15,Sparta Rotterdam,AZ Alkmaar,0,2,A,0,1,A,,source_reported_FT,Sparta Rotterdam,AZ Alkmaar
footballcsv/cache.footballdata,https://raw.githubusercontent.com/footballcsv/cache.footballdata/f43a2aa0c65fb061c87e9541e7a567dd58ff933a/2017-18/nl.1.csv,f43a2aa0c65fb061c87e9541e7a567dd58ff933a,39,2026-09-04T07:11:21.740Z,Eredivisie,2017-18,2017-09-16,Excelsior,Heerenveen,1,2,A,1,0,H,,source_reported_FT,Excelsior,Heerenveen
footballcsv/cache.footballdata,https://raw.githubusercontent.com/footballcsv/cache.footballdata/f43a2aa0c65fb061c87e9541e7a567dd58ff933a/2017-18/nl.1.csv,f43a2aa0c65fb061c87e9541e7a567dd58ff933a,40,2026-09-04T07:11:21.740Z,Eredivisie,2017-18,2017-09-16,NAC Breda,Groningen,2,1,H,0,0,D,,source_reported_FT,NAC Breda,Groningen
footballcsv/cache.footballdata,https://raw.githubusercontent.com/footballcsv/cache.footballdata/f43a2aa0c65fb061c87e9541e7a567dd58ff933a/2017-18/nl.1.csv,f43a2aa0c65fb061c87e9541e7a567dd58ff933a,41,2026-09-04T07:11:21.740Z,Eredivisie,2017-18,2017-09-16,Roda,Willem II,1,3,A,1,3,A,,source_reported_FT,Roda,Willem II
footballcsv/cache.footballdata,https://raw.githubusercontent.com/footballcsv/cache.footballdata/f43a2aa0c65fb061c87e9541e7a567dd58ff933a/2017-18/nl.1.csv,f43a2aa0c65fb061c87e9541e7a567dd58ff933a,42,2026-09-04T07:11:21.740Z,Eredivisie,2017-18,2017-09-16,Zwolle,Heracles,2,1,H,1,0,H,,source_reported_FT,Zwolle,Heracles
footballcsv/cache.footballdata,https://raw.githubusercontent.com/footballcsv/cache.footballdata/f43a2aa0c65fb061c87e9541e7a567dd58ff933a/2017-18/nl.1.csv,f43a2aa0c65fb061c87e9541e7a567dd58ff933a,43,2026-09-04T07:11:21.740Z,Eredivisie,2017-18,2017-09-17,Den Haag,Ajax,1,1,D,0,1,A,,source_reported_FT,Den Haag,Ajax
footballcsv/cache.footballdata,https://raw.githubusercontent.com/footballcsv/cache.footballdata/f43a2aa0c65fb061c87e9541e7a567dd58ff933a/2017-18/nl.1.csv,f43a2aa0c65fb061c87e9541e7a567dd58ff933a,44,2026-09-04T07:11:21.740Z,Eredivisie,2017-18,2017-09-17,PSV Eindhoven,Feyenoord,1,0,H,1,0,H,,source_reported_FT,PSV Eindhoven,Feyenoord
footballcsv/cache.footballdata,https://raw.githubusercontent.com/footballcsv/cache.footballdata/f43a2aa0c65fb061c87e9541e7a567dd58ff933a/2017-18/nl.1.csv,f43a2aa0c65fb061c87e9541e7a567dd58ff933a,45,2026-09-04T07:11:21.740Z,Eredivisie,2017-18,2017-09-17,Twente,Utrecht,4,0,H,3,0,H,,source_reported_FT,Twente,Utrecht
footballcsv/cache.footballdata,https://raw.githubusercontent.com/footballcsv/cache.footballdata/f43a2aa0c65fb061c87e9541e7a567dd58ff933a/2017-18/nl.1.csv,f43a2aa0c65fb061c87e9541e7a567dd58ff933a,46,2026-09-04T07:11:21.740Z,Eredivisie,2017-18,2017-09-17,Vitesse,VVV Venlo,1,1,D,0,0,D,,source_reported_FT,Vitesse,VVV Venlo
footballcsv/cache.footballdata,https://raw.githubusercontent.com/footballcsv/cache.footballdata/f43a2aa0c65fb061c87e9541e7a567dd58ff933a/2017-18/nl.1.csv,f43a2aa0c65fb061c87e9541e7a567dd58ff933a,47,2026-09-04T07:11:21.740Z,Eredivisie,2017-18,2017-09-23,Den Haag,Sparta Rotterdam,1,0,H,0,0,D,,source_reported_FT,Den Haag,Sparta Rotterdam
footballcsv/cache.footballdata,https://raw.githubusercontent.com/footballcsv/cache.footballdata/f43a2aa0c65fb061c87e9541e7a567dd58ff933a/2017-18/nl.1.csv,f43a2aa0c65fb061c87e9541e7a567dd58ff933a,48,2026-09-04T07:11:21.740Z,Eredivisie,2017-18,2017-09-23,Feyenoord,NAC Breda,0,2,A,0,1,A,,source_reported_FT,Feyenoord,NAC Breda
footballcsv/cache.footballdata,https://raw.githubusercontent.com/footballcsv/cache.footballdata/f43a2aa0c65fb061c87e9541e7a567dd58ff933a/2017-18/nl.1.csv,f43a2aa0c65fb061c87e9541e7a567dd58ff933a,49,2026-09-04T07:11:21.740Z,Eredivisie,2017-18,2017-09-23,Heracles,Roda,2,1,H,0,1,A,,source_reported_FT,Heracles,Roda
footballcsv/cache.footballdata,https://raw.githubusercontent.com/footballcsv/cache.footballdata/f43a2aa0c65fb061c87e9541e7a567dd58ff933a/2017-18/nl.1.csv,f43a2aa0c65fb061c87e9541e7a567dd58ff933a,50,2026-09-04T07:11:21.740Z,Eredivisie,2017-18,2017-09-23,Willem II,Heerenveen,1,2,A,1,1,D,,source_reported_FT,Willem II,Heerenveen
footballcsv/cache.footballdata,https://raw.githubusercontent.com/footballcsv/cache.footballdata/f43a2aa0c65fb061c87e9541e7a567dd58ff933a/2017-18/nl.1.csv,f43a2aa0c65fb061c87e9541e7a567dd58ff933a,52,2026-09-04T07:11:21.740Z,Eredivisie,2017-18,2017-09-24,AZ Alkmaar,Excelsior,0,2,A,0,2,A,,source_reported_FT,AZ Alkmaar,Excelsior
footballcsv/cache.footballdata,https://raw.githubusercontent.com/footballcsv/cache.footballdata/f43a2aa0c65fb061c87e9541e7a567dd58ff933a/2017-18/nl.1.csv,f43a2aa0c65fb061c87e9541e7a567dd58ff933a,51,2026-09-04T07:11:21.740Z,Eredivisie,2017-18,2017-09-24,Ajax,Vitesse,1,2,A,0,2,A,,source_reported_FT,Ajax,Vitesse
footballcsv/cache.footballdata,https://raw.githubusercontent.com/footballcsv/cache.footballdata/f43a2aa0c65fb061c87e9541e7a567dd58ff933a/2017-18/nl.1.csv,f43a2aa0c65fb061c87e9541e7a567dd58ff933a,53,2026-09-04T07:11:21.740Z,Eredivisie,2017-18,2017-09-24,Groningen,Twente,1,0,H,0,0,D,,source_reported_FT,Groningen,Twente
footballcsv/cache.footballdata,https://raw.githubusercontent.com/footballcsv/cache.footballdata/f43a2aa0c65fb061c87e9541e7a567dd58ff933a/2017-18/nl.1.csv,f43a2aa0c65fb061c87e9541e7a567dd58ff933a,54,2026-09-04T07:11:21.740Z,Eredivisie,2017-18,2017-09-24,Utrecht,PSV Eindhoven,1,7,A,1,2,A,,source_reported_FT,Utrecht,PSV Eindhoven
footballcsv/cache.footballdata,https://raw.githubusercontent.com/footballcsv/cache.footballdata/f43a2aa0c65fb061c87e9541e7a567dd58ff933a/2017-18/nl.1.csv,f43a2aa0c65fb061c87e9541e7a567dd58ff933a,55,2026-09-04T07:11:21.740Z,Eredivisie,2017-18,2017-09-24,VVV Venlo,Zwolle,1,1,D,0,1,A,,source_reported_FT,VVV Venlo,Zwolle
footballcsv/cache.footballdata,https://raw.githubusercontent.com/footballcsv/cache.footballdata/f43a2aa0c65fb061c87e9541e7a567dd58ff933a/2017-18/nl.1.csv,f43a2aa0c65fb061c87e9541e7a567dd58ff933a,56,2026-09-04T07:11:21.740Z,Eredivisie,2017-18,2017-09-29,Twente,Heracles,2,1,H,1,0,H,,source_reported_FT,Twente,Heracles
footballcsv/cache.footballdata,https://raw.githubusercontent.com/footballcsv/cache.footballdata/f43a2aa0c65fb061c87e9541e7a567dd58ff933a/2017-18/nl.1.csv,f43a2aa0c65fb061c87e9541e7a567dd58ff933a,57,2026-09-04T07:11:21.740Z,Eredivisie,2017-18,2017-09-30,Excelsior,VVV Venlo,0,2,A,0,1,A,,source_reported_FT,Excelsior,VVV Venlo
footballcsv/cache.footballdata,https://raw.githubusercontent.com/footballcsv/cache.footballdata/f43a2aa0c65fb061c87e9541e7a567dd58ff933a/2017-18/nl.1.csv,f43a2aa0c65fb061c87e9541e7a567dd58ff933a,58,2026-09-04T07:11:21.740Z,Eredivisie,2017-18,2017-09-30,NAC Breda,Den Haag,0,1,A,0,0,D,,source_reported_FT,NAC Breda,Den Haag
footballcsv/cache.footballdata,https://raw.githubusercontent.com/footballcsv/cache.footballdata/f43a2aa0c65fb061c87e9541e7a567dd58ff933a/2017-18/nl.1.csv,f43a2aa0c65fb061c87e9541e7a567dd58ff933a,59,2026-09-04T07:11:21.740Z,Eredivisie,2017-18,2017-09-30,PSV Eindhoven,Willem II,4,0,H,0,0,D,,source_reported_FT,PSV Eindhoven,Willem II
footballcsv/cache.footballdata,https://raw.githubusercontent.com/footballcsv/cache.footballdata/f43a2aa0c65fb061c87e9541e7a567dd58ff933a/2017-18/nl.1.csv,f43a2aa0c65fb061c87e9541e7a567dd58ff933a,60,2026-09-04T07:11:21.740Z,Eredivisie,2017-18,2017-09-30,Zwolle,Groningen,3,2,H,1,1,D,,source_reported_FT,Zwolle,Groningen
footballcsv/cache.footballdata,https://raw.githubusercontent.com/footballcsv/cache.footballdata/f43a2aa0c65fb061c87e9541e7a567dd58ff933a/2017-18/nl.1.csv,f43a2aa0c65fb061c87e9541e7a567dd58ff933a,61,2026-09-04T07:11:21.740Z,Eredivisie,2017-18,2017-10-01,AZ Alkmaar,Feyenoord,0,4,A,0,3,A,,source_reported_FT,AZ Alkmaar,Feyenoord
footballcsv/cache.footballdata,https://raw.githubusercontent.com/footballcsv/cache.footballdata/f43a2aa0c65fb061c87e9541e7a567dd58ff933a/2017-18/nl.1.csv,f43a2aa0c65fb061c87e9541e7a567dd58ff933a,62,2026-09-04T07:11:21.740Z,Eredivisie,2017-18,2017-10-01,Heerenveen,Ajax,0,4,A,0,2,A,,source_reported_FT,Heerenveen,Ajax
footballcsv/cache.footballdata,https://raw.githubusercontent.com/footballcsv/cache.footballdata/f43a2aa0c65fb061c87e9541e7a567dd58ff933a/2017-18/nl.1.csv,f43a2aa0c65fb061c87e9541e7a567dd58ff933a,63,2026-09-04T07:11:21.740Z,Eredivisie,2017-18,2017-10-01,Sparta Rotterdam,Roda,1,2,A,0,2,A,,source_reported_FT,Sparta Rotterdam,Roda
footballcsv/cache.footballdata,https://raw.githubusercontent.com/footballcsv/cache.footballdata/f43a2aa0c65fb061c87e9541e7a567dd58ff933a/2017-18/nl.1.csv,f43a2aa0c65fb061c87e9541e7a567dd58ff933a,64,2026-09-04T07:11:21.740Z,Eredivisie,2017-18,2017-10-01,Vitesse,Utrecht,1,1,D,0,0,D,,source_reported_FT,Vitesse,Utrecht
footballcsv/cache.footballdata,https://raw.githubusercontent.com/footballcsv/cache.footballdata/f43a2aa0c65fb061c87e9541e7a567dd58ff933a/2017-18/nl.1.csv,f43a2aa0c65fb061c87e9541e7a567dd58ff933a,65,2026-09-04T07:11:21.740Z,Eredivisie,2017-18,2017-10-14,Ajax,Sparta Rotterdam,4,0,H,1,0,H,,source_reported_FT,Ajax,Sparta Rotterdam
footballcsv/cache.footballdata,https://raw.githubusercontent.com/footballcsv/cache.footballdata/f43a2aa0c65fb061c87e9541e7a567dd58ff933a/2017-18/nl.1.csv,f43a2aa0c65fb061c87e9541e7a567dd58ff933a,66,2026-09-04T07:11:21.740Z,Eredivisie,2017-18,2017-10-14,Feyenoord,Zwolle,0,0,D,0,0,D,,source_reported_FT,Feyenoord,Zwolle
footballcsv/cache.footballdata,https://raw.githubusercontent.com/footballcsv/cache.footballdata/f43a2aa0c65fb061c87e9541e7a567dd58ff933a/2017-18/nl.1.csv,f43a2aa0c65fb061c87e9541e7a567dd58ff933a,67,2026-09-04T07:11:21.740Z,Eredivisie,2017-18,2017-10-14,Roda,NAC Breda,1,0,H,0,0,D,,source_reported_FT,Roda,NAC Breda
footballcsv/cache.footballdata,https://raw.githubusercontent.com/footballcsv/cache.footballdata/f43a2aa0c65fb061c87e9541e7a567dd58ff933a/2017-18/nl.1.csv,f43a2aa0c65fb061c87e9541e7a567dd58ff933a,68,2026-09-04T07:11:21.740Z,Eredivisie,2017-18,2017-10-14,Utrecht,Heerenveen,3,1,H,2,1,H,,source_reported_FT,Utrecht,Heerenveen
footballcsv/cache.footballdata,https://raw.githubusercontent.com/footballcsv/cache.footballdata/f43a2aa0c65fb061c87e9541e7a567dd58ff933a/2017-18/nl.1.csv,f43a2aa0c65fb061c87e9541e7a567dd58ff933a,69,2026-09-04T07:11:21.740Z,Eredivisie,2017-18,2017-10-15,Den Haag,Excelsior,1,2,A,1,1,D,,source_reported_FT,Den Haag,Excelsior
footballcsv/cache.footballdata,https://raw.githubusercontent.com/footballcsv/cache.footballdata/f43a2aa0c65fb061c87e9541e7a567dd58ff933a/2017-18/nl.1.csv,f43a2aa0c65fb061c87e9541e7a567dd58ff933a,70,2026-09-04T07:11:21.740Z,Eredivisie,2017-18,2017-10-15,Groningen,AZ Alkmaar,1,1,D,0,1,A,,source_reported_FT,Groningen,AZ Alkmaar
footballcsv/cache.footballdata,https://raw.githubusercontent.com/footballcsv/cache.footballdata/f43a2aa0c65fb061c87e9541e7a567dd58ff933a/2017-18/nl.1.csv,f43a2aa0c65fb061c87e9541e7a567dd58ff933a,71,2026-09-04T07:11:21.740Z,Eredivisie,2017-18,2017-10-15,Heracles,Vitesse,1,1,D,0,0,D,,source_reported_FT,Heracles,Vitesse
footballcsv/cache.footballdata,https://raw.githubusercontent.com/footballcsv/cache.footballdata/f43a2aa0c65fb061c87e9541e7a567dd58ff933a/2017-18/nl.1.csv,f43a2aa0c65fb061c87e9541e7a567dd58ff933a,72,2026-09-04T07:11:21.740Z,Eredivisie,2017-18,2017-10-15,VVV Venlo,PSV Eindhoven,2,5,A,1,1,D,,source_reported_FT,VVV Venlo,PSV Eindhoven
footballcsv/cache.footballdata,https://raw.githubusercontent.com/footballcsv/cache.footballdata/f43a2aa0c65fb061c87e9541e7a567dd58ff933a/2017-18/nl.1.csv,f43a2aa0c65fb061c87e9541e7a567dd58ff933a,73,2026-09-04T07:11:21.740Z,Eredivisie,2017-18,2017-10-15,Willem II,Twente,3,1,H,1,1,D,,source_reported_FT,Willem II,Twente
footballcsv/cache.footballdata,https://raw.githubusercontent.com/footballcsv/cache.footballdata/f43a2aa0c65fb061c87e9541e7a567dd58ff933a/2017-18/nl.1.csv,f43a2aa0c65fb061c87e9541e7a567dd58ff933a,74,2026-09-04T07:11:21.740Z,Eredivisie,2017-18,2017-10-20,Groningen,Willem II,0,1,A,0,1,A,,source_reported_FT,Groningen,Willem II
footballcsv/cache.footballdata,https://raw.githubusercontent.com/footballcsv/cache.footballdata/f43a2aa0c65fb061c87e9541e7a567dd58ff933a/2017-18/nl.1.csv,f43a2aa0c65fb061c87e9541e7a567dd58ff933a,75,2026-09-04T07:11:21.740Z,Eredivisie,2017-18,2017-10-21,Excelsior,Sparta Rotterdam,1,1,D,0,0,D,,source_reported_FT,Excelsior,Sparta Rotterdam
footballcsv/cache.footballdata,https://raw.githubusercontent.com/footballcsv/cache.footballdata/f43a2aa0c65fb061c87e9541e7a567dd58ff933a/2017-18/nl.1.csv,f43a2aa0c65fb061c87e9541e7a567dd58ff933a,76,2026-09-04T07:11:21.740Z,Eredivisie,2017-18,2017-10-21,NAC Breda,Zwolle,0,2,A,0,1,A,,source_reported_FT,NAC Breda,Zwolle
footballcsv/cache.footballdata,https://raw.githubusercontent.com/footballcsv/cache.footballdata/f43a2aa0c65fb061c87e9541e7a567dd58ff933a/2017-18/nl.1.csv,f43a2aa0c65fb061c87e9541e7a567dd58ff933a,77,2026-09-04T07:11:21.740Z,Eredivisie,2017-18,2017-10-21,Twente,Roda,3,0,H,1,0,H,,source_reported_FT,Twente,Roda
footballcsv/cache.footballdata,https://raw.githubusercontent.com/footballcsv/cache.footballdata/f43a2aa0c65fb061c87e9541e7a567dd58ff933a/2017-18/nl.1.csv,f43a2aa0c65fb061c87e9541e7a567dd58ff933a,78,2026-09-04T07:11:21.740Z,Eredivisie,2017-18,2017-10-21,VVV Venlo,Den Haag,0,2,A,0,0,D,,source_reported_FT,VVV Venlo,Den Haag
footballcsv/cache.footballdata,https://raw.githubusercontent.com/footballcsv/cache.footballdata/f43a2aa0c65fb061c87e9541e7a567dd58ff933a/2017-18/nl.1.csv,f43a2aa0c65fb061c87e9541e7a567dd58ff933a,79,2026-09-04T07:11:21.740Z,Eredivisie,2017-18,2017-10-22,AZ Alkmaar,Utrecht,3,0,H,1,0,H,,source_reported_FT,AZ Alkmaar,Utrecht
footballcsv/cache.footballdata,https://raw.githubusercontent.com/footballcsv/cache.footballdata/f43a2aa0c65fb061c87e9541e7a567dd58ff933a/2017-18/nl.1.csv,f43a2aa0c65fb061c87e9541e7a567dd58ff933a,80,2026-09-04T07:11:21.740Z,Eredivisie,2017-18,2017-10-22,Feyenoord,Ajax,1,4,A,0,0,D,,source_reported_FT,Feyenoord,Ajax
footballcsv/cache.footballdata,https://raw.githubusercontent.com/footballcsv/cache.footballdata/f43a2aa0c65fb061c87e9541e7a567dd58ff933a/2017-18/nl.1.csv,f43a2aa0c65fb061c87e9541e7a567dd58ff933a,81,2026-09-04T07:11:21.740Z,Eredivisie,2017-18,2017-10-22,Heerenveen,Vitesse,0,4,A,0,2,A,,source_reported_FT,Heerenveen,Vitesse
footballcsv/cache.footballdata,https://raw.githubusercontent.com/footballcsv/cache.footballdata/f43a2aa0c65fb061c87e9541e7a567dd58ff933a/2017-18/nl.1.csv,f43a2aa0c65fb061c87e9541e7a567dd58ff933a,82,2026-09-04T07:11:21.740Z,Eredivisie,2017-18,2017-10-22,PSV Eindhoven,Heracles,3,0,H,1,0,H,,source_reported_FT,PSV Eindhoven,Heracles
footballcsv/cache.footballdata,https://raw.githubusercontent.com/footballcsv/cache.footballdata/f43a2aa0c65fb061c87e9541e7a567dd58ff933a/2017-18/nl.1.csv,f43a2aa0c65fb061c87e9541e7a567dd58ff933a,83,2026-09-04T07:11:21.740Z,Eredivisie,2017-18,2017-10-27,Twente,Excelsior,1,3,A,1,1,D,,source_reported_FT,Twente,Excelsior
footballcsv/cache.footballdata,https://raw.githubusercontent.com/footballcsv/cache.footballdata/f43a2aa0c65fb061c87e9541e7a567dd58ff933a/2017-18/nl.1.csv,f43a2aa0c65fb061c87e9541e7a567dd58ff933a,84,2026-09-04T07:11:21.740Z,Eredivisie,2017-18,2017-10-28,Heracles,VVV Venlo,3,0,H,2,0,H,,source_reported_FT,Heracles,VVV Venlo
footballcsv/cache.footballdata,https://raw.githubusercontent.com/footballcsv/cache.footballdata/f43a2aa0c65fb061c87e9541e7a567dd58ff933a/2017-18/nl.1.csv,f43a2aa0c65fb061c87e9541e7a567dd58ff933a,85,2026-09-04T07:11:21.740Z,Eredivisie,2017-18,2017-10-28,Roda,Feyenoord,1,1,D,1,1,D,,source_reported_FT,Roda,Feyenoord
footballcsv/cache.footballdata,https://raw.githubusercontent.com/footballcsv/cache.footballdata/f43a2aa0c65fb061c87e9541e7a567dd58ff933a/2017-18/nl.1.csv,f43a2aa0c65fb061c87e9541e7a567dd58ff933a,86,2026-09-04T07:11:21.740Z,Eredivisie,2017-18,2017-10-28,Willem II,Ajax,1,3,A,0,0,D,,source_reported_FT,Willem II,Ajax
footballcsv/cache.footballdata,https://raw.githubusercontent.com/footballcsv/cache.footballdata/f43a2aa0c65fb061c87e9541e7a567dd58ff933a/2017-18/nl.1.csv,f43a2aa0c65fb061c87e9541e7a567dd58ff933a,87,2026-09-04T07:11:21.740Z,Eredivisie,2017-18,2017-10-28,Zwolle,Den Haag,2,0,H,2,0,H,,source_reported_FT,Zwolle,Den Haag
footballcsv/cache.footballdata,https://raw.githubusercontent.com/footballcsv/cache.footballdata/f43a2aa0c65fb061c87e9541e7a567dd58ff933a/2017-18/nl.1.csv,f43a2aa0c65fb061c87e9541e7a567dd58ff933a,88,2026-09-04T07:11:21.740Z,Eredivisie,2017-18,2017-10-29,Heerenveen,AZ Alkmaar,1,2,A,1,0,H,,source_reported_FT,Heerenveen,AZ Alkmaar
footballcsv/cache.footballdata,https://raw.githubusercontent.com/footballcsv/cache.footballdata/f43a2aa0c65fb061c87e9541e7a567dd58ff933a/2017-18/nl.1.csv,f43a2aa0c65fb061c87e9541e7a567dd58ff933a,89,2026-09-04T07:11:21.740Z,Eredivisie,2017-18,2017-10-29,Sparta Rotterdam,Groningen,2,1,H,2,1,H,,source_reported_FT,Sparta Rotterdam,Groningen
footballcsv/cache.footballdata,https://raw.githubusercontent.com/footballcsv/cache.footballdata/f43a2aa0c65fb061c87e9541e7a567dd58ff933a/2017-18/nl.1.csv,f43a2aa0c65fb061c87e9541e7a567dd58ff933a,90,2026-09-04T07:11:21.740Z,Eredivisie,2017-18,2017-10-29,Utrecht,NAC Breda,2,2,D,1,1,D,,source_reported_FT,Utrecht,NAC Breda
footballcsv/cache.footballdata,https://raw.githubusercontent.com/footballcsv/cache.footballdata/f43a2aa0c65fb061c87e9541e7a567dd58ff933a/2017-18/nl.1.csv,f43a2aa0c65fb061c87e9541e7a567dd58ff933a,91,2026-09-04T07:11:21.740Z,Eredivisie,2017-18,2017-10-29,Vitesse,PSV Eindhoven,2,4,A,1,1,D,,source_reported_FT,Vitesse,PSV Eindhoven
footballcsv/cache.footballdata,https://raw.githubusercontent.com/footballcsv/cache.footballdata/f43a2aa0c65fb061c87e9541e7a567dd58ff933a/2017-18/nl.1.csv,f43a2aa0c65fb061c87e9541e7a567dd58ff933a,92,2026-09-04T07:11:21.740Z,Eredivisie,2017-18,2017-11-03,Sparta Rotterdam,Heerenveen,0,0,D,0,0,D,,source_reported_FT,Sparta Rotterdam,Heerenveen
footballcsv/cache.footballdata,https://raw.githubusercontent.com/footballcsv/cache.footballdata/f43a2aa0c65fb061c87e9541e7a567dd58ff933a/2017-18/nl.1.csv,f43a2aa0c65fb061c87e9541e7a567dd58ff933a,93,2026-09-04T07:11:21.740Z,Eredivisie,2017-18,2017-11-04,AZ Alkmaar,Willem II,3,2,H,1,1,D,,source_reported_FT,AZ Alkmaar,Willem II
footballcsv/cache.footballdata,https://raw.githubusercontent.com/footballcsv/cache.footballdata/f43a2aa0c65fb061c87e9541e7a567dd58ff933a/2017-18/nl.1.csv,f43a2aa0c65fb061c87e9541e7a567dd58ff933a,94,2026-09-04T07:11:21.740Z,Eredivisie,2017-18,2017-11-04,Excelsior,Roda,1,0,H,1,0,H,,source_reported_FT,Excelsior,Roda
footballcsv/cache.footballdata,https://raw.githubusercontent.com/footballcsv/cache.footballdata/f43a2aa0c65fb061c87e9541e7a567dd58ff933a/2017-18/nl.1.csv,f43a2aa0c65fb061c87e9541e7a567dd58ff933a,95,2026-09-04T07:11:21.740Z,Eredivisie,2017-18,2017-11-04,Heracles,Groningen,2,1,H,1,1,D,,source_reported_FT,Heracles,Groningen
footballcsv/cache.footballdata,https://raw.githubusercontent.com/footballcsv/cache.footballdata/f43a2aa0c65fb061c87e9541e7a567dd58ff933a/2017-18/nl.1.csv,f43a2aa0c65fb061c87e9541e7a567dd58ff933a,96,2026-09-04T07:11:21.740Z,Eredivisie,2017-18,2017-11-04,VVV Venlo,NAC Breda,0,0,D,0,0,D,,source_reported_FT,VVV Venlo,NAC Breda
footballcsv/cache.footballdata,https://raw.githubusercontent.com/footballcsv/cache.footballdata/f43a2aa0c65fb061c87e9541e7a567dd58ff933a/2017-18/nl.1.csv,f43a2aa0c65fb061c87e9541e7a567dd58ff933a,97,2026-09-04T07:11:21.740Z,Eredivisie,2017-18,2017-11-05,Ajax,Utrecht,1,2,A,1,1,D,,source_reported_FT,Ajax,Utrecht
footballcsv/cache.footballdata,https://raw.githubusercontent.com/footballcsv/cache.footballdata/f43a2aa0c65fb061c87e9541e7a567dd58ff933a/2017-18/nl.1.csv,f43a2aa0c65fb061c87e9541e7a567dd58ff933a,98,2026-09-04T07:11:21.740Z,Eredivisie,2017-18,2017-11-05,Den Haag,Feyenoord,2,2,D,1,1,D,,source_reported_FT,Den Haag,Feyenoord
footballcsv/cache.footballdata,https://raw.githubusercontent.com/footballcsv/cache.footballdata/f43a2aa0c65fb061c87e9541e7a567dd58ff933a/2017-18/nl.1.csv,f43a2aa0c65fb061c87e9541e7a567dd58ff933a,99,2026-09-04T07:11:21.740Z,Eredivisie,2017-18,2017-11-05,PSV Eindhoven,Twente,4,3,H,1,1,D,,source_reported_FT,PSV Eindhoven,Twente
footballcsv/cache.footballdata,https://raw.githubusercontent.com/footballcsv/cache.footballdata/f43a2aa0c65fb061c87e9541e7a567dd58ff933a/2017-18/nl.1.csv,f43a2aa0c65fb061c87e9541e7a567dd58ff933a,100,2026-09-04T07:11:21.740Z,Eredivisie,2017-18,2017-11-05,Vitesse,Zwolle,0,0,D,0,0,D,,source_reported_FT,Vitesse,Zwolle
footballcsv/cache.footballdata,https://raw.githubusercontent.com/footballcsv/cache.footballdata/f43a2aa0c65fb061c87e9541e7a567dd58ff933a/2017-18/nl.1.csv,f43a2aa0c65fb061c87e9541e7a567dd58ff933a,101,2026-09-04T07:11:21.740Z,Eredivisie,2017-18,2017-11-18,Feyenoord,VVV Venlo,1,1,D,0,0,D,,source_reported_FT,Feyenoord,VVV Venlo
footballcsv/cache.footballdata,https://raw.githubusercontent.com/footballcsv/cache.footballdata/f43a2aa0c65fb061c87e9541e7a567dd58ff933a/2017-18/nl.1.csv,f43a2aa0c65fb061c87e9541e7a567dd58ff933a,102,2026-09-04T07:11:21.740Z,Eredivisie,2017-18,2017-11-18,NAC Breda,Ajax,0,8,A,0,5,A,,source_reported_FT,NAC Breda,Ajax
footballcsv/cache.footballdata,https://raw.githubusercontent.com/footballcsv/cache.footballdata/f43a2aa0c65fb061c87e9541e7a567dd58ff933a/2017-18/nl.1.csv,f43a2aa0c65fb061c87e9541e7a567dd58ff933a,103,2026-09-04T07:11:21.740Z,Eredivisie,2017-18,2017-11-18,Twente,Heerenveen,0,4,A,0,2,A,,source_reported_FT,Twente,Heerenveen
footballcsv/cache.footballdata,https://raw.githubusercontent.com/footballcsv/cache.footballdata/f43a2aa0c65fb061c87e9541e7a567dd58ff933a/2017-18/nl.1.csv,f43a2aa0c65fb061c87e9541e7a567dd58ff933a,104,2026-09-04T07:11:21.740Z,Eredivisie,2017-18,2017-11-18,Willem II,Sparta Rotterdam,2,2,D,0,2,A,,source_reported_FT,Willem II,Sparta Rotterdam
footballcsv/cache.footballdata,https://raw.githubusercontent.com/footballcsv/cache.footballdata/f43a2aa0c65fb061c87e9541e7a567dd58ff933a/2017-18/nl.1.csv,f43a2aa0c65fb061c87e9541e7a567dd58ff933a,105,2026-09-04T07:11:21.740Z,Eredivisie,2017-18,2017-11-19,Den Haag,Heracles,4,1,H,1,1,D,,source_reported_FT,Den Haag,Heracles
footballcsv/cache.footballdata,https://raw.githubusercontent.com/footballcsv/cache.footballdata/f43a2aa0c65fb061c87e9541e7a567dd58ff933a/2017-18/nl.1.csv,f43a2aa0c65fb061c87e9541e7a567dd58ff933a,106,2026-09-04T07:11:21.740Z,Eredivisie,2017-18,2017-11-19,Groningen,Vitesse,4,2,H,0,1,A,,source_reported_FT,Groningen,Vitesse
footballcsv/cache.footballdata,https://raw.githubusercontent.com/footballcsv/cache.footballdata/f43a2aa0c65fb061c87e9541e7a567dd58ff933a/2017-18/nl.1.csv,f43a2aa0c65fb061c87e9541e7a567dd58ff933a,107,2026-09-04T07:11:21.740Z,Eredivisie,2017-18,2017-11-19,Roda,AZ Alkmaar,0,1,A,0,0,D,,source_reported_FT,Roda,AZ Alkmaar
footballcsv/cache.footballdata,https://raw.githubusercontent.com/footballcsv/cache.footballdata/f43a2aa0c65fb061c87e9541e7a567dd58ff933a/2017-18/nl.1.csv,f43a2aa0c65fb061c87e9541e7a567dd58ff933a,108,2026-09-04T07:11:21.740Z,Eredivisie,2017-18,2017-11-19,Utrecht,Excelsior,3,1,H,1,0,H,,source_reported_FT,Utrecht,Excelsior
footballcsv/cache.footballdata,https://raw.githubusercontent.com/footballcsv/cache.footballdata/f43a2aa0c65fb061c87e9541e7a567dd58ff933a/2017-18/nl.1.csv,f43a2aa0c65fb061c87e9541e7a567dd58ff933a,109,2026-09-04T07:11:21.740Z,Eredivisie,2017-18,2017-11-19,Zwolle,PSV Eindhoven,0,1,A,0,0,D,,source_reported_FT,Zwolle,PSV Eindhoven
footballcsv/cache.footballdata,https://raw.githubusercontent.com/footballcsv/cache.footballdata/f43a2aa0c65fb061c87e9541e7a567dd58ff933a/2017-18/nl.1.csv,f43a2aa0c65fb061c87e9541e7a567dd58ff933a,110,2026-09-04T07:11:21.740Z,Eredivisie,2017-18,2017-11-24,AZ Alkmaar,Twente,2,0,H,0,0,D,,source_reported_FT,AZ Alkmaar,Twente
footballcsv/cache.footballdata,https://raw.githubusercontent.com/footballcsv/cache.footballdata/f43a2aa0c65fb061c87e9541e7a567dd58ff933a/2017-18/nl.1.csv,f43a2aa0c65fb061c87e9541e7a567dd58ff933a,111,2026-09-04T07:11:21.740Z,Eredivisie,2017-18,2017-11-25,Groningen,Feyenoord,0,2,A,0,0,D,,source_reported_FT,Groningen,Feyenoord
footballcsv/cache.footballdata,https://raw.githubusercontent.com/footballcsv/cache.footballdata/f43a2aa0c65fb061c87e9541e7a567dd58ff933a/2017-18/nl.1.csv,f43a2aa0c65fb061c87e9541e7a567dd58ff933a,112,2026-09-04T07:11:21.740Z,Eredivisie,2017-18,2017-11-25,Heerenveen,Zwolle,1,2,A,1,1,D,,source_reported_FT,Heerenveen,Zwolle
footballcsv/cache.footballdata,https://raw.githubusercontent.com/footballcsv/cache.footballdata/f43a2aa0c65fb061c87e9541e7a567dd58ff933a/2017-18/nl.1.csv,f43a2aa0c65fb061c87e9541e7a567dd58ff933a,113,2026-09-04T07:11:21.740Z,Eredivisie,2017-18,2017-11-25,Heracles,NAC Breda,2,1,H,2,1,H,,source_reported_FT,Heracles,NAC Breda
footballcsv/cache.footballdata,https://raw.githubusercontent.com/footballcsv/cache.footballdata/f43a2aa0c65fb061c87e9541e7a567dd58ff933a/2017-18/nl.1.csv,f43a2aa0c65fb061c87e9541e7a567dd58ff933a,114,2026-09-04T07:11:21.740Z,Eredivisie,2017-18,2017-11-25,VVV Venlo,Willem II,3,3,D,1,0,H,,source_reported_FT,VVV Venlo,Willem II
footballcsv/cache.footballdata,https://raw.githubusercontent.com/footballcsv/cache.footballdata/f43a2aa0c65fb061c87e9541e7a567dd58ff933a/2017-18/nl.1.csv,f43a2aa0c65fb061c87e9541e7a567dd58ff933a,115,2026-09-04T07:11:21.740Z,Eredivisie,2017-18,2017-11-26,Ajax,Roda,5,1,H,1,1,D,,source_reported_FT,Ajax,Roda
footballcsv/cache.footballdata,https://raw.githubusercontent.com/footballcsv/cache.footballdata/f43a2aa0c65fb061c87e9541e7a567dd58ff933a/2017-18/nl.1.csv,f43a2aa0c65fb061c87e9541e7a567dd58ff933a,116,2026-09-04T07:11:21.740Z,Eredivisie,2017-18,2017-11-26,Excelsior,PSV Eindhoven,1,2,A,0,2,A,,source_reported_FT,Excelsior,PSV Eindhoven
footballcsv/cache.footballdata,https://raw.githubusercontent.com/footballcsv/cache.footballdata/f43a2aa0c65fb061c87e9541e7a567dd58ff933a/2017-18/nl.1.csv,f43a2aa0c65fb061c87e9541e7a567dd58ff933a,117,2026-09-04T07:11:21.740Z,Eredivisie,2017-18,2017-11-26,Sparta Rotterdam,Utrecht,1,3,A,0,1,A,,source_reported_FT,Sparta Rotterdam,Utrecht
footballcsv/cache.footballdata,https://raw.githubusercontent.com/footballcsv/cache.footballdata/f43a2aa0c65fb061c87e9541e7a567dd58ff933a/2017-18/nl.1.csv,f43a2aa0c65fb061c87e9541e7a567dd58ff933a,118,2026-09-04T07:11:21.740Z,Eredivisie,2017-18,2017-11-26,Vitesse,Den Haag,2,0,H,0,0,D,,source_reported_FT,Vitesse,Den Haag
footballcsv/cache.footballdata,https://raw.githubusercontent.com/footballcsv/cache.footballdata/f43a2aa0c65fb061c87e9541e7a567dd58ff933a/2017-18/nl.1.csv,f43a2aa0c65fb061c87e9541e7a567dd58ff933a,119,2026-09-04T07:11:21.740Z,Eredivisie,2017-18,2017-12-01,Zwolle,Utrecht,1,1,D,0,1,A,,source_reported_FT,Zwolle,Utrecht
footballcsv/cache.footballdata,https://raw.githubusercontent.com/footballcsv/cache.footballdata/f43a2aa0c65fb061c87e9541e7a567dd58ff933a/2017-18/nl.1.csv,f43a2aa0c65fb061c87e9541e7a567dd58ff933a,120,2026-09-04T07:11:21.740Z,Eredivisie,2017-18,2017-12-02,Den Haag,Groningen,0,3,A,0,1,A,,source_reported_FT,Den Haag,Groningen
footballcsv/cache.footballdata,https://raw.githubusercontent.com/footballcsv/cache.footballdata/f43a2aa0c65fb061c87e9541e7a567dd58ff933a/2017-18/nl.1.csv,f43a2aa0c65fb061c87e9541e7a567dd58ff933a,121,2026-09-04T07:11:21.740Z,Eredivisie,2017-18,2017-12-02,Feyenoord,Vitesse,1,0,H,1,0,H,,source_reported_FT,Feyenoord,Vitesse
footballcsv/cache.footballdata,https://raw.githubusercontent.com/footballcsv/cache.footballdata/f43a2aa0c65fb061c87e9541e7a567dd58ff933a/2017-18/nl.1.csv,f43a2aa0c65fb061c87e9541e7a567dd58ff933a,122,2026-09-04T07:11:21.740Z,Eredivisie,2017-18,2017-12-02,Twente,Ajax,3,3,D,0,2,A,,source_reported_FT,Twente,Ajax
footballcsv/cache.footballdata,https://raw.githubusercontent.com/footballcsv/cache.footballdata/f43a2aa0c65fb061c87e9541e7a567dd58ff933a/2017-18/nl.1.csv,f43a2aa0c65fb061c87e9541e7a567dd58ff933a,123,2026-09-04T07:11:21.740Z,Eredivisie,2017-18,2017-12-02,Willem II,Heracles,3,1,H,3,0,H,,source_reported_FT,Willem II,Heracles
footballcsv/cache.footballdata,https://raw.githubusercontent.com/footballcsv/cache.footballdata/f43a2aa0c65fb061c87e9541e7a567dd58ff933a/2017-18/nl.1.csv,f43a2aa0c65fb061c87e9541e7a567dd58ff933a,124,2026-09-04T07:11:21.740Z,Eredivisie,2017-18,2017-12-03,NAC Breda,Excelsior,3,1,H,1,0,H,,source_reported_FT,NAC Breda,Excelsior
footballcsv/cache.footballdata,https://raw.githubusercontent.com/footballcsv/cache.footballdata/f43a2aa0c65fb061c87e9541e7a567dd58ff933a/2017-18/nl.1.csv,f43a2aa0c65fb061c87e9541e7a567dd58ff933a,125,2026-09-04T07:11:21.740Z,Eredivisie,2017-18,2017-12-03,PSV Eindhoven,Sparta Rotterdam,1,0,H,0,0,D,,source_reported_FT,PSV Eindhoven,Sparta Rotterdam
footballcsv/cache.footballdata,https://raw.githubusercontent.com/footballcsv/cache.footballdata/f43a2aa0c65fb061c87e9541e7a567dd58ff933a/2017-18/nl.1.csv,f43a2aa0c65fb061c87e9541e7a567dd58ff933a,126,2026-09-04T07:11:21.740Z,Eredivisie,2017-18,2017-12-03,Roda,Heerenveen,2,1,H,0,0,D,,source_reported_FT,Roda,Heerenveen
footballcsv/cache.footballdata,https://raw.githubusercontent.com/footballcsv/cache.footballdata/f43a2aa0c65fb061c87e9541e7a567dd58ff933a/2017-18/nl.1.csv,f43a2aa0c65fb061c87e9541e7a567dd58ff933a,127,2026-09-04T07:11:21.740Z,Eredivisie,2017-18,2017-12-03,VVV Venlo,AZ Alkmaar,0,2,A,0,0,D,,source_reported_FT,VVV Venlo,AZ Alkmaar
footballcsv/cache.footballdata,https://raw.githubusercontent.com/footballcsv/cache.footballdata/f43a2aa0c65fb061c87e9541e7a567dd58ff933a/2017-18/nl.1.csv,f43a2aa0c65fb061c87e9541e7a567dd58ff933a,128,2026-09-04T07:11:21.740Z,Eredivisie,2017-18,2017-12-08,Willem II,NAC Breda,1,1,D,1,0,H,,source_reported_FT,Willem II,NAC Breda
footballcsv/cache.footballdata,https://raw.githubusercontent.com/footballcsv/cache.footballdata/f43a2aa0c65fb061c87e9541e7a567dd58ff933a/2017-18/nl.1.csv,f43a2aa0c65fb061c87e9541e7a567dd58ff933a,129,2026-09-04T07:11:21.740Z,Eredivisie,2017-18,2017-12-09,AZ Alkmaar,Heracles,5,0,H,0,0,D,,source_reported_FT,AZ Alkmaar,Heracles
footballcsv/cache.footballdata,https://raw.githubusercontent.com/footballcsv/cache.footballdata/f43a2aa0c65fb061c87e9541e7a567dd58ff933a/2017-18/nl.1.csv,f43a2aa0c65fb061c87e9541e7a567dd58ff933a,130,2026-09-04T07:11:21.740Z,Eredivisie,2017-18,2017-12-09,Excelsior,Zwolle,1,2,A,0,0,D,,source_reported_FT,Excelsior,Zwolle
footballcsv/cache.footballdata,https://raw.githubusercontent.com/footballcsv/cache.footballdata/f43a2aa0c65fb061c87e9541e7a567dd58ff933a/2017-18/nl.1.csv,f43a2aa0c65fb061c87e9541e7a567dd58ff933a,131,2026-09-04T07:11:21.740Z,Eredivisie,2017-18,2017-12-09,Heerenveen,VVV Venlo,2,2,D,1,1,D,,source_reported_FT,Heerenveen,VVV Venlo
footballcsv/cache.footballdata,https://raw.githubusercontent.com/footballcsv/cache.footballdata/f43a2aa0c65fb061c87e9541e7a567dd58ff933a/2017-18/nl.1.csv,f43a2aa0c65fb061c87e9541e7a567dd58ff933a,132,2026-09-04T07:11:21.740Z,Eredivisie,2017-18,2017-12-09,Twente,Den Haag,2,3,A,2,2,D,,source_reported_FT,Twente,Den Haag
footballcsv/cache.footballdata,https://raw.githubusercontent.com/footballcsv/cache.footballdata/f43a2aa0c65fb061c87e9541e7a567dd58ff933a/2017-18/nl.1.csv,f43a2aa0c65fb061c87e9541e7a567dd58ff933a,133,2026-09-04T07:11:21.740Z,Eredivisie,2017-18,2017-12-10,Ajax,PSV Eindhoven,3,0,H,0,0,D,,source_reported_FT,Ajax,PSV Eindhoven
footballcsv/cache.footballdata,https://raw.githubusercontent.com/footballcsv/cache.footballdata/f43a2aa0c65fb061c87e9541e7a567dd58ff933a/2017-18/nl.1.csv,f43a2aa0c65fb061c87e9541e7a567dd58ff933a,134,2026-09-04T07:11:21.740Z,Eredivisie,2017-18,2017-12-10,Roda,Groningen,2,2,D,2,1,H,,source_reported_FT,Roda,Groningen
footballcsv/cache.footballdata,https://raw.githubusercontent.com/footballcsv/cache.footballdata/f43a2aa0c65fb061c87e9541e7a567dd58ff933a/2017-18/nl.1.csv,f43a2aa0c65fb061c87e9541e7a567dd58ff933a,135,2026-09-04T07:11:21.740Z,Eredivisie,2017-18,2017-12-12,NAC Breda,Twente,1,2,A,0,0,D,,source_reported_FT,NAC Breda,Twente
footballcsv/cache.footballdata,https://raw.githubusercontent.com/footballcsv/cache.footballdata/f43a2aa0c65fb061c87e9541e7a567dd58ff933a/2017-18/nl.1.csv,f43a2aa0c65fb061c87e9541e7a567dd58ff933a,136,2026-09-04T07:11:21.740Z,Eredivisie,2017-18,2017-12-12,Zwolle,AZ Alkmaar,1,1,D,1,1,D,,source_reported_FT,Zwolle,AZ Alkmaar
footballcsv/cache.footballdata,https://raw.githubusercontent.com/footballcsv/cache.footballdata/f43a2aa0c65fb061c87e9541e7a567dd58ff933a/2017-18/nl.1.csv,f43a2aa0c65fb061c87e9541e7a567dd58ff933a,137,2026-09-04T07:11:21.740Z,Eredivisie,2017-18,2017-12-13,Den Haag,Roda,3,2,H,1,2,A,,source_reported_FT,Den Haag,Roda
footballcsv/cache.footballdata,https://raw.githubusercontent.com/footballcsv/cache.footballdata/f43a2aa0c65fb061c87e9541e7a567dd58ff933a/2017-18/nl.1.csv,f43a2aa0c65fb061c87e9541e7a567dd58ff933a,138,2026-09-04T07:11:21.740Z,Eredivisie,2017-18,2017-12-13,Feyenoord,Heerenveen,1,1,D,1,1,D,,source_reported_FT,Feyenoord,Heerenveen
footballcsv/cache.footballdata,https://raw.githubusercontent.com/footballcsv/cache.footballdata/f43a2aa0c65fb061c87e9541e7a567dd58ff933a/2017-18/nl.1.csv,f43a2aa0c65fb061c87e9541e7a567dd58ff933a,139,2026-09-04T07:11:21.740Z,Eredivisie,2017-18,2017-12-13,Groningen,PSV Eindhoven,3,3,D,1,3,A,,source_reported_FT,Groningen,PSV Eindhoven
footballcsv/cache.footballdata,https://raw.githubusercontent.com/footballcsv/cache.footballdata/f43a2aa0c65fb061c87e9541e7a567dd58ff933a/2017-18/nl.1.csv,f43a2aa0c65fb061c87e9541e7a567dd58ff933a,141,2026-09-04T07:11:21.740Z,Eredivisie,2017-18,2017-12-13,VVV Venlo,Utrecht,0,1,A,0,1,A,,source_reported_FT,VVV Venlo,Utrecht
footballcsv/cache.footballdata,https://raw.githubusercontent.com/footballcsv/cache.footballdata/f43a2aa0c65fb061c87e9541e7a567dd58ff933a/2017-18/nl.1.csv,f43a2aa0c65fb061c87e9541e7a567dd58ff933a,140,2026-09-04T07:11:21.740Z,Eredivisie,2017-18,2017-12-13,Vitesse,Willem II,2,2,D,1,1,D,,source_reported_FT,Vitesse,Willem II
footballcsv/cache.footballdata,https://raw.githubusercontent.com/footballcsv/cache.footballdata/f43a2aa0c65fb061c87e9541e7a567dd58ff933a/2017-18/nl.1.csv,f43a2aa0c65fb061c87e9541e7a567dd58ff933a,142,2026-09-04T07:11:21.740Z,Eredivisie,2017-18,2017-12-14,Ajax,Excelsior,3,1,H,1,1,D,,source_reported_FT,Ajax,Excelsior
footballcsv/cache.footballdata,https://raw.githubusercontent.com/footballcsv/cache.footballdata/f43a2aa0c65fb061c87e9541e7a567dd58ff933a/2017-18/nl.1.csv,f43a2aa0c65fb061c87e9541e7a567dd58ff933a,143,2026-09-04T07:11:21.740Z,Eredivisie,2017-18,2017-12-14,Heracles,Sparta Rotterdam,3,2,H,1,0,H,,source_reported_FT,Heracles,Sparta Rotterdam
footballcsv/cache.footballdata,https://raw.githubusercontent.com/footballcsv/cache.footballdata/f43a2aa0c65fb061c87e9541e7a567dd58ff933a/2017-18/nl.1.csv,f43a2aa0c65fb061c87e9541e7a567dd58ff933a,144,2026-09-04T07:11:21.740Z,Eredivisie,2017-18,2017-12-16,Heerenveen,NAC Breda,1,0,H,0,0,D,,source_reported_FT,Heerenveen,NAC Breda
footballcsv/cache.footballdata,https://raw.githubusercontent.com/footballcsv/cache.footballdata/f43a2aa0c65fb061c87e9541e7a567dd58ff933a/2017-18/nl.1.csv,f43a2aa0c65fb061c87e9541e7a567dd58ff933a,145,2026-09-04T07:11:21.740Z,Eredivisie,2017-18,2017-12-16,PSV Eindhoven,Den Haag,3,0,H,3,0,H,,source_reported_FT,PSV Eindhoven,Den Haag
footballcsv/cache.footballdata,https://raw.githubusercontent.com/footballcsv/cache.footballdata/f43a2aa0c65fb061c87e9541e7a567dd58ff933a/2017-18/nl.1.csv,f43a2aa0c65fb061c87e9541e7a567dd58ff933a,146,2026-09-04T07:11:21.740Z,Eredivisie,2017-18,2017-12-16,Roda,VVV Venlo,0,1,A,0,0,D,,source_reported_FT,Roda,VVV Venlo
footballcsv/cache.footballdata,https://raw.githubusercontent.com/footballcsv/cache.footballdata/f43a2aa0c65fb061c87e9541e7a567dd58ff933a/2017-18/nl.1.csv,f43a2aa0c65fb061c87e9541e7a567dd58ff933a,147,2026-09-04T07:11:21.740Z,Eredivisie,2017-18,2017-12-16,Twente,Vitesse,1,1,D,1,1,D,,source_reported_FT,Twente,Vitesse
footballcsv/cache.footballdata,https://raw.githubusercontent.com/footballcsv/cache.footballdata/f43a2aa0c65fb061c87e9541e7a567dd58ff933a/2017-18/nl.1.csv,f43a2aa0c65fb061c87e9541e7a567dd58ff933a,148,2026-09-04T07:11:21.740Z,Eredivisie,2017-18,2017-12-16,Willem II,Zwolle,2,3,A,2,1,H,,source_reported_FT,Willem II,Zwolle
footballcsv/cache.footballdata,https://raw.githubusercontent.com/footballcsv/cache.footballdata/f43a2aa0c65fb061c87e9541e7a567dd58ff933a/2017-18/nl.1.csv,f43a2aa0c65fb061c87e9541e7a567dd58ff933a,149,2026-09-04T07:11:21.740Z,Eredivisie,2017-18,2017-12-17,AZ Alkmaar,Ajax,1,2,A,1,1,D,,source_reported_FT,AZ Alkmaar,Ajax
footballcsv/cache.footballdata,https://raw.githubusercontent.com/footballcsv/cache.footballdata/f43a2aa0c65fb061c87e9541e7a567dd58ff933a/2017-18/nl.1.csv,f43a2aa0c65fb061c87e9541e7a567dd58ff933a,150,2026-09-04T07:11:21.740Z,Eredivisie,2017-18,2017-12-17,Excelsior,Groningen,2,0,H,1,0,H,,source_reported_FT,Excelsior,Groningen
footballcsv/cache.footballdata,https://raw.githubusercontent.com/footballcsv/cache.footballdata/f43a2aa0c65fb061c87e9541e7a567dd58ff933a/2017-18/nl.1.csv,f43a2aa0c65fb061c87e9541e7a567dd58ff933a,151,2026-09-04T07:11:21.740Z,Eredivisie,2017-18,2017-12-17,Sparta Rotterdam,Feyenoord,0,7,A,0,4,A,,source_reported_FT,Sparta Rotterdam,Feyenoord
footballcsv/cache.footballdata,https://raw.githubusercontent.com/footballcsv/cache.footballdata/f43a2aa0c65fb061c87e9541e7a567dd58ff933a/2017-18/nl.1.csv,f43a2aa0c65fb061c87e9541e7a567dd58ff933a,152,2026-09-04T07:11:21.740Z,Eredivisie,2017-18,2017-12-17,Utrecht,Heracles,1,1,D,1,0,H,,source_reported_FT,Utrecht,Heracles
footballcsv/cache.footballdata,https://raw.githubusercontent.com/footballcsv/cache.footballdata/f43a2aa0c65fb061c87e9541e7a567dd58ff933a/2017-18/nl.1.csv,f43a2aa0c65fb061c87e9541e7a567dd58ff933a,153,2026-09-04T07:11:21.740Z,Eredivisie,2017-18,2017-12-22,Den Haag,Zwolle,4,0,H,2,0,H,,source_reported_FT,Den Haag,Zwolle
footballcsv/cache.footballdata,https://raw.githubusercontent.com/footballcsv/cache.footballdata/f43a2aa0c65fb061c87e9541e7a567dd58ff933a/2017-18/nl.1.csv,f43a2aa0c65fb061c87e9541e7a567dd58ff933a,154,2026-09-04T07:11:21.740Z,Eredivisie,2017-18,2017-12-23,AZ Alkmaar,Heerenveen,3,1,H,0,0,D,,source_reported_FT,AZ Alkmaar,Heerenveen
footballcsv/cache.footballdata,https://raw.githubusercontent.com/footballcsv/cache.footballdata/f43a2aa0c65fb061c87e9541e7a567dd58ff933a/2017-18/nl.1.csv,f43a2aa0c65fb061c87e9541e7a567dd58ff933a,155,2026-09-04T07:11:21.740Z,Eredivisie,2017-18,2017-12-23,Excelsior,Twente,0,0,D,0,0,D,,source_reported_FT,Excelsior,Twente
footballcsv/cache.footballdata,https://raw.githubusercontent.com/footballcsv/cache.footballdata/f43a2aa0c65fb061c87e9541e7a567dd58ff933a/2017-18/nl.1.csv,f43a2aa0c65fb061c87e9541e7a567dd58ff933a,156,2026-09-04T07:11:21.740Z,Eredivisie,2017-18,2017-12-23,NAC Breda,Utrecht,3,1,H,1,0,H,,source_reported_FT,NAC Breda,Utrecht
footballcsv/cache.footballdata,https://raw.githubusercontent.com/footballcsv/cache.footballdata/f43a2aa0c65fb061c87e9541e7a567dd58ff933a/2017-18/nl.1.csv,f43a2aa0c65fb061c87e9541e7a567dd58ff933a,157,2026-09-04T07:11:21.740Z,Eredivisie,2017-18,2017-12-23,PSV Eindhoven,Vitesse,2,1,H,1,1,D,,source_reported_FT,PSV Eindhoven,Vitesse
footballcsv/cache.footballdata,https://raw.githubusercontent.com/footballcsv/cache.footballdata/f43a2aa0c65fb061c87e9541e7a567dd58ff933a/2017-18/nl.1.csv,f43a2aa0c65fb061c87e9541e7a567dd58ff933a,158,2026-09-04T07:11:21.740Z,Eredivisie,2017-18,2017-12-24,Ajax,Willem II,3,1,H,0,0,D,,source_reported_FT,Ajax,Willem II
footballcsv/cache.footballdata,https://raw.githubusercontent.com/footballcsv/cache.footballdata/f43a2aa0c65fb061c87e9541e7a567dd58ff933a/2017-18/nl.1.csv,f43a2aa0c65fb061c87e9541e7a567dd58ff933a,159,2026-09-04T07:11:21.740Z,Eredivisie,2017-18,2017-12-24,Feyenoord,Roda,5,1,H,2,0,H,,source_reported_FT,Feyenoord,Roda
footballcsv/cache.footballdata,https://raw.githubusercontent.com/footballcsv/cache.footballdata/f43a2aa0c65fb061c87e9541e7a567dd58ff933a/2017-18/nl.1.csv,f43a2aa0c65fb061c87e9541e7a567dd58ff933a,160,2026-09-04T07:11:21.740Z,Eredivisie,2017-18,2017-12-24,Groningen,Sparta Rotterdam,4,0,H,0,0,D,,source_reported_FT,Groningen,Sparta Rotterdam
footballcsv/cache.footballdata,https://raw.githubusercontent.com/footballcsv/cache.footballdata/f43a2aa0c65fb061c87e9541e7a567dd58ff933a/2017-18/nl.1.csv,f43a2aa0c65fb061c87e9541e7a567dd58ff933a,161,2026-09-04T07:11:21.740Z,Eredivisie,2017-18,2017-12-24,VVV Venlo,Heracles,3,1,H,1,1,D,,source_reported_FT,VVV Venlo,Heracles
footballcsv/cache.footballdata,https://raw.githubusercontent.com/footballcsv/cache.footballdata/f43a2aa0c65fb061c87e9541e7a567dd58ff933a/2017-18/nl.1.csv,f43a2aa0c65fb061c87e9541e7a567dd58ff933a,162,2026-09-04T07:11:21.740Z,Eredivisie,2017-18,2018-01-16,Sparta Rotterdam,Vitesse,0,1,A,0,0,D,,source_reported_FT,Sparta Rotterdam,Vitesse
footballcsv/cache.footballdata,https://raw.githubusercontent.com/footballcsv/cache.footballdata/f43a2aa0c65fb061c87e9541e7a567dd58ff933a/2017-18/nl.1.csv,f43a2aa0c65fb061c87e9541e7a567dd58ff933a,163,2026-09-04T07:11:21.740Z,Eredivisie,2017-18,2018-01-19,Utrecht,AZ Alkmaar,1,1,D,0,0,D,,source_reported_FT,Utrecht,AZ Alkmaar
footballcsv/cache.footballdata,https://raw.githubusercontent.com/footballcsv/cache.footballdata/f43a2aa0c65fb061c87e9541e7a567dd58ff933a/2017-18/nl.1.csv,f43a2aa0c65fb061c87e9541e7a567dd58ff933a,164,2026-09-04T07:11:21.740Z,Eredivisie,2017-18,2018-01-20,Den Haag,VVV Venlo,1,1,D,1,0,H,,source_reported_FT,Den Haag,VVV Venlo
footballcsv/cache.footballdata,https://raw.githubusercontent.com/footballcsv/cache.footballdata/f43a2aa0c65fb061c87e9541e7a567dd58ff933a/2017-18/nl.1.csv,f43a2aa0c65fb061c87e9541e7a567dd58ff933a,165,2026-09-04T07:11:21.740Z,Eredivisie,2017-18,2018-01-20,Roda,Twente,1,1,D,0,0,D,,source_reported_FT,Roda,Twente
footballcsv/cache.footballdata,https://raw.githubusercontent.com/footballcsv/cache.footballdata/f43a2aa0c65fb061c87e9541e7a567dd58ff933a/2017-18/nl.1.csv,f43a2aa0c65fb061c87e9541e7a567dd58ff933a,166,2026-09-04T07:11:21.740Z,Eredivisie,2017-18,2018-01-20,Vitesse,Heerenveen,1,1,D,1,1,D,,source_reported_FT,Vitesse,Heerenveen
footballcsv/cache.footballdata,https://raw.githubusercontent.com/footballcsv/cache.footballdata/f43a2aa0c65fb061c87e9541e7a567dd58ff933a/2017-18/nl.1.csv,f43a2aa0c65fb061c87e9541e7a567dd58ff933a,167,2026-09-04T07:11:21.740Z,Eredivisie,2017-18,2018-01-20,Zwolle,NAC Breda,1,0,H,1,0,H,,source_reported_FT,Zwolle,NAC Breda
footballcsv/cache.footballdata,https://raw.githubusercontent.com/footballcsv/cache.footballdata/f43a2aa0c65fb061c87e9541e7a567dd58ff933a/2017-18/nl.1.csv,f43a2aa0c65fb061c87e9541e7a567dd58ff933a,168,2026-09-04T07:11:21.740Z,Eredivisie,2017-18,2018-01-21,Ajax,Feyenoord,2,0,H,0,0,D,,source_reported_FT,Ajax,Feyenoord
footballcsv/cache.footballdata,https://raw.githubusercontent.com/footballcsv/cache.footballdata/f43a2aa0c65fb061c87e9541e7a567dd58ff933a/2017-18/nl.1.csv,f43a2aa0c65fb061c87e9541e7a567dd58ff933a,169,2026-09-04T07:11:21.740Z,Eredivisie,2017-18,2018-01-21,Heracles,PSV Eindhoven,1,2,A,0,1,A,,source_reported_FT,Heracles,PSV Eindhoven
footballcsv/cache.footballdata,https://raw.githubusercontent.com/footballcsv/cache.footballdata/f43a2aa0c65fb061c87e9541e7a567dd58ff933a/2017-18/nl.1.csv,f43a2aa0c65fb061c87e9541e7a567dd58ff933a,170,2026-09-04T07:11:21.740Z,Eredivisie,2017-18,2018-01-21,Sparta Rotterdam,Excelsior,2,3,A,2,2,D,,source_reported_FT,Sparta Rotterdam,Excelsior
footballcsv/cache.footballdata,https://raw.githubusercontent.com/footballcsv/cache.footballdata/f43a2aa0c65fb061c87e9541e7a567dd58ff933a/2017-18/nl.1.csv,f43a2aa0c65fb061c87e9541e7a567dd58ff933a,171,2026-09-04T07:11:21.740Z,Eredivisie,2017-18,2018-01-21,Willem II,Groningen,1,1,D,0,1,A,,source_reported_FT,Willem II,Groningen
footballcsv/cache.footballdata,https://raw.githubusercontent.com/footballcsv/cache.footballdata/f43a2aa0c65fb061c87e9541e7a567dd58ff933a/2017-18/nl.1.csv,f43a2aa0c65fb061c87e9541e7a567dd58ff933a,172,2026-09-04T07:11:21.740Z,Eredivisie,2017-18,2018-01-24,Utrecht,Feyenoord,1,1,D,1,1,D,,source_reported_FT,Utrecht,Feyenoord
footballcsv/cache.footballdata,https://raw.githubusercontent.com/footballcsv/cache.footballdata/f43a2aa0c65fb061c87e9541e7a567dd58ff933a/2017-18/nl.1.csv,f43a2aa0c65fb061c87e9541e7a567dd58ff933a,173,2026-09-04T07:11:21.740Z,Eredivisie,2017-18,2018-01-26,Heerenveen,Sparta Rotterdam,2,1,H,1,1,D,,source_reported_FT,Heerenveen,Sparta Rotterdam
footballcsv/cache.footballdata,https://raw.githubusercontent.com/footballcsv/cache.footballdata/f43a2aa0c65fb061c87e9541e7a567dd58ff933a/2017-18/nl.1.csv,f43a2aa0c65fb061c87e9541e7a567dd58ff933a,174,2026-09-04T07:11:21.740Z,Eredivisie,2017-18,2018-01-27,Groningen,Heracles,3,3,D,3,1,H,,source_reported_FT,Groningen,Heracles
footballcsv/cache.footballdata,https://raw.githubusercontent.com/footballcsv/cache.footballdata/f43a2aa0c65fb061c87e9541e7a567dd58ff933a/2017-18/nl.1.csv,f43a2aa0c65fb061c87e9541e7a567dd58ff933a,175,2026-09-04T07:11:21.740Z,Eredivisie,2017-18,2018-01-27,NAC Breda,VVV Venlo,0,1,A,0,0,D,,source_reported_FT,NAC Breda,VVV Venlo
footballcsv/cache.footballdata,https://raw.githubusercontent.com/footballcsv/cache.footballdata/f43a2aa0c65fb061c87e9541e7a567dd58ff933a/2017-18/nl.1.csv,f43a2aa0c65fb061c87e9541e7a567dd58ff933a,176,2026-09-04T07:11:21.740Z,Eredivisie,2017-18,2018-01-27,Twente,PSV Eindhoven,0,2,A,0,1,A,,source_reported_FT,Twente,PSV Eindhoven
footballcsv/cache.footballdata,https://raw.githubusercontent.com/footballcsv/cache.footballdata/f43a2aa0c65fb061c87e9541e7a567dd58ff933a/2017-18/nl.1.csv,f43a2aa0c65fb061c87e9541e7a567dd58ff933a,177,2026-09-04T07:11:21.740Z,Eredivisie,2017-18,2018-01-27,Zwolle,Vitesse,1,2,A,0,1,A,,source_reported_FT,Zwolle,Vitesse
footballcsv/cache.footballdata,https://raw.githubusercontent.com/footballcsv/cache.footballdata/f43a2aa0c65fb061c87e9541e7a567dd58ff933a/2017-18/nl.1.csv,f43a2aa0c65fb061c87e9541e7a567dd58ff933a,178,2026-09-04T07:11:21.740Z,Eredivisie,2017-18,2018-01-28,Feyenoord,Den Haag,3,1,H,0,0,D,,source_reported_FT,Feyenoord,Den Haag
footballcsv/cache.footballdata,https://raw.githubusercontent.com/footballcsv/cache.footballdata/f43a2aa0c65fb061c87e9541e7a567dd58ff933a/2017-18/nl.1.csv,f43a2aa0c65fb061c87e9541e7a567dd58ff933a,179,2026-09-04T07:11:21.740Z,Eredivisie,2017-18,2018-01-28,Roda,Excelsior,2,1,H,1,1,D,,source_reported_FT,Roda,Excelsior
footballcsv/cache.footballdata,https://raw.githubusercontent.com/footballcsv/cache.footballdata/f43a2aa0c65fb061c87e9541e7a567dd58ff933a/2017-18/nl.1.csv,f43a2aa0c65fb061c87e9541e7a567dd58ff933a,180,2026-09-04T07:11:21.740Z,Eredivisie,2017-18,2018-01-28,Utrecht,Ajax,0,0,D,0,0,D,,source_reported_FT,Utrecht,Ajax
footballcsv/cache.footballdata,https://raw.githubusercontent.com/footballcsv/cache.footballdata/f43a2aa0c65fb061c87e9541e7a567dd58ff933a/2017-18/nl.1.csv,f43a2aa0c65fb061c87e9541e7a567dd58ff933a,181,2026-09-04T07:11:21.740Z,Eredivisie,2017-18,2018-01-28,Willem II,AZ Alkmaar,0,2,A,0,2,A,,source_reported_FT,Willem II,AZ Alkmaar
footballcsv/cache.footballdata,https://raw.githubusercontent.com/footballcsv/cache.footballdata/f43a2aa0c65fb061c87e9541e7a567dd58ff933a/2017-18/nl.1.csv,f43a2aa0c65fb061c87e9541e7a567dd58ff933a,182,2026-09-04T07:11:21.740Z,Eredivisie,2017-18,2018-02-02,Vitesse,Groningen,2,0,H,2,0,H,,source_reported_FT,Vitesse,Groningen
footballcsv/cache.footballdata,https://raw.githubusercontent.com/footballcsv/cache.footballdata/f43a2aa0c65fb061c87e9541e7a567dd58ff933a/2017-18/nl.1.csv,f43a2aa0c65fb061c87e9541e7a567dd58ff933a,183,2026-09-04T07:11:21.740Z,Eredivisie,2017-18,2018-02-03,Heerenveen,Twente,1,0,H,0,0,D,,source_reported_FT,Heerenveen,Twente
footballcsv/cache.footballdata,https://raw.githubusercontent.com/footballcsv/cache.footballdata/f43a2aa0c65fb061c87e9541e7a567dd58ff933a/2017-18/nl.1.csv,f43a2aa0c65fb061c87e9541e7a567dd58ff933a,184,2026-09-04T07:11:21.740Z,Eredivisie,2017-18,2018-02-03,Heracles,Den Haag,1,1,D,0,1,A,,source_reported_FT,Heracles,Den Haag
footballcsv/cache.footballdata,https://raw.githubusercontent.com/footballcsv/cache.footballdata/f43a2aa0c65fb061c87e9541e7a567dd58ff933a/2017-18/nl.1.csv,f43a2aa0c65fb061c87e9541e7a567dd58ff933a,185,2026-09-04T07:11:21.740Z,Eredivisie,2017-18,2018-02-03,PSV Eindhoven,Zwolle,4,0,H,1,0,H,,source_reported_FT,PSV Eindhoven,Zwolle
footballcsv/cache.footballdata,https://raw.githubusercontent.com/footballcsv/cache.footballdata/f43a2aa0c65fb061c87e9541e7a567dd58ff933a/2017-18/nl.1.csv,f43a2aa0c65fb061c87e9541e7a567dd58ff933a,187,2026-09-04T07:11:21.740Z,Eredivisie,2017-18,2018-02-04,AZ Alkmaar,Roda,2,2,D,2,1,H,,source_reported_FT,AZ Alkmaar,Roda
footballcsv/cache.footballdata,https://raw.githubusercontent.com/footballcsv/cache.footballdata/f43a2aa0c65fb061c87e9541e7a567dd58ff933a/2017-18/nl.1.csv,f43a2aa0c65fb061c87e9541e7a567dd58ff933a,186,2026-09-04T07:11:21.740Z,Eredivisie,2017-18,2018-02-04,Ajax,NAC Breda,3,1,H,2,1,H,,source_reported_FT,Ajax,NAC Breda
footballcsv/cache.footballdata,https://raw.githubusercontent.com/footballcsv/cache.footballdata/f43a2aa0c65fb061c87e9541e7a567dd58ff933a/2017-18/nl.1.csv,f43a2aa0c65fb061c87e9541e7a567dd58ff933a,188,2026-09-04T07:11:21.740Z,Eredivisie,2017-18,2018-02-04,Excelsior,Utrecht,2,2,D,1,1,D,,source_reported_FT,Excelsior,Utrecht
footballcsv/cache.footballdata,https://raw.githubusercontent.com/footballcsv/cache.footballdata/f43a2aa0c65fb061c87e9541e7a567dd58ff933a/2017-18/nl.1.csv,f43a2aa0c65fb061c87e9541e7a567dd58ff933a,189,2026-09-04T07:11:21.740Z,Eredivisie,2017-18,2018-02-04,Sparta Rotterdam,Willem II,1,0,H,1,0,H,,source_reported_FT,Sparta Rotterdam,Willem II
footballcsv/cache.footballdata,https://raw.githubusercontent.com/footballcsv/cache.footballdata/f43a2aa0c65fb061c87e9541e7a567dd58ff933a/2017-18/nl.1.csv,f43a2aa0c65fb061c87e9541e7a567dd58ff933a,190,2026-09-04T07:11:21.740Z,Eredivisie,2017-18,2018-02-04,VVV Venlo,Feyenoord,1,0,H,0,0,D,,source_reported_FT,VVV Venlo,Feyenoord
footballcsv/cache.footballdata,https://raw.githubusercontent.com/footballcsv/cache.footballdata/f43a2aa0c65fb061c87e9541e7a567dd58ff933a/2017-18/nl.1.csv,f43a2aa0c65fb061c87e9541e7a567dd58ff933a,191,2026-09-04T07:11:21.740Z,Eredivisie,2017-18,2018-02-06,Zwolle,Heerenveen,3,2,H,2,0,H,,source_reported_FT,Zwolle,Heerenveen
footballcsv/cache.footballdata,https://raw.githubusercontent.com/footballcsv/cache.footballdata/f43a2aa0c65fb061c87e9541e7a567dd58ff933a/2017-18/nl.1.csv,f43a2aa0c65fb061c87e9541e7a567dd58ff933a,192,2026-09-04T07:11:21.740Z,Eredivisie,2017-18,2018-02-07,NAC Breda,Heracles,6,1,H,2,1,H,,source_reported_FT,NAC Breda,Heracles
footballcsv/cache.footballdata,https://raw.githubusercontent.com/footballcsv/cache.footballdata/f43a2aa0c65fb061c87e9541e7a567dd58ff933a/2017-18/nl.1.csv,f43a2aa0c65fb061c87e9541e7a567dd58ff933a,193,2026-09-04T07:11:21.740Z,Eredivisie,2017-18,2018-02-07,PSV Eindhoven,Excelsior,1,0,H,1,0,H,,source_reported_FT,PSV Eindhoven,Excelsior
footballcsv/cache.footballdata,https://raw.githubusercontent.com/footballcsv/cache.footballdata/f43a2aa0c65fb061c87e9541e7a567dd58ff933a/2017-18/nl.1.csv,f43a2aa0c65fb061c87e9541e7a567dd58ff933a,194,2026-09-04T07:11:21.740Z,Eredivisie,2017-18,2018-02-07,Roda,Ajax,2,4,A,1,2,A,,source_reported_FT,Roda,Ajax
footballcsv/cache.footballdata,https://raw.githubusercontent.com/footballcsv/cache.footballdata/f43a2aa0c65fb061c87e9541e7a567dd58ff933a/2017-18/nl.1.csv,f43a2aa0c65fb061c87e9541e7a567dd58ff933a,195,2026-09-04T07:11:21.740Z,Eredivisie,2017-18,2018-02-07,Twente,AZ Alkmaar,0,4,A,0,1,A,,source_reported_FT,Twente,AZ Alkmaar
footballcsv/cache.footballdata,https://raw.githubusercontent.com/footballcsv/cache.footballdata/f43a2aa0c65fb061c87e9541e7a567dd58ff933a/2017-18/nl.1.csv,f43a2aa0c65fb061c87e9541e7a567dd58ff933a,196,2026-09-04T07:11:21.740Z,Eredivisie,2017-18,2018-02-07,Utrecht,Sparta Rotterdam,1,0,H,0,0,D,,source_reported_FT,Utrecht,Sparta Rotterdam
footballcsv/cache.footballdata,https://raw.githubusercontent.com/footballcsv/cache.footballdata/f43a2aa0c65fb061c87e9541e7a567dd58ff933a/2017-18/nl.1.csv,f43a2aa0c65fb061c87e9541e7a567dd58ff933a,197,2026-09-04T07:11:21.740Z,Eredivisie,2017-18,2018-02-07,Willem II,VVV Venlo,3,0,H,1,0,H,,source_reported_FT,Willem II,VVV Venlo
footballcsv/cache.footballdata,https://raw.githubusercontent.com/footballcsv/cache.footballdata/f43a2aa0c65fb061c87e9541e7a567dd58ff933a/2017-18/nl.1.csv,f43a2aa0c65fb061c87e9541e7a567dd58ff933a,198,2026-09-04T07:11:21.740Z,Eredivisie,2017-18,2018-02-08,Den Haag,Vitesse,1,0,H,0,0,D,,source_reported_FT,Den Haag,Vitesse
footballcsv/cache.footballdata,https://raw.githubusercontent.com/footballcsv/cache.footballdata/f43a2aa0c65fb061c87e9541e7a567dd58ff933a/2017-18/nl.1.csv,f43a2aa0c65fb061c87e9541e7a567dd58ff933a,199,2026-09-04T07:11:21.740Z,Eredivisie,2017-18,2018-02-08,Feyenoord,Groningen,3,0,H,0,0,D,,source_reported_FT,Feyenoord,Groningen
footballcsv/cache.footballdata,https://raw.githubusercontent.com/footballcsv/cache.footballdata/f43a2aa0c65fb061c87e9541e7a567dd58ff933a/2017-18/nl.1.csv,f43a2aa0c65fb061c87e9541e7a567dd58ff933a,200,2026-09-04T07:11:21.740Z,Eredivisie,2017-18,2018-02-10,AZ Alkmaar,VVV Venlo,0,0,D,0,0,D,,source_reported_FT,AZ Alkmaar,VVV Venlo
footballcsv/cache.footballdata,https://raw.githubusercontent.com/footballcsv/cache.footballdata/f43a2aa0c65fb061c87e9541e7a567dd58ff933a/2017-18/nl.1.csv,f43a2aa0c65fb061c87e9541e7a567dd58ff933a,201,2026-09-04T07:11:21.740Z,Eredivisie,2017-18,2018-02-10,Heerenveen,Roda,1,1,D,0,1,A,,source_reported_FT,Heerenveen,Roda
footballcsv/cache.footballdata,https://raw.githubusercontent.com/footballcsv/cache.footballdata/f43a2aa0c65fb061c87e9541e7a567dd58ff933a/2017-18/nl.1.csv,f43a2aa0c65fb061c87e9541e7a567dd58ff933a,202,2026-09-04T07:11:21.740Z,Eredivisie,2017-18,2018-02-10,Heracles,Willem II,1,0,H,1,0,H,,source_reported_FT,Heracles,Willem II
footballcsv/cache.footballdata,https://raw.githubusercontent.com/footballcsv/cache.footballdata/f43a2aa0c65fb061c87e9541e7a567dd58ff933a/2017-18/nl.1.csv,f43a2aa0c65fb061c87e9541e7a567dd58ff933a,203,2026-09-04T07:11:21.740Z,Eredivisie,2017-18,2018-02-10,Sparta Rotterdam,PSV Eindhoven,1,2,A,1,1,D,,source_reported_FT,Sparta Rotterdam,PSV Eindhoven
footballcsv/cache.footballdata,https://raw.githubusercontent.com/footballcsv/cache.footballdata/f43a2aa0c65fb061c87e9541e7a567dd58ff933a/2017-18/nl.1.csv,f43a2aa0c65fb061c87e9541e7a567dd58ff933a,204,2026-09-04T07:11:21.740Z,Eredivisie,2017-18,2018-02-10,Utrecht,Zwolle,2,1,H,2,0,H,,source_reported_FT,Utrecht,Zwolle
footballcsv/cache.footballdata,https://raw.githubusercontent.com/footballcsv/cache.footballdata/f43a2aa0c65fb061c87e9541e7a567dd58ff933a/2017-18/nl.1.csv,f43a2aa0c65fb061c87e9541e7a567dd58ff933a,205,2026-09-04T07:11:21.740Z,Eredivisie,2017-18,2018-02-11,Ajax,Twente,2,1,H,1,0,H,,source_reported_FT,Ajax,Twente
footballcsv/cache.footballdata,https://raw.githubusercontent.com/footballcsv/cache.footballdata/f43a2aa0c65fb061c87e9541e7a567dd58ff933a/2017-18/nl.1.csv,f43a2aa0c65fb061c87e9541e7a567dd58ff933a,206,2026-09-04T07:11:21.740Z,Eredivisie,2017-18,2018-02-11,Excelsior,NAC Breda,0,0,D,0,0,D,,source_reported_FT,Excelsior,NAC Breda
footballcsv/cache.footballdata,https://raw.githubusercontent.com/footballcsv/cache.footballdata/f43a2aa0c65fb061c87e9541e7a567dd58ff933a/2017-18/nl.1.csv,f43a2aa0c65fb061c87e9541e7a567dd58ff933a,207,2026-09-04T07:11:21.740Z,Eredivisie,2017-18,2018-02-11,Groningen,Den Haag,0,0,D,0,0,D,,source_reported_FT,Groningen,Den Haag
footballcsv/cache.footballdata,https://raw.githubusercontent.com/footballcsv/cache.footballdata/f43a2aa0c65fb061c87e9541e7a567dd58ff933a/2017-18/nl.1.csv,f43a2aa0c65fb061c87e9541e7a567dd58ff933a,208,2026-09-04T07:11:21.740Z,Eredivisie,2017-18,2018-02-11,Vitesse,Feyenoord,3,1,H,1,1,D,,source_reported_FT,Vitesse,Feyenoord
footballcsv/cache.footballdata,https://raw.githubusercontent.com/footballcsv/cache.footballdata/f43a2aa0c65fb061c87e9541e7a567dd58ff933a/2017-18/nl.1.csv,f43a2aa0c65fb061c87e9541e7a567dd58ff933a,209,2026-09-04T07:11:21.740Z,Eredivisie,2017-18,2018-02-16,VVV Venlo,Groningen,1,1,D,1,1,D,,source_reported_FT,VVV Venlo,Groningen
footballcsv/cache.footballdata,https://raw.githubusercontent.com/footballcsv/cache.footballdata/f43a2aa0c65fb061c87e9541e7a567dd58ff933a/2017-18/nl.1.csv,f43a2aa0c65fb061c87e9541e7a567dd58ff933a,210,2026-09-04T07:11:21.740Z,Eredivisie,2017-18,2018-02-17,Den Haag,Willem II,2,1,H,0,1,A,,source_reported_FT,Den Haag,Willem II
footballcsv/cache.footballdata,https://raw.githubusercontent.com/footballcsv/cache.footballdata/f43a2aa0c65fb061c87e9541e7a567dd58ff933a/2017-18/nl.1.csv,f43a2aa0c65fb061c87e9541e7a567dd58ff933a,211,2026-09-04T07:11:21.740Z,Eredivisie,2017-18,2018-02-17,NAC Breda,AZ Alkmaar,1,3,A,0,1,A,,source_reported_FT,NAC Breda,AZ Alkmaar
footballcsv/cache.footballdata,https://raw.githubusercontent.com/footballcsv/cache.footballdata/f43a2aa0c65fb061c87e9541e7a567dd58ff933a/2017-18/nl.1.csv,f43a2aa0c65fb061c87e9541e7a567dd58ff933a,212,2026-09-04T07:11:21.740Z,Eredivisie,2017-18,2018-02-17,PSV Eindhoven,Heerenveen,2,2,D,2,0,H,,source_reported_FT,PSV Eindhoven,Heerenveen
footballcsv/cache.footballdata,https://raw.githubusercontent.com/footballcsv/cache.footballdata/f43a2aa0c65fb061c87e9541e7a567dd58ff933a/2017-18/nl.1.csv,f43a2aa0c65fb061c87e9541e7a567dd58ff933a,213,2026-09-04T07:11:21.740Z,Eredivisie,2017-18,2018-02-17,Vitesse,Excelsior,1,2,A,1,1,D,,source_reported_FT,Vitesse,Excelsior
footballcsv/cache.footballdata,https://raw.githubusercontent.com/footballcsv/cache.footballdata/f43a2aa0c65fb061c87e9541e7a567dd58ff933a/2017-18/nl.1.csv,f43a2aa0c65fb061c87e9541e7a567dd58ff933a,214,2026-09-04T07:11:21.740Z,Eredivisie,2017-18,2018-02-18,Feyenoord,Heracles,1,0,H,0,0,D,,source_reported_FT,Feyenoord,Heracles
footballcsv/cache.footballdata,https://raw.githubusercontent.com/footballcsv/cache.footballdata/f43a2aa0c65fb061c87e9541e7a567dd58ff933a/2017-18/nl.1.csv,f43a2aa0c65fb061c87e9541e7a567dd58ff933a,215,2026-09-04T07:11:21.740Z,Eredivisie,2017-18,2018-02-18,Roda,Utrecht,1,4,A,0,1,A,,source_reported_FT,Roda,Utrecht
footballcsv/cache.footballdata,https://raw.githubusercontent.com/footballcsv/cache.footballdata/f43a2aa0c65fb061c87e9541e7a567dd58ff933a/2017-18/nl.1.csv,f43a2aa0c65fb061c87e9541e7a567dd58ff933a,216,2026-09-04T07:11:21.740Z,Eredivisie,2017-18,2018-02-18,Twente,Sparta Rotterdam,1,1,D,0,0,D,,source_reported_FT,Twente,Sparta Rotterdam
footballcsv/cache.footballdata,https://raw.githubusercontent.com/footballcsv/cache.footballdata/f43a2aa0c65fb061c87e9541e7a567dd58ff933a/2017-18/nl.1.csv,f43a2aa0c65fb061c87e9541e7a567dd58ff933a,217,2026-09-04T07:11:21.740Z,Eredivisie,2017-18,2018-02-18,Zwolle,Ajax,0,1,A,0,0,D,,source_reported_FT,Zwolle,Ajax
footballcsv/cache.footballdata,https://raw.githubusercontent.com/footballcsv/cache.footballdata/f43a2aa0c65fb061c87e9541e7a567dd58ff933a/2017-18/nl.1.csv,f43a2aa0c65fb061c87e9541e7a567dd58ff933a,218,2026-09-04T07:11:21.740Z,Eredivisie,2017-18,2018-02-23,Groningen,NAC Breda,1,1,D,0,0,D,,source_reported_FT,Groningen,NAC Breda
footballcsv/cache.footballdata,https://raw.githubusercontent.com/footballcsv/cache.footballdata/f43a2aa0c65fb061c87e9541e7a567dd58ff933a/2017-18/nl.1.csv,f43a2aa0c65fb061c87e9541e7a567dd58ff933a,219,2026-09-04T07:11:21.740Z,Eredivisie,2017-18,2018-02-24,AZ Alkmaar,Sparta Rotterdam,2,1,H,1,1,D,,source_reported_FT,AZ Alkmaar,Sparta Rotterdam
footballcsv/cache.footballdata,https://raw.githubusercontent.com/footballcsv/cache.footballdata/f43a2aa0c65fb061c87e9541e7a567dd58ff933a/2017-18/nl.1.csv,f43a2aa0c65fb061c87e9541e7a567dd58ff933a,220,2026-09-04T07:11:21.740Z,Eredivisie,2017-18,2018-02-24,Heerenveen,Excelsior,0,1,A,0,1,A,,source_reported_FT,Heerenveen,Excelsior
footballcsv/cache.footballdata,https://raw.githubusercontent.com/footballcsv/cache.footballdata/f43a2aa0c65fb061c87e9541e7a567dd58ff933a/2017-18/nl.1.csv,f43a2aa0c65fb061c87e9541e7a567dd58ff933a,221,2026-09-04T07:11:21.740Z,Eredivisie,2017-18,2018-02-24,Heracles,Zwolle,2,1,H,1,0,H,,source_reported_FT,Heracles,Zwolle
footballcsv/cache.footballdata,https://raw.githubusercontent.com/footballcsv/cache.footballdata/f43a2aa0c65fb061c87e9541e7a567dd58ff933a/2017-18/nl.1.csv,f43a2aa0c65fb061c87e9541e7a567dd58ff933a,222,2026-09-04T07:11:21.740Z,Eredivisie,2017-18,2018-02-24,VVV Venlo,Vitesse,2,2,D,2,1,H,,source_reported_FT,VVV Venlo,Vitesse
footballcsv/cache.footballdata,https://raw.githubusercontent.com/footballcsv/cache.footballdata/f43a2aa0c65fb061c87e9541e7a567dd58ff933a/2017-18/nl.1.csv,f43a2aa0c65fb061c87e9541e7a567dd58ff933a,223,2026-09-04T07:11:21.740Z,Eredivisie,2017-18,2018-02-25,Ajax,Den Haag,0,0,D,0,0,D,,source_reported_FT,Ajax,Den Haag
footballcsv/cache.footballdata,https://raw.githubusercontent.com/footballcsv/cache.footballdata/f43a2aa0c65fb061c87e9541e7a567dd58ff933a/2017-18/nl.1.csv,f43a2aa0c65fb061c87e9541e7a567dd58ff933a,224,2026-09-04T07:11:21.740Z,Eredivisie,2017-18,2018-02-25,Feyenoord,PSV Eindhoven,1,3,A,0,2,A,,source_reported_FT,Feyenoord,PSV Eindhoven
footballcsv/cache.footballdata,https://raw.githubusercontent.com/footballcsv/cache.footballdata/f43a2aa0c65fb061c87e9541e7a567dd58ff933a/2017-18/nl.1.csv,f43a2aa0c65fb061c87e9541e7a567dd58ff933a,225,2026-09-04T07:11:21.740Z,Eredivisie,2017-18,2018-02-25,Utrecht,Twente,3,1,H,1,1,D,,source_reported_FT,Utrecht,Twente
footballcsv/cache.footballdata,https://raw.githubusercontent.com/footballcsv/cache.footballdata/f43a2aa0c65fb061c87e9541e7a567dd58ff933a/2017-18/nl.1.csv,f43a2aa0c65fb061c87e9541e7a567dd58ff933a,226,2026-09-04T07:11:21.740Z,Eredivisie,2017-18,2018-02-25,Willem II,Roda,1,0,H,1,0,H,,source_reported_FT,Willem II,Roda
footballcsv/cache.footballdata,https://raw.githubusercontent.com/footballcsv/cache.footballdata/f43a2aa0c65fb061c87e9541e7a567dd58ff933a/2017-18/nl.1.csv,f43a2aa0c65fb061c87e9541e7a567dd58ff933a,227,2026-09-04T07:11:21.740Z,Eredivisie,2017-18,2018-03-02,Roda,Heracles,0,3,A,0,2,A,,source_reported_FT,Roda,Heracles
footballcsv/cache.footballdata,https://raw.githubusercontent.com/footballcsv/cache.footballdata/f43a2aa0c65fb061c87e9541e7a567dd58ff933a/2017-18/nl.1.csv,f43a2aa0c65fb061c87e9541e7a567dd58ff933a,228,2026-09-04T07:11:21.740Z,Eredivisie,2017-18,2018-03-03,Excelsior,AZ Alkmaar,1,2,A,0,2,A,,source_reported_FT,Excelsior,AZ Alkmaar
footballcsv/cache.footballdata,https://raw.githubusercontent.com/footballcsv/cache.footballdata/f43a2aa0c65fb061c87e9541e7a567dd58ff933a/2017-18/nl.1.csv,f43a2aa0c65fb061c87e9541e7a567dd58ff933a,229,2026-09-04T07:11:21.740Z,Eredivisie,2017-18,2018-03-03,Heerenveen,Willem II,2,0,H,1,0,H,,source_reported_FT,Heerenveen,Willem II
footballcsv/cache.footballdata,https://raw.githubusercontent.com/footballcsv/cache.footballdata/f43a2aa0c65fb061c87e9541e7a567dd58ff933a/2017-18/nl.1.csv,f43a2aa0c65fb061c87e9541e7a567dd58ff933a,230,2026-09-04T07:11:21.740Z,Eredivisie,2017-18,2018-03-03,NAC Breda,Feyenoord,2,1,H,1,1,D,,source_reported_FT,NAC Breda,Feyenoord
footballcsv/cache.footballdata,https://raw.githubusercontent.com/footballcsv/cache.footballdata/f43a2aa0c65fb061c87e9541e7a567dd58ff933a/2017-18/nl.1.csv,f43a2aa0c65fb061c87e9541e7a567dd58ff933a,231,2026-09-04T07:11:21.740Z,Eredivisie,2017-18,2018-03-03,PSV Eindhoven,Utrecht,3,0,H,2,0,H,,source_reported_FT,PSV Eindhoven,Utrecht
footballcsv/cache.footballdata,https://raw.githubusercontent.com/footballcsv/cache.footballdata/f43a2aa0c65fb061c87e9541e7a567dd58ff933a/2017-18/nl.1.csv,f43a2aa0c65fb061c87e9541e7a567dd58ff933a,232,2026-09-04T07:11:21.740Z,Eredivisie,2017-18,2018-03-04,Sparta Rotterdam,Den Haag,2,1,H,0,1,A,,source_reported_FT,Sparta Rotterdam,Den Haag
footballcsv/cache.footballdata,https://raw.githubusercontent.com/footballcsv/cache.footballdata/f43a2aa0c65fb061c87e9541e7a567dd58ff933a/2017-18/nl.1.csv,f43a2aa0c65fb061c87e9541e7a567dd58ff933a,233,2026-09-04T07:11:21.740Z,Eredivisie,2017-18,2018-03-04,Twente,Groningen,1,1,D,0,0,D,,source_reported_FT,Twente,Groningen
footballcsv/cache.footballdata,https://raw.githubusercontent.com/footballcsv/cache.footballdata/f43a2aa0c65fb061c87e9541e7a567dd58ff933a/2017-18/nl.1.csv,f43a2aa0c65fb061c87e9541e7a567dd58ff933a,234,2026-09-04T07:11:21.740Z,Eredivisie,2017-18,2018-03-04,Vitesse,Ajax,3,2,H,1,0,H,,source_reported_FT,Vitesse,Ajax
footballcsv/cache.footballdata,https://raw.githubusercontent.com/footballcsv/cache.footballdata/f43a2aa0c65fb061c87e9541e7a567dd58ff933a/2017-18/nl.1.csv,f43a2aa0c65fb061c87e9541e7a567dd58ff933a,235,2026-09-04T07:11:21.740Z,Eredivisie,2017-18,2018-03-04,Zwolle,VVV Venlo,1,1,D,0,0,D,,source_reported_FT,Zwolle,VVV Venlo
footballcsv/cache.footballdata,https://raw.githubusercontent.com/footballcsv/cache.footballdata/f43a2aa0c65fb061c87e9541e7a567dd58ff933a/2017-18/nl.1.csv,f43a2aa0c65fb061c87e9541e7a567dd58ff933a,236,2026-09-04T07:11:21.740Z,Eredivisie,2017-18,2018-03-09,Heracles,Twente,2,1,H,0,0,D,,source_reported_FT,Heracles,Twente
footballcsv/cache.footballdata,https://raw.githubusercontent.com/footballcsv/cache.footballdata/f43a2aa0c65fb061c87e9541e7a567dd58ff933a/2017-18/nl.1.csv,f43a2aa0c65fb061c87e9541e7a567dd58ff933a,237,2026-09-04T07:11:21.740Z,Eredivisie,2017-18,2018-03-10,Den Haag,NAC Breda,0,2,A,0,2,A,,source_reported_FT,Den Haag,NAC Breda
footballcsv/cache.footballdata,https://raw.githubusercontent.com/footballcsv/cache.footballdata/f43a2aa0c65fb061c87e9541e7a567dd58ff933a/2017-18/nl.1.csv,f43a2aa0c65fb061c87e9541e7a567dd58ff933a,238,2026-09-04T07:11:21.740Z,Eredivisie,2017-18,2018-03-10,Roda,Sparta Rotterdam,0,2,A,0,1,A,,source_reported_FT,Roda,Sparta Rotterdam
footballcsv/cache.footballdata,https://raw.githubusercontent.com/footballcsv/cache.footballdata/f43a2aa0c65fb061c87e9541e7a567dd58ff933a/2017-18/nl.1.csv,f43a2aa0c65fb061c87e9541e7a567dd58ff933a,239,2026-09-04T07:11:21.740Z,Eredivisie,2017-18,2018-03-10,VVV Venlo,Excelsior,2,3,A,1,1,D,,source_reported_FT,VVV Venlo,Excelsior
footballcsv/cache.footballdata,https://raw.githubusercontent.com/footballcsv/cache.footballdata/f43a2aa0c65fb061c87e9541e7a567dd58ff933a/2017-18/nl.1.csv,f43a2aa0c65fb061c87e9541e7a567dd58ff933a,240,2026-09-04T07:11:21.740Z,Eredivisie,2017-18,2018-03-10,Willem II,PSV Eindhoven,5,0,H,1,0,H,,source_reported_FT,Willem II,PSV Eindhoven
footballcsv/cache.footballdata,https://raw.githubusercontent.com/footballcsv/cache.footballdata/f43a2aa0c65fb061c87e9541e7a567dd58ff933a/2017-18/nl.1.csv,f43a2aa0c65fb061c87e9541e7a567dd58ff933a,241,2026-09-04T07:11:21.740Z,Eredivisie,2017-18,2018-03-11,Ajax,Heerenveen,4,1,H,1,1,D,,source_reported_FT,Ajax,Heerenveen
footballcsv/cache.footballdata,https://raw.githubusercontent.com/footballcsv/cache.footballdata/f43a2aa0c65fb061c87e9541e7a567dd58ff933a/2017-18/nl.1.csv,f43a2aa0c65fb061c87e9541e7a567dd58ff933a,242,2026-09-04T07:11:21.740Z,Eredivisie,2017-18,2018-03-11,Feyenoord,AZ Alkmaar,2,1,H,1,0,H,,source_reported_FT,Feyenoord,AZ Alkmaar
footballcsv/cache.footballdata,https://raw.githubusercontent.com/footballcsv/cache.footballdata/f43a2aa0c65fb061c87e9541e7a567dd58ff933a/2017-18/nl.1.csv,f43a2aa0c65fb061c87e9541e7a567dd58ff933a,243,2026-09-04T07:11:21.740Z,Eredivisie,2017-18,2018-03-11,Groningen,Zwolle,2,0,H,1,0,H,,source_reported_FT,Groningen,Zwolle
footballcsv/cache.footballdata,https://raw.githubusercontent.com/footballcsv/cache.footballdata/f43a2aa0c65fb061c87e9541e7a567dd58ff933a/2017-18/nl.1.csv,f43a2aa0c65fb061c87e9541e7a567dd58ff933a,244,2026-09-04T07:11:21.740Z,Eredivisie,2017-18,2018-03-11,Utrecht,Vitesse,5,1,H,2,0,H,,source_reported_FT,Utrecht,Vitesse
footballcsv/cache.footballdata,https://raw.githubusercontent.com/footballcsv/cache.footballdata/f43a2aa0c65fb061c87e9541e7a567dd58ff933a/2017-18/nl.1.csv,f43a2aa0c65fb061c87e9541e7a567dd58ff933a,245,2026-09-04T07:11:21.740Z,Eredivisie,2017-18,2018-03-16,Excelsior,Den Haag,1,2,A,1,0,H,,source_reported_FT,Excelsior,Den Haag
footballcsv/cache.footballdata,https://raw.githubusercontent.com/footballcsv/cache.footballdata/f43a2aa0c65fb061c87e9541e7a567dd58ff933a/2017-18/nl.1.csv,f43a2aa0c65fb061c87e9541e7a567dd58ff933a,246,2026-09-04T07:11:21.740Z,Eredivisie,2017-18,2018-03-17,Heerenveen,Utrecht,2,2,D,1,1,D,,source_reported_FT,Heerenveen,Utrecht
footballcsv/cache.footballdata,https://raw.githubusercontent.com/footballcsv/cache.footballdata/f43a2aa0c65fb061c87e9541e7a567dd58ff933a/2017-18/nl.1.csv,f43a2aa0c65fb061c87e9541e7a567dd58ff933a,247,2026-09-04T07:11:21.740Z,Eredivisie,2017-18,2018-03-17,PSV Eindhoven,VVV Venlo,3,0,H,0,0,D,,source_reported_FT,PSV Eindhoven,VVV Venlo
footballcsv/cache.footballdata,https://raw.githubusercontent.com/footballcsv/cache.footballdata/f43a2aa0c65fb061c87e9541e7a567dd58ff933a/2017-18/nl.1.csv,f43a2aa0c65fb061c87e9541e7a567dd58ff933a,248,2026-09-04T07:11:21.740Z,Eredivisie,2017-18,2018-03-17,Twente,Willem II,2,2,D,1,1,D,,source_reported_FT,Twente,Willem II
footballcsv/cache.footballdata,https://raw.githubusercontent.com/footballcsv/cache.footballdata/f43a2aa0c65fb061c87e9541e7a567dd58ff933a/2017-18/nl.1.csv,f43a2aa0c65fb061c87e9541e7a567dd58ff933a,249,2026-09-04T07:11:21.740Z,Eredivisie,2017-18,2018-03-17,Vitesse,Heracles,0,0,D,0,0,D,,source_reported_FT,Vitesse,Heracles
footballcsv/cache.footballdata,https://raw.githubusercontent.com/footballcsv/cache.footballdata/f43a2aa0c65fb061c87e9541e7a567dd58ff933a/2017-18/nl.1.csv,f43a2aa0c65fb061c87e9541e7a567dd58ff933a,250,2026-09-04T07:11:21.740Z,Eredivisie,2017-18,2018-03-18,AZ Alkmaar,Groningen,3,2,H,0,0,D,,source_reported_FT,AZ Alkmaar,Groningen
footballcsv/cache.footballdata,https://raw.githubusercontent.com/footballcsv/cache.footballdata/f43a2aa0c65fb061c87e9541e7a567dd58ff933a/2017-18/nl.1.csv,f43a2aa0c65fb061c87e9541e7a567dd58ff933a,251,2026-09-04T07:11:21.740Z,Eredivisie,2017-18,2018-03-18,NAC Breda,Roda,0,1,A,0,1,A,,source_reported_FT,NAC Breda,Roda
footballcsv/cache.footballdata,https://raw.githubusercontent.com/footballcsv/cache.footballdata/f43a2aa0c65fb061c87e9541e7a567dd58ff933a/2017-18/nl.1.csv,f43a2aa0c65fb061c87e9541e7a567dd58ff933a,252,2026-09-04T07:11:21.740Z,Eredivisie,2017-18,2018-03-18,Sparta Rotterdam,Ajax,2,5,A,1,1,D,,source_reported_FT,Sparta Rotterdam,Ajax
footballcsv/cache.footballdata,https://raw.githubusercontent.com/footballcsv/cache.footballdata/f43a2aa0c65fb061c87e9541e7a567dd58ff933a/2017-18/nl.1.csv,f43a2aa0c65fb061c87e9541e7a567dd58ff933a,253,2026-09-04T07:11:21.740Z,Eredivisie,2017-18,2018-03-18,Zwolle,Feyenoord,3,4,A,0,2,A,,source_reported_FT,Zwolle,Feyenoord
footballcsv/cache.footballdata,https://raw.githubusercontent.com/footballcsv/cache.footballdata/f43a2aa0c65fb061c87e9541e7a567dd58ff933a/2017-18/nl.1.csv,f43a2aa0c65fb061c87e9541e7a567dd58ff933a,254,2026-09-04T07:11:21.740Z,Eredivisie,2017-18,2018-03-31,Den Haag,AZ Alkmaar,0,3,A,0,3,A,,source_reported_FT,Den Haag,AZ Alkmaar
footballcsv/cache.footballdata,https://raw.githubusercontent.com/footballcsv/cache.footballdata/f43a2aa0c65fb061c87e9541e7a567dd58ff933a/2017-18/nl.1.csv,f43a2aa0c65fb061c87e9541e7a567dd58ff933a,255,2026-09-04T07:11:21.740Z,Eredivisie,2017-18,2018-03-31,PSV Eindhoven,NAC Breda,5,1,H,1,0,H,,source_reported_FT,PSV Eindhoven,NAC Breda
footballcsv/cache.footballdata,https://raw.githubusercontent.com/footballcsv/cache.footballdata/f43a2aa0c65fb061c87e9541e7a567dd58ff933a/2017-18/nl.1.csv,f43a2aa0c65fb061c87e9541e7a567dd58ff933a,256,2026-09-04T07:11:21.740Z,Eredivisie,2017-18,2018-03-31,Vitesse,Roda,0,3,A,0,1,A,,source_reported_FT,Vitesse,Roda
footballcsv/cache.footballdata,https://raw.githubusercontent.com/footballcsv/cache.footballdata/f43a2aa0c65fb061c87e9541e7a567dd58ff933a/2017-18/nl.1.csv,f43a2aa0c65fb061c87e9541e7a567dd58ff933a,257,2026-09-04T07:11:21.740Z,Eredivisie,2017-18,2018-03-31,Willem II,Utrecht,3,2,H,2,2,D,,source_reported_FT,Willem II,Utrecht
footballcsv/cache.footballdata,https://raw.githubusercontent.com/footballcsv/cache.footballdata/f43a2aa0c65fb061c87e9541e7a567dd58ff933a/2017-18/nl.1.csv,f43a2aa0c65fb061c87e9541e7a567dd58ff933a,258,2026-09-04T07:11:21.740Z,Eredivisie,2017-18,2018-03-31,Zwolle,Sparta Rotterdam,2,0,H,1,0,H,,source_reported_FT,Zwolle,Sparta Rotterdam
footballcsv/cache.footballdata,https://raw.githubusercontent.com/footballcsv/cache.footballdata/f43a2aa0c65fb061c87e9541e7a567dd58ff933a/2017-18/nl.1.csv,f43a2aa0c65fb061c87e9541e7a567dd58ff933a,259,2026-09-04T07:11:21.740Z,Eredivisie,2017-18,2018-04-01,Feyenoord,Excelsior,5,0,H,3,0,H,,source_reported_FT,Feyenoord,Excelsior
footballcsv/cache.footballdata,https://raw.githubusercontent.com/footballcsv/cache.footballdata/f43a2aa0c65fb061c87e9541e7a567dd58ff933a/2017-18/nl.1.csv,f43a2aa0c65fb061c87e9541e7a567dd58ff933a,260,2026-09-04T07:11:21.740Z,Eredivisie,2017-18,2018-04-01,Groningen,Ajax,1,2,A,1,0,H,,source_reported_FT,Groningen,Ajax
footballcsv/cache.footballdata,https://raw.githubusercontent.com/footballcsv/cache.footballdata/f43a2aa0c65fb061c87e9541e7a567dd58ff933a/2017-18/nl.1.csv,f43a2aa0c65fb061c87e9541e7a567dd58ff933a,261,2026-09-04T07:11:21.740Z,Eredivisie,2017-18,2018-04-01,Heracles,Heerenveen,1,2,A,0,2,A,,source_reported_FT,Heracles,Heerenveen
footballcsv/cache.footballdata,https://raw.githubusercontent.com/footballcsv/cache.footballdata/f43a2aa0c65fb061c87e9541e7a567dd58ff933a/2017-18/nl.1.csv,f43a2aa0c65fb061c87e9541e7a567dd58ff933a,262,2026-09-04T07:11:21.740Z,Eredivisie,2017-18,2018-04-01,VVV Venlo,Twente,0,0,D,0,0,D,,source_reported_FT,VVV Venlo,Twente
footballcsv/cache.footballdata,https://raw.githubusercontent.com/footballcsv/cache.footballdata/f43a2aa0c65fb061c87e9541e7a567dd58ff933a/2017-18/nl.1.csv,f43a2aa0c65fb061c87e9541e7a567dd58ff933a,263,2026-09-04T07:11:21.740Z,Eredivisie,2017-18,2018-04-06,Excelsior,Willem II,2,1,H,2,1,H,,source_reported_FT,Excelsior,Willem II
footballcsv/cache.footballdata,https://raw.githubusercontent.com/footballcsv/cache.footballdata/f43a2aa0c65fb061c87e9541e7a567dd58ff933a/2017-18/nl.1.csv,f43a2aa0c65fb061c87e9541e7a567dd58ff933a,264,2026-09-04T07:11:21.740Z,Eredivisie,2017-18,2018-04-07,AZ Alkmaar,PSV Eindhoven,2,3,A,0,0,D,,source_reported_FT,AZ Alkmaar,PSV Eindhoven
footballcsv/cache.footballdata,https://raw.githubusercontent.com/footballcsv/cache.footballdata/f43a2aa0c65fb061c87e9541e7a567dd58ff933a/2017-18/nl.1.csv,f43a2aa0c65fb061c87e9541e7a567dd58ff933a,265,2026-09-04T07:11:21.740Z,Eredivisie,2017-18,2018-04-07,NAC Breda,Vitesse,1,0,H,1,0,H,,source_reported_FT,NAC Breda,Vitesse
footballcsv/cache.footballdata,https://raw.githubusercontent.com/footballcsv/cache.footballdata/f43a2aa0c65fb061c87e9541e7a567dd58ff933a/2017-18/nl.1.csv,f43a2aa0c65fb061c87e9541e7a567dd58ff933a,266,2026-09-04T07:11:21.740Z,Eredivisie,2017-18,2018-04-07,Roda,Zwolle,3,2,H,2,1,H,,source_reported_FT,Roda,Zwolle
footballcsv/cache.footballdata,https://raw.githubusercontent.com/footballcsv/cache.footballdata/f43a2aa0c65fb061c87e9541e7a567dd58ff933a/2017-18/nl.1.csv,f43a2aa0c65fb061c87e9541e7a567dd58ff933a,267,2026-09-04T07:11:21.740Z,Eredivisie,2017-18,2018-04-07,Sparta Rotterdam,VVV Venlo,3,2,H,1,1,D,,source_reported_FT,Sparta Rotterdam,VVV Venlo
footballcsv/cache.footballdata,https://raw.githubusercontent.com/footballcsv/cache.footballdata/f43a2aa0c65fb061c87e9541e7a567dd58ff933a/2017-18/nl.1.csv,f43a2aa0c65fb061c87e9541e7a567dd58ff933a,268,2026-09-04T07:11:21.740Z,Eredivisie,2017-18,2018-04-08,Ajax,Heracles,1,0,H,0,0,D,,source_reported_FT,Ajax,Heracles
footballcsv/cache.footballdata,https://raw.githubusercontent.com/footballcsv/cache.footballdata/f43a2aa0c65fb061c87e9541e7a567dd58ff933a/2017-18/nl.1.csv,f43a2aa0c65fb061c87e9541e7a567dd58ff933a,269,2026-09-04T07:11:21.740Z,Eredivisie,2017-18,2018-04-08,Heerenveen,Groningen,1,1,D,1,0,H,,source_reported_FT,Heerenveen,Groningen
footballcsv/cache.footballdata,https://raw.githubusercontent.com/footballcsv/cache.footballdata/f43a2aa0c65fb061c87e9541e7a567dd58ff933a/2017-18/nl.1.csv,f43a2aa0c65fb061c87e9541e7a567dd58ff933a,270,2026-09-04T07:11:21.740Z,Eredivisie,2017-18,2018-04-08,Twente,Feyenoord,1,3,A,1,1,D,,source_reported_FT,Twente,Feyenoord
footballcsv/cache.footballdata,https://raw.githubusercontent.com/footballcsv/cache.footballdata/f43a2aa0c65fb061c87e9541e7a567dd58ff933a/2017-18/nl.1.csv,f43a2aa0c65fb061c87e9541e7a567dd58ff933a,271,2026-09-04T07:11:21.740Z,Eredivisie,2017-18,2018-04-08,Utrecht,Den Haag,3,3,D,1,0,H,,source_reported_FT,Utrecht,Den Haag
footballcsv/cache.footballdata,https://raw.githubusercontent.com/footballcsv/cache.footballdata/f43a2aa0c65fb061c87e9541e7a567dd58ff933a/2017-18/nl.1.csv,f43a2aa0c65fb061c87e9541e7a567dd58ff933a,272,2026-09-04T07:11:21.740Z,Eredivisie,2017-18,2018-04-13,Heracles,AZ Alkmaar,0,3,A,0,2,A,,source_reported_FT,Heracles,AZ Alkmaar
footballcsv/cache.footballdata,https://raw.githubusercontent.com/footballcsv/cache.footballdata/f43a2aa0c65fb061c87e9541e7a567dd58ff933a/2017-18/nl.1.csv,f43a2aa0c65fb061c87e9541e7a567dd58ff933a,273,2026-09-04T07:11:21.740Z,Eredivisie,2017-18,2018-04-14,Den Haag,Twente,2,1,H,1,1,D,,source_reported_FT,Den Haag,Twente
footballcsv/cache.footballdata,https://raw.githubusercontent.com/footballcsv/cache.footballdata/f43a2aa0c65fb061c87e9541e7a567dd58ff933a/2017-18/nl.1.csv,f43a2aa0c65fb061c87e9541e7a567dd58ff933a,275,2026-09-04T07:11:21.740Z,Eredivisie,2017-18,2018-04-14,VVV Venlo,Heerenveen,0,2,A,0,0,D,,source_reported_FT,VVV Venlo,Heerenveen
footballcsv/cache.footballdata,https://raw.githubusercontent.com/footballcsv/cache.footballdata/f43a2aa0c65fb061c87e9541e7a567dd58ff933a/2017-18/nl.1.csv,f43a2aa0c65fb061c87e9541e7a567dd58ff933a,274,2026-09-04T07:11:21.740Z,Eredivisie,2017-18,2018-04-14,Vitesse,Sparta Rotterdam,7,0,H,3,0,H,,source_reported_FT,Vitesse,Sparta Rotterdam
footballcsv/cache.footballdata,https://raw.githubusercontent.com/footballcsv/cache.footballdata/f43a2aa0c65fb061c87e9541e7a567dd58ff933a/2017-18/nl.1.csv,f43a2aa0c65fb061c87e9541e7a567dd58ff933a,276,2026-09-04T07:11:21.740Z,Eredivisie,2017-18,2018-04-14,Zwolle,Excelsior,1,1,D,1,0,H,,source_reported_FT,Zwolle,Excelsior
footballcsv/cache.footballdata,https://raw.githubusercontent.com/footballcsv/cache.footballdata/f43a2aa0c65fb061c87e9541e7a567dd58ff933a/2017-18/nl.1.csv,f43a2aa0c65fb061c87e9541e7a567dd58ff933a,277,2026-09-04T07:11:21.740Z,Eredivisie,2017-18,2018-04-15,Feyenoord,Utrecht,3,1,H,2,1,H,,source_reported_FT,Feyenoord,Utrecht
footballcsv/cache.footballdata,https://raw.githubusercontent.com/footballcsv/cache.footballdata/f43a2aa0c65fb061c87e9541e7a567dd58ff933a/2017-18/nl.1.csv,f43a2aa0c65fb061c87e9541e7a567dd58ff933a,278,2026-09-04T07:11:21.740Z,Eredivisie,2017-18,2018-04-15,Groningen,Roda,2,1,H,1,0,H,,source_reported_FT,Groningen,Roda
footballcsv/cache.footballdata,https://raw.githubusercontent.com/footballcsv/cache.footballdata/f43a2aa0c65fb061c87e9541e7a567dd58ff933a/2017-18/nl.1.csv,f43a2aa0c65fb061c87e9541e7a567dd58ff933a,279,2026-09-04T07:11:21.740Z,Eredivisie,2017-18,2018-04-15,NAC Breda,Willem II,1,2,A,1,2,A,,source_reported_FT,NAC Breda,Willem II
footballcsv/cache.footballdata,https://raw.githubusercontent.com/footballcsv/cache.footballdata/f43a2aa0c65fb061c87e9541e7a567dd58ff933a/2017-18/nl.1.csv,f43a2aa0c65fb061c87e9541e7a567dd58ff933a,280,2026-09-04T07:11:21.740Z,Eredivisie,2017-18,2018-04-15,PSV Eindhoven,Ajax,3,0,H,2,0,H,,source_reported_FT,PSV Eindhoven,Ajax
footballcsv/cache.footballdata,https://raw.githubusercontent.com/footballcsv/cache.footballdata/f43a2aa0c65fb061c87e9541e7a567dd58ff933a/2017-18/nl.1.csv,f43a2aa0c65fb061c87e9541e7a567dd58ff933a,281,2026-09-04T07:11:21.740Z,Eredivisie,2017-18,2018-04-17,Heerenveen,Den Haag,2,0,H,0,0,D,,source_reported_FT,Heerenveen,Den Haag
footballcsv/cache.footballdata,https://raw.githubusercontent.com/footballcsv/cache.footballdata/f43a2aa0c65fb061c87e9541e7a567dd58ff933a/2017-18/nl.1.csv,f43a2aa0c65fb061c87e9541e7a567dd58ff933a,282,2026-09-04T07:11:21.740Z,Eredivisie,2017-18,2018-04-17,Twente,Zwolle,2,0,H,2,0,H,,source_reported_FT,Twente,Zwolle
footballcsv/cache.footballdata,https://raw.githubusercontent.com/footballcsv/cache.footballdata/f43a2aa0c65fb061c87e9541e7a567dd58ff933a/2017-18/nl.1.csv,f43a2aa0c65fb061c87e9541e7a567dd58ff933a,283,2026-09-04T07:11:21.740Z,Eredivisie,2017-18,2018-04-18,AZ Alkmaar,Vitesse,4,3,H,3,2,H,,source_reported_FT,AZ Alkmaar,Vitesse
footballcsv/cache.footballdata,https://raw.githubusercontent.com/footballcsv/cache.footballdata/f43a2aa0c65fb061c87e9541e7a567dd58ff933a/2017-18/nl.1.csv,f43a2aa0c65fb061c87e9541e7a567dd58ff933a,284,2026-09-04T07:11:21.740Z,Eredivisie,2017-18,2018-04-18,Excelsior,Heracles,2,2,D,1,0,H,,source_reported_FT,Excelsior,Heracles
footballcsv/cache.footballdata,https://raw.githubusercontent.com/footballcsv/cache.footballdata/f43a2aa0c65fb061c87e9541e7a567dd58ff933a/2017-18/nl.1.csv,f43a2aa0c65fb061c87e9541e7a567dd58ff933a,285,2026-09-04T07:11:21.740Z,Eredivisie,2017-18,2018-04-18,Roda,PSV Eindhoven,2,2,D,1,1,D,,source_reported_FT,Roda,PSV Eindhoven
footballcsv/cache.footballdata,https://raw.githubusercontent.com/footballcsv/cache.footballdata/f43a2aa0c65fb061c87e9541e7a567dd58ff933a/2017-18/nl.1.csv,f43a2aa0c65fb061c87e9541e7a567dd58ff933a,286,2026-09-04T07:11:21.740Z,Eredivisie,2017-18,2018-04-18,Sparta Rotterdam,NAC Breda,2,1,H,0,0,D,,source_reported_FT,Sparta Rotterdam,NAC Breda
footballcsv/cache.footballdata,https://raw.githubusercontent.com/footballcsv/cache.footballdata/f43a2aa0c65fb061c87e9541e7a567dd58ff933a/2017-18/nl.1.csv,f43a2aa0c65fb061c87e9541e7a567dd58ff933a,287,2026-09-04T07:11:21.740Z,Eredivisie,2017-18,2018-04-18,Willem II,Feyenoord,1,5,A,0,1,A,,source_reported_FT,Willem II,Feyenoord
footballcsv/cache.footballdata,https://raw.githubusercontent.com/footballcsv/cache.footballdata/f43a2aa0c65fb061c87e9541e7a567dd58ff933a/2017-18/nl.1.csv,f43a2aa0c65fb061c87e9541e7a567dd58ff933a,288,2026-09-04T07:11:21.740Z,Eredivisie,2017-18,2018-04-19,Ajax,VVV Venlo,4,1,H,2,1,H,,source_reported_FT,Ajax,VVV Venlo
footballcsv/cache.footballdata,https://raw.githubusercontent.com/footballcsv/cache.footballdata/f43a2aa0c65fb061c87e9541e7a567dd58ff933a/2017-18/nl.1.csv,f43a2aa0c65fb061c87e9541e7a567dd58ff933a,289,2026-09-04T07:11:21.740Z,Eredivisie,2017-18,2018-04-19,Utrecht,Groningen,1,1,D,1,0,H,,source_reported_FT,Utrecht,Groningen
footballcsv/cache.footballdata,https://raw.githubusercontent.com/footballcsv/cache.footballdata/f43a2aa0c65fb061c87e9541e7a567dd58ff933a/2017-18/nl.1.csv,f43a2aa0c65fb061c87e9541e7a567dd58ff933a,290,2026-09-04T07:11:21.740Z,Eredivisie,2017-18,2018-04-29,Ajax,AZ Alkmaar,3,0,H,1,0,H,,source_reported_FT,Ajax,AZ Alkmaar
footballcsv/cache.footballdata,https://raw.githubusercontent.com/footballcsv/cache.footballdata/f43a2aa0c65fb061c87e9541e7a567dd58ff933a/2017-18/nl.1.csv,f43a2aa0c65fb061c87e9541e7a567dd58ff933a,291,2026-09-04T07:11:21.740Z,Eredivisie,2017-18,2018-04-29,Den Haag,PSV Eindhoven,3,3,D,2,1,H,,source_reported_FT,Den Haag,PSV Eindhoven
footballcsv/cache.footballdata,https://raw.githubusercontent.com/footballcsv/cache.footballdata/f43a2aa0c65fb061c87e9541e7a567dd58ff933a/2017-18/nl.1.csv,f43a2aa0c65fb061c87e9541e7a567dd58ff933a,292,2026-09-04T07:11:21.740Z,Eredivisie,2017-18,2018-04-29,Feyenoord,Sparta Rotterdam,3,1,H,1,1,D,,source_reported_FT,Feyenoord,Sparta Rotterdam
footballcsv/cache.footballdata,https://raw.githubusercontent.com/footballcsv/cache.footballdata/f43a2aa0c65fb061c87e9541e7a567dd58ff933a/2017-18/nl.1.csv,f43a2aa0c65fb061c87e9541e7a567dd58ff933a,293,2026-09-04T07:11:21.740Z,Eredivisie,2017-18,2018-04-29,Groningen,Excelsior,4,0,H,2,0,H,,source_reported_FT,Groningen,Excelsior
footballcsv/cache.footballdata,https://raw.githubusercontent.com/footballcsv/cache.footballdata/f43a2aa0c65fb061c87e9541e7a567dd58ff933a/2017-18/nl.1.csv,f43a2aa0c65fb061c87e9541e7a567dd58ff933a,294,2026-09-04T07:11:21.740Z,Eredivisie,2017-18,2018-04-29,Heracles,Utrecht,2,2,D,2,0,H,,source_reported_FT,Heracles,Utrecht
footballcsv/cache.footballdata,https://raw.githubusercontent.com/footballcsv/cache.footballdata/f43a2aa0c65fb061c87e9541e7a567dd58ff933a/2017-18/nl.1.csv,f43a2aa0c65fb061c87e9541e7a567dd58ff933a,295,2026-09-04T07:11:21.740Z,Eredivisie,2017-18,2018-04-29,NAC Breda,Heerenveen,3,0,H,2,0,H,,source_reported_FT,NAC Breda,Heerenveen
footballcsv/cache.footballdata,https://raw.githubusercontent.com/footballcsv/cache.footballdata/f43a2aa0c65fb061c87e9541e7a567dd58ff933a/2017-18/nl.1.csv,f43a2aa0c65fb061c87e9541e7a567dd58ff933a,297,2026-09-04T07:11:21.740Z,Eredivisie,2017-18,2018-04-29,VVV Venlo,Roda,1,4,A,1,1,D,,source_reported_FT,VVV Venlo,Roda
footballcsv/cache.footballdata,https://raw.githubusercontent.com/footballcsv/cache.footballdata/f43a2aa0c65fb061c87e9541e7a567dd58ff933a/2017-18/nl.1.csv,f43a2aa0c65fb061c87e9541e7a567dd58ff933a,296,2026-09-04T07:11:21.740Z,Eredivisie,2017-18,2018-04-29,Vitesse,Twente,5,0,H,1,0,H,,source_reported_FT,Vitesse,Twente
footballcsv/cache.footballdata,https://raw.githubusercontent.com/footballcsv/cache.footballdata/f43a2aa0c65fb061c87e9541e7a567dd58ff933a/2017-18/nl.1.csv,f43a2aa0c65fb061c87e9541e7a567dd58ff933a,298,2026-09-04T07:11:21.740Z,Eredivisie,2017-18,2018-04-29,Zwolle,Willem II,0,1,A,0,0,D,,source_reported_FT,Zwolle,Willem II
footballcsv/cache.footballdata,https://raw.githubusercontent.com/footballcsv/cache.footballdata/f43a2aa0c65fb061c87e9541e7a567dd58ff933a/2017-18/nl.1.csv,f43a2aa0c65fb061c87e9541e7a567dd58ff933a,299,2026-09-04T07:11:21.740Z,Eredivisie,2017-18,2018-05-06,AZ Alkmaar,Zwolle,6,0,H,1,0,H,,source_reported_FT,AZ Alkmaar,Zwolle
footballcsv/cache.footballdata,https://raw.githubusercontent.com/footballcsv/cache.footballdata/f43a2aa0c65fb061c87e9541e7a567dd58ff933a/2017-18/nl.1.csv,f43a2aa0c65fb061c87e9541e7a567dd58ff933a,300,2026-09-04T07:11:21.740Z,Eredivisie,2017-18,2018-05-06,Excelsior,Ajax,1,2,A,1,0,H,,source_reported_FT,Excelsior,Ajax
footballcsv/cache.footballdata,https://raw.githubusercontent.com/footballcsv/cache.footballdata/f43a2aa0c65fb061c87e9541e7a567dd58ff933a/2017-18/nl.1.csv,f43a2aa0c65fb061c87e9541e7a567dd58ff933a,301,2026-09-04T07:11:21.740Z,Eredivisie,2017-18,2018-05-06,Heerenveen,Feyenoord,2,3,A,0,2,A,,source_reported_FT,Heerenveen,Feyenoord
footballcsv/cache.footballdata,https://raw.githubusercontent.com/footballcsv/cache.footballdata/f43a2aa0c65fb061c87e9541e7a567dd58ff933a/2017-18/nl.1.csv,f43a2aa0c65fb061c87e9541e7a567dd58ff933a,302,2026-09-04T07:11:21.740Z,Eredivisie,2017-18,2018-05-06,PSV Eindhoven,Groningen,0,0,D,0,0,D,,source_reported_FT,PSV Eindhoven,Groningen
footballcsv/cache.footballdata,https://raw.githubusercontent.com/footballcsv/cache.footballdata/f43a2aa0c65fb061c87e9541e7a567dd58ff933a/2017-18/nl.1.csv,f43a2aa0c65fb061c87e9541e7a567dd58ff933a,303,2026-09-04T07:11:21.740Z,Eredivisie,2017-18,2018-05-06,Roda,Den Haag,2,3,A,0,3,A,,source_reported_FT,Roda,Den Haag
footballcsv/cache.footballdata,https://raw.githubusercontent.com/footballcsv/cache.footballdata/f43a2aa0c65fb061c87e9541e7a567dd58ff933a/2017-18/nl.1.csv,f43a2aa0c65fb061c87e9541e7a567dd58ff933a,304,2026-09-04T07:11:21.740Z,Eredivisie,2017-18,2018-05-06,Sparta Rotterdam,Heracles,2,5,A,1,1,D,,source_reported_FT,Sparta Rotterdam,Heracles
footballcsv/cache.footballdata,https://raw.githubusercontent.com/footballcsv/cache.footballdata/f43a2aa0c65fb061c87e9541e7a567dd58ff933a/2017-18/nl.1.csv,f43a2aa0c65fb061c87e9541e7a567dd58ff933a,305,2026-09-04T07:11:21.740Z,Eredivisie,2017-18,2018-05-06,Twente,NAC Breda,1,1,D,1,1,D,,source_reported_FT,Twente,NAC Breda
footballcsv/cache.footballdata,https://raw.githubusercontent.com/footballcsv/cache.footballdata/f43a2aa0c65fb061c87e9541e7a567dd58ff933a/2017-18/nl.1.csv,f43a2aa0c65fb061c87e9541e7a567dd58ff933a,306,2026-09-04T07:11:21.740Z,Eredivisie,2017-18,2018-05-06,Utrecht,VVV Venlo,1,0,H,0,0,D,,source_reported_FT,Utrecht,VVV Venlo
footballcsv/cache.footballdata,https://raw.githubusercontent.com/footballcsv/cache.footballdata/f43a2aa0c65fb061c87e9541e7a567dd58ff933a/2017-18/nl.1.csv,f43a2aa0c65fb061c87e9541e7a567dd58ff933a,307,2026-09-04T07:11:21.740Z,Eredivisie,2017-18,2018-05-06,Willem II,Vitesse,2,2,D,1,0,H,,source_reported_FT,Willem II,Vitesse
footballcsv/cache.footballdata,https://raw.githubusercontent.com/footballcsv/cache.footballdata/f43a2aa0c65fb061c87e9541e7a567dd58ff933a/2018-19/nl.1.csv,f43a2aa0c65fb061c87e9541e7a567dd58ff933a,2,2026-09-04T07:11:35.624Z,Eredivisie,2018-19,2018-08-10,Zwolle,Heerenveen,2,3,A,1,3,A,,source_reported_FT,Zwolle,Heerenveen
footballcsv/cache.footballdata,https://raw.githubusercontent.com/footballcsv/cache.footballdata/f43a2aa0c65fb061c87e9541e7a567dd58ff933a/2018-19/nl.1.csv,f43a2aa0c65fb061c87e9541e7a567dd58ff933a,3,2026-09-04T07:11:35.624Z,Eredivisie,2018-19,2018-08-11,Ajax,Heracles,1,1,D,0,0,D,,source_reported_FT,Ajax,Heracles
footballcsv/cache.footballdata,https://raw.githubusercontent.com/footballcsv/cache.footballdata/f43a2aa0c65fb061c87e9541e7a567dd58ff933a/2018-19/nl.1.csv,f43a2aa0c65fb061c87e9541e7a567dd58ff933a,4,2026-09-04T07:11:35.624Z,Eredivisie,2018-19,2018-08-11,Excelsior,For Sittard,1,1,D,1,0,H,,source_reported_FT,Excelsior,For Sittard
footballcsv/cache.footballdata,https://raw.githubusercontent.com/footballcsv/cache.footballdata/f43a2aa0c65fb061c87e9541e7a567dd58ff933a/2018-19/nl.1.csv,f43a2aa0c65fb061c87e9541e7a567dd58ff933a,5,2026-09-04T07:11:35.624Z,Eredivisie,2018-19,2018-08-11,PSV Eindhoven,Utrecht,4,0,H,1,0,H,,source_reported_FT,PSV Eindhoven,Utrecht
footballcsv/cache.footballdata,https://raw.githubusercontent.com/footballcsv/cache.footballdata/f43a2aa0c65fb061c87e9541e7a567dd58ff933a/2018-19/nl.1.csv,f43a2aa0c65fb061c87e9541e7a567dd58ff933a,6,2026-09-04T07:11:35.624Z,Eredivisie,2018-19,2018-08-11,Willem II,VVV Venlo,0,1,A,0,1,A,,source_reported_FT,Willem II,VVV Venlo
footballcsv/cache.footballdata,https://raw.githubusercontent.com/footballcsv/cache.footballdata/f43a2aa0c65fb061c87e9541e7a567dd58ff933a/2018-19/nl.1.csv,f43a2aa0c65fb061c87e9541e7a567dd58ff933a,7,2026-09-04T07:11:35.624Z,Eredivisie,2018-19,2018-08-12,AZ Alkmaar,NAC Breda,5,0,H,3,0,H,,source_reported_FT,AZ Alkmaar,NAC Breda
footballcsv/cache.footballdata,https://raw.githubusercontent.com/footballcsv/cache.footballdata/f43a2aa0c65fb061c87e9541e7a567dd58ff933a/2018-19/nl.1.csv,f43a2aa0c65fb061c87e9541e7a567dd58ff933a,8,2026-09-04T07:11:35.624Z,Eredivisie,2018-19,2018-08-12,Den Haag,FC Emmen,1,2,A,0,2,A,,source_reported_FT,Den Haag,FC Emmen
footballcsv/cache.footballdata,https://raw.githubusercontent.com/footballcsv/cache.footballdata/f43a2aa0c65fb061c87e9541e7a567dd58ff933a/2018-19/nl.1.csv,f43a2aa0c65fb061c87e9541e7a567dd58ff933a,9,2026-09-04T07:11:35.624Z,Eredivisie,2018-19,2018-08-12,Graafschap,Feyenoord,2,0,H,1,0,H,,source_reported_FT,Graafschap,Feyenoord
footballcsv/cache.footballdata,https://raw.githubusercontent.com/footballcsv/cache.footballdata/f43a2aa0c65fb061c87e9541e7a567dd58ff933a/2018-19/nl.1.csv,f43a2aa0c65fb061c87e9541e7a567dd58ff933a,10,2026-09-04T07:11:35.624Z,Eredivisie,2018-19,2018-08-12,Vitesse,Groningen,5,1,H,2,1,H,,source_reported_FT,Vitesse,Groningen
footballcsv/cache.footballdata,https://raw.githubusercontent.com/footballcsv/cache.footballdata/f43a2aa0c65fb061c87e9541e7a567dd58ff933a/2018-19/nl.1.csv,f43a2aa0c65fb061c87e9541e7a567dd58ff933a,11,2026-09-04T07:11:35.624Z,Eredivisie,2018-19,2018-08-17,Groningen,Willem II,0,1,A,0,1,A,,source_reported_FT,Groningen,Willem II
footballcsv/cache.footballdata,https://raw.githubusercontent.com/footballcsv/cache.footballdata/f43a2aa0c65fb061c87e9541e7a567dd58ff933a/2018-19/nl.1.csv,f43a2aa0c65fb061c87e9541e7a567dd58ff933a,14,2026-09-04T07:11:35.624Z,Eredivisie,2018-19,2018-08-18,For Sittard,PSV Eindhoven,1,2,A,0,1,A,,source_reported_FT,For Sittard,PSV Eindhoven
footballcsv/cache.footballdata,https://raw.githubusercontent.com/footballcsv/cache.footballdata/f43a2aa0c65fb061c87e9541e7a567dd58ff933a/2018-19/nl.1.csv,f43a2aa0c65fb061c87e9541e7a567dd58ff933a,12,2026-09-04T07:11:35.624Z,Eredivisie,2018-19,2018-08-18,Heracles,Den Haag,4,2,H,3,2,H,,source_reported_FT,Heracles,Den Haag
footballcsv/cache.footballdata,https://raw.githubusercontent.com/footballcsv/cache.footballdata/f43a2aa0c65fb061c87e9541e7a567dd58ff933a/2018-19/nl.1.csv,f43a2aa0c65fb061c87e9541e7a567dd58ff933a,13,2026-09-04T07:11:35.624Z,Eredivisie,2018-19,2018-08-18,NAC Breda,Graafschap,3,0,H,1,0,H,,source_reported_FT,NAC Breda,Graafschap
footballcsv/cache.footballdata,https://raw.githubusercontent.com/footballcsv/cache.footballdata/f43a2aa0c65fb061c87e9541e7a567dd58ff933a/2018-19/nl.1.csv,f43a2aa0c65fb061c87e9541e7a567dd58ff933a,15,2026-09-04T07:11:35.624Z,Eredivisie,2018-19,2018-08-18,VVV Venlo,Ajax,0,1,A,0,0,D,,source_reported_FT,VVV Venlo,Ajax
footballcsv/cache.footballdata,https://raw.githubusercontent.com/footballcsv/cache.footballdata/f43a2aa0c65fb061c87e9541e7a567dd58ff933a/2018-19/nl.1.csv,f43a2aa0c65fb061c87e9541e7a567dd58ff933a,16,2026-09-04T07:11:35.624Z,Eredivisie,2018-19,2018-08-19,FC Emmen,AZ Alkmaar,1,4,A,1,3,A,,source_reported_FT,FC Emmen,AZ Alkmaar
footballcsv/cache.footballdata,https://raw.githubusercontent.com/footballcsv/cache.footballdata/f43a2aa0c65fb061c87e9541e7a567dd58ff933a/2018-19/nl.1.csv,f43a2aa0c65fb061c87e9541e7a567dd58ff933a,17,2026-09-04T07:11:35.624Z,Eredivisie,2018-19,2018-08-19,Feyenoord,Excelsior,3,0,H,1,0,H,,source_reported_FT,Feyenoord,Excelsior
footballcsv/cache.footballdata,https://raw.githubusercontent.com/footballcsv/cache.footballdata/f43a2aa0c65fb061c87e9541e7a567dd58ff933a/2018-19/nl.1.csv,f43a2aa0c65fb061c87e9541e7a567dd58ff933a,18,2026-09-04T07:11:35.624Z,Eredivisie,2018-19,2018-08-19,Heerenveen,Vitesse,1,1,D,1,0,H,,source_reported_FT,Heerenveen,Vitesse
footballcsv/cache.footballdata,https://raw.githubusercontent.com/footballcsv/cache.footballdata/f43a2aa0c65fb061c87e9541e7a567dd58ff933a/2018-19/nl.1.csv,f43a2aa0c65fb061c87e9541e7a567dd58ff933a,19,2026-09-04T07:11:35.624Z,Eredivisie,2018-19,2018-08-19,Utrecht,Zwolle,2,0,H,2,0,H,,source_reported_FT,Utrecht,Zwolle
footballcsv/cache.footballdata,https://raw.githubusercontent.com/footballcsv/cache.footballdata/f43a2aa0c65fb061c87e9541e7a567dd58ff933a/2018-19/nl.1.csv,f43a2aa0c65fb061c87e9541e7a567dd58ff933a,20,2026-09-04T07:11:35.624Z,Eredivisie,2018-19,2018-08-24,Den Haag,For Sittard,3,1,H,2,0,H,,source_reported_FT,Den Haag,For Sittard
footballcsv/cache.footballdata,https://raw.githubusercontent.com/footballcsv/cache.footballdata/f43a2aa0c65fb061c87e9541e7a567dd58ff933a/2018-19/nl.1.csv,f43a2aa0c65fb061c87e9541e7a567dd58ff933a,21,2026-09-04T07:11:35.624Z,Eredivisie,2018-19,2018-08-25,Ajax,FC Emmen,5,0,H,2,0,H,,source_reported_FT,Ajax,FC Emmen
footballcsv/cache.footballdata,https://raw.githubusercontent.com/footballcsv/cache.footballdata/f43a2aa0c65fb061c87e9541e7a567dd58ff933a/2018-19/nl.1.csv,f43a2aa0c65fb061c87e9541e7a567dd58ff933a,22,2026-09-04T07:11:35.624Z,Eredivisie,2018-19,2018-08-25,Graafschap,Groningen,0,1,A,0,1,A,,source_reported_FT,Graafschap,Groningen
footballcsv/cache.footballdata,https://raw.githubusercontent.com/footballcsv/cache.footballdata/f43a2aa0c65fb061c87e9541e7a567dd58ff933a/2018-19/nl.1.csv,f43a2aa0c65fb061c87e9541e7a567dd58ff933a,23,2026-09-04T07:11:35.624Z,Eredivisie,2018-19,2018-08-25,NAC Breda,Excelsior,0,2,A,0,1,A,,source_reported_FT,NAC Breda,Excelsior
footballcsv/cache.footballdata,https://raw.githubusercontent.com/footballcsv/cache.footballdata/f43a2aa0c65fb061c87e9541e7a567dd58ff933a/2018-19/nl.1.csv,f43a2aa0c65fb061c87e9541e7a567dd58ff933a,24,2026-09-04T07:11:35.624Z,Eredivisie,2018-19,2018-08-25,Zwolle,PSV Eindhoven,1,2,A,0,1,A,,source_reported_FT,Zwolle,PSV Eindhoven
footballcsv/cache.footballdata,https://raw.githubusercontent.com/footballcsv/cache.footballdata/f43a2aa0c65fb061c87e9541e7a567dd58ff933a/2018-19/nl.1.csv,f43a2aa0c65fb061c87e9541e7a567dd58ff933a,25,2026-09-04T07:11:35.624Z,Eredivisie,2018-19,2018-08-26,AZ Alkmaar,Vitesse,0,0,D,0,0,D,,source_reported_FT,AZ Alkmaar,Vitesse
footballcsv/cache.footballdata,https://raw.githubusercontent.com/footballcsv/cache.footballdata/f43a2aa0c65fb061c87e9541e7a567dd58ff933a/2018-19/nl.1.csv,f43a2aa0c65fb061c87e9541e7a567dd58ff933a,26,2026-09-04T07:11:35.624Z,Eredivisie,2018-19,2018-08-26,Heerenveen,Feyenoord,3,5,A,0,3,A,,source_reported_FT,Heerenveen,Feyenoord
footballcsv/cache.footballdata,https://raw.githubusercontent.com/footballcsv/cache.footballdata/f43a2aa0c65fb061c87e9541e7a567dd58ff933a/2018-19/nl.1.csv,f43a2aa0c65fb061c87e9541e7a567dd58ff933a,27,2026-09-04T07:11:35.624Z,Eredivisie,2018-19,2018-08-26,Utrecht,VVV Venlo,1,1,D,1,0,H,,source_reported_FT,Utrecht,VVV Venlo
footballcsv/cache.footballdata,https://raw.githubusercontent.com/footballcsv/cache.footballdata/f43a2aa0c65fb061c87e9541e7a567dd58ff933a/2018-19/nl.1.csv,f43a2aa0c65fb061c87e9541e7a567dd58ff933a,28,2026-09-04T07:11:35.624Z,Eredivisie,2018-19,2018-08-26,Willem II,Heracles,5,0,H,3,0,H,,source_reported_FT,Willem II,Heracles
footballcsv/cache.footballdata,https://raw.githubusercontent.com/footballcsv/cache.footballdata/f43a2aa0c65fb061c87e9541e7a567dd58ff933a/2018-19/nl.1.csv,f43a2aa0c65fb061c87e9541e7a567dd58ff933a,29,2026-09-04T07:11:35.624Z,Eredivisie,2018-19,2018-08-31,FC Emmen,Graafschap,1,1,D,0,0,D,,source_reported_FT,FC Emmen,Graafschap
footballcsv/cache.footballdata,https://raw.githubusercontent.com/footballcsv/cache.footballdata/f43a2aa0c65fb061c87e9541e7a567dd58ff933a/2018-19/nl.1.csv,f43a2aa0c65fb061c87e9541e7a567dd58ff933a,30,2026-09-04T07:11:35.624Z,Eredivisie,2018-19,2018-09-01,Excelsior,Den Haag,2,4,A,0,2,A,,source_reported_FT,Excelsior,Den Haag
footballcsv/cache.footballdata,https://raw.githubusercontent.com/footballcsv/cache.footballdata/f43a2aa0c65fb061c87e9541e7a567dd58ff933a/2018-19/nl.1.csv,f43a2aa0c65fb061c87e9541e7a567dd58ff933a,31,2026-09-04T07:11:35.624Z,Eredivisie,2018-19,2018-09-01,For Sittard,Utrecht,1,1,D,0,0,D,,source_reported_FT,For Sittard,Utrecht
footballcsv/cache.footballdata,https://raw.githubusercontent.com/footballcsv/cache.footballdata/f43a2aa0c65fb061c87e9541e7a567dd58ff933a/2018-19/nl.1.csv,f43a2aa0c65fb061c87e9541e7a567dd58ff933a,32,2026-09-04T07:11:35.624Z,Eredivisie,2018-19,2018-09-01,PSV Eindhoven,Willem II,6,1,H,4,0,H,,source_reported_FT,PSV Eindhoven,Willem II
footballcsv/cache.footballdata,https://raw.githubusercontent.com/footballcsv/cache.footballdata/f43a2aa0c65fb061c87e9541e7a567dd58ff933a/2018-19/nl.1.csv,f43a2aa0c65fb061c87e9541e7a567dd58ff933a,33,2026-09-04T07:11:35.624Z,Eredivisie,2018-19,2018-09-01,VVV Venlo,Heerenveen,1,1,D,0,1,A,,source_reported_FT,VVV Venlo,Heerenveen
footballcsv/cache.footballdata,https://raw.githubusercontent.com/footballcsv/cache.footballdata/f43a2aa0c65fb061c87e9541e7a567dd58ff933a/2018-19/nl.1.csv,f43a2aa0c65fb061c87e9541e7a567dd58ff933a,34,2026-09-04T07:11:35.624Z,Eredivisie,2018-19,2018-09-02,Feyenoord,NAC Breda,4,2,H,1,1,D,,source_reported_FT,Feyenoord,NAC Breda
footballcsv/cache.footballdata,https://raw.githubusercontent.com/footballcsv/cache.footballdata/f43a2aa0c65fb061c87e9541e7a567dd58ff933a/2018-19/nl.1.csv,f43a2aa0c65fb061c87e9541e7a567dd58ff933a,35,2026-09-04T07:11:35.624Z,Eredivisie,2018-19,2018-09-02,Groningen,Zwolle,0,1,A,0,0,D,,source_reported_FT,Groningen,Zwolle
footballcsv/cache.footballdata,https://raw.githubusercontent.com/footballcsv/cache.footballdata/f43a2aa0c65fb061c87e9541e7a567dd58ff933a/2018-19/nl.1.csv,f43a2aa0c65fb061c87e9541e7a567dd58ff933a,36,2026-09-04T07:11:35.624Z,Eredivisie,2018-19,2018-09-02,Heracles,AZ Alkmaar,3,2,H,1,1,D,,source_reported_FT,Heracles,AZ Alkmaar
footballcsv/cache.footballdata,https://raw.githubusercontent.com/footballcsv/cache.footballdata/f43a2aa0c65fb061c87e9541e7a567dd58ff933a/2018-19/nl.1.csv,f43a2aa0c65fb061c87e9541e7a567dd58ff933a,37,2026-09-04T07:11:35.624Z,Eredivisie,2018-19,2018-09-02,Vitesse,Ajax,0,4,A,0,3,A,,source_reported_FT,Vitesse,Ajax
footballcsv/cache.footballdata,https://raw.githubusercontent.com/footballcsv/cache.footballdata/f43a2aa0c65fb061c87e9541e7a567dd58ff933a/2018-19/nl.1.csv,f43a2aa0c65fb061c87e9541e7a567dd58ff933a,38,2026-09-04T07:11:35.624Z,Eredivisie,2018-19,2018-09-15,Ajax,Groningen,3,0,H,1,0,H,,source_reported_FT,Ajax,Groningen
footballcsv/cache.footballdata,https://raw.githubusercontent.com/footballcsv/cache.footballdata/f43a2aa0c65fb061c87e9541e7a567dd58ff933a/2018-19/nl.1.csv,f43a2aa0c65fb061c87e9541e7a567dd58ff933a,39,2026-09-04T07:11:35.624Z,Eredivisie,2018-19,2018-09-15,Den Haag,PSV Eindhoven,0,7,A,0,2,A,,source_reported_FT,Den Haag,PSV Eindhoven
footballcsv/cache.footballdata,https://raw.githubusercontent.com/footballcsv/cache.footballdata/f43a2aa0c65fb061c87e9541e7a567dd58ff933a/2018-19/nl.1.csv,f43a2aa0c65fb061c87e9541e7a567dd58ff933a,40,2026-09-04T07:11:35.624Z,Eredivisie,2018-19,2018-09-15,Graafschap,VVV Venlo,1,2,A,0,2,A,,source_reported_FT,Graafschap,VVV Venlo
footballcsv/cache.footballdata,https://raw.githubusercontent.com/footballcsv/cache.footballdata/f43a2aa0c65fb061c87e9541e7a567dd58ff933a/2018-19/nl.1.csv,f43a2aa0c65fb061c87e9541e7a567dd58ff933a,41,2026-09-04T07:11:35.624Z,Eredivisie,2018-19,2018-09-15,Willem II,Excelsior,2,2,D,0,1,A,,source_reported_FT,Willem II,Excelsior
footballcsv/cache.footballdata,https://raw.githubusercontent.com/footballcsv/cache.footballdata/f43a2aa0c65fb061c87e9541e7a567dd58ff933a/2018-19/nl.1.csv,f43a2aa0c65fb061c87e9541e7a567dd58ff933a,42,2026-09-04T07:11:35.624Z,Eredivisie,2018-19,2018-09-16,AZ Alkmaar,Feyenoord,1,1,D,1,1,D,,source_reported_FT,AZ Alkmaar,Feyenoord
footballcsv/cache.footballdata,https://raw.githubusercontent.com/footballcsv/cache.footballdata/f43a2aa0c65fb061c87e9541e7a567dd58ff933a/2018-19/nl.1.csv,f43a2aa0c65fb061c87e9541e7a567dd58ff933a,43,2026-09-04T07:11:35.624Z,Eredivisie,2018-19,2018-09-16,Heerenveen,Heracles,3,5,A,1,1,D,,source_reported_FT,Heerenveen,Heracles
footballcsv/cache.footballdata,https://raw.githubusercontent.com/footballcsv/cache.footballdata/f43a2aa0c65fb061c87e9541e7a567dd58ff933a/2018-19/nl.1.csv,f43a2aa0c65fb061c87e9541e7a567dd58ff933a,44,2026-09-04T07:11:35.624Z,Eredivisie,2018-19,2018-09-16,NAC Breda,For Sittard,2,3,A,1,1,D,,source_reported_FT,NAC Breda,For Sittard
footballcsv/cache.footballdata,https://raw.githubusercontent.com/footballcsv/cache.footballdata/f43a2aa0c65fb061c87e9541e7a567dd58ff933a/2018-19/nl.1.csv,f43a2aa0c65fb061c87e9541e7a567dd58ff933a,45,2026-09-04T07:11:35.624Z,Eredivisie,2018-19,2018-09-16,Utrecht,FC Emmen,1,2,A,1,0,H,,source_reported_FT,Utrecht,FC Emmen
footballcsv/cache.footballdata,https://raw.githubusercontent.com/footballcsv/cache.footballdata/f43a2aa0c65fb061c87e9541e7a567dd58ff933a/2018-19/nl.1.csv,f43a2aa0c65fb061c87e9541e7a567dd58ff933a,46,2026-09-04T07:11:35.624Z,Eredivisie,2018-19,2018-09-16,Zwolle,Vitesse,0,2,A,0,2,A,,source_reported_FT,Zwolle,Vitesse
footballcsv/cache.footballdata,https://raw.githubusercontent.com/footballcsv/cache.footballdata/f43a2aa0c65fb061c87e9541e7a567dd58ff933a/2018-19/nl.1.csv,f43a2aa0c65fb061c87e9541e7a567dd58ff933a,47,2026-09-04T07:11:35.624Z,Eredivisie,2018-19,2018-09-21,Heracles,Graafschap,4,0,H,1,0,H,,source_reported_FT,Heracles,Graafschap
footballcsv/cache.footballdata,https://raw.githubusercontent.com/footballcsv/cache.footballdata/f43a2aa0c65fb061c87e9541e7a567dd58ff933a/2018-19/nl.1.csv,f43a2aa0c65fb061c87e9541e7a567dd58ff933a,48,2026-09-04T07:11:35.624Z,Eredivisie,2018-19,2018-09-22,Excelsior,Heerenveen,3,3,D,2,0,H,,source_reported_FT,Excelsior,Heerenveen
footballcsv/cache.footballdata,https://raw.githubusercontent.com/footballcsv/cache.footballdata/f43a2aa0c65fb061c87e9541e7a567dd58ff933a/2018-19/nl.1.csv,f43a2aa0c65fb061c87e9541e7a567dd58ff933a,49,2026-09-04T07:11:35.624Z,Eredivisie,2018-19,2018-09-22,For Sittard,Willem II,4,4,D,2,2,D,,source_reported_FT,For Sittard,Willem II
footballcsv/cache.footballdata,https://raw.githubusercontent.com/footballcsv/cache.footballdata/f43a2aa0c65fb061c87e9541e7a567dd58ff933a/2018-19/nl.1.csv,f43a2aa0c65fb061c87e9541e7a567dd58ff933a,51,2026-09-04T07:11:35.624Z,Eredivisie,2018-19,2018-09-22,VVV Venlo,NAC Breda,3,0,H,2,0,H,,source_reported_FT,VVV Venlo,NAC Breda
footballcsv/cache.footballdata,https://raw.githubusercontent.com/footballcsv/cache.footballdata/f43a2aa0c65fb061c87e9541e7a567dd58ff933a/2018-19/nl.1.csv,f43a2aa0c65fb061c87e9541e7a567dd58ff933a,50,2026-09-04T07:11:35.624Z,Eredivisie,2018-19,2018-09-22,Vitesse,Den Haag,1,1,D,1,0,H,,source_reported_FT,Vitesse,Den Haag
footballcsv/cache.footballdata,https://raw.githubusercontent.com/footballcsv/cache.footballdata/f43a2aa0c65fb061c87e9541e7a567dd58ff933a/2018-19/nl.1.csv,f43a2aa0c65fb061c87e9541e7a567dd58ff933a,52,2026-09-04T07:11:35.624Z,Eredivisie,2018-19,2018-09-23,FC Emmen,Zwolle,0,1,A,0,1,A,,source_reported_FT,FC Emmen,Zwolle
footballcsv/cache.footballdata,https://raw.githubusercontent.com/footballcsv/cache.footballdata/f43a2aa0c65fb061c87e9541e7a567dd58ff933a/2018-19/nl.1.csv,f43a2aa0c65fb061c87e9541e7a567dd58ff933a,53,2026-09-04T07:11:35.624Z,Eredivisie,2018-19,2018-09-23,Feyenoord,Utrecht,1,0,H,0,0,D,,source_reported_FT,Feyenoord,Utrecht
footballcsv/cache.footballdata,https://raw.githubusercontent.com/footballcsv/cache.footballdata/f43a2aa0c65fb061c87e9541e7a567dd58ff933a/2018-19/nl.1.csv,f43a2aa0c65fb061c87e9541e7a567dd58ff933a,54,2026-09-04T07:11:35.624Z,Eredivisie,2018-19,2018-09-23,Groningen,AZ Alkmaar,1,3,A,1,1,D,,source_reported_FT,Groningen,AZ Alkmaar
footballcsv/cache.footballdata,https://raw.githubusercontent.com/footballcsv/cache.footballdata/f43a2aa0c65fb061c87e9541e7a567dd58ff933a/2018-19/nl.1.csv,f43a2aa0c65fb061c87e9541e7a567dd58ff933a,55,2026-09-04T07:11:35.624Z,Eredivisie,2018-19,2018-09-23,PSV Eindhoven,Ajax,3,0,H,3,0,H,,source_reported_FT,PSV Eindhoven,Ajax
footballcsv/cache.footballdata,https://raw.githubusercontent.com/footballcsv/cache.footballdata/f43a2aa0c65fb061c87e9541e7a567dd58ff933a/2018-19/nl.1.csv,f43a2aa0c65fb061c87e9541e7a567dd58ff933a,56,2026-09-04T07:11:35.624Z,Eredivisie,2018-19,2018-09-29,Excelsior,VVV Venlo,1,0,H,1,0,H,,source_reported_FT,Excelsior,VVV Venlo
footballcsv/cache.footballdata,https://raw.githubusercontent.com/footballcsv/cache.footballdata/f43a2aa0c65fb061c87e9541e7a567dd58ff933a/2018-19/nl.1.csv,f43a2aa0c65fb061c87e9541e7a567dd58ff933a,57,2026-09-04T07:11:35.624Z,Eredivisie,2018-19,2018-09-29,For Sittard,Ajax,0,2,A,0,0,D,,source_reported_FT,For Sittard,Ajax
footballcsv/cache.footballdata,https://raw.githubusercontent.com/footballcsv/cache.footballdata/f43a2aa0c65fb061c87e9541e7a567dd58ff933a/2018-19/nl.1.csv,f43a2aa0c65fb061c87e9541e7a567dd58ff933a,58,2026-09-04T07:11:35.624Z,Eredivisie,2018-19,2018-09-29,Heerenveen,Den Haag,1,1,D,1,1,D,,source_reported_FT,Heerenveen,Den Haag
footballcsv/cache.footballdata,https://raw.githubusercontent.com/footballcsv/cache.footballdata/f43a2aa0c65fb061c87e9541e7a567dd58ff933a/2018-19/nl.1.csv,f43a2aa0c65fb061c87e9541e7a567dd58ff933a,59,2026-09-04T07:11:35.624Z,Eredivisie,2018-19,2018-09-29,NAC Breda,PSV Eindhoven,0,2,A,0,0,D,,source_reported_FT,NAC Breda,PSV Eindhoven
footballcsv/cache.footballdata,https://raw.githubusercontent.com/footballcsv/cache.footballdata/f43a2aa0c65fb061c87e9541e7a567dd58ff933a/2018-19/nl.1.csv,f43a2aa0c65fb061c87e9541e7a567dd58ff933a,60,2026-09-04T07:11:35.624Z,Eredivisie,2018-19,2018-09-30,AZ Alkmaar,Zwolle,2,2,D,1,1,D,,source_reported_FT,AZ Alkmaar,Zwolle
footballcsv/cache.footballdata,https://raw.githubusercontent.com/footballcsv/cache.footballdata/f43a2aa0c65fb061c87e9541e7a567dd58ff933a/2018-19/nl.1.csv,f43a2aa0c65fb061c87e9541e7a567dd58ff933a,61,2026-09-04T07:11:35.624Z,Eredivisie,2018-19,2018-09-30,Feyenoord,Vitesse,2,1,H,0,1,A,,source_reported_FT,Feyenoord,Vitesse
footballcsv/cache.footballdata,https://raw.githubusercontent.com/footballcsv/cache.footballdata/f43a2aa0c65fb061c87e9541e7a567dd58ff933a/2018-19/nl.1.csv,f43a2aa0c65fb061c87e9541e7a567dd58ff933a,62,2026-09-04T07:11:35.624Z,Eredivisie,2018-19,2018-09-30,Graafschap,Willem II,2,1,H,1,0,H,,source_reported_FT,Graafschap,Willem II
footballcsv/cache.footballdata,https://raw.githubusercontent.com/footballcsv/cache.footballdata/f43a2aa0c65fb061c87e9541e7a567dd58ff933a/2018-19/nl.1.csv,f43a2aa0c65fb061c87e9541e7a567dd58ff933a,63,2026-09-04T07:11:35.624Z,Eredivisie,2018-19,2018-09-30,Groningen,Utrecht,1,1,D,0,1,A,,source_reported_FT,Groningen,Utrecht
footballcsv/cache.footballdata,https://raw.githubusercontent.com/footballcsv/cache.footballdata/f43a2aa0c65fb061c87e9541e7a567dd58ff933a/2018-19/nl.1.csv,f43a2aa0c65fb061c87e9541e7a567dd58ff933a,64,2026-09-04T07:11:35.624Z,Eredivisie,2018-19,2018-09-30,Heracles,FC Emmen,2,1,H,2,0,H,,source_reported_FT,Heracles,FC Emmen
footballcsv/cache.footballdata,https://raw.githubusercontent.com/footballcsv/cache.footballdata/f43a2aa0c65fb061c87e9541e7a567dd58ff933a/2018-19/nl.1.csv,f43a2aa0c65fb061c87e9541e7a567dd58ff933a,65,2026-09-04T07:11:35.624Z,Eredivisie,2018-19,2018-10-05,Utrecht,NAC Breda,2,1,H,1,0,H,,source_reported_FT,Utrecht,NAC Breda
footballcsv/cache.footballdata,https://raw.githubusercontent.com/footballcsv/cache.footballdata/f43a2aa0c65fb061c87e9541e7a567dd58ff933a/2018-19/nl.1.csv,f43a2aa0c65fb061c87e9541e7a567dd58ff933a,66,2026-09-04T07:11:35.624Z,Eredivisie,2018-19,2018-10-06,Den Haag,Groningen,1,0,H,1,0,H,,source_reported_FT,Den Haag,Groningen
footballcsv/cache.footballdata,https://raw.githubusercontent.com/footballcsv/cache.footballdata/f43a2aa0c65fb061c87e9541e7a567dd58ff933a/2018-19/nl.1.csv,f43a2aa0c65fb061c87e9541e7a567dd58ff933a,67,2026-09-04T07:11:35.624Z,Eredivisie,2018-19,2018-10-06,Graafschap,Heerenveen,0,5,A,0,4,A,,source_reported_FT,Graafschap,Heerenveen
footballcsv/cache.footballdata,https://raw.githubusercontent.com/footballcsv/cache.footballdata/f43a2aa0c65fb061c87e9541e7a567dd58ff933a/2018-19/nl.1.csv,f43a2aa0c65fb061c87e9541e7a567dd58ff933a,68,2026-09-04T07:11:35.624Z,Eredivisie,2018-19,2018-10-06,PSV Eindhoven,VVV Venlo,4,0,H,1,0,H,,source_reported_FT,PSV Eindhoven,VVV Venlo
footballcsv/cache.footballdata,https://raw.githubusercontent.com/footballcsv/cache.footballdata/f43a2aa0c65fb061c87e9541e7a567dd58ff933a/2018-19/nl.1.csv,f43a2aa0c65fb061c87e9541e7a567dd58ff933a,69,2026-09-04T07:11:35.624Z,Eredivisie,2018-19,2018-10-06,Zwolle,Excelsior,2,0,H,1,0,H,,source_reported_FT,Zwolle,Excelsior
footballcsv/cache.footballdata,https://raw.githubusercontent.com/footballcsv/cache.footballdata/f43a2aa0c65fb061c87e9541e7a567dd58ff933a/2018-19/nl.1.csv,f43a2aa0c65fb061c87e9541e7a567dd58ff933a,70,2026-09-04T07:11:35.624Z,Eredivisie,2018-19,2018-10-07,Ajax,AZ Alkmaar,5,0,H,1,0,H,,source_reported_FT,Ajax,AZ Alkmaar
footballcsv/cache.footballdata,https://raw.githubusercontent.com/footballcsv/cache.footballdata/f43a2aa0c65fb061c87e9541e7a567dd58ff933a/2018-19/nl.1.csv,f43a2aa0c65fb061c87e9541e7a567dd58ff933a,71,2026-09-04T07:11:35.624Z,Eredivisie,2018-19,2018-10-07,FC Emmen,For Sittard,3,3,D,1,0,H,,source_reported_FT,FC Emmen,For Sittard
footballcsv/cache.footballdata,https://raw.githubusercontent.com/footballcsv/cache.footballdata/f43a2aa0c65fb061c87e9541e7a567dd58ff933a/2018-19/nl.1.csv,f43a2aa0c65fb061c87e9541e7a567dd58ff933a,72,2026-09-04T07:11:35.624Z,Eredivisie,2018-19,2018-10-07,Vitesse,Heracles,4,0,H,2,0,H,,source_reported_FT,Vitesse,Heracles
footballcsv/cache.footballdata,https://raw.githubusercontent.com/footballcsv/cache.footballdata/f43a2aa0c65fb061c87e9541e7a567dd58ff933a/2018-19/nl.1.csv,f43a2aa0c65fb061c87e9541e7a567dd58ff933a,73,2026-09-04T07:11:35.624Z,Eredivisie,2018-19,2018-10-07,Willem II,Feyenoord,1,1,D,0,0,D,,source_reported_FT,Willem II,Feyenoord
footballcsv/cache.footballdata,https://raw.githubusercontent.com/footballcsv/cache.footballdata/f43a2aa0c65fb061c87e9541e7a567dd58ff933a/2018-19/nl.1.csv,f43a2aa0c65fb061c87e9541e7a567dd58ff933a,74,2026-09-04T07:11:35.624Z,Eredivisie,2018-19,2018-10-20,Excelsior,Vitesse,2,0,H,1,0,H,,source_reported_FT,Excelsior,Vitesse
footballcsv/cache.footballdata,https://raw.githubusercontent.com/footballcsv/cache.footballdata/f43a2aa0c65fb061c87e9541e7a567dd58ff933a/2018-19/nl.1.csv,f43a2aa0c65fb061c87e9541e7a567dd58ff933a,75,2026-09-04T07:11:35.624Z,Eredivisie,2018-19,2018-10-20,Heerenveen,Ajax,0,4,A,0,2,A,,source_reported_FT,Heerenveen,Ajax
footballcsv/cache.footballdata,https://raw.githubusercontent.com/footballcsv/cache.footballdata/f43a2aa0c65fb061c87e9541e7a567dd58ff933a/2018-19/nl.1.csv,f43a2aa0c65fb061c87e9541e7a567dd58ff933a,76,2026-09-04T07:11:35.624Z,Eredivisie,2018-19,2018-10-20,PSV Eindhoven,FC Emmen,6,0,H,4,0,H,,source_reported_FT,PSV Eindhoven,FC Emmen
footballcsv/cache.footballdata,https://raw.githubusercontent.com/footballcsv/cache.footballdata/f43a2aa0c65fb061c87e9541e7a567dd58ff933a/2018-19/nl.1.csv,f43a2aa0c65fb061c87e9541e7a567dd58ff933a,77,2026-09-04T07:11:35.624Z,Eredivisie,2018-19,2018-10-20,Utrecht,AZ Alkmaar,2,1,H,1,1,D,,source_reported_FT,Utrecht,AZ Alkmaar
footballcsv/cache.footballdata,https://raw.githubusercontent.com/footballcsv/cache.footballdata/f43a2aa0c65fb061c87e9541e7a567dd58ff933a/2018-19/nl.1.csv,f43a2aa0c65fb061c87e9541e7a567dd58ff933a,78,2026-09-04T07:11:35.624Z,Eredivisie,2018-19,2018-10-21,Feyenoord,Zwolle,3,0,H,2,0,H,,source_reported_FT,Feyenoord,Zwolle
footballcsv/cache.footballdata,https://raw.githubusercontent.com/footballcsv/cache.footballdata/f43a2aa0c65fb061c87e9541e7a567dd58ff933a/2018-19/nl.1.csv,f43a2aa0c65fb061c87e9541e7a567dd58ff933a,79,2026-09-04T07:11:35.624Z,Eredivisie,2018-19,2018-10-21,For Sittard,Graafschap,3,1,H,1,0,H,,source_reported_FT,For Sittard,Graafschap
footballcsv/cache.footballdata,https://raw.githubusercontent.com/footballcsv/cache.footballdata/f43a2aa0c65fb061c87e9541e7a567dd58ff933a/2018-19/nl.1.csv,f43a2aa0c65fb061c87e9541e7a567dd58ff933a,80,2026-09-04T07:11:35.624Z,Eredivisie,2018-19,2018-10-21,Heracles,Groningen,4,1,H,1,1,D,,source_reported_FT,Heracles,Groningen
footballcsv/cache.footballdata,https://raw.githubusercontent.com/footballcsv/cache.footballdata/f43a2aa0c65fb061c87e9541e7a567dd58ff933a/2018-19/nl.1.csv,f43a2aa0c65fb061c87e9541e7a567dd58ff933a,81,2026-09-04T07:11:35.624Z,Eredivisie,2018-19,2018-10-21,NAC Breda,Willem II,2,2,D,1,2,A,,source_reported_FT,NAC Breda,Willem II
footballcsv/cache.footballdata,https://raw.githubusercontent.com/footballcsv/cache.footballdata/f43a2aa0c65fb061c87e9541e7a567dd58ff933a/2018-19/nl.1.csv,f43a2aa0c65fb061c87e9541e7a567dd58ff933a,82,2026-09-04T07:11:35.624Z,Eredivisie,2018-19,2018-10-21,VVV Venlo,Den Haag,2,0,H,1,0,H,,source_reported_FT,VVV Venlo,Den Haag
footballcsv/cache.footballdata,https://raw.githubusercontent.com/footballcsv/cache.footballdata/f43a2aa0c65fb061c87e9541e7a567dd58ff933a/2018-19/nl.1.csv,f43a2aa0c65fb061c87e9541e7a567dd58ff933a,83,2026-09-04T07:11:35.624Z,Eredivisie,2018-19,2018-10-26,FC Emmen,VVV Venlo,1,1,D,0,1,A,,source_reported_FT,FC Emmen,VVV Venlo
footballcsv/cache.footballdata,https://raw.githubusercontent.com/footballcsv/cache.footballdata/f43a2aa0c65fb061c87e9541e7a567dd58ff933a/2018-19/nl.1.csv,f43a2aa0c65fb061c87e9541e7a567dd58ff933a,84,2026-09-04T07:11:35.624Z,Eredivisie,2018-19,2018-10-27,Den Haag,NAC Breda,1,1,D,1,1,D,,source_reported_FT,Den Haag,NAC Breda
footballcsv/cache.footballdata,https://raw.githubusercontent.com/footballcsv/cache.footballdata/f43a2aa0c65fb061c87e9541e7a567dd58ff933a/2018-19/nl.1.csv,f43a2aa0c65fb061c87e9541e7a567dd58ff933a,85,2026-09-04T07:11:35.624Z,Eredivisie,2018-19,2018-10-27,Graafschap,Excelsior,4,1,H,1,1,D,,source_reported_FT,Graafschap,Excelsior
footballcsv/cache.footballdata,https://raw.githubusercontent.com/footballcsv/cache.footballdata/f43a2aa0c65fb061c87e9541e7a567dd58ff933a/2018-19/nl.1.csv,f43a2aa0c65fb061c87e9541e7a567dd58ff933a,86,2026-09-04T07:11:35.624Z,Eredivisie,2018-19,2018-10-27,Groningen,PSV Eindhoven,1,2,A,1,1,D,,source_reported_FT,Groningen,PSV Eindhoven
footballcsv/cache.footballdata,https://raw.githubusercontent.com/footballcsv/cache.footballdata/f43a2aa0c65fb061c87e9541e7a567dd58ff933a/2018-19/nl.1.csv,f43a2aa0c65fb061c87e9541e7a567dd58ff933a,87,2026-09-04T07:11:35.624Z,Eredivisie,2018-19,2018-10-27,Zwolle,Heracles,1,1,D,0,1,A,,source_reported_FT,Zwolle,Heracles
footballcsv/cache.footballdata,https://raw.githubusercontent.com/footballcsv/cache.footballdata/f43a2aa0c65fb061c87e9541e7a567dd58ff933a/2018-19/nl.1.csv,f43a2aa0c65fb061c87e9541e7a567dd58ff933a,89,2026-09-04T07:11:35.624Z,Eredivisie,2018-19,2018-10-28,AZ Alkmaar,Heerenveen,2,3,A,1,1,D,,source_reported_FT,AZ Alkmaar,Heerenveen
footballcsv/cache.footballdata,https://raw.githubusercontent.com/footballcsv/cache.footballdata/f43a2aa0c65fb061c87e9541e7a567dd58ff933a/2018-19/nl.1.csv,f43a2aa0c65fb061c87e9541e7a567dd58ff933a,88,2026-09-04T07:11:35.624Z,Eredivisie,2018-19,2018-10-28,Ajax,Feyenoord,3,0,H,2,0,H,,source_reported_FT,Ajax,Feyenoord
footballcsv/cache.footballdata,https://raw.githubusercontent.com/footballcsv/cache.footballdata/f43a2aa0c65fb061c87e9541e7a567dd58ff933a/2018-19/nl.1.csv,f43a2aa0c65fb061c87e9541e7a567dd58ff933a,90,2026-09-04T07:11:35.624Z,Eredivisie,2018-19,2018-10-28,Vitesse,For Sittard,2,1,H,1,1,D,,source_reported_FT,Vitesse,For Sittard
footballcsv/cache.footballdata,https://raw.githubusercontent.com/footballcsv/cache.footballdata/f43a2aa0c65fb061c87e9541e7a567dd58ff933a/2018-19/nl.1.csv,f43a2aa0c65fb061c87e9541e7a567dd58ff933a,91,2026-09-04T07:11:35.624Z,Eredivisie,2018-19,2018-10-28,Willem II,Utrecht,0,1,A,0,0,D,,source_reported_FT,Willem II,Utrecht
footballcsv/cache.footballdata,https://raw.githubusercontent.com/footballcsv/cache.footballdata/f43a2aa0c65fb061c87e9541e7a567dd58ff933a/2018-19/nl.1.csv,f43a2aa0c65fb061c87e9541e7a567dd58ff933a,92,2026-09-04T07:11:35.624Z,Eredivisie,2018-19,2018-11-02,Excelsior,Groningen,2,4,A,1,2,A,,source_reported_FT,Excelsior,Groningen
footballcsv/cache.footballdata,https://raw.githubusercontent.com/footballcsv/cache.footballdata/f43a2aa0c65fb061c87e9541e7a567dd58ff933a/2018-19/nl.1.csv,f43a2aa0c65fb061c87e9541e7a567dd58ff933a,94,2026-09-04T07:11:35.624Z,Eredivisie,2018-19,2018-11-03,AZ Alkmaar,Graafschap,1,0,H,0,0,D,,source_reported_FT,AZ Alkmaar,Graafschap
footballcsv/cache.footballdata,https://raw.githubusercontent.com/footballcsv/cache.footballdata/f43a2aa0c65fb061c87e9541e7a567dd58ff933a/2018-19/nl.1.csv,f43a2aa0c65fb061c87e9541e7a567dd58ff933a,93,2026-09-04T07:11:35.624Z,Eredivisie,2018-19,2018-11-03,Ajax,Willem II,2,0,H,2,0,H,,source_reported_FT,Ajax,Willem II
footballcsv/cache.footballdata,https://raw.githubusercontent.com/footballcsv/cache.footballdata/f43a2aa0c65fb061c87e9541e7a567dd58ff933a/2018-19/nl.1.csv,f43a2aa0c65fb061c87e9541e7a567dd58ff933a,95,2026-09-04T07:11:35.624Z,Eredivisie,2018-19,2018-11-03,NAC Breda,Heracles,2,1,H,1,0,H,,source_reported_FT,NAC Breda,Heracles
footballcsv/cache.footballdata,https://raw.githubusercontent.com/footballcsv/cache.footballdata/f43a2aa0c65fb061c87e9541e7a567dd58ff933a/2018-19/nl.1.csv,f43a2aa0c65fb061c87e9541e7a567dd58ff933a,96,2026-09-04T07:11:35.624Z,Eredivisie,2018-19,2018-11-03,PSV Eindhoven,Vitesse,1,0,H,0,0,D,,source_reported_FT,PSV Eindhoven,Vitesse
footballcsv/cache.footballdata,https://raw.githubusercontent.com/footballcsv/cache.footballdata/f43a2aa0c65fb061c87e9541e7a567dd58ff933a/2018-19/nl.1.csv,f43a2aa0c65fb061c87e9541e7a567dd58ff933a,97,2026-09-04T07:11:35.624Z,Eredivisie,2018-19,2018-11-04,For Sittard,Zwolle,3,0,H,1,0,H,,source_reported_FT,For Sittard,Zwolle
footballcsv/cache.footballdata,https://raw.githubusercontent.com/footballcsv/cache.footballdata/f43a2aa0c65fb061c87e9541e7a567dd58ff933a/2018-19/nl.1.csv,f43a2aa0c65fb061c87e9541e7a567dd58ff933a,98,2026-09-04T07:11:35.624Z,Eredivisie,2018-19,2018-11-04,Heerenveen,FC Emmen,1,1,D,1,0,H,,source_reported_FT,Heerenveen,FC Emmen
footballcsv/cache.footballdata,https://raw.githubusercontent.com/footballcsv/cache.footballdata/f43a2aa0c65fb061c87e9541e7a567dd58ff933a/2018-19/nl.1.csv,f43a2aa0c65fb061c87e9541e7a567dd58ff933a,99,2026-09-04T07:11:35.624Z,Eredivisie,2018-19,2018-11-04,Utrecht,Den Haag,3,0,H,1,0,H,,source_reported_FT,Utrecht,Den Haag
footballcsv/cache.footballdata,https://raw.githubusercontent.com/footballcsv/cache.footballdata/f43a2aa0c65fb061c87e9541e7a567dd58ff933a/2018-19/nl.1.csv,f43a2aa0c65fb061c87e9541e7a567dd58ff933a,100,2026-09-04T07:11:35.624Z,Eredivisie,2018-19,2018-11-09,Zwolle,Willem II,2,3,A,0,2,A,,source_reported_FT,Zwolle,Willem II
footballcsv/cache.footballdata,https://raw.githubusercontent.com/footballcsv/cache.footballdata/f43a2aa0c65fb061c87e9541e7a567dd58ff933a/2018-19/nl.1.csv,f43a2aa0c65fb061c87e9541e7a567dd58ff933a,101,2026-09-04T07:11:35.624Z,Eredivisie,2018-19,2018-11-10,FC Emmen,NAC Breda,2,0,H,0,0,D,,source_reported_FT,FC Emmen,NAC Breda
footballcsv/cache.footballdata,https://raw.githubusercontent.com/footballcsv/cache.footballdata/f43a2aa0c65fb061c87e9541e7a567dd58ff933a/2018-19/nl.1.csv,f43a2aa0c65fb061c87e9541e7a567dd58ff933a,102,2026-09-04T07:11:35.624Z,Eredivisie,2018-19,2018-11-10,Graafschap,PSV Eindhoven,1,4,A,1,2,A,,source_reported_FT,Graafschap,PSV Eindhoven
footballcsv/cache.footballdata,https://raw.githubusercontent.com/footballcsv/cache.footballdata/f43a2aa0c65fb061c87e9541e7a567dd58ff933a/2018-19/nl.1.csv,f43a2aa0c65fb061c87e9541e7a567dd58ff933a,104,2026-09-04T07:11:35.624Z,Eredivisie,2018-19,2018-11-10,VVV Venlo,For Sittard,3,2,H,2,1,H,,source_reported_FT,VVV Venlo,For Sittard
footballcsv/cache.footballdata,https://raw.githubusercontent.com/footballcsv/cache.footballdata/f43a2aa0c65fb061c87e9541e7a567dd58ff933a/2018-19/nl.1.csv,f43a2aa0c65fb061c87e9541e7a567dd58ff933a,103,2026-09-04T07:11:35.624Z,Eredivisie,2018-19,2018-11-10,Vitesse,Utrecht,2,1,H,0,0,D,,source_reported_FT,Vitesse,Utrecht
footballcsv/cache.footballdata,https://raw.githubusercontent.com/footballcsv/cache.footballdata/f43a2aa0c65fb061c87e9541e7a567dd58ff933a/2018-19/nl.1.csv,f43a2aa0c65fb061c87e9541e7a567dd58ff933a,105,2026-09-04T07:11:35.624Z,Eredivisie,2018-19,2018-11-11,Den Haag,AZ Alkmaar,0,1,A,0,0,D,,source_reported_FT,Den Haag,AZ Alkmaar
footballcsv/cache.footballdata,https://raw.githubusercontent.com/footballcsv/cache.footballdata/f43a2aa0c65fb061c87e9541e7a567dd58ff933a/2018-19/nl.1.csv,f43a2aa0c65fb061c87e9541e7a567dd58ff933a,106,2026-09-04T07:11:35.624Z,Eredivisie,2018-19,2018-11-11,Excelsior,Ajax,1,7,A,0,2,A,,source_reported_FT,Excelsior,Ajax
footballcsv/cache.footballdata,https://raw.githubusercontent.com/footballcsv/cache.footballdata/f43a2aa0c65fb061c87e9541e7a567dd58ff933a/2018-19/nl.1.csv,f43a2aa0c65fb061c87e9541e7a567dd58ff933a,107,2026-09-04T07:11:35.624Z,Eredivisie,2018-19,2018-11-11,Groningen,Heerenveen,2,0,H,2,0,H,,source_reported_FT,Groningen,Heerenveen
footballcsv/cache.footballdata,https://raw.githubusercontent.com/footballcsv/cache.footballdata/f43a2aa0c65fb061c87e9541e7a567dd58ff933a/2018-19/nl.1.csv,f43a2aa0c65fb061c87e9541e7a567dd58ff933a,108,2026-09-04T07:11:35.624Z,Eredivisie,2018-19,2018-11-11,Heracles,Feyenoord,0,2,A,0,0,D,,source_reported_FT,Heracles,Feyenoord
footballcsv/cache.footballdata,https://raw.githubusercontent.com/footballcsv/cache.footballdata/f43a2aa0c65fb061c87e9541e7a567dd58ff933a/2018-19/nl.1.csv,f43a2aa0c65fb061c87e9541e7a567dd58ff933a,109,2026-09-04T07:11:35.624Z,Eredivisie,2018-19,2018-11-24,For Sittard,Heracles,3,0,H,2,0,H,,source_reported_FT,For Sittard,Heracles
footballcsv/cache.footballdata,https://raw.githubusercontent.com/footballcsv/cache.footballdata/f43a2aa0c65fb061c87e9541e7a567dd58ff933a/2018-19/nl.1.csv,f43a2aa0c65fb061c87e9541e7a567dd58ff933a,110,2026-09-04T07:11:35.624Z,Eredivisie,2018-19,2018-11-24,NAC Breda,Ajax,0,3,A,0,1,A,,source_reported_FT,NAC Breda,Ajax
footballcsv/cache.footballdata,https://raw.githubusercontent.com/footballcsv/cache.footballdata/f43a2aa0c65fb061c87e9541e7a567dd58ff933a/2018-19/nl.1.csv,f43a2aa0c65fb061c87e9541e7a567dd58ff933a,111,2026-09-04T07:11:35.624Z,Eredivisie,2018-19,2018-11-24,PSV Eindhoven,Heerenveen,3,0,H,1,0,H,,source_reported_FT,PSV Eindhoven,Heerenveen
footballcsv/cache.footballdata,https://raw.githubusercontent.com/footballcsv/cache.footballdata/f43a2aa0c65fb061c87e9541e7a567dd58ff933a/2018-19/nl.1.csv,f43a2aa0c65fb061c87e9541e7a567dd58ff933a,112,2026-09-04T07:11:35.624Z,Eredivisie,2018-19,2018-11-24,Zwolle,Den Haag,2,3,A,2,2,D,,source_reported_FT,Zwolle,Den Haag
footballcsv/cache.footballdata,https://raw.githubusercontent.com/footballcsv/cache.footballdata/f43a2aa0c65fb061c87e9541e7a567dd58ff933a/2018-19/nl.1.csv,f43a2aa0c65fb061c87e9541e7a567dd58ff933a,113,2026-09-04T07:11:35.624Z,Eredivisie,2018-19,2018-11-25,FC Emmen,Excelsior,1,2,A,0,0,D,,source_reported_FT,FC Emmen,Excelsior
footballcsv/cache.footballdata,https://raw.githubusercontent.com/footballcsv/cache.footballdata/f43a2aa0c65fb061c87e9541e7a567dd58ff933a/2018-19/nl.1.csv,f43a2aa0c65fb061c87e9541e7a567dd58ff933a,114,2026-09-04T07:11:35.624Z,Eredivisie,2018-19,2018-11-25,Feyenoord,Groningen,1,0,H,1,0,H,,source_reported_FT,Feyenoord,Groningen
footballcsv/cache.footballdata,https://raw.githubusercontent.com/footballcsv/cache.footballdata/f43a2aa0c65fb061c87e9541e7a567dd58ff933a/2018-19/nl.1.csv,f43a2aa0c65fb061c87e9541e7a567dd58ff933a,115,2026-09-04T07:11:35.624Z,Eredivisie,2018-19,2018-11-25,Utrecht,Graafschap,5,0,H,3,0,H,,source_reported_FT,Utrecht,Graafschap
footballcsv/cache.footballdata,https://raw.githubusercontent.com/footballcsv/cache.footballdata/f43a2aa0c65fb061c87e9541e7a567dd58ff933a/2018-19/nl.1.csv,f43a2aa0c65fb061c87e9541e7a567dd58ff933a,116,2026-09-04T07:11:35.624Z,Eredivisie,2018-19,2018-11-25,VVV Venlo,AZ Alkmaar,2,2,D,1,2,A,,source_reported_FT,VVV Venlo,AZ Alkmaar
footballcsv/cache.footballdata,https://raw.githubusercontent.com/footballcsv/cache.footballdata/f43a2aa0c65fb061c87e9541e7a567dd58ff933a/2018-19/nl.1.csv,f43a2aa0c65fb061c87e9541e7a567dd58ff933a,117,2026-09-04T07:11:35.624Z,Eredivisie,2018-19,2018-11-25,Willem II,Vitesse,1,3,A,0,3,A,,source_reported_FT,Willem II,Vitesse
footballcsv/cache.footballdata,https://raw.githubusercontent.com/footballcsv/cache.footballdata/f43a2aa0c65fb061c87e9541e7a567dd58ff933a/2018-19/nl.1.csv,f43a2aa0c65fb061c87e9541e7a567dd58ff933a,118,2026-09-04T07:11:35.624Z,Eredivisie,2018-19,2018-11-30,Excelsior,Utrecht,3,3,D,3,0,H,,source_reported_FT,Excelsior,Utrecht
footballcsv/cache.footballdata,https://raw.githubusercontent.com/footballcsv/cache.footballdata/f43a2aa0c65fb061c87e9541e7a567dd58ff933a/2018-19/nl.1.csv,f43a2aa0c65fb061c87e9541e7a567dd58ff933a,119,2026-09-04T07:11:35.624Z,Eredivisie,2018-19,2018-12-01,AZ Alkmaar,Willem II,0,2,A,0,2,A,,source_reported_FT,AZ Alkmaar,Willem II
footballcsv/cache.footballdata,https://raw.githubusercontent.com/footballcsv/cache.footballdata/f43a2aa0c65fb061c87e9541e7a567dd58ff933a/2018-19/nl.1.csv,f43a2aa0c65fb061c87e9541e7a567dd58ff933a,120,2026-09-04T07:11:35.624Z,Eredivisie,2018-19,2018-12-01,Graafschap,Zwolle,0,2,A,0,1,A,,source_reported_FT,Graafschap,Zwolle
footballcsv/cache.footballdata,https://raw.githubusercontent.com/footballcsv/cache.footballdata/f43a2aa0c65fb061c87e9541e7a567dd58ff933a/2018-19/nl.1.csv,f43a2aa0c65fb061c87e9541e7a567dd58ff933a,121,2026-09-04T07:11:35.624Z,Eredivisie,2018-19,2018-12-01,Heerenveen,For Sittard,3,1,H,1,0,H,,source_reported_FT,Heerenveen,For Sittard
footballcsv/cache.footballdata,https://raw.githubusercontent.com/footballcsv/cache.footballdata/f43a2aa0c65fb061c87e9541e7a567dd58ff933a/2018-19/nl.1.csv,f43a2aa0c65fb061c87e9541e7a567dd58ff933a,122,2026-09-04T07:11:35.624Z,Eredivisie,2018-19,2018-12-01,Vitesse,FC Emmen,1,1,D,1,0,H,,source_reported_FT,Vitesse,FC Emmen
footballcsv/cache.footballdata,https://raw.githubusercontent.com/footballcsv/cache.footballdata/f43a2aa0c65fb061c87e9541e7a567dd58ff933a/2018-19/nl.1.csv,f43a2aa0c65fb061c87e9541e7a567dd58ff933a,123,2026-09-04T07:11:35.624Z,Eredivisie,2018-19,2018-12-02,Ajax,Den Haag,5,1,H,3,1,H,,source_reported_FT,Ajax,Den Haag
footballcsv/cache.footballdata,https://raw.githubusercontent.com/footballcsv/cache.footballdata/f43a2aa0c65fb061c87e9541e7a567dd58ff933a/2018-19/nl.1.csv,f43a2aa0c65fb061c87e9541e7a567dd58ff933a,124,2026-09-04T07:11:35.624Z,Eredivisie,2018-19,2018-12-02,Feyenoord,PSV Eindhoven,2,1,H,2,0,H,,source_reported_FT,Feyenoord,PSV Eindhoven
footballcsv/cache.footballdata,https://raw.githubusercontent.com/footballcsv/cache.footballdata/f43a2aa0c65fb061c87e9541e7a567dd58ff933a/2018-19/nl.1.csv,f43a2aa0c65fb061c87e9541e7a567dd58ff933a,125,2026-09-04T07:11:35.624Z,Eredivisie,2018-19,2018-12-02,Groningen,NAC Breda,5,2,H,1,1,D,,source_reported_FT,Groningen,NAC Breda
footballcsv/cache.footballdata,https://raw.githubusercontent.com/footballcsv/cache.footballdata/f43a2aa0c65fb061c87e9541e7a567dd58ff933a/2018-19/nl.1.csv,f43a2aa0c65fb061c87e9541e7a567dd58ff933a,126,2026-09-04T07:11:35.624Z,Eredivisie,2018-19,2018-12-02,Heracles,VVV Venlo,4,1,H,1,0,H,,source_reported_FT,Heracles,VVV Venlo
footballcsv/cache.footballdata,https://raw.githubusercontent.com/footballcsv/cache.footballdata/f43a2aa0c65fb061c87e9541e7a567dd58ff933a/2018-19/nl.1.csv,f43a2aa0c65fb061c87e9541e7a567dd58ff933a,127,2026-09-04T07:11:35.624Z,Eredivisie,2018-19,2018-12-06,Feyenoord,VVV Venlo,4,1,H,2,0,H,,source_reported_FT,Feyenoord,VVV Venlo
footballcsv/cache.footballdata,https://raw.githubusercontent.com/footballcsv/cache.footballdata/f43a2aa0c65fb061c87e9541e7a567dd58ff933a/2018-19/nl.1.csv,f43a2aa0c65fb061c87e9541e7a567dd58ff933a,128,2026-09-04T07:11:35.624Z,Eredivisie,2018-19,2018-12-07,For Sittard,AZ Alkmaar,0,3,A,0,1,A,,source_reported_FT,For Sittard,AZ Alkmaar
footballcsv/cache.footballdata,https://raw.githubusercontent.com/footballcsv/cache.footballdata/f43a2aa0c65fb061c87e9541e7a567dd58ff933a/2018-19/nl.1.csv,f43a2aa0c65fb061c87e9541e7a567dd58ff933a,129,2026-09-04T07:11:35.624Z,Eredivisie,2018-19,2018-12-07,PSV Eindhoven,Excelsior,6,0,H,2,0,H,,source_reported_FT,PSV Eindhoven,Excelsior
footballcsv/cache.footballdata,https://raw.githubusercontent.com/footballcsv/cache.footballdata/f43a2aa0c65fb061c87e9541e7a567dd58ff933a/2018-19/nl.1.csv,f43a2aa0c65fb061c87e9541e7a567dd58ff933a,130,2026-09-04T07:11:35.624Z,Eredivisie,2018-19,2018-12-08,Den Haag,Graafschap,0,0,D,0,0,D,,source_reported_FT,Den Haag,Graafschap
footballcsv/cache.footballdata,https://raw.githubusercontent.com/footballcsv/cache.footballdata/f43a2aa0c65fb061c87e9541e7a567dd58ff933a/2018-19/nl.1.csv,f43a2aa0c65fb061c87e9541e7a567dd58ff933a,131,2026-09-04T07:11:35.624Z,Eredivisie,2018-19,2018-12-08,Willem II,Heerenveen,1,5,A,1,2,A,,source_reported_FT,Willem II,Heerenveen
footballcsv/cache.footballdata,https://raw.githubusercontent.com/footballcsv/cache.footballdata/f43a2aa0c65fb061c87e9541e7a567dd58ff933a/2018-19/nl.1.csv,f43a2aa0c65fb061c87e9541e7a567dd58ff933a,132,2026-09-04T07:11:35.624Z,Eredivisie,2018-19,2018-12-08,Zwolle,Ajax,1,4,A,1,2,A,,source_reported_FT,Zwolle,Ajax
footballcsv/cache.footballdata,https://raw.githubusercontent.com/footballcsv/cache.footballdata/f43a2aa0c65fb061c87e9541e7a567dd58ff933a/2018-19/nl.1.csv,f43a2aa0c65fb061c87e9541e7a567dd58ff933a,133,2026-09-04T07:11:35.624Z,Eredivisie,2018-19,2018-12-09,FC Emmen,Feyenoord,1,4,A,0,0,D,,source_reported_FT,FC Emmen,Feyenoord
footballcsv/cache.footballdata,https://raw.githubusercontent.com/footballcsv/cache.footballdata/f43a2aa0c65fb061c87e9541e7a567dd58ff933a/2018-19/nl.1.csv,f43a2aa0c65fb061c87e9541e7a567dd58ff933a,134,2026-09-04T07:11:35.624Z,Eredivisie,2018-19,2018-12-09,NAC Breda,Vitesse,2,1,H,1,0,H,,source_reported_FT,NAC Breda,Vitesse
footballcsv/cache.footballdata,https://raw.githubusercontent.com/footballcsv/cache.footballdata/f43a2aa0c65fb061c87e9541e7a567dd58ff933a/2018-19/nl.1.csv,f43a2aa0c65fb061c87e9541e7a567dd58ff933a,135,2026-09-04T07:11:35.624Z,Eredivisie,2018-19,2018-12-09,Utrecht,Heracles,3,1,H,3,0,H,,source_reported_FT,Utrecht,Heracles
footballcsv/cache.footballdata,https://raw.githubusercontent.com/footballcsv/cache.footballdata/f43a2aa0c65fb061c87e9541e7a567dd58ff933a/2018-19/nl.1.csv,f43a2aa0c65fb061c87e9541e7a567dd58ff933a,136,2026-09-04T07:11:35.624Z,Eredivisie,2018-19,2018-12-09,VVV Venlo,Groningen,0,0,D,0,0,D,,source_reported_FT,VVV Venlo,Groningen
footballcsv/cache.footballdata,https://raw.githubusercontent.com/footballcsv/cache.footballdata/f43a2aa0c65fb061c87e9541e7a567dd58ff933a/2018-19/nl.1.csv,f43a2aa0c65fb061c87e9541e7a567dd58ff933a,137,2026-09-04T07:11:35.624Z,Eredivisie,2018-19,2018-12-14,Willem II,Den Haag,0,3,A,0,1,A,,source_reported_FT,Willem II,Den Haag
footballcsv/cache.footballdata,https://raw.githubusercontent.com/footballcsv/cache.footballdata/f43a2aa0c65fb061c87e9541e7a567dd58ff933a/2018-19/nl.1.csv,f43a2aa0c65fb061c87e9541e7a567dd58ff933a,138,2026-09-04T07:11:35.624Z,Eredivisie,2018-19,2018-12-15,AZ Alkmaar,Excelsior,2,1,H,1,1,D,,source_reported_FT,AZ Alkmaar,Excelsior
footballcsv/cache.footballdata,https://raw.githubusercontent.com/footballcsv/cache.footballdata/f43a2aa0c65fb061c87e9541e7a567dd58ff933a/2018-19/nl.1.csv,f43a2aa0c65fb061c87e9541e7a567dd58ff933a,139,2026-09-04T07:11:35.624Z,Eredivisie,2018-19,2018-12-15,Heracles,PSV Eindhoven,0,4,A,0,2,A,,source_reported_FT,Heracles,PSV Eindhoven
footballcsv/cache.footballdata,https://raw.githubusercontent.com/footballcsv/cache.footballdata/f43a2aa0c65fb061c87e9541e7a567dd58ff933a/2018-19/nl.1.csv,f43a2aa0c65fb061c87e9541e7a567dd58ff933a,140,2026-09-04T07:11:35.624Z,Eredivisie,2018-19,2018-12-15,Vitesse,VVV Venlo,2,1,H,1,0,H,,source_reported_FT,Vitesse,VVV Venlo
footballcsv/cache.footballdata,https://raw.githubusercontent.com/footballcsv/cache.footballdata/f43a2aa0c65fb061c87e9541e7a567dd58ff933a/2018-19/nl.1.csv,f43a2aa0c65fb061c87e9541e7a567dd58ff933a,141,2026-09-04T07:11:35.624Z,Eredivisie,2018-19,2018-12-15,Zwolle,NAC Breda,0,0,D,0,0,D,,source_reported_FT,Zwolle,NAC Breda
footballcsv/cache.footballdata,https://raw.githubusercontent.com/footballcsv/cache.footballdata/f43a2aa0c65fb061c87e9541e7a567dd58ff933a/2018-19/nl.1.csv,f43a2aa0c65fb061c87e9541e7a567dd58ff933a,142,2026-09-04T07:11:35.624Z,Eredivisie,2018-19,2018-12-16,Ajax,Graafschap,8,0,H,3,0,H,,source_reported_FT,Ajax,Graafschap
footballcsv/cache.footballdata,https://raw.githubusercontent.com/footballcsv/cache.footballdata/f43a2aa0c65fb061c87e9541e7a567dd58ff933a/2018-19/nl.1.csv,f43a2aa0c65fb061c87e9541e7a567dd58ff933a,143,2026-09-04T07:11:35.624Z,Eredivisie,2018-19,2018-12-16,Feyenoord,For Sittard,0,2,A,0,0,D,,source_reported_FT,Feyenoord,For Sittard
footballcsv/cache.footballdata,https://raw.githubusercontent.com/footballcsv/cache.footballdata/f43a2aa0c65fb061c87e9541e7a567dd58ff933a/2018-19/nl.1.csv,f43a2aa0c65fb061c87e9541e7a567dd58ff933a,144,2026-09-04T07:11:35.624Z,Eredivisie,2018-19,2018-12-16,Groningen,FC Emmen,1,2,A,0,0,D,,source_reported_FT,Groningen,FC Emmen
footballcsv/cache.footballdata,https://raw.githubusercontent.com/footballcsv/cache.footballdata/f43a2aa0c65fb061c87e9541e7a567dd58ff933a/2018-19/nl.1.csv,f43a2aa0c65fb061c87e9541e7a567dd58ff933a,145,2026-09-04T07:11:35.624Z,Eredivisie,2018-19,2018-12-16,Heerenveen,Utrecht,2,3,A,0,3,A,,source_reported_FT,Heerenveen,Utrecht
footballcsv/cache.footballdata,https://raw.githubusercontent.com/footballcsv/cache.footballdata/f43a2aa0c65fb061c87e9541e7a567dd58ff933a/2018-19/nl.1.csv,f43a2aa0c65fb061c87e9541e7a567dd58ff933a,146,2026-09-04T07:11:35.624Z,Eredivisie,2018-19,2018-12-21,VVV Venlo,Zwolle,2,0,H,1,0,H,,source_reported_FT,VVV Venlo,Zwolle
footballcsv/cache.footballdata,https://raw.githubusercontent.com/footballcsv/cache.footballdata/f43a2aa0c65fb061c87e9541e7a567dd58ff933a/2018-19/nl.1.csv,f43a2aa0c65fb061c87e9541e7a567dd58ff933a,147,2026-09-04T07:11:35.624Z,Eredivisie,2018-19,2018-12-22,Excelsior,Heracles,0,3,A,0,2,A,,source_reported_FT,Excelsior,Heracles
footballcsv/cache.footballdata,https://raw.githubusercontent.com/footballcsv/cache.footballdata/f43a2aa0c65fb061c87e9541e7a567dd58ff933a/2018-19/nl.1.csv,f43a2aa0c65fb061c87e9541e7a567dd58ff933a,148,2026-09-04T07:11:35.624Z,Eredivisie,2018-19,2018-12-22,For Sittard,Groningen,0,0,D,0,0,D,,source_reported_FT,For Sittard,Groningen
footballcsv/cache.footballdata,https://raw.githubusercontent.com/footballcsv/cache.footballdata/f43a2aa0c65fb061c87e9541e7a567dd58ff933a/2018-19/nl.1.csv,f43a2aa0c65fb061c87e9541e7a567dd58ff933a,149,2026-09-04T07:11:35.624Z,Eredivisie,2018-19,2018-12-22,NAC Breda,Heerenveen,4,2,H,1,2,A,,source_reported_FT,NAC Breda,Heerenveen
footballcsv/cache.footballdata,https://raw.githubusercontent.com/footballcsv/cache.footballdata/f43a2aa0c65fb061c87e9541e7a567dd58ff933a/2018-19/nl.1.csv,f43a2aa0c65fb061c87e9541e7a567dd58ff933a,150,2026-09-04T07:11:35.624Z,Eredivisie,2018-19,2018-12-22,PSV Eindhoven,AZ Alkmaar,3,1,H,1,1,D,,source_reported_FT,PSV Eindhoven,AZ Alkmaar
footballcsv/cache.footballdata,https://raw.githubusercontent.com/footballcsv/cache.footballdata/f43a2aa0c65fb061c87e9541e7a567dd58ff933a/2018-19/nl.1.csv,f43a2aa0c65fb061c87e9541e7a567dd58ff933a,151,2026-09-04T07:11:35.624Z,Eredivisie,2018-19,2018-12-23,Den Haag,Feyenoord,2,2,D,1,1,D,,source_reported_FT,Den Haag,Feyenoord
footballcsv/cache.footballdata,https://raw.githubusercontent.com/footballcsv/cache.footballdata/f43a2aa0c65fb061c87e9541e7a567dd58ff933a/2018-19/nl.1.csv,f43a2aa0c65fb061c87e9541e7a567dd58ff933a,152,2026-09-04T07:11:35.624Z,Eredivisie,2018-19,2018-12-23,FC Emmen,Willem II,0,2,A,0,1,A,,source_reported_FT,FC Emmen,Willem II
footballcsv/cache.footballdata,https://raw.githubusercontent.com/footballcsv/cache.footballdata/f43a2aa0c65fb061c87e9541e7a567dd58ff933a/2018-19/nl.1.csv,f43a2aa0c65fb061c87e9541e7a567dd58ff933a,153,2026-09-04T07:11:35.624Z,Eredivisie,2018-19,2018-12-23,Graafschap,Vitesse,2,2,D,1,1,D,,source_reported_FT,Graafschap,Vitesse
footballcsv/cache.footballdata,https://raw.githubusercontent.com/footballcsv/cache.footballdata/f43a2aa0c65fb061c87e9541e7a567dd58ff933a/2018-19/nl.1.csv,f43a2aa0c65fb061c87e9541e7a567dd58ff933a,154,2026-09-04T07:11:35.624Z,Eredivisie,2018-19,2018-12-23,Utrecht,Ajax,1,3,A,0,1,A,,source_reported_FT,Utrecht,Ajax
footballcsv/cache.footballdata,https://raw.githubusercontent.com/footballcsv/cache.footballdata/f43a2aa0c65fb061c87e9541e7a567dd58ff933a/2018-19/nl.1.csv,f43a2aa0c65fb061c87e9541e7a567dd58ff933a,155,2026-09-04T07:11:35.624Z,Eredivisie,2018-19,2019-01-18,Vitesse,Excelsior,3,2,H,2,0,H,,source_reported_FT,Vitesse,Excelsior
footballcsv/cache.footballdata,https://raw.githubusercontent.com/footballcsv/cache.footballdata/f43a2aa0c65fb061c87e9541e7a567dd58ff933a/2018-19/nl.1.csv,f43a2aa0c65fb061c87e9541e7a567dd58ff933a,156,2026-09-04T07:11:35.624Z,Eredivisie,2018-19,2019-01-19,AZ Alkmaar,Utrecht,3,0,H,2,0,H,,source_reported_FT,AZ Alkmaar,Utrecht
footballcsv/cache.footballdata,https://raw.githubusercontent.com/footballcsv/cache.footballdata/f43a2aa0c65fb061c87e9541e7a567dd58ff933a/2018-19/nl.1.csv,f43a2aa0c65fb061c87e9541e7a567dd58ff933a,157,2026-09-04T07:11:35.624Z,Eredivisie,2018-19,2019-01-19,Den Haag,VVV Venlo,2,4,A,1,1,D,,source_reported_FT,Den Haag,VVV Venlo
footballcsv/cache.footballdata,https://raw.githubusercontent.com/footballcsv/cache.footballdata/f43a2aa0c65fb061c87e9541e7a567dd58ff933a/2018-19/nl.1.csv,f43a2aa0c65fb061c87e9541e7a567dd58ff933a,158,2026-09-04T07:11:35.624Z,Eredivisie,2018-19,2019-01-19,Groningen,Heracles,3,0,H,1,0,H,,source_reported_FT,Groningen,Heracles
footballcsv/cache.footballdata,https://raw.githubusercontent.com/footballcsv/cache.footballdata/f43a2aa0c65fb061c87e9541e7a567dd58ff933a/2018-19/nl.1.csv,f43a2aa0c65fb061c87e9541e7a567dd58ff933a,159,2026-09-04T07:11:35.624Z,Eredivisie,2018-19,2019-01-19,Zwolle,Feyenoord,3,1,H,1,1,D,,source_reported_FT,Zwolle,Feyenoord
footballcsv/cache.footballdata,https://raw.githubusercontent.com/footballcsv/cache.footballdata/f43a2aa0c65fb061c87e9541e7a567dd58ff933a/2018-19/nl.1.csv,f43a2aa0c65fb061c87e9541e7a567dd58ff933a,160,2026-09-04T07:11:35.624Z,Eredivisie,2018-19,2019-01-20,Ajax,Heerenveen,4,4,D,3,1,H,,source_reported_FT,Ajax,Heerenveen
footballcsv/cache.footballdata,https://raw.githubusercontent.com/footballcsv/cache.footballdata/f43a2aa0c65fb061c87e9541e7a567dd58ff933a/2018-19/nl.1.csv,f43a2aa0c65fb061c87e9541e7a567dd58ff933a,161,2026-09-04T07:11:35.624Z,Eredivisie,2018-19,2019-01-20,FC Emmen,PSV Eindhoven,2,2,D,0,1,A,,source_reported_FT,FC Emmen,PSV Eindhoven
footballcsv/cache.footballdata,https://raw.githubusercontent.com/footballcsv/cache.footballdata/f43a2aa0c65fb061c87e9541e7a567dd58ff933a/2018-19/nl.1.csv,f43a2aa0c65fb061c87e9541e7a567dd58ff933a,162,2026-09-04T07:11:35.624Z,Eredivisie,2018-19,2019-01-20,Graafschap,For Sittard,5,1,H,3,0,H,,source_reported_FT,Graafschap,For Sittard
footballcsv/cache.footballdata,https://raw.githubusercontent.com/footballcsv/cache.footballdata/f43a2aa0c65fb061c87e9541e7a567dd58ff933a/2018-19/nl.1.csv,f43a2aa0c65fb061c87e9541e7a567dd58ff933a,163,2026-09-04T07:11:35.624Z,Eredivisie,2018-19,2019-01-20,Willem II,NAC Breda,2,0,H,1,0,H,,source_reported_FT,Willem II,NAC Breda
footballcsv/cache.footballdata,https://raw.githubusercontent.com/footballcsv/cache.footballdata/f43a2aa0c65fb061c87e9541e7a567dd58ff933a/2018-19/nl.1.csv,f43a2aa0c65fb061c87e9541e7a567dd58ff933a,164,2026-09-04T07:11:35.624Z,Eredivisie,2018-19,2019-01-25,NAC Breda,Den Haag,1,1,D,0,1,A,,source_reported_FT,NAC Breda,Den Haag
footballcsv/cache.footballdata,https://raw.githubusercontent.com/footballcsv/cache.footballdata/f43a2aa0c65fb061c87e9541e7a567dd58ff933a/2018-19/nl.1.csv,f43a2aa0c65fb061c87e9541e7a567dd58ff933a,165,2026-09-04T07:11:35.624Z,Eredivisie,2018-19,2019-01-26,Excelsior,Graafschap,2,0,H,0,0,D,,source_reported_FT,Excelsior,Graafschap
footballcsv/cache.footballdata,https://raw.githubusercontent.com/footballcsv/cache.footballdata/f43a2aa0c65fb061c87e9541e7a567dd58ff933a/2018-19/nl.1.csv,f43a2aa0c65fb061c87e9541e7a567dd58ff933a,166,2026-09-04T07:11:35.624Z,Eredivisie,2018-19,2019-01-26,Heracles,Zwolle,0,2,A,0,1,A,,source_reported_FT,Heracles,Zwolle
footballcsv/cache.footballdata,https://raw.githubusercontent.com/footballcsv/cache.footballdata/f43a2aa0c65fb061c87e9541e7a567dd58ff933a/2018-19/nl.1.csv,f43a2aa0c65fb061c87e9541e7a567dd58ff933a,167,2026-09-04T07:11:35.624Z,Eredivisie,2018-19,2019-01-26,PSV Eindhoven,Groningen,2,1,H,2,1,H,,source_reported_FT,PSV Eindhoven,Groningen
footballcsv/cache.footballdata,https://raw.githubusercontent.com/footballcsv/cache.footballdata/f43a2aa0c65fb061c87e9541e7a567dd58ff933a/2018-19/nl.1.csv,f43a2aa0c65fb061c87e9541e7a567dd58ff933a,168,2026-09-04T07:11:35.624Z,Eredivisie,2018-19,2019-01-26,VVV Venlo,FC Emmen,2,3,A,1,1,D,,source_reported_FT,VVV Venlo,FC Emmen
footballcsv/cache.footballdata,https://raw.githubusercontent.com/footballcsv/cache.footballdata/f43a2aa0c65fb061c87e9541e7a567dd58ff933a/2018-19/nl.1.csv,f43a2aa0c65fb061c87e9541e7a567dd58ff933a,169,2026-09-04T07:11:35.624Z,Eredivisie,2018-19,2019-01-27,Feyenoord,Ajax,6,2,H,3,2,H,,source_reported_FT,Feyenoord,Ajax
footballcsv/cache.footballdata,https://raw.githubusercontent.com/footballcsv/cache.footballdata/f43a2aa0c65fb061c87e9541e7a567dd58ff933a/2018-19/nl.1.csv,f43a2aa0c65fb061c87e9541e7a567dd58ff933a,170,2026-09-04T07:11:35.624Z,Eredivisie,2018-19,2019-01-27,For Sittard,Vitesse,2,1,H,0,1,A,,source_reported_FT,For Sittard,Vitesse
footballcsv/cache.footballdata,https://raw.githubusercontent.com/footballcsv/cache.footballdata/f43a2aa0c65fb061c87e9541e7a567dd58ff933a/2018-19/nl.1.csv,f43a2aa0c65fb061c87e9541e7a567dd58ff933a,171,2026-09-04T07:11:35.624Z,Eredivisie,2018-19,2019-01-27,Heerenveen,AZ Alkmaar,0,2,A,0,0,D,,source_reported_FT,Heerenveen,AZ Alkmaar
footballcsv/cache.footballdata,https://raw.githubusercontent.com/footballcsv/cache.footballdata/f43a2aa0c65fb061c87e9541e7a567dd58ff933a/2018-19/nl.1.csv,f43a2aa0c65fb061c87e9541e7a567dd58ff933a,172,2026-09-04T07:11:35.624Z,Eredivisie,2018-19,2019-01-27,Utrecht,Willem II,0,1,A,0,0,D,,source_reported_FT,Utrecht,Willem II
footballcsv/cache.footballdata,https://raw.githubusercontent.com/footballcsv/cache.footballdata/f43a2aa0c65fb061c87e9541e7a567dd58ff933a/2018-19/nl.1.csv,f43a2aa0c65fb061c87e9541e7a567dd58ff933a,173,2026-09-04T07:11:35.624Z,Eredivisie,2018-19,2019-02-01,Graafschap,NAC Breda,3,0,H,1,0,H,,source_reported_FT,Graafschap,NAC Breda
footballcsv/cache.footballdata,https://raw.githubusercontent.com/footballcsv/cache.footballdata/f43a2aa0c65fb061c87e9541e7a567dd58ff933a/2018-19/nl.1.csv,f43a2aa0c65fb061c87e9541e7a567dd58ff933a,175,2026-09-04T07:11:35.624Z,Eredivisie,2018-19,2019-02-02,AZ Alkmaar,FC Emmen,5,0,H,3,0,H,,source_reported_FT,AZ Alkmaar,FC Emmen
footballcsv/cache.footballdata,https://raw.githubusercontent.com/footballcsv/cache.footballdata/f43a2aa0c65fb061c87e9541e7a567dd58ff933a/2018-19/nl.1.csv,f43a2aa0c65fb061c87e9541e7a567dd58ff933a,174,2026-09-04T07:11:35.624Z,Eredivisie,2018-19,2019-02-02,Ajax,VVV Venlo,6,0,H,1,0,H,,source_reported_FT,Ajax,VVV Venlo
footballcsv/cache.footballdata,https://raw.githubusercontent.com/footballcsv/cache.footballdata/f43a2aa0c65fb061c87e9541e7a567dd58ff933a/2018-19/nl.1.csv,f43a2aa0c65fb061c87e9541e7a567dd58ff933a,176,2026-09-04T07:11:35.624Z,Eredivisie,2018-19,2019-02-02,Vitesse,Heerenveen,2,2,D,1,1,D,,source_reported_FT,Vitesse,Heerenveen
footballcsv/cache.footballdata,https://raw.githubusercontent.com/footballcsv/cache.footballdata/f43a2aa0c65fb061c87e9541e7a567dd58ff933a/2018-19/nl.1.csv,f43a2aa0c65fb061c87e9541e7a567dd58ff933a,177,2026-09-04T07:11:35.624Z,Eredivisie,2018-19,2019-02-02,Willem II,Groningen,1,2,A,0,2,A,,source_reported_FT,Willem II,Groningen
footballcsv/cache.footballdata,https://raw.githubusercontent.com/footballcsv/cache.footballdata/f43a2aa0c65fb061c87e9541e7a567dd58ff933a/2018-19/nl.1.csv,f43a2aa0c65fb061c87e9541e7a567dd58ff933a,178,2026-09-04T07:11:35.624Z,Eredivisie,2018-19,2019-02-03,Den Haag,Heracles,2,0,H,0,0,D,,source_reported_FT,Den Haag,Heracles
footballcsv/cache.footballdata,https://raw.githubusercontent.com/footballcsv/cache.footballdata/f43a2aa0c65fb061c87e9541e7a567dd58ff933a/2018-19/nl.1.csv,f43a2aa0c65fb061c87e9541e7a567dd58ff933a,179,2026-09-04T07:11:35.624Z,Eredivisie,2018-19,2019-02-03,Excelsior,Feyenoord,2,1,H,0,0,D,,source_reported_FT,Excelsior,Feyenoord
footballcsv/cache.footballdata,https://raw.githubusercontent.com/footballcsv/cache.footballdata/f43a2aa0c65fb061c87e9541e7a567dd58ff933a/2018-19/nl.1.csv,f43a2aa0c65fb061c87e9541e7a567dd58ff933a,180,2026-09-04T07:11:35.624Z,Eredivisie,2018-19,2019-02-03,PSV Eindhoven,For Sittard,5,0,H,1,0,H,,source_reported_FT,PSV Eindhoven,For Sittard
footballcsv/cache.footballdata,https://raw.githubusercontent.com/footballcsv/cache.footballdata/f43a2aa0c65fb061c87e9541e7a567dd58ff933a/2018-19/nl.1.csv,f43a2aa0c65fb061c87e9541e7a567dd58ff933a,181,2026-09-04T07:11:35.624Z,Eredivisie,2018-19,2019-02-03,Zwolle,Utrecht,4,3,H,1,1,D,,source_reported_FT,Zwolle,Utrecht
footballcsv/cache.footballdata,https://raw.githubusercontent.com/footballcsv/cache.footballdata/f43a2aa0c65fb061c87e9541e7a567dd58ff933a/2018-19/nl.1.csv,f43a2aa0c65fb061c87e9541e7a567dd58ff933a,182,2026-09-04T07:11:35.624Z,Eredivisie,2018-19,2019-02-08,NAC Breda,AZ Alkmaar,0,3,A,0,1,A,,source_reported_FT,NAC Breda,AZ Alkmaar
footballcsv/cache.footballdata,https://raw.githubusercontent.com/footballcsv/cache.footballdata/f43a2aa0c65fb061c87e9541e7a567dd58ff933a/2018-19/nl.1.csv,f43a2aa0c65fb061c87e9541e7a567dd58ff933a,183,2026-09-04T07:11:35.624Z,Eredivisie,2018-19,2019-02-09,Feyenoord,Graafschap,4,0,H,1,0,H,,source_reported_FT,Feyenoord,Graafschap
footballcsv/cache.footballdata,https://raw.githubusercontent.com/footballcsv/cache.footballdata/f43a2aa0c65fb061c87e9541e7a567dd58ff933a/2018-19/nl.1.csv,f43a2aa0c65fb061c87e9541e7a567dd58ff933a,184,2026-09-04T07:11:35.624Z,Eredivisie,2018-19,2019-02-09,Heerenveen,Zwolle,1,1,D,1,1,D,,source_reported_FT,Heerenveen,Zwolle
footballcsv/cache.footballdata,https://raw.githubusercontent.com/footballcsv/cache.footballdata/f43a2aa0c65fb061c87e9541e7a567dd58ff933a/2018-19/nl.1.csv,f43a2aa0c65fb061c87e9541e7a567dd58ff933a,185,2026-09-04T07:11:35.624Z,Eredivisie,2018-19,2019-02-09,Heracles,Ajax,1,0,H,1,0,H,,source_reported_FT,Heracles,Ajax
footballcsv/cache.footballdata,https://raw.githubusercontent.com/footballcsv/cache.footballdata/f43a2aa0c65fb061c87e9541e7a567dd58ff933a/2018-19/nl.1.csv,f43a2aa0c65fb061c87e9541e7a567dd58ff933a,186,2026-09-04T07:11:35.624Z,Eredivisie,2018-19,2019-02-09,VVV Venlo,Willem II,2,1,H,1,0,H,,source_reported_FT,VVV Venlo,Willem II
footballcsv/cache.footballdata,https://raw.githubusercontent.com/footballcsv/cache.footballdata/f43a2aa0c65fb061c87e9541e7a567dd58ff933a/2018-19/nl.1.csv,f43a2aa0c65fb061c87e9541e7a567dd58ff933a,187,2026-09-04T07:11:35.624Z,Eredivisie,2018-19,2019-02-10,FC Emmen,Den Haag,3,2,H,2,0,H,,source_reported_FT,FC Emmen,Den Haag
footballcsv/cache.footballdata,https://raw.githubusercontent.com/footballcsv/cache.footballdata/f43a2aa0c65fb061c87e9541e7a567dd58ff933a/2018-19/nl.1.csv,f43a2aa0c65fb061c87e9541e7a567dd58ff933a,188,2026-09-04T07:11:35.624Z,Eredivisie,2018-19,2019-02-10,For Sittard,Excelsior,4,1,H,2,0,H,,source_reported_FT,For Sittard,Excelsior
footballcsv/cache.footballdata,https://raw.githubusercontent.com/footballcsv/cache.footballdata/f43a2aa0c65fb061c87e9541e7a567dd58ff933a/2018-19/nl.1.csv,f43a2aa0c65fb061c87e9541e7a567dd58ff933a,189,2026-09-04T07:11:35.624Z,Eredivisie,2018-19,2019-02-10,Groningen,Vitesse,2,1,H,1,1,D,,source_reported_FT,Groningen,Vitesse
footballcsv/cache.footballdata,https://raw.githubusercontent.com/footballcsv/cache.footballdata/f43a2aa0c65fb061c87e9541e7a567dd58ff933a/2018-19/nl.1.csv,f43a2aa0c65fb061c87e9541e7a567dd58ff933a,190,2026-09-04T07:11:35.624Z,Eredivisie,2018-19,2019-02-10,Utrecht,PSV Eindhoven,2,2,D,2,0,H,,source_reported_FT,Utrecht,PSV Eindhoven
footballcsv/cache.footballdata,https://raw.githubusercontent.com/footballcsv/cache.footballdata/f43a2aa0c65fb061c87e9541e7a567dd58ff933a/2018-19/nl.1.csv,f43a2aa0c65fb061c87e9541e7a567dd58ff933a,191,2026-09-04T07:11:35.624Z,Eredivisie,2018-19,2019-02-15,Den Haag,Zwolle,1,0,H,1,0,H,,source_reported_FT,Den Haag,Zwolle
footballcsv/cache.footballdata,https://raw.githubusercontent.com/footballcsv/cache.footballdata/f43a2aa0c65fb061c87e9541e7a567dd58ff933a/2018-19/nl.1.csv,f43a2aa0c65fb061c87e9541e7a567dd58ff933a,192,2026-09-04T07:11:35.624Z,Eredivisie,2018-19,2019-02-16,AZ Alkmaar,VVV Venlo,3,0,H,2,0,H,,source_reported_FT,AZ Alkmaar,VVV Venlo
footballcsv/cache.footballdata,https://raw.githubusercontent.com/footballcsv/cache.footballdata/f43a2aa0c65fb061c87e9541e7a567dd58ff933a/2018-19/nl.1.csv,f43a2aa0c65fb061c87e9541e7a567dd58ff933a,193,2026-09-04T07:11:35.624Z,Eredivisie,2018-19,2019-02-16,Heerenveen,PSV Eindhoven,2,2,D,2,0,H,,source_reported_FT,Heerenveen,PSV Eindhoven
footballcsv/cache.footballdata,https://raw.githubusercontent.com/footballcsv/cache.footballdata/f43a2aa0c65fb061c87e9541e7a567dd58ff933a/2018-19/nl.1.csv,f43a2aa0c65fb061c87e9541e7a567dd58ff933a,194,2026-09-04T07:11:35.624Z,Eredivisie,2018-19,2019-02-16,Heracles,For Sittard,6,0,H,1,0,H,,source_reported_FT,Heracles,For Sittard
footballcsv/cache.footballdata,https://raw.githubusercontent.com/footballcsv/cache.footballdata/f43a2aa0c65fb061c87e9541e7a567dd58ff933a/2018-19/nl.1.csv,f43a2aa0c65fb061c87e9541e7a567dd58ff933a,195,2026-09-04T07:11:35.624Z,Eredivisie,2018-19,2019-02-16,Vitesse,Willem II,3,2,H,1,0,H,,source_reported_FT,Vitesse,Willem II
footballcsv/cache.footballdata,https://raw.githubusercontent.com/footballcsv/cache.footballdata/f43a2aa0c65fb061c87e9541e7a567dd58ff933a/2018-19/nl.1.csv,f43a2aa0c65fb061c87e9541e7a567dd58ff933a,196,2026-09-04T07:11:35.624Z,Eredivisie,2018-19,2019-02-17,Ajax,NAC Breda,5,0,H,1,0,H,,source_reported_FT,Ajax,NAC Breda
footballcsv/cache.footballdata,https://raw.githubusercontent.com/footballcsv/cache.footballdata/f43a2aa0c65fb061c87e9541e7a567dd58ff933a/2018-19/nl.1.csv,f43a2aa0c65fb061c87e9541e7a567dd58ff933a,197,2026-09-04T07:11:35.624Z,Eredivisie,2018-19,2019-02-17,Excelsior,FC Emmen,2,1,H,0,0,D,,source_reported_FT,Excelsior,FC Emmen
footballcsv/cache.footballdata,https://raw.githubusercontent.com/footballcsv/cache.footballdata/f43a2aa0c65fb061c87e9541e7a567dd58ff933a/2018-19/nl.1.csv,f43a2aa0c65fb061c87e9541e7a567dd58ff933a,198,2026-09-04T07:11:35.624Z,Eredivisie,2018-19,2019-02-17,Graafschap,Utrecht,0,1,A,0,0,D,,source_reported_FT,Graafschap,Utrecht
footballcsv/cache.footballdata,https://raw.githubusercontent.com/footballcsv/cache.footballdata/f43a2aa0c65fb061c87e9541e7a567dd58ff933a/2018-19/nl.1.csv,f43a2aa0c65fb061c87e9541e7a567dd58ff933a,199,2026-09-04T07:11:35.624Z,Eredivisie,2018-19,2019-02-17,Groningen,Feyenoord,1,0,H,1,0,H,,source_reported_FT,Groningen,Feyenoord
footballcsv/cache.footballdata,https://raw.githubusercontent.com/footballcsv/cache.footballdata/f43a2aa0c65fb061c87e9541e7a567dd58ff933a/2018-19/nl.1.csv,f43a2aa0c65fb061c87e9541e7a567dd58ff933a,200,2026-09-04T07:11:35.624Z,Eredivisie,2018-19,2019-02-22,VVV Venlo,Heracles,0,1,A,0,0,D,,source_reported_FT,VVV Venlo,Heracles
footballcsv/cache.footballdata,https://raw.githubusercontent.com/footballcsv/cache.footballdata/f43a2aa0c65fb061c87e9541e7a567dd58ff933a/2018-19/nl.1.csv,f43a2aa0c65fb061c87e9541e7a567dd58ff933a,201,2026-09-04T07:11:35.624Z,Eredivisie,2018-19,2019-02-23,For Sittard,Heerenveen,2,4,A,2,1,H,,source_reported_FT,For Sittard,Heerenveen
footballcsv/cache.footballdata,https://raw.githubusercontent.com/footballcsv/cache.footballdata/f43a2aa0c65fb061c87e9541e7a567dd58ff933a/2018-19/nl.1.csv,f43a2aa0c65fb061c87e9541e7a567dd58ff933a,202,2026-09-04T07:11:35.624Z,Eredivisie,2018-19,2019-02-23,NAC Breda,Groningen,0,0,D,0,0,D,,source_reported_FT,NAC Breda,Groningen
footballcsv/cache.footballdata,https://raw.githubusercontent.com/footballcsv/cache.footballdata/f43a2aa0c65fb061c87e9541e7a567dd58ff933a/2018-19/nl.1.csv,f43a2aa0c65fb061c87e9541e7a567dd58ff933a,203,2026-09-04T07:11:35.624Z,Eredivisie,2018-19,2019-02-23,Utrecht,Excelsior,0,0,D,0,0,D,,source_reported_FT,Utrecht,Excelsior
footballcsv/cache.footballdata,https://raw.githubusercontent.com/footballcsv/cache.footballdata/f43a2aa0c65fb061c87e9541e7a567dd58ff933a/2018-19/nl.1.csv,f43a2aa0c65fb061c87e9541e7a567dd58ff933a,204,2026-09-04T07:11:35.624Z,Eredivisie,2018-19,2019-02-23,Zwolle,Graafschap,0,3,A,0,1,A,,source_reported_FT,Zwolle,Graafschap
footballcsv/cache.footballdata,https://raw.githubusercontent.com/footballcsv/cache.footballdata/f43a2aa0c65fb061c87e9541e7a567dd58ff933a/2018-19/nl.1.csv,f43a2aa0c65fb061c87e9541e7a567dd58ff933a,205,2026-09-04T07:11:35.624Z,Eredivisie,2018-19,2019-02-24,Den Haag,Ajax,1,5,A,1,2,A,,source_reported_FT,Den Haag,Ajax
footballcsv/cache.footballdata,https://raw.githubusercontent.com/footballcsv/cache.footballdata/f43a2aa0c65fb061c87e9541e7a567dd58ff933a/2018-19/nl.1.csv,f43a2aa0c65fb061c87e9541e7a567dd58ff933a,206,2026-09-04T07:11:35.624Z,Eredivisie,2018-19,2019-02-24,FC Emmen,Vitesse,0,3,A,0,1,A,,source_reported_FT,FC Emmen,Vitesse
footballcsv/cache.footballdata,https://raw.githubusercontent.com/footballcsv/cache.footballdata/f43a2aa0c65fb061c87e9541e7a567dd58ff933a/2018-19/nl.1.csv,f43a2aa0c65fb061c87e9541e7a567dd58ff933a,207,2026-09-04T07:11:35.624Z,Eredivisie,2018-19,2019-02-24,PSV Eindhoven,Feyenoord,1,1,D,0,0,D,,source_reported_FT,PSV Eindhoven,Feyenoord
footballcsv/cache.footballdata,https://raw.githubusercontent.com/footballcsv/cache.footballdata/f43a2aa0c65fb061c87e9541e7a567dd58ff933a/2018-19/nl.1.csv,f43a2aa0c65fb061c87e9541e7a567dd58ff933a,208,2026-09-04T07:11:35.624Z,Eredivisie,2018-19,2019-02-24,Willem II,AZ Alkmaar,2,1,H,2,0,H,,source_reported_FT,Willem II,AZ Alkmaar
footballcsv/cache.footballdata,https://raw.githubusercontent.com/footballcsv/cache.footballdata/f43a2aa0c65fb061c87e9541e7a567dd58ff933a/2018-19/nl.1.csv,f43a2aa0c65fb061c87e9541e7a567dd58ff933a,209,2026-09-04T07:11:35.624Z,Eredivisie,2018-19,2019-03-01,Graafschap,Den Haag,1,1,D,0,1,A,,source_reported_FT,Graafschap,Den Haag
footballcsv/cache.footballdata,https://raw.githubusercontent.com/footballcsv/cache.footballdata/f43a2aa0c65fb061c87e9541e7a567dd58ff933a/2018-19/nl.1.csv,f43a2aa0c65fb061c87e9541e7a567dd58ff933a,210,2026-09-04T07:11:35.624Z,Eredivisie,2018-19,2019-03-02,Excelsior,PSV Eindhoven,0,2,A,0,1,A,,source_reported_FT,Excelsior,PSV Eindhoven
footballcsv/cache.footballdata,https://raw.githubusercontent.com/footballcsv/cache.footballdata/f43a2aa0c65fb061c87e9541e7a567dd58ff933a/2018-19/nl.1.csv,f43a2aa0c65fb061c87e9541e7a567dd58ff933a,211,2026-09-04T07:11:35.624Z,Eredivisie,2018-19,2019-03-02,Heracles,Utrecht,1,5,A,0,1,A,,source_reported_FT,Heracles,Utrecht
footballcsv/cache.footballdata,https://raw.githubusercontent.com/footballcsv/cache.footballdata/f43a2aa0c65fb061c87e9541e7a567dd58ff933a/2018-19/nl.1.csv,f43a2aa0c65fb061c87e9541e7a567dd58ff933a,212,2026-09-04T07:11:35.624Z,Eredivisie,2018-19,2019-03-02,Vitesse,NAC Breda,4,1,H,0,1,A,,source_reported_FT,Vitesse,NAC Breda
footballcsv/cache.footballdata,https://raw.githubusercontent.com/footballcsv/cache.footballdata/f43a2aa0c65fb061c87e9541e7a567dd58ff933a/2018-19/nl.1.csv,f43a2aa0c65fb061c87e9541e7a567dd58ff933a,213,2026-09-04T07:11:35.624Z,Eredivisie,2018-19,2019-03-03,AZ Alkmaar,For Sittard,4,2,H,1,2,A,,source_reported_FT,AZ Alkmaar,For Sittard
footballcsv/cache.footballdata,https://raw.githubusercontent.com/footballcsv/cache.footballdata/f43a2aa0c65fb061c87e9541e7a567dd58ff933a/2018-19/nl.1.csv,f43a2aa0c65fb061c87e9541e7a567dd58ff933a,214,2026-09-04T07:11:35.624Z,Eredivisie,2018-19,2019-03-03,Feyenoord,FC Emmen,4,0,H,1,0,H,,source_reported_FT,Feyenoord,FC Emmen
footballcsv/cache.footballdata,https://raw.githubusercontent.com/footballcsv/cache.footballdata/f43a2aa0c65fb061c87e9541e7a567dd58ff933a/2018-19/nl.1.csv,f43a2aa0c65fb061c87e9541e7a567dd58ff933a,215,2026-09-04T07:11:35.624Z,Eredivisie,2018-19,2019-03-03,Groningen,VVV Venlo,3,2,H,2,1,H,,source_reported_FT,Groningen,VVV Venlo
footballcsv/cache.footballdata,https://raw.githubusercontent.com/footballcsv/cache.footballdata/f43a2aa0c65fb061c87e9541e7a567dd58ff933a/2018-19/nl.1.csv,f43a2aa0c65fb061c87e9541e7a567dd58ff933a,216,2026-09-04T07:11:35.624Z,Eredivisie,2018-19,2019-03-03,Heerenveen,Willem II,4,2,H,3,0,H,,source_reported_FT,Heerenveen,Willem II
footballcsv/cache.footballdata,https://raw.githubusercontent.com/footballcsv/cache.footballdata/f43a2aa0c65fb061c87e9541e7a567dd58ff933a/2018-19/nl.1.csv,f43a2aa0c65fb061c87e9541e7a567dd58ff933a,217,2026-09-04T07:11:35.624Z,Eredivisie,2018-19,2019-03-08,Utrecht,Groningen,0,0,D,0,0,D,,source_reported_FT,Utrecht,Groningen
footballcsv/cache.footballdata,https://raw.githubusercontent.com/footballcsv/cache.footballdata/f43a2aa0c65fb061c87e9541e7a567dd58ff933a/2018-19/nl.1.csv,f43a2aa0c65fb061c87e9541e7a567dd58ff933a,218,2026-09-04T07:11:35.624Z,Eredivisie,2018-19,2019-03-09,Den Haag,Heerenveen,2,3,A,0,1,A,,source_reported_FT,Den Haag,Heerenveen
footballcsv/cache.footballdata,https://raw.githubusercontent.com/footballcsv/cache.footballdata/f43a2aa0c65fb061c87e9541e7a567dd58ff933a/2018-19/nl.1.csv,f43a2aa0c65fb061c87e9541e7a567dd58ff933a,219,2026-09-04T07:11:35.624Z,Eredivisie,2018-19,2019-03-09,PSV Eindhoven,NAC Breda,2,0,H,1,0,H,,source_reported_FT,PSV Eindhoven,NAC Breda
footballcsv/cache.footballdata,https://raw.githubusercontent.com/footballcsv/cache.footballdata/f43a2aa0c65fb061c87e9541e7a567dd58ff933a/2018-19/nl.1.csv,f43a2aa0c65fb061c87e9541e7a567dd58ff933a,220,2026-09-04T07:11:35.624Z,Eredivisie,2018-19,2019-03-09,VVV Venlo,Excelsior,1,0,H,1,0,H,,source_reported_FT,VVV Venlo,Excelsior
footballcsv/cache.footballdata,https://raw.githubusercontent.com/footballcsv/cache.footballdata/f43a2aa0c65fb061c87e9541e7a567dd58ff933a/2018-19/nl.1.csv,f43a2aa0c65fb061c87e9541e7a567dd58ff933a,221,2026-09-04T07:11:35.624Z,Eredivisie,2018-19,2019-03-09,Willem II,Graafschap,3,2,H,2,1,H,,source_reported_FT,Willem II,Graafschap
footballcsv/cache.footballdata,https://raw.githubusercontent.com/footballcsv/cache.footballdata/f43a2aa0c65fb061c87e9541e7a567dd58ff933a/2018-19/nl.1.csv,f43a2aa0c65fb061c87e9541e7a567dd58ff933a,222,2026-09-04T07:11:35.624Z,Eredivisie,2018-19,2019-03-10,Ajax,For Sittard,4,0,H,2,0,H,,source_reported_FT,Ajax,For Sittard
footballcsv/cache.footballdata,https://raw.githubusercontent.com/footballcsv/cache.footballdata/f43a2aa0c65fb061c87e9541e7a567dd58ff933a/2018-19/nl.1.csv,f43a2aa0c65fb061c87e9541e7a567dd58ff933a,223,2026-09-04T07:11:35.624Z,Eredivisie,2018-19,2019-03-10,FC Emmen,Heracles,1,1,D,0,1,A,,source_reported_FT,FC Emmen,Heracles
footballcsv/cache.footballdata,https://raw.githubusercontent.com/footballcsv/cache.footballdata/f43a2aa0c65fb061c87e9541e7a567dd58ff933a/2018-19/nl.1.csv,f43a2aa0c65fb061c87e9541e7a567dd58ff933a,224,2026-09-04T07:11:35.624Z,Eredivisie,2018-19,2019-03-10,Vitesse,Feyenoord,1,1,D,0,1,A,,source_reported_FT,Vitesse,Feyenoord
footballcsv/cache.footballdata,https://raw.githubusercontent.com/footballcsv/cache.footballdata/f43a2aa0c65fb061c87e9541e7a567dd58ff933a/2018-19/nl.1.csv,f43a2aa0c65fb061c87e9541e7a567dd58ff933a,225,2026-09-04T07:11:35.624Z,Eredivisie,2018-19,2019-03-10,Zwolle,AZ Alkmaar,0,0,D,0,0,D,,source_reported_FT,Zwolle,AZ Alkmaar
footballcsv/cache.footballdata,https://raw.githubusercontent.com/footballcsv/cache.footballdata/f43a2aa0c65fb061c87e9541e7a567dd58ff933a/2018-19/nl.1.csv,f43a2aa0c65fb061c87e9541e7a567dd58ff933a,226,2026-09-04T07:11:35.624Z,Eredivisie,2018-19,2019-03-13,Ajax,Zwolle,2,1,H,1,0,H,,source_reported_FT,Ajax,Zwolle
footballcsv/cache.footballdata,https://raw.githubusercontent.com/footballcsv/cache.footballdata/f43a2aa0c65fb061c87e9541e7a567dd58ff933a/2018-19/nl.1.csv,f43a2aa0c65fb061c87e9541e7a567dd58ff933a,227,2026-09-04T07:11:35.624Z,Eredivisie,2018-19,2019-03-15,For Sittard,FC Emmen,3,1,H,3,0,H,,source_reported_FT,For Sittard,FC Emmen
footballcsv/cache.footballdata,https://raw.githubusercontent.com/footballcsv/cache.footballdata/f43a2aa0c65fb061c87e9541e7a567dd58ff933a/2018-19/nl.1.csv,f43a2aa0c65fb061c87e9541e7a567dd58ff933a,228,2026-09-04T07:11:35.624Z,Eredivisie,2018-19,2019-03-16,Feyenoord,Willem II,2,3,A,1,1,D,,source_reported_FT,Feyenoord,Willem II
footballcsv/cache.footballdata,https://raw.githubusercontent.com/footballcsv/cache.footballdata/f43a2aa0c65fb061c87e9541e7a567dd58ff933a/2018-19/nl.1.csv,f43a2aa0c65fb061c87e9541e7a567dd58ff933a,229,2026-09-04T07:11:35.624Z,Eredivisie,2018-19,2019-03-16,Heerenveen,Graafschap,0,3,A,0,1,A,,source_reported_FT,Heerenveen,Graafschap
footballcsv/cache.footballdata,https://raw.githubusercontent.com/footballcsv/cache.footballdata/f43a2aa0c65fb061c87e9541e7a567dd58ff933a/2018-19/nl.1.csv,f43a2aa0c65fb061c87e9541e7a567dd58ff933a,230,2026-09-04T07:11:35.624Z,Eredivisie,2018-19,2019-03-16,Heracles,Vitesse,3,2,H,2,2,D,,source_reported_FT,Heracles,Vitesse
footballcsv/cache.footballdata,https://raw.githubusercontent.com/footballcsv/cache.footballdata/f43a2aa0c65fb061c87e9541e7a567dd58ff933a/2018-19/nl.1.csv,f43a2aa0c65fb061c87e9541e7a567dd58ff933a,231,2026-09-04T07:11:35.624Z,Eredivisie,2018-19,2019-03-16,NAC Breda,Utrecht,0,4,A,0,2,A,,source_reported_FT,NAC Breda,Utrecht
footballcsv/cache.footballdata,https://raw.githubusercontent.com/footballcsv/cache.footballdata/f43a2aa0c65fb061c87e9541e7a567dd58ff933a/2018-19/nl.1.csv,f43a2aa0c65fb061c87e9541e7a567dd58ff933a,232,2026-09-04T07:11:35.624Z,Eredivisie,2018-19,2019-03-17,AZ Alkmaar,Ajax,1,0,H,0,0,D,,source_reported_FT,AZ Alkmaar,Ajax
footballcsv/cache.footballdata,https://raw.githubusercontent.com/footballcsv/cache.footballdata/f43a2aa0c65fb061c87e9541e7a567dd58ff933a/2018-19/nl.1.csv,f43a2aa0c65fb061c87e9541e7a567dd58ff933a,233,2026-09-04T07:11:35.624Z,Eredivisie,2018-19,2019-03-17,Excelsior,Zwolle,0,2,A,0,0,D,,source_reported_FT,Excelsior,Zwolle
footballcsv/cache.footballdata,https://raw.githubusercontent.com/footballcsv/cache.footballdata/f43a2aa0c65fb061c87e9541e7a567dd58ff933a/2018-19/nl.1.csv,f43a2aa0c65fb061c87e9541e7a567dd58ff933a,234,2026-09-04T07:11:35.624Z,Eredivisie,2018-19,2019-03-17,Groningen,Den Haag,1,0,H,1,0,H,,source_reported_FT,Groningen,Den Haag
footballcsv/cache.footballdata,https://raw.githubusercontent.com/footballcsv/cache.footballdata/f43a2aa0c65fb061c87e9541e7a567dd58ff933a/2018-19/nl.1.csv,f43a2aa0c65fb061c87e9541e7a567dd58ff933a,235,2026-09-04T07:11:35.624Z,Eredivisie,2018-19,2019-03-17,VVV Venlo,PSV Eindhoven,0,1,A,0,0,D,,source_reported_FT,VVV Venlo,PSV Eindhoven
footballcsv/cache.footballdata,https://raw.githubusercontent.com/footballcsv/cache.footballdata/f43a2aa0c65fb061c87e9541e7a567dd58ff933a/2018-19/nl.1.csv,f43a2aa0c65fb061c87e9541e7a567dd58ff933a,236,2026-09-04T07:11:35.624Z,Eredivisie,2018-19,2019-03-30,AZ Alkmaar,Groningen,1,0,H,0,0,D,,source_reported_FT,AZ Alkmaar,Groningen
footballcsv/cache.footballdata,https://raw.githubusercontent.com/footballcsv/cache.footballdata/f43a2aa0c65fb061c87e9541e7a567dd58ff933a/2018-19/nl.1.csv,f43a2aa0c65fb061c87e9541e7a567dd58ff933a,237,2026-09-04T07:11:35.624Z,Eredivisie,2018-19,2019-03-30,Den Haag,Vitesse,3,3,D,2,3,A,,source_reported_FT,Den Haag,Vitesse
footballcsv/cache.footballdata,https://raw.githubusercontent.com/footballcsv/cache.footballdata/f43a2aa0c65fb061c87e9541e7a567dd58ff933a/2018-19/nl.1.csv,f43a2aa0c65fb061c87e9541e7a567dd58ff933a,238,2026-09-04T07:11:35.624Z,Eredivisie,2018-19,2019-03-30,Graafschap,Heracles,1,2,A,1,0,H,,source_reported_FT,Graafschap,Heracles
footballcsv/cache.footballdata,https://raw.githubusercontent.com/footballcsv/cache.footballdata/f43a2aa0c65fb061c87e9541e7a567dd58ff933a/2018-19/nl.1.csv,f43a2aa0c65fb061c87e9541e7a567dd58ff933a,239,2026-09-04T07:11:35.624Z,Eredivisie,2018-19,2019-03-30,Heerenveen,Excelsior,1,0,H,0,0,D,,source_reported_FT,Heerenveen,Excelsior
footballcsv/cache.footballdata,https://raw.githubusercontent.com/footballcsv/cache.footballdata/f43a2aa0c65fb061c87e9541e7a567dd58ff933a/2018-19/nl.1.csv,f43a2aa0c65fb061c87e9541e7a567dd58ff933a,240,2026-09-04T07:11:35.624Z,Eredivisie,2018-19,2019-03-30,Willem II,For Sittard,3,2,H,1,1,D,,source_reported_FT,Willem II,For Sittard
footballcsv/cache.footballdata,https://raw.githubusercontent.com/footballcsv/cache.footballdata/f43a2aa0c65fb061c87e9541e7a567dd58ff933a/2018-19/nl.1.csv,f43a2aa0c65fb061c87e9541e7a567dd58ff933a,241,2026-09-04T07:11:35.624Z,Eredivisie,2018-19,2019-03-31,Ajax,PSV Eindhoven,3,1,H,1,0,H,,source_reported_FT,Ajax,PSV Eindhoven
footballcsv/cache.footballdata,https://raw.githubusercontent.com/footballcsv/cache.footballdata/f43a2aa0c65fb061c87e9541e7a567dd58ff933a/2018-19/nl.1.csv,f43a2aa0c65fb061c87e9541e7a567dd58ff933a,242,2026-09-04T07:11:35.624Z,Eredivisie,2018-19,2019-03-31,NAC Breda,VVV Venlo,1,1,D,0,1,A,,source_reported_FT,NAC Breda,VVV Venlo
footballcsv/cache.footballdata,https://raw.githubusercontent.com/footballcsv/cache.footballdata/f43a2aa0c65fb061c87e9541e7a567dd58ff933a/2018-19/nl.1.csv,f43a2aa0c65fb061c87e9541e7a567dd58ff933a,243,2026-09-04T07:11:35.624Z,Eredivisie,2018-19,2019-03-31,Utrecht,Feyenoord,3,2,H,1,0,H,,source_reported_FT,Utrecht,Feyenoord
footballcsv/cache.footballdata,https://raw.githubusercontent.com/footballcsv/cache.footballdata/f43a2aa0c65fb061c87e9541e7a567dd58ff933a/2018-19/nl.1.csv,f43a2aa0c65fb061c87e9541e7a567dd58ff933a,244,2026-09-04T07:11:35.624Z,Eredivisie,2018-19,2019-03-31,Zwolle,FC Emmen,3,0,H,2,0,H,,source_reported_FT,Zwolle,FC Emmen
footballcsv/cache.footballdata,https://raw.githubusercontent.com/footballcsv/cache.footballdata/f43a2aa0c65fb061c87e9541e7a567dd58ff933a/2018-19/nl.1.csv,f43a2aa0c65fb061c87e9541e7a567dd58ff933a,245,2026-09-04T07:11:35.624Z,Eredivisie,2018-19,2019-04-02,Groningen,Graafschap,1,0,H,0,0,D,,source_reported_FT,Groningen,Graafschap
footballcsv/cache.footballdata,https://raw.githubusercontent.com/footballcsv/cache.footballdata/f43a2aa0c65fb061c87e9541e7a567dd58ff933a/2018-19/nl.1.csv,f43a2aa0c65fb061c87e9541e7a567dd58ff933a,246,2026-09-04T07:11:35.624Z,Eredivisie,2018-19,2019-04-02,Heracles,Willem II,3,4,A,0,1,A,,source_reported_FT,Heracles,Willem II
footballcsv/cache.footballdata,https://raw.githubusercontent.com/footballcsv/cache.footballdata/f43a2aa0c65fb061c87e9541e7a567dd58ff933a/2018-19/nl.1.csv,f43a2aa0c65fb061c87e9541e7a567dd58ff933a,247,2026-09-04T07:11:35.624Z,Eredivisie,2018-19,2019-04-02,Vitesse,AZ Alkmaar,2,2,D,0,2,A,,source_reported_FT,Vitesse,AZ Alkmaar
footballcsv/cache.footballdata,https://raw.githubusercontent.com/footballcsv/cache.footballdata/f43a2aa0c65fb061c87e9541e7a567dd58ff933a/2018-19/nl.1.csv,f43a2aa0c65fb061c87e9541e7a567dd58ff933a,248,2026-09-04T07:11:35.624Z,Eredivisie,2018-19,2019-04-03,Excelsior,NAC Breda,1,2,A,1,0,H,,source_reported_FT,Excelsior,NAC Breda
footballcsv/cache.footballdata,https://raw.githubusercontent.com/footballcsv/cache.footballdata/f43a2aa0c65fb061c87e9541e7a567dd58ff933a/2018-19/nl.1.csv,f43a2aa0c65fb061c87e9541e7a567dd58ff933a,249,2026-09-04T07:11:35.624Z,Eredivisie,2018-19,2019-04-03,FC Emmen,Ajax,2,5,A,0,2,A,,source_reported_FT,FC Emmen,Ajax
footballcsv/cache.footballdata,https://raw.githubusercontent.com/footballcsv/cache.footballdata/f43a2aa0c65fb061c87e9541e7a567dd58ff933a/2018-19/nl.1.csv,f43a2aa0c65fb061c87e9541e7a567dd58ff933a,250,2026-09-04T07:11:35.624Z,Eredivisie,2018-19,2019-04-03,For Sittard,Den Haag,0,0,D,0,0,D,,source_reported_FT,For Sittard,Den Haag
footballcsv/cache.footballdata,https://raw.githubusercontent.com/footballcsv/cache.footballdata/f43a2aa0c65fb061c87e9541e7a567dd58ff933a/2018-19/nl.1.csv,f43a2aa0c65fb061c87e9541e7a567dd58ff933a,251,2026-09-04T07:11:35.624Z,Eredivisie,2018-19,2019-04-03,VVV Venlo,Utrecht,2,6,A,2,1,H,,source_reported_FT,VVV Venlo,Utrecht
footballcsv/cache.footballdata,https://raw.githubusercontent.com/footballcsv/cache.footballdata/f43a2aa0c65fb061c87e9541e7a567dd58ff933a/2018-19/nl.1.csv,f43a2aa0c65fb061c87e9541e7a567dd58ff933a,252,2026-09-04T07:11:35.624Z,Eredivisie,2018-19,2019-04-04,Feyenoord,Heerenveen,3,0,H,1,0,H,,source_reported_FT,Feyenoord,Heerenveen
footballcsv/cache.footballdata,https://raw.githubusercontent.com/footballcsv/cache.footballdata/f43a2aa0c65fb061c87e9541e7a567dd58ff933a/2018-19/nl.1.csv,f43a2aa0c65fb061c87e9541e7a567dd58ff933a,253,2026-09-04T07:11:35.624Z,Eredivisie,2018-19,2019-04-04,PSV Eindhoven,Zwolle,4,0,H,1,0,H,,source_reported_FT,PSV Eindhoven,Zwolle
footballcsv/cache.footballdata,https://raw.githubusercontent.com/footballcsv/cache.footballdata/f43a2aa0c65fb061c87e9541e7a567dd58ff933a/2018-19/nl.1.csv,f43a2aa0c65fb061c87e9541e7a567dd58ff933a,254,2026-09-04T07:11:35.624Z,Eredivisie,2018-19,2019-04-06,Den Haag,Utrecht,5,0,H,3,0,H,,source_reported_FT,Den Haag,Utrecht
footballcsv/cache.footballdata,https://raw.githubusercontent.com/footballcsv/cache.footballdata/f43a2aa0c65fb061c87e9541e7a567dd58ff933a/2018-19/nl.1.csv,f43a2aa0c65fb061c87e9541e7a567dd58ff933a,255,2026-09-04T07:11:35.624Z,Eredivisie,2018-19,2019-04-06,Graafschap,AZ Alkmaar,1,1,D,0,0,D,,source_reported_FT,Graafschap,AZ Alkmaar
footballcsv/cache.footballdata,https://raw.githubusercontent.com/footballcsv/cache.footballdata/f43a2aa0c65fb061c87e9541e7a567dd58ff933a/2018-19/nl.1.csv,f43a2aa0c65fb061c87e9541e7a567dd58ff933a,256,2026-09-04T07:11:35.624Z,Eredivisie,2018-19,2019-04-06,Groningen,Excelsior,1,0,H,0,0,D,,source_reported_FT,Groningen,Excelsior
footballcsv/cache.footballdata,https://raw.githubusercontent.com/footballcsv/cache.footballdata/f43a2aa0c65fb061c87e9541e7a567dd58ff933a/2018-19/nl.1.csv,f43a2aa0c65fb061c87e9541e7a567dd58ff933a,257,2026-09-04T07:11:35.624Z,Eredivisie,2018-19,2019-04-06,Heracles,NAC Breda,1,0,H,0,0,D,,source_reported_FT,Heracles,NAC Breda
footballcsv/cache.footballdata,https://raw.githubusercontent.com/footballcsv/cache.footballdata/f43a2aa0c65fb061c87e9541e7a567dd58ff933a/2018-19/nl.1.csv,f43a2aa0c65fb061c87e9541e7a567dd58ff933a,258,2026-09-04T07:11:35.624Z,Eredivisie,2018-19,2019-04-06,Willem II,Ajax,1,4,A,1,2,A,,source_reported_FT,Willem II,Ajax
footballcsv/cache.footballdata,https://raw.githubusercontent.com/footballcsv/cache.footballdata/f43a2aa0c65fb061c87e9541e7a567dd58ff933a/2018-19/nl.1.csv,f43a2aa0c65fb061c87e9541e7a567dd58ff933a,259,2026-09-04T07:11:35.624Z,Eredivisie,2018-19,2019-04-07,FC Emmen,Heerenveen,2,0,H,1,0,H,,source_reported_FT,FC Emmen,Heerenveen
footballcsv/cache.footballdata,https://raw.githubusercontent.com/footballcsv/cache.footballdata/f43a2aa0c65fb061c87e9541e7a567dd58ff933a/2018-19/nl.1.csv,f43a2aa0c65fb061c87e9541e7a567dd58ff933a,261,2026-09-04T07:11:35.624Z,Eredivisie,2018-19,2019-04-07,VVV Venlo,Feyenoord,0,3,A,0,1,A,,source_reported_FT,VVV Venlo,Feyenoord
footballcsv/cache.footballdata,https://raw.githubusercontent.com/footballcsv/cache.footballdata/f43a2aa0c65fb061c87e9541e7a567dd58ff933a/2018-19/nl.1.csv,f43a2aa0c65fb061c87e9541e7a567dd58ff933a,260,2026-09-04T07:11:35.624Z,Eredivisie,2018-19,2019-04-07,Vitesse,PSV Eindhoven,3,3,D,1,1,D,,source_reported_FT,Vitesse,PSV Eindhoven
footballcsv/cache.footballdata,https://raw.githubusercontent.com/footballcsv/cache.footballdata/f43a2aa0c65fb061c87e9541e7a567dd58ff933a/2018-19/nl.1.csv,f43a2aa0c65fb061c87e9541e7a567dd58ff933a,262,2026-09-04T07:11:35.624Z,Eredivisie,2018-19,2019-04-07,Zwolle,For Sittard,5,0,H,1,0,H,,source_reported_FT,Zwolle,For Sittard
footballcsv/cache.footballdata,https://raw.githubusercontent.com/footballcsv/cache.footballdata/f43a2aa0c65fb061c87e9541e7a567dd58ff933a/2018-19/nl.1.csv,f43a2aa0c65fb061c87e9541e7a567dd58ff933a,263,2026-09-04T07:11:35.624Z,Eredivisie,2018-19,2019-04-12,NAC Breda,FC Emmen,1,1,D,0,1,A,,source_reported_FT,NAC Breda,FC Emmen
footballcsv/cache.footballdata,https://raw.githubusercontent.com/footballcsv/cache.footballdata/f43a2aa0c65fb061c87e9541e7a567dd58ff933a/2018-19/nl.1.csv,f43a2aa0c65fb061c87e9541e7a567dd58ff933a,265,2026-09-04T07:11:35.624Z,Eredivisie,2018-19,2019-04-13,AZ Alkmaar,Den Haag,2,3,A,0,1,A,,source_reported_FT,AZ Alkmaar,Den Haag
footballcsv/cache.footballdata,https://raw.githubusercontent.com/footballcsv/cache.footballdata/f43a2aa0c65fb061c87e9541e7a567dd58ff933a/2018-19/nl.1.csv,f43a2aa0c65fb061c87e9541e7a567dd58ff933a,264,2026-09-04T07:11:35.624Z,Eredivisie,2018-19,2019-04-13,Ajax,Excelsior,6,2,H,3,1,H,,source_reported_FT,Ajax,Excelsior
footballcsv/cache.footballdata,https://raw.githubusercontent.com/footballcsv/cache.footballdata/f43a2aa0c65fb061c87e9541e7a567dd58ff933a/2018-19/nl.1.csv,f43a2aa0c65fb061c87e9541e7a567dd58ff933a,266,2026-09-04T07:11:35.624Z,Eredivisie,2018-19,2019-04-13,Feyenoord,Heracles,2,1,H,1,0,H,,source_reported_FT,Feyenoord,Heracles
footballcsv/cache.footballdata,https://raw.githubusercontent.com/footballcsv/cache.footballdata/f43a2aa0c65fb061c87e9541e7a567dd58ff933a/2018-19/nl.1.csv,f43a2aa0c65fb061c87e9541e7a567dd58ff933a,267,2026-09-04T07:11:35.624Z,Eredivisie,2018-19,2019-04-13,For Sittard,VVV Venlo,1,1,D,1,0,H,,source_reported_FT,For Sittard,VVV Venlo
footballcsv/cache.footballdata,https://raw.githubusercontent.com/footballcsv/cache.footballdata/f43a2aa0c65fb061c87e9541e7a567dd58ff933a/2018-19/nl.1.csv,f43a2aa0c65fb061c87e9541e7a567dd58ff933a,268,2026-09-04T07:11:35.624Z,Eredivisie,2018-19,2019-04-14,Heerenveen,Groningen,1,1,D,1,0,H,,source_reported_FT,Heerenveen,Groningen
footballcsv/cache.footballdata,https://raw.githubusercontent.com/footballcsv/cache.footballdata/f43a2aa0c65fb061c87e9541e7a567dd58ff933a/2018-19/nl.1.csv,f43a2aa0c65fb061c87e9541e7a567dd58ff933a,269,2026-09-04T07:11:35.624Z,Eredivisie,2018-19,2019-04-14,PSV Eindhoven,Graafschap,2,1,H,0,1,A,,source_reported_FT,PSV Eindhoven,Graafschap
footballcsv/cache.footballdata,https://raw.githubusercontent.com/footballcsv/cache.footballdata/f43a2aa0c65fb061c87e9541e7a567dd58ff933a/2018-19/nl.1.csv,f43a2aa0c65fb061c87e9541e7a567dd58ff933a,270,2026-09-04T07:11:35.624Z,Eredivisie,2018-19,2019-04-14,Utrecht,Vitesse,0,0,D,0,0,D,,source_reported_FT,Utrecht,Vitesse
footballcsv/cache.footballdata,https://raw.githubusercontent.com/footballcsv/cache.footballdata/f43a2aa0c65fb061c87e9541e7a567dd58ff933a/2018-19/nl.1.csv,f43a2aa0c65fb061c87e9541e7a567dd58ff933a,271,2026-09-04T07:11:35.624Z,Eredivisie,2018-19,2019-04-14,Willem II,Zwolle,2,0,H,1,0,H,,source_reported_FT,Willem II,Zwolle
footballcsv/cache.footballdata,https://raw.githubusercontent.com/footballcsv/cache.footballdata/f43a2aa0c65fb061c87e9541e7a567dd58ff933a/2018-19/nl.1.csv,f43a2aa0c65fb061c87e9541e7a567dd58ff933a,272,2026-09-04T07:11:35.624Z,Eredivisie,2018-19,2019-04-19,Heracles,Heerenveen,2,1,H,1,1,D,,source_reported_FT,Heracles,Heerenveen
footballcsv/cache.footballdata,https://raw.githubusercontent.com/footballcsv/cache.footballdata/f43a2aa0c65fb061c87e9541e7a567dd58ff933a/2018-19/nl.1.csv,f43a2aa0c65fb061c87e9541e7a567dd58ff933a,273,2026-09-04T07:11:35.624Z,Eredivisie,2018-19,2019-04-20,FC Emmen,Utrecht,2,0,H,2,0,H,,source_reported_FT,FC Emmen,Utrecht
footballcsv/cache.footballdata,https://raw.githubusercontent.com/footballcsv/cache.footballdata/f43a2aa0c65fb061c87e9541e7a567dd58ff933a/2018-19/nl.1.csv,f43a2aa0c65fb061c87e9541e7a567dd58ff933a,274,2026-09-04T07:11:35.624Z,Eredivisie,2018-19,2019-04-20,Feyenoord,AZ Alkmaar,2,1,H,0,1,A,,source_reported_FT,Feyenoord,AZ Alkmaar
footballcsv/cache.footballdata,https://raw.githubusercontent.com/footballcsv/cache.footballdata/f43a2aa0c65fb061c87e9541e7a567dd58ff933a/2018-19/nl.1.csv,f43a2aa0c65fb061c87e9541e7a567dd58ff933a,275,2026-09-04T07:11:35.624Z,Eredivisie,2018-19,2019-04-20,Groningen,Ajax,0,1,A,0,0,D,,source_reported_FT,Groningen,Ajax
footballcsv/cache.footballdata,https://raw.githubusercontent.com/footballcsv/cache.footballdata/f43a2aa0c65fb061c87e9541e7a567dd58ff933a/2018-19/nl.1.csv,f43a2aa0c65fb061c87e9541e7a567dd58ff933a,277,2026-09-04T07:11:35.624Z,Eredivisie,2018-19,2019-04-20,VVV Venlo,Graafschap,4,1,H,1,1,D,,source_reported_FT,VVV Venlo,Graafschap
footballcsv/cache.footballdata,https://raw.githubusercontent.com/footballcsv/cache.footballdata/f43a2aa0c65fb061c87e9541e7a567dd58ff933a/2018-19/nl.1.csv,f43a2aa0c65fb061c87e9541e7a567dd58ff933a,276,2026-09-04T07:11:35.624Z,Eredivisie,2018-19,2019-04-20,Vitesse,Zwolle,4,1,H,1,1,D,,source_reported_FT,Vitesse,Zwolle
footballcsv/cache.footballdata,https://raw.githubusercontent.com/footballcsv/cache.footballdata/f43a2aa0c65fb061c87e9541e7a567dd58ff933a/2018-19/nl.1.csv,f43a2aa0c65fb061c87e9541e7a567dd58ff933a,278,2026-09-04T07:11:35.624Z,Eredivisie,2018-19,2019-04-21,Excelsior,Willem II,1,1,D,0,1,A,,source_reported_FT,Excelsior,Willem II
footballcsv/cache.footballdata,https://raw.githubusercontent.com/footballcsv/cache.footballdata/f43a2aa0c65fb061c87e9541e7a567dd58ff933a/2018-19/nl.1.csv,f43a2aa0c65fb061c87e9541e7a567dd58ff933a,279,2026-09-04T07:11:35.624Z,Eredivisie,2018-19,2019-04-21,For Sittard,NAC Breda,2,1,H,1,0,H,,source_reported_FT,For Sittard,NAC Breda
footballcsv/cache.footballdata,https://raw.githubusercontent.com/footballcsv/cache.footballdata/f43a2aa0c65fb061c87e9541e7a567dd58ff933a/2018-19/nl.1.csv,f43a2aa0c65fb061c87e9541e7a567dd58ff933a,280,2026-09-04T07:11:35.624Z,Eredivisie,2018-19,2019-04-21,PSV Eindhoven,Den Haag,3,1,H,1,0,H,,source_reported_FT,PSV Eindhoven,Den Haag
footballcsv/cache.footballdata,https://raw.githubusercontent.com/footballcsv/cache.footballdata/f43a2aa0c65fb061c87e9541e7a567dd58ff933a/2018-19/nl.1.csv,f43a2aa0c65fb061c87e9541e7a567dd58ff933a,282,2026-09-04T07:11:35.624Z,Eredivisie,2018-19,2019-04-23,AZ Alkmaar,Heracles,2,1,H,1,1,D,,source_reported_FT,AZ Alkmaar,Heracles
footballcsv/cache.footballdata,https://raw.githubusercontent.com/footballcsv/cache.footballdata/f43a2aa0c65fb061c87e9541e7a567dd58ff933a/2018-19/nl.1.csv,f43a2aa0c65fb061c87e9541e7a567dd58ff933a,281,2026-09-04T07:11:35.624Z,Eredivisie,2018-19,2019-04-23,Ajax,Vitesse,4,2,H,1,0,H,,source_reported_FT,Ajax,Vitesse
footballcsv/cache.footballdata,https://raw.githubusercontent.com/footballcsv/cache.footballdata/f43a2aa0c65fb061c87e9541e7a567dd58ff933a/2018-19/nl.1.csv,f43a2aa0c65fb061c87e9541e7a567dd58ff933a,283,2026-09-04T07:11:35.624Z,Eredivisie,2018-19,2019-04-23,Graafschap,FC Emmen,1,0,H,1,0,H,,source_reported_FT,Graafschap,FC Emmen
footballcsv/cache.footballdata,https://raw.githubusercontent.com/footballcsv/cache.footballdata/f43a2aa0c65fb061c87e9541e7a567dd58ff933a/2018-19/nl.1.csv,f43a2aa0c65fb061c87e9541e7a567dd58ff933a,284,2026-09-04T07:11:35.624Z,Eredivisie,2018-19,2019-04-23,Heerenveen,VVV Venlo,2,2,D,1,0,H,,source_reported_FT,Heerenveen,VVV Venlo
footballcsv/cache.footballdata,https://raw.githubusercontent.com/footballcsv/cache.footballdata/f43a2aa0c65fb061c87e9541e7a567dd58ff933a/2018-19/nl.1.csv,f43a2aa0c65fb061c87e9541e7a567dd58ff933a,285,2026-09-04T07:11:35.624Z,Eredivisie,2018-19,2019-04-24,NAC Breda,Feyenoord,0,4,A,0,2,A,,source_reported_FT,NAC Breda,Feyenoord
footballcsv/cache.footballdata,https://raw.githubusercontent.com/footballcsv/cache.footballdata/f43a2aa0c65fb061c87e9541e7a567dd58ff933a/2018-19/nl.1.csv,f43a2aa0c65fb061c87e9541e7a567dd58ff933a,286,2026-09-04T07:11:35.624Z,Eredivisie,2018-19,2019-04-24,Utrecht,For Sittard,2,1,H,1,1,D,,source_reported_FT,Utrecht,For Sittard
footballcsv/cache.footballdata,https://raw.githubusercontent.com/footballcsv/cache.footballdata/f43a2aa0c65fb061c87e9541e7a567dd58ff933a/2018-19/nl.1.csv,f43a2aa0c65fb061c87e9541e7a567dd58ff933a,287,2026-09-04T07:11:35.624Z,Eredivisie,2018-19,2019-04-25,Den Haag,Excelsior,3,1,H,2,1,H,,source_reported_FT,Den Haag,Excelsior
footballcsv/cache.footballdata,https://raw.githubusercontent.com/footballcsv/cache.footballdata/f43a2aa0c65fb061c87e9541e7a567dd58ff933a/2018-19/nl.1.csv,f43a2aa0c65fb061c87e9541e7a567dd58ff933a,288,2026-09-04T07:11:35.624Z,Eredivisie,2018-19,2019-04-25,Willem II,PSV Eindhoven,0,3,A,0,2,A,,source_reported_FT,Willem II,PSV Eindhoven
footballcsv/cache.footballdata,https://raw.githubusercontent.com/footballcsv/cache.footballdata/f43a2aa0c65fb061c87e9541e7a567dd58ff933a/2018-19/nl.1.csv,f43a2aa0c65fb061c87e9541e7a567dd58ff933a,289,2026-09-04T07:11:35.624Z,Eredivisie,2018-19,2019-04-29,Zwolle,Groningen,3,2,H,0,1,A,,source_reported_FT,Zwolle,Groningen
footballcsv/cache.footballdata,https://raw.githubusercontent.com/footballcsv/cache.footballdata/f43a2aa0c65fb061c87e9541e7a567dd58ff933a/2018-19/nl.1.csv,f43a2aa0c65fb061c87e9541e7a567dd58ff933a,291,2026-09-04T07:11:35.624Z,Eredivisie,2018-19,2019-05-12,AZ Alkmaar,PSV Eindhoven,1,0,H,0,0,D,,source_reported_FT,AZ Alkmaar,PSV Eindhoven
footballcsv/cache.footballdata,https://raw.githubusercontent.com/footballcsv/cache.footballdata/f43a2aa0c65fb061c87e9541e7a567dd58ff933a/2018-19/nl.1.csv,f43a2aa0c65fb061c87e9541e7a567dd58ff933a,290,2026-09-04T07:11:35.624Z,Eredivisie,2018-19,2019-05-12,Ajax,Utrecht,4,1,H,2,1,H,,source_reported_FT,Ajax,Utrecht
footballcsv/cache.footballdata,https://raw.githubusercontent.com/footballcsv/cache.footballdata/f43a2aa0c65fb061c87e9541e7a567dd58ff933a/2018-19/nl.1.csv,f43a2aa0c65fb061c87e9541e7a567dd58ff933a,292,2026-09-04T07:11:35.624Z,Eredivisie,2018-19,2019-05-12,Feyenoord,Den Haag,0,2,A,0,1,A,,source_reported_FT,Feyenoord,Den Haag
footballcsv/cache.footballdata,https://raw.githubusercontent.com/footballcsv/cache.footballdata/f43a2aa0c65fb061c87e9541e7a567dd58ff933a/2018-19/nl.1.csv,f43a2aa0c65fb061c87e9541e7a567dd58ff933a,293,2026-09-04T07:11:35.624Z,Eredivisie,2018-19,2019-05-12,Groningen,For Sittard,3,0,H,1,0,H,,source_reported_FT,Groningen,For Sittard
footballcsv/cache.footballdata,https://raw.githubusercontent.com/footballcsv/cache.footballdata/f43a2aa0c65fb061c87e9541e7a567dd58ff933a/2018-19/nl.1.csv,f43a2aa0c65fb061c87e9541e7a567dd58ff933a,294,2026-09-04T07:11:35.624Z,Eredivisie,2018-19,2019-05-12,Heerenveen,NAC Breda,2,1,H,0,0,D,,source_reported_FT,Heerenveen,NAC Breda
footballcsv/cache.footballdata,https://raw.githubusercontent.com/footballcsv/cache.footballdata/f43a2aa0c65fb061c87e9541e7a567dd58ff933a/2018-19/nl.1.csv,f43a2aa0c65fb061c87e9541e7a567dd58ff933a,295,2026-09-04T07:11:35.624Z,Eredivisie,2018-19,2019-05-12,Heracles,Excelsior,4,5,A,1,2,A,,source_reported_FT,Heracles,Excelsior
footballcsv/cache.footballdata,https://raw.githubusercontent.com/footballcsv/cache.footballdata/f43a2aa0c65fb061c87e9541e7a567dd58ff933a/2018-19/nl.1.csv,f43a2aa0c65fb061c87e9541e7a567dd58ff933a,296,2026-09-04T07:11:35.624Z,Eredivisie,2018-19,2019-05-12,Vitesse,Graafschap,6,1,H,2,0,H,,source_reported_FT,Vitesse,Graafschap
footballcsv/cache.footballdata,https://raw.githubusercontent.com/footballcsv/cache.footballdata/f43a2aa0c65fb061c87e9541e7a567dd58ff933a/2018-19/nl.1.csv,f43a2aa0c65fb061c87e9541e7a567dd58ff933a,297,2026-09-04T07:11:35.624Z,Eredivisie,2018-19,2019-05-12,Willem II,FC Emmen,2,3,A,2,1,H,,source_reported_FT,Willem II,FC Emmen
footballcsv/cache.footballdata,https://raw.githubusercontent.com/footballcsv/cache.footballdata/f43a2aa0c65fb061c87e9541e7a567dd58ff933a/2018-19/nl.1.csv,f43a2aa0c65fb061c87e9541e7a567dd58ff933a,298,2026-09-04T07:11:35.624Z,Eredivisie,2018-19,2019-05-12,Zwolle,VVV Venlo,2,4,A,1,0,H,,source_reported_FT,Zwolle,VVV Venlo
footballcsv/cache.footballdata,https://raw.githubusercontent.com/footballcsv/cache.footballdata/f43a2aa0c65fb061c87e9541e7a567dd58ff933a/2018-19/nl.1.csv,f43a2aa0c65fb061c87e9541e7a567dd58ff933a,299,2026-09-04T07:11:35.624Z,Eredivisie,2018-19,2019-05-15,Den Haag,Willem II,6,2,H,1,1,D,,source_reported_FT,Den Haag,Willem II
footballcsv/cache.footballdata,https://raw.githubusercontent.com/footballcsv/cache.footballdata/f43a2aa0c65fb061c87e9541e7a567dd58ff933a/2018-19/nl.1.csv,f43a2aa0c65fb061c87e9541e7a567dd58ff933a,300,2026-09-04T07:11:35.624Z,Eredivisie,2018-19,2019-05-15,Excelsior,AZ Alkmaar,4,2,H,1,1,D,,source_reported_FT,Excelsior,AZ Alkmaar
footballcsv/cache.footballdata,https://raw.githubusercontent.com/footballcsv/cache.footballdata/f43a2aa0c65fb061c87e9541e7a567dd58ff933a/2018-19/nl.1.csv,f43a2aa0c65fb061c87e9541e7a567dd58ff933a,301,2026-09-04T07:11:35.624Z,Eredivisie,2018-19,2019-05-15,FC Emmen,Groningen,1,0,H,1,0,H,,source_reported_FT,FC Emmen,Groningen
footballcsv/cache.footballdata,https://raw.githubusercontent.com/footballcsv/cache.footballdata/f43a2aa0c65fb061c87e9541e7a567dd58ff933a/2018-19/nl.1.csv,f43a2aa0c65fb061c87e9541e7a567dd58ff933a,302,2026-09-04T07:11:35.624Z,Eredivisie,2018-19,2019-05-15,For Sittard,Feyenoord,1,4,A,1,1,D,,source_reported_FT,For Sittard,Feyenoord
footballcsv/cache.footballdata,https://raw.githubusercontent.com/footballcsv/cache.footballdata/f43a2aa0c65fb061c87e9541e7a567dd58ff933a/2018-19/nl.1.csv,f43a2aa0c65fb061c87e9541e7a567dd58ff933a,303,2026-09-04T07:11:35.624Z,Eredivisie,2018-19,2019-05-15,Graafschap,Ajax,1,4,A,1,2,A,,source_reported_FT,Graafschap,Ajax
footballcsv/cache.footballdata,https://raw.githubusercontent.com/footballcsv/cache.footballdata/f43a2aa0c65fb061c87e9541e7a567dd58ff933a/2018-19/nl.1.csv,f43a2aa0c65fb061c87e9541e7a567dd58ff933a,304,2026-09-04T07:11:35.624Z,Eredivisie,2018-19,2019-05-15,NAC Breda,Zwolle,0,0,D,0,0,D,,source_reported_FT,NAC Breda,Zwolle
footballcsv/cache.footballdata,https://raw.githubusercontent.com/footballcsv/cache.footballdata/f43a2aa0c65fb061c87e9541e7a567dd58ff933a/2018-19/nl.1.csv,f43a2aa0c65fb061c87e9541e7a567dd58ff933a,305,2026-09-04T07:11:35.624Z,Eredivisie,2018-19,2019-05-15,PSV Eindhoven,Heracles,3,1,H,1,1,D,,source_reported_FT,PSV Eindhoven,Heracles
footballcsv/cache.footballdata,https://raw.githubusercontent.com/footballcsv/cache.footballdata/f43a2aa0c65fb061c87e9541e7a567dd58ff933a/2018-19/nl.1.csv,f43a2aa0c65fb061c87e9541e7a567dd58ff933a,306,2026-09-04T07:11:35.624Z,Eredivisie,2018-19,2019-05-15,Utrecht,Heerenveen,3,1,H,1,1,D,,source_reported_FT,Utrecht,Heerenveen
footballcsv/cache.footballdata,https://raw.githubusercontent.com/footballcsv/cache.footballdata/f43a2aa0c65fb061c87e9541e7a567dd58ff933a/2018-19/nl.1.csv,f43a2aa0c65fb061c87e9541e7a567dd58ff933a,307,2026-09-04T07:11:35.624Z,Eredivisie,2018-19,2019-05-15,VVV Venlo,Vitesse,1,3,A,0,2,A,,source_reported_FT,VVV Venlo,Vitesse
footballcsv/cache.footballdata,https://raw.githubusercontent.com/footballcsv/cache.footballdata/f43a2aa0c65fb061c87e9541e7a567dd58ff933a/2019-20/nl.1.csv,f43a2aa0c65fb061c87e9541e7a567dd58ff933a,2,2026-09-04T07:11:47.171Z,Eredivisie,2019-20,2019-08-02,Zwolle,Willem II,1,3,A,1,1,D,,source_reported_FT,Zwolle,Willem II
footballcsv/cache.footballdata,https://raw.githubusercontent.com/footballcsv/cache.footballdata/f43a2aa0c65fb061c87e9541e7a567dd58ff933a/2019-20/nl.1.csv,f43a2aa0c65fb061c87e9541e7a567dd58ff933a,3,2026-09-04T07:11:47.171Z,Eredivisie,2019-20,2019-08-03,FC Emmen,Groningen,0,1,A,0,0,D,,source_reported_FT,FC Emmen,Groningen
footballcsv/cache.footballdata,https://raw.githubusercontent.com/footballcsv/cache.footballdata/f43a2aa0c65fb061c87e9541e7a567dd58ff933a/2019-20/nl.1.csv,f43a2aa0c65fb061c87e9541e7a567dd58ff933a,5,2026-09-04T07:11:47.171Z,Eredivisie,2019-20,2019-08-03,Twente,PSV Eindhoven,1,1,D,1,0,H,,source_reported_FT,Twente,PSV Eindhoven
footballcsv/cache.footballdata,https://raw.githubusercontent.com/footballcsv/cache.footballdata/f43a2aa0c65fb061c87e9541e7a567dd58ff933a/2019-20/nl.1.csv,f43a2aa0c65fb061c87e9541e7a567dd58ff933a,6,2026-09-04T07:11:47.171Z,Eredivisie,2019-20,2019-08-03,VVV Venlo,Waalwijk,3,1,H,0,1,A,,source_reported_FT,VVV Venlo,Waalwijk
footballcsv/cache.footballdata,https://raw.githubusercontent.com/footballcsv/cache.footballdata/f43a2aa0c65fb061c87e9541e7a567dd58ff933a/2019-20/nl.1.csv,f43a2aa0c65fb061c87e9541e7a567dd58ff933a,4,2026-09-04T07:11:47.171Z,Eredivisie,2019-20,2019-08-03,Vitesse,Ajax,2,2,D,1,1,D,,source_reported_FT,Vitesse,Ajax
footballcsv/cache.footballdata,https://raw.githubusercontent.com/footballcsv/cache.footballdata/f43a2aa0c65fb061c87e9541e7a567dd58ff933a/2019-20/nl.1.csv,f43a2aa0c65fb061c87e9541e7a567dd58ff933a,10,2026-09-04T07:11:47.171Z,Eredivisie,2019-20,2019-08-04,AZ Alkmaar,For Sittard,4,0,H,0,0,D,,source_reported_FT,AZ Alkmaar,For Sittard
footballcsv/cache.footballdata,https://raw.githubusercontent.com/footballcsv/cache.footballdata/f43a2aa0c65fb061c87e9541e7a567dd58ff933a/2019-20/nl.1.csv,f43a2aa0c65fb061c87e9541e7a567dd58ff933a,9,2026-09-04T07:11:47.171Z,Eredivisie,2019-20,2019-08-04,Den Haag,Utrecht,2,4,A,2,2,D,,source_reported_FT,Den Haag,Utrecht
footballcsv/cache.footballdata,https://raw.githubusercontent.com/footballcsv/cache.footballdata/f43a2aa0c65fb061c87e9541e7a567dd58ff933a/2019-20/nl.1.csv,f43a2aa0c65fb061c87e9541e7a567dd58ff933a,8,2026-09-04T07:11:47.171Z,Eredivisie,2019-20,2019-08-04,Feyenoord,Sparta Rotterdam,2,2,D,0,0,D,,source_reported_FT,Feyenoord,Sparta Rotterdam
footballcsv/cache.footballdata,https://raw.githubusercontent.com/footballcsv/cache.footballdata/f43a2aa0c65fb061c87e9541e7a567dd58ff933a/2019-20/nl.1.csv,f43a2aa0c65fb061c87e9541e7a567dd58ff933a,7,2026-09-04T07:11:47.171Z,Eredivisie,2019-20,2019-08-04,Heracles,Heerenveen,0,4,A,0,3,A,,source_reported_FT,Heracles,Heerenveen
footballcsv/cache.footballdata,https://raw.githubusercontent.com/footballcsv/cache.footballdata/f43a2aa0c65fb061c87e9541e7a567dd58ff933a/2019-20/nl.1.csv,f43a2aa0c65fb061c87e9541e7a567dd58ff933a,11,2026-09-04T07:11:47.171Z,Eredivisie,2019-20,2019-08-09,Sparta Rotterdam,VVV Venlo,4,1,H,0,1,A,,source_reported_FT,Sparta Rotterdam,VVV Venlo
footballcsv/cache.footballdata,https://raw.githubusercontent.com/footballcsv/cache.footballdata/f43a2aa0c65fb061c87e9541e7a567dd58ff933a/2019-20/nl.1.csv,f43a2aa0c65fb061c87e9541e7a567dd58ff933a,13,2026-09-04T07:11:47.171Z,Eredivisie,2019-20,2019-08-10,Ajax,FC Emmen,5,0,H,1,0,H,,source_reported_FT,Ajax,FC Emmen
footballcsv/cache.footballdata,https://raw.githubusercontent.com/footballcsv/cache.footballdata/f43a2aa0c65fb061c87e9541e7a567dd58ff933a/2019-20/nl.1.csv,f43a2aa0c65fb061c87e9541e7a567dd58ff933a,12,2026-09-04T07:11:47.171Z,Eredivisie,2019-20,2019-08-10,Groningen,Twente,1,3,A,0,0,D,,source_reported_FT,Groningen,Twente
footballcsv/cache.footballdata,https://raw.githubusercontent.com/footballcsv/cache.footballdata/f43a2aa0c65fb061c87e9541e7a567dd58ff933a/2019-20/nl.1.csv,f43a2aa0c65fb061c87e9541e7a567dd58ff933a,14,2026-09-04T07:11:47.171Z,Eredivisie,2019-20,2019-08-10,Willem II,Vitesse,0,2,A,0,0,D,,source_reported_FT,Willem II,Vitesse
footballcsv/cache.footballdata,https://raw.githubusercontent.com/footballcsv/cache.footballdata/f43a2aa0c65fb061c87e9541e7a567dd58ff933a/2019-20/nl.1.csv,f43a2aa0c65fb061c87e9541e7a567dd58ff933a,15,2026-09-04T07:11:47.171Z,Eredivisie,2019-20,2019-08-11,For Sittard,Heracles,1,1,D,0,0,D,,source_reported_FT,For Sittard,Heracles
footballcsv/cache.footballdata,https://raw.githubusercontent.com/footballcsv/cache.footballdata/f43a2aa0c65fb061c87e9541e7a567dd58ff933a/2019-20/nl.1.csv,f43a2aa0c65fb061c87e9541e7a567dd58ff933a,16,2026-09-04T07:11:47.171Z,Eredivisie,2019-20,2019-08-11,Heerenveen,Feyenoord,1,1,D,0,1,A,,source_reported_FT,Heerenveen,Feyenoord
footballcsv/cache.footballdata,https://raw.githubusercontent.com/footballcsv/cache.footballdata/f43a2aa0c65fb061c87e9541e7a567dd58ff933a/2019-20/nl.1.csv,f43a2aa0c65fb061c87e9541e7a567dd58ff933a,19,2026-09-04T07:11:47.171Z,Eredivisie,2019-20,2019-08-11,PSV Eindhoven,Den Haag,3,1,H,1,1,D,,source_reported_FT,PSV Eindhoven,Den Haag
footballcsv/cache.footballdata,https://raw.githubusercontent.com/footballcsv/cache.footballdata/f43a2aa0c65fb061c87e9541e7a567dd58ff933a/2019-20/nl.1.csv,f43a2aa0c65fb061c87e9541e7a567dd58ff933a,18,2026-09-04T07:11:47.171Z,Eredivisie,2019-20,2019-08-11,Utrecht,Zwolle,3,1,H,0,1,A,,source_reported_FT,Utrecht,Zwolle
footballcsv/cache.footballdata,https://raw.githubusercontent.com/footballcsv/cache.footballdata/f43a2aa0c65fb061c87e9541e7a567dd58ff933a/2019-20/nl.1.csv,f43a2aa0c65fb061c87e9541e7a567dd58ff933a,17,2026-09-04T07:11:47.171Z,Eredivisie,2019-20,2019-08-11,Waalwijk,AZ Alkmaar,0,2,A,0,2,A,,source_reported_FT,Waalwijk,AZ Alkmaar
footballcsv/cache.footballdata,https://raw.githubusercontent.com/footballcsv/cache.footballdata/f43a2aa0c65fb061c87e9541e7a567dd58ff933a/2019-20/nl.1.csv,f43a2aa0c65fb061c87e9541e7a567dd58ff933a,20,2026-09-04T07:11:47.171Z,Eredivisie,2019-20,2019-08-16,Vitesse,Zwolle,3,0,H,0,0,D,,source_reported_FT,Vitesse,Zwolle
footballcsv/cache.footballdata,https://raw.githubusercontent.com/footballcsv/cache.footballdata/f43a2aa0c65fb061c87e9541e7a567dd58ff933a/2019-20/nl.1.csv,f43a2aa0c65fb061c87e9541e7a567dd58ff933a,21,2026-09-04T07:11:47.171Z,Eredivisie,2019-20,2019-08-17,Den Haag,Sparta Rotterdam,1,2,A,0,2,A,,source_reported_FT,Den Haag,Sparta Rotterdam
footballcsv/cache.footballdata,https://raw.githubusercontent.com/footballcsv/cache.footballdata/f43a2aa0c65fb061c87e9541e7a567dd58ff933a/2019-20/nl.1.csv,f43a2aa0c65fb061c87e9541e7a567dd58ff933a,23,2026-09-04T07:11:47.171Z,Eredivisie,2019-20,2019-08-17,FC Emmen,Heerenveen,2,0,H,2,0,H,,source_reported_FT,FC Emmen,Heerenveen
footballcsv/cache.footballdata,https://raw.githubusercontent.com/footballcsv/cache.footballdata/f43a2aa0c65fb061c87e9541e7a567dd58ff933a/2019-20/nl.1.csv,f43a2aa0c65fb061c87e9541e7a567dd58ff933a,22,2026-09-04T07:11:47.171Z,Eredivisie,2019-20,2019-08-17,VVV Venlo,Ajax,1,4,A,0,1,A,,source_reported_FT,VVV Venlo,Ajax
footballcsv/cache.footballdata,https://raw.githubusercontent.com/footballcsv/cache.footballdata/f43a2aa0c65fb061c87e9541e7a567dd58ff933a/2019-20/nl.1.csv,f43a2aa0c65fb061c87e9541e7a567dd58ff933a,26,2026-09-04T07:11:47.171Z,Eredivisie,2019-20,2019-08-18,AZ Alkmaar,Groningen,0,0,D,0,0,D,,source_reported_FT,AZ Alkmaar,Groningen
footballcsv/cache.footballdata,https://raw.githubusercontent.com/footballcsv/cache.footballdata/f43a2aa0c65fb061c87e9541e7a567dd58ff933a/2019-20/nl.1.csv,f43a2aa0c65fb061c87e9541e7a567dd58ff933a,27,2026-09-04T07:11:47.171Z,Eredivisie,2019-20,2019-08-18,Feyenoord,Utrecht,1,1,D,0,1,A,,source_reported_FT,Feyenoord,Utrecht
footballcsv/cache.footballdata,https://raw.githubusercontent.com/footballcsv/cache.footballdata/f43a2aa0c65fb061c87e9541e7a567dd58ff933a/2019-20/nl.1.csv,f43a2aa0c65fb061c87e9541e7a567dd58ff933a,24,2026-09-04T07:11:47.171Z,Eredivisie,2019-20,2019-08-18,For Sittard,Willem II,2,3,A,1,3,A,,source_reported_FT,For Sittard,Willem II
footballcsv/cache.footballdata,https://raw.githubusercontent.com/footballcsv/cache.footballdata/f43a2aa0c65fb061c87e9541e7a567dd58ff933a/2019-20/nl.1.csv,f43a2aa0c65fb061c87e9541e7a567dd58ff933a,28,2026-09-04T07:11:47.171Z,Eredivisie,2019-20,2019-08-18,Heracles,PSV Eindhoven,0,2,A,0,1,A,,source_reported_FT,Heracles,PSV Eindhoven
footballcsv/cache.footballdata,https://raw.githubusercontent.com/footballcsv/cache.footballdata/f43a2aa0c65fb061c87e9541e7a567dd58ff933a/2019-20/nl.1.csv,f43a2aa0c65fb061c87e9541e7a567dd58ff933a,25,2026-09-04T07:11:47.171Z,Eredivisie,2019-20,2019-08-18,Twente,Waalwijk,3,3,D,0,1,A,,source_reported_FT,Twente,Waalwijk
footballcsv/cache.footballdata,https://raw.githubusercontent.com/footballcsv/cache.footballdata/f43a2aa0c65fb061c87e9541e7a567dd58ff933a/2019-20/nl.1.csv,f43a2aa0c65fb061c87e9541e7a567dd58ff933a,31,2026-09-04T07:11:47.171Z,Eredivisie,2019-20,2019-08-24,Heerenveen,Twente,0,0,D,0,0,D,,source_reported_FT,Heerenveen,Twente
footballcsv/cache.footballdata,https://raw.githubusercontent.com/footballcsv/cache.footballdata/f43a2aa0c65fb061c87e9541e7a567dd58ff933a/2019-20/nl.1.csv,f43a2aa0c65fb061c87e9541e7a567dd58ff933a,30,2026-09-04T07:11:47.171Z,Eredivisie,2019-20,2019-08-24,Heracles,Vitesse,1,1,D,0,0,D,,source_reported_FT,Heracles,Vitesse
footballcsv/cache.footballdata,https://raw.githubusercontent.com/footballcsv/cache.footballdata/f43a2aa0c65fb061c87e9541e7a567dd58ff933a/2019-20/nl.1.csv,f43a2aa0c65fb061c87e9541e7a567dd58ff933a,29,2026-09-04T07:11:47.171Z,Eredivisie,2019-20,2019-08-24,Willem II,FC Emmen,2,1,H,1,0,H,,source_reported_FT,Willem II,FC Emmen
footballcsv/cache.footballdata,https://raw.githubusercontent.com/footballcsv/cache.footballdata/f43a2aa0c65fb061c87e9541e7a567dd58ff933a/2019-20/nl.1.csv,f43a2aa0c65fb061c87e9541e7a567dd58ff933a,33,2026-09-04T07:11:47.171Z,Eredivisie,2019-20,2019-08-25,Utrecht,VVV Venlo,1,2,A,0,2,A,,source_reported_FT,Utrecht,VVV Venlo
footballcsv/cache.footballdata,https://raw.githubusercontent.com/footballcsv/cache.footballdata/f43a2aa0c65fb061c87e9541e7a567dd58ff933a/2019-20/nl.1.csv,f43a2aa0c65fb061c87e9541e7a567dd58ff933a,32,2026-09-04T07:11:47.171Z,Eredivisie,2019-20,2019-08-25,Waalwijk,Den Haag,0,3,A,0,1,A,,source_reported_FT,Waalwijk,Den Haag
footballcsv/cache.footballdata,https://raw.githubusercontent.com/footballcsv/cache.footballdata/f43a2aa0c65fb061c87e9541e7a567dd58ff933a/2019-20/nl.1.csv,f43a2aa0c65fb061c87e9541e7a567dd58ff933a,34,2026-09-04T07:11:47.171Z,Eredivisie,2019-20,2019-08-25,Zwolle,Sparta Rotterdam,2,2,D,1,1,D,,source_reported_FT,Zwolle,Sparta Rotterdam
footballcsv/cache.footballdata,https://raw.githubusercontent.com/footballcsv/cache.footballdata/f43a2aa0c65fb061c87e9541e7a567dd58ff933a/2019-20/nl.1.csv,f43a2aa0c65fb061c87e9541e7a567dd58ff933a,35,2026-09-04T07:11:47.171Z,Eredivisie,2019-20,2019-08-30,FC Emmen,Zwolle,1,3,A,1,3,A,,source_reported_FT,FC Emmen,Zwolle
footballcsv/cache.footballdata,https://raw.githubusercontent.com/footballcsv/cache.footballdata/f43a2aa0c65fb061c87e9541e7a567dd58ff933a/2019-20/nl.1.csv,f43a2aa0c65fb061c87e9541e7a567dd58ff933a,38,2026-09-04T07:11:47.171Z,Eredivisie,2019-20,2019-08-31,Den Haag,VVV Venlo,1,0,H,1,0,H,,source_reported_FT,Den Haag,VVV Venlo
footballcsv/cache.footballdata,https://raw.githubusercontent.com/footballcsv/cache.footballdata/f43a2aa0c65fb061c87e9541e7a567dd58ff933a/2019-20/nl.1.csv,f43a2aa0c65fb061c87e9541e7a567dd58ff933a,37,2026-09-04T07:11:47.171Z,Eredivisie,2019-20,2019-08-31,Groningen,Heracles,1,2,A,0,1,A,,source_reported_FT,Groningen,Heracles
footballcsv/cache.footballdata,https://raw.githubusercontent.com/footballcsv/cache.footballdata/f43a2aa0c65fb061c87e9541e7a567dd58ff933a/2019-20/nl.1.csv,f43a2aa0c65fb061c87e9541e7a567dd58ff933a,36,2026-09-04T07:11:47.171Z,Eredivisie,2019-20,2019-08-31,Heerenveen,For Sittard,1,1,D,1,1,D,,source_reported_FT,Heerenveen,For Sittard
footballcsv/cache.footballdata,https://raw.githubusercontent.com/footballcsv/cache.footballdata/f43a2aa0c65fb061c87e9541e7a567dd58ff933a/2019-20/nl.1.csv,f43a2aa0c65fb061c87e9541e7a567dd58ff933a,40,2026-09-04T07:11:47.171Z,Eredivisie,2019-20,2019-09-01,Sparta Rotterdam,Ajax,1,4,A,0,2,A,,source_reported_FT,Sparta Rotterdam,Ajax
footballcsv/cache.footballdata,https://raw.githubusercontent.com/footballcsv/cache.footballdata/f43a2aa0c65fb061c87e9541e7a567dd58ff933a/2019-20/nl.1.csv,f43a2aa0c65fb061c87e9541e7a567dd58ff933a,39,2026-09-04T07:11:47.171Z,Eredivisie,2019-20,2019-09-01,Twente,Utrecht,3,1,H,1,0,H,,source_reported_FT,Twente,Utrecht
footballcsv/cache.footballdata,https://raw.githubusercontent.com/footballcsv/cache.footballdata/f43a2aa0c65fb061c87e9541e7a567dd58ff933a/2019-20/nl.1.csv,f43a2aa0c65fb061c87e9541e7a567dd58ff933a,41,2026-09-04T07:11:47.171Z,Eredivisie,2019-20,2019-09-01,Vitesse,AZ Alkmaar,2,1,H,1,1,D,,source_reported_FT,Vitesse,AZ Alkmaar
footballcsv/cache.footballdata,https://raw.githubusercontent.com/footballcsv/cache.footballdata/f43a2aa0c65fb061c87e9541e7a567dd58ff933a/2019-20/nl.1.csv,f43a2aa0c65fb061c87e9541e7a567dd58ff933a,43,2026-09-04T07:11:47.171Z,Eredivisie,2019-20,2019-09-01,Waalwijk,PSV Eindhoven,1,3,A,1,0,H,,source_reported_FT,Waalwijk,PSV Eindhoven
footballcsv/cache.footballdata,https://raw.githubusercontent.com/footballcsv/cache.footballdata/f43a2aa0c65fb061c87e9541e7a567dd58ff933a/2019-20/nl.1.csv,f43a2aa0c65fb061c87e9541e7a567dd58ff933a,42,2026-09-04T07:11:47.171Z,Eredivisie,2019-20,2019-09-01,Willem II,Feyenoord,0,1,A,0,0,D,,source_reported_FT,Willem II,Feyenoord
footballcsv/cache.footballdata,https://raw.githubusercontent.com/footballcsv/cache.footballdata/f43a2aa0c65fb061c87e9541e7a567dd58ff933a/2019-20/nl.1.csv,f43a2aa0c65fb061c87e9541e7a567dd58ff933a,45,2026-09-04T07:11:47.171Z,Eredivisie,2019-20,2019-09-14,AZ Alkmaar,Sparta Rotterdam,5,1,H,4,1,H,,source_reported_FT,AZ Alkmaar,Sparta Rotterdam
footballcsv/cache.footballdata,https://raw.githubusercontent.com/footballcsv/cache.footballdata/f43a2aa0c65fb061c87e9541e7a567dd58ff933a/2019-20/nl.1.csv,f43a2aa0c65fb061c87e9541e7a567dd58ff933a,44,2026-09-04T07:11:47.171Z,Eredivisie,2019-20,2019-09-14,Ajax,Heerenveen,4,1,H,2,1,H,,source_reported_FT,Ajax,Heerenveen
footballcsv/cache.footballdata,https://raw.githubusercontent.com/footballcsv/cache.footballdata/f43a2aa0c65fb061c87e9541e7a567dd58ff933a/2019-20/nl.1.csv,f43a2aa0c65fb061c87e9541e7a567dd58ff933a,47,2026-09-04T07:11:47.171Z,Eredivisie,2019-20,2019-09-14,PSV Eindhoven,Vitesse,5,0,H,2,0,H,,source_reported_FT,PSV Eindhoven,Vitesse
footballcsv/cache.footballdata,https://raw.githubusercontent.com/footballcsv/cache.footballdata/f43a2aa0c65fb061c87e9541e7a567dd58ff933a/2019-20/nl.1.csv,f43a2aa0c65fb061c87e9541e7a567dd58ff933a,48,2026-09-04T07:11:47.171Z,Eredivisie,2019-20,2019-09-14,Utrecht,FC Emmen,3,1,H,1,0,H,,source_reported_FT,Utrecht,FC Emmen
footballcsv/cache.footballdata,https://raw.githubusercontent.com/footballcsv/cache.footballdata/f43a2aa0c65fb061c87e9541e7a567dd58ff933a/2019-20/nl.1.csv,f43a2aa0c65fb061c87e9541e7a567dd58ff933a,46,2026-09-04T07:11:47.171Z,Eredivisie,2019-20,2019-09-14,VVV Venlo,Groningen,2,1,H,1,1,D,,source_reported_FT,VVV Venlo,Groningen
footballcsv/cache.footballdata,https://raw.githubusercontent.com/footballcsv/cache.footballdata/f43a2aa0c65fb061c87e9541e7a567dd58ff933a/2019-20/nl.1.csv,f43a2aa0c65fb061c87e9541e7a567dd58ff933a,50,2026-09-04T07:11:47.171Z,Eredivisie,2019-20,2019-09-15,Feyenoord,Den Haag,3,2,H,3,0,H,,source_reported_FT,Feyenoord,Den Haag
footballcsv/cache.footballdata,https://raw.githubusercontent.com/footballcsv/cache.footballdata/f43a2aa0c65fb061c87e9541e7a567dd58ff933a/2019-20/nl.1.csv,f43a2aa0c65fb061c87e9541e7a567dd58ff933a,52,2026-09-04T07:11:47.171Z,Eredivisie,2019-20,2019-09-15,For Sittard,Twente,2,3,A,0,2,A,,source_reported_FT,For Sittard,Twente
footballcsv/cache.footballdata,https://raw.githubusercontent.com/footballcsv/cache.footballdata/f43a2aa0c65fb061c87e9541e7a567dd58ff933a/2019-20/nl.1.csv,f43a2aa0c65fb061c87e9541e7a567dd58ff933a,51,2026-09-04T07:11:47.171Z,Eredivisie,2019-20,2019-09-15,Heracles,Willem II,4,1,H,2,1,H,,source_reported_FT,Heracles,Willem II
footballcsv/cache.footballdata,https://raw.githubusercontent.com/footballcsv/cache.footballdata/f43a2aa0c65fb061c87e9541e7a567dd58ff933a/2019-20/nl.1.csv,f43a2aa0c65fb061c87e9541e7a567dd58ff933a,49,2026-09-04T07:11:47.171Z,Eredivisie,2019-20,2019-09-15,Zwolle,Waalwijk,6,2,H,1,2,A,,source_reported_FT,Zwolle,Waalwijk
footballcsv/cache.footballdata,https://raw.githubusercontent.com/footballcsv/cache.footballdata/f43a2aa0c65fb061c87e9541e7a567dd58ff933a/2019-20/nl.1.csv,f43a2aa0c65fb061c87e9541e7a567dd58ff933a,53,2026-09-04T07:11:47.171Z,Eredivisie,2019-20,2019-09-20,Twente,Heracles,2,3,A,1,2,A,,source_reported_FT,Twente,Heracles
footballcsv/cache.footballdata,https://raw.githubusercontent.com/footballcsv/cache.footballdata/f43a2aa0c65fb061c87e9541e7a567dd58ff933a/2019-20/nl.1.csv,f43a2aa0c65fb061c87e9541e7a567dd58ff933a,55,2026-09-04T07:11:47.171Z,Eredivisie,2019-20,2019-09-21,Groningen,Zwolle,2,0,H,1,0,H,,source_reported_FT,Groningen,Zwolle
footballcsv/cache.footballdata,https://raw.githubusercontent.com/footballcsv/cache.footballdata/f43a2aa0c65fb061c87e9541e7a567dd58ff933a/2019-20/nl.1.csv,f43a2aa0c65fb061c87e9541e7a567dd58ff933a,54,2026-09-04T07:11:47.171Z,Eredivisie,2019-20,2019-09-21,Sparta Rotterdam,Waalwijk,4,0,H,2,0,H,,source_reported_FT,Sparta Rotterdam,Waalwijk
footballcsv/cache.footballdata,https://raw.githubusercontent.com/footballcsv/cache.footballdata/f43a2aa0c65fb061c87e9541e7a567dd58ff933a/2019-20/nl.1.csv,f43a2aa0c65fb061c87e9541e7a567dd58ff933a,57,2026-09-04T07:11:47.171Z,Eredivisie,2019-20,2019-09-21,Vitesse,For Sittard,4,2,H,0,1,A,,source_reported_FT,Vitesse,For Sittard
footballcsv/cache.footballdata,https://raw.githubusercontent.com/footballcsv/cache.footballdata/f43a2aa0c65fb061c87e9541e7a567dd58ff933a/2019-20/nl.1.csv,f43a2aa0c65fb061c87e9541e7a567dd58ff933a,56,2026-09-04T07:11:47.171Z,Eredivisie,2019-20,2019-09-21,Willem II,VVV Venlo,1,0,H,1,0,H,,source_reported_FT,Willem II,VVV Venlo
footballcsv/cache.footballdata,https://raw.githubusercontent.com/footballcsv/cache.footballdata/f43a2aa0c65fb061c87e9541e7a567dd58ff933a/2019-20/nl.1.csv,f43a2aa0c65fb061c87e9541e7a567dd58ff933a,60,2026-09-04T07:11:47.171Z,Eredivisie,2019-20,2019-09-22,Den Haag,AZ Alkmaar,0,1,A,0,0,D,,source_reported_FT,Den Haag,AZ Alkmaar
footballcsv/cache.footballdata,https://raw.githubusercontent.com/footballcsv/cache.footballdata/f43a2aa0c65fb061c87e9541e7a567dd58ff933a/2019-20/nl.1.csv,f43a2aa0c65fb061c87e9541e7a567dd58ff933a,59,2026-09-04T07:11:47.171Z,Eredivisie,2019-20,2019-09-22,FC Emmen,Feyenoord,3,3,D,2,2,D,,source_reported_FT,FC Emmen,Feyenoord
footballcsv/cache.footballdata,https://raw.githubusercontent.com/footballcsv/cache.footballdata/f43a2aa0c65fb061c87e9541e7a567dd58ff933a/2019-20/nl.1.csv,f43a2aa0c65fb061c87e9541e7a567dd58ff933a,58,2026-09-04T07:11:47.171Z,Eredivisie,2019-20,2019-09-22,Heerenveen,Utrecht,1,1,D,1,1,D,,source_reported_FT,Heerenveen,Utrecht
footballcsv/cache.footballdata,https://raw.githubusercontent.com/footballcsv/cache.footballdata/f43a2aa0c65fb061c87e9541e7a567dd58ff933a/2019-20/nl.1.csv,f43a2aa0c65fb061c87e9541e7a567dd58ff933a,61,2026-09-04T07:11:47.171Z,Eredivisie,2019-20,2019-09-22,PSV Eindhoven,Ajax,1,1,D,0,0,D,,source_reported_FT,PSV Eindhoven,Ajax
footballcsv/cache.footballdata,https://raw.githubusercontent.com/footballcsv/cache.footballdata/f43a2aa0c65fb061c87e9541e7a567dd58ff933a/2019-20/nl.1.csv,f43a2aa0c65fb061c87e9541e7a567dd58ff933a,63,2026-09-04T07:11:47.171Z,Eredivisie,2019-20,2019-09-25,Ajax,For Sittard,5,0,H,0,0,D,,source_reported_FT,Ajax,For Sittard
footballcsv/cache.footballdata,https://raw.githubusercontent.com/footballcsv/cache.footballdata/f43a2aa0c65fb061c87e9541e7a567dd58ff933a/2019-20/nl.1.csv,f43a2aa0c65fb061c87e9541e7a567dd58ff933a,62,2026-09-04T07:11:47.171Z,Eredivisie,2019-20,2019-09-25,PSV Eindhoven,Groningen,3,1,H,2,0,H,,source_reported_FT,PSV Eindhoven,Groningen
footballcsv/cache.footballdata,https://raw.githubusercontent.com/footballcsv/cache.footballdata/f43a2aa0c65fb061c87e9541e7a567dd58ff933a/2019-20/nl.1.csv,f43a2aa0c65fb061c87e9541e7a567dd58ff933a,64,2026-09-04T07:11:47.171Z,Eredivisie,2019-20,2019-09-26,Feyenoord,AZ Alkmaar,0,3,A,0,1,A,,source_reported_FT,Feyenoord,AZ Alkmaar
footballcsv/cache.footballdata,https://raw.githubusercontent.com/footballcsv/cache.footballdata/f43a2aa0c65fb061c87e9541e7a567dd58ff933a/2019-20/nl.1.csv,f43a2aa0c65fb061c87e9541e7a567dd58ff933a,65,2026-09-04T07:11:47.171Z,Eredivisie,2019-20,2019-09-27,FC Emmen,Den Haag,3,0,H,1,0,H,,source_reported_FT,FC Emmen,Den Haag
footballcsv/cache.footballdata,https://raw.githubusercontent.com/footballcsv/cache.footballdata/f43a2aa0c65fb061c87e9541e7a567dd58ff933a/2019-20/nl.1.csv,f43a2aa0c65fb061c87e9541e7a567dd58ff933a,67,2026-09-04T07:11:47.171Z,Eredivisie,2019-20,2019-09-28,Ajax,Groningen,2,0,H,0,0,D,,source_reported_FT,Ajax,Groningen
footballcsv/cache.footballdata,https://raw.githubusercontent.com/footballcsv/cache.footballdata/f43a2aa0c65fb061c87e9541e7a567dd58ff933a/2019-20/nl.1.csv,f43a2aa0c65fb061c87e9541e7a567dd58ff933a,68,2026-09-04T07:11:47.171Z,Eredivisie,2019-20,2019-09-28,For Sittard,Sparta Rotterdam,0,0,D,0,0,D,,source_reported_FT,For Sittard,Sparta Rotterdam
footballcsv/cache.footballdata,https://raw.githubusercontent.com/footballcsv/cache.footballdata/f43a2aa0c65fb061c87e9541e7a567dd58ff933a/2019-20/nl.1.csv,f43a2aa0c65fb061c87e9541e7a567dd58ff933a,66,2026-09-04T07:11:47.171Z,Eredivisie,2019-20,2019-09-28,VVV Venlo,Heerenveen,0,3,A,0,2,A,,source_reported_FT,VVV Venlo,Heerenveen
footballcsv/cache.footballdata,https://raw.githubusercontent.com/footballcsv/cache.footballdata/f43a2aa0c65fb061c87e9541e7a567dd58ff933a/2019-20/nl.1.csv,f43a2aa0c65fb061c87e9541e7a567dd58ff933a,72,2026-09-04T07:11:47.171Z,Eredivisie,2019-20,2019-09-29,AZ Alkmaar,Heracles,2,0,H,0,0,D,,source_reported_FT,AZ Alkmaar,Heracles
footballcsv/cache.footballdata,https://raw.githubusercontent.com/footballcsv/cache.footballdata/f43a2aa0c65fb061c87e9541e7a567dd58ff933a/2019-20/nl.1.csv,f43a2aa0c65fb061c87e9541e7a567dd58ff933a,73,2026-09-04T07:11:47.171Z,Eredivisie,2019-20,2019-09-29,Feyenoord,Twente,5,1,H,2,1,H,,source_reported_FT,Feyenoord,Twente
footballcsv/cache.footballdata,https://raw.githubusercontent.com/footballcsv/cache.footballdata/f43a2aa0c65fb061c87e9541e7a567dd58ff933a/2019-20/nl.1.csv,f43a2aa0c65fb061c87e9541e7a567dd58ff933a,70,2026-09-04T07:11:47.171Z,Eredivisie,2019-20,2019-09-29,Utrecht,Willem II,2,0,H,0,0,D,,source_reported_FT,Utrecht,Willem II
footballcsv/cache.footballdata,https://raw.githubusercontent.com/footballcsv/cache.footballdata/f43a2aa0c65fb061c87e9541e7a567dd58ff933a/2019-20/nl.1.csv,f43a2aa0c65fb061c87e9541e7a567dd58ff933a,69,2026-09-04T07:11:47.171Z,Eredivisie,2019-20,2019-09-29,Waalwijk,Vitesse,1,2,A,0,1,A,,source_reported_FT,Waalwijk,Vitesse
footballcsv/cache.footballdata,https://raw.githubusercontent.com/footballcsv/cache.footballdata/f43a2aa0c65fb061c87e9541e7a567dd58ff933a/2019-20/nl.1.csv,f43a2aa0c65fb061c87e9541e7a567dd58ff933a,71,2026-09-04T07:11:47.171Z,Eredivisie,2019-20,2019-09-29,Zwolle,PSV Eindhoven,0,4,A,0,1,A,,source_reported_FT,Zwolle,PSV Eindhoven
footballcsv/cache.footballdata,https://raw.githubusercontent.com/footballcsv/cache.footballdata/f43a2aa0c65fb061c87e9541e7a567dd58ff933a/2019-20/nl.1.csv,f43a2aa0c65fb061c87e9541e7a567dd58ff933a,74,2026-09-04T07:11:47.171Z,Eredivisie,2019-20,2019-10-04,Groningen,Waalwijk,3,0,H,2,0,H,,source_reported_FT,Groningen,Waalwijk
footballcsv/cache.footballdata,https://raw.githubusercontent.com/footballcsv/cache.footballdata/f43a2aa0c65fb061c87e9541e7a567dd58ff933a/2019-20/nl.1.csv,f43a2aa0c65fb061c87e9541e7a567dd58ff933a,78,2026-09-04T07:11:47.171Z,Eredivisie,2019-20,2019-10-05,Heerenveen,Zwolle,1,0,H,1,0,H,,source_reported_FT,Heerenveen,Zwolle
footballcsv/cache.footballdata,https://raw.githubusercontent.com/footballcsv/cache.footballdata/f43a2aa0c65fb061c87e9541e7a567dd58ff933a/2019-20/nl.1.csv,f43a2aa0c65fb061c87e9541e7a567dd58ff933a,75,2026-09-04T07:11:47.171Z,Eredivisie,2019-20,2019-10-05,Heracles,FC Emmen,2,0,H,1,0,H,,source_reported_FT,Heracles,FC Emmen
footballcsv/cache.footballdata,https://raw.githubusercontent.com/footballcsv/cache.footballdata/f43a2aa0c65fb061c87e9541e7a567dd58ff933a/2019-20/nl.1.csv,f43a2aa0c65fb061c87e9541e7a567dd58ff933a,76,2026-09-04T07:11:47.171Z,Eredivisie,2019-20,2019-10-05,Sparta Rotterdam,Twente,2,1,H,0,0,D,,source_reported_FT,Sparta Rotterdam,Twente
footballcsv/cache.footballdata,https://raw.githubusercontent.com/footballcsv/cache.footballdata/f43a2aa0c65fb061c87e9541e7a567dd58ff933a/2019-20/nl.1.csv,f43a2aa0c65fb061c87e9541e7a567dd58ff933a,77,2026-09-04T07:11:47.171Z,Eredivisie,2019-20,2019-10-05,Vitesse,Utrecht,2,1,H,1,1,D,,source_reported_FT,Vitesse,Utrecht
footballcsv/cache.footballdata,https://raw.githubusercontent.com/footballcsv/cache.footballdata/f43a2aa0c65fb061c87e9541e7a567dd58ff933a/2019-20/nl.1.csv,f43a2aa0c65fb061c87e9541e7a567dd58ff933a,79,2026-09-04T07:11:47.171Z,Eredivisie,2019-20,2019-10-06,Den Haag,Ajax,0,2,A,0,1,A,,source_reported_FT,Den Haag,Ajax
footballcsv/cache.footballdata,https://raw.githubusercontent.com/footballcsv/cache.footballdata/f43a2aa0c65fb061c87e9541e7a567dd58ff933a/2019-20/nl.1.csv,f43a2aa0c65fb061c87e9541e7a567dd58ff933a,80,2026-09-04T07:11:47.171Z,Eredivisie,2019-20,2019-10-06,For Sittard,Feyenoord,4,2,H,3,1,H,,source_reported_FT,For Sittard,Feyenoord
footballcsv/cache.footballdata,https://raw.githubusercontent.com/footballcsv/cache.footballdata/f43a2aa0c65fb061c87e9541e7a567dd58ff933a/2019-20/nl.1.csv,f43a2aa0c65fb061c87e9541e7a567dd58ff933a,81,2026-09-04T07:11:47.171Z,Eredivisie,2019-20,2019-10-06,PSV Eindhoven,VVV Venlo,4,1,H,0,0,D,,source_reported_FT,PSV Eindhoven,VVV Venlo
footballcsv/cache.footballdata,https://raw.githubusercontent.com/footballcsv/cache.footballdata/f43a2aa0c65fb061c87e9541e7a567dd58ff933a/2019-20/nl.1.csv,f43a2aa0c65fb061c87e9541e7a567dd58ff933a,82,2026-09-04T07:11:47.171Z,Eredivisie,2019-20,2019-10-06,Willem II,AZ Alkmaar,1,1,D,1,1,D,,source_reported_FT,Willem II,AZ Alkmaar
footballcsv/cache.footballdata,https://raw.githubusercontent.com/footballcsv/cache.footballdata/f43a2aa0c65fb061c87e9541e7a567dd58ff933a/2019-20/nl.1.csv,f43a2aa0c65fb061c87e9541e7a567dd58ff933a,83,2026-09-04T07:11:47.171Z,Eredivisie,2019-20,2019-10-19,AZ Alkmaar,Heerenveen,2,4,A,1,3,A,,source_reported_FT,AZ Alkmaar,Heerenveen
footballcsv/cache.footballdata,https://raw.githubusercontent.com/footballcsv/cache.footballdata/f43a2aa0c65fb061c87e9541e7a567dd58ff933a/2019-20/nl.1.csv,f43a2aa0c65fb061c87e9541e7a567dd58ff933a,85,2026-09-04T07:11:47.171Z,Eredivisie,2019-20,2019-10-19,Twente,Willem II,0,1,A,0,1,A,,source_reported_FT,Twente,Willem II
footballcsv/cache.footballdata,https://raw.githubusercontent.com/footballcsv/cache.footballdata/f43a2aa0c65fb061c87e9541e7a567dd58ff933a/2019-20/nl.1.csv,f43a2aa0c65fb061c87e9541e7a567dd58ff933a,86,2026-09-04T07:11:47.171Z,Eredivisie,2019-20,2019-10-19,Utrecht,PSV Eindhoven,3,0,H,0,0,D,,source_reported_FT,Utrecht,PSV Eindhoven
footballcsv/cache.footballdata,https://raw.githubusercontent.com/footballcsv/cache.footballdata/f43a2aa0c65fb061c87e9541e7a567dd58ff933a/2019-20/nl.1.csv,f43a2aa0c65fb061c87e9541e7a567dd58ff933a,87,2026-09-04T07:11:47.171Z,Eredivisie,2019-20,2019-10-19,VVV Venlo,Vitesse,0,4,A,0,3,A,,source_reported_FT,VVV Venlo,Vitesse
footballcsv/cache.footballdata,https://raw.githubusercontent.com/footballcsv/cache.footballdata/f43a2aa0c65fb061c87e9541e7a567dd58ff933a/2019-20/nl.1.csv,f43a2aa0c65fb061c87e9541e7a567dd58ff933a,84,2026-09-04T07:11:47.171Z,Eredivisie,2019-20,2019-10-19,Waalwijk,Ajax,1,2,A,0,0,D,,source_reported_FT,Waalwijk,Ajax
footballcsv/cache.footballdata,https://raw.githubusercontent.com/footballcsv/cache.footballdata/f43a2aa0c65fb061c87e9541e7a567dd58ff933a/2019-20/nl.1.csv,f43a2aa0c65fb061c87e9541e7a567dd58ff933a,89,2026-09-04T07:11:47.171Z,Eredivisie,2019-20,2019-10-20,FC Emmen,For Sittard,2,1,H,0,1,A,,source_reported_FT,FC Emmen,For Sittard
footballcsv/cache.footballdata,https://raw.githubusercontent.com/footballcsv/cache.footballdata/f43a2aa0c65fb061c87e9541e7a567dd58ff933a/2019-20/nl.1.csv,f43a2aa0c65fb061c87e9541e7a567dd58ff933a,91,2026-09-04T07:11:47.171Z,Eredivisie,2019-20,2019-10-20,Feyenoord,Heracles,1,1,D,1,0,H,,source_reported_FT,Feyenoord,Heracles
footballcsv/cache.footballdata,https://raw.githubusercontent.com/footballcsv/cache.footballdata/f43a2aa0c65fb061c87e9541e7a567dd58ff933a/2019-20/nl.1.csv,f43a2aa0c65fb061c87e9541e7a567dd58ff933a,90,2026-09-04T07:11:47.171Z,Eredivisie,2019-20,2019-10-20,Groningen,Sparta Rotterdam,2,0,H,0,0,D,,source_reported_FT,Groningen,Sparta Rotterdam
footballcsv/cache.footballdata,https://raw.githubusercontent.com/footballcsv/cache.footballdata/f43a2aa0c65fb061c87e9541e7a567dd58ff933a/2019-20/nl.1.csv,f43a2aa0c65fb061c87e9541e7a567dd58ff933a,88,2026-09-04T07:11:47.171Z,Eredivisie,2019-20,2019-10-20,Zwolle,Den Haag,3,1,H,1,1,D,,source_reported_FT,Zwolle,Den Haag
footballcsv/cache.footballdata,https://raw.githubusercontent.com/footballcsv/cache.footballdata/f43a2aa0c65fb061c87e9541e7a567dd58ff933a/2019-20/nl.1.csv,f43a2aa0c65fb061c87e9541e7a567dd58ff933a,92,2026-09-04T07:11:47.171Z,Eredivisie,2019-20,2019-10-25,Twente,FC Emmen,4,1,H,3,0,H,,source_reported_FT,Twente,FC Emmen
footballcsv/cache.footballdata,https://raw.githubusercontent.com/footballcsv/cache.footballdata/f43a2aa0c65fb061c87e9541e7a567dd58ff933a/2019-20/nl.1.csv,f43a2aa0c65fb061c87e9541e7a567dd58ff933a,94,2026-09-04T07:11:47.171Z,Eredivisie,2019-20,2019-10-26,For Sittard,VVV Venlo,4,1,H,2,0,H,,source_reported_FT,For Sittard,VVV Venlo
footballcsv/cache.footballdata,https://raw.githubusercontent.com/footballcsv/cache.footballdata/f43a2aa0c65fb061c87e9541e7a567dd58ff933a/2019-20/nl.1.csv,f43a2aa0c65fb061c87e9541e7a567dd58ff933a,96,2026-09-04T07:11:47.171Z,Eredivisie,2019-20,2019-10-26,Heracles,Zwolle,4,0,H,1,0,H,,source_reported_FT,Heracles,Zwolle
footballcsv/cache.footballdata,https://raw.githubusercontent.com/footballcsv/cache.footballdata/f43a2aa0c65fb061c87e9541e7a567dd58ff933a/2019-20/nl.1.csv,f43a2aa0c65fb061c87e9541e7a567dd58ff933a,95,2026-09-04T07:11:47.171Z,Eredivisie,2019-20,2019-10-26,Vitesse,Den Haag,0,2,A,0,2,A,,source_reported_FT,Vitesse,Den Haag
footballcsv/cache.footballdata,https://raw.githubusercontent.com/footballcsv/cache.footballdata/f43a2aa0c65fb061c87e9541e7a567dd58ff933a/2019-20/nl.1.csv,f43a2aa0c65fb061c87e9541e7a567dd58ff933a,93,2026-09-04T07:11:47.171Z,Eredivisie,2019-20,2019-10-26,Willem II,Waalwijk,2,1,H,2,1,H,,source_reported_FT,Willem II,Waalwijk
footballcsv/cache.footballdata,https://raw.githubusercontent.com/footballcsv/cache.footballdata/f43a2aa0c65fb061c87e9541e7a567dd58ff933a/2019-20/nl.1.csv,f43a2aa0c65fb061c87e9541e7a567dd58ff933a,100,2026-09-04T07:11:47.171Z,Eredivisie,2019-20,2019-10-27,Ajax,Feyenoord,4,0,H,4,0,H,,source_reported_FT,Ajax,Feyenoord
footballcsv/cache.footballdata,https://raw.githubusercontent.com/footballcsv/cache.footballdata/f43a2aa0c65fb061c87e9541e7a567dd58ff933a/2019-20/nl.1.csv,f43a2aa0c65fb061c87e9541e7a567dd58ff933a,97,2026-09-04T07:11:47.171Z,Eredivisie,2019-20,2019-10-27,Heerenveen,Groningen,1,1,D,1,0,H,,source_reported_FT,Heerenveen,Groningen
footballcsv/cache.footballdata,https://raw.githubusercontent.com/footballcsv/cache.footballdata/f43a2aa0c65fb061c87e9541e7a567dd58ff933a/2019-20/nl.1.csv,f43a2aa0c65fb061c87e9541e7a567dd58ff933a,98,2026-09-04T07:11:47.171Z,Eredivisie,2019-20,2019-10-27,PSV Eindhoven,AZ Alkmaar,0,4,A,0,2,A,,source_reported_FT,PSV Eindhoven,AZ Alkmaar
footballcsv/cache.footballdata,https://raw.githubusercontent.com/footballcsv/cache.footballdata/f43a2aa0c65fb061c87e9541e7a567dd58ff933a/2019-20/nl.1.csv,f43a2aa0c65fb061c87e9541e7a567dd58ff933a,99,2026-09-04T07:11:47.171Z,Eredivisie,2019-20,2019-10-27,Sparta Rotterdam,Utrecht,1,2,A,1,2,A,,source_reported_FT,Sparta Rotterdam,Utrecht
footballcsv/cache.footballdata,https://raw.githubusercontent.com/footballcsv/cache.footballdata/f43a2aa0c65fb061c87e9541e7a567dd58ff933a/2019-20/nl.1.csv,f43a2aa0c65fb061c87e9541e7a567dd58ff933a,101,2026-09-04T07:11:47.171Z,Eredivisie,2019-20,2019-11-01,Zwolle,Ajax,2,4,A,1,3,A,,source_reported_FT,Zwolle,Ajax
footballcsv/cache.footballdata,https://raw.githubusercontent.com/footballcsv/cache.footballdata/f43a2aa0c65fb061c87e9541e7a567dd58ff933a/2019-20/nl.1.csv,f43a2aa0c65fb061c87e9541e7a567dd58ff933a,104,2026-09-04T07:11:47.171Z,Eredivisie,2019-20,2019-11-02,AZ Alkmaar,Twente,3,0,H,1,0,H,,source_reported_FT,AZ Alkmaar,Twente
footballcsv/cache.footballdata,https://raw.githubusercontent.com/footballcsv/cache.footballdata/f43a2aa0c65fb061c87e9541e7a567dd58ff933a/2019-20/nl.1.csv,f43a2aa0c65fb061c87e9541e7a567dd58ff933a,103,2026-09-04T07:11:47.171Z,Eredivisie,2019-20,2019-11-02,Sparta Rotterdam,PSV Eindhoven,2,2,D,1,0,H,,source_reported_FT,Sparta Rotterdam,PSV Eindhoven
footballcsv/cache.footballdata,https://raw.githubusercontent.com/footballcsv/cache.footballdata/f43a2aa0c65fb061c87e9541e7a567dd58ff933a/2019-20/nl.1.csv,f43a2aa0c65fb061c87e9541e7a567dd58ff933a,102,2026-09-04T07:11:47.171Z,Eredivisie,2019-20,2019-11-02,Waalwijk,Heracles,2,0,H,1,0,H,,source_reported_FT,Waalwijk,Heracles
footballcsv/cache.footballdata,https://raw.githubusercontent.com/footballcsv/cache.footballdata/f43a2aa0c65fb061c87e9541e7a567dd58ff933a/2019-20/nl.1.csv,f43a2aa0c65fb061c87e9541e7a567dd58ff933a,109,2026-09-04T07:11:47.171Z,Eredivisie,2019-20,2019-11-03,Den Haag,Heerenveen,1,1,D,0,0,D,,source_reported_FT,Den Haag,Heerenveen
footballcsv/cache.footballdata,https://raw.githubusercontent.com/footballcsv/cache.footballdata/f43a2aa0c65fb061c87e9541e7a567dd58ff933a/2019-20/nl.1.csv,f43a2aa0c65fb061c87e9541e7a567dd58ff933a,105,2026-09-04T07:11:47.171Z,Eredivisie,2019-20,2019-11-03,FC Emmen,Vitesse,2,1,H,2,1,H,,source_reported_FT,FC Emmen,Vitesse
footballcsv/cache.footballdata,https://raw.githubusercontent.com/footballcsv/cache.footballdata/f43a2aa0c65fb061c87e9541e7a567dd58ff933a/2019-20/nl.1.csv,f43a2aa0c65fb061c87e9541e7a567dd58ff933a,106,2026-09-04T07:11:47.171Z,Eredivisie,2019-20,2019-11-03,Groningen,Willem II,2,0,H,1,0,H,,source_reported_FT,Groningen,Willem II
footballcsv/cache.footballdata,https://raw.githubusercontent.com/footballcsv/cache.footballdata/f43a2aa0c65fb061c87e9541e7a567dd58ff933a/2019-20/nl.1.csv,f43a2aa0c65fb061c87e9541e7a567dd58ff933a,107,2026-09-04T07:11:47.171Z,Eredivisie,2019-20,2019-11-03,Utrecht,For Sittard,6,0,H,3,0,H,,source_reported_FT,Utrecht,For Sittard
footballcsv/cache.footballdata,https://raw.githubusercontent.com/footballcsv/cache.footballdata/f43a2aa0c65fb061c87e9541e7a567dd58ff933a/2019-20/nl.1.csv,f43a2aa0c65fb061c87e9541e7a567dd58ff933a,108,2026-09-04T07:11:47.171Z,Eredivisie,2019-20,2019-11-03,VVV Venlo,Feyenoord,0,3,A,0,2,A,,source_reported_FT,VVV Venlo,Feyenoord
footballcsv/cache.footballdata,https://raw.githubusercontent.com/footballcsv/cache.footballdata/f43a2aa0c65fb061c87e9541e7a567dd58ff933a/2019-20/nl.1.csv,f43a2aa0c65fb061c87e9541e7a567dd58ff933a,110,2026-09-04T07:11:47.171Z,Eredivisie,2019-20,2019-11-08,Vitesse,Groningen,1,2,A,0,2,A,,source_reported_FT,Vitesse,Groningen
footballcsv/cache.footballdata,https://raw.githubusercontent.com/footballcsv/cache.footballdata/f43a2aa0c65fb061c87e9541e7a567dd58ff933a/2019-20/nl.1.csv,f43a2aa0c65fb061c87e9541e7a567dd58ff933a,112,2026-09-04T07:11:47.171Z,Eredivisie,2019-20,2019-11-09,For Sittard,Den Haag,1,0,H,1,0,H,,source_reported_FT,For Sittard,Den Haag
footballcsv/cache.footballdata,https://raw.githubusercontent.com/footballcsv/cache.footballdata/f43a2aa0c65fb061c87e9541e7a567dd58ff933a/2019-20/nl.1.csv,f43a2aa0c65fb061c87e9541e7a567dd58ff933a,111,2026-09-04T07:11:47.171Z,Eredivisie,2019-20,2019-11-09,Heerenveen,Sparta Rotterdam,2,1,H,0,1,A,,source_reported_FT,Heerenveen,Sparta Rotterdam
footballcsv/cache.footballdata,https://raw.githubusercontent.com/footballcsv/cache.footballdata/f43a2aa0c65fb061c87e9541e7a567dd58ff933a/2019-20/nl.1.csv,f43a2aa0c65fb061c87e9541e7a567dd58ff933a,113,2026-09-04T07:11:47.171Z,Eredivisie,2019-20,2019-11-09,Heracles,VVV Venlo,6,1,H,2,0,H,,source_reported_FT,Heracles,VVV Venlo
footballcsv/cache.footballdata,https://raw.githubusercontent.com/footballcsv/cache.footballdata/f43a2aa0c65fb061c87e9541e7a567dd58ff933a/2019-20/nl.1.csv,f43a2aa0c65fb061c87e9541e7a567dd58ff933a,118,2026-09-04T07:11:47.171Z,Eredivisie,2019-20,2019-11-10,AZ Alkmaar,FC Emmen,3,0,H,2,0,H,,source_reported_FT,AZ Alkmaar,FC Emmen
footballcsv/cache.footballdata,https://raw.githubusercontent.com/footballcsv/cache.footballdata/f43a2aa0c65fb061c87e9541e7a567dd58ff933a/2019-20/nl.1.csv,f43a2aa0c65fb061c87e9541e7a567dd58ff933a,114,2026-09-04T07:11:47.171Z,Eredivisie,2019-20,2019-11-10,Ajax,Utrecht,4,0,H,3,0,H,,source_reported_FT,Ajax,Utrecht
footballcsv/cache.footballdata,https://raw.githubusercontent.com/footballcsv/cache.footballdata/f43a2aa0c65fb061c87e9541e7a567dd58ff933a/2019-20/nl.1.csv,f43a2aa0c65fb061c87e9541e7a567dd58ff933a,117,2026-09-04T07:11:47.171Z,Eredivisie,2019-20,2019-11-10,Feyenoord,Waalwijk,3,2,H,2,2,D,,source_reported_FT,Feyenoord,Waalwijk
footballcsv/cache.footballdata,https://raw.githubusercontent.com/footballcsv/cache.footballdata/f43a2aa0c65fb061c87e9541e7a567dd58ff933a/2019-20/nl.1.csv,f43a2aa0c65fb061c87e9541e7a567dd58ff933a,115,2026-09-04T07:11:47.171Z,Eredivisie,2019-20,2019-11-10,Twente,Zwolle,2,1,H,2,0,H,,source_reported_FT,Twente,Zwolle
footballcsv/cache.footballdata,https://raw.githubusercontent.com/footballcsv/cache.footballdata/f43a2aa0c65fb061c87e9541e7a567dd58ff933a/2019-20/nl.1.csv,f43a2aa0c65fb061c87e9541e7a567dd58ff933a,116,2026-09-04T07:11:47.171Z,Eredivisie,2019-20,2019-11-10,Willem II,PSV Eindhoven,2,1,H,1,0,H,,source_reported_FT,Willem II,PSV Eindhoven
footballcsv/cache.footballdata,https://raw.githubusercontent.com/footballcsv/cache.footballdata/f43a2aa0c65fb061c87e9541e7a567dd58ff933a/2019-20/nl.1.csv,f43a2aa0c65fb061c87e9541e7a567dd58ff933a,120,2026-09-04T07:11:47.171Z,Eredivisie,2019-20,2019-11-23,Ajax,Heracles,4,1,H,1,0,H,,source_reported_FT,Ajax,Heracles
footballcsv/cache.footballdata,https://raw.githubusercontent.com/footballcsv/cache.footballdata/f43a2aa0c65fb061c87e9541e7a567dd58ff933a/2019-20/nl.1.csv,f43a2aa0c65fb061c87e9541e7a567dd58ff933a,122,2026-09-04T07:11:47.171Z,Eredivisie,2019-20,2019-11-23,Den Haag,Willem II,3,3,D,0,2,A,,source_reported_FT,Den Haag,Willem II
footballcsv/cache.footballdata,https://raw.githubusercontent.com/footballcsv/cache.footballdata/f43a2aa0c65fb061c87e9541e7a567dd58ff933a/2019-20/nl.1.csv,f43a2aa0c65fb061c87e9541e7a567dd58ff933a,119,2026-09-04T07:11:47.171Z,Eredivisie,2019-20,2019-11-23,Utrecht,AZ Alkmaar,0,3,A,0,2,A,,source_reported_FT,Utrecht,AZ Alkmaar
footballcsv/cache.footballdata,https://raw.githubusercontent.com/footballcsv/cache.footballdata/f43a2aa0c65fb061c87e9541e7a567dd58ff933a/2019-20/nl.1.csv,f43a2aa0c65fb061c87e9541e7a567dd58ff933a,121,2026-09-04T07:11:47.171Z,Eredivisie,2019-20,2019-11-23,Zwolle,For Sittard,3,1,H,1,0,H,,source_reported_FT,Zwolle,For Sittard
footballcsv/cache.footballdata,https://raw.githubusercontent.com/footballcsv/cache.footballdata/f43a2aa0c65fb061c87e9541e7a567dd58ff933a/2019-20/nl.1.csv,f43a2aa0c65fb061c87e9541e7a567dd58ff933a,123,2026-09-04T07:11:47.171Z,Eredivisie,2019-20,2019-11-24,Groningen,Feyenoord,1,1,D,0,1,A,,source_reported_FT,Groningen,Feyenoord
footballcsv/cache.footballdata,https://raw.githubusercontent.com/footballcsv/cache.footballdata/f43a2aa0c65fb061c87e9541e7a567dd58ff933a/2019-20/nl.1.csv,f43a2aa0c65fb061c87e9541e7a567dd58ff933a,124,2026-09-04T07:11:47.171Z,Eredivisie,2019-20,2019-11-24,PSV Eindhoven,Heerenveen,2,1,H,2,0,H,,source_reported_FT,PSV Eindhoven,Heerenveen
footballcsv/cache.footballdata,https://raw.githubusercontent.com/footballcsv/cache.footballdata/f43a2aa0c65fb061c87e9541e7a567dd58ff933a/2019-20/nl.1.csv,f43a2aa0c65fb061c87e9541e7a567dd58ff933a,126,2026-09-04T07:11:47.171Z,Eredivisie,2019-20,2019-11-24,Sparta Rotterdam,Vitesse,2,0,H,1,0,H,,source_reported_FT,Sparta Rotterdam,Vitesse
footballcsv/cache.footballdata,https://raw.githubusercontent.com/footballcsv/cache.footballdata/f43a2aa0c65fb061c87e9541e7a567dd58ff933a/2019-20/nl.1.csv,f43a2aa0c65fb061c87e9541e7a567dd58ff933a,127,2026-09-04T07:11:47.171Z,Eredivisie,2019-20,2019-11-24,VVV Venlo,Twente,2,1,H,2,1,H,,source_reported_FT,VVV Venlo,Twente
footballcsv/cache.footballdata,https://raw.githubusercontent.com/footballcsv/cache.footballdata/f43a2aa0c65fb061c87e9541e7a567dd58ff933a/2019-20/nl.1.csv,f43a2aa0c65fb061c87e9541e7a567dd58ff933a,125,2026-09-04T07:11:47.171Z,Eredivisie,2019-20,2019-11-24,Waalwijk,FC Emmen,1,1,D,0,1,A,,source_reported_FT,Waalwijk,FC Emmen
footballcsv/cache.footballdata,https://raw.githubusercontent.com/footballcsv/cache.footballdata/f43a2aa0c65fb061c87e9541e7a567dd58ff933a/2019-20/nl.1.csv,f43a2aa0c65fb061c87e9541e7a567dd58ff933a,128,2026-09-04T07:11:47.171Z,Eredivisie,2019-20,2019-11-29,Heerenveen,Vitesse,3,2,H,1,2,A,,source_reported_FT,Heerenveen,Vitesse
footballcsv/cache.footballdata,https://raw.githubusercontent.com/footballcsv/cache.footballdata/f43a2aa0c65fb061c87e9541e7a567dd58ff933a/2019-20/nl.1.csv,f43a2aa0c65fb061c87e9541e7a567dd58ff933a,130,2026-09-04T07:11:47.171Z,Eredivisie,2019-20,2019-11-30,For Sittard,Groningen,1,0,H,0,0,D,,source_reported_FT,For Sittard,Groningen
footballcsv/cache.footballdata,https://raw.githubusercontent.com/footballcsv/cache.footballdata/f43a2aa0c65fb061c87e9541e7a567dd58ff933a/2019-20/nl.1.csv,f43a2aa0c65fb061c87e9541e7a567dd58ff933a,131,2026-09-04T07:11:47.171Z,Eredivisie,2019-20,2019-11-30,Heracles,Den Haag,4,0,H,2,0,H,,source_reported_FT,Heracles,Den Haag
footballcsv/cache.footballdata,https://raw.githubusercontent.com/footballcsv/cache.footballdata/f43a2aa0c65fb061c87e9541e7a567dd58ff933a/2019-20/nl.1.csv,f43a2aa0c65fb061c87e9541e7a567dd58ff933a,129,2026-09-04T07:11:47.171Z,Eredivisie,2019-20,2019-11-30,Willem II,Sparta Rotterdam,4,0,H,3,0,H,,source_reported_FT,Willem II,Sparta Rotterdam
footballcsv/cache.footballdata,https://raw.githubusercontent.com/footballcsv/cache.footballdata/f43a2aa0c65fb061c87e9541e7a567dd58ff933a/2019-20/nl.1.csv,f43a2aa0c65fb061c87e9541e7a567dd58ff933a,134,2026-09-04T07:11:47.171Z,Eredivisie,2019-20,2019-12-01,AZ Alkmaar,VVV Venlo,1,0,H,1,0,H,,source_reported_FT,AZ Alkmaar,VVV Venlo
footballcsv/cache.footballdata,https://raw.githubusercontent.com/footballcsv/cache.footballdata/f43a2aa0c65fb061c87e9541e7a567dd58ff933a/2019-20/nl.1.csv,f43a2aa0c65fb061c87e9541e7a567dd58ff933a,136,2026-09-04T07:11:47.171Z,Eredivisie,2019-20,2019-12-01,FC Emmen,PSV Eindhoven,1,1,D,0,1,A,,source_reported_FT,FC Emmen,PSV Eindhoven
footballcsv/cache.footballdata,https://raw.githubusercontent.com/footballcsv/cache.footballdata/f43a2aa0c65fb061c87e9541e7a567dd58ff933a/2019-20/nl.1.csv,f43a2aa0c65fb061c87e9541e7a567dd58ff933a,135,2026-09-04T07:11:47.171Z,Eredivisie,2019-20,2019-12-01,Feyenoord,Zwolle,1,0,H,1,0,H,,source_reported_FT,Feyenoord,Zwolle
footballcsv/cache.footballdata,https://raw.githubusercontent.com/footballcsv/cache.footballdata/f43a2aa0c65fb061c87e9541e7a567dd58ff933a/2019-20/nl.1.csv,f43a2aa0c65fb061c87e9541e7a567dd58ff933a,132,2026-09-04T07:11:47.171Z,Eredivisie,2019-20,2019-12-01,Twente,Ajax,2,5,A,2,1,H,,source_reported_FT,Twente,Ajax
footballcsv/cache.footballdata,https://raw.githubusercontent.com/footballcsv/cache.footballdata/f43a2aa0c65fb061c87e9541e7a567dd58ff933a/2019-20/nl.1.csv,f43a2aa0c65fb061c87e9541e7a567dd58ff933a,133,2026-09-04T07:11:47.171Z,Eredivisie,2019-20,2019-12-01,Utrecht,Waalwijk,0,1,A,0,0,D,,source_reported_FT,Utrecht,Waalwijk
footballcsv/cache.footballdata,https://raw.githubusercontent.com/footballcsv/cache.footballdata/f43a2aa0c65fb061c87e9541e7a567dd58ff933a/2019-20/nl.1.csv,f43a2aa0c65fb061c87e9541e7a567dd58ff933a,137,2026-09-04T07:11:47.171Z,Eredivisie,2019-20,2019-12-06,Ajax,Willem II,0,2,A,0,1,A,,source_reported_FT,Ajax,Willem II
footballcsv/cache.footballdata,https://raw.githubusercontent.com/footballcsv/cache.footballdata/f43a2aa0c65fb061c87e9541e7a567dd58ff933a/2019-20/nl.1.csv,f43a2aa0c65fb061c87e9541e7a567dd58ff933a,138,2026-09-04T07:11:47.171Z,Eredivisie,2019-20,2019-12-07,Den Haag,Twente,0,0,D,0,0,D,,source_reported_FT,Den Haag,Twente
footballcsv/cache.footballdata,https://raw.githubusercontent.com/footballcsv/cache.footballdata/f43a2aa0c65fb061c87e9541e7a567dd58ff933a/2019-20/nl.1.csv,f43a2aa0c65fb061c87e9541e7a567dd58ff933a,139,2026-09-04T07:11:47.171Z,Eredivisie,2019-20,2019-12-07,PSV Eindhoven,For Sittard,5,0,H,3,0,H,,source_reported_FT,PSV Eindhoven,For Sittard
footballcsv/cache.footballdata,https://raw.githubusercontent.com/footballcsv/cache.footballdata/f43a2aa0c65fb061c87e9541e7a567dd58ff933a/2019-20/nl.1.csv,f43a2aa0c65fb061c87e9541e7a567dd58ff933a,140,2026-09-04T07:11:47.171Z,Eredivisie,2019-20,2019-12-07,VVV Venlo,FC Emmen,2,0,H,1,0,H,,source_reported_FT,VVV Venlo,FC Emmen
footballcsv/cache.footballdata,https://raw.githubusercontent.com/footballcsv/cache.footballdata/f43a2aa0c65fb061c87e9541e7a567dd58ff933a/2019-20/nl.1.csv,f43a2aa0c65fb061c87e9541e7a567dd58ff933a,141,2026-09-04T07:11:47.171Z,Eredivisie,2019-20,2019-12-07,Zwolle,AZ Alkmaar,0,3,A,0,2,A,,source_reported_FT,Zwolle,AZ Alkmaar
footballcsv/cache.footballdata,https://raw.githubusercontent.com/footballcsv/cache.footballdata/f43a2aa0c65fb061c87e9541e7a567dd58ff933a/2019-20/nl.1.csv,f43a2aa0c65fb061c87e9541e7a567dd58ff933a,143,2026-09-04T07:11:47.171Z,Eredivisie,2019-20,2019-12-08,Groningen,Utrecht,0,1,A,0,0,D,,source_reported_FT,Groningen,Utrecht
footballcsv/cache.footballdata,https://raw.githubusercontent.com/footballcsv/cache.footballdata/f43a2aa0c65fb061c87e9541e7a567dd58ff933a/2019-20/nl.1.csv,f43a2aa0c65fb061c87e9541e7a567dd58ff933a,145,2026-09-04T07:11:47.171Z,Eredivisie,2019-20,2019-12-08,Sparta Rotterdam,Heracles,0,0,D,0,0,D,,source_reported_FT,Sparta Rotterdam,Heracles
footballcsv/cache.footballdata,https://raw.githubusercontent.com/footballcsv/cache.footballdata/f43a2aa0c65fb061c87e9541e7a567dd58ff933a/2019-20/nl.1.csv,f43a2aa0c65fb061c87e9541e7a567dd58ff933a,142,2026-09-04T07:11:47.171Z,Eredivisie,2019-20,2019-12-08,Vitesse,Feyenoord,0,0,D,0,0,D,,source_reported_FT,Vitesse,Feyenoord
footballcsv/cache.footballdata,https://raw.githubusercontent.com/footballcsv/cache.footballdata/f43a2aa0c65fb061c87e9541e7a567dd58ff933a/2019-20/nl.1.csv,f43a2aa0c65fb061c87e9541e7a567dd58ff933a,144,2026-09-04T07:11:47.171Z,Eredivisie,2019-20,2019-12-08,Waalwijk,Heerenveen,1,3,A,0,1,A,,source_reported_FT,Waalwijk,Heerenveen
footballcsv/cache.footballdata,https://raw.githubusercontent.com/footballcsv/cache.footballdata/f43a2aa0c65fb061c87e9541e7a567dd58ff933a/2019-20/nl.1.csv,f43a2aa0c65fb061c87e9541e7a567dd58ff933a,146,2026-09-04T07:11:47.171Z,Eredivisie,2019-20,2019-12-13,Heerenveen,Willem II,1,2,A,1,2,A,,source_reported_FT,Heerenveen,Willem II
footballcsv/cache.footballdata,https://raw.githubusercontent.com/footballcsv/cache.footballdata/f43a2aa0c65fb061c87e9541e7a567dd58ff933a/2019-20/nl.1.csv,f43a2aa0c65fb061c87e9541e7a567dd58ff933a,147,2026-09-04T07:11:47.171Z,Eredivisie,2019-20,2019-12-14,Den Haag,Groningen,1,1,D,1,1,D,,source_reported_FT,Den Haag,Groningen
footballcsv/cache.footballdata,https://raw.githubusercontent.com/footballcsv/cache.footballdata/f43a2aa0c65fb061c87e9541e7a567dd58ff933a/2019-20/nl.1.csv,f43a2aa0c65fb061c87e9541e7a567dd58ff933a,148,2026-09-04T07:11:47.171Z,Eredivisie,2019-20,2019-12-14,For Sittard,Waalwijk,3,2,H,2,2,D,,source_reported_FT,For Sittard,Waalwijk
footballcsv/cache.footballdata,https://raw.githubusercontent.com/footballcsv/cache.footballdata/f43a2aa0c65fb061c87e9541e7a567dd58ff933a/2019-20/nl.1.csv,f43a2aa0c65fb061c87e9541e7a567dd58ff933a,150,2026-09-04T07:11:47.171Z,Eredivisie,2019-20,2019-12-14,Twente,Vitesse,0,3,A,0,0,D,,source_reported_FT,Twente,Vitesse
footballcsv/cache.footballdata,https://raw.githubusercontent.com/footballcsv/cache.footballdata/f43a2aa0c65fb061c87e9541e7a567dd58ff933a/2019-20/nl.1.csv,f43a2aa0c65fb061c87e9541e7a567dd58ff933a,149,2026-09-04T07:11:47.171Z,Eredivisie,2019-20,2019-12-14,VVV Venlo,Zwolle,1,2,A,0,2,A,,source_reported_FT,VVV Venlo,Zwolle
footballcsv/cache.footballdata,https://raw.githubusercontent.com/footballcsv/cache.footballdata/f43a2aa0c65fb061c87e9541e7a567dd58ff933a/2019-20/nl.1.csv,f43a2aa0c65fb061c87e9541e7a567dd58ff933a,153,2026-09-04T07:11:47.171Z,Eredivisie,2019-20,2019-12-15,AZ Alkmaar,Ajax,1,0,H,0,0,D,,source_reported_FT,AZ Alkmaar,Ajax
footballcsv/cache.footballdata,https://raw.githubusercontent.com/footballcsv/cache.footballdata/f43a2aa0c65fb061c87e9541e7a567dd58ff933a/2019-20/nl.1.csv,f43a2aa0c65fb061c87e9541e7a567dd58ff933a,151,2026-09-04T07:11:47.171Z,Eredivisie,2019-20,2019-12-15,FC Emmen,Sparta Rotterdam,2,0,H,2,0,H,,source_reported_FT,FC Emmen,Sparta Rotterdam
footballcsv/cache.footballdata,https://raw.githubusercontent.com/footballcsv/cache.footballdata/f43a2aa0c65fb061c87e9541e7a567dd58ff933a/2019-20/nl.1.csv,f43a2aa0c65fb061c87e9541e7a567dd58ff933a,152,2026-09-04T07:11:47.171Z,Eredivisie,2019-20,2019-12-15,Feyenoord,PSV Eindhoven,3,1,H,2,0,H,,source_reported_FT,Feyenoord,PSV Eindhoven
footballcsv/cache.footballdata,https://raw.githubusercontent.com/footballcsv/cache.footballdata/f43a2aa0c65fb061c87e9541e7a567dd58ff933a/2019-20/nl.1.csv,f43a2aa0c65fb061c87e9541e7a567dd58ff933a,154,2026-09-04T07:11:47.171Z,Eredivisie,2019-20,2019-12-15,Heracles,Utrecht,1,3,A,1,0,H,,source_reported_FT,Heracles,Utrecht
footballcsv/cache.footballdata,https://raw.githubusercontent.com/footballcsv/cache.footballdata/f43a2aa0c65fb061c87e9541e7a567dd58ff933a/2019-20/nl.1.csv,f43a2aa0c65fb061c87e9541e7a567dd58ff933a,155,2026-09-04T07:11:47.171Z,Eredivisie,2019-20,2019-12-20,Waalwijk,Twente,3,0,H,1,0,H,,source_reported_FT,Waalwijk,Twente
footballcsv/cache.footballdata,https://raw.githubusercontent.com/footballcsv/cache.footballdata/f43a2aa0c65fb061c87e9541e7a567dd58ff933a/2019-20/nl.1.csv,f43a2aa0c65fb061c87e9541e7a567dd58ff933a,156,2026-09-04T07:11:47.171Z,Eredivisie,2019-20,2019-12-21,Heerenveen,Heracles,1,1,D,0,0,D,,source_reported_FT,Heerenveen,Heracles
footballcsv/cache.footballdata,https://raw.githubusercontent.com/footballcsv/cache.footballdata/f43a2aa0c65fb061c87e9541e7a567dd58ff933a/2019-20/nl.1.csv,f43a2aa0c65fb061c87e9541e7a567dd58ff933a,157,2026-09-04T07:11:47.171Z,Eredivisie,2019-20,2019-12-21,PSV Eindhoven,Zwolle,4,1,H,2,1,H,,source_reported_FT,PSV Eindhoven,Zwolle
footballcsv/cache.footballdata,https://raw.githubusercontent.com/footballcsv/cache.footballdata/f43a2aa0c65fb061c87e9541e7a567dd58ff933a/2019-20/nl.1.csv,f43a2aa0c65fb061c87e9541e7a567dd58ff933a,158,2026-09-04T07:11:47.171Z,Eredivisie,2019-20,2019-12-21,Sparta Rotterdam,AZ Alkmaar,3,0,H,2,0,H,,source_reported_FT,Sparta Rotterdam,AZ Alkmaar
footballcsv/cache.footballdata,https://raw.githubusercontent.com/footballcsv/cache.footballdata/f43a2aa0c65fb061c87e9541e7a567dd58ff933a/2019-20/nl.1.csv,f43a2aa0c65fb061c87e9541e7a567dd58ff933a,159,2026-09-04T07:11:47.171Z,Eredivisie,2019-20,2019-12-21,Willem II,For Sittard,0,0,D,0,0,D,,source_reported_FT,Willem II,For Sittard
footballcsv/cache.footballdata,https://raw.githubusercontent.com/footballcsv/cache.footballdata/f43a2aa0c65fb061c87e9541e7a567dd58ff933a/2019-20/nl.1.csv,f43a2aa0c65fb061c87e9541e7a567dd58ff933a,160,2026-09-04T07:11:47.171Z,Eredivisie,2019-20,2019-12-22,Ajax,Den Haag,6,1,H,4,0,H,,source_reported_FT,Ajax,Den Haag
footballcsv/cache.footballdata,https://raw.githubusercontent.com/footballcsv/cache.footballdata/f43a2aa0c65fb061c87e9541e7a567dd58ff933a/2019-20/nl.1.csv,f43a2aa0c65fb061c87e9541e7a567dd58ff933a,161,2026-09-04T07:11:47.171Z,Eredivisie,2019-20,2019-12-22,Groningen,FC Emmen,2,0,H,0,0,D,,source_reported_FT,Groningen,FC Emmen
footballcsv/cache.footballdata,https://raw.githubusercontent.com/footballcsv/cache.footballdata/f43a2aa0c65fb061c87e9541e7a567dd58ff933a/2019-20/nl.1.csv,f43a2aa0c65fb061c87e9541e7a567dd58ff933a,162,2026-09-04T07:11:47.171Z,Eredivisie,2019-20,2019-12-22,Utrecht,Feyenoord,1,2,A,1,1,D,,source_reported_FT,Utrecht,Feyenoord
footballcsv/cache.footballdata,https://raw.githubusercontent.com/footballcsv/cache.footballdata/f43a2aa0c65fb061c87e9541e7a567dd58ff933a/2019-20/nl.1.csv,f43a2aa0c65fb061c87e9541e7a567dd58ff933a,163,2026-09-04T07:11:47.171Z,Eredivisie,2019-20,2019-12-22,Vitesse,VVV Venlo,3,0,H,2,0,H,,source_reported_FT,Vitesse,VVV Venlo
footballcsv/cache.footballdata,https://raw.githubusercontent.com/footballcsv/cache.footballdata/f43a2aa0c65fb061c87e9541e7a567dd58ff933a/2019-20/nl.1.csv,f43a2aa0c65fb061c87e9541e7a567dd58ff933a,164,2026-09-04T07:11:47.171Z,Eredivisie,2019-20,2020-01-17,Zwolle,Utrecht,3,3,D,1,1,D,,source_reported_FT,Zwolle,Utrecht
footballcsv/cache.footballdata,https://raw.githubusercontent.com/footballcsv/cache.footballdata/f43a2aa0c65fb061c87e9541e7a567dd58ff933a/2019-20/nl.1.csv,f43a2aa0c65fb061c87e9541e7a567dd58ff933a,168,2026-09-04T07:11:47.171Z,Eredivisie,2019-20,2020-01-18,AZ Alkmaar,Willem II,1,3,A,1,0,H,,source_reported_FT,AZ Alkmaar,Willem II
footballcsv/cache.footballdata,https://raw.githubusercontent.com/footballcsv/cache.footballdata/f43a2aa0c65fb061c87e9541e7a567dd58ff933a/2019-20/nl.1.csv,f43a2aa0c65fb061c87e9541e7a567dd58ff933a,166,2026-09-04T07:11:47.171Z,Eredivisie,2019-20,2020-01-18,Feyenoord,Heerenveen,3,1,H,3,1,H,,source_reported_FT,Feyenoord,Heerenveen
footballcsv/cache.footballdata,https://raw.githubusercontent.com/footballcsv/cache.footballdata/f43a2aa0c65fb061c87e9541e7a567dd58ff933a/2019-20/nl.1.csv,f43a2aa0c65fb061c87e9541e7a567dd58ff933a,165,2026-09-04T07:11:47.171Z,Eredivisie,2019-20,2020-01-18,For Sittard,Vitesse,1,3,A,0,2,A,,source_reported_FT,For Sittard,Vitesse
footballcsv/cache.footballdata,https://raw.githubusercontent.com/footballcsv/cache.footballdata/f43a2aa0c65fb061c87e9541e7a567dd58ff933a/2019-20/nl.1.csv,f43a2aa0c65fb061c87e9541e7a567dd58ff933a,167,2026-09-04T07:11:47.171Z,Eredivisie,2019-20,2020-01-18,Twente,Groningen,0,0,D,0,0,D,,source_reported_FT,Twente,Groningen
footballcsv/cache.footballdata,https://raw.githubusercontent.com/footballcsv/cache.footballdata/f43a2aa0c65fb061c87e9541e7a567dd58ff933a/2019-20/nl.1.csv,f43a2aa0c65fb061c87e9541e7a567dd58ff933a,170,2026-09-04T07:11:47.171Z,Eredivisie,2019-20,2020-01-19,Ajax,Sparta Rotterdam,2,1,H,1,0,H,,source_reported_FT,Ajax,Sparta Rotterdam
footballcsv/cache.footballdata,https://raw.githubusercontent.com/footballcsv/cache.footballdata/f43a2aa0c65fb061c87e9541e7a567dd58ff933a/2019-20/nl.1.csv,f43a2aa0c65fb061c87e9541e7a567dd58ff933a,172,2026-09-04T07:11:47.171Z,Eredivisie,2019-20,2020-01-19,Den Haag,Waalwijk,2,0,H,1,0,H,,source_reported_FT,Den Haag,Waalwijk
footballcsv/cache.footballdata,https://raw.githubusercontent.com/footballcsv/cache.footballdata/f43a2aa0c65fb061c87e9541e7a567dd58ff933a/2019-20/nl.1.csv,f43a2aa0c65fb061c87e9541e7a567dd58ff933a,171,2026-09-04T07:11:47.171Z,Eredivisie,2019-20,2020-01-19,FC Emmen,Heracles,1,0,H,1,0,H,,source_reported_FT,FC Emmen,Heracles
footballcsv/cache.footballdata,https://raw.githubusercontent.com/footballcsv/cache.footballdata/f43a2aa0c65fb061c87e9541e7a567dd58ff933a/2019-20/nl.1.csv,f43a2aa0c65fb061c87e9541e7a567dd58ff933a,169,2026-09-04T07:11:47.171Z,Eredivisie,2019-20,2020-01-19,VVV Venlo,PSV Eindhoven,1,1,D,0,0,D,,source_reported_FT,VVV Venlo,PSV Eindhoven
footballcsv/cache.footballdata,https://raw.githubusercontent.com/footballcsv/cache.footballdata/f43a2aa0c65fb061c87e9541e7a567dd58ff933a/2019-20/nl.1.csv,f43a2aa0c65fb061c87e9541e7a567dd58ff933a,173,2026-09-04T07:11:47.171Z,Eredivisie,2019-20,2020-01-24,Utrecht,Den Haag,4,0,H,1,0,H,,source_reported_FT,Utrecht,Den Haag
footballcsv/cache.footballdata,https://raw.githubusercontent.com/footballcsv/cache.footballdata/f43a2aa0c65fb061c87e9541e7a567dd58ff933a/2019-20/nl.1.csv,f43a2aa0c65fb061c87e9541e7a567dd58ff933a,174,2026-09-04T07:11:47.171Z,Eredivisie,2019-20,2020-01-25,Heerenveen,AZ Alkmaar,1,2,A,0,1,A,,source_reported_FT,Heerenveen,AZ Alkmaar
footballcsv/cache.footballdata,https://raw.githubusercontent.com/footballcsv/cache.footballdata/f43a2aa0c65fb061c87e9541e7a567dd58ff933a/2019-20/nl.1.csv,f43a2aa0c65fb061c87e9541e7a567dd58ff933a,175,2026-09-04T07:11:47.171Z,Eredivisie,2019-20,2020-01-25,Heracles,Feyenoord,2,3,A,1,0,H,,source_reported_FT,Heracles,Feyenoord
footballcsv/cache.footballdata,https://raw.githubusercontent.com/footballcsv/cache.footballdata/f43a2aa0c65fb061c87e9541e7a567dd58ff933a/2019-20/nl.1.csv,f43a2aa0c65fb061c87e9541e7a567dd58ff933a,177,2026-09-04T07:11:47.171Z,Eredivisie,2019-20,2020-01-25,Sparta Rotterdam,For Sittard,1,1,D,0,1,A,,source_reported_FT,Sparta Rotterdam,For Sittard
footballcsv/cache.footballdata,https://raw.githubusercontent.com/footballcsv/cache.footballdata/f43a2aa0c65fb061c87e9541e7a567dd58ff933a/2019-20/nl.1.csv,f43a2aa0c65fb061c87e9541e7a567dd58ff933a,176,2026-09-04T07:11:47.171Z,Eredivisie,2019-20,2020-01-25,Waalwijk,VVV Venlo,1,2,A,1,0,H,,source_reported_FT,Waalwijk,VVV Venlo
footballcsv/cache.footballdata,https://raw.githubusercontent.com/footballcsv/cache.footballdata/f43a2aa0c65fb061c87e9541e7a567dd58ff933a/2019-20/nl.1.csv,f43a2aa0c65fb061c87e9541e7a567dd58ff933a,179,2026-09-04T07:11:47.171Z,Eredivisie,2019-20,2020-01-26,Groningen,Ajax,2,1,H,1,0,H,,source_reported_FT,Groningen,Ajax
footballcsv/cache.footballdata,https://raw.githubusercontent.com/footballcsv/cache.footballdata/f43a2aa0c65fb061c87e9541e7a567dd58ff933a/2019-20/nl.1.csv,f43a2aa0c65fb061c87e9541e7a567dd58ff933a,181,2026-09-04T07:11:47.171Z,Eredivisie,2019-20,2020-01-26,PSV Eindhoven,Twente,1,1,D,0,0,D,,source_reported_FT,PSV Eindhoven,Twente
footballcsv/cache.footballdata,https://raw.githubusercontent.com/footballcsv/cache.footballdata/f43a2aa0c65fb061c87e9541e7a567dd58ff933a/2019-20/nl.1.csv,f43a2aa0c65fb061c87e9541e7a567dd58ff933a,178,2026-09-04T07:11:47.171Z,Eredivisie,2019-20,2020-01-26,Vitesse,FC Emmen,1,1,D,1,0,H,,source_reported_FT,Vitesse,FC Emmen
footballcsv/cache.footballdata,https://raw.githubusercontent.com/footballcsv/cache.footballdata/f43a2aa0c65fb061c87e9541e7a567dd58ff933a/2019-20/nl.1.csv,f43a2aa0c65fb061c87e9541e7a567dd58ff933a,180,2026-09-04T07:11:47.171Z,Eredivisie,2019-20,2020-01-26,Willem II,Zwolle,0,0,D,0,0,D,,source_reported_FT,Willem II,Zwolle
footballcsv/cache.footballdata,https://raw.githubusercontent.com/footballcsv/cache.footballdata/f43a2aa0c65fb061c87e9541e7a567dd58ff933a/2019-20/nl.1.csv,f43a2aa0c65fb061c87e9541e7a567dd58ff933a,182,2026-09-04T07:11:47.171Z,Eredivisie,2019-20,2020-01-31,AZ Alkmaar,Waalwijk,4,0,H,2,0,H,,source_reported_FT,AZ Alkmaar,Waalwijk
footballcsv/cache.footballdata,https://raw.githubusercontent.com/footballcsv/cache.footballdata/f43a2aa0c65fb061c87e9541e7a567dd58ff933a/2019-20/nl.1.csv,f43a2aa0c65fb061c87e9541e7a567dd58ff933a,183,2026-09-04T07:11:47.171Z,Eredivisie,2019-20,2020-02-01,Den Haag,Vitesse,0,0,D,0,0,D,,source_reported_FT,Den Haag,Vitesse
footballcsv/cache.footballdata,https://raw.githubusercontent.com/footballcsv/cache.footballdata/f43a2aa0c65fb061c87e9541e7a567dd58ff933a/2019-20/nl.1.csv,f43a2aa0c65fb061c87e9541e7a567dd58ff933a,184,2026-09-04T07:11:47.171Z,Eredivisie,2019-20,2020-02-01,Feyenoord,FC Emmen,3,0,H,1,0,H,,source_reported_FT,Feyenoord,FC Emmen
footballcsv/cache.footballdata,https://raw.githubusercontent.com/footballcsv/cache.footballdata/f43a2aa0c65fb061c87e9541e7a567dd58ff933a/2019-20/nl.1.csv,f43a2aa0c65fb061c87e9541e7a567dd58ff933a,185,2026-09-04T07:11:47.171Z,Eredivisie,2019-20,2020-02-01,Twente,Sparta Rotterdam,2,0,H,0,0,D,,source_reported_FT,Twente,Sparta Rotterdam
footballcsv/cache.footballdata,https://raw.githubusercontent.com/footballcsv/cache.footballdata/f43a2aa0c65fb061c87e9541e7a567dd58ff933a/2019-20/nl.1.csv,f43a2aa0c65fb061c87e9541e7a567dd58ff933a,186,2026-09-04T07:11:47.171Z,Eredivisie,2019-20,2020-02-01,Zwolle,Groningen,1,0,H,1,0,H,,source_reported_FT,Zwolle,Groningen
footballcsv/cache.footballdata,https://raw.githubusercontent.com/footballcsv/cache.footballdata/f43a2aa0c65fb061c87e9541e7a567dd58ff933a/2019-20/nl.1.csv,f43a2aa0c65fb061c87e9541e7a567dd58ff933a,190,2026-09-04T07:11:47.171Z,Eredivisie,2019-20,2020-02-02,Ajax,PSV Eindhoven,1,0,H,1,0,H,,source_reported_FT,Ajax,PSV Eindhoven
footballcsv/cache.footballdata,https://raw.githubusercontent.com/footballcsv/cache.footballdata/f43a2aa0c65fb061c87e9541e7a567dd58ff933a/2019-20/nl.1.csv,f43a2aa0c65fb061c87e9541e7a567dd58ff933a,188,2026-09-04T07:11:47.171Z,Eredivisie,2019-20,2020-02-02,For Sittard,Heerenveen,2,1,H,1,1,D,,source_reported_FT,For Sittard,Heerenveen
footballcsv/cache.footballdata,https://raw.githubusercontent.com/footballcsv/cache.footballdata/f43a2aa0c65fb061c87e9541e7a567dd58ff933a/2019-20/nl.1.csv,f43a2aa0c65fb061c87e9541e7a567dd58ff933a,189,2026-09-04T07:11:47.171Z,Eredivisie,2019-20,2020-02-02,VVV Venlo,Utrecht,1,1,D,0,0,D,,source_reported_FT,VVV Venlo,Utrecht
footballcsv/cache.footballdata,https://raw.githubusercontent.com/footballcsv/cache.footballdata/f43a2aa0c65fb061c87e9541e7a567dd58ff933a/2019-20/nl.1.csv,f43a2aa0c65fb061c87e9541e7a567dd58ff933a,187,2026-09-04T07:11:47.171Z,Eredivisie,2019-20,2020-02-02,Willem II,Heracles,1,0,H,1,0,H,,source_reported_FT,Willem II,Heracles
footballcsv/cache.footballdata,https://raw.githubusercontent.com/footballcsv/cache.footballdata/f43a2aa0c65fb061c87e9541e7a567dd58ff933a/2019-20/nl.1.csv,f43a2aa0c65fb061c87e9541e7a567dd58ff933a,191,2026-09-04T07:11:47.171Z,Eredivisie,2019-20,2020-02-07,Heracles,For Sittard,2,0,H,1,0,H,,source_reported_FT,Heracles,For Sittard
footballcsv/cache.footballdata,https://raw.githubusercontent.com/footballcsv/cache.footballdata/f43a2aa0c65fb061c87e9541e7a567dd58ff933a/2019-20/nl.1.csv,f43a2aa0c65fb061c87e9541e7a567dd58ff933a,192,2026-09-04T07:11:47.171Z,Eredivisie,2019-20,2020-02-08,Groningen,Vitesse,1,0,H,1,0,H,,source_reported_FT,Groningen,Vitesse
footballcsv/cache.footballdata,https://raw.githubusercontent.com/footballcsv/cache.footballdata/f43a2aa0c65fb061c87e9541e7a567dd58ff933a/2019-20/nl.1.csv,f43a2aa0c65fb061c87e9541e7a567dd58ff933a,193,2026-09-04T07:11:47.171Z,Eredivisie,2019-20,2020-02-08,Heerenveen,VVV Venlo,1,1,D,0,0,D,,source_reported_FT,Heerenveen,VVV Venlo
footballcsv/cache.footballdata,https://raw.githubusercontent.com/footballcsv/cache.footballdata/f43a2aa0c65fb061c87e9541e7a567dd58ff933a/2019-20/nl.1.csv,f43a2aa0c65fb061c87e9541e7a567dd58ff933a,194,2026-09-04T07:11:47.171Z,Eredivisie,2019-20,2020-02-08,PSV Eindhoven,Willem II,3,0,H,1,0,H,,source_reported_FT,PSV Eindhoven,Willem II
footballcsv/cache.footballdata,https://raw.githubusercontent.com/footballcsv/cache.footballdata/f43a2aa0c65fb061c87e9541e7a567dd58ff933a/2019-20/nl.1.csv,f43a2aa0c65fb061c87e9541e7a567dd58ff933a,195,2026-09-04T07:11:47.171Z,Eredivisie,2019-20,2020-02-08,Waalwijk,Zwolle,0,0,D,0,0,D,,source_reported_FT,Waalwijk,Zwolle
footballcsv/cache.footballdata,https://raw.githubusercontent.com/footballcsv/cache.footballdata/f43a2aa0c65fb061c87e9541e7a567dd58ff933a/2019-20/nl.1.csv,f43a2aa0c65fb061c87e9541e7a567dd58ff933a,196,2026-09-04T07:11:47.171Z,Eredivisie,2019-20,2020-02-11,FC Emmen,Twente,2,0,H,1,0,H,,source_reported_FT,FC Emmen,Twente
footballcsv/cache.footballdata,https://raw.githubusercontent.com/footballcsv/cache.footballdata/f43a2aa0c65fb061c87e9541e7a567dd58ff933a/2019-20/nl.1.csv,f43a2aa0c65fb061c87e9541e7a567dd58ff933a,197,2026-09-04T07:11:47.171Z,Eredivisie,2019-20,2020-02-11,Sparta Rotterdam,Den Haag,4,2,H,3,1,H,,source_reported_FT,Sparta Rotterdam,Den Haag
footballcsv/cache.footballdata,https://raw.githubusercontent.com/footballcsv/cache.footballdata/f43a2aa0c65fb061c87e9541e7a567dd58ff933a/2019-20/nl.1.csv,f43a2aa0c65fb061c87e9541e7a567dd58ff933a,198,2026-09-04T07:11:47.171Z,Eredivisie,2019-20,2020-02-14,VVV Venlo,Heracles,1,0,H,1,0,H,,source_reported_FT,VVV Venlo,Heracles
footballcsv/cache.footballdata,https://raw.githubusercontent.com/footballcsv/cache.footballdata/f43a2aa0c65fb061c87e9541e7a567dd58ff933a/2019-20/nl.1.csv,f43a2aa0c65fb061c87e9541e7a567dd58ff933a,200,2026-09-04T07:11:47.171Z,Eredivisie,2019-20,2020-02-15,Den Haag,PSV Eindhoven,0,3,A,0,1,A,,source_reported_FT,Den Haag,PSV Eindhoven
footballcsv/cache.footballdata,https://raw.githubusercontent.com/footballcsv/cache.footballdata/f43a2aa0c65fb061c87e9541e7a567dd58ff933a/2019-20/nl.1.csv,f43a2aa0c65fb061c87e9541e7a567dd58ff933a,201,2026-09-04T07:11:47.171Z,Eredivisie,2019-20,2020-02-15,For Sittard,FC Emmen,0,0,D,0,0,D,,source_reported_FT,For Sittard,FC Emmen
footballcsv/cache.footballdata,https://raw.githubusercontent.com/footballcsv/cache.footballdata/f43a2aa0c65fb061c87e9541e7a567dd58ff933a/2019-20/nl.1.csv,f43a2aa0c65fb061c87e9541e7a567dd58ff933a,199,2026-09-04T07:11:47.171Z,Eredivisie,2019-20,2020-02-15,Twente,AZ Alkmaar,2,0,H,2,0,H,,source_reported_FT,Twente,AZ Alkmaar
footballcsv/cache.footballdata,https://raw.githubusercontent.com/footballcsv/cache.footballdata/f43a2aa0c65fb061c87e9541e7a567dd58ff933a/2019-20/nl.1.csv,f43a2aa0c65fb061c87e9541e7a567dd58ff933a,203,2026-09-04T07:11:47.171Z,Eredivisie,2019-20,2020-02-16,Ajax,Waalwijk,3,0,H,1,0,H,,source_reported_FT,Ajax,Waalwijk
footballcsv/cache.footballdata,https://raw.githubusercontent.com/footballcsv/cache.footballdata/f43a2aa0c65fb061c87e9541e7a567dd58ff933a/2019-20/nl.1.csv,f43a2aa0c65fb061c87e9541e7a567dd58ff933a,204,2026-09-04T07:11:47.171Z,Eredivisie,2019-20,2020-02-16,Sparta Rotterdam,Groningen,1,2,A,0,2,A,,source_reported_FT,Sparta Rotterdam,Groningen
footballcsv/cache.footballdata,https://raw.githubusercontent.com/footballcsv/cache.footballdata/f43a2aa0c65fb061c87e9541e7a567dd58ff933a/2019-20/nl.1.csv,f43a2aa0c65fb061c87e9541e7a567dd58ff933a,202,2026-09-04T07:11:47.171Z,Eredivisie,2019-20,2020-02-16,Vitesse,Heerenveen,4,2,H,2,2,D,,source_reported_FT,Vitesse,Heerenveen
footballcsv/cache.footballdata,https://raw.githubusercontent.com/footballcsv/cache.footballdata/f43a2aa0c65fb061c87e9541e7a567dd58ff933a/2019-20/nl.1.csv,f43a2aa0c65fb061c87e9541e7a567dd58ff933a,205,2026-09-04T07:11:47.171Z,Eredivisie,2019-20,2020-02-16,Willem II,Utrecht,1,1,D,0,1,A,,source_reported_FT,Willem II,Utrecht
footballcsv/cache.footballdata,https://raw.githubusercontent.com/footballcsv/cache.footballdata/f43a2aa0c65fb061c87e9541e7a567dd58ff933a/2019-20/nl.1.csv,f43a2aa0c65fb061c87e9541e7a567dd58ff933a,206,2026-09-04T07:11:47.171Z,Eredivisie,2019-20,2020-02-16,Zwolle,Feyenoord,3,4,A,2,1,H,,source_reported_FT,Zwolle,Feyenoord
footballcsv/cache.footballdata,https://raw.githubusercontent.com/footballcsv/cache.footballdata/f43a2aa0c65fb061c87e9541e7a567dd58ff933a/2019-20/nl.1.csv,f43a2aa0c65fb061c87e9541e7a567dd58ff933a,207,2026-09-04T07:11:47.171Z,Eredivisie,2019-20,2020-02-21,Waalwijk,Sparta Rotterdam,0,1,A,0,1,A,,source_reported_FT,Waalwijk,Sparta Rotterdam
footballcsv/cache.footballdata,https://raw.githubusercontent.com/footballcsv/cache.footballdata/f43a2aa0c65fb061c87e9541e7a567dd58ff933a/2019-20/nl.1.csv,f43a2aa0c65fb061c87e9541e7a567dd58ff933a,208,2026-09-04T07:11:47.171Z,Eredivisie,2019-20,2020-02-22,FC Emmen,Willem II,4,2,H,1,0,H,,source_reported_FT,FC Emmen,Willem II
footballcsv/cache.footballdata,https://raw.githubusercontent.com/footballcsv/cache.footballdata/f43a2aa0c65fb061c87e9541e7a567dd58ff933a/2019-20/nl.1.csv,f43a2aa0c65fb061c87e9541e7a567dd58ff933a,209,2026-09-04T07:11:47.171Z,Eredivisie,2019-20,2020-02-22,Feyenoord,For Sittard,2,1,H,0,0,D,,source_reported_FT,Feyenoord,For Sittard
footballcsv/cache.footballdata,https://raw.githubusercontent.com/footballcsv/cache.footballdata/f43a2aa0c65fb061c87e9541e7a567dd58ff933a/2019-20/nl.1.csv,f43a2aa0c65fb061c87e9541e7a567dd58ff933a,211,2026-09-04T07:11:47.171Z,Eredivisie,2019-20,2020-02-22,Groningen,VVV Venlo,0,1,A,0,0,D,,source_reported_FT,Groningen,VVV Venlo
footballcsv/cache.footballdata,https://raw.githubusercontent.com/footballcsv/cache.footballdata/f43a2aa0c65fb061c87e9541e7a567dd58ff933a/2019-20/nl.1.csv,f43a2aa0c65fb061c87e9541e7a567dd58ff933a,210,2026-09-04T07:11:47.171Z,Eredivisie,2019-20,2020-02-22,Heerenveen,Den Haag,2,2,D,1,2,A,,source_reported_FT,Heerenveen,Den Haag
footballcsv/cache.footballdata,https://raw.githubusercontent.com/footballcsv/cache.footballdata/f43a2aa0c65fb061c87e9541e7a567dd58ff933a/2019-20/nl.1.csv,f43a2aa0c65fb061c87e9541e7a567dd58ff933a,213,2026-09-04T07:11:47.171Z,Eredivisie,2019-20,2020-02-23,AZ Alkmaar,Zwolle,2,0,H,0,0,D,,source_reported_FT,AZ Alkmaar,Zwolle
footballcsv/cache.footballdata,https://raw.githubusercontent.com/footballcsv/cache.footballdata/f43a2aa0c65fb061c87e9541e7a567dd58ff933a/2019-20/nl.1.csv,f43a2aa0c65fb061c87e9541e7a567dd58ff933a,215,2026-09-04T07:11:47.171Z,Eredivisie,2019-20,2020-02-23,Heracles,Ajax,1,0,H,0,0,D,,source_reported_FT,Heracles,Ajax
footballcsv/cache.footballdata,https://raw.githubusercontent.com/footballcsv/cache.footballdata/f43a2aa0c65fb061c87e9541e7a567dd58ff933a/2019-20/nl.1.csv,f43a2aa0c65fb061c87e9541e7a567dd58ff933a,212,2026-09-04T07:11:47.171Z,Eredivisie,2019-20,2020-02-23,Utrecht,Twente,2,1,H,0,0,D,,source_reported_FT,Utrecht,Twente
footballcsv/cache.footballdata,https://raw.githubusercontent.com/footballcsv/cache.footballdata/f43a2aa0c65fb061c87e9541e7a567dd58ff933a/2019-20/nl.1.csv,f43a2aa0c65fb061c87e9541e7a567dd58ff933a,214,2026-09-04T07:11:47.171Z,Eredivisie,2019-20,2020-02-23,Vitesse,PSV Eindhoven,1,2,A,0,0,D,,source_reported_FT,Vitesse,PSV Eindhoven
footballcsv/cache.footballdata,https://raw.githubusercontent.com/footballcsv/cache.footballdata/f43a2aa0c65fb061c87e9541e7a567dd58ff933a/2019-20/nl.1.csv,f43a2aa0c65fb061c87e9541e7a567dd58ff933a,216,2026-09-04T07:11:47.171Z,Eredivisie,2019-20,2020-02-28,Willem II,Groningen,3,1,H,2,0,H,,source_reported_FT,Willem II,Groningen
footballcsv/cache.footballdata,https://raw.githubusercontent.com/footballcsv/cache.footballdata/f43a2aa0c65fb061c87e9541e7a567dd58ff933a/2019-20/nl.1.csv,f43a2aa0c65fb061c87e9541e7a567dd58ff933a,217,2026-09-04T07:11:47.171Z,Eredivisie,2019-20,2020-02-29,Den Haag,Heracles,0,0,D,0,0,D,,source_reported_FT,Den Haag,Heracles
footballcsv/cache.footballdata,https://raw.githubusercontent.com/footballcsv/cache.footballdata/f43a2aa0c65fb061c87e9541e7a567dd58ff933a/2019-20/nl.1.csv,f43a2aa0c65fb061c87e9541e7a567dd58ff933a,220,2026-09-04T07:11:47.171Z,Eredivisie,2019-20,2020-02-29,Twente,Heerenveen,2,3,A,0,1,A,,source_reported_FT,Twente,Heerenveen
footballcsv/cache.footballdata,https://raw.githubusercontent.com/footballcsv/cache.footballdata/f43a2aa0c65fb061c87e9541e7a567dd58ff933a/2019-20/nl.1.csv,f43a2aa0c65fb061c87e9541e7a567dd58ff933a,218,2026-09-04T07:11:47.171Z,Eredivisie,2019-20,2020-02-29,VVV Venlo,For Sittard,0,0,D,0,0,D,,source_reported_FT,VVV Venlo,For Sittard
footballcsv/cache.footballdata,https://raw.githubusercontent.com/footballcsv/cache.footballdata/f43a2aa0c65fb061c87e9541e7a567dd58ff933a/2019-20/nl.1.csv,f43a2aa0c65fb061c87e9541e7a567dd58ff933a,219,2026-09-04T07:11:47.171Z,Eredivisie,2019-20,2020-02-29,Zwolle,Vitesse,4,3,H,1,2,A,,source_reported_FT,Zwolle,Vitesse
footballcsv/cache.footballdata,https://raw.githubusercontent.com/footballcsv/cache.footballdata/f43a2aa0c65fb061c87e9541e7a567dd58ff933a/2019-20/nl.1.csv,f43a2aa0c65fb061c87e9541e7a567dd58ff933a,224,2026-09-04T07:11:47.171Z,Eredivisie,2019-20,2020-03-01,Ajax,AZ Alkmaar,0,2,A,0,1,A,,source_reported_FT,Ajax,AZ Alkmaar
footballcsv/cache.footballdata,https://raw.githubusercontent.com/footballcsv/cache.footballdata/f43a2aa0c65fb061c87e9541e7a567dd58ff933a/2019-20/nl.1.csv,f43a2aa0c65fb061c87e9541e7a567dd58ff933a,222,2026-09-04T07:11:47.171Z,Eredivisie,2019-20,2020-03-01,PSV Eindhoven,Feyenoord,1,1,D,0,1,A,,source_reported_FT,PSV Eindhoven,Feyenoord
footballcsv/cache.footballdata,https://raw.githubusercontent.com/footballcsv/cache.footballdata/f43a2aa0c65fb061c87e9541e7a567dd58ff933a/2019-20/nl.1.csv,f43a2aa0c65fb061c87e9541e7a567dd58ff933a,223,2026-09-04T07:11:47.171Z,Eredivisie,2019-20,2020-03-01,Sparta Rotterdam,FC Emmen,5,1,H,3,0,H,,source_reported_FT,Sparta Rotterdam,FC Emmen
footballcsv/cache.footballdata,https://raw.githubusercontent.com/footballcsv/cache.footballdata/f43a2aa0c65fb061c87e9541e7a567dd58ff933a/2019-20/nl.1.csv,f43a2aa0c65fb061c87e9541e7a567dd58ff933a,221,2026-09-04T07:11:47.171Z,Eredivisie,2019-20,2020-03-01,Waalwijk,Utrecht,2,1,H,0,1,A,,source_reported_FT,Waalwijk,Utrecht
footballcsv/cache.footballdata,https://raw.githubusercontent.com/footballcsv/cache.footballdata/f43a2aa0c65fb061c87e9541e7a567dd58ff933a/2019-20/nl.1.csv,f43a2aa0c65fb061c87e9541e7a567dd58ff933a,225,2026-09-04T07:11:47.171Z,Eredivisie,2019-20,2020-03-06,For Sittard,Zwolle,1,1,D,0,0,D,,source_reported_FT,For Sittard,Zwolle
footballcsv/cache.footballdata,https://raw.githubusercontent.com/footballcsv/cache.footballdata/f43a2aa0c65fb061c87e9541e7a567dd58ff933a/2019-20/nl.1.csv,f43a2aa0c65fb061c87e9541e7a567dd58ff933a,226,2026-09-04T07:11:47.171Z,Eredivisie,2019-20,2020-03-07,AZ Alkmaar,Den Haag,4,0,H,2,0,H,,source_reported_FT,AZ Alkmaar,Den Haag
footballcsv/cache.footballdata,https://raw.githubusercontent.com/footballcsv/cache.footballdata/f43a2aa0c65fb061c87e9541e7a567dd58ff933a/2019-20/nl.1.csv,f43a2aa0c65fb061c87e9541e7a567dd58ff933a,227,2026-09-04T07:11:47.171Z,Eredivisie,2019-20,2020-03-07,FC Emmen,VVV Venlo,3,0,H,0,0,D,,source_reported_FT,FC Emmen,VVV Venlo
footballcsv/cache.footballdata,https://raw.githubusercontent.com/footballcsv/cache.footballdata/f43a2aa0c65fb061c87e9541e7a567dd58ff933a/2019-20/nl.1.csv,f43a2aa0c65fb061c87e9541e7a567dd58ff933a,229,2026-09-04T07:11:47.171Z,Eredivisie,2019-20,2020-03-07,Heerenveen,Ajax,1,3,A,0,0,D,,source_reported_FT,Heerenveen,Ajax
footballcsv/cache.footballdata,https://raw.githubusercontent.com/footballcsv/cache.footballdata/f43a2aa0c65fb061c87e9541e7a567dd58ff933a/2019-20/nl.1.csv,f43a2aa0c65fb061c87e9541e7a567dd58ff933a,228,2026-09-04T07:11:47.171Z,Eredivisie,2019-20,2020-03-07,Vitesse,Twente,1,0,H,0,0,D,,source_reported_FT,Vitesse,Twente
footballcsv/cache.footballdata,https://raw.githubusercontent.com/footballcsv/cache.footballdata/f43a2aa0c65fb061c87e9541e7a567dd58ff933a/2019-20/nl.1.csv,f43a2aa0c65fb061c87e9541e7a567dd58ff933a,231,2026-09-04T07:11:47.171Z,Eredivisie,2019-20,2020-03-08,Feyenoord,Willem II,2,0,H,2,0,H,,source_reported_FT,Feyenoord,Willem II
footballcsv/cache.footballdata,https://raw.githubusercontent.com/footballcsv/cache.footballdata/f43a2aa0c65fb061c87e9541e7a567dd58ff933a/2019-20/nl.1.csv,f43a2aa0c65fb061c87e9541e7a567dd58ff933a,233,2026-09-04T07:11:47.171Z,Eredivisie,2019-20,2020-03-08,Groningen,PSV Eindhoven,0,1,A,0,1,A,,source_reported_FT,Groningen,PSV Eindhoven
footballcsv/cache.footballdata,https://raw.githubusercontent.com/footballcsv/cache.footballdata/f43a2aa0c65fb061c87e9541e7a567dd58ff933a/2019-20/nl.1.csv,f43a2aa0c65fb061c87e9541e7a567dd58ff933a,232,2026-09-04T07:11:47.171Z,Eredivisie,2019-20,2020-03-08,Heracles,Waalwijk,4,2,H,2,2,D,,source_reported_FT,Heracles,Waalwijk
footballcsv/cache.footballdata,https://raw.githubusercontent.com/footballcsv/cache.footballdata/f43a2aa0c65fb061c87e9541e7a567dd58ff933a/2019-20/nl.1.csv,f43a2aa0c65fb061c87e9541e7a567dd58ff933a,230,2026-09-04T07:11:47.171Z,Eredivisie,2019-20,2020-03-08,Utrecht,Sparta Rotterdam,5,1,H,1,0,H,,source_reported_FT,Utrecht,Sparta Rotterdam
footballcsv/cache.footballdata,https://raw.githubusercontent.com/footballcsv/cache.footballdata/f43a2aa0c65fb061c87e9541e7a567dd58ff933a/2020-21/nl.1.csv,f43a2aa0c65fb061c87e9541e7a567dd58ff933a,2,2026-09-04T07:11:54.645Z,Eredivisie,2020-21,2020-09-12,Heerenveen,Willem II,2,0,H,1,0,H,,source_reported_FT,Heerenveen,Willem II
footballcsv/cache.footballdata,https://raw.githubusercontent.com/footballcsv/cache.footballdata/f43a2aa0c65fb061c87e9541e7a567dd58ff933a/2020-21/nl.1.csv,f43a2aa0c65fb061c87e9541e7a567dd58ff933a,4,2026-09-04T07:11:54.645Z,Eredivisie,2020-21,2020-09-12,Twente,For Sittard,2,0,H,1,0,H,,source_reported_FT,Twente,For Sittard
footballcsv/cache.footballdata,https://raw.githubusercontent.com/footballcsv/cache.footballdata/f43a2aa0c65fb061c87e9541e7a567dd58ff933a/2020-21/nl.1.csv,f43a2aa0c65fb061c87e9541e7a567dd58ff933a,3,2026-09-04T07:11:54.645Z,Eredivisie,2020-21,2020-09-12,Zwolle,Feyenoord,0,2,A,0,1,A,,source_reported_FT,Zwolle,Feyenoord
footballcsv/cache.footballdata,https://raw.githubusercontent.com/footballcsv/cache.footballdata/f43a2aa0c65fb061c87e9541e7a567dd58ff933a/2020-21/nl.1.csv,f43a2aa0c65fb061c87e9541e7a567dd58ff933a,5,2026-09-04T07:11:54.645Z,Eredivisie,2020-21,2020-09-13,FC Emmen,VVV Venlo,3,5,A,1,0,H,,source_reported_FT,FC Emmen,VVV Venlo
footballcsv/cache.footballdata,https://raw.githubusercontent.com/footballcsv/cache.footballdata/f43a2aa0c65fb061c87e9541e7a567dd58ff933a/2020-21/nl.1.csv,f43a2aa0c65fb061c87e9541e7a567dd58ff933a,8,2026-09-04T07:11:54.645Z,Eredivisie,2020-21,2020-09-13,Groningen,PSV Eindhoven,1,3,A,0,1,A,,source_reported_FT,Groningen,PSV Eindhoven
footballcsv/cache.footballdata,https://raw.githubusercontent.com/footballcsv/cache.footballdata/f43a2aa0c65fb061c87e9541e7a567dd58ff933a/2020-21/nl.1.csv,f43a2aa0c65fb061c87e9541e7a567dd58ff933a,6,2026-09-04T07:11:54.645Z,Eredivisie,2020-21,2020-09-13,Heracles,Den Haag,2,0,H,0,0,D,,source_reported_FT,Heracles,Den Haag
footballcsv/cache.footballdata,https://raw.githubusercontent.com/footballcsv/cache.footballdata/f43a2aa0c65fb061c87e9541e7a567dd58ff933a/2020-21/nl.1.csv,f43a2aa0c65fb061c87e9541e7a567dd58ff933a,7,2026-09-04T07:11:54.645Z,Eredivisie,2020-21,2020-09-13,Sparta Rotterdam,Ajax,0,1,A,0,1,A,,source_reported_FT,Sparta Rotterdam,Ajax
footballcsv/cache.footballdata,https://raw.githubusercontent.com/footballcsv/cache.footballdata/f43a2aa0c65fb061c87e9541e7a567dd58ff933a/2020-21/nl.1.csv,f43a2aa0c65fb061c87e9541e7a567dd58ff933a,9,2026-09-04T07:11:54.645Z,Eredivisie,2020-21,2020-09-13,Waalwijk,Vitesse,0,1,A,0,1,A,,source_reported_FT,Waalwijk,Vitesse
footballcsv/cache.footballdata,https://raw.githubusercontent.com/footballcsv/cache.footballdata/f43a2aa0c65fb061c87e9541e7a567dd58ff933a/2020-21/nl.1.csv,f43a2aa0c65fb061c87e9541e7a567dd58ff933a,10,2026-09-04T07:11:54.645Z,Eredivisie,2020-21,2020-09-18,VVV Venlo,Utrecht,1,1,D,1,0,H,,source_reported_FT,VVV Venlo,Utrecht
footballcsv/cache.footballdata,https://raw.githubusercontent.com/footballcsv/cache.footballdata/f43a2aa0c65fb061c87e9541e7a567dd58ff933a/2020-21/nl.1.csv,f43a2aa0c65fb061c87e9541e7a567dd58ff933a,11,2026-09-04T07:11:54.645Z,Eredivisie,2020-21,2020-09-19,AZ Alkmaar,Zwolle,1,1,D,0,1,A,,source_reported_FT,AZ Alkmaar,Zwolle
footballcsv/cache.footballdata,https://raw.githubusercontent.com/footballcsv/cache.footballdata/f43a2aa0c65fb061c87e9541e7a567dd58ff933a/2020-21/nl.1.csv,f43a2aa0c65fb061c87e9541e7a567dd58ff933a,14,2026-09-04T07:11:54.645Z,Eredivisie,2020-21,2020-09-19,For Sittard,Heerenveen,1,3,A,0,3,A,,source_reported_FT,For Sittard,Heerenveen
footballcsv/cache.footballdata,https://raw.githubusercontent.com/footballcsv/cache.footballdata/f43a2aa0c65fb061c87e9541e7a567dd58ff933a/2020-21/nl.1.csv,f43a2aa0c65fb061c87e9541e7a567dd58ff933a,13,2026-09-04T07:11:54.645Z,Eredivisie,2020-21,2020-09-19,PSV Eindhoven,FC Emmen,2,1,H,1,0,H,,source_reported_FT,PSV Eindhoven,FC Emmen
footballcsv/cache.footballdata,https://raw.githubusercontent.com/footballcsv/cache.footballdata/f43a2aa0c65fb061c87e9541e7a567dd58ff933a/2020-21/nl.1.csv,f43a2aa0c65fb061c87e9541e7a567dd58ff933a,12,2026-09-04T07:11:54.645Z,Eredivisie,2020-21,2020-09-19,Vitesse,Sparta Rotterdam,2,0,H,1,0,H,,source_reported_FT,Vitesse,Sparta Rotterdam
footballcsv/cache.footballdata,https://raw.githubusercontent.com/footballcsv/cache.footballdata/f43a2aa0c65fb061c87e9541e7a567dd58ff933a/2020-21/nl.1.csv,f43a2aa0c65fb061c87e9541e7a567dd58ff933a,18,2026-09-04T07:11:54.645Z,Eredivisie,2020-21,2020-09-20,Ajax,Waalwijk,3,0,H,2,0,H,,source_reported_FT,Ajax,Waalwijk
footballcsv/cache.footballdata,https://raw.githubusercontent.com/footballcsv/cache.footballdata/f43a2aa0c65fb061c87e9541e7a567dd58ff933a/2020-21/nl.1.csv,f43a2aa0c65fb061c87e9541e7a567dd58ff933a,15,2026-09-04T07:11:54.645Z,Eredivisie,2020-21,2020-09-20,Den Haag,Groningen,0,1,A,0,1,A,,source_reported_FT,Den Haag,Groningen
footballcsv/cache.footballdata,https://raw.githubusercontent.com/footballcsv/cache.footballdata/f43a2aa0c65fb061c87e9541e7a567dd58ff933a/2020-21/nl.1.csv,f43a2aa0c65fb061c87e9541e7a567dd58ff933a,16,2026-09-04T07:11:54.645Z,Eredivisie,2020-21,2020-09-20,Feyenoord,Twente,1,1,D,1,1,D,,source_reported_FT,Feyenoord,Twente
footballcsv/cache.footballdata,https://raw.githubusercontent.com/footballcsv/cache.footballdata/f43a2aa0c65fb061c87e9541e7a567dd58ff933a/2020-21/nl.1.csv,f43a2aa0c65fb061c87e9541e7a567dd58ff933a,17,2026-09-04T07:11:54.645Z,Eredivisie,2020-21,2020-09-20,Willem II,Heracles,4,0,H,0,0,D,,source_reported_FT,Willem II,Heracles
footballcsv/cache.footballdata,https://raw.githubusercontent.com/footballcsv/cache.footballdata/f43a2aa0c65fb061c87e9541e7a567dd58ff933a/2020-21/nl.1.csv,f43a2aa0c65fb061c87e9541e7a567dd58ff933a,19,2026-09-04T07:11:54.645Z,Eredivisie,2020-21,2020-09-25,Twente,Groningen,3,1,H,2,0,H,,source_reported_FT,Twente,Groningen
footballcsv/cache.footballdata,https://raw.githubusercontent.com/footballcsv/cache.footballdata/f43a2aa0c65fb061c87e9541e7a567dd58ff933a/2020-21/nl.1.csv,f43a2aa0c65fb061c87e9541e7a567dd58ff933a,23,2026-09-04T07:11:54.645Z,Eredivisie,2020-21,2020-09-26,Ajax,Vitesse,2,1,H,1,0,H,,source_reported_FT,Ajax,Vitesse
footballcsv/cache.footballdata,https://raw.githubusercontent.com/footballcsv/cache.footballdata/f43a2aa0c65fb061c87e9541e7a567dd58ff933a/2020-21/nl.1.csv,f43a2aa0c65fb061c87e9541e7a567dd58ff933a,21,2026-09-04T07:11:54.645Z,Eredivisie,2020-21,2020-09-26,For Sittard,AZ Alkmaar,3,3,D,1,1,D,,source_reported_FT,For Sittard,AZ Alkmaar
footballcsv/cache.footballdata,https://raw.githubusercontent.com/footballcsv/cache.footballdata/f43a2aa0c65fb061c87e9541e7a567dd58ff933a/2020-21/nl.1.csv,f43a2aa0c65fb061c87e9541e7a567dd58ff933a,22,2026-09-04T07:11:54.645Z,Eredivisie,2020-21,2020-09-26,Heerenveen,VVV Venlo,1,0,H,1,0,H,,source_reported_FT,Heerenveen,VVV Venlo
footballcsv/cache.footballdata,https://raw.githubusercontent.com/footballcsv/cache.footballdata/f43a2aa0c65fb061c87e9541e7a567dd58ff933a/2020-21/nl.1.csv,f43a2aa0c65fb061c87e9541e7a567dd58ff933a,20,2026-09-04T07:11:54.645Z,Eredivisie,2020-21,2020-09-26,Zwolle,Sparta Rotterdam,4,0,H,1,0,H,,source_reported_FT,Zwolle,Sparta Rotterdam
footballcsv/cache.footballdata,https://raw.githubusercontent.com/footballcsv/cache.footballdata/f43a2aa0c65fb061c87e9541e7a567dd58ff933a/2020-21/nl.1.csv,f43a2aa0c65fb061c87e9541e7a567dd58ff933a,26,2026-09-04T07:11:54.645Z,Eredivisie,2020-21,2020-09-27,FC Emmen,Willem II,1,1,D,1,1,D,,source_reported_FT,FC Emmen,Willem II
footballcsv/cache.footballdata,https://raw.githubusercontent.com/footballcsv/cache.footballdata/f43a2aa0c65fb061c87e9541e7a567dd58ff933a/2020-21/nl.1.csv,f43a2aa0c65fb061c87e9541e7a567dd58ff933a,24,2026-09-04T07:11:54.645Z,Eredivisie,2020-21,2020-09-27,Feyenoord,Den Haag,4,2,H,1,1,D,,source_reported_FT,Feyenoord,Den Haag
footballcsv/cache.footballdata,https://raw.githubusercontent.com/footballcsv/cache.footballdata/f43a2aa0c65fb061c87e9541e7a567dd58ff933a/2020-21/nl.1.csv,f43a2aa0c65fb061c87e9541e7a567dd58ff933a,27,2026-09-04T07:11:54.645Z,Eredivisie,2020-21,2020-09-27,Heracles,PSV Eindhoven,1,1,D,1,0,H,,source_reported_FT,Heracles,PSV Eindhoven
footballcsv/cache.footballdata,https://raw.githubusercontent.com/footballcsv/cache.footballdata/f43a2aa0c65fb061c87e9541e7a567dd58ff933a/2020-21/nl.1.csv,f43a2aa0c65fb061c87e9541e7a567dd58ff933a,25,2026-09-04T07:11:54.645Z,Eredivisie,2020-21,2020-09-27,Utrecht,Waalwijk,3,1,H,1,0,H,,source_reported_FT,Utrecht,Waalwijk
footballcsv/cache.footballdata,https://raw.githubusercontent.com/footballcsv/cache.footballdata/f43a2aa0c65fb061c87e9541e7a567dd58ff933a/2020-21/nl.1.csv,f43a2aa0c65fb061c87e9541e7a567dd58ff933a,28,2026-09-04T07:11:54.645Z,Eredivisie,2020-21,2020-10-02,Utrecht,Heerenveen,1,1,D,1,1,D,,source_reported_FT,Utrecht,Heerenveen
footballcsv/cache.footballdata,https://raw.githubusercontent.com/footballcsv/cache.footballdata/f43a2aa0c65fb061c87e9541e7a567dd58ff933a/2020-21/nl.1.csv,f43a2aa0c65fb061c87e9541e7a567dd58ff933a,31,2026-09-04T07:11:54.645Z,Eredivisie,2020-21,2020-10-03,Twente,FC Emmen,1,1,D,0,0,D,,source_reported_FT,Twente,FC Emmen
footballcsv/cache.footballdata,https://raw.githubusercontent.com/footballcsv/cache.footballdata/f43a2aa0c65fb061c87e9541e7a567dd58ff933a/2020-21/nl.1.csv,f43a2aa0c65fb061c87e9541e7a567dd58ff933a,30,2026-09-04T07:11:54.645Z,Eredivisie,2020-21,2020-10-03,VVV Venlo,Den Haag,1,2,A,1,1,D,,source_reported_FT,VVV Venlo,Den Haag
footballcsv/cache.footballdata,https://raw.githubusercontent.com/footballcsv/cache.footballdata/f43a2aa0c65fb061c87e9541e7a567dd58ff933a/2020-21/nl.1.csv,f43a2aa0c65fb061c87e9541e7a567dd58ff933a,29,2026-09-04T07:11:54.645Z,Eredivisie,2020-21,2020-10-03,Vitesse,Heracles,3,0,H,2,0,H,,source_reported_FT,Vitesse,Heracles
footballcsv/cache.footballdata,https://raw.githubusercontent.com/footballcsv/cache.footballdata/f43a2aa0c65fb061c87e9541e7a567dd58ff933a/2020-21/nl.1.csv,f43a2aa0c65fb061c87e9541e7a567dd58ff933a,32,2026-09-04T07:11:54.645Z,Eredivisie,2020-21,2020-10-04,Groningen,Ajax,1,0,H,0,0,D,,source_reported_FT,Groningen,Ajax
footballcsv/cache.footballdata,https://raw.githubusercontent.com/footballcsv/cache.footballdata/f43a2aa0c65fb061c87e9541e7a567dd58ff933a/2020-21/nl.1.csv,f43a2aa0c65fb061c87e9541e7a567dd58ff933a,35,2026-09-04T07:11:54.645Z,Eredivisie,2020-21,2020-10-04,PSV Eindhoven,For Sittard,2,0,H,1,0,H,,source_reported_FT,PSV Eindhoven,For Sittard
footballcsv/cache.footballdata,https://raw.githubusercontent.com/footballcsv/cache.footballdata/f43a2aa0c65fb061c87e9541e7a567dd58ff933a/2020-21/nl.1.csv,f43a2aa0c65fb061c87e9541e7a567dd58ff933a,33,2026-09-04T07:11:54.645Z,Eredivisie,2020-21,2020-10-04,Sparta Rotterdam,AZ Alkmaar,4,4,D,0,4,A,,source_reported_FT,Sparta Rotterdam,AZ Alkmaar
footballcsv/cache.footballdata,https://raw.githubusercontent.com/footballcsv/cache.footballdata/f43a2aa0c65fb061c87e9541e7a567dd58ff933a/2020-21/nl.1.csv,f43a2aa0c65fb061c87e9541e7a567dd58ff933a,34,2026-09-04T07:11:54.645Z,Eredivisie,2020-21,2020-10-04,Willem II,Feyenoord,1,4,A,1,1,D,,source_reported_FT,Willem II,Feyenoord
footballcsv/cache.footballdata,https://raw.githubusercontent.com/footballcsv/cache.footballdata/f43a2aa0c65fb061c87e9541e7a567dd58ff933a/2020-21/nl.1.csv,f43a2aa0c65fb061c87e9541e7a567dd58ff933a,37,2026-09-04T07:11:54.645Z,Eredivisie,2020-21,2020-10-17,AZ Alkmaar,VVV Venlo,2,2,D,2,0,H,,source_reported_FT,AZ Alkmaar,VVV Venlo
footballcsv/cache.footballdata,https://raw.githubusercontent.com/footballcsv/cache.footballdata/f43a2aa0c65fb061c87e9541e7a567dd58ff933a/2020-21/nl.1.csv,f43a2aa0c65fb061c87e9541e7a567dd58ff933a,36,2026-09-04T07:11:54.645Z,Eredivisie,2020-21,2020-10-17,Heracles,Waalwijk,0,1,A,0,1,A,,source_reported_FT,Heracles,Waalwijk
footballcsv/cache.footballdata,https://raw.githubusercontent.com/footballcsv/cache.footballdata/f43a2aa0c65fb061c87e9541e7a567dd58ff933a/2020-21/nl.1.csv,f43a2aa0c65fb061c87e9541e7a567dd58ff933a,38,2026-09-04T07:11:54.645Z,Eredivisie,2020-21,2020-10-17,Willem II,Twente,0,3,A,0,1,A,,source_reported_FT,Willem II,Twente
footballcsv/cache.footballdata,https://raw.githubusercontent.com/footballcsv/cache.footballdata/f43a2aa0c65fb061c87e9541e7a567dd58ff933a/2020-21/nl.1.csv,f43a2aa0c65fb061c87e9541e7a567dd58ff933a,40,2026-09-04T07:11:54.645Z,Eredivisie,2020-21,2020-10-18,Ajax,Heerenveen,5,1,H,3,0,H,,source_reported_FT,Ajax,Heerenveen
footballcsv/cache.footballdata,https://raw.githubusercontent.com/footballcsv/cache.footballdata/f43a2aa0c65fb061c87e9541e7a567dd58ff933a/2020-21/nl.1.csv,f43a2aa0c65fb061c87e9541e7a567dd58ff933a,41,2026-09-04T07:11:54.645Z,Eredivisie,2020-21,2020-10-18,Den Haag,Vitesse,0,2,A,0,1,A,,source_reported_FT,Den Haag,Vitesse
footballcsv/cache.footballdata,https://raw.githubusercontent.com/footballcsv/cache.footballdata/f43a2aa0c65fb061c87e9541e7a567dd58ff933a/2020-21/nl.1.csv,f43a2aa0c65fb061c87e9541e7a567dd58ff933a,44,2026-09-04T07:11:54.645Z,Eredivisie,2020-21,2020-10-18,FC Emmen,For Sittard,2,2,D,0,2,A,,source_reported_FT,FC Emmen,For Sittard
footballcsv/cache.footballdata,https://raw.githubusercontent.com/footballcsv/cache.footballdata/f43a2aa0c65fb061c87e9541e7a567dd58ff933a/2020-21/nl.1.csv,f43a2aa0c65fb061c87e9541e7a567dd58ff933a,39,2026-09-04T07:11:54.645Z,Eredivisie,2020-21,2020-10-18,Feyenoord,Sparta Rotterdam,1,1,D,1,0,H,,source_reported_FT,Feyenoord,Sparta Rotterdam
footballcsv/cache.footballdata,https://raw.githubusercontent.com/footballcsv/cache.footballdata/f43a2aa0c65fb061c87e9541e7a567dd58ff933a/2020-21/nl.1.csv,f43a2aa0c65fb061c87e9541e7a567dd58ff933a,42,2026-09-04T07:11:54.645Z,Eredivisie,2020-21,2020-10-18,Groningen,Utrecht,0,0,D,0,0,D,,source_reported_FT,Groningen,Utrecht
footballcsv/cache.footballdata,https://raw.githubusercontent.com/footballcsv/cache.footballdata/f43a2aa0c65fb061c87e9541e7a567dd58ff933a/2020-21/nl.1.csv,f43a2aa0c65fb061c87e9541e7a567dd58ff933a,43,2026-09-04T07:11:54.645Z,Eredivisie,2020-21,2020-10-18,Zwolle,PSV Eindhoven,0,3,A,0,3,A,,source_reported_FT,Zwolle,PSV Eindhoven
footballcsv/cache.footballdata,https://raw.githubusercontent.com/footballcsv/cache.footballdata/f43a2aa0c65fb061c87e9541e7a567dd58ff933a/2020-21/nl.1.csv,f43a2aa0c65fb061c87e9541e7a567dd58ff933a,45,2026-09-04T07:11:54.645Z,Eredivisie,2020-21,2020-10-21,Waalwijk,Zwolle,1,1,D,0,0,D,,source_reported_FT,Waalwijk,Zwolle
footballcsv/cache.footballdata,https://raw.githubusercontent.com/footballcsv/cache.footballdata/f43a2aa0c65fb061c87e9541e7a567dd58ff933a/2020-21/nl.1.csv,f43a2aa0c65fb061c87e9541e7a567dd58ff933a,49,2026-09-04T07:11:54.645Z,Eredivisie,2020-21,2020-10-24,Heerenveen,FC Emmen,4,0,H,2,0,H,,source_reported_FT,Heerenveen,FC Emmen
footballcsv/cache.footballdata,https://raw.githubusercontent.com/footballcsv/cache.footballdata/f43a2aa0c65fb061c87e9541e7a567dd58ff933a/2020-21/nl.1.csv,f43a2aa0c65fb061c87e9541e7a567dd58ff933a,47,2026-09-04T07:11:54.645Z,Eredivisie,2020-21,2020-10-24,Utrecht,Twente,2,1,H,1,1,D,,source_reported_FT,Utrecht,Twente
footballcsv/cache.footballdata,https://raw.githubusercontent.com/footballcsv/cache.footballdata/f43a2aa0c65fb061c87e9541e7a567dd58ff933a/2020-21/nl.1.csv,f43a2aa0c65fb061c87e9541e7a567dd58ff933a,46,2026-09-04T07:11:54.645Z,Eredivisie,2020-21,2020-10-24,VVV Venlo,Ajax,0,13,A,0,4,A,,source_reported_FT,VVV Venlo,Ajax
footballcsv/cache.footballdata,https://raw.githubusercontent.com/footballcsv/cache.footballdata/f43a2aa0c65fb061c87e9541e7a567dd58ff933a/2020-21/nl.1.csv,f43a2aa0c65fb061c87e9541e7a567dd58ff933a,48,2026-09-04T07:11:54.645Z,Eredivisie,2020-21,2020-10-24,Zwolle,Willem II,0,0,D,0,0,D,,source_reported_FT,Zwolle,Willem II
footballcsv/cache.footballdata,https://raw.githubusercontent.com/footballcsv/cache.footballdata/f43a2aa0c65fb061c87e9541e7a567dd58ff933a/2020-21/nl.1.csv,f43a2aa0c65fb061c87e9541e7a567dd58ff933a,54,2026-09-04T07:11:54.645Z,Eredivisie,2020-21,2020-10-25,Den Haag,AZ Alkmaar,2,2,D,0,1,A,,source_reported_FT,Den Haag,AZ Alkmaar
footballcsv/cache.footballdata,https://raw.githubusercontent.com/footballcsv/cache.footballdata/f43a2aa0c65fb061c87e9541e7a567dd58ff933a/2020-21/nl.1.csv,f43a2aa0c65fb061c87e9541e7a567dd58ff933a,50,2026-09-04T07:11:54.645Z,Eredivisie,2020-21,2020-10-25,For Sittard,Groningen,1,3,A,0,2,A,,source_reported_FT,For Sittard,Groningen
footballcsv/cache.footballdata,https://raw.githubusercontent.com/footballcsv/cache.footballdata/f43a2aa0c65fb061c87e9541e7a567dd58ff933a/2020-21/nl.1.csv,f43a2aa0c65fb061c87e9541e7a567dd58ff933a,51,2026-09-04T07:11:54.645Z,Eredivisie,2020-21,2020-10-25,Sparta Rotterdam,Heracles,1,1,D,0,0,D,,source_reported_FT,Sparta Rotterdam,Heracles
footballcsv/cache.footballdata,https://raw.githubusercontent.com/footballcsv/cache.footballdata/f43a2aa0c65fb061c87e9541e7a567dd58ff933a/2020-21/nl.1.csv,f43a2aa0c65fb061c87e9541e7a567dd58ff933a,52,2026-09-04T07:11:54.645Z,Eredivisie,2020-21,2020-10-25,Vitesse,PSV Eindhoven,2,1,H,1,0,H,,source_reported_FT,Vitesse,PSV Eindhoven
footballcsv/cache.footballdata,https://raw.githubusercontent.com/footballcsv/cache.footballdata/f43a2aa0c65fb061c87e9541e7a567dd58ff933a/2020-21/nl.1.csv,f43a2aa0c65fb061c87e9541e7a567dd58ff933a,53,2026-09-04T07:11:54.645Z,Eredivisie,2020-21,2020-10-25,Waalwijk,Feyenoord,2,2,D,0,0,D,,source_reported_FT,Waalwijk,Feyenoord
footballcsv/cache.footballdata,https://raw.githubusercontent.com/footballcsv/cache.footballdata/f43a2aa0c65fb061c87e9541e7a567dd58ff933a/2020-21/nl.1.csv,f43a2aa0c65fb061c87e9541e7a567dd58ff933a,56,2026-09-04T07:11:54.645Z,Eredivisie,2020-21,2020-10-31,Ajax,For Sittard,5,2,H,2,1,H,,source_reported_FT,Ajax,For Sittard
footballcsv/cache.footballdata,https://raw.githubusercontent.com/footballcsv/cache.footballdata/f43a2aa0c65fb061c87e9541e7a567dd58ff933a/2020-21/nl.1.csv,f43a2aa0c65fb061c87e9541e7a567dd58ff933a,57,2026-09-04T07:11:54.645Z,Eredivisie,2020-21,2020-10-31,Groningen,VVV Venlo,2,1,H,1,0,H,,source_reported_FT,Groningen,VVV Venlo
footballcsv/cache.footballdata,https://raw.githubusercontent.com/footballcsv/cache.footballdata/f43a2aa0c65fb061c87e9541e7a567dd58ff933a/2020-21/nl.1.csv,f43a2aa0c65fb061c87e9541e7a567dd58ff933a,55,2026-09-04T07:11:54.645Z,Eredivisie,2020-21,2020-10-31,Twente,Zwolle,5,1,H,3,0,H,,source_reported_FT,Twente,Zwolle
footballcsv/cache.footballdata,https://raw.githubusercontent.com/footballcsv/cache.footballdata/f43a2aa0c65fb061c87e9541e7a567dd58ff933a/2020-21/nl.1.csv,f43a2aa0c65fb061c87e9541e7a567dd58ff933a,58,2026-09-04T07:11:54.645Z,Eredivisie,2020-21,2020-10-31,Willem II,Vitesse,1,3,A,1,0,H,,source_reported_FT,Willem II,Vitesse
footballcsv/cache.footballdata,https://raw.githubusercontent.com/footballcsv/cache.footballdata/f43a2aa0c65fb061c87e9541e7a567dd58ff933a/2020-21/nl.1.csv,f43a2aa0c65fb061c87e9541e7a567dd58ff933a,63,2026-09-04T07:11:54.645Z,Eredivisie,2020-21,2020-11-01,AZ Alkmaar,Waalwijk,3,0,H,1,0,H,,source_reported_FT,AZ Alkmaar,Waalwijk
footballcsv/cache.footballdata,https://raw.githubusercontent.com/footballcsv/cache.footballdata/f43a2aa0c65fb061c87e9541e7a567dd58ff933a/2020-21/nl.1.csv,f43a2aa0c65fb061c87e9541e7a567dd58ff933a,60,2026-09-04T07:11:54.645Z,Eredivisie,2020-21,2020-11-01,FC Emmen,Feyenoord,2,3,A,2,2,D,,source_reported_FT,FC Emmen,Feyenoord
footballcsv/cache.footballdata,https://raw.githubusercontent.com/footballcsv/cache.footballdata/f43a2aa0c65fb061c87e9541e7a567dd58ff933a/2020-21/nl.1.csv,f43a2aa0c65fb061c87e9541e7a567dd58ff933a,59,2026-09-04T07:11:54.645Z,Eredivisie,2020-21,2020-11-01,Heracles,Utrecht,4,1,H,2,0,H,,source_reported_FT,Heracles,Utrecht
footballcsv/cache.footballdata,https://raw.githubusercontent.com/footballcsv/cache.footballdata/f43a2aa0c65fb061c87e9541e7a567dd58ff933a/2020-21/nl.1.csv,f43a2aa0c65fb061c87e9541e7a567dd58ff933a,62,2026-09-04T07:11:54.645Z,Eredivisie,2020-21,2020-11-01,PSV Eindhoven,Den Haag,4,0,H,1,0,H,,source_reported_FT,PSV Eindhoven,Den Haag
footballcsv/cache.footballdata,https://raw.githubusercontent.com/footballcsv/cache.footballdata/f43a2aa0c65fb061c87e9541e7a567dd58ff933a/2020-21/nl.1.csv,f43a2aa0c65fb061c87e9541e7a567dd58ff933a,61,2026-09-04T07:11:54.645Z,Eredivisie,2020-21,2020-11-01,Sparta Rotterdam,Heerenveen,1,4,A,0,3,A,,source_reported_FT,Sparta Rotterdam,Heerenveen
footballcsv/cache.footballdata,https://raw.githubusercontent.com/footballcsv/cache.footballdata/f43a2aa0c65fb061c87e9541e7a567dd58ff933a/2020-21/nl.1.csv,f43a2aa0c65fb061c87e9541e7a567dd58ff933a,64,2026-09-04T07:11:54.645Z,Eredivisie,2020-21,2020-11-06,For Sittard,Zwolle,2,2,D,2,1,H,,source_reported_FT,For Sittard,Zwolle
footballcsv/cache.footballdata,https://raw.githubusercontent.com/footballcsv/cache.footballdata/f43a2aa0c65fb061c87e9541e7a567dd58ff933a/2020-21/nl.1.csv,f43a2aa0c65fb061c87e9541e7a567dd58ff933a,65,2026-09-04T07:11:54.645Z,Eredivisie,2020-21,2020-11-07,Den Haag,Twente,2,4,A,0,1,A,,source_reported_FT,Den Haag,Twente
footballcsv/cache.footballdata,https://raw.githubusercontent.com/footballcsv/cache.footballdata/f43a2aa0c65fb061c87e9541e7a567dd58ff933a/2020-21/nl.1.csv,f43a2aa0c65fb061c87e9541e7a567dd58ff933a,66,2026-09-04T07:11:54.645Z,Eredivisie,2020-21,2020-11-07,VVV Venlo,Heracles,3,2,H,0,1,A,,source_reported_FT,VVV Venlo,Heracles
footballcsv/cache.footballdata,https://raw.githubusercontent.com/footballcsv/cache.footballdata/f43a2aa0c65fb061c87e9541e7a567dd58ff933a/2020-21/nl.1.csv,f43a2aa0c65fb061c87e9541e7a567dd58ff933a,67,2026-09-04T07:11:54.645Z,Eredivisie,2020-21,2020-11-07,Waalwijk,Sparta Rotterdam,0,2,A,0,0,D,,source_reported_FT,Waalwijk,Sparta Rotterdam
footballcsv/cache.footballdata,https://raw.githubusercontent.com/footballcsv/cache.footballdata/f43a2aa0c65fb061c87e9541e7a567dd58ff933a/2020-21/nl.1.csv,f43a2aa0c65fb061c87e9541e7a567dd58ff933a,69,2026-09-04T07:11:54.645Z,Eredivisie,2020-21,2020-11-08,Feyenoord,Groningen,2,0,H,0,0,D,,source_reported_FT,Feyenoord,Groningen
footballcsv/cache.footballdata,https://raw.githubusercontent.com/footballcsv/cache.footballdata/f43a2aa0c65fb061c87e9541e7a567dd58ff933a/2020-21/nl.1.csv,f43a2aa0c65fb061c87e9541e7a567dd58ff933a,71,2026-09-04T07:11:54.645Z,Eredivisie,2020-21,2020-11-08,Heerenveen,AZ Alkmaar,0,3,A,0,2,A,,source_reported_FT,Heerenveen,AZ Alkmaar
footballcsv/cache.footballdata,https://raw.githubusercontent.com/footballcsv/cache.footballdata/f43a2aa0c65fb061c87e9541e7a567dd58ff933a/2020-21/nl.1.csv,f43a2aa0c65fb061c87e9541e7a567dd58ff933a,72,2026-09-04T07:11:54.645Z,Eredivisie,2020-21,2020-11-08,PSV Eindhoven,Willem II,3,0,H,2,0,H,,source_reported_FT,PSV Eindhoven,Willem II
footballcsv/cache.footballdata,https://raw.githubusercontent.com/footballcsv/cache.footballdata/f43a2aa0c65fb061c87e9541e7a567dd58ff933a/2020-21/nl.1.csv,f43a2aa0c65fb061c87e9541e7a567dd58ff933a,68,2026-09-04T07:11:54.645Z,Eredivisie,2020-21,2020-11-08,Utrecht,Ajax,0,3,A,0,0,D,,source_reported_FT,Utrecht,Ajax
footballcsv/cache.footballdata,https://raw.githubusercontent.com/footballcsv/cache.footballdata/f43a2aa0c65fb061c87e9541e7a567dd58ff933a/2020-21/nl.1.csv,f43a2aa0c65fb061c87e9541e7a567dd58ff933a,70,2026-09-04T07:11:54.645Z,Eredivisie,2020-21,2020-11-08,Vitesse,FC Emmen,3,1,H,3,0,H,,source_reported_FT,Vitesse,FC Emmen
footballcsv/cache.footballdata,https://raw.githubusercontent.com/footballcsv/cache.footballdata/f43a2aa0c65fb061c87e9541e7a567dd58ff933a/2020-21/nl.1.csv,f43a2aa0c65fb061c87e9541e7a567dd58ff933a,74,2026-09-04T07:11:54.645Z,Eredivisie,2020-21,2020-11-21,Groningen,Vitesse,1,1,D,1,1,D,,source_reported_FT,Groningen,Vitesse
footballcsv/cache.footballdata,https://raw.githubusercontent.com/footballcsv/cache.footballdata/f43a2aa0c65fb061c87e9541e7a567dd58ff933a/2020-21/nl.1.csv,f43a2aa0c65fb061c87e9541e7a567dd58ff933a,73,2026-09-04T07:11:54.645Z,Eredivisie,2020-21,2020-11-21,Willem II,VVV Venlo,2,1,H,2,1,H,,source_reported_FT,Willem II,VVV Venlo
footballcsv/cache.footballdata,https://raw.githubusercontent.com/footballcsv/cache.footballdata/f43a2aa0c65fb061c87e9541e7a567dd58ff933a/2020-21/nl.1.csv,f43a2aa0c65fb061c87e9541e7a567dd58ff933a,75,2026-09-04T07:11:54.645Z,Eredivisie,2020-21,2020-11-21,Zwolle,Utrecht,1,1,D,1,0,H,,source_reported_FT,Zwolle,Utrecht
footballcsv/cache.footballdata,https://raw.githubusercontent.com/footballcsv/cache.footballdata/f43a2aa0c65fb061c87e9541e7a567dd58ff933a/2020-21/nl.1.csv,f43a2aa0c65fb061c87e9541e7a567dd58ff933a,81,2026-09-04T07:11:54.645Z,Eredivisie,2020-21,2020-11-22,AZ Alkmaar,FC Emmen,1,0,H,1,0,H,,source_reported_FT,AZ Alkmaar,FC Emmen
footballcsv/cache.footballdata,https://raw.githubusercontent.com/footballcsv/cache.footballdata/f43a2aa0c65fb061c87e9541e7a567dd58ff933a/2020-21/nl.1.csv,f43a2aa0c65fb061c87e9541e7a567dd58ff933a,76,2026-09-04T07:11:54.645Z,Eredivisie,2020-21,2020-11-22,Ajax,Heracles,5,0,H,3,0,H,,source_reported_FT,Ajax,Heracles
footballcsv/cache.footballdata,https://raw.githubusercontent.com/footballcsv/cache.footballdata/f43a2aa0c65fb061c87e9541e7a567dd58ff933a/2020-21/nl.1.csv,f43a2aa0c65fb061c87e9541e7a567dd58ff933a,77,2026-09-04T07:11:54.645Z,Eredivisie,2020-21,2020-11-22,For Sittard,Feyenoord,1,3,A,1,2,A,,source_reported_FT,For Sittard,Feyenoord
footballcsv/cache.footballdata,https://raw.githubusercontent.com/footballcsv/cache.footballdata/f43a2aa0c65fb061c87e9541e7a567dd58ff933a/2020-21/nl.1.csv,f43a2aa0c65fb061c87e9541e7a567dd58ff933a,78,2026-09-04T07:11:54.645Z,Eredivisie,2020-21,2020-11-22,Sparta Rotterdam,Den Haag,6,0,H,1,0,H,,source_reported_FT,Sparta Rotterdam,Den Haag
footballcsv/cache.footballdata,https://raw.githubusercontent.com/footballcsv/cache.footballdata/f43a2aa0c65fb061c87e9541e7a567dd58ff933a/2020-21/nl.1.csv,f43a2aa0c65fb061c87e9541e7a567dd58ff933a,79,2026-09-04T07:11:54.645Z,Eredivisie,2020-21,2020-11-22,Twente,PSV Eindhoven,1,1,D,0,1,A,,source_reported_FT,Twente,PSV Eindhoven
footballcsv/cache.footballdata,https://raw.githubusercontent.com/footballcsv/cache.footballdata/f43a2aa0c65fb061c87e9541e7a567dd58ff933a/2020-21/nl.1.csv,f43a2aa0c65fb061c87e9541e7a567dd58ff933a,80,2026-09-04T07:11:54.645Z,Eredivisie,2020-21,2020-11-22,Waalwijk,Heerenveen,1,1,D,0,1,A,,source_reported_FT,Waalwijk,Heerenveen
footballcsv/cache.footballdata,https://raw.githubusercontent.com/footballcsv/cache.footballdata/f43a2aa0c65fb061c87e9541e7a567dd58ff933a/2020-21/nl.1.csv,f43a2aa0c65fb061c87e9541e7a567dd58ff933a,82,2026-09-04T07:11:54.645Z,Eredivisie,2020-21,2020-11-27,Twente,Waalwijk,0,2,A,0,2,A,,source_reported_FT,Twente,Waalwijk
footballcsv/cache.footballdata,https://raw.githubusercontent.com/footballcsv/cache.footballdata/f43a2aa0c65fb061c87e9541e7a567dd58ff933a/2020-21/nl.1.csv,f43a2aa0c65fb061c87e9541e7a567dd58ff933a,84,2026-09-04T07:11:54.645Z,Eredivisie,2020-21,2020-11-28,Den Haag,Heerenveen,1,1,D,1,1,D,,source_reported_FT,Den Haag,Heerenveen
footballcsv/cache.footballdata,https://raw.githubusercontent.com/footballcsv/cache.footballdata/f43a2aa0c65fb061c87e9541e7a567dd58ff933a/2020-21/nl.1.csv,f43a2aa0c65fb061c87e9541e7a567dd58ff933a,83,2026-09-04T07:11:54.645Z,Eredivisie,2020-21,2020-11-28,FC Emmen,Ajax,0,5,A,0,3,A,,source_reported_FT,FC Emmen,Ajax
footballcsv/cache.footballdata,https://raw.githubusercontent.com/footballcsv/cache.footballdata/f43a2aa0c65fb061c87e9541e7a567dd58ff933a/2020-21/nl.1.csv,f43a2aa0c65fb061c87e9541e7a567dd58ff933a,85,2026-09-04T07:11:54.645Z,Eredivisie,2020-21,2020-11-28,VVV Venlo,Zwolle,2,2,D,1,1,D,,source_reported_FT,VVV Venlo,Zwolle
footballcsv/cache.footballdata,https://raw.githubusercontent.com/footballcsv/cache.footballdata/f43a2aa0c65fb061c87e9541e7a567dd58ff933a/2020-21/nl.1.csv,f43a2aa0c65fb061c87e9541e7a567dd58ff933a,87,2026-09-04T07:11:54.645Z,Eredivisie,2020-21,2020-11-29,Feyenoord,Utrecht,1,1,D,0,0,D,,source_reported_FT,Feyenoord,Utrecht
footballcsv/cache.footballdata,https://raw.githubusercontent.com/footballcsv/cache.footballdata/f43a2aa0c65fb061c87e9541e7a567dd58ff933a/2020-21/nl.1.csv,f43a2aa0c65fb061c87e9541e7a567dd58ff933a,88,2026-09-04T07:11:54.645Z,Eredivisie,2020-21,2020-11-29,Groningen,Willem II,1,0,H,0,0,D,,source_reported_FT,Groningen,Willem II
footballcsv/cache.footballdata,https://raw.githubusercontent.com/footballcsv/cache.footballdata/f43a2aa0c65fb061c87e9541e7a567dd58ff933a/2020-21/nl.1.csv,f43a2aa0c65fb061c87e9541e7a567dd58ff933a,89,2026-09-04T07:11:54.645Z,Eredivisie,2020-21,2020-11-29,Heracles,AZ Alkmaar,1,2,A,0,2,A,,source_reported_FT,Heracles,AZ Alkmaar
footballcsv/cache.footballdata,https://raw.githubusercontent.com/footballcsv/cache.footballdata/f43a2aa0c65fb061c87e9541e7a567dd58ff933a/2020-21/nl.1.csv,f43a2aa0c65fb061c87e9541e7a567dd58ff933a,90,2026-09-04T07:11:54.645Z,Eredivisie,2020-21,2020-11-29,PSV Eindhoven,Sparta Rotterdam,1,0,H,0,0,D,,source_reported_FT,PSV Eindhoven,Sparta Rotterdam
footballcsv/cache.footballdata,https://raw.githubusercontent.com/footballcsv/cache.footballdata/f43a2aa0c65fb061c87e9541e7a567dd58ff933a/2020-21/nl.1.csv,f43a2aa0c65fb061c87e9541e7a567dd58ff933a,86,2026-09-04T07:11:54.645Z,Eredivisie,2020-21,2020-11-29,Vitesse,For Sittard,2,0,H,0,0,D,,source_reported_FT,Vitesse,For Sittard
footballcsv/cache.footballdata,https://raw.githubusercontent.com/footballcsv/cache.footballdata/f43a2aa0c65fb061c87e9541e7a567dd58ff933a/2020-21/nl.1.csv,f43a2aa0c65fb061c87e9541e7a567dd58ff933a,91,2026-09-04T07:11:54.645Z,Eredivisie,2020-21,2020-12-04,Sparta Rotterdam,FC Emmen,2,1,H,1,0,H,,source_reported_FT,Sparta Rotterdam,FC Emmen
footballcsv/cache.footballdata,https://raw.githubusercontent.com/footballcsv/cache.footballdata/f43a2aa0c65fb061c87e9541e7a567dd58ff933a/2020-21/nl.1.csv,f43a2aa0c65fb061c87e9541e7a567dd58ff933a,94,2026-09-04T07:11:54.645Z,Eredivisie,2020-21,2020-12-05,Ajax,Twente,1,2,A,0,1,A,,source_reported_FT,Ajax,Twente
footballcsv/cache.footballdata,https://raw.githubusercontent.com/footballcsv/cache.footballdata/f43a2aa0c65fb061c87e9541e7a567dd58ff933a/2020-21/nl.1.csv,f43a2aa0c65fb061c87e9541e7a567dd58ff933a,93,2026-09-04T07:11:54.645Z,Eredivisie,2020-21,2020-12-05,For Sittard,Willem II,3,2,H,3,0,H,,source_reported_FT,For Sittard,Willem II
footballcsv/cache.footballdata,https://raw.githubusercontent.com/footballcsv/cache.footballdata/f43a2aa0c65fb061c87e9541e7a567dd58ff933a/2020-21/nl.1.csv,f43a2aa0c65fb061c87e9541e7a567dd58ff933a,92,2026-09-04T07:11:54.645Z,Eredivisie,2020-21,2020-12-05,Waalwijk,VVV Venlo,3,2,H,1,1,D,,source_reported_FT,Waalwijk,VVV Venlo
footballcsv/cache.footballdata,https://raw.githubusercontent.com/footballcsv/cache.footballdata/f43a2aa0c65fb061c87e9541e7a567dd58ff933a/2020-21/nl.1.csv,f43a2aa0c65fb061c87e9541e7a567dd58ff933a,95,2026-09-04T07:11:54.645Z,Eredivisie,2020-21,2020-12-05,Zwolle,Vitesse,2,1,H,0,1,A,,source_reported_FT,Zwolle,Vitesse
footballcsv/cache.footballdata,https://raw.githubusercontent.com/footballcsv/cache.footballdata/f43a2aa0c65fb061c87e9541e7a567dd58ff933a/2020-21/nl.1.csv,f43a2aa0c65fb061c87e9541e7a567dd58ff933a,97,2026-09-04T07:11:54.645Z,Eredivisie,2020-21,2020-12-06,AZ Alkmaar,Groningen,1,2,A,1,0,H,,source_reported_FT,AZ Alkmaar,Groningen
footballcsv/cache.footballdata,https://raw.githubusercontent.com/footballcsv/cache.footballdata/f43a2aa0c65fb061c87e9541e7a567dd58ff933a/2020-21/nl.1.csv,f43a2aa0c65fb061c87e9541e7a567dd58ff933a,96,2026-09-04T07:11:54.645Z,Eredivisie,2020-21,2020-12-06,Feyenoord,Heracles,0,0,D,0,0,D,,source_reported_FT,Feyenoord,Heracles
footballcsv/cache.footballdata,https://raw.githubusercontent.com/footballcsv/cache.footballdata/f43a2aa0c65fb061c87e9541e7a567dd58ff933a/2020-21/nl.1.csv,f43a2aa0c65fb061c87e9541e7a567dd58ff933a,99,2026-09-04T07:11:54.645Z,Eredivisie,2020-21,2020-12-06,Heerenveen,PSV Eindhoven,2,2,D,0,1,A,,source_reported_FT,Heerenveen,PSV Eindhoven
footballcsv/cache.footballdata,https://raw.githubusercontent.com/footballcsv/cache.footballdata/f43a2aa0c65fb061c87e9541e7a567dd58ff933a/2020-21/nl.1.csv,f43a2aa0c65fb061c87e9541e7a567dd58ff933a,98,2026-09-04T07:11:54.645Z,Eredivisie,2020-21,2020-12-06,Utrecht,Den Haag,1,1,D,0,0,D,,source_reported_FT,Utrecht,Den Haag
footballcsv/cache.footballdata,https://raw.githubusercontent.com/footballcsv/cache.footballdata/f43a2aa0c65fb061c87e9541e7a567dd58ff933a/2020-21/nl.1.csv,f43a2aa0c65fb061c87e9541e7a567dd58ff933a,100,2026-09-04T07:11:54.645Z,Eredivisie,2020-21,2020-12-11,Heracles,For Sittard,1,2,A,0,1,A,,source_reported_FT,Heracles,For Sittard
footballcsv/cache.footballdata,https://raw.githubusercontent.com/footballcsv/cache.footballdata/f43a2aa0c65fb061c87e9541e7a567dd58ff933a/2020-21/nl.1.csv,f43a2aa0c65fb061c87e9541e7a567dd58ff933a,103,2026-09-04T07:11:54.645Z,Eredivisie,2020-21,2020-12-12,Ajax,Zwolle,4,0,H,3,0,H,,source_reported_FT,Ajax,Zwolle
footballcsv/cache.footballdata,https://raw.githubusercontent.com/footballcsv/cache.footballdata/f43a2aa0c65fb061c87e9541e7a567dd58ff933a/2020-21/nl.1.csv,f43a2aa0c65fb061c87e9541e7a567dd58ff933a,102,2026-09-04T07:11:54.645Z,Eredivisie,2020-21,2020-12-12,FC Emmen,Den Haag,1,1,D,0,1,A,,source_reported_FT,FC Emmen,Den Haag
footballcsv/cache.footballdata,https://raw.githubusercontent.com/footballcsv/cache.footballdata/f43a2aa0c65fb061c87e9541e7a567dd58ff933a/2020-21/nl.1.csv,f43a2aa0c65fb061c87e9541e7a567dd58ff933a,101,2026-09-04T07:11:54.645Z,Eredivisie,2020-21,2020-12-12,Groningen,Waalwijk,2,0,H,0,0,D,,source_reported_FT,Groningen,Waalwijk
footballcsv/cache.footballdata,https://raw.githubusercontent.com/footballcsv/cache.footballdata/f43a2aa0c65fb061c87e9541e7a567dd58ff933a/2020-21/nl.1.csv,f43a2aa0c65fb061c87e9541e7a567dd58ff933a,107,2026-09-04T07:11:54.645Z,Eredivisie,2020-21,2020-12-13,PSV Eindhoven,Utrecht,2,1,H,2,0,H,,source_reported_FT,PSV Eindhoven,Utrecht
footballcsv/cache.footballdata,https://raw.githubusercontent.com/footballcsv/cache.footballdata/f43a2aa0c65fb061c87e9541e7a567dd58ff933a/2020-21/nl.1.csv,f43a2aa0c65fb061c87e9541e7a567dd58ff933a,108,2026-09-04T07:11:54.645Z,Eredivisie,2020-21,2020-12-13,Twente,AZ Alkmaar,1,3,A,0,2,A,,source_reported_FT,Twente,AZ Alkmaar
footballcsv/cache.footballdata,https://raw.githubusercontent.com/footballcsv/cache.footballdata/f43a2aa0c65fb061c87e9541e7a567dd58ff933a/2020-21/nl.1.csv,f43a2aa0c65fb061c87e9541e7a567dd58ff933a,105,2026-09-04T07:11:54.645Z,Eredivisie,2020-21,2020-12-13,VVV Venlo,Feyenoord,0,3,A,0,0,D,,source_reported_FT,VVV Venlo,Feyenoord
footballcsv/cache.footballdata,https://raw.githubusercontent.com/footballcsv/cache.footballdata/f43a2aa0c65fb061c87e9541e7a567dd58ff933a/2020-21/nl.1.csv,f43a2aa0c65fb061c87e9541e7a567dd58ff933a,104,2026-09-04T07:11:54.645Z,Eredivisie,2020-21,2020-12-13,Vitesse,Heerenveen,1,1,D,1,0,H,,source_reported_FT,Vitesse,Heerenveen
footballcsv/cache.footballdata,https://raw.githubusercontent.com/footballcsv/cache.footballdata/f43a2aa0c65fb061c87e9541e7a567dd58ff933a/2020-21/nl.1.csv,f43a2aa0c65fb061c87e9541e7a567dd58ff933a,106,2026-09-04T07:11:54.645Z,Eredivisie,2020-21,2020-12-13,Willem II,Sparta Rotterdam,1,3,A,0,2,A,,source_reported_FT,Willem II,Sparta Rotterdam
footballcsv/cache.footballdata,https://raw.githubusercontent.com/footballcsv/cache.footballdata/f43a2aa0c65fb061c87e9541e7a567dd58ff933a/2020-21/nl.1.csv,f43a2aa0c65fb061c87e9541e7a567dd58ff933a,109,2026-09-04T07:11:54.645Z,Eredivisie,2020-21,2020-12-18,Zwolle,FC Emmen,0,0,D,0,0,D,,source_reported_FT,Zwolle,FC Emmen
footballcsv/cache.footballdata,https://raw.githubusercontent.com/footballcsv/cache.footballdata/f43a2aa0c65fb061c87e9541e7a567dd58ff933a/2020-21/nl.1.csv,f43a2aa0c65fb061c87e9541e7a567dd58ff933a,110,2026-09-04T07:11:54.645Z,Eredivisie,2020-21,2020-12-19,Sparta Rotterdam,Groningen,2,3,A,1,1,D,,source_reported_FT,Sparta Rotterdam,Groningen
footballcsv/cache.footballdata,https://raw.githubusercontent.com/footballcsv/cache.footballdata/f43a2aa0c65fb061c87e9541e7a567dd58ff933a/2020-21/nl.1.csv,f43a2aa0c65fb061c87e9541e7a567dd58ff933a,113,2026-09-04T07:11:54.645Z,Eredivisie,2020-21,2020-12-19,Utrecht,For Sittard,1,1,D,0,0,D,,source_reported_FT,Utrecht,For Sittard
footballcsv/cache.footballdata,https://raw.githubusercontent.com/footballcsv/cache.footballdata/f43a2aa0c65fb061c87e9541e7a567dd58ff933a/2020-21/nl.1.csv,f43a2aa0c65fb061c87e9541e7a567dd58ff933a,111,2026-09-04T07:11:54.645Z,Eredivisie,2020-21,2020-12-19,VVV Venlo,Twente,1,2,A,0,1,A,,source_reported_FT,VVV Venlo,Twente
footballcsv/cache.footballdata,https://raw.githubusercontent.com/footballcsv/cache.footballdata/f43a2aa0c65fb061c87e9541e7a567dd58ff933a/2020-21/nl.1.csv,f43a2aa0c65fb061c87e9541e7a567dd58ff933a,112,2026-09-04T07:11:54.645Z,Eredivisie,2020-21,2020-12-19,Waalwijk,PSV Eindhoven,1,4,A,0,2,A,,source_reported_FT,Waalwijk,PSV Eindhoven
footballcsv/cache.footballdata,https://raw.githubusercontent.com/footballcsv/cache.footballdata/f43a2aa0c65fb061c87e9541e7a567dd58ff933a/2020-21/nl.1.csv,f43a2aa0c65fb061c87e9541e7a567dd58ff933a,117,2026-09-04T07:11:54.645Z,Eredivisie,2020-21,2020-12-20,AZ Alkmaar,Willem II,5,3,H,2,2,D,,source_reported_FT,AZ Alkmaar,Willem II
footballcsv/cache.footballdata,https://raw.githubusercontent.com/footballcsv/cache.footballdata/f43a2aa0c65fb061c87e9541e7a567dd58ff933a/2020-21/nl.1.csv,f43a2aa0c65fb061c87e9541e7a567dd58ff933a,115,2026-09-04T07:11:54.645Z,Eredivisie,2020-21,2020-12-20,Den Haag,Ajax,2,4,A,0,4,A,,source_reported_FT,Den Haag,Ajax
footballcsv/cache.footballdata,https://raw.githubusercontent.com/footballcsv/cache.footballdata/f43a2aa0c65fb061c87e9541e7a567dd58ff933a/2020-21/nl.1.csv,f43a2aa0c65fb061c87e9541e7a567dd58ff933a,116,2026-09-04T07:11:54.645Z,Eredivisie,2020-21,2020-12-20,Heerenveen,Heracles,1,2,A,0,1,A,,source_reported_FT,Heerenveen,Heracles
footballcsv/cache.footballdata,https://raw.githubusercontent.com/footballcsv/cache.footballdata/f43a2aa0c65fb061c87e9541e7a567dd58ff933a/2020-21/nl.1.csv,f43a2aa0c65fb061c87e9541e7a567dd58ff933a,114,2026-09-04T07:11:54.645Z,Eredivisie,2020-21,2020-12-20,Vitesse,Feyenoord,1,0,H,1,0,H,,source_reported_FT,Vitesse,Feyenoord
footballcsv/cache.footballdata,https://raw.githubusercontent.com/footballcsv/cache.footballdata/f43a2aa0c65fb061c87e9541e7a567dd58ff933a/2020-21/nl.1.csv,f43a2aa0c65fb061c87e9541e7a567dd58ff933a,119,2026-09-04T07:11:54.645Z,Eredivisie,2020-21,2020-12-22,FC Emmen,Utrecht,2,3,A,2,1,H,,source_reported_FT,FC Emmen,Utrecht
footballcsv/cache.footballdata,https://raw.githubusercontent.com/footballcsv/cache.footballdata/f43a2aa0c65fb061c87e9541e7a567dd58ff933a/2020-21/nl.1.csv,f43a2aa0c65fb061c87e9541e7a567dd58ff933a,118,2026-09-04T07:11:54.645Z,Eredivisie,2020-21,2020-12-22,For Sittard,Waalwijk,2,1,H,1,1,D,,source_reported_FT,For Sittard,Waalwijk
footballcsv/cache.footballdata,https://raw.githubusercontent.com/footballcsv/cache.footballdata/f43a2aa0c65fb061c87e9541e7a567dd58ff933a/2020-21/nl.1.csv,f43a2aa0c65fb061c87e9541e7a567dd58ff933a,120,2026-09-04T07:11:54.645Z,Eredivisie,2020-21,2020-12-22,PSV Eindhoven,VVV Venlo,4,1,H,1,1,D,,source_reported_FT,PSV Eindhoven,VVV Venlo
footballcsv/cache.footballdata,https://raw.githubusercontent.com/footballcsv/cache.footballdata/f43a2aa0c65fb061c87e9541e7a567dd58ff933a/2020-21/nl.1.csv,f43a2aa0c65fb061c87e9541e7a567dd58ff933a,121,2026-09-04T07:11:54.645Z,Eredivisie,2020-21,2020-12-22,Twente,Sparta Rotterdam,0,2,A,0,1,A,,source_reported_FT,Twente,Sparta Rotterdam
footballcsv/cache.footballdata,https://raw.githubusercontent.com/footballcsv/cache.footballdata/f43a2aa0c65fb061c87e9541e7a567dd58ff933a/2020-21/nl.1.csv,f43a2aa0c65fb061c87e9541e7a567dd58ff933a,122,2026-09-04T07:11:54.645Z,Eredivisie,2020-21,2020-12-23,AZ Alkmaar,Vitesse,3,1,H,2,0,H,,source_reported_FT,AZ Alkmaar,Vitesse
footballcsv/cache.footballdata,https://raw.githubusercontent.com/footballcsv/cache.footballdata/f43a2aa0c65fb061c87e9541e7a567dd58ff933a/2020-21/nl.1.csv,f43a2aa0c65fb061c87e9541e7a567dd58ff933a,124,2026-09-04T07:11:54.645Z,Eredivisie,2020-21,2020-12-23,Den Haag,Zwolle,0,2,A,0,0,D,,source_reported_FT,Den Haag,Zwolle
footballcsv/cache.footballdata,https://raw.githubusercontent.com/footballcsv/cache.footballdata/f43a2aa0c65fb061c87e9541e7a567dd58ff933a/2020-21/nl.1.csv,f43a2aa0c65fb061c87e9541e7a567dd58ff933a,126,2026-09-04T07:11:54.645Z,Eredivisie,2020-21,2020-12-23,Feyenoord,Heerenveen,3,0,H,0,0,D,,source_reported_FT,Feyenoord,Heerenveen
footballcsv/cache.footballdata,https://raw.githubusercontent.com/footballcsv/cache.footballdata/f43a2aa0c65fb061c87e9541e7a567dd58ff933a/2020-21/nl.1.csv,f43a2aa0c65fb061c87e9541e7a567dd58ff933a,125,2026-09-04T07:11:54.645Z,Eredivisie,2020-21,2020-12-23,Groningen,Heracles,0,1,A,0,0,D,,source_reported_FT,Groningen,Heracles
footballcsv/cache.footballdata,https://raw.githubusercontent.com/footballcsv/cache.footballdata/f43a2aa0c65fb061c87e9541e7a567dd58ff933a/2020-21/nl.1.csv,f43a2aa0c65fb061c87e9541e7a567dd58ff933a,123,2026-09-04T07:11:54.645Z,Eredivisie,2020-21,2020-12-23,Willem II,Ajax,1,1,D,0,1,A,,source_reported_FT,Willem II,Ajax
footballcsv/cache.footballdata,https://raw.githubusercontent.com/footballcsv/cache.footballdata/f43a2aa0c65fb061c87e9541e7a567dd58ff933a/2020-21/nl.1.csv,f43a2aa0c65fb061c87e9541e7a567dd58ff933a,127,2026-09-04T07:11:54.645Z,Eredivisie,2020-21,2020-12-27,Utrecht,AZ Alkmaar,2,2,D,1,0,H,,source_reported_FT,Utrecht,AZ Alkmaar
footballcsv/cache.footballdata,https://raw.githubusercontent.com/footballcsv/cache.footballdata/f43a2aa0c65fb061c87e9541e7a567dd58ff933a/2020-21/nl.1.csv,f43a2aa0c65fb061c87e9541e7a567dd58ff933a,129,2026-09-04T07:11:54.645Z,Eredivisie,2020-21,2021-01-09,FC Emmen,Twente,1,4,A,0,3,A,,source_reported_FT,FC Emmen,Twente
footballcsv/cache.footballdata,https://raw.githubusercontent.com/footballcsv/cache.footballdata/f43a2aa0c65fb061c87e9541e7a567dd58ff933a/2020-21/nl.1.csv,f43a2aa0c65fb061c87e9541e7a567dd58ff933a,130,2026-09-04T07:11:54.645Z,Eredivisie,2020-21,2021-01-09,Heracles,Vitesse,0,2,A,0,1,A,,source_reported_FT,Heracles,Vitesse
footballcsv/cache.footballdata,https://raw.githubusercontent.com/footballcsv/cache.footballdata/f43a2aa0c65fb061c87e9541e7a567dd58ff933a/2020-21/nl.1.csv,f43a2aa0c65fb061c87e9541e7a567dd58ff933a,132,2026-09-04T07:11:54.645Z,Eredivisie,2020-21,2021-01-09,Utrecht,Groningen,2,2,D,1,2,A,,source_reported_FT,Utrecht,Groningen
footballcsv/cache.footballdata,https://raw.githubusercontent.com/footballcsv/cache.footballdata/f43a2aa0c65fb061c87e9541e7a567dd58ff933a/2020-21/nl.1.csv,f43a2aa0c65fb061c87e9541e7a567dd58ff933a,128,2026-09-04T07:11:54.645Z,Eredivisie,2020-21,2021-01-09,Waalwijk,Den Haag,0,1,A,0,1,A,,source_reported_FT,Waalwijk,Den Haag
footballcsv/cache.footballdata,https://raw.githubusercontent.com/footballcsv/cache.footballdata/f43a2aa0c65fb061c87e9541e7a567dd58ff933a/2020-21/nl.1.csv,f43a2aa0c65fb061c87e9541e7a567dd58ff933a,131,2026-09-04T07:11:54.645Z,Eredivisie,2020-21,2021-01-09,Zwolle,AZ Alkmaar,1,1,D,1,0,H,,source_reported_FT,Zwolle,AZ Alkmaar
footballcsv/cache.footballdata,https://raw.githubusercontent.com/footballcsv/cache.footballdata/f43a2aa0c65fb061c87e9541e7a567dd58ff933a/2020-21/nl.1.csv,f43a2aa0c65fb061c87e9541e7a567dd58ff933a,136,2026-09-04T07:11:54.645Z,Eredivisie,2020-21,2021-01-10,Ajax,PSV Eindhoven,2,2,D,1,2,A,,source_reported_FT,Ajax,PSV Eindhoven
footballcsv/cache.footballdata,https://raw.githubusercontent.com/footballcsv/cache.footballdata/f43a2aa0c65fb061c87e9541e7a567dd58ff933a/2020-21/nl.1.csv,f43a2aa0c65fb061c87e9541e7a567dd58ff933a,134,2026-09-04T07:11:54.645Z,Eredivisie,2020-21,2021-01-10,Heerenveen,For Sittard,1,3,A,0,3,A,,source_reported_FT,Heerenveen,For Sittard
footballcsv/cache.footballdata,https://raw.githubusercontent.com/footballcsv/cache.footballdata/f43a2aa0c65fb061c87e9541e7a567dd58ff933a/2020-21/nl.1.csv,f43a2aa0c65fb061c87e9541e7a567dd58ff933a,133,2026-09-04T07:11:54.645Z,Eredivisie,2020-21,2021-01-10,Sparta Rotterdam,Feyenoord,0,2,A,0,1,A,,source_reported_FT,Sparta Rotterdam,Feyenoord
footballcsv/cache.footballdata,https://raw.githubusercontent.com/footballcsv/cache.footballdata/f43a2aa0c65fb061c87e9541e7a567dd58ff933a/2020-21/nl.1.csv,f43a2aa0c65fb061c87e9541e7a567dd58ff933a,135,2026-09-04T07:11:54.645Z,Eredivisie,2020-21,2021-01-10,VVV Venlo,Willem II,2,1,H,0,1,A,,source_reported_FT,VVV Venlo,Willem II
footballcsv/cache.footballdata,https://raw.githubusercontent.com/footballcsv/cache.footballdata/f43a2aa0c65fb061c87e9541e7a567dd58ff933a/2020-21/nl.1.csv,f43a2aa0c65fb061c87e9541e7a567dd58ff933a,138,2026-09-04T07:11:54.645Z,Eredivisie,2020-21,2021-01-12,Heracles,FC Emmen,4,0,H,2,0,H,,source_reported_FT,Heracles,FC Emmen
footballcsv/cache.footballdata,https://raw.githubusercontent.com/footballcsv/cache.footballdata/f43a2aa0c65fb061c87e9541e7a567dd58ff933a/2020-21/nl.1.csv,f43a2aa0c65fb061c87e9541e7a567dd58ff933a,137,2026-09-04T07:11:54.645Z,Eredivisie,2020-21,2021-01-12,Vitesse,Utrecht,1,0,H,1,0,H,,source_reported_FT,Vitesse,Utrecht
footballcsv/cache.footballdata,https://raw.githubusercontent.com/footballcsv/cache.footballdata/f43a2aa0c65fb061c87e9541e7a567dd58ff933a/2020-21/nl.1.csv,f43a2aa0c65fb061c87e9541e7a567dd58ff933a,140,2026-09-04T07:11:54.645Z,Eredivisie,2020-21,2021-01-13,Den Haag,VVV Venlo,1,4,A,0,1,A,,source_reported_FT,Den Haag,VVV Venlo
footballcsv/cache.footballdata,https://raw.githubusercontent.com/footballcsv/cache.footballdata/f43a2aa0c65fb061c87e9541e7a567dd58ff933a/2020-21/nl.1.csv,f43a2aa0c65fb061c87e9541e7a567dd58ff933a,142,2026-09-04T07:11:54.645Z,Eredivisie,2020-21,2021-01-13,Feyenoord,Zwolle,1,0,H,0,0,D,,source_reported_FT,Feyenoord,Zwolle
footballcsv/cache.footballdata,https://raw.githubusercontent.com/footballcsv/cache.footballdata/f43a2aa0c65fb061c87e9541e7a567dd58ff933a/2020-21/nl.1.csv,f43a2aa0c65fb061c87e9541e7a567dd58ff933a,141,2026-09-04T07:11:54.645Z,Eredivisie,2020-21,2021-01-13,For Sittard,Sparta Rotterdam,0,1,A,0,0,D,,source_reported_FT,For Sittard,Sparta Rotterdam
footballcsv/cache.footballdata,https://raw.githubusercontent.com/footballcsv/cache.footballdata/f43a2aa0c65fb061c87e9541e7a567dd58ff933a/2020-21/nl.1.csv,f43a2aa0c65fb061c87e9541e7a567dd58ff933a,139,2026-09-04T07:11:54.645Z,Eredivisie,2020-21,2021-01-13,PSV Eindhoven,AZ Alkmaar,1,3,A,0,2,A,,source_reported_FT,PSV Eindhoven,AZ Alkmaar
footballcsv/cache.footballdata,https://raw.githubusercontent.com/footballcsv/cache.footballdata/f43a2aa0c65fb061c87e9541e7a567dd58ff933a/2020-21/nl.1.csv,f43a2aa0c65fb061c87e9541e7a567dd58ff933a,143,2026-09-04T07:11:54.645Z,Eredivisie,2020-21,2021-01-14,Heerenveen,Waalwijk,1,1,D,1,0,H,,source_reported_FT,Heerenveen,Waalwijk
footballcsv/cache.footballdata,https://raw.githubusercontent.com/footballcsv/cache.footballdata/f43a2aa0c65fb061c87e9541e7a567dd58ff933a/2020-21/nl.1.csv,f43a2aa0c65fb061c87e9541e7a567dd58ff933a,144,2026-09-04T07:11:54.645Z,Eredivisie,2020-21,2021-01-14,Twente,Ajax,1,3,A,0,1,A,,source_reported_FT,Twente,Ajax
footballcsv/cache.footballdata,https://raw.githubusercontent.com/footballcsv/cache.footballdata/f43a2aa0c65fb061c87e9541e7a567dd58ff933a/2020-21/nl.1.csv,f43a2aa0c65fb061c87e9541e7a567dd58ff933a,145,2026-09-04T07:11:54.645Z,Eredivisie,2020-21,2021-01-14,Willem II,Groningen,2,3,A,0,0,D,,source_reported_FT,Willem II,Groningen
footballcsv/cache.footballdata,https://raw.githubusercontent.com/footballcsv/cache.footballdata/f43a2aa0c65fb061c87e9541e7a567dd58ff933a/2020-21/nl.1.csv,f43a2aa0c65fb061c87e9541e7a567dd58ff933a,150,2026-09-04T07:11:54.645Z,Eredivisie,2020-21,2021-01-16,AZ Alkmaar,Den Haag,2,1,H,0,0,D,,source_reported_FT,AZ Alkmaar,Den Haag
footballcsv/cache.footballdata,https://raw.githubusercontent.com/footballcsv/cache.footballdata/f43a2aa0c65fb061c87e9541e7a567dd58ff933a/2020-21/nl.1.csv,f43a2aa0c65fb061c87e9541e7a567dd58ff933a,146,2026-09-04T07:11:54.645Z,Eredivisie,2020-21,2021-01-16,FC Emmen,Vitesse,1,4,A,0,2,A,,source_reported_FT,FC Emmen,Vitesse
footballcsv/cache.footballdata,https://raw.githubusercontent.com/footballcsv/cache.footballdata/f43a2aa0c65fb061c87e9541e7a567dd58ff933a/2020-21/nl.1.csv,f43a2aa0c65fb061c87e9541e7a567dd58ff933a,147,2026-09-04T07:11:54.645Z,Eredivisie,2020-21,2021-01-16,Sparta Rotterdam,PSV Eindhoven,3,5,A,1,1,D,,source_reported_FT,Sparta Rotterdam,PSV Eindhoven
footballcsv/cache.footballdata,https://raw.githubusercontent.com/footballcsv/cache.footballdata/f43a2aa0c65fb061c87e9541e7a567dd58ff933a/2020-21/nl.1.csv,f43a2aa0c65fb061c87e9541e7a567dd58ff933a,148,2026-09-04T07:11:54.645Z,Eredivisie,2020-21,2021-01-16,Utrecht,Heracles,2,0,H,1,0,H,,source_reported_FT,Utrecht,Heracles
footballcsv/cache.footballdata,https://raw.githubusercontent.com/footballcsv/cache.footballdata/f43a2aa0c65fb061c87e9541e7a567dd58ff933a/2020-21/nl.1.csv,f43a2aa0c65fb061c87e9541e7a567dd58ff933a,149,2026-09-04T07:11:54.645Z,Eredivisie,2020-21,2021-01-16,Zwolle,For Sittard,0,2,A,0,0,D,,source_reported_FT,Zwolle,For Sittard
footballcsv/cache.footballdata,https://raw.githubusercontent.com/footballcsv/cache.footballdata/f43a2aa0c65fb061c87e9541e7a567dd58ff933a/2020-21/nl.1.csv,f43a2aa0c65fb061c87e9541e7a567dd58ff933a,154,2026-09-04T07:11:54.645Z,Eredivisie,2020-21,2021-01-17,Ajax,Feyenoord,1,0,H,1,0,H,,source_reported_FT,Ajax,Feyenoord
footballcsv/cache.footballdata,https://raw.githubusercontent.com/footballcsv/cache.footballdata/f43a2aa0c65fb061c87e9541e7a567dd58ff933a/2020-21/nl.1.csv,f43a2aa0c65fb061c87e9541e7a567dd58ff933a,152,2026-09-04T07:11:54.645Z,Eredivisie,2020-21,2021-01-17,Groningen,Twente,2,2,D,0,2,A,,source_reported_FT,Groningen,Twente
footballcsv/cache.footballdata,https://raw.githubusercontent.com/footballcsv/cache.footballdata/f43a2aa0c65fb061c87e9541e7a567dd58ff933a/2020-21/nl.1.csv,f43a2aa0c65fb061c87e9541e7a567dd58ff933a,153,2026-09-04T07:11:54.645Z,Eredivisie,2020-21,2021-01-17,VVV Venlo,Heerenveen,1,1,D,0,0,D,,source_reported_FT,VVV Venlo,Heerenveen
footballcsv/cache.footballdata,https://raw.githubusercontent.com/footballcsv/cache.footballdata/f43a2aa0c65fb061c87e9541e7a567dd58ff933a/2020-21/nl.1.csv,f43a2aa0c65fb061c87e9541e7a567dd58ff933a,151,2026-09-04T07:11:54.645Z,Eredivisie,2020-21,2021-01-17,Waalwijk,Willem II,1,1,D,1,0,H,,source_reported_FT,Waalwijk,Willem II
footballcsv/cache.footballdata,https://raw.githubusercontent.com/footballcsv/cache.footballdata/f43a2aa0c65fb061c87e9541e7a567dd58ff933a/2020-21/nl.1.csv,f43a2aa0c65fb061c87e9541e7a567dd58ff933a,155,2026-09-04T07:11:54.645Z,Eredivisie,2020-21,2021-01-22,Willem II,Zwolle,1,3,A,1,0,H,,source_reported_FT,Willem II,Zwolle
footballcsv/cache.footballdata,https://raw.githubusercontent.com/footballcsv/cache.footballdata/f43a2aa0c65fb061c87e9541e7a567dd58ff933a/2020-21/nl.1.csv,f43a2aa0c65fb061c87e9541e7a567dd58ff933a,156,2026-09-04T07:11:54.645Z,Eredivisie,2020-21,2021-01-23,Den Haag,FC Emmen,0,0,D,0,0,D,,source_reported_FT,Den Haag,FC Emmen
footballcsv/cache.footballdata,https://raw.githubusercontent.com/footballcsv/cache.footballdata/f43a2aa0c65fb061c87e9541e7a567dd58ff933a/2020-21/nl.1.csv,f43a2aa0c65fb061c87e9541e7a567dd58ff933a,159,2026-09-04T07:11:54.645Z,Eredivisie,2020-21,2021-01-23,Heracles,Heerenveen,1,0,H,0,0,D,,source_reported_FT,Heracles,Heerenveen
footballcsv/cache.footballdata,https://raw.githubusercontent.com/footballcsv/cache.footballdata/f43a2aa0c65fb061c87e9541e7a567dd58ff933a/2020-21/nl.1.csv,f43a2aa0c65fb061c87e9541e7a567dd58ff933a,158,2026-09-04T07:11:54.645Z,Eredivisie,2020-21,2021-01-23,PSV Eindhoven,Waalwijk,2,0,H,1,0,H,,source_reported_FT,PSV Eindhoven,Waalwijk
footballcsv/cache.footballdata,https://raw.githubusercontent.com/footballcsv/cache.footballdata/f43a2aa0c65fb061c87e9541e7a567dd58ff933a/2020-21/nl.1.csv,f43a2aa0c65fb061c87e9541e7a567dd58ff933a,157,2026-09-04T07:11:54.645Z,Eredivisie,2020-21,2021-01-23,Vitesse,Groningen,1,0,H,1,0,H,,source_reported_FT,Vitesse,Groningen
footballcsv/cache.footballdata,https://raw.githubusercontent.com/footballcsv/cache.footballdata/f43a2aa0c65fb061c87e9541e7a567dd58ff933a/2020-21/nl.1.csv,f43a2aa0c65fb061c87e9541e7a567dd58ff933a,163,2026-09-04T07:11:54.645Z,Eredivisie,2020-21,2021-01-24,Feyenoord,AZ Alkmaar,2,3,A,1,1,D,,source_reported_FT,Feyenoord,AZ Alkmaar
footballcsv/cache.footballdata,https://raw.githubusercontent.com/footballcsv/cache.footballdata/f43a2aa0c65fb061c87e9541e7a567dd58ff933a/2020-21/nl.1.csv,f43a2aa0c65fb061c87e9541e7a567dd58ff933a,160,2026-09-04T07:11:54.645Z,Eredivisie,2020-21,2021-01-24,For Sittard,Ajax,1,2,A,0,1,A,,source_reported_FT,For Sittard,Ajax
footballcsv/cache.footballdata,https://raw.githubusercontent.com/footballcsv/cache.footballdata/f43a2aa0c65fb061c87e9541e7a567dd58ff933a/2020-21/nl.1.csv,f43a2aa0c65fb061c87e9541e7a567dd58ff933a,161,2026-09-04T07:11:54.645Z,Eredivisie,2020-21,2021-01-24,Twente,VVV Venlo,0,1,A,0,0,D,,source_reported_FT,Twente,VVV Venlo
footballcsv/cache.footballdata,https://raw.githubusercontent.com/footballcsv/cache.footballdata/f43a2aa0c65fb061c87e9541e7a567dd58ff933a/2020-21/nl.1.csv,f43a2aa0c65fb061c87e9541e7a567dd58ff933a,162,2026-09-04T07:11:54.645Z,Eredivisie,2020-21,2021-01-24,Utrecht,Sparta Rotterdam,1,0,H,0,0,D,,source_reported_FT,Utrecht,Sparta Rotterdam
footballcsv/cache.footballdata,https://raw.githubusercontent.com/footballcsv/cache.footballdata/f43a2aa0c65fb061c87e9541e7a567dd58ff933a/2020-21/nl.1.csv,f43a2aa0c65fb061c87e9541e7a567dd58ff933a,165,2026-09-04T07:11:54.645Z,Eredivisie,2020-21,2021-01-26,FC Emmen,PSV Eindhoven,0,2,A,0,0,D,,source_reported_FT,FC Emmen,PSV Eindhoven
footballcsv/cache.footballdata,https://raw.githubusercontent.com/footballcsv/cache.footballdata/f43a2aa0c65fb061c87e9541e7a567dd58ff933a/2020-21/nl.1.csv,f43a2aa0c65fb061c87e9541e7a567dd58ff933a,166,2026-09-04T07:11:54.645Z,Eredivisie,2020-21,2021-01-26,Groningen,Den Haag,3,0,H,2,0,H,,source_reported_FT,Groningen,Den Haag
footballcsv/cache.footballdata,https://raw.githubusercontent.com/footballcsv/cache.footballdata/f43a2aa0c65fb061c87e9541e7a567dd58ff933a/2020-21/nl.1.csv,f43a2aa0c65fb061c87e9541e7a567dd58ff933a,164,2026-09-04T07:11:54.645Z,Eredivisie,2020-21,2021-01-26,Zwolle,Heracles,2,2,D,0,2,A,,source_reported_FT,Zwolle,Heracles
footballcsv/cache.footballdata,https://raw.githubusercontent.com/footballcsv/cache.footballdata/f43a2aa0c65fb061c87e9541e7a567dd58ff933a/2020-21/nl.1.csv,f43a2aa0c65fb061c87e9541e7a567dd58ff933a,167,2026-09-04T07:11:54.645Z,Eredivisie,2020-21,2021-01-27,AZ Alkmaar,Utrecht,0,1,A,0,0,D,,source_reported_FT,AZ Alkmaar,Utrecht
footballcsv/cache.footballdata,https://raw.githubusercontent.com/footballcsv/cache.footballdata/f43a2aa0c65fb061c87e9541e7a567dd58ff933a/2020-21/nl.1.csv,f43a2aa0c65fb061c87e9541e7a567dd58ff933a,170,2026-09-04T07:11:54.645Z,Eredivisie,2020-21,2021-01-27,Heerenveen,Feyenoord,3,0,H,2,0,H,,source_reported_FT,Heerenveen,Feyenoord
footballcsv/cache.footballdata,https://raw.githubusercontent.com/footballcsv/cache.footballdata/f43a2aa0c65fb061c87e9541e7a567dd58ff933a/2020-21/nl.1.csv,f43a2aa0c65fb061c87e9541e7a567dd58ff933a,168,2026-09-04T07:11:54.645Z,Eredivisie,2020-21,2021-01-27,VVV Venlo,Vitesse,4,1,H,3,0,H,,source_reported_FT,VVV Venlo,Vitesse
footballcsv/cache.footballdata,https://raw.githubusercontent.com/footballcsv/cache.footballdata/f43a2aa0c65fb061c87e9541e7a567dd58ff933a/2020-21/nl.1.csv,f43a2aa0c65fb061c87e9541e7a567dd58ff933a,169,2026-09-04T07:11:54.645Z,Eredivisie,2020-21,2021-01-27,Waalwijk,For Sittard,1,2,A,0,0,D,,source_reported_FT,Waalwijk,For Sittard
footballcsv/cache.footballdata,https://raw.githubusercontent.com/footballcsv/cache.footballdata/f43a2aa0c65fb061c87e9541e7a567dd58ff933a/2020-21/nl.1.csv,f43a2aa0c65fb061c87e9541e7a567dd58ff933a,171,2026-09-04T07:11:54.645Z,Eredivisie,2020-21,2021-01-28,Ajax,Willem II,3,1,H,0,0,D,,source_reported_FT,Ajax,Willem II
footballcsv/cache.footballdata,https://raw.githubusercontent.com/footballcsv/cache.footballdata/f43a2aa0c65fb061c87e9541e7a567dd58ff933a/2020-21/nl.1.csv,f43a2aa0c65fb061c87e9541e7a567dd58ff933a,172,2026-09-04T07:11:54.645Z,Eredivisie,2020-21,2021-01-28,Sparta Rotterdam,Twente,0,0,D,0,0,D,,source_reported_FT,Sparta Rotterdam,Twente
footballcsv/cache.footballdata,https://raw.githubusercontent.com/footballcsv/cache.footballdata/f43a2aa0c65fb061c87e9541e7a567dd58ff933a/2020-21/nl.1.csv,f43a2aa0c65fb061c87e9541e7a567dd58ff933a,175,2026-09-04T07:11:54.645Z,Eredivisie,2020-21,2021-01-30,For Sittard,VVV Venlo,3,2,H,1,0,H,,source_reported_FT,For Sittard,VVV Venlo
footballcsv/cache.footballdata,https://raw.githubusercontent.com/footballcsv/cache.footballdata/f43a2aa0c65fb061c87e9541e7a567dd58ff933a/2020-21/nl.1.csv,f43a2aa0c65fb061c87e9541e7a567dd58ff933a,173,2026-09-04T07:11:54.645Z,Eredivisie,2020-21,2021-01-30,Heracles,Groningen,1,0,H,1,0,H,,source_reported_FT,Heracles,Groningen
footballcsv/cache.footballdata,https://raw.githubusercontent.com/footballcsv/cache.footballdata/f43a2aa0c65fb061c87e9541e7a567dd58ff933a/2020-21/nl.1.csv,f43a2aa0c65fb061c87e9541e7a567dd58ff933a,174,2026-09-04T07:11:54.645Z,Eredivisie,2020-21,2021-01-30,Utrecht,Zwolle,3,3,D,1,2,A,,source_reported_FT,Utrecht,Zwolle
footballcsv/cache.footballdata,https://raw.githubusercontent.com/footballcsv/cache.footballdata/f43a2aa0c65fb061c87e9541e7a567dd58ff933a/2020-21/nl.1.csv,f43a2aa0c65fb061c87e9541e7a567dd58ff933a,176,2026-09-04T07:11:54.645Z,Eredivisie,2020-21,2021-01-30,Vitesse,Waalwijk,1,1,D,0,0,D,,source_reported_FT,Vitesse,Waalwijk
footballcsv/cache.footballdata,https://raw.githubusercontent.com/footballcsv/cache.footballdata/f43a2aa0c65fb061c87e9541e7a567dd58ff933a/2020-21/nl.1.csv,f43a2aa0c65fb061c87e9541e7a567dd58ff933a,180,2026-09-04T07:11:54.645Z,Eredivisie,2020-21,2021-01-31,AZ Alkmaar,Ajax,0,3,A,0,1,A,,source_reported_FT,AZ Alkmaar,Ajax
footballcsv/cache.footballdata,https://raw.githubusercontent.com/footballcsv/cache.footballdata/f43a2aa0c65fb061c87e9541e7a567dd58ff933a/2020-21/nl.1.csv,f43a2aa0c65fb061c87e9541e7a567dd58ff933a,181,2026-09-04T07:11:54.645Z,Eredivisie,2020-21,2021-01-31,Den Haag,Sparta Rotterdam,1,1,D,1,0,H,,source_reported_FT,Den Haag,Sparta Rotterdam
footballcsv/cache.footballdata,https://raw.githubusercontent.com/footballcsv/cache.footballdata/f43a2aa0c65fb061c87e9541e7a567dd58ff933a/2020-21/nl.1.csv,f43a2aa0c65fb061c87e9541e7a567dd58ff933a,178,2026-09-04T07:11:54.645Z,Eredivisie,2020-21,2021-01-31,Feyenoord,PSV Eindhoven,3,1,H,3,0,H,,source_reported_FT,Feyenoord,PSV Eindhoven
footballcsv/cache.footballdata,https://raw.githubusercontent.com/footballcsv/cache.footballdata/f43a2aa0c65fb061c87e9541e7a567dd58ff933a/2020-21/nl.1.csv,f43a2aa0c65fb061c87e9541e7a567dd58ff933a,177,2026-09-04T07:11:54.645Z,Eredivisie,2020-21,2021-01-31,Twente,Heerenveen,0,0,D,0,0,D,,source_reported_FT,Twente,Heerenveen
footballcsv/cache.footballdata,https://raw.githubusercontent.com/footballcsv/cache.footballdata/f43a2aa0c65fb061c87e9541e7a567dd58ff933a/2020-21/nl.1.csv,f43a2aa0c65fb061c87e9541e7a567dd58ff933a,179,2026-09-04T07:11:54.645Z,Eredivisie,2020-21,2021-01-31,Willem II,FC Emmen,2,0,H,1,0,H,,source_reported_FT,Willem II,FC Emmen
footballcsv/cache.footballdata,https://raw.githubusercontent.com/footballcsv/cache.footballdata/f43a2aa0c65fb061c87e9541e7a567dd58ff933a/2020-21/nl.1.csv,f43a2aa0c65fb061c87e9541e7a567dd58ff933a,182,2026-09-04T07:11:54.645Z,Eredivisie,2020-21,2021-02-05,For Sittard,Heracles,0,1,A,0,1,A,,source_reported_FT,For Sittard,Heracles
footballcsv/cache.footballdata,https://raw.githubusercontent.com/footballcsv/cache.footballdata/f43a2aa0c65fb061c87e9541e7a567dd58ff933a/2020-21/nl.1.csv,f43a2aa0c65fb061c87e9541e7a567dd58ff933a,183,2026-09-04T07:11:54.645Z,Eredivisie,2020-21,2021-02-06,FC Emmen,AZ Alkmaar,0,1,A,0,0,D,,source_reported_FT,FC Emmen,AZ Alkmaar
footballcsv/cache.footballdata,https://raw.githubusercontent.com/footballcsv/cache.footballdata/f43a2aa0c65fb061c87e9541e7a567dd58ff933a/2020-21/nl.1.csv,f43a2aa0c65fb061c87e9541e7a567dd58ff933a,185,2026-09-04T07:11:54.645Z,Eredivisie,2020-21,2021-02-06,Heerenveen,Vitesse,1,0,H,0,0,D,,source_reported_FT,Heerenveen,Vitesse
footballcsv/cache.footballdata,https://raw.githubusercontent.com/footballcsv/cache.footballdata/f43a2aa0c65fb061c87e9541e7a567dd58ff933a/2020-21/nl.1.csv,f43a2aa0c65fb061c87e9541e7a567dd58ff933a,186,2026-09-04T07:11:54.645Z,Eredivisie,2020-21,2021-02-06,PSV Eindhoven,Twente,3,0,H,2,0,H,,source_reported_FT,PSV Eindhoven,Twente
footballcsv/cache.footballdata,https://raw.githubusercontent.com/footballcsv/cache.footballdata/f43a2aa0c65fb061c87e9541e7a567dd58ff933a/2020-21/nl.1.csv,f43a2aa0c65fb061c87e9541e7a567dd58ff933a,184,2026-09-04T07:11:54.645Z,Eredivisie,2020-21,2021-02-06,Zwolle,Waalwijk,1,1,D,0,1,A,,source_reported_FT,Zwolle,Waalwijk
footballcsv/cache.footballdata,https://raw.githubusercontent.com/footballcsv/cache.footballdata/f43a2aa0c65fb061c87e9541e7a567dd58ff933a/2020-21/nl.1.csv,f43a2aa0c65fb061c87e9541e7a567dd58ff933a,187,2026-09-04T07:11:54.645Z,Eredivisie,2020-21,2021-02-12,Waalwijk,FC Emmen,1,0,H,0,0,D,,source_reported_FT,Waalwijk,FC Emmen
footballcsv/cache.footballdata,https://raw.githubusercontent.com/footballcsv/cache.footballdata/f43a2aa0c65fb061c87e9541e7a567dd58ff933a/2020-21/nl.1.csv,f43a2aa0c65fb061c87e9541e7a567dd58ff933a,190,2026-09-04T07:11:54.645Z,Eredivisie,2020-21,2021-02-13,Den Haag,PSV Eindhoven,2,2,D,1,0,H,,source_reported_FT,Den Haag,PSV Eindhoven
footballcsv/cache.footballdata,https://raw.githubusercontent.com/footballcsv/cache.footballdata/f43a2aa0c65fb061c87e9541e7a567dd58ff933a/2020-21/nl.1.csv,f43a2aa0c65fb061c87e9541e7a567dd58ff933a,188,2026-09-04T07:11:54.645Z,Eredivisie,2020-21,2021-02-13,Groningen,Zwolle,1,0,H,1,0,H,,source_reported_FT,Groningen,Zwolle
footballcsv/cache.footballdata,https://raw.githubusercontent.com/footballcsv/cache.footballdata/f43a2aa0c65fb061c87e9541e7a567dd58ff933a/2020-21/nl.1.csv,f43a2aa0c65fb061c87e9541e7a567dd58ff933a,191,2026-09-04T07:11:54.645Z,Eredivisie,2020-21,2021-02-13,Heracles,Ajax,0,2,A,0,1,A,,source_reported_FT,Heracles,Ajax
footballcsv/cache.footballdata,https://raw.githubusercontent.com/footballcsv/cache.footballdata/f43a2aa0c65fb061c87e9541e7a567dd58ff933a/2020-21/nl.1.csv,f43a2aa0c65fb061c87e9541e7a567dd58ff933a,189,2026-09-04T07:11:54.645Z,Eredivisie,2020-21,2021-02-13,Sparta Rotterdam,For Sittard,1,2,A,1,1,D,,source_reported_FT,Sparta Rotterdam,For Sittard
footballcsv/cache.footballdata,https://raw.githubusercontent.com/footballcsv/cache.footballdata/f43a2aa0c65fb061c87e9541e7a567dd58ff933a/2020-21/nl.1.csv,f43a2aa0c65fb061c87e9541e7a567dd58ff933a,192,2026-09-04T07:11:54.645Z,Eredivisie,2020-21,2021-02-14,AZ Alkmaar,Heerenveen,3,1,H,1,0,H,,source_reported_FT,AZ Alkmaar,Heerenveen
footballcsv/cache.footballdata,https://raw.githubusercontent.com/footballcsv/cache.footballdata/f43a2aa0c65fb061c87e9541e7a567dd58ff933a/2020-21/nl.1.csv,f43a2aa0c65fb061c87e9541e7a567dd58ff933a,193,2026-09-04T07:11:54.645Z,Eredivisie,2020-21,2021-02-14,Feyenoord,Willem II,5,0,H,1,0,H,,source_reported_FT,Feyenoord,Willem II
footballcsv/cache.footballdata,https://raw.githubusercontent.com/footballcsv/cache.footballdata/f43a2aa0c65fb061c87e9541e7a567dd58ff933a/2020-21/nl.1.csv,f43a2aa0c65fb061c87e9541e7a567dd58ff933a,194,2026-09-04T07:11:54.645Z,Eredivisie,2020-21,2021-02-14,Utrecht,VVV Venlo,3,1,H,0,0,D,,source_reported_FT,Utrecht,VVV Venlo
footballcsv/cache.footballdata,https://raw.githubusercontent.com/footballcsv/cache.footballdata/f43a2aa0c65fb061c87e9541e7a567dd58ff933a/2020-21/nl.1.csv,f43a2aa0c65fb061c87e9541e7a567dd58ff933a,195,2026-09-04T07:11:54.645Z,Eredivisie,2020-21,2021-02-14,Vitesse,Twente,0,2,A,0,1,A,,source_reported_FT,Vitesse,Twente
footballcsv/cache.footballdata,https://raw.githubusercontent.com/footballcsv/cache.footballdata/f43a2aa0c65fb061c87e9541e7a567dd58ff933a/2020-21/nl.1.csv,f43a2aa0c65fb061c87e9541e7a567dd58ff933a,196,2026-09-04T07:11:54.645Z,Eredivisie,2020-21,2021-02-19,Willem II,Utrecht,0,6,A,0,3,A,,source_reported_FT,Willem II,Utrecht
footballcsv/cache.footballdata,https://raw.githubusercontent.com/footballcsv/cache.footballdata/f43a2aa0c65fb061c87e9541e7a567dd58ff933a/2020-21/nl.1.csv,f43a2aa0c65fb061c87e9541e7a567dd58ff933a,197,2026-09-04T07:11:54.645Z,Eredivisie,2020-21,2021-02-20,FC Emmen,Zwolle,3,2,H,2,1,H,,source_reported_FT,FC Emmen,Zwolle
footballcsv/cache.footballdata,https://raw.githubusercontent.com/footballcsv/cache.footballdata/f43a2aa0c65fb061c87e9541e7a567dd58ff933a/2020-21/nl.1.csv,f43a2aa0c65fb061c87e9541e7a567dd58ff933a,199,2026-09-04T07:11:54.645Z,Eredivisie,2020-21,2021-02-20,For Sittard,Den Haag,2,0,H,1,0,H,,source_reported_FT,For Sittard,Den Haag
footballcsv/cache.footballdata,https://raw.githubusercontent.com/footballcsv/cache.footballdata/f43a2aa0c65fb061c87e9541e7a567dd58ff933a/2020-21/nl.1.csv,f43a2aa0c65fb061c87e9541e7a567dd58ff933a,198,2026-09-04T07:11:54.645Z,Eredivisie,2020-21,2021-02-20,VVV Venlo,AZ Alkmaar,1,4,A,1,1,D,,source_reported_FT,VVV Venlo,AZ Alkmaar
footballcsv/cache.footballdata,https://raw.githubusercontent.com/footballcsv/cache.footballdata/f43a2aa0c65fb061c87e9541e7a567dd58ff933a/2020-21/nl.1.csv,f43a2aa0c65fb061c87e9541e7a567dd58ff933a,204,2026-09-04T07:11:54.645Z,Eredivisie,2020-21,2021-02-21,Ajax,Sparta Rotterdam,4,2,H,3,0,H,,source_reported_FT,Ajax,Sparta Rotterdam
footballcsv/cache.footballdata,https://raw.githubusercontent.com/footballcsv/cache.footballdata/f43a2aa0c65fb061c87e9541e7a567dd58ff933a/2020-21/nl.1.csv,f43a2aa0c65fb061c87e9541e7a567dd58ff933a,201,2026-09-04T07:11:54.645Z,Eredivisie,2020-21,2021-02-21,Heerenveen,Groningen,1,1,D,1,0,H,,source_reported_FT,Heerenveen,Groningen
footballcsv/cache.footballdata,https://raw.githubusercontent.com/footballcsv/cache.footballdata/f43a2aa0c65fb061c87e9541e7a567dd58ff933a/2020-21/nl.1.csv,f43a2aa0c65fb061c87e9541e7a567dd58ff933a,203,2026-09-04T07:11:54.645Z,Eredivisie,2020-21,2021-02-21,PSV Eindhoven,Vitesse,3,1,H,0,1,A,,source_reported_FT,PSV Eindhoven,Vitesse
footballcsv/cache.footballdata,https://raw.githubusercontent.com/footballcsv/cache.footballdata/f43a2aa0c65fb061c87e9541e7a567dd58ff933a/2020-21/nl.1.csv,f43a2aa0c65fb061c87e9541e7a567dd58ff933a,200,2026-09-04T07:11:54.645Z,Eredivisie,2020-21,2021-02-21,Twente,Feyenoord,2,2,D,2,1,H,,source_reported_FT,Twente,Feyenoord
footballcsv/cache.footballdata,https://raw.githubusercontent.com/footballcsv/cache.footballdata/f43a2aa0c65fb061c87e9541e7a567dd58ff933a/2020-21/nl.1.csv,f43a2aa0c65fb061c87e9541e7a567dd58ff933a,202,2026-09-04T07:11:54.645Z,Eredivisie,2020-21,2021-02-21,Waalwijk,Heracles,3,0,H,2,0,H,,source_reported_FT,Waalwijk,Heracles
footballcsv/cache.footballdata,https://raw.githubusercontent.com/footballcsv/cache.footballdata/f43a2aa0c65fb061c87e9541e7a567dd58ff933a/2020-21/nl.1.csv,f43a2aa0c65fb061c87e9541e7a567dd58ff933a,206,2026-09-04T07:11:54.645Z,Eredivisie,2020-21,2021-02-24,Groningen,Feyenoord,0,0,D,0,0,D,,source_reported_FT,Groningen,Feyenoord
footballcsv/cache.footballdata,https://raw.githubusercontent.com/footballcsv/cache.footballdata/f43a2aa0c65fb061c87e9541e7a567dd58ff933a/2020-21/nl.1.csv,f43a2aa0c65fb061c87e9541e7a567dd58ff933a,205,2026-09-04T07:11:54.645Z,Eredivisie,2020-21,2021-02-24,Willem II,Den Haag,1,1,D,0,0,D,,source_reported_FT,Willem II,Den Haag
footballcsv/cache.footballdata,https://raw.githubusercontent.com/footballcsv/cache.footballdata/f43a2aa0c65fb061c87e9541e7a567dd58ff933a/2020-21/nl.1.csv,f43a2aa0c65fb061c87e9541e7a567dd58ff933a,207,2026-09-04T07:11:54.645Z,Eredivisie,2020-21,2021-02-26,Zwolle,Heerenveen,4,1,H,0,1,A,,source_reported_FT,Zwolle,Heerenveen
footballcsv/cache.footballdata,https://raw.githubusercontent.com/footballcsv/cache.footballdata/f43a2aa0c65fb061c87e9541e7a567dd58ff933a/2020-21/nl.1.csv,f43a2aa0c65fb061c87e9541e7a567dd58ff933a,209,2026-09-04T07:11:54.645Z,Eredivisie,2020-21,2021-02-27,Den Haag,Waalwijk,0,0,D,0,0,D,,source_reported_FT,Den Haag,Waalwijk
footballcsv/cache.footballdata,https://raw.githubusercontent.com/footballcsv/cache.footballdata/f43a2aa0c65fb061c87e9541e7a567dd58ff933a/2020-21/nl.1.csv,f43a2aa0c65fb061c87e9541e7a567dd58ff933a,211,2026-09-04T07:11:54.645Z,Eredivisie,2020-21,2021-02-27,Heracles,Twente,2,2,D,1,1,D,,source_reported_FT,Heracles,Twente
footballcsv/cache.footballdata,https://raw.githubusercontent.com/footballcsv/cache.footballdata/f43a2aa0c65fb061c87e9541e7a567dd58ff933a/2020-21/nl.1.csv,f43a2aa0c65fb061c87e9541e7a567dd58ff933a,208,2026-09-04T07:11:54.645Z,Eredivisie,2020-21,2021-02-27,Utrecht,FC Emmen,0,1,A,0,1,A,,source_reported_FT,Utrecht,FC Emmen
footballcsv/cache.footballdata,https://raw.githubusercontent.com/footballcsv/cache.footballdata/f43a2aa0c65fb061c87e9541e7a567dd58ff933a/2020-21/nl.1.csv,f43a2aa0c65fb061c87e9541e7a567dd58ff933a,210,2026-09-04T07:11:54.645Z,Eredivisie,2020-21,2021-02-27,Vitesse,VVV Venlo,4,1,H,1,1,D,,source_reported_FT,Vitesse,VVV Venlo
footballcsv/cache.footballdata,https://raw.githubusercontent.com/footballcsv/cache.footballdata/f43a2aa0c65fb061c87e9541e7a567dd58ff933a/2020-21/nl.1.csv,f43a2aa0c65fb061c87e9541e7a567dd58ff933a,215,2026-09-04T07:11:54.645Z,Eredivisie,2020-21,2021-02-28,AZ Alkmaar,Feyenoord,4,2,H,2,2,D,,source_reported_FT,AZ Alkmaar,Feyenoord
footballcsv/cache.footballdata,https://raw.githubusercontent.com/footballcsv/cache.footballdata/f43a2aa0c65fb061c87e9541e7a567dd58ff933a/2020-21/nl.1.csv,f43a2aa0c65fb061c87e9541e7a567dd58ff933a,213,2026-09-04T07:11:54.645Z,Eredivisie,2020-21,2021-02-28,Groningen,For Sittard,1,0,H,0,0,D,,source_reported_FT,Groningen,For Sittard
footballcsv/cache.footballdata,https://raw.githubusercontent.com/footballcsv/cache.footballdata/f43a2aa0c65fb061c87e9541e7a567dd58ff933a/2020-21/nl.1.csv,f43a2aa0c65fb061c87e9541e7a567dd58ff933a,214,2026-09-04T07:11:54.645Z,Eredivisie,2020-21,2021-02-28,PSV Eindhoven,Ajax,1,1,D,1,0,H,,source_reported_FT,PSV Eindhoven,Ajax
footballcsv/cache.footballdata,https://raw.githubusercontent.com/footballcsv/cache.footballdata/f43a2aa0c65fb061c87e9541e7a567dd58ff933a/2020-21/nl.1.csv,f43a2aa0c65fb061c87e9541e7a567dd58ff933a,212,2026-09-04T07:11:54.645Z,Eredivisie,2020-21,2021-02-28,Sparta Rotterdam,Willem II,0,2,A,0,0,D,,source_reported_FT,Sparta Rotterdam,Willem II
footballcsv/cache.footballdata,https://raw.githubusercontent.com/footballcsv/cache.footballdata/f43a2aa0c65fb061c87e9541e7a567dd58ff933a/2020-21/nl.1.csv,f43a2aa0c65fb061c87e9541e7a567dd58ff933a,216,2026-09-04T07:11:54.645Z,Eredivisie,2020-21,2021-03-05,FC Emmen,Sparta Rotterdam,1,1,D,0,1,A,,source_reported_FT,FC Emmen,Sparta Rotterdam
footballcsv/cache.footballdata,https://raw.githubusercontent.com/footballcsv/cache.footballdata/f43a2aa0c65fb061c87e9541e7a567dd58ff933a/2020-21/nl.1.csv,f43a2aa0c65fb061c87e9541e7a567dd58ff933a,217,2026-09-04T07:11:54.645Z,Eredivisie,2020-21,2021-03-06,Feyenoord,VVV Venlo,6,0,H,3,0,H,,source_reported_FT,Feyenoord,VVV Venlo
footballcsv/cache.footballdata,https://raw.githubusercontent.com/footballcsv/cache.footballdata/f43a2aa0c65fb061c87e9541e7a567dd58ff933a/2020-21/nl.1.csv,f43a2aa0c65fb061c87e9541e7a567dd58ff933a,219,2026-09-04T07:11:54.645Z,Eredivisie,2020-21,2021-03-06,Heerenveen,Den Haag,3,0,H,1,0,H,,source_reported_FT,Heerenveen,Den Haag
footballcsv/cache.footballdata,https://raw.githubusercontent.com/footballcsv/cache.footballdata/f43a2aa0c65fb061c87e9541e7a567dd58ff933a/2020-21/nl.1.csv,f43a2aa0c65fb061c87e9541e7a567dd58ff933a,218,2026-09-04T07:11:54.645Z,Eredivisie,2020-21,2021-03-06,Twente,Willem II,1,1,D,0,0,D,,source_reported_FT,Twente,Willem II
footballcsv/cache.footballdata,https://raw.githubusercontent.com/footballcsv/cache.footballdata/f43a2aa0c65fb061c87e9541e7a567dd58ff933a/2020-21/nl.1.csv,f43a2aa0c65fb061c87e9541e7a567dd58ff933a,220,2026-09-04T07:11:54.645Z,Eredivisie,2020-21,2021-03-06,Waalwijk,Utrecht,1,2,A,0,1,A,,source_reported_FT,Waalwijk,Utrecht
footballcsv/cache.footballdata,https://raw.githubusercontent.com/footballcsv/cache.footballdata/f43a2aa0c65fb061c87e9541e7a567dd58ff933a/2020-21/nl.1.csv,f43a2aa0c65fb061c87e9541e7a567dd58ff933a,221,2026-09-04T07:11:54.645Z,Eredivisie,2020-21,2021-03-07,Ajax,Groningen,3,1,H,1,0,H,,source_reported_FT,Ajax,Groningen
footballcsv/cache.footballdata,https://raw.githubusercontent.com/footballcsv/cache.footballdata/f43a2aa0c65fb061c87e9541e7a567dd58ff933a/2020-21/nl.1.csv,f43a2aa0c65fb061c87e9541e7a567dd58ff933a,222,2026-09-04T07:11:54.645Z,Eredivisie,2020-21,2021-03-07,For Sittard,PSV Eindhoven,1,3,A,0,2,A,,source_reported_FT,For Sittard,PSV Eindhoven
footballcsv/cache.footballdata,https://raw.githubusercontent.com/footballcsv/cache.footballdata/f43a2aa0c65fb061c87e9541e7a567dd58ff933a/2020-21/nl.1.csv,f43a2aa0c65fb061c87e9541e7a567dd58ff933a,223,2026-09-04T07:11:54.645Z,Eredivisie,2020-21,2021-03-07,Heracles,Zwolle,2,1,H,0,0,D,,source_reported_FT,Heracles,Zwolle
footballcsv/cache.footballdata,https://raw.githubusercontent.com/footballcsv/cache.footballdata/f43a2aa0c65fb061c87e9541e7a567dd58ff933a/2020-21/nl.1.csv,f43a2aa0c65fb061c87e9541e7a567dd58ff933a,224,2026-09-04T07:11:54.645Z,Eredivisie,2020-21,2021-03-07,Vitesse,AZ Alkmaar,2,1,H,1,0,H,,source_reported_FT,Vitesse,AZ Alkmaar
footballcsv/cache.footballdata,https://raw.githubusercontent.com/footballcsv/cache.footballdata/f43a2aa0c65fb061c87e9541e7a567dd58ff933a/2020-21/nl.1.csv,f43a2aa0c65fb061c87e9541e7a567dd58ff933a,225,2026-09-04T07:11:54.645Z,Eredivisie,2020-21,2021-03-09,VVV Venlo,Sparta Rotterdam,0,1,A,0,0,D,,source_reported_FT,VVV Venlo,Sparta Rotterdam
footballcsv/cache.footballdata,https://raw.githubusercontent.com/footballcsv/cache.footballdata/f43a2aa0c65fb061c87e9541e7a567dd58ff933a/2020-21/nl.1.csv,f43a2aa0c65fb061c87e9541e7a567dd58ff933a,228,2026-09-04T07:11:54.645Z,Eredivisie,2020-21,2021-03-13,AZ Alkmaar,Twente,4,1,H,3,1,H,,source_reported_FT,AZ Alkmaar,Twente
footballcsv/cache.footballdata,https://raw.githubusercontent.com/footballcsv/cache.footballdata/f43a2aa0c65fb061c87e9541e7a567dd58ff933a/2020-21/nl.1.csv,f43a2aa0c65fb061c87e9541e7a567dd58ff933a,227,2026-09-04T07:11:54.645Z,Eredivisie,2020-21,2021-03-13,Den Haag,Heracles,1,2,A,0,0,D,,source_reported_FT,Den Haag,Heracles
footballcsv/cache.footballdata,https://raw.githubusercontent.com/footballcsv/cache.footballdata/f43a2aa0c65fb061c87e9541e7a567dd58ff933a/2020-21/nl.1.csv,f43a2aa0c65fb061c87e9541e7a567dd58ff933a,229,2026-09-04T07:11:54.645Z,Eredivisie,2020-21,2021-03-13,Groningen,FC Emmen,1,1,D,0,1,A,,source_reported_FT,Groningen,FC Emmen
footballcsv/cache.footballdata,https://raw.githubusercontent.com/footballcsv/cache.footballdata/f43a2aa0c65fb061c87e9541e7a567dd58ff933a/2020-21/nl.1.csv,f43a2aa0c65fb061c87e9541e7a567dd58ff933a,230,2026-09-04T07:11:54.645Z,Eredivisie,2020-21,2021-03-13,Sparta Rotterdam,Waalwijk,2,0,H,0,0,D,,source_reported_FT,Sparta Rotterdam,Waalwijk
footballcsv/cache.footballdata,https://raw.githubusercontent.com/footballcsv/cache.footballdata/f43a2aa0c65fb061c87e9541e7a567dd58ff933a/2020-21/nl.1.csv,f43a2aa0c65fb061c87e9541e7a567dd58ff933a,226,2026-09-04T07:11:54.645Z,Eredivisie,2020-21,2021-03-13,Willem II,Heerenveen,3,1,H,1,0,H,,source_reported_FT,Willem II,Heerenveen
footballcsv/cache.footballdata,https://raw.githubusercontent.com/footballcsv/cache.footballdata/f43a2aa0c65fb061c87e9541e7a567dd58ff933a/2020-21/nl.1.csv,f43a2aa0c65fb061c87e9541e7a567dd58ff933a,232,2026-09-04T07:11:54.645Z,Eredivisie,2020-21,2021-03-14,PSV Eindhoven,Feyenoord,1,1,D,1,1,D,,source_reported_FT,PSV Eindhoven,Feyenoord
footballcsv/cache.footballdata,https://raw.githubusercontent.com/footballcsv/cache.footballdata/f43a2aa0c65fb061c87e9541e7a567dd58ff933a/2020-21/nl.1.csv,f43a2aa0c65fb061c87e9541e7a567dd58ff933a,233,2026-09-04T07:11:54.645Z,Eredivisie,2020-21,2021-03-14,Utrecht,Vitesse,1,3,A,1,1,D,,source_reported_FT,Utrecht,Vitesse
footballcsv/cache.footballdata,https://raw.githubusercontent.com/footballcsv/cache.footballdata/f43a2aa0c65fb061c87e9541e7a567dd58ff933a/2020-21/nl.1.csv,f43a2aa0c65fb061c87e9541e7a567dd58ff933a,231,2026-09-04T07:11:54.645Z,Eredivisie,2020-21,2021-03-14,VVV Venlo,For Sittard,1,3,A,0,1,A,,source_reported_FT,VVV Venlo,For Sittard
footballcsv/cache.footballdata,https://raw.githubusercontent.com/footballcsv/cache.footballdata/f43a2aa0c65fb061c87e9541e7a567dd58ff933a/2020-21/nl.1.csv,f43a2aa0c65fb061c87e9541e7a567dd58ff933a,234,2026-09-04T07:11:54.645Z,Eredivisie,2020-21,2021-03-14,Zwolle,Ajax,0,2,A,0,2,A,,source_reported_FT,Zwolle,Ajax
footballcsv/cache.footballdata,https://raw.githubusercontent.com/footballcsv/cache.footballdata/f43a2aa0c65fb061c87e9541e7a567dd58ff933a/2020-21/nl.1.csv,f43a2aa0c65fb061c87e9541e7a567dd58ff933a,235,2026-09-04T07:11:54.645Z,Eredivisie,2020-21,2021-03-19,Heerenveen,Twente,0,0,D,0,0,D,,source_reported_FT,Heerenveen,Twente
footballcsv/cache.footballdata,https://raw.githubusercontent.com/footballcsv/cache.footballdata/f43a2aa0c65fb061c87e9541e7a567dd58ff933a/2020-21/nl.1.csv,f43a2aa0c65fb061c87e9541e7a567dd58ff933a,237,2026-09-04T07:11:54.645Z,Eredivisie,2020-21,2021-03-20,Feyenoord,FC Emmen,1,1,D,1,0,H,,source_reported_FT,Feyenoord,FC Emmen
footballcsv/cache.footballdata,https://raw.githubusercontent.com/footballcsv/cache.footballdata/f43a2aa0c65fb061c87e9541e7a567dd58ff933a/2020-21/nl.1.csv,f43a2aa0c65fb061c87e9541e7a567dd58ff933a,236,2026-09-04T07:11:54.645Z,Eredivisie,2020-21,2021-03-20,For Sittard,Utrecht,0,1,A,0,0,D,,source_reported_FT,For Sittard,Utrecht
footballcsv/cache.footballdata,https://raw.githubusercontent.com/footballcsv/cache.footballdata/f43a2aa0c65fb061c87e9541e7a567dd58ff933a/2020-21/nl.1.csv,f43a2aa0c65fb061c87e9541e7a567dd58ff933a,238,2026-09-04T07:11:54.645Z,Eredivisie,2020-21,2021-03-20,Waalwijk,Groningen,3,1,H,2,1,H,,source_reported_FT,Waalwijk,Groningen
footballcsv/cache.footballdata,https://raw.githubusercontent.com/footballcsv/cache.footballdata/f43a2aa0c65fb061c87e9541e7a567dd58ff933a/2020-21/nl.1.csv,f43a2aa0c65fb061c87e9541e7a567dd58ff933a,240,2026-09-04T07:11:54.645Z,Eredivisie,2020-21,2021-03-21,AZ Alkmaar,PSV Eindhoven,2,0,H,1,0,H,,source_reported_FT,AZ Alkmaar,PSV Eindhoven
footballcsv/cache.footballdata,https://raw.githubusercontent.com/footballcsv/cache.footballdata/f43a2aa0c65fb061c87e9541e7a567dd58ff933a/2020-21/nl.1.csv,f43a2aa0c65fb061c87e9541e7a567dd58ff933a,243,2026-09-04T07:11:54.645Z,Eredivisie,2020-21,2021-03-21,Ajax,Den Haag,5,0,H,4,0,H,,source_reported_FT,Ajax,Den Haag
footballcsv/cache.footballdata,https://raw.githubusercontent.com/footballcsv/cache.footballdata/f43a2aa0c65fb061c87e9541e7a567dd58ff933a/2020-21/nl.1.csv,f43a2aa0c65fb061c87e9541e7a567dd58ff933a,242,2026-09-04T07:11:54.645Z,Eredivisie,2020-21,2021-03-21,Heracles,Sparta Rotterdam,1,1,D,0,0,D,,source_reported_FT,Heracles,Sparta Rotterdam
footballcsv/cache.footballdata,https://raw.githubusercontent.com/footballcsv/cache.footballdata/f43a2aa0c65fb061c87e9541e7a567dd58ff933a/2020-21/nl.1.csv,f43a2aa0c65fb061c87e9541e7a567dd58ff933a,241,2026-09-04T07:11:54.645Z,Eredivisie,2020-21,2021-03-21,Vitesse,Willem II,0,0,D,0,0,D,,source_reported_FT,Vitesse,Willem II
footballcsv/cache.footballdata,https://raw.githubusercontent.com/footballcsv/cache.footballdata/f43a2aa0c65fb061c87e9541e7a567dd58ff933a/2020-21/nl.1.csv,f43a2aa0c65fb061c87e9541e7a567dd58ff933a,239,2026-09-04T07:11:54.645Z,Eredivisie,2020-21,2021-03-21,Zwolle,VVV Venlo,2,1,H,0,0,D,,source_reported_FT,Zwolle,VVV Venlo
footballcsv/cache.footballdata,https://raw.githubusercontent.com/footballcsv/cache.footballdata/f43a2aa0c65fb061c87e9541e7a567dd58ff933a/2020-21/nl.1.csv,f43a2aa0c65fb061c87e9541e7a567dd58ff933a,247,2026-09-04T07:11:54.645Z,Eredivisie,2020-21,2021-04-03,Sparta Rotterdam,Zwolle,3,2,H,1,0,H,,source_reported_FT,Sparta Rotterdam,Zwolle
footballcsv/cache.footballdata,https://raw.githubusercontent.com/footballcsv/cache.footballdata/f43a2aa0c65fb061c87e9541e7a567dd58ff933a/2020-21/nl.1.csv,f43a2aa0c65fb061c87e9541e7a567dd58ff933a,245,2026-09-04T07:11:54.645Z,Eredivisie,2020-21,2021-04-03,Twente,Vitesse,1,2,A,1,1,D,,source_reported_FT,Twente,Vitesse
footballcsv/cache.footballdata,https://raw.githubusercontent.com/footballcsv/cache.footballdata/f43a2aa0c65fb061c87e9541e7a567dd58ff933a/2020-21/nl.1.csv,f43a2aa0c65fb061c87e9541e7a567dd58ff933a,244,2026-09-04T07:11:54.645Z,Eredivisie,2020-21,2021-04-03,VVV Venlo,Groningen,0,1,A,0,0,D,,source_reported_FT,VVV Venlo,Groningen
footballcsv/cache.footballdata,https://raw.githubusercontent.com/footballcsv/cache.footballdata/f43a2aa0c65fb061c87e9541e7a567dd58ff933a/2020-21/nl.1.csv,f43a2aa0c65fb061c87e9541e7a567dd58ff933a,246,2026-09-04T07:11:54.645Z,Eredivisie,2020-21,2021-04-03,Willem II,AZ Alkmaar,0,1,A,0,0,D,,source_reported_FT,Willem II,AZ Alkmaar
footballcsv/cache.footballdata,https://raw.githubusercontent.com/footballcsv/cache.footballdata/f43a2aa0c65fb061c87e9541e7a567dd58ff933a/2020-21/nl.1.csv,f43a2aa0c65fb061c87e9541e7a567dd58ff933a,249,2026-09-04T07:11:54.645Z,Eredivisie,2020-21,2021-04-04,Den Haag,Utrecht,1,4,A,0,3,A,,source_reported_FT,Den Haag,Utrecht
footballcsv/cache.footballdata,https://raw.githubusercontent.com/footballcsv/cache.footballdata/f43a2aa0c65fb061c87e9541e7a567dd58ff933a/2020-21/nl.1.csv,f43a2aa0c65fb061c87e9541e7a567dd58ff933a,251,2026-09-04T07:11:54.645Z,Eredivisie,2020-21,2021-04-04,FC Emmen,Waalwijk,3,1,H,3,0,H,,source_reported_FT,FC Emmen,Waalwijk
footballcsv/cache.footballdata,https://raw.githubusercontent.com/footballcsv/cache.footballdata/f43a2aa0c65fb061c87e9541e7a567dd58ff933a/2020-21/nl.1.csv,f43a2aa0c65fb061c87e9541e7a567dd58ff933a,248,2026-09-04T07:11:54.645Z,Eredivisie,2020-21,2021-04-04,Feyenoord,For Sittard,2,0,H,0,0,D,,source_reported_FT,Feyenoord,For Sittard
footballcsv/cache.footballdata,https://raw.githubusercontent.com/footballcsv/cache.footballdata/f43a2aa0c65fb061c87e9541e7a567dd58ff933a/2020-21/nl.1.csv,f43a2aa0c65fb061c87e9541e7a567dd58ff933a,252,2026-09-04T07:11:54.645Z,Eredivisie,2020-21,2021-04-04,Heerenveen,Ajax,1,2,A,1,1,D,,source_reported_FT,Heerenveen,Ajax
footballcsv/cache.footballdata,https://raw.githubusercontent.com/footballcsv/cache.footballdata/f43a2aa0c65fb061c87e9541e7a567dd58ff933a/2020-21/nl.1.csv,f43a2aa0c65fb061c87e9541e7a567dd58ff933a,250,2026-09-04T07:11:54.645Z,Eredivisie,2020-21,2021-04-04,PSV Eindhoven,Heracles,3,0,H,2,0,H,,source_reported_FT,PSV Eindhoven,Heracles
footballcsv/cache.footballdata,https://raw.githubusercontent.com/footballcsv/cache.footballdata/f43a2aa0c65fb061c87e9541e7a567dd58ff933a/2020-21/nl.1.csv,f43a2aa0c65fb061c87e9541e7a567dd58ff933a,253,2026-09-04T07:11:54.645Z,Eredivisie,2020-21,2021-04-09,Vitesse,Den Haag,0,0,D,0,0,D,,source_reported_FT,Vitesse,Den Haag
footballcsv/cache.footballdata,https://raw.githubusercontent.com/footballcsv/cache.footballdata/f43a2aa0c65fb061c87e9541e7a567dd58ff933a/2020-21/nl.1.csv,f43a2aa0c65fb061c87e9541e7a567dd58ff933a,255,2026-09-04T07:11:54.645Z,Eredivisie,2020-21,2021-04-10,AZ Alkmaar,Sparta Rotterdam,2,0,H,1,0,H,,source_reported_FT,AZ Alkmaar,Sparta Rotterdam
footballcsv/cache.footballdata,https://raw.githubusercontent.com/footballcsv/cache.footballdata/f43a2aa0c65fb061c87e9541e7a567dd58ff933a/2020-21/nl.1.csv,f43a2aa0c65fb061c87e9541e7a567dd58ff933a,256,2026-09-04T07:11:54.645Z,Eredivisie,2020-21,2021-04-10,For Sittard,FC Emmen,1,3,A,0,0,D,,source_reported_FT,For Sittard,FC Emmen
footballcsv/cache.footballdata,https://raw.githubusercontent.com/footballcsv/cache.footballdata/f43a2aa0c65fb061c87e9541e7a567dd58ff933a/2020-21/nl.1.csv,f43a2aa0c65fb061c87e9541e7a567dd58ff933a,254,2026-09-04T07:11:54.645Z,Eredivisie,2020-21,2021-04-10,Heracles,Willem II,4,0,H,2,0,H,,source_reported_FT,Heracles,Willem II
footballcsv/cache.footballdata,https://raw.githubusercontent.com/footballcsv/cache.footballdata/f43a2aa0c65fb061c87e9541e7a567dd58ff933a/2020-21/nl.1.csv,f43a2aa0c65fb061c87e9541e7a567dd58ff933a,257,2026-09-04T07:11:54.645Z,Eredivisie,2020-21,2021-04-10,Zwolle,Twente,1,0,H,1,0,H,,source_reported_FT,Zwolle,Twente
footballcsv/cache.footballdata,https://raw.githubusercontent.com/footballcsv/cache.footballdata/f43a2aa0c65fb061c87e9541e7a567dd58ff933a/2020-21/nl.1.csv,f43a2aa0c65fb061c87e9541e7a567dd58ff933a,259,2026-09-04T07:11:54.645Z,Eredivisie,2020-21,2021-04-11,Groningen,Heerenveen,0,2,A,0,0,D,,source_reported_FT,Groningen,Heerenveen
footballcsv/cache.footballdata,https://raw.githubusercontent.com/footballcsv/cache.footballdata/f43a2aa0c65fb061c87e9541e7a567dd58ff933a/2020-21/nl.1.csv,f43a2aa0c65fb061c87e9541e7a567dd58ff933a,258,2026-09-04T07:11:54.645Z,Eredivisie,2020-21,2021-04-11,Utrecht,Feyenoord,1,2,A,1,1,D,,source_reported_FT,Utrecht,Feyenoord
footballcsv/cache.footballdata,https://raw.githubusercontent.com/footballcsv/cache.footballdata/f43a2aa0c65fb061c87e9541e7a567dd58ff933a/2020-21/nl.1.csv,f43a2aa0c65fb061c87e9541e7a567dd58ff933a,260,2026-09-04T07:11:54.645Z,Eredivisie,2020-21,2021-04-11,VVV Venlo,PSV Eindhoven,0,2,A,0,1,A,,source_reported_FT,VVV Venlo,PSV Eindhoven
footballcsv/cache.footballdata,https://raw.githubusercontent.com/footballcsv/cache.footballdata/f43a2aa0c65fb061c87e9541e7a567dd58ff933a/2020-21/nl.1.csv,f43a2aa0c65fb061c87e9541e7a567dd58ff933a,261,2026-09-04T07:11:54.645Z,Eredivisie,2020-21,2021-04-11,Waalwijk,Ajax,0,1,A,0,1,A,,source_reported_FT,Waalwijk,Ajax
footballcsv/cache.footballdata,https://raw.githubusercontent.com/footballcsv/cache.footballdata/f43a2aa0c65fb061c87e9541e7a567dd58ff933a/2020-21/nl.1.csv,f43a2aa0c65fb061c87e9541e7a567dd58ff933a,262,2026-09-04T07:11:54.645Z,Eredivisie,2020-21,2021-04-22,Ajax,Utrecht,1,1,D,0,1,A,,source_reported_FT,Ajax,Utrecht
footballcsv/cache.footballdata,https://raw.githubusercontent.com/footballcsv/cache.footballdata/f43a2aa0c65fb061c87e9541e7a567dd58ff933a/2020-21/nl.1.csv,f43a2aa0c65fb061c87e9541e7a567dd58ff933a,263,2026-09-04T07:11:54.645Z,Eredivisie,2020-21,2021-04-23,Willem II,Waalwijk,1,0,H,0,0,D,,source_reported_FT,Willem II,Waalwijk
footballcsv/cache.footballdata,https://raw.githubusercontent.com/footballcsv/cache.footballdata/f43a2aa0c65fb061c87e9541e7a567dd58ff933a/2020-21/nl.1.csv,f43a2aa0c65fb061c87e9541e7a567dd58ff933a,264,2026-09-04T07:11:54.645Z,Eredivisie,2020-21,2021-04-24,Heerenveen,Zwolle,0,2,A,0,1,A,,source_reported_FT,Heerenveen,Zwolle
footballcsv/cache.footballdata,https://raw.githubusercontent.com/footballcsv/cache.footballdata/f43a2aa0c65fb061c87e9541e7a567dd58ff933a/2020-21/nl.1.csv,f43a2aa0c65fb061c87e9541e7a567dd58ff933a,265,2026-09-04T07:11:54.645Z,Eredivisie,2020-21,2021-04-24,PSV Eindhoven,Groningen,1,0,H,0,0,D,,source_reported_FT,PSV Eindhoven,Groningen
footballcsv/cache.footballdata,https://raw.githubusercontent.com/footballcsv/cache.footballdata/f43a2aa0c65fb061c87e9541e7a567dd58ff933a/2020-21/nl.1.csv,f43a2aa0c65fb061c87e9541e7a567dd58ff933a,266,2026-09-04T07:11:54.645Z,Eredivisie,2020-21,2021-04-24,Sparta Rotterdam,VVV Venlo,2,0,H,1,0,H,,source_reported_FT,Sparta Rotterdam,VVV Venlo
footballcsv/cache.footballdata,https://raw.githubusercontent.com/footballcsv/cache.footballdata/f43a2aa0c65fb061c87e9541e7a567dd58ff933a/2020-21/nl.1.csv,f43a2aa0c65fb061c87e9541e7a567dd58ff933a,268,2026-09-04T07:11:54.645Z,Eredivisie,2020-21,2021-04-25,Ajax,AZ Alkmaar,2,0,H,0,0,D,,source_reported_FT,Ajax,AZ Alkmaar
footballcsv/cache.footballdata,https://raw.githubusercontent.com/footballcsv/cache.footballdata/f43a2aa0c65fb061c87e9541e7a567dd58ff933a/2020-21/nl.1.csv,f43a2aa0c65fb061c87e9541e7a567dd58ff933a,269,2026-09-04T07:11:54.645Z,Eredivisie,2020-21,2021-04-25,Den Haag,For Sittard,0,3,A,0,1,A,,source_reported_FT,Den Haag,For Sittard
footballcsv/cache.footballdata,https://raw.githubusercontent.com/footballcsv/cache.footballdata/f43a2aa0c65fb061c87e9541e7a567dd58ff933a/2020-21/nl.1.csv,f43a2aa0c65fb061c87e9541e7a567dd58ff933a,267,2026-09-04T07:11:54.645Z,Eredivisie,2020-21,2021-04-25,FC Emmen,Heracles,3,1,H,0,0,D,,source_reported_FT,FC Emmen,Heracles
footballcsv/cache.footballdata,https://raw.githubusercontent.com/footballcsv/cache.footballdata/f43a2aa0c65fb061c87e9541e7a567dd58ff933a/2020-21/nl.1.csv,f43a2aa0c65fb061c87e9541e7a567dd58ff933a,270,2026-09-04T07:11:54.645Z,Eredivisie,2020-21,2021-04-25,Feyenoord,Vitesse,0,0,D,0,0,D,,source_reported_FT,Feyenoord,Vitesse
footballcsv/cache.footballdata,https://raw.githubusercontent.com/footballcsv/cache.footballdata/f43a2aa0c65fb061c87e9541e7a567dd58ff933a/2020-21/nl.1.csv,f43a2aa0c65fb061c87e9541e7a567dd58ff933a,271,2026-09-04T07:11:54.645Z,Eredivisie,2020-21,2021-04-25,Twente,Utrecht,1,2,A,1,0,H,,source_reported_FT,Twente,Utrecht
footballcsv/cache.footballdata,https://raw.githubusercontent.com/footballcsv/cache.footballdata/f43a2aa0c65fb061c87e9541e7a567dd58ff933a/2020-21/nl.1.csv,f43a2aa0c65fb061c87e9541e7a567dd58ff933a,273,2026-09-04T07:11:54.645Z,Eredivisie,2020-21,2021-05-01,For Sittard,Twente,3,0,H,1,0,H,,source_reported_FT,For Sittard,Twente
footballcsv/cache.footballdata,https://raw.githubusercontent.com/footballcsv/cache.footballdata/f43a2aa0c65fb061c87e9541e7a567dd58ff933a/2020-21/nl.1.csv,f43a2aa0c65fb061c87e9541e7a567dd58ff933a,272,2026-09-04T07:11:54.645Z,Eredivisie,2020-21,2021-05-01,Heracles,VVV Venlo,4,0,H,2,0,H,,source_reported_FT,Heracles,VVV Venlo
footballcsv/cache.footballdata,https://raw.githubusercontent.com/footballcsv/cache.footballdata/f43a2aa0c65fb061c87e9541e7a567dd58ff933a/2020-21/nl.1.csv,f43a2aa0c65fb061c87e9541e7a567dd58ff933a,276,2026-09-04T07:11:54.645Z,Eredivisie,2020-21,2021-05-01,Utrecht,Willem II,3,2,H,2,0,H,,source_reported_FT,Utrecht,Willem II
footballcsv/cache.footballdata,https://raw.githubusercontent.com/footballcsv/cache.footballdata/f43a2aa0c65fb061c87e9541e7a567dd58ff933a/2020-21/nl.1.csv,f43a2aa0c65fb061c87e9541e7a567dd58ff933a,274,2026-09-04T07:11:54.645Z,Eredivisie,2020-21,2021-05-01,Vitesse,Zwolle,2,1,H,1,0,H,,source_reported_FT,Vitesse,Zwolle
footballcsv/cache.footballdata,https://raw.githubusercontent.com/footballcsv/cache.footballdata/f43a2aa0c65fb061c87e9541e7a567dd58ff933a/2020-21/nl.1.csv,f43a2aa0c65fb061c87e9541e7a567dd58ff933a,275,2026-09-04T07:11:54.645Z,Eredivisie,2020-21,2021-05-01,Waalwijk,AZ Alkmaar,1,3,A,1,1,D,,source_reported_FT,Waalwijk,AZ Alkmaar
footballcsv/cache.footballdata,https://raw.githubusercontent.com/footballcsv/cache.footballdata/f43a2aa0c65fb061c87e9541e7a567dd58ff933a/2020-21/nl.1.csv,f43a2aa0c65fb061c87e9541e7a567dd58ff933a,278,2026-09-04T07:11:54.645Z,Eredivisie,2020-21,2021-05-02,Ajax,FC Emmen,4,0,H,1,0,H,,source_reported_FT,Ajax,FC Emmen
footballcsv/cache.footballdata,https://raw.githubusercontent.com/footballcsv/cache.footballdata/f43a2aa0c65fb061c87e9541e7a567dd58ff933a/2020-21/nl.1.csv,f43a2aa0c65fb061c87e9541e7a567dd58ff933a,277,2026-09-04T07:11:54.645Z,Eredivisie,2020-21,2021-05-02,Den Haag,Feyenoord,3,2,H,2,1,H,,source_reported_FT,Den Haag,Feyenoord
footballcsv/cache.footballdata,https://raw.githubusercontent.com/footballcsv/cache.footballdata/f43a2aa0c65fb061c87e9541e7a567dd58ff933a/2020-21/nl.1.csv,f43a2aa0c65fb061c87e9541e7a567dd58ff933a,279,2026-09-04T07:11:54.645Z,Eredivisie,2020-21,2021-05-02,Groningen,Sparta Rotterdam,1,2,A,0,1,A,,source_reported_FT,Groningen,Sparta Rotterdam
footballcsv/cache.footballdata,https://raw.githubusercontent.com/footballcsv/cache.footballdata/f43a2aa0c65fb061c87e9541e7a567dd58ff933a/2020-21/nl.1.csv,f43a2aa0c65fb061c87e9541e7a567dd58ff933a,280,2026-09-04T07:11:54.645Z,Eredivisie,2020-21,2021-05-02,PSV Eindhoven,Heerenveen,2,2,D,0,1,A,,source_reported_FT,PSV Eindhoven,Heerenveen
footballcsv/cache.footballdata,https://raw.githubusercontent.com/footballcsv/cache.footballdata/f43a2aa0c65fb061c87e9541e7a567dd58ff933a/2020-21/nl.1.csv,f43a2aa0c65fb061c87e9541e7a567dd58ff933a,281,2026-09-04T07:11:54.645Z,Eredivisie,2020-21,2021-05-07,Sparta Rotterdam,Vitesse,3,0,H,1,0,H,,source_reported_FT,Sparta Rotterdam,Vitesse
footballcsv/cache.footballdata,https://raw.githubusercontent.com/footballcsv/cache.footballdata/f43a2aa0c65fb061c87e9541e7a567dd58ff933a/2020-21/nl.1.csv,f43a2aa0c65fb061c87e9541e7a567dd58ff933a,284,2026-09-04T07:11:54.645Z,Eredivisie,2020-21,2021-05-08,AZ Alkmaar,For Sittard,1,0,H,1,0,H,,source_reported_FT,AZ Alkmaar,For Sittard
footballcsv/cache.footballdata,https://raw.githubusercontent.com/footballcsv/cache.footballdata/f43a2aa0c65fb061c87e9541e7a567dd58ff933a/2020-21/nl.1.csv,f43a2aa0c65fb061c87e9541e7a567dd58ff933a,283,2026-09-04T07:11:54.645Z,Eredivisie,2020-21,2021-05-08,Heerenveen,Utrecht,0,0,D,0,0,D,,source_reported_FT,Heerenveen,Utrecht
footballcsv/cache.footballdata,https://raw.githubusercontent.com/footballcsv/cache.footballdata/f43a2aa0c65fb061c87e9541e7a567dd58ff933a/2020-21/nl.1.csv,f43a2aa0c65fb061c87e9541e7a567dd58ff933a,282,2026-09-04T07:11:54.645Z,Eredivisie,2020-21,2021-05-08,Twente,Heracles,1,1,D,0,0,D,,source_reported_FT,Twente,Heracles
footballcsv/cache.footballdata,https://raw.githubusercontent.com/footballcsv/cache.footballdata/f43a2aa0c65fb061c87e9541e7a567dd58ff933a/2020-21/nl.1.csv,f43a2aa0c65fb061c87e9541e7a567dd58ff933a,285,2026-09-04T07:11:54.645Z,Eredivisie,2020-21,2021-05-08,VVV Venlo,Waalwijk,3,3,D,2,2,D,,source_reported_FT,VVV Venlo,Waalwijk
footballcsv/cache.footballdata,https://raw.githubusercontent.com/footballcsv/cache.footballdata/f43a2aa0c65fb061c87e9541e7a567dd58ff933a/2020-21/nl.1.csv,f43a2aa0c65fb061c87e9541e7a567dd58ff933a,286,2026-09-04T07:11:54.645Z,Eredivisie,2020-21,2021-05-09,FC Emmen,Groningen,0,4,A,0,1,A,,source_reported_FT,FC Emmen,Groningen
footballcsv/cache.footballdata,https://raw.githubusercontent.com/footballcsv/cache.footballdata/f43a2aa0c65fb061c87e9541e7a567dd58ff933a/2020-21/nl.1.csv,f43a2aa0c65fb061c87e9541e7a567dd58ff933a,287,2026-09-04T07:11:54.645Z,Eredivisie,2020-21,2021-05-09,Feyenoord,Ajax,0,3,A,0,1,A,,source_reported_FT,Feyenoord,Ajax
footballcsv/cache.footballdata,https://raw.githubusercontent.com/footballcsv/cache.footballdata/f43a2aa0c65fb061c87e9541e7a567dd58ff933a/2020-21/nl.1.csv,f43a2aa0c65fb061c87e9541e7a567dd58ff933a,289,2026-09-04T07:11:54.645Z,Eredivisie,2020-21,2021-05-09,Willem II,PSV Eindhoven,0,2,A,0,1,A,,source_reported_FT,Willem II,PSV Eindhoven
footballcsv/cache.footballdata,https://raw.githubusercontent.com/footballcsv/cache.footballdata/f43a2aa0c65fb061c87e9541e7a567dd58ff933a/2020-21/nl.1.csv,f43a2aa0c65fb061c87e9541e7a567dd58ff933a,288,2026-09-04T07:11:54.645Z,Eredivisie,2020-21,2021-05-09,Zwolle,Den Haag,0,1,A,0,1,A,,source_reported_FT,Zwolle,Den Haag
footballcsv/cache.footballdata,https://raw.githubusercontent.com/footballcsv/cache.footballdata/f43a2aa0c65fb061c87e9541e7a567dd58ff933a/2020-21/nl.1.csv,f43a2aa0c65fb061c87e9541e7a567dd58ff933a,290,2026-09-04T07:11:54.645Z,Eredivisie,2020-21,2021-05-13,Ajax,VVV Venlo,3,1,H,1,0,H,,source_reported_FT,Ajax,VVV Venlo
footballcsv/cache.footballdata,https://raw.githubusercontent.com/footballcsv/cache.footballdata/f43a2aa0c65fb061c87e9541e7a567dd58ff933a/2020-21/nl.1.csv,f43a2aa0c65fb061c87e9541e7a567dd58ff933a,291,2026-09-04T07:11:54.645Z,Eredivisie,2020-21,2021-05-13,Den Haag,Willem II,1,4,A,0,3,A,,source_reported_FT,Den Haag,Willem II
footballcsv/cache.footballdata,https://raw.githubusercontent.com/footballcsv/cache.footballdata/f43a2aa0c65fb061c87e9541e7a567dd58ff933a/2020-21/nl.1.csv,f43a2aa0c65fb061c87e9541e7a567dd58ff933a,292,2026-09-04T07:11:54.645Z,Eredivisie,2020-21,2021-05-13,FC Emmen,Heerenveen,3,1,H,1,0,H,,source_reported_FT,FC Emmen,Heerenveen
footballcsv/cache.footballdata,https://raw.githubusercontent.com/footballcsv/cache.footballdata/f43a2aa0c65fb061c87e9541e7a567dd58ff933a/2020-21/nl.1.csv,f43a2aa0c65fb061c87e9541e7a567dd58ff933a,293,2026-09-04T07:11:54.645Z,Eredivisie,2020-21,2021-05-13,For Sittard,Vitesse,3,3,D,2,2,D,,source_reported_FT,For Sittard,Vitesse
footballcsv/cache.footballdata,https://raw.githubusercontent.com/footballcsv/cache.footballdata/f43a2aa0c65fb061c87e9541e7a567dd58ff933a/2020-21/nl.1.csv,f43a2aa0c65fb061c87e9541e7a567dd58ff933a,294,2026-09-04T07:11:54.645Z,Eredivisie,2020-21,2021-05-13,Groningen,AZ Alkmaar,0,0,D,0,0,D,,source_reported_FT,Groningen,AZ Alkmaar
footballcsv/cache.footballdata,https://raw.githubusercontent.com/footballcsv/cache.footballdata/f43a2aa0c65fb061c87e9541e7a567dd58ff933a/2020-21/nl.1.csv,f43a2aa0c65fb061c87e9541e7a567dd58ff933a,295,2026-09-04T07:11:54.645Z,Eredivisie,2020-21,2021-05-13,Heracles,Feyenoord,1,1,D,0,0,D,,source_reported_FT,Heracles,Feyenoord
footballcsv/cache.footballdata,https://raw.githubusercontent.com/footballcsv/cache.footballdata/f43a2aa0c65fb061c87e9541e7a567dd58ff933a/2020-21/nl.1.csv,f43a2aa0c65fb061c87e9541e7a567dd58ff933a,296,2026-09-04T07:11:54.645Z,Eredivisie,2020-21,2021-05-13,PSV Eindhoven,Zwolle,4,2,H,3,0,H,,source_reported_FT,PSV Eindhoven,Zwolle
footballcsv/cache.footballdata,https://raw.githubusercontent.com/footballcsv/cache.footballdata/f43a2aa0c65fb061c87e9541e7a567dd58ff933a/2020-21/nl.1.csv,f43a2aa0c65fb061c87e9541e7a567dd58ff933a,297,2026-09-04T07:11:54.645Z,Eredivisie,2020-21,2021-05-13,Sparta Rotterdam,Utrecht,0,0,D,0,0,D,,source_reported_FT,Sparta Rotterdam,Utrecht
footballcsv/cache.footballdata,https://raw.githubusercontent.com/footballcsv/cache.footballdata/f43a2aa0c65fb061c87e9541e7a567dd58ff933a/2020-21/nl.1.csv,f43a2aa0c65fb061c87e9541e7a567dd58ff933a,298,2026-09-04T07:11:54.645Z,Eredivisie,2020-21,2021-05-13,Waalwijk,Twente,2,1,H,0,0,D,,source_reported_FT,Waalwijk,Twente
footballcsv/cache.footballdata,https://raw.githubusercontent.com/footballcsv/cache.footballdata/f43a2aa0c65fb061c87e9541e7a567dd58ff933a/2020-21/nl.1.csv,f43a2aa0c65fb061c87e9541e7a567dd58ff933a,299,2026-09-04T07:11:54.645Z,Eredivisie,2020-21,2021-05-16,AZ Alkmaar,Heracles,5,0,H,1,0,H,,source_reported_FT,AZ Alkmaar,Heracles
footballcsv/cache.footballdata,https://raw.githubusercontent.com/footballcsv/cache.footballdata/f43a2aa0c65fb061c87e9541e7a567dd58ff933a/2020-21/nl.1.csv,f43a2aa0c65fb061c87e9541e7a567dd58ff933a,300,2026-09-04T07:11:54.645Z,Eredivisie,2020-21,2021-05-16,Feyenoord,Waalwijk,3,0,H,2,0,H,,source_reported_FT,Feyenoord,Waalwijk
footballcsv/cache.footballdata,https://raw.githubusercontent.com/footballcsv/cache.footballdata/f43a2aa0c65fb061c87e9541e7a567dd58ff933a/2020-21/nl.1.csv,f43a2aa0c65fb061c87e9541e7a567dd58ff933a,301,2026-09-04T07:11:54.645Z,Eredivisie,2020-21,2021-05-16,Heerenveen,Sparta Rotterdam,1,2,A,0,2,A,,source_reported_FT,Heerenveen,Sparta Rotterdam
footballcsv/cache.footballdata,https://raw.githubusercontent.com/footballcsv/cache.footballdata/f43a2aa0c65fb061c87e9541e7a567dd58ff933a/2020-21/nl.1.csv,f43a2aa0c65fb061c87e9541e7a567dd58ff933a,302,2026-09-04T07:11:54.645Z,Eredivisie,2020-21,2021-05-16,Twente,Den Haag,3,2,H,2,2,D,,source_reported_FT,Twente,Den Haag
footballcsv/cache.footballdata,https://raw.githubusercontent.com/footballcsv/cache.footballdata/f43a2aa0c65fb061c87e9541e7a567dd58ff933a/2020-21/nl.1.csv,f43a2aa0c65fb061c87e9541e7a567dd58ff933a,303,2026-09-04T07:11:54.645Z,Eredivisie,2020-21,2021-05-16,Utrecht,PSV Eindhoven,1,1,D,1,0,H,,source_reported_FT,Utrecht,PSV Eindhoven
footballcsv/cache.footballdata,https://raw.githubusercontent.com/footballcsv/cache.footballdata/f43a2aa0c65fb061c87e9541e7a567dd58ff933a/2020-21/nl.1.csv,f43a2aa0c65fb061c87e9541e7a567dd58ff933a,305,2026-09-04T07:11:54.645Z,Eredivisie,2020-21,2021-05-16,VVV Venlo,FC Emmen,0,4,A,0,1,A,,source_reported_FT,VVV Venlo,FC Emmen
footballcsv/cache.footballdata,https://raw.githubusercontent.com/footballcsv/cache.footballdata/f43a2aa0c65fb061c87e9541e7a567dd58ff933a/2020-21/nl.1.csv,f43a2aa0c65fb061c87e9541e7a567dd58ff933a,304,2026-09-04T07:11:54.645Z,Eredivisie,2020-21,2021-05-16,Vitesse,Ajax,1,3,A,1,2,A,,source_reported_FT,Vitesse,Ajax
footballcsv/cache.footballdata,https://raw.githubusercontent.com/footballcsv/cache.footballdata/f43a2aa0c65fb061c87e9541e7a567dd58ff933a/2020-21/nl.1.csv,f43a2aa0c65fb061c87e9541e7a567dd58ff933a,306,2026-09-04T07:11:54.645Z,Eredivisie,2020-21,2021-05-16,Willem II,For Sittard,2,1,H,1,0,H,,source_reported_FT,Willem II,For Sittard
footballcsv/cache.footballdata,https://raw.githubusercontent.com/footballcsv/cache.footballdata/f43a2aa0c65fb061c87e9541e7a567dd58ff933a/2020-21/nl.1.csv,f43a2aa0c65fb061c87e9541e7a567dd58ff933a,307,2026-09-04T07:11:54.645Z,Eredivisie,2020-21,2021-05-16,Zwolle,Groningen,1,0,H,0,0,D,,source_reported_FT,Zwolle,Groningen
footballcsv/cache.footballdata,https://raw.githubusercontent.com/footballcsv/cache.footballdata/f43a2aa0c65fb061c87e9541e7a567dd58ff933a/2021-22/nl.1.csv,f43a2aa0c65fb061c87e9541e7a567dd58ff933a,2,2026-09-04T07:11:58.594Z,Eredivisie,2021-22,2021-08-13,Go Ahead Eagles,Heerenveen,0,1,A,0,1,A,,source_reported_FT,Go Ahead Eagles,Heerenveen
footballcsv/cache.footballdata,https://raw.githubusercontent.com/footballcsv/cache.footballdata/f43a2aa0c65fb061c87e9541e7a567dd58ff933a/2021-22/nl.1.csv,f43a2aa0c65fb061c87e9541e7a567dd58ff933a,6,2026-09-04T07:11:58.594Z,Eredivisie,2021-22,2021-08-14,Ajax,Nijmegen,5,0,H,5,0,H,,source_reported_FT,Ajax,Nijmegen
footballcsv/cache.footballdata,https://raw.githubusercontent.com/footballcsv/cache.footballdata/f43a2aa0c65fb061c87e9541e7a567dd58ff933a/2021-22/nl.1.csv,f43a2aa0c65fb061c87e9541e7a567dd58ff933a,5,2026-09-04T07:11:58.594Z,Eredivisie,2021-22,2021-08-14,For Sittard,Twente,2,1,H,0,1,A,,source_reported_FT,For Sittard,Twente
footballcsv/cache.footballdata,https://raw.githubusercontent.com/footballcsv/cache.footballdata/f43a2aa0c65fb061c87e9541e7a567dd58ff933a/2021-22/nl.1.csv,f43a2aa0c65fb061c87e9541e7a567dd58ff933a,4,2026-09-04T07:11:58.594Z,Eredivisie,2021-22,2021-08-14,Heracles,PSV Eindhoven,0,2,A,0,1,A,,source_reported_FT,Heracles,PSV Eindhoven
footballcsv/cache.footballdata,https://raw.githubusercontent.com/footballcsv/cache.footballdata/f43a2aa0c65fb061c87e9541e7a567dd58ff933a/2021-22/nl.1.csv,f43a2aa0c65fb061c87e9541e7a567dd58ff933a,3,2026-09-04T07:11:58.594Z,Eredivisie,2021-22,2021-08-14,Waalwijk,AZ Alkmaar,1,0,H,1,0,H,,source_reported_FT,Waalwijk,AZ Alkmaar
footballcsv/cache.footballdata,https://raw.githubusercontent.com/footballcsv/cache.footballdata/f43a2aa0c65fb061c87e9541e7a567dd58ff933a/2021-22/nl.1.csv,f43a2aa0c65fb061c87e9541e7a567dd58ff933a,7,2026-09-04T07:11:58.594Z,Eredivisie,2021-22,2021-08-15,Cambuur,Groningen,1,2,A,0,1,A,,source_reported_FT,Cambuur,Groningen
footballcsv/cache.footballdata,https://raw.githubusercontent.com/footballcsv/cache.footballdata/f43a2aa0c65fb061c87e9541e7a567dd58ff933a/2021-22/nl.1.csv,f43a2aa0c65fb061c87e9541e7a567dd58ff933a,8,2026-09-04T07:11:58.594Z,Eredivisie,2021-22,2021-08-15,Utrecht,Sparta Rotterdam,4,0,H,1,0,H,,source_reported_FT,Utrecht,Sparta Rotterdam
footballcsv/cache.footballdata,https://raw.githubusercontent.com/footballcsv/cache.footballdata/f43a2aa0c65fb061c87e9541e7a567dd58ff933a/2021-22/nl.1.csv,f43a2aa0c65fb061c87e9541e7a567dd58ff933a,10,2026-09-04T07:11:58.594Z,Eredivisie,2021-22,2021-08-15,Willem II,Feyenoord,0,4,A,0,2,A,,source_reported_FT,Willem II,Feyenoord
footballcsv/cache.footballdata,https://raw.githubusercontent.com/footballcsv/cache.footballdata/f43a2aa0c65fb061c87e9541e7a567dd58ff933a/2021-22/nl.1.csv,f43a2aa0c65fb061c87e9541e7a567dd58ff933a,9,2026-09-04T07:11:58.594Z,Eredivisie,2021-22,2021-08-15,Zwolle,Vitesse,0,1,A,0,1,A,,source_reported_FT,Zwolle,Vitesse
footballcsv/cache.footballdata,https://raw.githubusercontent.com/footballcsv/cache.footballdata/f43a2aa0c65fb061c87e9541e7a567dd58ff933a/2021-22/nl.1.csv,f43a2aa0c65fb061c87e9541e7a567dd58ff933a,11,2026-09-04T07:11:58.594Z,Eredivisie,2021-22,2021-08-20,Nijmegen,Zwolle,2,0,H,2,0,H,,source_reported_FT,Nijmegen,Zwolle
footballcsv/cache.footballdata,https://raw.githubusercontent.com/footballcsv/cache.footballdata/f43a2aa0c65fb061c87e9541e7a567dd58ff933a/2021-22/nl.1.csv,f43a2aa0c65fb061c87e9541e7a567dd58ff933a,15,2026-09-04T07:11:58.594Z,Eredivisie,2021-22,2021-08-21,Groningen,Utrecht,0,0,D,0,0,D,,source_reported_FT,Groningen,Utrecht
footballcsv/cache.footballdata,https://raw.githubusercontent.com/footballcsv/cache.footballdata/f43a2aa0c65fb061c87e9541e7a567dd58ff933a/2021-22/nl.1.csv,f43a2aa0c65fb061c87e9541e7a567dd58ff933a,12,2026-09-04T07:11:58.594Z,Eredivisie,2021-22,2021-08-21,Heerenveen,Waalwijk,3,2,H,3,0,H,,source_reported_FT,Heerenveen,Waalwijk
footballcsv/cache.footballdata,https://raw.githubusercontent.com/footballcsv/cache.footballdata/f43a2aa0c65fb061c87e9541e7a567dd58ff933a/2021-22/nl.1.csv,f43a2aa0c65fb061c87e9541e7a567dd58ff933a,13,2026-09-04T07:11:58.594Z,Eredivisie,2021-22,2021-08-21,PSV Eindhoven,Cambuur,4,1,H,2,0,H,,source_reported_FT,PSV Eindhoven,Cambuur
footballcsv/cache.footballdata,https://raw.githubusercontent.com/footballcsv/cache.footballdata/f43a2aa0c65fb061c87e9541e7a567dd58ff933a/2021-22/nl.1.csv,f43a2aa0c65fb061c87e9541e7a567dd58ff933a,14,2026-09-04T07:11:58.594Z,Eredivisie,2021-22,2021-08-21,Sparta Rotterdam,Heracles,1,1,D,1,0,H,,source_reported_FT,Sparta Rotterdam,Heracles
footballcsv/cache.footballdata,https://raw.githubusercontent.com/footballcsv/cache.footballdata/f43a2aa0c65fb061c87e9541e7a567dd58ff933a/2021-22/nl.1.csv,f43a2aa0c65fb061c87e9541e7a567dd58ff933a,17,2026-09-04T07:11:58.594Z,Eredivisie,2021-22,2021-08-22,Feyenoord,Go Ahead Eagles,2,0,H,0,0,D,,source_reported_FT,Feyenoord,Go Ahead Eagles
footballcsv/cache.footballdata,https://raw.githubusercontent.com/footballcsv/cache.footballdata/f43a2aa0c65fb061c87e9541e7a567dd58ff933a/2021-22/nl.1.csv,f43a2aa0c65fb061c87e9541e7a567dd58ff933a,16,2026-09-04T07:11:58.594Z,Eredivisie,2021-22,2021-08-22,Twente,Ajax,1,1,D,0,0,D,,source_reported_FT,Twente,Ajax
footballcsv/cache.footballdata,https://raw.githubusercontent.com/footballcsv/cache.footballdata/f43a2aa0c65fb061c87e9541e7a567dd58ff933a/2021-22/nl.1.csv,f43a2aa0c65fb061c87e9541e7a567dd58ff933a,18,2026-09-04T07:11:58.594Z,Eredivisie,2021-22,2021-08-22,Vitesse,Willem II,0,3,A,0,2,A,,source_reported_FT,Vitesse,Willem II
footballcsv/cache.footballdata,https://raw.githubusercontent.com/footballcsv/cache.footballdata/f43a2aa0c65fb061c87e9541e7a567dd58ff933a/2021-22/nl.1.csv,f43a2aa0c65fb061c87e9541e7a567dd58ff933a,19,2026-09-04T07:11:58.594Z,Eredivisie,2021-22,2021-08-27,For Sittard,Waalwijk,2,2,D,1,1,D,,source_reported_FT,For Sittard,Waalwijk
footballcsv/cache.footballdata,https://raw.githubusercontent.com/footballcsv/cache.footballdata/f43a2aa0c65fb061c87e9541e7a567dd58ff933a/2021-22/nl.1.csv,f43a2aa0c65fb061c87e9541e7a567dd58ff933a,20,2026-09-04T07:11:58.594Z,Eredivisie,2021-22,2021-08-28,Cambuur,Twente,2,0,H,0,0,D,,source_reported_FT,Cambuur,Twente
footballcsv/cache.footballdata,https://raw.githubusercontent.com/footballcsv/cache.footballdata/f43a2aa0c65fb061c87e9541e7a567dd58ff933a/2021-22/nl.1.csv,f43a2aa0c65fb061c87e9541e7a567dd58ff933a,21,2026-09-04T07:11:58.594Z,Eredivisie,2021-22,2021-08-28,Go Ahead Eagles,Sparta Rotterdam,2,0,H,1,0,H,,source_reported_FT,Go Ahead Eagles,Sparta Rotterdam
footballcsv/cache.footballdata,https://raw.githubusercontent.com/footballcsv/cache.footballdata/f43a2aa0c65fb061c87e9541e7a567dd58ff933a/2021-22/nl.1.csv,f43a2aa0c65fb061c87e9541e7a567dd58ff933a,22,2026-09-04T07:11:58.594Z,Eredivisie,2021-22,2021-08-28,PSV Eindhoven,Groningen,5,2,H,3,2,H,,source_reported_FT,PSV Eindhoven,Groningen
footballcsv/cache.footballdata,https://raw.githubusercontent.com/footballcsv/cache.footballdata/f43a2aa0c65fb061c87e9541e7a567dd58ff933a/2021-22/nl.1.csv,f43a2aa0c65fb061c87e9541e7a567dd58ff933a,23,2026-09-04T07:11:58.594Z,Eredivisie,2021-22,2021-08-28,Willem II,Zwolle,1,0,H,0,0,D,,source_reported_FT,Willem II,Zwolle
footballcsv/cache.footballdata,https://raw.githubusercontent.com/footballcsv/cache.footballdata/f43a2aa0c65fb061c87e9541e7a567dd58ff933a/2021-22/nl.1.csv,f43a2aa0c65fb061c87e9541e7a567dd58ff933a,25,2026-09-04T07:11:58.594Z,Eredivisie,2021-22,2021-08-29,Ajax,Vitesse,5,0,H,3,0,H,,source_reported_FT,Ajax,Vitesse
footballcsv/cache.footballdata,https://raw.githubusercontent.com/footballcsv/cache.footballdata/f43a2aa0c65fb061c87e9541e7a567dd58ff933a/2021-22/nl.1.csv,f43a2aa0c65fb061c87e9541e7a567dd58ff933a,27,2026-09-04T07:11:58.594Z,Eredivisie,2021-22,2021-08-29,Heerenveen,AZ Alkmaar,1,3,A,1,1,D,,source_reported_FT,Heerenveen,AZ Alkmaar
footballcsv/cache.footballdata,https://raw.githubusercontent.com/footballcsv/cache.footballdata/f43a2aa0c65fb061c87e9541e7a567dd58ff933a/2021-22/nl.1.csv,f43a2aa0c65fb061c87e9541e7a567dd58ff933a,26,2026-09-04T07:11:58.594Z,Eredivisie,2021-22,2021-08-29,Heracles,Nijmegen,0,1,A,0,0,D,,source_reported_FT,Heracles,Nijmegen
footballcsv/cache.footballdata,https://raw.githubusercontent.com/footballcsv/cache.footballdata/f43a2aa0c65fb061c87e9541e7a567dd58ff933a/2021-22/nl.1.csv,f43a2aa0c65fb061c87e9541e7a567dd58ff933a,24,2026-09-04T07:11:58.594Z,Eredivisie,2021-22,2021-08-29,Utrecht,Feyenoord,3,1,H,1,1,D,,source_reported_FT,Utrecht,Feyenoord
footballcsv/cache.footballdata,https://raw.githubusercontent.com/footballcsv/cache.footballdata/f43a2aa0c65fb061c87e9541e7a567dd58ff933a/2021-22/nl.1.csv,f43a2aa0c65fb061c87e9541e7a567dd58ff933a,31,2026-09-04T07:11:58.594Z,Eredivisie,2021-22,2021-09-11,AZ Alkmaar,PSV Eindhoven,0,3,A,0,1,A,,source_reported_FT,AZ Alkmaar,PSV Eindhoven
footballcsv/cache.footballdata,https://raw.githubusercontent.com/footballcsv/cache.footballdata/f43a2aa0c65fb061c87e9541e7a567dd58ff933a/2021-22/nl.1.csv,f43a2aa0c65fb061c87e9541e7a567dd58ff933a,29,2026-09-04T07:11:58.594Z,Eredivisie,2021-22,2021-09-11,Cambuur,Go Ahead Eagles,5,2,H,1,1,D,,source_reported_FT,Cambuur,Go Ahead Eagles
footballcsv/cache.footballdata,https://raw.githubusercontent.com/footballcsv/cache.footballdata/f43a2aa0c65fb061c87e9541e7a567dd58ff933a/2021-22/nl.1.csv,f43a2aa0c65fb061c87e9541e7a567dd58ff933a,28,2026-09-04T07:11:58.594Z,Eredivisie,2021-22,2021-09-11,Twente,Utrecht,1,0,H,0,0,D,,source_reported_FT,Twente,Utrecht
footballcsv/cache.footballdata,https://raw.githubusercontent.com/footballcsv/cache.footballdata/f43a2aa0c65fb061c87e9541e7a567dd58ff933a/2021-22/nl.1.csv,f43a2aa0c65fb061c87e9541e7a567dd58ff933a,30,2026-09-04T07:11:58.594Z,Eredivisie,2021-22,2021-09-11,Zwolle,Ajax,0,2,A,0,1,A,,source_reported_FT,Zwolle,Ajax
footballcsv/cache.footballdata,https://raw.githubusercontent.com/footballcsv/cache.footballdata/f43a2aa0c65fb061c87e9541e7a567dd58ff933a/2021-22/nl.1.csv,f43a2aa0c65fb061c87e9541e7a567dd58ff933a,33,2026-09-04T07:11:58.594Z,Eredivisie,2021-22,2021-09-12,Groningen,Heerenveen,1,1,D,0,1,A,,source_reported_FT,Groningen,Heerenveen
footballcsv/cache.footballdata,https://raw.githubusercontent.com/footballcsv/cache.footballdata/f43a2aa0c65fb061c87e9541e7a567dd58ff933a/2021-22/nl.1.csv,f43a2aa0c65fb061c87e9541e7a567dd58ff933a,32,2026-09-04T07:11:58.594Z,Eredivisie,2021-22,2021-09-12,Nijmegen,Willem II,0,0,D,0,0,D,,source_reported_FT,Nijmegen,Willem II
footballcsv/cache.footballdata,https://raw.githubusercontent.com/footballcsv/cache.footballdata/f43a2aa0c65fb061c87e9541e7a567dd58ff933a/2021-22/nl.1.csv,f43a2aa0c65fb061c87e9541e7a567dd58ff933a,34,2026-09-04T07:11:58.594Z,Eredivisie,2021-22,2021-09-12,Sparta Rotterdam,For Sittard,3,1,H,2,0,H,,source_reported_FT,Sparta Rotterdam,For Sittard
footballcsv/cache.footballdata,https://raw.githubusercontent.com/footballcsv/cache.footballdata/f43a2aa0c65fb061c87e9541e7a567dd58ff933a/2021-22/nl.1.csv,f43a2aa0c65fb061c87e9541e7a567dd58ff933a,35,2026-09-04T07:11:58.594Z,Eredivisie,2021-22,2021-09-12,Waalwijk,Vitesse,1,2,A,1,1,D,,source_reported_FT,Waalwijk,Vitesse
footballcsv/cache.footballdata,https://raw.githubusercontent.com/footballcsv/cache.footballdata/f43a2aa0c65fb061c87e9541e7a567dd58ff933a/2021-22/nl.1.csv,f43a2aa0c65fb061c87e9541e7a567dd58ff933a,36,2026-09-04T07:11:58.594Z,Eredivisie,2021-22,2021-09-17,Sparta Rotterdam,Nijmegen,1,1,D,1,1,D,,source_reported_FT,Sparta Rotterdam,Nijmegen
footballcsv/cache.footballdata,https://raw.githubusercontent.com/footballcsv/cache.footballdata/f43a2aa0c65fb061c87e9541e7a567dd58ff933a/2021-22/nl.1.csv,f43a2aa0c65fb061c87e9541e7a567dd58ff933a,39,2026-09-04T07:11:58.594Z,Eredivisie,2021-22,2021-09-18,Ajax,Cambuur,9,0,H,4,0,H,,source_reported_FT,Ajax,Cambuur
footballcsv/cache.footballdata,https://raw.githubusercontent.com/footballcsv/cache.footballdata/f43a2aa0c65fb061c87e9541e7a567dd58ff933a/2021-22/nl.1.csv,f43a2aa0c65fb061c87e9541e7a567dd58ff933a,37,2026-09-04T07:11:58.594Z,Eredivisie,2021-22,2021-09-18,Heerenveen,For Sittard,1,0,H,1,0,H,,source_reported_FT,Heerenveen,For Sittard
footballcsv/cache.footballdata,https://raw.githubusercontent.com/footballcsv/cache.footballdata/f43a2aa0c65fb061c87e9541e7a567dd58ff933a/2021-22/nl.1.csv,f43a2aa0c65fb061c87e9541e7a567dd58ff933a,40,2026-09-04T07:11:58.594Z,Eredivisie,2021-22,2021-09-18,Utrecht,Waalwijk,2,2,D,1,2,A,,source_reported_FT,Utrecht,Waalwijk
footballcsv/cache.footballdata,https://raw.githubusercontent.com/footballcsv/cache.footballdata/f43a2aa0c65fb061c87e9541e7a567dd58ff933a/2021-22/nl.1.csv,f43a2aa0c65fb061c87e9541e7a567dd58ff933a,38,2026-09-04T07:11:58.594Z,Eredivisie,2021-22,2021-09-18,Willem II,Groningen,2,1,H,2,0,H,,source_reported_FT,Willem II,Groningen
footballcsv/cache.footballdata,https://raw.githubusercontent.com/footballcsv/cache.footballdata/f43a2aa0c65fb061c87e9541e7a567dd58ff933a/2021-22/nl.1.csv,f43a2aa0c65fb061c87e9541e7a567dd58ff933a,41,2026-09-04T07:11:58.594Z,Eredivisie,2021-22,2021-09-19,Go Ahead Eagles,Zwolle,1,0,H,0,0,D,,source_reported_FT,Go Ahead Eagles,Zwolle
footballcsv/cache.footballdata,https://raw.githubusercontent.com/footballcsv/cache.footballdata/f43a2aa0c65fb061c87e9541e7a567dd58ff933a/2021-22/nl.1.csv,f43a2aa0c65fb061c87e9541e7a567dd58ff933a,43,2026-09-04T07:11:58.594Z,Eredivisie,2021-22,2021-09-19,Heracles,AZ Alkmaar,3,2,H,1,1,D,,source_reported_FT,Heracles,AZ Alkmaar
footballcsv/cache.footballdata,https://raw.githubusercontent.com/footballcsv/cache.footballdata/f43a2aa0c65fb061c87e9541e7a567dd58ff933a/2021-22/nl.1.csv,f43a2aa0c65fb061c87e9541e7a567dd58ff933a,42,2026-09-04T07:11:58.594Z,Eredivisie,2021-22,2021-09-19,PSV Eindhoven,Feyenoord,0,4,A,0,1,A,,source_reported_FT,PSV Eindhoven,Feyenoord
footballcsv/cache.footballdata,https://raw.githubusercontent.com/footballcsv/cache.footballdata/f43a2aa0c65fb061c87e9541e7a567dd58ff933a/2021-22/nl.1.csv,f43a2aa0c65fb061c87e9541e7a567dd58ff933a,44,2026-09-04T07:11:58.594Z,Eredivisie,2021-22,2021-09-19,Vitesse,Twente,1,4,A,0,2,A,,source_reported_FT,Vitesse,Twente
footballcsv/cache.footballdata,https://raw.githubusercontent.com/footballcsv/cache.footballdata/f43a2aa0c65fb061c87e9541e7a567dd58ff933a/2021-22/nl.1.csv,f43a2aa0c65fb061c87e9541e7a567dd58ff933a,45,2026-09-04T07:11:58.594Z,Eredivisie,2021-22,2021-09-21,For Sittard,Ajax,0,5,A,0,3,A,,source_reported_FT,For Sittard,Ajax
footballcsv/cache.footballdata,https://raw.githubusercontent.com/footballcsv/cache.footballdata/f43a2aa0c65fb061c87e9541e7a567dd58ff933a/2021-22/nl.1.csv,f43a2aa0c65fb061c87e9541e7a567dd58ff933a,46,2026-09-04T07:11:58.594Z,Eredivisie,2021-22,2021-09-21,Waalwijk,Willem II,1,2,A,0,0,D,,source_reported_FT,Waalwijk,Willem II
footballcsv/cache.footballdata,https://raw.githubusercontent.com/footballcsv/cache.footballdata/f43a2aa0c65fb061c87e9541e7a567dd58ff933a/2021-22/nl.1.csv,f43a2aa0c65fb061c87e9541e7a567dd58ff933a,50,2026-09-04T07:11:58.594Z,Eredivisie,2021-22,2021-09-22,Feyenoord,Heerenveen,3,1,H,1,0,H,,source_reported_FT,Feyenoord,Heerenveen
footballcsv/cache.footballdata,https://raw.githubusercontent.com/footballcsv/cache.footballdata/f43a2aa0c65fb061c87e9541e7a567dd58ff933a/2021-22/nl.1.csv,f43a2aa0c65fb061c87e9541e7a567dd58ff933a,47,2026-09-04T07:11:58.594Z,Eredivisie,2021-22,2021-09-22,Go Ahead Eagles,PSV Eindhoven,1,2,A,0,1,A,,source_reported_FT,Go Ahead Eagles,PSV Eindhoven
footballcsv/cache.footballdata,https://raw.githubusercontent.com/footballcsv/cache.footballdata/f43a2aa0c65fb061c87e9541e7a567dd58ff933a/2021-22/nl.1.csv,f43a2aa0c65fb061c87e9541e7a567dd58ff933a,49,2026-09-04T07:11:58.594Z,Eredivisie,2021-22,2021-09-22,Groningen,Vitesse,0,1,A,0,1,A,,source_reported_FT,Groningen,Vitesse
footballcsv/cache.footballdata,https://raw.githubusercontent.com/footballcsv/cache.footballdata/f43a2aa0c65fb061c87e9541e7a567dd58ff933a/2021-22/nl.1.csv,f43a2aa0c65fb061c87e9541e7a567dd58ff933a,48,2026-09-04T07:11:58.594Z,Eredivisie,2021-22,2021-09-22,Nijmegen,Utrecht,0,3,A,0,1,A,,source_reported_FT,Nijmegen,Utrecht
footballcsv/cache.footballdata,https://raw.githubusercontent.com/footballcsv/cache.footballdata/f43a2aa0c65fb061c87e9541e7a567dd58ff933a/2021-22/nl.1.csv,f43a2aa0c65fb061c87e9541e7a567dd58ff933a,51,2026-09-04T07:11:58.594Z,Eredivisie,2021-22,2021-09-22,Zwolle,Sparta Rotterdam,1,1,D,1,1,D,,source_reported_FT,Zwolle,Sparta Rotterdam
footballcsv/cache.footballdata,https://raw.githubusercontent.com/footballcsv/cache.footballdata/f43a2aa0c65fb061c87e9541e7a567dd58ff933a/2021-22/nl.1.csv,f43a2aa0c65fb061c87e9541e7a567dd58ff933a,52,2026-09-04T07:11:58.594Z,Eredivisie,2021-22,2021-09-23,Cambuur,Heracles,2,1,H,1,0,H,,source_reported_FT,Cambuur,Heracles
footballcsv/cache.footballdata,https://raw.githubusercontent.com/footballcsv/cache.footballdata/f43a2aa0c65fb061c87e9541e7a567dd58ff933a/2021-22/nl.1.csv,f43a2aa0c65fb061c87e9541e7a567dd58ff933a,53,2026-09-04T07:11:58.594Z,Eredivisie,2021-22,2021-09-23,Twente,AZ Alkmaar,3,1,H,2,1,H,,source_reported_FT,Twente,AZ Alkmaar
footballcsv/cache.footballdata,https://raw.githubusercontent.com/footballcsv/cache.footballdata/f43a2aa0c65fb061c87e9541e7a567dd58ff933a/2021-22/nl.1.csv,f43a2aa0c65fb061c87e9541e7a567dd58ff933a,55,2026-09-04T07:11:58.594Z,Eredivisie,2021-22,2021-09-25,Ajax,Groningen,3,0,H,1,0,H,,source_reported_FT,Ajax,Groningen
footballcsv/cache.footballdata,https://raw.githubusercontent.com/footballcsv/cache.footballdata/f43a2aa0c65fb061c87e9541e7a567dd58ff933a/2021-22/nl.1.csv,f43a2aa0c65fb061c87e9541e7a567dd58ff933a,57,2026-09-04T07:11:58.594Z,Eredivisie,2021-22,2021-09-25,Feyenoord,Nijmegen,5,3,H,2,2,D,,source_reported_FT,Feyenoord,Nijmegen
footballcsv/cache.footballdata,https://raw.githubusercontent.com/footballcsv/cache.footballdata/f43a2aa0c65fb061c87e9541e7a567dd58ff933a/2021-22/nl.1.csv,f43a2aa0c65fb061c87e9541e7a567dd58ff933a,58,2026-09-04T07:11:58.594Z,Eredivisie,2021-22,2021-09-25,Utrecht,Zwolle,5,1,H,1,0,H,,source_reported_FT,Utrecht,Zwolle
footballcsv/cache.footballdata,https://raw.githubusercontent.com/footballcsv/cache.footballdata/f43a2aa0c65fb061c87e9541e7a567dd58ff933a/2021-22/nl.1.csv,f43a2aa0c65fb061c87e9541e7a567dd58ff933a,56,2026-09-04T07:11:58.594Z,Eredivisie,2021-22,2021-09-25,Vitesse,For Sittard,1,1,D,0,1,A,,source_reported_FT,Vitesse,For Sittard
footballcsv/cache.footballdata,https://raw.githubusercontent.com/footballcsv/cache.footballdata/f43a2aa0c65fb061c87e9541e7a567dd58ff933a/2021-22/nl.1.csv,f43a2aa0c65fb061c87e9541e7a567dd58ff933a,54,2026-09-04T07:11:58.594Z,Eredivisie,2021-22,2021-09-25,Willem II,PSV Eindhoven,2,1,H,1,1,D,,source_reported_FT,Willem II,PSV Eindhoven
footballcsv/cache.footballdata,https://raw.githubusercontent.com/footballcsv/cache.footballdata/f43a2aa0c65fb061c87e9541e7a567dd58ff933a/2021-22/nl.1.csv,f43a2aa0c65fb061c87e9541e7a567dd58ff933a,60,2026-09-04T07:11:58.594Z,Eredivisie,2021-22,2021-09-26,AZ Alkmaar,Go Ahead Eagles,5,0,H,2,0,H,,source_reported_FT,AZ Alkmaar,Go Ahead Eagles
footballcsv/cache.footballdata,https://raw.githubusercontent.com/footballcsv/cache.footballdata/f43a2aa0c65fb061c87e9541e7a567dd58ff933a/2021-22/nl.1.csv,f43a2aa0c65fb061c87e9541e7a567dd58ff933a,61,2026-09-04T07:11:58.594Z,Eredivisie,2021-22,2021-09-26,Heerenveen,Twente,2,3,A,0,2,A,,source_reported_FT,Heerenveen,Twente
footballcsv/cache.footballdata,https://raw.githubusercontent.com/footballcsv/cache.footballdata/f43a2aa0c65fb061c87e9541e7a567dd58ff933a/2021-22/nl.1.csv,f43a2aa0c65fb061c87e9541e7a567dd58ff933a,62,2026-09-04T07:11:58.594Z,Eredivisie,2021-22,2021-09-26,Heracles,Waalwijk,1,0,H,0,0,D,,source_reported_FT,Heracles,Waalwijk
footballcsv/cache.footballdata,https://raw.githubusercontent.com/footballcsv/cache.footballdata/f43a2aa0c65fb061c87e9541e7a567dd58ff933a/2021-22/nl.1.csv,f43a2aa0c65fb061c87e9541e7a567dd58ff933a,59,2026-09-04T07:11:58.594Z,Eredivisie,2021-22,2021-09-26,Sparta Rotterdam,Cambuur,0,4,A,0,1,A,,source_reported_FT,Sparta Rotterdam,Cambuur
footballcsv/cache.footballdata,https://raw.githubusercontent.com/footballcsv/cache.footballdata/f43a2aa0c65fb061c87e9541e7a567dd58ff933a/2021-22/nl.1.csv,f43a2aa0c65fb061c87e9541e7a567dd58ff933a,63,2026-09-04T07:11:58.594Z,Eredivisie,2021-22,2021-10-01,Groningen,Twente,1,1,D,1,0,H,,source_reported_FT,Groningen,Twente
footballcsv/cache.footballdata,https://raw.githubusercontent.com/footballcsv/cache.footballdata/f43a2aa0c65fb061c87e9541e7a567dd58ff933a/2021-22/nl.1.csv,f43a2aa0c65fb061c87e9541e7a567dd58ff933a,67,2026-09-04T07:11:58.594Z,Eredivisie,2021-22,2021-10-02,For Sittard,Nijmegen,1,3,A,1,2,A,,source_reported_FT,For Sittard,Nijmegen
footballcsv/cache.footballdata,https://raw.githubusercontent.com/footballcsv/cache.footballdata/f43a2aa0c65fb061c87e9541e7a567dd58ff933a/2021-22/nl.1.csv,f43a2aa0c65fb061c87e9541e7a567dd58ff933a,65,2026-09-04T07:11:58.594Z,Eredivisie,2021-22,2021-10-02,Heracles,Willem II,3,2,H,1,0,H,,source_reported_FT,Heracles,Willem II
footballcsv/cache.footballdata,https://raw.githubusercontent.com/footballcsv/cache.footballdata/f43a2aa0c65fb061c87e9541e7a567dd58ff933a/2021-22/nl.1.csv,f43a2aa0c65fb061c87e9541e7a567dd58ff933a,64,2026-09-04T07:11:58.594Z,Eredivisie,2021-22,2021-10-02,Waalwijk,Go Ahead Eagles,1,1,D,0,1,A,,source_reported_FT,Waalwijk,Go Ahead Eagles
footballcsv/cache.footballdata,https://raw.githubusercontent.com/footballcsv/cache.footballdata/f43a2aa0c65fb061c87e9541e7a567dd58ff933a/2021-22/nl.1.csv,f43a2aa0c65fb061c87e9541e7a567dd58ff933a,66,2026-09-04T07:11:58.594Z,Eredivisie,2021-22,2021-10-02,Zwolle,Heerenveen,0,1,A,0,0,D,,source_reported_FT,Zwolle,Heerenveen
footballcsv/cache.footballdata,https://raw.githubusercontent.com/footballcsv/cache.footballdata/f43a2aa0c65fb061c87e9541e7a567dd58ff933a/2021-22/nl.1.csv,f43a2aa0c65fb061c87e9541e7a567dd58ff933a,68,2026-09-04T07:11:58.594Z,Eredivisie,2021-22,2021-10-03,Ajax,Utrecht,0,1,A,0,0,D,,source_reported_FT,Ajax,Utrecht
footballcsv/cache.footballdata,https://raw.githubusercontent.com/footballcsv/cache.footballdata/f43a2aa0c65fb061c87e9541e7a567dd58ff933a/2021-22/nl.1.csv,f43a2aa0c65fb061c87e9541e7a567dd58ff933a,69,2026-09-04T07:11:58.594Z,Eredivisie,2021-22,2021-10-03,Cambuur,AZ Alkmaar,1,3,A,0,2,A,,source_reported_FT,Cambuur,AZ Alkmaar
footballcsv/cache.footballdata,https://raw.githubusercontent.com/footballcsv/cache.footballdata/f43a2aa0c65fb061c87e9541e7a567dd58ff933a/2021-22/nl.1.csv,f43a2aa0c65fb061c87e9541e7a567dd58ff933a,71,2026-09-04T07:11:58.594Z,Eredivisie,2021-22,2021-10-03,PSV Eindhoven,Sparta Rotterdam,2,1,H,0,0,D,,source_reported_FT,PSV Eindhoven,Sparta Rotterdam
footballcsv/cache.footballdata,https://raw.githubusercontent.com/footballcsv/cache.footballdata/f43a2aa0c65fb061c87e9541e7a567dd58ff933a/2021-22/nl.1.csv,f43a2aa0c65fb061c87e9541e7a567dd58ff933a,70,2026-09-04T07:11:58.594Z,Eredivisie,2021-22,2021-10-03,Vitesse,Feyenoord,2,1,H,1,1,D,,source_reported_FT,Vitesse,Feyenoord
footballcsv/cache.footballdata,https://raw.githubusercontent.com/footballcsv/cache.footballdata/f43a2aa0c65fb061c87e9541e7a567dd58ff933a/2021-22/nl.1.csv,f43a2aa0c65fb061c87e9541e7a567dd58ff933a,72,2026-09-04T07:11:58.594Z,Eredivisie,2021-22,2021-10-16,Feyenoord,Waalwijk,2,2,D,1,2,A,,source_reported_FT,Feyenoord,Waalwijk
footballcsv/cache.footballdata,https://raw.githubusercontent.com/footballcsv/cache.footballdata/f43a2aa0c65fb061c87e9541e7a567dd58ff933a/2021-22/nl.1.csv,f43a2aa0c65fb061c87e9541e7a567dd58ff933a,75,2026-09-04T07:11:58.594Z,Eredivisie,2021-22,2021-10-16,For Sittard,Cambuur,1,0,H,0,0,D,,source_reported_FT,For Sittard,Cambuur
footballcsv/cache.footballdata,https://raw.githubusercontent.com/footballcsv/cache.footballdata/f43a2aa0c65fb061c87e9541e7a567dd58ff933a/2021-22/nl.1.csv,f43a2aa0c65fb061c87e9541e7a567dd58ff933a,73,2026-09-04T07:11:58.594Z,Eredivisie,2021-22,2021-10-16,Go Ahead Eagles,Heracles,4,2,H,1,1,D,,source_reported_FT,Go Ahead Eagles,Heracles
footballcsv/cache.footballdata,https://raw.githubusercontent.com/footballcsv/cache.footballdata/f43a2aa0c65fb061c87e9541e7a567dd58ff933a/2021-22/nl.1.csv,f43a2aa0c65fb061c87e9541e7a567dd58ff933a,74,2026-09-04T07:11:58.594Z,Eredivisie,2021-22,2021-10-16,Heerenveen,Ajax,0,2,A,0,1,A,,source_reported_FT,Heerenveen,Ajax
footballcsv/cache.footballdata,https://raw.githubusercontent.com/footballcsv/cache.footballdata/f43a2aa0c65fb061c87e9541e7a567dd58ff933a/2021-22/nl.1.csv,f43a2aa0c65fb061c87e9541e7a567dd58ff933a,76,2026-09-04T07:11:58.594Z,Eredivisie,2021-22,2021-10-16,PSV Eindhoven,Zwolle,3,1,H,0,1,A,,source_reported_FT,PSV Eindhoven,Zwolle
footballcsv/cache.footballdata,https://raw.githubusercontent.com/footballcsv/cache.footballdata/f43a2aa0c65fb061c87e9541e7a567dd58ff933a/2021-22/nl.1.csv,f43a2aa0c65fb061c87e9541e7a567dd58ff933a,77,2026-09-04T07:11:58.594Z,Eredivisie,2021-22,2021-10-17,AZ Alkmaar,Utrecht,5,1,H,3,0,H,,source_reported_FT,AZ Alkmaar,Utrecht
footballcsv/cache.footballdata,https://raw.githubusercontent.com/footballcsv/cache.footballdata/f43a2aa0c65fb061c87e9541e7a567dd58ff933a/2021-22/nl.1.csv,f43a2aa0c65fb061c87e9541e7a567dd58ff933a,78,2026-09-04T07:11:58.594Z,Eredivisie,2021-22,2021-10-17,Nijmegen,Vitesse,0,1,A,0,1,A,,source_reported_FT,Nijmegen,Vitesse
footballcsv/cache.footballdata,https://raw.githubusercontent.com/footballcsv/cache.footballdata/f43a2aa0c65fb061c87e9541e7a567dd58ff933a/2021-22/nl.1.csv,f43a2aa0c65fb061c87e9541e7a567dd58ff933a,79,2026-09-04T07:11:58.594Z,Eredivisie,2021-22,2021-10-17,Sparta Rotterdam,Groningen,1,1,D,1,1,D,,source_reported_FT,Sparta Rotterdam,Groningen
footballcsv/cache.footballdata,https://raw.githubusercontent.com/footballcsv/cache.footballdata/f43a2aa0c65fb061c87e9541e7a567dd58ff933a/2021-22/nl.1.csv,f43a2aa0c65fb061c87e9541e7a567dd58ff933a,80,2026-09-04T07:11:58.594Z,Eredivisie,2021-22,2021-10-17,Twente,Willem II,1,1,D,1,1,D,,source_reported_FT,Twente,Willem II
footballcsv/cache.footballdata,https://raw.githubusercontent.com/footballcsv/cache.footballdata/f43a2aa0c65fb061c87e9541e7a567dd58ff933a/2021-22/nl.1.csv,f43a2aa0c65fb061c87e9541e7a567dd58ff933a,81,2026-09-04T07:11:58.594Z,Eredivisie,2021-22,2021-10-22,Willem II,For Sittard,1,1,D,0,0,D,,source_reported_FT,Willem II,For Sittard
footballcsv/cache.footballdata,https://raw.githubusercontent.com/footballcsv/cache.footballdata/f43a2aa0c65fb061c87e9541e7a567dd58ff933a/2021-22/nl.1.csv,f43a2aa0c65fb061c87e9541e7a567dd58ff933a,82,2026-09-04T07:11:58.594Z,Eredivisie,2021-22,2021-10-23,Utrecht,Heerenveen,2,1,H,1,1,D,,source_reported_FT,Utrecht,Heerenveen
footballcsv/cache.footballdata,https://raw.githubusercontent.com/footballcsv/cache.footballdata/f43a2aa0c65fb061c87e9541e7a567dd58ff933a/2021-22/nl.1.csv,f43a2aa0c65fb061c87e9541e7a567dd58ff933a,84,2026-09-04T07:11:58.594Z,Eredivisie,2021-22,2021-10-23,Waalwijk,Sparta Rotterdam,1,0,H,0,0,D,,source_reported_FT,Waalwijk,Sparta Rotterdam
footballcsv/cache.footballdata,https://raw.githubusercontent.com/footballcsv/cache.footballdata/f43a2aa0c65fb061c87e9541e7a567dd58ff933a/2021-22/nl.1.csv,f43a2aa0c65fb061c87e9541e7a567dd58ff933a,83,2026-09-04T07:11:58.594Z,Eredivisie,2021-22,2021-10-23,Zwolle,Heracles,1,0,H,0,0,D,,source_reported_FT,Zwolle,Heracles
footballcsv/cache.footballdata,https://raw.githubusercontent.com/footballcsv/cache.footballdata/f43a2aa0c65fb061c87e9541e7a567dd58ff933a/2021-22/nl.1.csv,f43a2aa0c65fb061c87e9541e7a567dd58ff933a,88,2026-09-04T07:11:58.594Z,Eredivisie,2021-22,2021-10-24,Ajax,PSV Eindhoven,5,0,H,1,0,H,,source_reported_FT,Ajax,PSV Eindhoven
footballcsv/cache.footballdata,https://raw.githubusercontent.com/footballcsv/cache.footballdata/f43a2aa0c65fb061c87e9541e7a567dd58ff933a/2021-22/nl.1.csv,f43a2aa0c65fb061c87e9541e7a567dd58ff933a,86,2026-09-04T07:11:58.594Z,Eredivisie,2021-22,2021-10-24,Cambuur,Feyenoord,2,3,A,1,2,A,,source_reported_FT,Cambuur,Feyenoord
footballcsv/cache.footballdata,https://raw.githubusercontent.com/footballcsv/cache.footballdata/f43a2aa0c65fb061c87e9541e7a567dd58ff933a/2021-22/nl.1.csv,f43a2aa0c65fb061c87e9541e7a567dd58ff933a,89,2026-09-04T07:11:58.594Z,Eredivisie,2021-22,2021-10-24,Groningen,AZ Alkmaar,2,0,H,1,0,H,,source_reported_FT,Groningen,AZ Alkmaar
footballcsv/cache.footballdata,https://raw.githubusercontent.com/footballcsv/cache.footballdata/f43a2aa0c65fb061c87e9541e7a567dd58ff933a/2021-22/nl.1.csv,f43a2aa0c65fb061c87e9541e7a567dd58ff933a,85,2026-09-04T07:11:58.594Z,Eredivisie,2021-22,2021-10-24,Twente,Nijmegen,1,2,A,0,0,D,,source_reported_FT,Twente,Nijmegen
footballcsv/cache.footballdata,https://raw.githubusercontent.com/footballcsv/cache.footballdata/f43a2aa0c65fb061c87e9541e7a567dd58ff933a/2021-22/nl.1.csv,f43a2aa0c65fb061c87e9541e7a567dd58ff933a,87,2026-09-04T07:11:58.594Z,Eredivisie,2021-22,2021-10-24,Vitesse,Go Ahead Eagles,1,2,A,1,0,H,,source_reported_FT,Vitesse,Go Ahead Eagles
footballcsv/cache.footballdata,https://raw.githubusercontent.com/footballcsv/cache.footballdata/f43a2aa0c65fb061c87e9541e7a567dd58ff933a/2021-22/nl.1.csv,f43a2aa0c65fb061c87e9541e7a567dd58ff933a,93,2026-09-04T07:11:58.594Z,Eredivisie,2021-22,2021-10-30,AZ Alkmaar,Zwolle,3,2,H,2,2,D,,source_reported_FT,AZ Alkmaar,Zwolle
footballcsv/cache.footballdata,https://raw.githubusercontent.com/footballcsv/cache.footballdata/f43a2aa0c65fb061c87e9541e7a567dd58ff933a/2021-22/nl.1.csv,f43a2aa0c65fb061c87e9541e7a567dd58ff933a,92,2026-09-04T07:11:58.594Z,Eredivisie,2021-22,2021-10-30,Heerenveen,Vitesse,1,2,A,1,0,H,,source_reported_FT,Heerenveen,Vitesse
footballcsv/cache.footballdata,https://raw.githubusercontent.com/footballcsv/cache.footballdata/f43a2aa0c65fb061c87e9541e7a567dd58ff933a/2021-22/nl.1.csv,f43a2aa0c65fb061c87e9541e7a567dd58ff933a,91,2026-09-04T07:11:58.594Z,Eredivisie,2021-22,2021-10-30,Heracles,Ajax,0,0,D,0,0,D,,source_reported_FT,Heracles,Ajax
footballcsv/cache.footballdata,https://raw.githubusercontent.com/footballcsv/cache.footballdata/f43a2aa0c65fb061c87e9541e7a567dd58ff933a/2021-22/nl.1.csv,f43a2aa0c65fb061c87e9541e7a567dd58ff933a,90,2026-09-04T07:11:58.594Z,Eredivisie,2021-22,2021-10-30,PSV Eindhoven,Twente,5,2,H,2,2,D,,source_reported_FT,PSV Eindhoven,Twente
footballcsv/cache.footballdata,https://raw.githubusercontent.com/footballcsv/cache.footballdata/f43a2aa0c65fb061c87e9541e7a567dd58ff933a/2021-22/nl.1.csv,f43a2aa0c65fb061c87e9541e7a567dd58ff933a,98,2026-09-04T07:11:58.594Z,Eredivisie,2021-22,2021-10-31,Go Ahead Eagles,For Sittard,4,3,H,0,2,A,,source_reported_FT,Go Ahead Eagles,For Sittard
footballcsv/cache.footballdata,https://raw.githubusercontent.com/footballcsv/cache.footballdata/f43a2aa0c65fb061c87e9541e7a567dd58ff933a/2021-22/nl.1.csv,f43a2aa0c65fb061c87e9541e7a567dd58ff933a,95,2026-09-04T07:11:58.594Z,Eredivisie,2021-22,2021-10-31,Nijmegen,Groningen,3,0,H,1,0,H,,source_reported_FT,Nijmegen,Groningen
footballcsv/cache.footballdata,https://raw.githubusercontent.com/footballcsv/cache.footballdata/f43a2aa0c65fb061c87e9541e7a567dd58ff933a/2021-22/nl.1.csv,f43a2aa0c65fb061c87e9541e7a567dd58ff933a,94,2026-09-04T07:11:58.594Z,Eredivisie,2021-22,2021-10-31,Sparta Rotterdam,Feyenoord,0,1,A,0,0,D,,source_reported_FT,Sparta Rotterdam,Feyenoord
footballcsv/cache.footballdata,https://raw.githubusercontent.com/footballcsv/cache.footballdata/f43a2aa0c65fb061c87e9541e7a567dd58ff933a/2021-22/nl.1.csv,f43a2aa0c65fb061c87e9541e7a567dd58ff933a,96,2026-09-04T07:11:58.594Z,Eredivisie,2021-22,2021-10-31,Utrecht,Willem II,5,1,H,2,1,H,,source_reported_FT,Utrecht,Willem II
footballcsv/cache.footballdata,https://raw.githubusercontent.com/footballcsv/cache.footballdata/f43a2aa0c65fb061c87e9541e7a567dd58ff933a/2021-22/nl.1.csv,f43a2aa0c65fb061c87e9541e7a567dd58ff933a,97,2026-09-04T07:11:58.594Z,Eredivisie,2021-22,2021-10-31,Waalwijk,Cambuur,0,1,A,0,0,D,,source_reported_FT,Waalwijk,Cambuur
footballcsv/cache.footballdata,https://raw.githubusercontent.com/footballcsv/cache.footballdata/f43a2aa0c65fb061c87e9541e7a567dd58ff933a/2021-22/nl.1.csv,f43a2aa0c65fb061c87e9541e7a567dd58ff933a,99,2026-09-04T07:11:58.594Z,Eredivisie,2021-22,2021-11-05,Twente,Heracles,1,0,H,1,0,H,,source_reported_FT,Twente,Heracles
footballcsv/cache.footballdata,https://raw.githubusercontent.com/footballcsv/cache.footballdata/f43a2aa0c65fb061c87e9541e7a567dd58ff933a/2021-22/nl.1.csv,f43a2aa0c65fb061c87e9541e7a567dd58ff933a,100,2026-09-04T07:11:58.594Z,Eredivisie,2021-22,2021-11-06,Nijmegen,Heerenveen,1,1,D,0,0,D,,source_reported_FT,Nijmegen,Heerenveen
footballcsv/cache.footballdata,https://raw.githubusercontent.com/footballcsv/cache.footballdata/f43a2aa0c65fb061c87e9541e7a567dd58ff933a/2021-22/nl.1.csv,f43a2aa0c65fb061c87e9541e7a567dd58ff933a,101,2026-09-04T07:11:58.594Z,Eredivisie,2021-22,2021-11-06,Willem II,Sparta Rotterdam,0,3,A,0,2,A,,source_reported_FT,Willem II,Sparta Rotterdam
footballcsv/cache.footballdata,https://raw.githubusercontent.com/footballcsv/cache.footballdata/f43a2aa0c65fb061c87e9541e7a567dd58ff933a/2021-22/nl.1.csv,f43a2aa0c65fb061c87e9541e7a567dd58ff933a,102,2026-09-04T07:11:58.594Z,Eredivisie,2021-22,2021-11-06,Zwolle,Cambuur,1,2,A,0,1,A,,source_reported_FT,Zwolle,Cambuur
footballcsv/cache.footballdata,https://raw.githubusercontent.com/footballcsv/cache.footballdata/f43a2aa0c65fb061c87e9541e7a567dd58ff933a/2021-22/nl.1.csv,f43a2aa0c65fb061c87e9541e7a567dd58ff933a,107,2026-09-04T07:11:58.594Z,Eredivisie,2021-22,2021-11-07,Ajax,Go Ahead Eagles,0,0,D,0,0,D,,source_reported_FT,Ajax,Go Ahead Eagles
footballcsv/cache.footballdata,https://raw.githubusercontent.com/footballcsv/cache.footballdata/f43a2aa0c65fb061c87e9541e7a567dd58ff933a/2021-22/nl.1.csv,f43a2aa0c65fb061c87e9541e7a567dd58ff933a,105,2026-09-04T07:11:58.594Z,Eredivisie,2021-22,2021-11-07,Feyenoord,AZ Alkmaar,1,0,H,0,0,D,,source_reported_FT,Feyenoord,AZ Alkmaar
footballcsv/cache.footballdata,https://raw.githubusercontent.com/footballcsv/cache.footballdata/f43a2aa0c65fb061c87e9541e7a567dd58ff933a/2021-22/nl.1.csv,f43a2aa0c65fb061c87e9541e7a567dd58ff933a,104,2026-09-04T07:11:58.594Z,Eredivisie,2021-22,2021-11-07,For Sittard,PSV Eindhoven,1,4,A,0,1,A,,source_reported_FT,For Sittard,PSV Eindhoven
footballcsv/cache.footballdata,https://raw.githubusercontent.com/footballcsv/cache.footballdata/f43a2aa0c65fb061c87e9541e7a567dd58ff933a/2021-22/nl.1.csv,f43a2aa0c65fb061c87e9541e7a567dd58ff933a,103,2026-09-04T07:11:58.594Z,Eredivisie,2021-22,2021-11-07,Groningen,Waalwijk,1,1,D,0,1,A,,source_reported_FT,Groningen,Waalwijk
footballcsv/cache.footballdata,https://raw.githubusercontent.com/footballcsv/cache.footballdata/f43a2aa0c65fb061c87e9541e7a567dd58ff933a/2021-22/nl.1.csv,f43a2aa0c65fb061c87e9541e7a567dd58ff933a,106,2026-09-04T07:11:58.594Z,Eredivisie,2021-22,2021-11-07,Vitesse,Utrecht,2,1,H,2,0,H,,source_reported_FT,Vitesse,Utrecht
footballcsv/cache.footballdata,https://raw.githubusercontent.com/footballcsv/cache.footballdata/f43a2aa0c65fb061c87e9541e7a567dd58ff933a/2021-22/nl.1.csv,f43a2aa0c65fb061c87e9541e7a567dd58ff933a,110,2026-09-04T07:11:58.594Z,Eredivisie,2021-22,2021-11-20,AZ Alkmaar,Nijmegen,1,1,D,0,1,A,,source_reported_FT,AZ Alkmaar,Nijmegen
footballcsv/cache.footballdata,https://raw.githubusercontent.com/footballcsv/cache.footballdata/f43a2aa0c65fb061c87e9541e7a567dd58ff933a/2021-22/nl.1.csv,f43a2aa0c65fb061c87e9541e7a567dd58ff933a,111,2026-09-04T07:11:58.594Z,Eredivisie,2021-22,2021-11-20,Heracles,For Sittard,3,1,H,2,1,H,,source_reported_FT,Heracles,For Sittard
footballcsv/cache.footballdata,https://raw.githubusercontent.com/footballcsv/cache.footballdata/f43a2aa0c65fb061c87e9541e7a567dd58ff933a/2021-22/nl.1.csv,f43a2aa0c65fb061c87e9541e7a567dd58ff933a,108,2026-09-04T07:11:58.594Z,Eredivisie,2021-22,2021-11-20,PSV Eindhoven,Vitesse,2,0,H,2,0,H,,source_reported_FT,PSV Eindhoven,Vitesse
footballcsv/cache.footballdata,https://raw.githubusercontent.com/footballcsv/cache.footballdata/f43a2aa0c65fb061c87e9541e7a567dd58ff933a/2021-22/nl.1.csv,f43a2aa0c65fb061c87e9541e7a567dd58ff933a,109,2026-09-04T07:11:58.594Z,Eredivisie,2021-22,2021-11-20,Sparta Rotterdam,Twente,0,1,A,0,0,D,,source_reported_FT,Sparta Rotterdam,Twente
footballcsv/cache.footballdata,https://raw.githubusercontent.com/footballcsv/cache.footballdata/f43a2aa0c65fb061c87e9541e7a567dd58ff933a/2021-22/nl.1.csv,f43a2aa0c65fb061c87e9541e7a567dd58ff933a,116,2026-09-04T07:11:58.594Z,Eredivisie,2021-22,2021-11-21,Cambuur,Utrecht,2,1,H,1,1,D,,source_reported_FT,Cambuur,Utrecht
footballcsv/cache.footballdata,https://raw.githubusercontent.com/footballcsv/cache.footballdata/f43a2aa0c65fb061c87e9541e7a567dd58ff933a/2021-22/nl.1.csv,f43a2aa0c65fb061c87e9541e7a567dd58ff933a,113,2026-09-04T07:11:58.594Z,Eredivisie,2021-22,2021-11-21,Feyenoord,Zwolle,4,0,H,4,0,H,,source_reported_FT,Feyenoord,Zwolle
footballcsv/cache.footballdata,https://raw.githubusercontent.com/footballcsv/cache.footballdata/f43a2aa0c65fb061c87e9541e7a567dd58ff933a/2021-22/nl.1.csv,f43a2aa0c65fb061c87e9541e7a567dd58ff933a,112,2026-09-04T07:11:58.594Z,Eredivisie,2021-22,2021-11-21,Go Ahead Eagles,Groningen,0,1,A,0,0,D,,source_reported_FT,Go Ahead Eagles,Groningen
footballcsv/cache.footballdata,https://raw.githubusercontent.com/footballcsv/cache.footballdata/f43a2aa0c65fb061c87e9541e7a567dd58ff933a/2021-22/nl.1.csv,f43a2aa0c65fb061c87e9541e7a567dd58ff933a,114,2026-09-04T07:11:58.594Z,Eredivisie,2021-22,2021-11-21,Heerenveen,Willem II,2,1,H,0,0,D,,source_reported_FT,Heerenveen,Willem II
footballcsv/cache.footballdata,https://raw.githubusercontent.com/footballcsv/cache.footballdata/f43a2aa0c65fb061c87e9541e7a567dd58ff933a/2021-22/nl.1.csv,f43a2aa0c65fb061c87e9541e7a567dd58ff933a,115,2026-09-04T07:11:58.594Z,Eredivisie,2021-22,2021-11-21,Waalwijk,Ajax,0,5,A,0,2,A,,source_reported_FT,Waalwijk,Ajax
footballcsv/cache.footballdata,https://raw.githubusercontent.com/footballcsv/cache.footballdata/f43a2aa0c65fb061c87e9541e7a567dd58ff933a/2021-22/nl.1.csv,f43a2aa0c65fb061c87e9541e7a567dd58ff933a,117,2026-09-04T07:11:58.594Z,Eredivisie,2021-22,2021-11-26,Nijmegen,Cambuur,2,3,A,2,1,H,,source_reported_FT,Nijmegen,Cambuur
footballcsv/cache.footballdata,https://raw.githubusercontent.com/footballcsv/cache.footballdata/f43a2aa0c65fb061c87e9541e7a567dd58ff933a/2021-22/nl.1.csv,f43a2aa0c65fb061c87e9541e7a567dd58ff933a,118,2026-09-04T07:11:58.594Z,Eredivisie,2021-22,2021-11-27,For Sittard,Groningen,1,4,A,1,2,A,,source_reported_FT,For Sittard,Groningen
footballcsv/cache.footballdata,https://raw.githubusercontent.com/footballcsv/cache.footballdata/f43a2aa0c65fb061c87e9541e7a567dd58ff933a/2021-22/nl.1.csv,f43a2aa0c65fb061c87e9541e7a567dd58ff933a,120,2026-09-04T07:11:58.594Z,Eredivisie,2021-22,2021-11-27,Willem II,Go Ahead Eagles,0,1,A,0,0,D,,source_reported_FT,Willem II,Go Ahead Eagles
footballcsv/cache.footballdata,https://raw.githubusercontent.com/footballcsv/cache.footballdata/f43a2aa0c65fb061c87e9541e7a567dd58ff933a/2021-22/nl.1.csv,f43a2aa0c65fb061c87e9541e7a567dd58ff933a,119,2026-09-04T07:11:58.594Z,Eredivisie,2021-22,2021-11-27,Zwolle,Waalwijk,0,0,D,0,0,D,,source_reported_FT,Zwolle,Waalwijk
footballcsv/cache.footballdata,https://raw.githubusercontent.com/footballcsv/cache.footballdata/f43a2aa0c65fb061c87e9541e7a567dd58ff933a/2021-22/nl.1.csv,f43a2aa0c65fb061c87e9541e7a567dd58ff933a,124,2026-09-04T07:11:58.594Z,Eredivisie,2021-22,2021-11-28,Heerenveen,PSV Eindhoven,1,1,D,0,1,A,,source_reported_FT,Heerenveen,PSV Eindhoven
footballcsv/cache.footballdata,https://raw.githubusercontent.com/footballcsv/cache.footballdata/f43a2aa0c65fb061c87e9541e7a567dd58ff933a/2021-22/nl.1.csv,f43a2aa0c65fb061c87e9541e7a567dd58ff933a,121,2026-09-04T07:11:58.594Z,Eredivisie,2021-22,2021-11-28,Sparta Rotterdam,Ajax,0,1,A,0,1,A,,source_reported_FT,Sparta Rotterdam,Ajax
footballcsv/cache.footballdata,https://raw.githubusercontent.com/footballcsv/cache.footballdata/f43a2aa0c65fb061c87e9541e7a567dd58ff933a/2021-22/nl.1.csv,f43a2aa0c65fb061c87e9541e7a567dd58ff933a,122,2026-09-04T07:11:58.594Z,Eredivisie,2021-22,2021-11-28,Twente,Feyenoord,0,0,D,0,0,D,,source_reported_FT,Twente,Feyenoord
footballcsv/cache.footballdata,https://raw.githubusercontent.com/footballcsv/cache.footballdata/f43a2aa0c65fb061c87e9541e7a567dd58ff933a/2021-22/nl.1.csv,f43a2aa0c65fb061c87e9541e7a567dd58ff933a,123,2026-09-04T07:11:58.594Z,Eredivisie,2021-22,2021-11-28,Utrecht,Heracles,1,0,H,0,0,D,,source_reported_FT,Utrecht,Heracles
footballcsv/cache.footballdata,https://raw.githubusercontent.com/footballcsv/cache.footballdata/f43a2aa0c65fb061c87e9541e7a567dd58ff933a/2021-22/nl.1.csv,f43a2aa0c65fb061c87e9541e7a567dd58ff933a,125,2026-09-04T07:11:58.594Z,Eredivisie,2021-22,2021-11-28,Vitesse,AZ Alkmaar,0,0,D,0,0,D,,source_reported_FT,Vitesse,AZ Alkmaar
footballcsv/cache.footballdata,https://raw.githubusercontent.com/footballcsv/cache.footballdata/f43a2aa0c65fb061c87e9541e7a567dd58ff933a/2021-22/nl.1.csv,f43a2aa0c65fb061c87e9541e7a567dd58ff933a,126,2026-09-04T07:11:58.594Z,Eredivisie,2021-22,2021-12-01,Feyenoord,Heracles,2,1,H,1,1,D,,source_reported_FT,Feyenoord,Heracles
footballcsv/cache.footballdata,https://raw.githubusercontent.com/footballcsv/cache.footballdata/f43a2aa0c65fb061c87e9541e7a567dd58ff933a/2021-22/nl.1.csv,f43a2aa0c65fb061c87e9541e7a567dd58ff933a,127,2026-09-04T07:11:58.594Z,Eredivisie,2021-22,2021-12-02,AZ Alkmaar,For Sittard,2,1,H,1,1,D,,source_reported_FT,AZ Alkmaar,For Sittard
footballcsv/cache.footballdata,https://raw.githubusercontent.com/footballcsv/cache.footballdata/f43a2aa0c65fb061c87e9541e7a567dd58ff933a/2021-22/nl.1.csv,f43a2aa0c65fb061c87e9541e7a567dd58ff933a,128,2026-09-04T07:11:58.594Z,Eredivisie,2021-22,2021-12-02,Ajax,Willem II,5,0,H,3,0,H,,source_reported_FT,Ajax,Willem II
footballcsv/cache.footballdata,https://raw.githubusercontent.com/footballcsv/cache.footballdata/f43a2aa0c65fb061c87e9541e7a567dd58ff933a/2021-22/nl.1.csv,f43a2aa0c65fb061c87e9541e7a567dd58ff933a,129,2026-09-04T07:11:58.594Z,Eredivisie,2021-22,2021-12-03,Groningen,Zwolle,1,1,D,0,1,A,,source_reported_FT,Groningen,Zwolle
footballcsv/cache.footballdata,https://raw.githubusercontent.com/footballcsv/cache.footballdata/f43a2aa0c65fb061c87e9541e7a567dd58ff933a/2021-22/nl.1.csv,f43a2aa0c65fb061c87e9541e7a567dd58ff933a,131,2026-09-04T07:11:58.594Z,Eredivisie,2021-22,2021-12-04,Cambuur,Vitesse,1,6,A,1,3,A,,source_reported_FT,Cambuur,Vitesse
footballcsv/cache.footballdata,https://raw.githubusercontent.com/footballcsv/cache.footballdata/f43a2aa0c65fb061c87e9541e7a567dd58ff933a/2021-22/nl.1.csv,f43a2aa0c65fb061c87e9541e7a567dd58ff933a,132,2026-09-04T07:11:58.594Z,Eredivisie,2021-22,2021-12-04,Heracles,Heerenveen,0,1,A,0,0,D,,source_reported_FT,Heracles,Heerenveen
footballcsv/cache.footballdata,https://raw.githubusercontent.com/footballcsv/cache.footballdata/f43a2aa0c65fb061c87e9541e7a567dd58ff933a/2021-22/nl.1.csv,f43a2aa0c65fb061c87e9541e7a567dd58ff933a,130,2026-09-04T07:11:58.594Z,Eredivisie,2021-22,2021-12-04,PSV Eindhoven,Utrecht,4,1,H,2,1,H,,source_reported_FT,PSV Eindhoven,Utrecht
footballcsv/cache.footballdata,https://raw.githubusercontent.com/footballcsv/cache.footballdata/f43a2aa0c65fb061c87e9541e7a567dd58ff933a/2021-22/nl.1.csv,f43a2aa0c65fb061c87e9541e7a567dd58ff933a,134,2026-09-04T07:11:58.594Z,Eredivisie,2021-22,2021-12-05,AZ Alkmaar,Sparta Rotterdam,3,1,H,2,1,H,,source_reported_FT,AZ Alkmaar,Sparta Rotterdam
footballcsv/cache.footballdata,https://raw.githubusercontent.com/footballcsv/cache.footballdata/f43a2aa0c65fb061c87e9541e7a567dd58ff933a/2021-22/nl.1.csv,f43a2aa0c65fb061c87e9541e7a567dd58ff933a,136,2026-09-04T07:11:58.594Z,Eredivisie,2021-22,2021-12-05,Feyenoord,For Sittard,5,0,H,2,0,H,,source_reported_FT,Feyenoord,For Sittard
footballcsv/cache.footballdata,https://raw.githubusercontent.com/footballcsv/cache.footballdata/f43a2aa0c65fb061c87e9541e7a567dd58ff933a/2021-22/nl.1.csv,f43a2aa0c65fb061c87e9541e7a567dd58ff933a,135,2026-09-04T07:11:58.594Z,Eredivisie,2021-22,2021-12-05,Go Ahead Eagles,Twente,1,2,A,1,0,H,,source_reported_FT,Go Ahead Eagles,Twente
footballcsv/cache.footballdata,https://raw.githubusercontent.com/footballcsv/cache.footballdata/f43a2aa0c65fb061c87e9541e7a567dd58ff933a/2021-22/nl.1.csv,f43a2aa0c65fb061c87e9541e7a567dd58ff933a,133,2026-09-04T07:11:58.594Z,Eredivisie,2021-22,2021-12-05,Waalwijk,Nijmegen,2,1,H,1,1,D,,source_reported_FT,Waalwijk,Nijmegen
footballcsv/cache.footballdata,https://raw.githubusercontent.com/footballcsv/cache.footballdata/f43a2aa0c65fb061c87e9541e7a567dd58ff933a/2021-22/nl.1.csv,f43a2aa0c65fb061c87e9541e7a567dd58ff933a,137,2026-09-04T07:11:58.594Z,Eredivisie,2021-22,2021-12-10,Willem II,Cambuur,1,3,A,0,0,D,,source_reported_FT,Willem II,Cambuur
footballcsv/cache.footballdata,https://raw.githubusercontent.com/footballcsv/cache.footballdata/f43a2aa0c65fb061c87e9541e7a567dd58ff933a/2021-22/nl.1.csv,f43a2aa0c65fb061c87e9541e7a567dd58ff933a,139,2026-09-04T07:11:58.594Z,Eredivisie,2021-22,2021-12-11,Heerenveen,Sparta Rotterdam,0,0,D,0,0,D,,source_reported_FT,Heerenveen,Sparta Rotterdam
footballcsv/cache.footballdata,https://raw.githubusercontent.com/footballcsv/cache.footballdata/f43a2aa0c65fb061c87e9541e7a567dd58ff933a/2021-22/nl.1.csv,f43a2aa0c65fb061c87e9541e7a567dd58ff933a,138,2026-09-04T07:11:58.594Z,Eredivisie,2021-22,2021-12-11,Utrecht,Go Ahead Eagles,0,0,D,0,0,D,,source_reported_FT,Utrecht,Go Ahead Eagles
footballcsv/cache.footballdata,https://raw.githubusercontent.com/footballcsv/cache.footballdata/f43a2aa0c65fb061c87e9541e7a567dd58ff933a/2021-22/nl.1.csv,f43a2aa0c65fb061c87e9541e7a567dd58ff933a,140,2026-09-04T07:11:58.594Z,Eredivisie,2021-22,2021-12-11,Zwolle,For Sittard,0,1,A,0,0,D,,source_reported_FT,Zwolle,For Sittard
footballcsv/cache.footballdata,https://raw.githubusercontent.com/footballcsv/cache.footballdata/f43a2aa0c65fb061c87e9541e7a567dd58ff933a/2021-22/nl.1.csv,f43a2aa0c65fb061c87e9541e7a567dd58ff933a,144,2026-09-04T07:11:58.594Z,Eredivisie,2021-22,2021-12-12,Ajax,AZ Alkmaar,1,2,A,0,0,D,,source_reported_FT,Ajax,AZ Alkmaar
footballcsv/cache.footballdata,https://raw.githubusercontent.com/footballcsv/cache.footballdata/f43a2aa0c65fb061c87e9541e7a567dd58ff933a/2021-22/nl.1.csv,f43a2aa0c65fb061c87e9541e7a567dd58ff933a,142,2026-09-04T07:11:58.594Z,Eredivisie,2021-22,2021-12-12,Groningen,Feyenoord,1,1,D,0,0,D,,source_reported_FT,Groningen,Feyenoord
footballcsv/cache.footballdata,https://raw.githubusercontent.com/footballcsv/cache.footballdata/f43a2aa0c65fb061c87e9541e7a567dd58ff933a/2021-22/nl.1.csv,f43a2aa0c65fb061c87e9541e7a567dd58ff933a,145,2026-09-04T07:11:58.594Z,Eredivisie,2021-22,2021-12-12,Nijmegen,PSV Eindhoven,1,2,A,1,0,H,,source_reported_FT,Nijmegen,PSV Eindhoven
footballcsv/cache.footballdata,https://raw.githubusercontent.com/footballcsv/cache.footballdata/f43a2aa0c65fb061c87e9541e7a567dd58ff933a/2021-22/nl.1.csv,f43a2aa0c65fb061c87e9541e7a567dd58ff933a,141,2026-09-04T07:11:58.594Z,Eredivisie,2021-22,2021-12-12,Twente,Waalwijk,2,1,H,2,1,H,,source_reported_FT,Twente,Waalwijk
footballcsv/cache.footballdata,https://raw.githubusercontent.com/footballcsv/cache.footballdata/f43a2aa0c65fb061c87e9541e7a567dd58ff933a/2021-22/nl.1.csv,f43a2aa0c65fb061c87e9541e7a567dd58ff933a,143,2026-09-04T07:11:58.594Z,Eredivisie,2021-22,2021-12-12,Vitesse,Heracles,2,1,H,1,1,D,,source_reported_FT,Vitesse,Heracles
footballcsv/cache.footballdata,https://raw.githubusercontent.com/footballcsv/cache.footballdata/f43a2aa0c65fb061c87e9541e7a567dd58ff933a/2021-22/nl.1.csv,f43a2aa0c65fb061c87e9541e7a567dd58ff933a,148,2026-09-04T07:11:58.594Z,Eredivisie,2021-22,2021-12-18,AZ Alkmaar,Willem II,4,1,H,1,1,D,,source_reported_FT,AZ Alkmaar,Willem II
footballcsv/cache.footballdata,https://raw.githubusercontent.com/footballcsv/cache.footballdata/f43a2aa0c65fb061c87e9541e7a567dd58ff933a/2021-22/nl.1.csv,f43a2aa0c65fb061c87e9541e7a567dd58ff933a,146,2026-09-04T07:11:58.594Z,Eredivisie,2021-22,2021-12-18,For Sittard,Utrecht,2,2,D,1,1,D,,source_reported_FT,For Sittard,Utrecht
footballcsv/cache.footballdata,https://raw.githubusercontent.com/footballcsv/cache.footballdata/f43a2aa0c65fb061c87e9541e7a567dd58ff933a/2021-22/nl.1.csv,f43a2aa0c65fb061c87e9541e7a567dd58ff933a,149,2026-09-04T07:11:58.594Z,Eredivisie,2021-22,2021-12-18,Heracles,Groningen,4,2,H,2,1,H,,source_reported_FT,Heracles,Groningen
footballcsv/cache.footballdata,https://raw.githubusercontent.com/footballcsv/cache.footballdata/f43a2aa0c65fb061c87e9541e7a567dd58ff933a/2021-22/nl.1.csv,f43a2aa0c65fb061c87e9541e7a567dd58ff933a,147,2026-09-04T07:11:58.594Z,Eredivisie,2021-22,2021-12-18,Sparta Rotterdam,Vitesse,2,2,D,0,2,A,,source_reported_FT,Sparta Rotterdam,Vitesse
footballcsv/cache.footballdata,https://raw.githubusercontent.com/footballcsv/cache.footballdata/f43a2aa0c65fb061c87e9541e7a567dd58ff933a/2021-22/nl.1.csv,f43a2aa0c65fb061c87e9541e7a567dd58ff933a,150,2026-09-04T07:11:58.594Z,Eredivisie,2021-22,2021-12-18,Zwolle,Twente,1,3,A,0,2,A,,source_reported_FT,Zwolle,Twente
footballcsv/cache.footballdata,https://raw.githubusercontent.com/footballcsv/cache.footballdata/f43a2aa0c65fb061c87e9541e7a567dd58ff933a/2021-22/nl.1.csv,f43a2aa0c65fb061c87e9541e7a567dd58ff933a,151,2026-09-04T07:11:58.594Z,Eredivisie,2021-22,2021-12-19,Cambuur,Heerenveen,1,2,A,1,1,D,,source_reported_FT,Cambuur,Heerenveen
footballcsv/cache.footballdata,https://raw.githubusercontent.com/footballcsv/cache.footballdata/f43a2aa0c65fb061c87e9541e7a567dd58ff933a/2021-22/nl.1.csv,f43a2aa0c65fb061c87e9541e7a567dd58ff933a,152,2026-09-04T07:11:58.594Z,Eredivisie,2021-22,2021-12-19,Feyenoord,Ajax,0,2,A,0,1,A,,source_reported_FT,Feyenoord,Ajax
footballcsv/cache.footballdata,https://raw.githubusercontent.com/footballcsv/cache.footballdata/f43a2aa0c65fb061c87e9541e7a567dd58ff933a/2021-22/nl.1.csv,f43a2aa0c65fb061c87e9541e7a567dd58ff933a,153,2026-09-04T07:11:58.594Z,Eredivisie,2021-22,2021-12-19,Go Ahead Eagles,Nijmegen,0,2,A,0,2,A,,source_reported_FT,Go Ahead Eagles,Nijmegen
footballcsv/cache.footballdata,https://raw.githubusercontent.com/footballcsv/cache.footballdata/f43a2aa0c65fb061c87e9541e7a567dd58ff933a/2021-22/nl.1.csv,f43a2aa0c65fb061c87e9541e7a567dd58ff933a,154,2026-09-04T07:11:58.594Z,Eredivisie,2021-22,2021-12-19,Waalwijk,PSV Eindhoven,1,4,A,0,1,A,,source_reported_FT,Waalwijk,PSV Eindhoven
footballcsv/cache.footballdata,https://raw.githubusercontent.com/footballcsv/cache.footballdata/f43a2aa0c65fb061c87e9541e7a567dd58ff933a/2021-22/nl.1.csv,f43a2aa0c65fb061c87e9541e7a567dd58ff933a,156,2026-09-04T07:11:58.594Z,Eredivisie,2021-22,2021-12-21,AZ Alkmaar,Groningen,1,0,H,0,0,D,,source_reported_FT,AZ Alkmaar,Groningen
footballcsv/cache.footballdata,https://raw.githubusercontent.com/footballcsv/cache.footballdata/f43a2aa0c65fb061c87e9541e7a567dd58ff933a/2021-22/nl.1.csv,f43a2aa0c65fb061c87e9541e7a567dd58ff933a,155,2026-09-04T07:11:58.594Z,Eredivisie,2021-22,2021-12-21,Vitesse,Zwolle,1,0,H,0,0,D,,source_reported_FT,Vitesse,Zwolle
footballcsv/cache.footballdata,https://raw.githubusercontent.com/footballcsv/cache.footballdata/f43a2aa0c65fb061c87e9541e7a567dd58ff933a/2021-22/nl.1.csv,f43a2aa0c65fb061c87e9541e7a567dd58ff933a,160,2026-09-04T07:11:58.594Z,Eredivisie,2021-22,2021-12-22,Ajax,For Sittard,5,0,H,2,0,H,,source_reported_FT,Ajax,For Sittard
footballcsv/cache.footballdata,https://raw.githubusercontent.com/footballcsv/cache.footballdata/f43a2aa0c65fb061c87e9541e7a567dd58ff933a/2021-22/nl.1.csv,f43a2aa0c65fb061c87e9541e7a567dd58ff933a,157,2026-09-04T07:11:58.594Z,Eredivisie,2021-22,2021-12-22,Heerenveen,Feyenoord,0,3,A,0,2,A,,source_reported_FT,Heerenveen,Feyenoord
footballcsv/cache.footballdata,https://raw.githubusercontent.com/footballcsv/cache.footballdata/f43a2aa0c65fb061c87e9541e7a567dd58ff933a/2021-22/nl.1.csv,f43a2aa0c65fb061c87e9541e7a567dd58ff933a,159,2026-09-04T07:11:58.594Z,Eredivisie,2021-22,2021-12-22,Heracles,Cambuur,1,1,D,0,0,D,,source_reported_FT,Heracles,Cambuur
footballcsv/cache.footballdata,https://raw.githubusercontent.com/footballcsv/cache.footballdata/f43a2aa0c65fb061c87e9541e7a567dd58ff933a/2021-22/nl.1.csv,f43a2aa0c65fb061c87e9541e7a567dd58ff933a,161,2026-09-04T07:11:58.594Z,Eredivisie,2021-22,2021-12-22,Utrecht,Twente,1,1,D,0,1,A,,source_reported_FT,Utrecht,Twente
footballcsv/cache.footballdata,https://raw.githubusercontent.com/footballcsv/cache.footballdata/f43a2aa0c65fb061c87e9541e7a567dd58ff933a/2021-22/nl.1.csv,f43a2aa0c65fb061c87e9541e7a567dd58ff933a,158,2026-09-04T07:11:58.594Z,Eredivisie,2021-22,2021-12-22,Willem II,Nijmegen,0,1,A,0,1,A,,source_reported_FT,Willem II,Nijmegen
footballcsv/cache.footballdata,https://raw.githubusercontent.com/footballcsv/cache.footballdata/f43a2aa0c65fb061c87e9541e7a567dd58ff933a/2021-22/nl.1.csv,f43a2aa0c65fb061c87e9541e7a567dd58ff933a,162,2026-09-04T07:11:58.594Z,Eredivisie,2021-22,2021-12-23,PSV Eindhoven,Go Ahead Eagles,2,0,H,1,0,H,,source_reported_FT,PSV Eindhoven,Go Ahead Eagles
footballcsv/cache.footballdata,https://raw.githubusercontent.com/footballcsv/cache.footballdata/f43a2aa0c65fb061c87e9541e7a567dd58ff933a/2021-22/nl.1.csv,f43a2aa0c65fb061c87e9541e7a567dd58ff933a,163,2026-09-04T07:11:58.594Z,Eredivisie,2021-22,2021-12-23,Sparta Rotterdam,Waalwijk,1,1,D,1,1,D,,source_reported_FT,Sparta Rotterdam,Waalwijk
footballcsv/cache.footballdata,https://raw.githubusercontent.com/footballcsv/cache.footballdata/f43a2aa0c65fb061c87e9541e7a567dd58ff933a/2021-22/nl.1.csv,f43a2aa0c65fb061c87e9541e7a567dd58ff933a,164,2026-09-04T07:11:58.594Z,Eredivisie,2021-22,2022-01-14,Zwolle,Willem II,2,0,H,1,0,H,,source_reported_FT,Zwolle,Willem II
footballcsv/cache.footballdata,https://raw.githubusercontent.com/footballcsv/cache.footballdata/f43a2aa0c65fb061c87e9541e7a567dd58ff933a/2021-22/nl.1.csv,f43a2aa0c65fb061c87e9541e7a567dd58ff933a,166,2026-09-04T07:11:58.594Z,Eredivisie,2021-22,2022-01-15,Feyenoord,Vitesse,0,1,A,0,0,D,,source_reported_FT,Feyenoord,Vitesse
footballcsv/cache.footballdata,https://raw.githubusercontent.com/footballcsv/cache.footballdata/f43a2aa0c65fb061c87e9541e7a567dd58ff933a/2021-22/nl.1.csv,f43a2aa0c65fb061c87e9541e7a567dd58ff933a,168,2026-09-04T07:11:58.594Z,Eredivisie,2021-22,2022-01-15,Go Ahead Eagles,Waalwijk,0,2,A,0,2,A,,source_reported_FT,Go Ahead Eagles,Waalwijk
footballcsv/cache.footballdata,https://raw.githubusercontent.com/footballcsv/cache.footballdata/f43a2aa0c65fb061c87e9541e7a567dd58ff933a/2021-22/nl.1.csv,f43a2aa0c65fb061c87e9541e7a567dd58ff933a,165,2026-09-04T07:11:58.594Z,Eredivisie,2021-22,2022-01-15,Nijmegen,Heracles,0,0,D,0,0,D,,source_reported_FT,Nijmegen,Heracles
footballcsv/cache.footballdata,https://raw.githubusercontent.com/footballcsv/cache.footballdata/f43a2aa0c65fb061c87e9541e7a567dd58ff933a/2021-22/nl.1.csv,f43a2aa0c65fb061c87e9541e7a567dd58ff933a,167,2026-09-04T07:11:58.594Z,Eredivisie,2021-22,2022-01-15,Twente,Heerenveen,2,0,H,0,0,D,,source_reported_FT,Twente,Heerenveen
footballcsv/cache.footballdata,https://raw.githubusercontent.com/footballcsv/cache.footballdata/f43a2aa0c65fb061c87e9541e7a567dd58ff933a/2021-22/nl.1.csv,f43a2aa0c65fb061c87e9541e7a567dd58ff933a,170,2026-09-04T07:11:58.594Z,Eredivisie,2021-22,2022-01-16,Cambuur,Sparta Rotterdam,1,1,D,1,0,H,,source_reported_FT,Cambuur,Sparta Rotterdam
footballcsv/cache.footballdata,https://raw.githubusercontent.com/footballcsv/cache.footballdata/f43a2aa0c65fb061c87e9541e7a567dd58ff933a/2021-22/nl.1.csv,f43a2aa0c65fb061c87e9541e7a567dd58ff933a,172,2026-09-04T07:11:58.594Z,Eredivisie,2021-22,2022-01-16,For Sittard,AZ Alkmaar,1,2,A,0,1,A,,source_reported_FT,For Sittard,AZ Alkmaar
footballcsv/cache.footballdata,https://raw.githubusercontent.com/footballcsv/cache.footballdata/f43a2aa0c65fb061c87e9541e7a567dd58ff933a/2021-22/nl.1.csv,f43a2aa0c65fb061c87e9541e7a567dd58ff933a,171,2026-09-04T07:11:58.594Z,Eredivisie,2021-22,2022-01-16,Groningen,PSV Eindhoven,0,1,A,0,1,A,,source_reported_FT,Groningen,PSV Eindhoven
footballcsv/cache.footballdata,https://raw.githubusercontent.com/footballcsv/cache.footballdata/f43a2aa0c65fb061c87e9541e7a567dd58ff933a/2021-22/nl.1.csv,f43a2aa0c65fb061c87e9541e7a567dd58ff933a,169,2026-09-04T07:11:58.594Z,Eredivisie,2021-22,2022-01-16,Utrecht,Ajax,0,3,A,0,3,A,,source_reported_FT,Utrecht,Ajax
footballcsv/cache.footballdata,https://raw.githubusercontent.com/footballcsv/cache.footballdata/f43a2aa0c65fb061c87e9541e7a567dd58ff933a/2021-22/nl.1.csv,f43a2aa0c65fb061c87e9541e7a567dd58ff933a,174,2026-09-04T07:11:58.594Z,Eredivisie,2021-22,2022-01-22,AZ Alkmaar,Cambuur,0,0,D,0,0,D,,source_reported_FT,AZ Alkmaar,Cambuur
footballcsv/cache.footballdata,https://raw.githubusercontent.com/footballcsv/cache.footballdata/f43a2aa0c65fb061c87e9541e7a567dd58ff933a/2021-22/nl.1.csv,f43a2aa0c65fb061c87e9541e7a567dd58ff933a,175,2026-09-04T07:11:58.594Z,Eredivisie,2021-22,2022-01-22,Heerenveen,Zwolle,0,1,A,0,1,A,,source_reported_FT,Heerenveen,Zwolle
footballcsv/cache.footballdata,https://raw.githubusercontent.com/footballcsv/cache.footballdata/f43a2aa0c65fb061c87e9541e7a567dd58ff933a/2021-22/nl.1.csv,f43a2aa0c65fb061c87e9541e7a567dd58ff933a,173,2026-09-04T07:11:58.594Z,Eredivisie,2021-22,2022-01-22,Vitesse,Groningen,1,3,A,0,1,A,,source_reported_FT,Vitesse,Groningen
footballcsv/cache.footballdata,https://raw.githubusercontent.com/footballcsv/cache.footballdata/f43a2aa0c65fb061c87e9541e7a567dd58ff933a/2021-22/nl.1.csv,f43a2aa0c65fb061c87e9541e7a567dd58ff933a,176,2026-09-04T07:11:58.594Z,Eredivisie,2021-22,2022-01-22,Willem II,Twente,0,1,A,0,1,A,,source_reported_FT,Willem II,Twente
footballcsv/cache.footballdata,https://raw.githubusercontent.com/footballcsv/cache.footballdata/f43a2aa0c65fb061c87e9541e7a567dd58ff933a/2021-22/nl.1.csv,f43a2aa0c65fb061c87e9541e7a567dd58ff933a,178,2026-09-04T07:11:58.594Z,Eredivisie,2021-22,2022-01-23,Heracles,Go Ahead Eagles,1,1,D,1,0,H,,source_reported_FT,Heracles,Go Ahead Eagles
footballcsv/cache.footballdata,https://raw.githubusercontent.com/footballcsv/cache.footballdata/f43a2aa0c65fb061c87e9541e7a567dd58ff933a/2021-22/nl.1.csv,f43a2aa0c65fb061c87e9541e7a567dd58ff933a,177,2026-09-04T07:11:58.594Z,Eredivisie,2021-22,2022-01-23,Nijmegen,Feyenoord,1,4,A,1,1,D,,source_reported_FT,Nijmegen,Feyenoord
footballcsv/cache.footballdata,https://raw.githubusercontent.com/footballcsv/cache.footballdata/f43a2aa0c65fb061c87e9541e7a567dd58ff933a/2021-22/nl.1.csv,f43a2aa0c65fb061c87e9541e7a567dd58ff933a,179,2026-09-04T07:11:58.594Z,Eredivisie,2021-22,2022-01-23,PSV Eindhoven,Ajax,1,2,A,0,1,A,,source_reported_FT,PSV Eindhoven,Ajax
footballcsv/cache.footballdata,https://raw.githubusercontent.com/footballcsv/cache.footballdata/f43a2aa0c65fb061c87e9541e7a567dd58ff933a/2021-22/nl.1.csv,f43a2aa0c65fb061c87e9541e7a567dd58ff933a,180,2026-09-04T07:11:58.594Z,Eredivisie,2021-22,2022-01-23,Sparta Rotterdam,Utrecht,0,3,A,0,1,A,,source_reported_FT,Sparta Rotterdam,Utrecht
footballcsv/cache.footballdata,https://raw.githubusercontent.com/footballcsv/cache.footballdata/f43a2aa0c65fb061c87e9541e7a567dd58ff933a/2021-22/nl.1.csv,f43a2aa0c65fb061c87e9541e7a567dd58ff933a,181,2026-09-04T07:11:58.594Z,Eredivisie,2021-22,2022-01-23,Waalwijk,For Sittard,2,1,H,2,0,H,,source_reported_FT,Waalwijk,For Sittard
footballcsv/cache.footballdata,https://raw.githubusercontent.com/footballcsv/cache.footballdata/f43a2aa0c65fb061c87e9541e7a567dd58ff933a/2021-22/nl.1.csv,f43a2aa0c65fb061c87e9541e7a567dd58ff933a,183,2026-09-04T07:11:58.594Z,Eredivisie,2021-22,2022-02-05,For Sittard,Heerenveen,2,0,H,1,0,H,,source_reported_FT,For Sittard,Heerenveen
footballcsv/cache.footballdata,https://raw.githubusercontent.com/footballcsv/cache.footballdata/f43a2aa0c65fb061c87e9541e7a567dd58ff933a/2021-22/nl.1.csv,f43a2aa0c65fb061c87e9541e7a567dd58ff933a,184,2026-09-04T07:11:58.594Z,Eredivisie,2021-22,2022-02-05,PSV Eindhoven,AZ Alkmaar,1,2,A,1,1,D,,source_reported_FT,PSV Eindhoven,AZ Alkmaar
footballcsv/cache.footballdata,https://raw.githubusercontent.com/footballcsv/cache.footballdata/f43a2aa0c65fb061c87e9541e7a567dd58ff933a/2021-22/nl.1.csv,f43a2aa0c65fb061c87e9541e7a567dd58ff933a,186,2026-09-04T07:11:58.594Z,Eredivisie,2021-22,2022-02-05,Twente,Vitesse,3,0,H,2,0,H,,source_reported_FT,Twente,Vitesse
footballcsv/cache.footballdata,https://raw.githubusercontent.com/footballcsv/cache.footballdata/f43a2aa0c65fb061c87e9541e7a567dd58ff933a/2021-22/nl.1.csv,f43a2aa0c65fb061c87e9541e7a567dd58ff933a,182,2026-09-04T07:11:58.594Z,Eredivisie,2021-22,2022-02-05,Utrecht,Cambuur,3,2,H,2,2,D,,source_reported_FT,Utrecht,Cambuur
footballcsv/cache.footballdata,https://raw.githubusercontent.com/footballcsv/cache.footballdata/f43a2aa0c65fb061c87e9541e7a567dd58ff933a/2021-22/nl.1.csv,f43a2aa0c65fb061c87e9541e7a567dd58ff933a,185,2026-09-04T07:11:58.594Z,Eredivisie,2021-22,2022-02-05,Zwolle,Nijmegen,1,1,D,1,1,D,,source_reported_FT,Zwolle,Nijmegen
footballcsv/cache.footballdata,https://raw.githubusercontent.com/footballcsv/cache.footballdata/f43a2aa0c65fb061c87e9541e7a567dd58ff933a/2021-22/nl.1.csv,f43a2aa0c65fb061c87e9541e7a567dd58ff933a,190,2026-09-04T07:11:58.594Z,Eredivisie,2021-22,2022-02-06,Ajax,Heracles,3,0,H,1,0,H,,source_reported_FT,Ajax,Heracles
footballcsv/cache.footballdata,https://raw.githubusercontent.com/footballcsv/cache.footballdata/f43a2aa0c65fb061c87e9541e7a567dd58ff933a/2021-22/nl.1.csv,f43a2aa0c65fb061c87e9541e7a567dd58ff933a,187,2026-09-04T07:11:58.594Z,Eredivisie,2021-22,2022-02-06,Feyenoord,Sparta Rotterdam,4,0,H,2,0,H,,source_reported_FT,Feyenoord,Sparta Rotterdam
footballcsv/cache.footballdata,https://raw.githubusercontent.com/footballcsv/cache.footballdata/f43a2aa0c65fb061c87e9541e7a567dd58ff933a/2021-22/nl.1.csv,f43a2aa0c65fb061c87e9541e7a567dd58ff933a,188,2026-09-04T07:11:58.594Z,Eredivisie,2021-22,2022-02-06,Groningen,Go Ahead Eagles,2,1,H,1,0,H,,source_reported_FT,Groningen,Go Ahead Eagles
footballcsv/cache.footballdata,https://raw.githubusercontent.com/footballcsv/cache.footballdata/f43a2aa0c65fb061c87e9541e7a567dd58ff933a/2021-22/nl.1.csv,f43a2aa0c65fb061c87e9541e7a567dd58ff933a,189,2026-09-04T07:11:58.594Z,Eredivisie,2021-22,2022-02-06,Willem II,Waalwijk,3,1,H,3,0,H,,source_reported_FT,Willem II,Waalwijk
footballcsv/cache.footballdata,https://raw.githubusercontent.com/footballcsv/cache.footballdata/f43a2aa0c65fb061c87e9541e7a567dd58ff933a/2021-22/nl.1.csv,f43a2aa0c65fb061c87e9541e7a567dd58ff933a,191,2026-09-04T07:11:58.594Z,Eredivisie,2021-22,2022-02-11,Heracles,Utrecht,1,0,H,0,0,D,,source_reported_FT,Heracles,Utrecht
footballcsv/cache.footballdata,https://raw.githubusercontent.com/footballcsv/cache.footballdata/f43a2aa0c65fb061c87e9541e7a567dd58ff933a/2021-22/nl.1.csv,f43a2aa0c65fb061c87e9541e7a567dd58ff933a,192,2026-09-04T07:11:58.594Z,Eredivisie,2021-22,2022-02-12,Cambuur,Zwolle,3,4,A,2,2,D,,source_reported_FT,Cambuur,Zwolle
footballcsv/cache.footballdata,https://raw.githubusercontent.com/footballcsv/cache.footballdata/f43a2aa0c65fb061c87e9541e7a567dd58ff933a/2021-22/nl.1.csv,f43a2aa0c65fb061c87e9541e7a567dd58ff933a,193,2026-09-04T07:11:58.594Z,Eredivisie,2021-22,2022-02-12,Groningen,For Sittard,0,1,A,0,0,D,,source_reported_FT,Groningen,For Sittard
footballcsv/cache.footballdata,https://raw.githubusercontent.com/footballcsv/cache.footballdata/f43a2aa0c65fb061c87e9541e7a567dd58ff933a/2021-22/nl.1.csv,f43a2aa0c65fb061c87e9541e7a567dd58ff933a,194,2026-09-04T07:11:58.594Z,Eredivisie,2021-22,2022-02-12,Vitesse,PSV Eindhoven,0,5,A,0,3,A,,source_reported_FT,Vitesse,PSV Eindhoven
footballcsv/cache.footballdata,https://raw.githubusercontent.com/footballcsv/cache.footballdata/f43a2aa0c65fb061c87e9541e7a567dd58ff933a/2021-22/nl.1.csv,f43a2aa0c65fb061c87e9541e7a567dd58ff933a,199,2026-09-04T07:11:58.594Z,Eredivisie,2021-22,2022-02-13,Ajax,Twente,5,0,H,1,0,H,,source_reported_FT,Ajax,Twente
footballcsv/cache.footballdata,https://raw.githubusercontent.com/footballcsv/cache.footballdata/f43a2aa0c65fb061c87e9541e7a567dd58ff933a/2021-22/nl.1.csv,f43a2aa0c65fb061c87e9541e7a567dd58ff933a,195,2026-09-04T07:11:58.594Z,Eredivisie,2021-22,2022-02-13,Go Ahead Eagles,AZ Alkmaar,1,4,A,1,3,A,,source_reported_FT,Go Ahead Eagles,AZ Alkmaar
footballcsv/cache.footballdata,https://raw.githubusercontent.com/footballcsv/cache.footballdata/f43a2aa0c65fb061c87e9541e7a567dd58ff933a/2021-22/nl.1.csv,f43a2aa0c65fb061c87e9541e7a567dd58ff933a,197,2026-09-04T07:11:58.594Z,Eredivisie,2021-22,2022-02-13,Heerenveen,Nijmegen,0,1,A,0,1,A,,source_reported_FT,Heerenveen,Nijmegen
footballcsv/cache.footballdata,https://raw.githubusercontent.com/footballcsv/cache.footballdata/f43a2aa0c65fb061c87e9541e7a567dd58ff933a/2021-22/nl.1.csv,f43a2aa0c65fb061c87e9541e7a567dd58ff933a,196,2026-09-04T07:11:58.594Z,Eredivisie,2021-22,2022-02-13,Sparta Rotterdam,Willem II,1,0,H,0,0,D,,source_reported_FT,Sparta Rotterdam,Willem II
footballcsv/cache.footballdata,https://raw.githubusercontent.com/footballcsv/cache.footballdata/f43a2aa0c65fb061c87e9541e7a567dd58ff933a/2021-22/nl.1.csv,f43a2aa0c65fb061c87e9541e7a567dd58ff933a,198,2026-09-04T07:11:58.594Z,Eredivisie,2021-22,2022-02-13,Waalwijk,Feyenoord,0,2,A,0,1,A,,source_reported_FT,Waalwijk,Feyenoord
footballcsv/cache.footballdata,https://raw.githubusercontent.com/footballcsv/cache.footballdata/f43a2aa0c65fb061c87e9541e7a567dd58ff933a/2021-22/nl.1.csv,f43a2aa0c65fb061c87e9541e7a567dd58ff933a,202,2026-09-04T07:11:58.594Z,Eredivisie,2021-22,2022-02-19,AZ Alkmaar,Heracles,2,1,H,1,1,D,,source_reported_FT,AZ Alkmaar,Heracles
footballcsv/cache.footballdata,https://raw.githubusercontent.com/footballcsv/cache.footballdata/f43a2aa0c65fb061c87e9541e7a567dd58ff933a/2021-22/nl.1.csv,f43a2aa0c65fb061c87e9541e7a567dd58ff933a,200,2026-09-04T07:11:58.594Z,Eredivisie,2021-22,2022-02-19,Nijmegen,Waalwijk,1,1,D,0,1,A,,source_reported_FT,Nijmegen,Waalwijk
footballcsv/cache.footballdata,https://raw.githubusercontent.com/footballcsv/cache.footballdata/f43a2aa0c65fb061c87e9541e7a567dd58ff933a/2021-22/nl.1.csv,f43a2aa0c65fb061c87e9541e7a567dd58ff933a,201,2026-09-04T07:11:58.594Z,Eredivisie,2021-22,2022-02-19,Willem II,Ajax,0,1,A,0,0,D,,source_reported_FT,Willem II,Ajax
footballcsv/cache.footballdata,https://raw.githubusercontent.com/footballcsv/cache.footballdata/f43a2aa0c65fb061c87e9541e7a567dd58ff933a/2021-22/nl.1.csv,f43a2aa0c65fb061c87e9541e7a567dd58ff933a,204,2026-09-04T07:11:58.594Z,Eredivisie,2021-22,2022-02-20,Feyenoord,Cambuur,3,1,H,2,1,H,,source_reported_FT,Feyenoord,Cambuur
footballcsv/cache.footballdata,https://raw.githubusercontent.com/footballcsv/cache.footballdata/f43a2aa0c65fb061c87e9541e7a567dd58ff933a/2021-22/nl.1.csv,f43a2aa0c65fb061c87e9541e7a567dd58ff933a,206,2026-09-04T07:11:58.594Z,Eredivisie,2021-22,2022-02-20,PSV Eindhoven,Heerenveen,3,1,H,1,1,D,,source_reported_FT,PSV Eindhoven,Heerenveen
footballcsv/cache.footballdata,https://raw.githubusercontent.com/footballcsv/cache.footballdata/f43a2aa0c65fb061c87e9541e7a567dd58ff933a/2021-22/nl.1.csv,f43a2aa0c65fb061c87e9541e7a567dd58ff933a,205,2026-09-04T07:11:58.594Z,Eredivisie,2021-22,2022-02-20,Twente,Go Ahead Eagles,2,2,D,0,1,A,,source_reported_FT,Twente,Go Ahead Eagles
footballcsv/cache.footballdata,https://raw.githubusercontent.com/footballcsv/cache.footballdata/f43a2aa0c65fb061c87e9541e7a567dd58ff933a/2021-22/nl.1.csv,f43a2aa0c65fb061c87e9541e7a567dd58ff933a,207,2026-09-04T07:11:58.594Z,Eredivisie,2021-22,2022-02-20,Utrecht,Vitesse,1,1,D,1,0,H,,source_reported_FT,Utrecht,Vitesse
footballcsv/cache.footballdata,https://raw.githubusercontent.com/footballcsv/cache.footballdata/f43a2aa0c65fb061c87e9541e7a567dd58ff933a/2021-22/nl.1.csv,f43a2aa0c65fb061c87e9541e7a567dd58ff933a,203,2026-09-04T07:11:58.594Z,Eredivisie,2021-22,2022-02-20,Zwolle,Groningen,1,1,D,0,1,A,,source_reported_FT,Zwolle,Groningen
footballcsv/cache.footballdata,https://raw.githubusercontent.com/footballcsv/cache.footballdata/f43a2aa0c65fb061c87e9541e7a567dd58ff933a/2021-22/nl.1.csv,f43a2aa0c65fb061c87e9541e7a567dd58ff933a,208,2026-09-04T07:11:58.594Z,Eredivisie,2021-22,2022-02-25,Waalwijk,Twente,1,2,A,0,1,A,,source_reported_FT,Waalwijk,Twente
footballcsv/cache.footballdata,https://raw.githubusercontent.com/footballcsv/cache.footballdata/f43a2aa0c65fb061c87e9541e7a567dd58ff933a/2021-22/nl.1.csv,f43a2aa0c65fb061c87e9541e7a567dd58ff933a,211,2026-09-04T07:11:58.594Z,Eredivisie,2021-22,2022-02-26,Cambuur,For Sittard,2,1,H,1,1,D,,source_reported_FT,Cambuur,For Sittard
footballcsv/cache.footballdata,https://raw.githubusercontent.com/footballcsv/cache.footballdata/f43a2aa0c65fb061c87e9541e7a567dd58ff933a/2021-22/nl.1.csv,f43a2aa0c65fb061c87e9541e7a567dd58ff933a,210,2026-09-04T07:11:58.594Z,Eredivisie,2021-22,2022-02-26,Groningen,Willem II,1,0,H,1,0,H,,source_reported_FT,Groningen,Willem II
footballcsv/cache.footballdata,https://raw.githubusercontent.com/footballcsv/cache.footballdata/f43a2aa0c65fb061c87e9541e7a567dd58ff933a/2021-22/nl.1.csv,f43a2aa0c65fb061c87e9541e7a567dd58ff933a,209,2026-09-04T07:11:58.594Z,Eredivisie,2021-22,2022-02-26,Heracles,Zwolle,2,0,H,1,0,H,,source_reported_FT,Heracles,Zwolle
footballcsv/cache.footballdata,https://raw.githubusercontent.com/footballcsv/cache.footballdata/f43a2aa0c65fb061c87e9541e7a567dd58ff933a/2021-22/nl.1.csv,f43a2aa0c65fb061c87e9541e7a567dd58ff933a,212,2026-09-04T07:11:58.594Z,Eredivisie,2021-22,2022-02-27,AZ Alkmaar,Feyenoord,2,1,H,2,0,H,,source_reported_FT,AZ Alkmaar,Feyenoord
footballcsv/cache.footballdata,https://raw.githubusercontent.com/footballcsv/cache.footballdata/f43a2aa0c65fb061c87e9541e7a567dd58ff933a/2021-22/nl.1.csv,f43a2aa0c65fb061c87e9541e7a567dd58ff933a,215,2026-09-04T07:11:58.594Z,Eredivisie,2021-22,2022-02-27,Go Ahead Eagles,Ajax,2,1,H,2,0,H,,source_reported_FT,Go Ahead Eagles,Ajax
footballcsv/cache.footballdata,https://raw.githubusercontent.com/footballcsv/cache.footballdata/f43a2aa0c65fb061c87e9541e7a567dd58ff933a/2021-22/nl.1.csv,f43a2aa0c65fb061c87e9541e7a567dd58ff933a,216,2026-09-04T07:11:58.594Z,Eredivisie,2021-22,2022-02-27,Heerenveen,Utrecht,1,2,A,0,0,D,,source_reported_FT,Heerenveen,Utrecht
footballcsv/cache.footballdata,https://raw.githubusercontent.com/footballcsv/cache.footballdata/f43a2aa0c65fb061c87e9541e7a567dd58ff933a/2021-22/nl.1.csv,f43a2aa0c65fb061c87e9541e7a567dd58ff933a,214,2026-09-04T07:11:58.594Z,Eredivisie,2021-22,2022-02-27,Sparta Rotterdam,PSV Eindhoven,1,2,A,1,0,H,,source_reported_FT,Sparta Rotterdam,PSV Eindhoven
footballcsv/cache.footballdata,https://raw.githubusercontent.com/footballcsv/cache.footballdata/f43a2aa0c65fb061c87e9541e7a567dd58ff933a/2021-22/nl.1.csv,f43a2aa0c65fb061c87e9541e7a567dd58ff933a,213,2026-09-04T07:11:58.594Z,Eredivisie,2021-22,2022-02-27,Vitesse,Nijmegen,4,1,H,0,0,D,,source_reported_FT,Vitesse,Nijmegen
footballcsv/cache.footballdata,https://raw.githubusercontent.com/footballcsv/cache.footballdata/f43a2aa0c65fb061c87e9541e7a567dd58ff933a/2021-22/nl.1.csv,f43a2aa0c65fb061c87e9541e7a567dd58ff933a,219,2026-09-04T07:11:58.594Z,Eredivisie,2021-22,2022-03-05,Feyenoord,Groningen,1,1,D,0,1,A,,source_reported_FT,Feyenoord,Groningen
footballcsv/cache.footballdata,https://raw.githubusercontent.com/footballcsv/cache.footballdata/f43a2aa0c65fb061c87e9541e7a567dd58ff933a/2021-22/nl.1.csv,f43a2aa0c65fb061c87e9541e7a567dd58ff933a,218,2026-09-04T07:11:58.594Z,Eredivisie,2021-22,2022-03-05,Go Ahead Eagles,Utrecht,1,1,D,1,0,H,,source_reported_FT,Go Ahead Eagles,Utrecht
footballcsv/cache.footballdata,https://raw.githubusercontent.com/footballcsv/cache.footballdata/f43a2aa0c65fb061c87e9541e7a567dd58ff933a/2021-22/nl.1.csv,f43a2aa0c65fb061c87e9541e7a567dd58ff933a,217,2026-09-04T07:11:58.594Z,Eredivisie,2021-22,2022-03-05,Willem II,Heerenveen,0,0,D,0,0,D,,source_reported_FT,Willem II,Heerenveen
footballcsv/cache.footballdata,https://raw.githubusercontent.com/footballcsv/cache.footballdata/f43a2aa0c65fb061c87e9541e7a567dd58ff933a/2021-22/nl.1.csv,f43a2aa0c65fb061c87e9541e7a567dd58ff933a,222,2026-09-04T07:11:58.594Z,Eredivisie,2021-22,2022-03-06,Ajax,Waalwijk,3,2,H,2,0,H,,source_reported_FT,Ajax,Waalwijk
footballcsv/cache.footballdata,https://raw.githubusercontent.com/footballcsv/cache.footballdata/f43a2aa0c65fb061c87e9541e7a567dd58ff933a/2021-22/nl.1.csv,f43a2aa0c65fb061c87e9541e7a567dd58ff933a,224,2026-09-04T07:11:58.594Z,Eredivisie,2021-22,2022-03-06,For Sittard,Zwolle,0,1,A,0,0,D,,source_reported_FT,For Sittard,Zwolle
footballcsv/cache.footballdata,https://raw.githubusercontent.com/footballcsv/cache.footballdata/f43a2aa0c65fb061c87e9541e7a567dd58ff933a/2021-22/nl.1.csv,f43a2aa0c65fb061c87e9541e7a567dd58ff933a,223,2026-09-04T07:11:58.594Z,Eredivisie,2021-22,2022-03-06,Nijmegen,AZ Alkmaar,1,3,A,1,1,D,,source_reported_FT,Nijmegen,AZ Alkmaar
footballcsv/cache.footballdata,https://raw.githubusercontent.com/footballcsv/cache.footballdata/f43a2aa0c65fb061c87e9541e7a567dd58ff933a/2021-22/nl.1.csv,f43a2aa0c65fb061c87e9541e7a567dd58ff933a,220,2026-09-04T07:11:58.594Z,Eredivisie,2021-22,2022-03-06,PSV Eindhoven,Heracles,3,1,H,1,0,H,,source_reported_FT,PSV Eindhoven,Heracles
footballcsv/cache.footballdata,https://raw.githubusercontent.com/footballcsv/cache.footballdata/f43a2aa0c65fb061c87e9541e7a567dd58ff933a/2021-22/nl.1.csv,f43a2aa0c65fb061c87e9541e7a567dd58ff933a,221,2026-09-04T07:11:58.594Z,Eredivisie,2021-22,2022-03-06,Twente,Cambuur,1,0,H,0,0,D,,source_reported_FT,Twente,Cambuur
footballcsv/cache.footballdata,https://raw.githubusercontent.com/footballcsv/cache.footballdata/f43a2aa0c65fb061c87e9541e7a567dd58ff933a/2021-22/nl.1.csv,f43a2aa0c65fb061c87e9541e7a567dd58ff933a,225,2026-09-04T07:11:58.594Z,Eredivisie,2021-22,2022-03-11,Cambuur,Ajax,2,3,A,0,2,A,,source_reported_FT,Cambuur,Ajax
footballcsv/cache.footballdata,https://raw.githubusercontent.com/footballcsv/cache.footballdata/f43a2aa0c65fb061c87e9541e7a567dd58ff933a/2021-22/nl.1.csv,f43a2aa0c65fb061c87e9541e7a567dd58ff933a,227,2026-09-04T07:11:58.594Z,Eredivisie,2021-22,2022-03-12,Groningen,Nijmegen,4,3,H,2,3,A,,source_reported_FT,Groningen,Nijmegen
footballcsv/cache.footballdata,https://raw.githubusercontent.com/footballcsv/cache.footballdata/f43a2aa0c65fb061c87e9541e7a567dd58ff933a/2021-22/nl.1.csv,f43a2aa0c65fb061c87e9541e7a567dd58ff933a,226,2026-09-04T07:11:58.594Z,Eredivisie,2021-22,2022-03-12,Sparta Rotterdam,Go Ahead Eagles,1,0,H,0,0,D,,source_reported_FT,Sparta Rotterdam,Go Ahead Eagles
footballcsv/cache.footballdata,https://raw.githubusercontent.com/footballcsv/cache.footballdata/f43a2aa0c65fb061c87e9541e7a567dd58ff933a/2021-22/nl.1.csv,f43a2aa0c65fb061c87e9541e7a567dd58ff933a,228,2026-09-04T07:11:58.594Z,Eredivisie,2021-22,2022-03-12,Waalwijk,Heerenveen,0,0,D,0,0,D,,source_reported_FT,Waalwijk,Heerenveen
footballcsv/cache.footballdata,https://raw.githubusercontent.com/footballcsv/cache.footballdata/f43a2aa0c65fb061c87e9541e7a567dd58ff933a/2021-22/nl.1.csv,f43a2aa0c65fb061c87e9541e7a567dd58ff933a,233,2026-09-04T07:11:58.594Z,Eredivisie,2021-22,2022-03-13,AZ Alkmaar,Twente,0,1,A,0,0,D,,source_reported_FT,AZ Alkmaar,Twente
footballcsv/cache.footballdata,https://raw.githubusercontent.com/footballcsv/cache.footballdata/f43a2aa0c65fb061c87e9541e7a567dd58ff933a/2021-22/nl.1.csv,f43a2aa0c65fb061c87e9541e7a567dd58ff933a,229,2026-09-04T07:11:58.594Z,Eredivisie,2021-22,2022-03-13,For Sittard,Willem II,1,0,H,0,0,D,,source_reported_FT,For Sittard,Willem II
footballcsv/cache.footballdata,https://raw.githubusercontent.com/footballcsv/cache.footballdata/f43a2aa0c65fb061c87e9541e7a567dd58ff933a/2021-22/nl.1.csv,f43a2aa0c65fb061c87e9541e7a567dd58ff933a,230,2026-09-04T07:11:58.594Z,Eredivisie,2021-22,2022-03-13,Heracles,Vitesse,0,0,D,0,0,D,,source_reported_FT,Heracles,Vitesse
footballcsv/cache.footballdata,https://raw.githubusercontent.com/footballcsv/cache.footballdata/f43a2aa0c65fb061c87e9541e7a567dd58ff933a/2021-22/nl.1.csv,f43a2aa0c65fb061c87e9541e7a567dd58ff933a,231,2026-09-04T07:11:58.594Z,Eredivisie,2021-22,2022-03-13,Utrecht,PSV Eindhoven,0,1,A,0,0,D,,source_reported_FT,Utrecht,PSV Eindhoven
footballcsv/cache.footballdata,https://raw.githubusercontent.com/footballcsv/cache.footballdata/f43a2aa0c65fb061c87e9541e7a567dd58ff933a/2021-22/nl.1.csv,f43a2aa0c65fb061c87e9541e7a567dd58ff933a,232,2026-09-04T07:11:58.594Z,Eredivisie,2021-22,2022-03-13,Zwolle,Feyenoord,1,2,A,1,0,H,,source_reported_FT,Zwolle,Feyenoord
footballcsv/cache.footballdata,https://raw.githubusercontent.com/footballcsv/cache.footballdata/f43a2aa0c65fb061c87e9541e7a567dd58ff933a/2021-22/nl.1.csv,f43a2aa0c65fb061c87e9541e7a567dd58ff933a,234,2026-09-04T07:11:58.594Z,Eredivisie,2021-22,2022-03-18,Heerenveen,Heracles,2,0,H,0,0,D,,source_reported_FT,Heerenveen,Heracles
footballcsv/cache.footballdata,https://raw.githubusercontent.com/footballcsv/cache.footballdata/f43a2aa0c65fb061c87e9541e7a567dd58ff933a/2021-22/nl.1.csv,f43a2aa0c65fb061c87e9541e7a567dd58ff933a,235,2026-09-04T07:11:58.594Z,Eredivisie,2021-22,2022-03-19,Go Ahead Eagles,Cambuur,3,0,H,2,0,H,,source_reported_FT,Go Ahead Eagles,Cambuur
footballcsv/cache.footballdata,https://raw.githubusercontent.com/footballcsv/cache.footballdata/f43a2aa0c65fb061c87e9541e7a567dd58ff933a/2021-22/nl.1.csv,f43a2aa0c65fb061c87e9541e7a567dd58ff933a,237,2026-09-04T07:11:58.594Z,Eredivisie,2021-22,2022-03-19,Nijmegen,Sparta Rotterdam,0,0,D,0,0,D,,source_reported_FT,Nijmegen,Sparta Rotterdam
footballcsv/cache.footballdata,https://raw.githubusercontent.com/footballcsv/cache.footballdata/f43a2aa0c65fb061c87e9541e7a567dd58ff933a/2021-22/nl.1.csv,f43a2aa0c65fb061c87e9541e7a567dd58ff933a,236,2026-09-04T07:11:58.594Z,Eredivisie,2021-22,2022-03-19,Twente,Zwolle,1,0,H,1,0,H,,source_reported_FT,Twente,Zwolle
footballcsv/cache.footballdata,https://raw.githubusercontent.com/footballcsv/cache.footballdata/f43a2aa0c65fb061c87e9541e7a567dd58ff933a/2021-22/nl.1.csv,f43a2aa0c65fb061c87e9541e7a567dd58ff933a,239,2026-09-04T07:11:58.594Z,Eredivisie,2021-22,2022-03-20,Ajax,Feyenoord,3,2,H,1,2,A,,source_reported_FT,Ajax,Feyenoord
footballcsv/cache.footballdata,https://raw.githubusercontent.com/footballcsv/cache.footballdata/f43a2aa0c65fb061c87e9541e7a567dd58ff933a/2021-22/nl.1.csv,f43a2aa0c65fb061c87e9541e7a567dd58ff933a,240,2026-09-04T07:11:58.594Z,Eredivisie,2021-22,2022-03-20,PSV Eindhoven,For Sittard,5,0,H,3,0,H,,source_reported_FT,PSV Eindhoven,For Sittard
footballcsv/cache.footballdata,https://raw.githubusercontent.com/footballcsv/cache.footballdata/f43a2aa0c65fb061c87e9541e7a567dd58ff933a/2021-22/nl.1.csv,f43a2aa0c65fb061c87e9541e7a567dd58ff933a,238,2026-09-04T07:11:58.594Z,Eredivisie,2021-22,2022-03-20,Utrecht,Groningen,1,3,A,0,2,A,,source_reported_FT,Utrecht,Groningen
footballcsv/cache.footballdata,https://raw.githubusercontent.com/footballcsv/cache.footballdata/f43a2aa0c65fb061c87e9541e7a567dd58ff933a/2021-22/nl.1.csv,f43a2aa0c65fb061c87e9541e7a567dd58ff933a,241,2026-09-04T07:11:58.594Z,Eredivisie,2021-22,2022-03-20,Vitesse,Waalwijk,1,2,A,1,1,D,,source_reported_FT,Vitesse,Waalwijk
footballcsv/cache.footballdata,https://raw.githubusercontent.com/footballcsv/cache.footballdata/f43a2aa0c65fb061c87e9541e7a567dd58ff933a/2021-22/nl.1.csv,f43a2aa0c65fb061c87e9541e7a567dd58ff933a,242,2026-09-04T07:11:58.594Z,Eredivisie,2021-22,2022-03-20,Willem II,AZ Alkmaar,2,2,D,2,1,H,,source_reported_FT,Willem II,AZ Alkmaar
footballcsv/cache.footballdata,https://raw.githubusercontent.com/footballcsv/cache.footballdata/f43a2aa0c65fb061c87e9541e7a567dd58ff933a/2021-22/nl.1.csv,f43a2aa0c65fb061c87e9541e7a567dd58ff933a,245,2026-09-04T07:11:58.594Z,Eredivisie,2021-22,2022-04-02,AZ Alkmaar,Vitesse,3,1,H,1,0,H,,source_reported_FT,AZ Alkmaar,Vitesse
footballcsv/cache.footballdata,https://raw.githubusercontent.com/footballcsv/cache.footballdata/f43a2aa0c65fb061c87e9541e7a567dd58ff933a/2021-22/nl.1.csv,f43a2aa0c65fb061c87e9541e7a567dd58ff933a,247,2026-09-04T07:11:58.594Z,Eredivisie,2021-22,2022-04-02,Feyenoord,Willem II,2,0,H,0,0,D,,source_reported_FT,Feyenoord,Willem II
footballcsv/cache.footballdata,https://raw.githubusercontent.com/footballcsv/cache.footballdata/f43a2aa0c65fb061c87e9541e7a567dd58ff933a/2021-22/nl.1.csv,f43a2aa0c65fb061c87e9541e7a567dd58ff933a,243,2026-09-04T07:11:58.594Z,Eredivisie,2021-22,2022-04-02,Groningen,Ajax,1,3,A,1,2,A,,source_reported_FT,Groningen,Ajax
footballcsv/cache.footballdata,https://raw.githubusercontent.com/footballcsv/cache.footballdata/f43a2aa0c65fb061c87e9541e7a567dd58ff933a/2021-22/nl.1.csv,f43a2aa0c65fb061c87e9541e7a567dd58ff933a,244,2026-09-04T07:11:58.594Z,Eredivisie,2021-22,2022-04-02,Twente,PSV Eindhoven,3,3,D,3,1,H,,source_reported_FT,Twente,PSV Eindhoven
footballcsv/cache.footballdata,https://raw.githubusercontent.com/footballcsv/cache.footballdata/f43a2aa0c65fb061c87e9541e7a567dd58ff933a/2021-22/nl.1.csv,f43a2aa0c65fb061c87e9541e7a567dd58ff933a,246,2026-09-04T07:11:58.594Z,Eredivisie,2021-22,2022-04-02,Waalwijk,Utrecht,1,1,D,0,1,A,,source_reported_FT,Waalwijk,Utrecht
footballcsv/cache.footballdata,https://raw.githubusercontent.com/footballcsv/cache.footballdata/f43a2aa0c65fb061c87e9541e7a567dd58ff933a/2021-22/nl.1.csv,f43a2aa0c65fb061c87e9541e7a567dd58ff933a,251,2026-09-04T07:11:58.594Z,Eredivisie,2021-22,2022-04-03,Cambuur,Nijmegen,1,2,A,1,1,D,,source_reported_FT,Cambuur,Nijmegen
footballcsv/cache.footballdata,https://raw.githubusercontent.com/footballcsv/cache.footballdata/f43a2aa0c65fb061c87e9541e7a567dd58ff933a/2021-22/nl.1.csv,f43a2aa0c65fb061c87e9541e7a567dd58ff933a,249,2026-09-04T07:11:58.594Z,Eredivisie,2021-22,2022-04-03,For Sittard,Heracles,0,2,A,0,0,D,,source_reported_FT,For Sittard,Heracles
footballcsv/cache.footballdata,https://raw.githubusercontent.com/footballcsv/cache.footballdata/f43a2aa0c65fb061c87e9541e7a567dd58ff933a/2021-22/nl.1.csv,f43a2aa0c65fb061c87e9541e7a567dd58ff933a,250,2026-09-04T07:11:58.594Z,Eredivisie,2021-22,2022-04-03,Sparta Rotterdam,Heerenveen,1,1,D,0,0,D,,source_reported_FT,Sparta Rotterdam,Heerenveen
footballcsv/cache.footballdata,https://raw.githubusercontent.com/footballcsv/cache.footballdata/f43a2aa0c65fb061c87e9541e7a567dd58ff933a/2021-22/nl.1.csv,f43a2aa0c65fb061c87e9541e7a567dd58ff933a,248,2026-09-04T07:11:58.594Z,Eredivisie,2021-22,2022-04-03,Zwolle,Go Ahead Eagles,0,1,A,0,0,D,,source_reported_FT,Zwolle,Go Ahead Eagles
footballcsv/cache.footballdata,https://raw.githubusercontent.com/footballcsv/cache.footballdata/f43a2aa0c65fb061c87e9541e7a567dd58ff933a/2021-22/nl.1.csv,f43a2aa0c65fb061c87e9541e7a567dd58ff933a,252,2026-09-04T07:11:58.594Z,Eredivisie,2021-22,2022-04-08,Go Ahead Eagles,Willem II,4,0,H,2,0,H,,source_reported_FT,Go Ahead Eagles,Willem II
footballcsv/cache.footballdata,https://raw.githubusercontent.com/footballcsv/cache.footballdata/f43a2aa0c65fb061c87e9541e7a567dd58ff933a/2021-22/nl.1.csv,f43a2aa0c65fb061c87e9541e7a567dd58ff933a,254,2026-09-04T07:11:58.594Z,Eredivisie,2021-22,2022-04-09,Ajax,Sparta Rotterdam,2,1,H,0,1,A,,source_reported_FT,Ajax,Sparta Rotterdam
footballcsv/cache.footballdata,https://raw.githubusercontent.com/footballcsv/cache.footballdata/f43a2aa0c65fb061c87e9541e7a567dd58ff933a/2021-22/nl.1.csv,f43a2aa0c65fb061c87e9541e7a567dd58ff933a,255,2026-09-04T07:11:58.594Z,Eredivisie,2021-22,2022-04-09,Nijmegen,Twente,0,2,A,0,0,D,,source_reported_FT,Nijmegen,Twente
footballcsv/cache.footballdata,https://raw.githubusercontent.com/footballcsv/cache.footballdata/f43a2aa0c65fb061c87e9541e7a567dd58ff933a/2021-22/nl.1.csv,f43a2aa0c65fb061c87e9541e7a567dd58ff933a,253,2026-09-04T07:11:58.594Z,Eredivisie,2021-22,2022-04-09,Utrecht,For Sittard,1,1,D,1,0,H,,source_reported_FT,Utrecht,For Sittard
footballcsv/cache.footballdata,https://raw.githubusercontent.com/footballcsv/cache.footballdata/f43a2aa0c65fb061c87e9541e7a567dd58ff933a/2021-22/nl.1.csv,f43a2aa0c65fb061c87e9541e7a567dd58ff933a,256,2026-09-04T07:11:58.594Z,Eredivisie,2021-22,2022-04-10,Heerenveen,Groningen,3,1,H,1,1,D,,source_reported_FT,Heerenveen,Groningen
footballcsv/cache.footballdata,https://raw.githubusercontent.com/footballcsv/cache.footballdata/f43a2aa0c65fb061c87e9541e7a567dd58ff933a/2021-22/nl.1.csv,f43a2aa0c65fb061c87e9541e7a567dd58ff933a,259,2026-09-04T07:11:58.594Z,Eredivisie,2021-22,2022-04-10,Heracles,Feyenoord,1,4,A,1,3,A,,source_reported_FT,Heracles,Feyenoord
footballcsv/cache.footballdata,https://raw.githubusercontent.com/footballcsv/cache.footballdata/f43a2aa0c65fb061c87e9541e7a567dd58ff933a/2021-22/nl.1.csv,f43a2aa0c65fb061c87e9541e7a567dd58ff933a,257,2026-09-04T07:11:58.594Z,Eredivisie,2021-22,2022-04-10,PSV Eindhoven,Waalwijk,2,0,H,1,0,H,,source_reported_FT,PSV Eindhoven,Waalwijk
footballcsv/cache.footballdata,https://raw.githubusercontent.com/footballcsv/cache.footballdata/f43a2aa0c65fb061c87e9541e7a567dd58ff933a/2021-22/nl.1.csv,f43a2aa0c65fb061c87e9541e7a567dd58ff933a,258,2026-09-04T07:11:58.594Z,Eredivisie,2021-22,2022-04-10,Vitesse,Cambuur,1,0,H,1,0,H,,source_reported_FT,Vitesse,Cambuur
footballcsv/cache.footballdata,https://raw.githubusercontent.com/footballcsv/cache.footballdata/f43a2aa0c65fb061c87e9541e7a567dd58ff933a/2021-22/nl.1.csv,f43a2aa0c65fb061c87e9541e7a567dd58ff933a,260,2026-09-04T07:11:58.594Z,Eredivisie,2021-22,2022-04-10,Zwolle,AZ Alkmaar,2,1,H,0,0,D,,source_reported_FT,Zwolle,AZ Alkmaar
footballcsv/cache.footballdata,https://raw.githubusercontent.com/footballcsv/cache.footballdata/f43a2aa0c65fb061c87e9541e7a567dd58ff933a/2021-22/nl.1.csv,f43a2aa0c65fb061c87e9541e7a567dd58ff933a,261,2026-09-04T07:11:58.594Z,Eredivisie,2021-22,2022-04-16,For Sittard,Sparta Rotterdam,3,0,H,2,0,H,,source_reported_FT,For Sittard,Sparta Rotterdam
footballcsv/cache.footballdata,https://raw.githubusercontent.com/footballcsv/cache.footballdata/f43a2aa0c65fb061c87e9541e7a567dd58ff933a/2021-22/nl.1.csv,f43a2aa0c65fb061c87e9541e7a567dd58ff933a,262,2026-09-04T07:11:58.594Z,Eredivisie,2021-22,2022-04-19,Vitesse,Sparta Rotterdam,0,1,A,0,1,A,,source_reported_FT,Vitesse,Sparta Rotterdam
footballcsv/cache.footballdata,https://raw.githubusercontent.com/footballcsv/cache.footballdata/f43a2aa0c65fb061c87e9541e7a567dd58ff933a/2021-22/nl.1.csv,f43a2aa0c65fb061c87e9541e7a567dd58ff933a,263,2026-09-04T07:11:58.594Z,Eredivisie,2021-22,2022-04-22,Twente,Sparta Rotterdam,2,0,H,1,0,H,,source_reported_FT,Twente,Sparta Rotterdam
footballcsv/cache.footballdata,https://raw.githubusercontent.com/footballcsv/cache.footballdata/f43a2aa0c65fb061c87e9541e7a567dd58ff933a/2021-22/nl.1.csv,f43a2aa0c65fb061c87e9541e7a567dd58ff933a,265,2026-09-04T07:11:58.594Z,Eredivisie,2021-22,2022-04-23,AZ Alkmaar,Heerenveen,2,1,H,1,1,D,,source_reported_FT,AZ Alkmaar,Heerenveen
footballcsv/cache.footballdata,https://raw.githubusercontent.com/footballcsv/cache.footballdata/f43a2aa0c65fb061c87e9541e7a567dd58ff933a/2021-22/nl.1.csv,f43a2aa0c65fb061c87e9541e7a567dd58ff933a,267,2026-09-04T07:11:58.594Z,Eredivisie,2021-22,2022-04-23,Cambuur,PSV Eindhoven,1,2,A,1,1,D,,source_reported_FT,Cambuur,PSV Eindhoven
footballcsv/cache.footballdata,https://raw.githubusercontent.com/footballcsv/cache.footballdata/f43a2aa0c65fb061c87e9541e7a567dd58ff933a/2021-22/nl.1.csv,f43a2aa0c65fb061c87e9541e7a567dd58ff933a,264,2026-09-04T07:11:58.594Z,Eredivisie,2021-22,2022-04-23,Nijmegen,Ajax,0,1,A,0,0,D,,source_reported_FT,Nijmegen,Ajax
footballcsv/cache.footballdata,https://raw.githubusercontent.com/footballcsv/cache.footballdata/f43a2aa0c65fb061c87e9541e7a567dd58ff933a/2021-22/nl.1.csv,f43a2aa0c65fb061c87e9541e7a567dd58ff933a,266,2026-09-04T07:11:58.594Z,Eredivisie,2021-22,2022-04-23,Waalwijk,Zwolle,0,2,A,0,1,A,,source_reported_FT,Waalwijk,Zwolle
footballcsv/cache.footballdata,https://raw.githubusercontent.com/footballcsv/cache.footballdata/f43a2aa0c65fb061c87e9541e7a567dd58ff933a/2021-22/nl.1.csv,f43a2aa0c65fb061c87e9541e7a567dd58ff933a,269,2026-09-04T07:11:58.594Z,Eredivisie,2021-22,2022-04-24,Feyenoord,Utrecht,2,1,H,0,0,D,,source_reported_FT,Feyenoord,Utrecht
footballcsv/cache.footballdata,https://raw.githubusercontent.com/footballcsv/cache.footballdata/f43a2aa0c65fb061c87e9541e7a567dd58ff933a/2021-22/nl.1.csv,f43a2aa0c65fb061c87e9541e7a567dd58ff933a,271,2026-09-04T07:11:58.594Z,Eredivisie,2021-22,2022-04-24,For Sittard,Go Ahead Eagles,1,0,H,1,0,H,,source_reported_FT,For Sittard,Go Ahead Eagles
footballcsv/cache.footballdata,https://raw.githubusercontent.com/footballcsv/cache.footballdata/f43a2aa0c65fb061c87e9541e7a567dd58ff933a/2021-22/nl.1.csv,f43a2aa0c65fb061c87e9541e7a567dd58ff933a,270,2026-09-04T07:11:58.594Z,Eredivisie,2021-22,2022-04-24,Groningen,Heracles,0,1,A,0,1,A,,source_reported_FT,Groningen,Heracles
footballcsv/cache.footballdata,https://raw.githubusercontent.com/footballcsv/cache.footballdata/f43a2aa0c65fb061c87e9541e7a567dd58ff933a/2021-22/nl.1.csv,f43a2aa0c65fb061c87e9541e7a567dd58ff933a,268,2026-09-04T07:11:58.594Z,Eredivisie,2021-22,2022-04-24,Willem II,Vitesse,1,0,H,1,0,H,,source_reported_FT,Willem II,Vitesse
footballcsv/cache.footballdata,https://raw.githubusercontent.com/footballcsv/cache.footballdata/f43a2aa0c65fb061c87e9541e7a567dd58ff933a/2021-22/nl.1.csv,f43a2aa0c65fb061c87e9541e7a567dd58ff933a,272,2026-09-04T07:11:58.594Z,Eredivisie,2021-22,2022-04-29,Utrecht,Nijmegen,1,0,H,0,0,D,,source_reported_FT,Utrecht,Nijmegen
footballcsv/cache.footballdata,https://raw.githubusercontent.com/footballcsv/cache.footballdata/f43a2aa0c65fb061c87e9541e7a567dd58ff933a/2021-22/nl.1.csv,f43a2aa0c65fb061c87e9541e7a567dd58ff933a,273,2026-09-04T07:11:58.594Z,Eredivisie,2021-22,2022-04-30,Ajax,Zwolle,3,0,H,1,0,H,,source_reported_FT,Ajax,Zwolle
footballcsv/cache.footballdata,https://raw.githubusercontent.com/footballcsv/cache.footballdata/f43a2aa0c65fb061c87e9541e7a567dd58ff933a/2021-22/nl.1.csv,f43a2aa0c65fb061c87e9541e7a567dd58ff933a,274,2026-09-04T07:11:58.594Z,Eredivisie,2021-22,2022-04-30,Heracles,Twente,1,1,D,1,1,D,,source_reported_FT,Heracles,Twente
footballcsv/cache.footballdata,https://raw.githubusercontent.com/footballcsv/cache.footballdata/f43a2aa0c65fb061c87e9541e7a567dd58ff933a/2021-22/nl.1.csv,f43a2aa0c65fb061c87e9541e7a567dd58ff933a,275,2026-09-04T07:11:58.594Z,Eredivisie,2021-22,2022-04-30,Sparta Rotterdam,AZ Alkmaar,1,1,D,0,0,D,,source_reported_FT,Sparta Rotterdam,AZ Alkmaar
footballcsv/cache.footballdata,https://raw.githubusercontent.com/footballcsv/cache.footballdata/f43a2aa0c65fb061c87e9541e7a567dd58ff933a/2021-22/nl.1.csv,f43a2aa0c65fb061c87e9541e7a567dd58ff933a,279,2026-09-04T07:11:58.594Z,Eredivisie,2021-22,2022-05-01,For Sittard,Feyenoord,1,3,A,0,2,A,,source_reported_FT,For Sittard,Feyenoord
footballcsv/cache.footballdata,https://raw.githubusercontent.com/footballcsv/cache.footballdata/f43a2aa0c65fb061c87e9541e7a567dd58ff933a/2021-22/nl.1.csv,f43a2aa0c65fb061c87e9541e7a567dd58ff933a,277,2026-09-04T07:11:58.594Z,Eredivisie,2021-22,2022-05-01,Go Ahead Eagles,Vitesse,1,2,A,1,1,D,,source_reported_FT,Go Ahead Eagles,Vitesse
footballcsv/cache.footballdata,https://raw.githubusercontent.com/footballcsv/cache.footballdata/f43a2aa0c65fb061c87e9541e7a567dd58ff933a/2021-22/nl.1.csv,f43a2aa0c65fb061c87e9541e7a567dd58ff933a,276,2026-09-04T07:11:58.594Z,Eredivisie,2021-22,2022-05-01,Heerenveen,Cambuur,3,3,D,2,1,H,,source_reported_FT,Heerenveen,Cambuur
footballcsv/cache.footballdata,https://raw.githubusercontent.com/footballcsv/cache.footballdata/f43a2aa0c65fb061c87e9541e7a567dd58ff933a/2021-22/nl.1.csv,f43a2aa0c65fb061c87e9541e7a567dd58ff933a,278,2026-09-04T07:11:58.594Z,Eredivisie,2021-22,2022-05-01,PSV Eindhoven,Willem II,4,2,H,3,1,H,,source_reported_FT,PSV Eindhoven,Willem II
footballcsv/cache.footballdata,https://raw.githubusercontent.com/footballcsv/cache.footballdata/f43a2aa0c65fb061c87e9541e7a567dd58ff933a/2021-22/nl.1.csv,f43a2aa0c65fb061c87e9541e7a567dd58ff933a,280,2026-09-04T07:11:58.594Z,Eredivisie,2021-22,2022-05-01,Waalwijk,Groningen,3,1,H,3,0,H,,source_reported_FT,Waalwijk,Groningen
footballcsv/cache.footballdata,https://raw.githubusercontent.com/footballcsv/cache.footballdata/f43a2aa0c65fb061c87e9541e7a567dd58ff933a/2021-22/nl.1.csv,f43a2aa0c65fb061c87e9541e7a567dd58ff933a,281,2026-09-04T07:11:58.594Z,Eredivisie,2021-22,2022-05-06,Cambuur,Waalwijk,1,1,D,0,0,D,,source_reported_FT,Cambuur,Waalwijk
footballcsv/cache.footballdata,https://raw.githubusercontent.com/footballcsv/cache.footballdata/f43a2aa0c65fb061c87e9541e7a567dd58ff933a/2021-22/nl.1.csv,f43a2aa0c65fb061c87e9541e7a567dd58ff933a,285,2026-09-04T07:11:58.594Z,Eredivisie,2021-22,2022-05-07,Groningen,Sparta Rotterdam,1,2,A,0,1,A,,source_reported_FT,Groningen,Sparta Rotterdam
footballcsv/cache.footballdata,https://raw.githubusercontent.com/footballcsv/cache.footballdata/f43a2aa0c65fb061c87e9541e7a567dd58ff933a/2021-22/nl.1.csv,f43a2aa0c65fb061c87e9541e7a567dd58ff933a,282,2026-09-04T07:11:58.594Z,Eredivisie,2021-22,2022-05-07,Twente,For Sittard,1,2,A,1,2,A,,source_reported_FT,Twente,For Sittard
footballcsv/cache.footballdata,https://raw.githubusercontent.com/footballcsv/cache.footballdata/f43a2aa0c65fb061c87e9541e7a567dd58ff933a/2021-22/nl.1.csv,f43a2aa0c65fb061c87e9541e7a567dd58ff933a,283,2026-09-04T07:11:58.594Z,Eredivisie,2021-22,2022-05-07,Willem II,Heracles,2,0,H,2,0,H,,source_reported_FT,Willem II,Heracles
footballcsv/cache.footballdata,https://raw.githubusercontent.com/footballcsv/cache.footballdata/f43a2aa0c65fb061c87e9541e7a567dd58ff933a/2021-22/nl.1.csv,f43a2aa0c65fb061c87e9541e7a567dd58ff933a,284,2026-09-04T07:11:58.594Z,Eredivisie,2021-22,2022-05-07,Zwolle,Utrecht,1,1,D,0,1,A,,source_reported_FT,Zwolle,Utrecht
footballcsv/cache.footballdata,https://raw.githubusercontent.com/footballcsv/cache.footballdata/f43a2aa0c65fb061c87e9541e7a567dd58ff933a/2021-22/nl.1.csv,f43a2aa0c65fb061c87e9541e7a567dd58ff933a,287,2026-09-04T07:11:58.594Z,Eredivisie,2021-22,2022-05-08,AZ Alkmaar,Ajax,2,2,D,0,1,A,,source_reported_FT,AZ Alkmaar,Ajax
footballcsv/cache.footballdata,https://raw.githubusercontent.com/footballcsv/cache.footballdata/f43a2aa0c65fb061c87e9541e7a567dd58ff933a/2021-22/nl.1.csv,f43a2aa0c65fb061c87e9541e7a567dd58ff933a,289,2026-09-04T07:11:58.594Z,Eredivisie,2021-22,2022-05-08,Feyenoord,PSV Eindhoven,2,2,D,0,2,A,,source_reported_FT,Feyenoord,PSV Eindhoven
footballcsv/cache.footballdata,https://raw.githubusercontent.com/footballcsv/cache.footballdata/f43a2aa0c65fb061c87e9541e7a567dd58ff933a/2021-22/nl.1.csv,f43a2aa0c65fb061c87e9541e7a567dd58ff933a,286,2026-09-04T07:11:58.594Z,Eredivisie,2021-22,2022-05-08,Nijmegen,Go Ahead Eagles,1,0,H,0,0,D,,source_reported_FT,Nijmegen,Go Ahead Eagles
footballcsv/cache.footballdata,https://raw.githubusercontent.com/footballcsv/cache.footballdata/f43a2aa0c65fb061c87e9541e7a567dd58ff933a/2021-22/nl.1.csv,f43a2aa0c65fb061c87e9541e7a567dd58ff933a,288,2026-09-04T07:11:58.594Z,Eredivisie,2021-22,2022-05-08,Vitesse,Heerenveen,1,2,A,1,0,H,,source_reported_FT,Vitesse,Heerenveen
footballcsv/cache.footballdata,https://raw.githubusercontent.com/footballcsv/cache.footballdata/f43a2aa0c65fb061c87e9541e7a567dd58ff933a/2021-22/nl.1.csv,f43a2aa0c65fb061c87e9541e7a567dd58ff933a,290,2026-09-04T07:11:58.594Z,Eredivisie,2021-22,2022-05-11,Ajax,Heerenveen,5,0,H,3,0,H,,source_reported_FT,Ajax,Heerenveen
footballcsv/cache.footballdata,https://raw.githubusercontent.com/footballcsv/cache.footballdata/f43a2aa0c65fb061c87e9541e7a567dd58ff933a/2021-22/nl.1.csv,f43a2aa0c65fb061c87e9541e7a567dd58ff933a,291,2026-09-04T07:11:58.594Z,Eredivisie,2021-22,2022-05-11,Cambuur,Willem II,1,1,D,1,0,H,,source_reported_FT,Cambuur,Willem II
footballcsv/cache.footballdata,https://raw.githubusercontent.com/footballcsv/cache.footballdata/f43a2aa0c65fb061c87e9541e7a567dd58ff933a/2021-22/nl.1.csv,f43a2aa0c65fb061c87e9541e7a567dd58ff933a,292,2026-09-04T07:11:58.594Z,Eredivisie,2021-22,2022-05-11,For Sittard,Vitesse,1,2,A,1,1,D,,source_reported_FT,For Sittard,Vitesse
footballcsv/cache.footballdata,https://raw.githubusercontent.com/footballcsv/cache.footballdata/f43a2aa0c65fb061c87e9541e7a567dd58ff933a/2021-22/nl.1.csv,f43a2aa0c65fb061c87e9541e7a567dd58ff933a,293,2026-09-04T07:11:58.594Z,Eredivisie,2021-22,2022-05-11,Go Ahead Eagles,Feyenoord,0,1,A,0,0,D,,source_reported_FT,Go Ahead Eagles,Feyenoord
footballcsv/cache.footballdata,https://raw.githubusercontent.com/footballcsv/cache.footballdata/f43a2aa0c65fb061c87e9541e7a567dd58ff933a/2021-22/nl.1.csv,f43a2aa0c65fb061c87e9541e7a567dd58ff933a,294,2026-09-04T07:11:58.594Z,Eredivisie,2021-22,2022-05-11,PSV Eindhoven,Nijmegen,3,2,H,2,0,H,,source_reported_FT,PSV Eindhoven,Nijmegen
footballcsv/cache.footballdata,https://raw.githubusercontent.com/footballcsv/cache.footballdata/f43a2aa0c65fb061c87e9541e7a567dd58ff933a/2021-22/nl.1.csv,f43a2aa0c65fb061c87e9541e7a567dd58ff933a,295,2026-09-04T07:11:58.594Z,Eredivisie,2021-22,2022-05-11,Sparta Rotterdam,Zwolle,2,0,H,2,0,H,,source_reported_FT,Sparta Rotterdam,Zwolle
footballcsv/cache.footballdata,https://raw.githubusercontent.com/footballcsv/cache.footballdata/f43a2aa0c65fb061c87e9541e7a567dd58ff933a/2021-22/nl.1.csv,f43a2aa0c65fb061c87e9541e7a567dd58ff933a,296,2026-09-04T07:11:58.594Z,Eredivisie,2021-22,2022-05-11,Twente,Groningen,3,0,H,1,0,H,,source_reported_FT,Twente,Groningen
footballcsv/cache.footballdata,https://raw.githubusercontent.com/footballcsv/cache.footballdata/f43a2aa0c65fb061c87e9541e7a567dd58ff933a/2021-22/nl.1.csv,f43a2aa0c65fb061c87e9541e7a567dd58ff933a,297,2026-09-04T07:11:58.594Z,Eredivisie,2021-22,2022-05-11,Utrecht,AZ Alkmaar,2,2,D,1,2,A,,source_reported_FT,Utrecht,AZ Alkmaar
footballcsv/cache.footballdata,https://raw.githubusercontent.com/footballcsv/cache.footballdata/f43a2aa0c65fb061c87e9541e7a567dd58ff933a/2021-22/nl.1.csv,f43a2aa0c65fb061c87e9541e7a567dd58ff933a,298,2026-09-04T07:11:58.594Z,Eredivisie,2021-22,2022-05-11,Waalwijk,Heracles,2,0,H,1,0,H,,source_reported_FT,Waalwijk,Heracles
footballcsv/cache.footballdata,https://raw.githubusercontent.com/footballcsv/cache.footballdata/f43a2aa0c65fb061c87e9541e7a567dd58ff933a/2021-22/nl.1.csv,f43a2aa0c65fb061c87e9541e7a567dd58ff933a,299,2026-09-04T07:11:58.594Z,Eredivisie,2021-22,2022-05-15,AZ Alkmaar,Waalwijk,1,3,A,1,1,D,,source_reported_FT,AZ Alkmaar,Waalwijk
footballcsv/cache.footballdata,https://raw.githubusercontent.com/footballcsv/cache.footballdata/f43a2aa0c65fb061c87e9541e7a567dd58ff933a/2021-22/nl.1.csv,f43a2aa0c65fb061c87e9541e7a567dd58ff933a,300,2026-09-04T07:11:58.594Z,Eredivisie,2021-22,2022-05-15,Feyenoord,Twente,1,2,A,0,2,A,,source_reported_FT,Feyenoord,Twente
footballcsv/cache.footballdata,https://raw.githubusercontent.com/footballcsv/cache.footballdata/f43a2aa0c65fb061c87e9541e7a567dd58ff933a/2021-22/nl.1.csv,f43a2aa0c65fb061c87e9541e7a567dd58ff933a,301,2026-09-04T07:11:58.594Z,Eredivisie,2021-22,2022-05-15,Groningen,Cambuur,2,3,A,0,1,A,,source_reported_FT,Groningen,Cambuur
footballcsv/cache.footballdata,https://raw.githubusercontent.com/footballcsv/cache.footballdata/f43a2aa0c65fb061c87e9541e7a567dd58ff933a/2021-22/nl.1.csv,f43a2aa0c65fb061c87e9541e7a567dd58ff933a,302,2026-09-04T07:11:58.594Z,Eredivisie,2021-22,2022-05-15,Heerenveen,Go Ahead Eagles,3,1,H,1,0,H,,source_reported_FT,Heerenveen,Go Ahead Eagles
footballcsv/cache.footballdata,https://raw.githubusercontent.com/footballcsv/cache.footballdata/f43a2aa0c65fb061c87e9541e7a567dd58ff933a/2021-22/nl.1.csv,f43a2aa0c65fb061c87e9541e7a567dd58ff933a,303,2026-09-04T07:11:58.594Z,Eredivisie,2021-22,2022-05-15,Heracles,Sparta Rotterdam,1,3,A,0,1,A,,source_reported_FT,Heracles,Sparta Rotterdam
footballcsv/cache.footballdata,https://raw.githubusercontent.com/footballcsv/cache.footballdata/f43a2aa0c65fb061c87e9541e7a567dd58ff933a/2021-22/nl.1.csv,f43a2aa0c65fb061c87e9541e7a567dd58ff933a,304,2026-09-04T07:11:58.594Z,Eredivisie,2021-22,2022-05-15,Nijmegen,For Sittard,0,1,A,0,1,A,,source_reported_FT,Nijmegen,For Sittard
footballcsv/cache.footballdata,https://raw.githubusercontent.com/footballcsv/cache.footballdata/f43a2aa0c65fb061c87e9541e7a567dd58ff933a/2021-22/nl.1.csv,f43a2aa0c65fb061c87e9541e7a567dd58ff933a,305,2026-09-04T07:11:58.594Z,Eredivisie,2021-22,2022-05-15,Vitesse,Ajax,2,2,D,0,1,A,,source_reported_FT,Vitesse,Ajax
footballcsv/cache.footballdata,https://raw.githubusercontent.com/footballcsv/cache.footballdata/f43a2aa0c65fb061c87e9541e7a567dd58ff933a/2021-22/nl.1.csv,f43a2aa0c65fb061c87e9541e7a567dd58ff933a,306,2026-09-04T07:11:58.594Z,Eredivisie,2021-22,2022-05-15,Willem II,Utrecht,3,0,H,1,0,H,,source_reported_FT,Willem II,Utrecht
footballcsv/cache.footballdata,https://raw.githubusercontent.com/footballcsv/cache.footballdata/f43a2aa0c65fb061c87e9541e7a567dd58ff933a/2021-22/nl.1.csv,f43a2aa0c65fb061c87e9541e7a567dd58ff933a,307,2026-09-04T07:11:58.594Z,Eredivisie,2021-22,2022-05-15,Zwolle,PSV Eindhoven,1,2,A,1,1,D,,source_reported_FT,Zwolle,PSV Eindhoven
footballcsv/cache.footballdata,https://raw.githubusercontent.com/footballcsv/cache.footballdata/f43a2aa0c65fb061c87e9541e7a567dd58ff933a/2022-23/nl.1.csv,f43a2aa0c65fb061c87e9541e7a567dd58ff933a,2,2026-09-04T07:12:05.433Z,Eredivisie,2022-23,2022-08-05,Heerenveen,Sparta Rotterdam,0,0,D,0,0,D,,source_reported_FT,Heerenveen,Sparta Rotterdam
footballcsv/cache.footballdata,https://raw.githubusercontent.com/footballcsv/cache.footballdata/f43a2aa0c65fb061c87e9541e7a567dd58ff933a/2022-23/nl.1.csv,f43a2aa0c65fb061c87e9541e7a567dd58ff933a,4,2026-09-04T07:12:05.433Z,Eredivisie,2022-23,2022-08-06,Cambuur,Excelsior,0,2,A,0,2,A,,source_reported_FT,Cambuur,Excelsior
footballcsv/cache.footballdata,https://raw.githubusercontent.com/footballcsv/cache.footballdata/f43a2aa0c65fb061c87e9541e7a567dd58ff933a/2022-23/nl.1.csv,f43a2aa0c65fb061c87e9541e7a567dd58ff933a,3,2026-09-04T07:12:05.433Z,Eredivisie,2022-23,2022-08-06,For Sittard,Ajax,2,3,A,1,0,H,,source_reported_FT,For Sittard,Ajax
footballcsv/cache.footballdata,https://raw.githubusercontent.com/footballcsv/cache.footballdata/f43a2aa0c65fb061c87e9541e7a567dd58ff933a/2022-23/nl.1.csv,f43a2aa0c65fb061c87e9541e7a567dd58ff933a,5,2026-09-04T07:12:05.433Z,Eredivisie,2022-23,2022-08-06,PSV Eindhoven,FC Emmen,4,1,H,3,0,H,,source_reported_FT,PSV Eindhoven,FC Emmen
footballcsv/cache.footballdata,https://raw.githubusercontent.com/footballcsv/cache.footballdata/f43a2aa0c65fb061c87e9541e7a567dd58ff933a/2022-23/nl.1.csv,f43a2aa0c65fb061c87e9541e7a567dd58ff933a,6,2026-09-04T07:12:05.433Z,Eredivisie,2022-23,2022-08-06,Waalwijk,Utrecht,2,2,D,2,0,H,,source_reported_FT,Waalwijk,Utrecht
footballcsv/cache.footballdata,https://raw.githubusercontent.com/footballcsv/cache.footballdata/f43a2aa0c65fb061c87e9541e7a567dd58ff933a/2022-23/nl.1.csv,f43a2aa0c65fb061c87e9541e7a567dd58ff933a,10,2026-09-04T07:12:05.433Z,Eredivisie,2022-23,2022-08-07,AZ Alkmaar,Go Ahead Eagles,2,0,H,0,0,D,,source_reported_FT,AZ Alkmaar,Go Ahead Eagles
footballcsv/cache.footballdata,https://raw.githubusercontent.com/footballcsv/cache.footballdata/f43a2aa0c65fb061c87e9541e7a567dd58ff933a/2022-23/nl.1.csv,f43a2aa0c65fb061c87e9541e7a567dd58ff933a,7,2026-09-04T07:12:05.433Z,Eredivisie,2022-23,2022-08-07,Groningen,Volendam,2,2,D,2,1,H,,source_reported_FT,Groningen,Volendam
footballcsv/cache.footballdata,https://raw.githubusercontent.com/footballcsv/cache.footballdata/f43a2aa0c65fb061c87e9541e7a567dd58ff933a/2022-23/nl.1.csv,f43a2aa0c65fb061c87e9541e7a567dd58ff933a,8,2026-09-04T07:12:05.433Z,Eredivisie,2022-23,2022-08-07,Nijmegen,Twente,0,1,A,0,0,D,,source_reported_FT,Nijmegen,Twente
footballcsv/cache.footballdata,https://raw.githubusercontent.com/footballcsv/cache.footballdata/f43a2aa0c65fb061c87e9541e7a567dd58ff933a/2022-23/nl.1.csv,f43a2aa0c65fb061c87e9541e7a567dd58ff933a,9,2026-09-04T07:12:05.433Z,Eredivisie,2022-23,2022-08-07,Vitesse,Feyenoord,2,5,A,1,2,A,,source_reported_FT,Vitesse,Feyenoord
footballcsv/cache.footballdata,https://raw.githubusercontent.com/footballcsv/cache.footballdata/f43a2aa0c65fb061c87e9541e7a567dd58ff933a/2022-23/nl.1.csv,f43a2aa0c65fb061c87e9541e7a567dd58ff933a,11,2026-09-04T07:12:05.433Z,Eredivisie,2022-23,2022-08-12,Excelsior,Vitesse,3,1,H,2,1,H,,source_reported_FT,Excelsior,Vitesse
footballcsv/cache.footballdata,https://raw.githubusercontent.com/footballcsv/cache.footballdata/f43a2aa0c65fb061c87e9541e7a567dd58ff933a/2022-23/nl.1.csv,f43a2aa0c65fb061c87e9541e7a567dd58ff933a,13,2026-09-04T07:12:05.433Z,Eredivisie,2022-23,2022-08-13,FC Emmen,Waalwijk,1,1,D,0,0,D,,source_reported_FT,FC Emmen,Waalwijk
footballcsv/cache.footballdata,https://raw.githubusercontent.com/footballcsv/cache.footballdata/f43a2aa0c65fb061c87e9541e7a567dd58ff933a/2022-23/nl.1.csv,f43a2aa0c65fb061c87e9541e7a567dd58ff933a,15,2026-09-04T07:12:05.433Z,Eredivisie,2022-23,2022-08-13,Feyenoord,Heerenveen,0,0,D,0,0,D,,source_reported_FT,Feyenoord,Heerenveen
footballcsv/cache.footballdata,https://raw.githubusercontent.com/footballcsv/cache.footballdata/f43a2aa0c65fb061c87e9541e7a567dd58ff933a/2022-23/nl.1.csv,f43a2aa0c65fb061c87e9541e7a567dd58ff933a,12,2026-09-04T07:12:05.433Z,Eredivisie,2022-23,2022-08-13,Go Ahead Eagles,PSV Eindhoven,2,5,A,1,3,A,,source_reported_FT,Go Ahead Eagles,PSV Eindhoven
footballcsv/cache.footballdata,https://raw.githubusercontent.com/footballcsv/cache.footballdata/f43a2aa0c65fb061c87e9541e7a567dd58ff933a/2022-23/nl.1.csv,f43a2aa0c65fb061c87e9541e7a567dd58ff933a,14,2026-09-04T07:12:05.433Z,Eredivisie,2022-23,2022-08-13,Utrecht,Cambuur,0,0,D,0,0,D,,source_reported_FT,Utrecht,Cambuur
footballcsv/cache.footballdata,https://raw.githubusercontent.com/footballcsv/cache.footballdata/f43a2aa0c65fb061c87e9541e7a567dd58ff933a/2022-23/nl.1.csv,f43a2aa0c65fb061c87e9541e7a567dd58ff933a,17,2026-09-04T07:12:05.433Z,Eredivisie,2022-23,2022-08-14,Ajax,Groningen,6,1,H,3,1,H,,source_reported_FT,Ajax,Groningen
footballcsv/cache.footballdata,https://raw.githubusercontent.com/footballcsv/cache.footballdata/f43a2aa0c65fb061c87e9541e7a567dd58ff933a/2022-23/nl.1.csv,f43a2aa0c65fb061c87e9541e7a567dd58ff933a,19,2026-09-04T07:12:05.433Z,Eredivisie,2022-23,2022-08-14,Sparta Rotterdam,AZ Alkmaar,2,3,A,1,1,D,,source_reported_FT,Sparta Rotterdam,AZ Alkmaar
footballcsv/cache.footballdata,https://raw.githubusercontent.com/footballcsv/cache.footballdata/f43a2aa0c65fb061c87e9541e7a567dd58ff933a/2022-23/nl.1.csv,f43a2aa0c65fb061c87e9541e7a567dd58ff933a,18,2026-09-04T07:12:05.433Z,Eredivisie,2022-23,2022-08-14,Twente,For Sittard,3,0,H,2,0,H,,source_reported_FT,Twente,For Sittard
footballcsv/cache.footballdata,https://raw.githubusercontent.com/footballcsv/cache.footballdata/f43a2aa0c65fb061c87e9541e7a567dd58ff933a/2022-23/nl.1.csv,f43a2aa0c65fb061c87e9541e7a567dd58ff933a,16,2026-09-04T07:12:05.433Z,Eredivisie,2022-23,2022-08-14,Volendam,Nijmegen,1,4,A,1,2,A,,source_reported_FT,Volendam,Nijmegen
footballcsv/cache.footballdata,https://raw.githubusercontent.com/footballcsv/cache.footballdata/f43a2aa0c65fb061c87e9541e7a567dd58ff933a/2022-23/nl.1.csv,f43a2aa0c65fb061c87e9541e7a567dd58ff933a,22,2026-09-04T07:12:05.433Z,Eredivisie,2022-23,2022-08-20,FC Emmen,Utrecht,3,2,H,1,2,A,,source_reported_FT,FC Emmen,Utrecht
footballcsv/cache.footballdata,https://raw.githubusercontent.com/footballcsv/cache.footballdata/f43a2aa0c65fb061c87e9541e7a567dd58ff933a/2022-23/nl.1.csv,f43a2aa0c65fb061c87e9541e7a567dd58ff933a,21,2026-09-04T07:12:05.433Z,Eredivisie,2022-23,2022-08-20,For Sittard,Cambuur,1,4,A,1,0,H,,source_reported_FT,For Sittard,Cambuur
footballcsv/cache.footballdata,https://raw.githubusercontent.com/footballcsv/cache.footballdata/f43a2aa0c65fb061c87e9541e7a567dd58ff933a/2022-23/nl.1.csv,f43a2aa0c65fb061c87e9541e7a567dd58ff933a,20,2026-09-04T07:12:05.433Z,Eredivisie,2022-23,2022-08-20,Vitesse,Heerenveen,0,4,A,0,2,A,,source_reported_FT,Vitesse,Heerenveen
footballcsv/cache.footballdata,https://raw.githubusercontent.com/footballcsv/cache.footballdata/f43a2aa0c65fb061c87e9541e7a567dd58ff933a/2022-23/nl.1.csv,f43a2aa0c65fb061c87e9541e7a567dd58ff933a,23,2026-09-04T07:12:05.433Z,Eredivisie,2022-23,2022-08-21,Groningen,Go Ahead Eagles,1,0,H,1,0,H,,source_reported_FT,Groningen,Go Ahead Eagles
footballcsv/cache.footballdata,https://raw.githubusercontent.com/footballcsv/cache.footballdata/f43a2aa0c65fb061c87e9541e7a567dd58ff933a/2022-23/nl.1.csv,f43a2aa0c65fb061c87e9541e7a567dd58ff933a,24,2026-09-04T07:12:05.433Z,Eredivisie,2022-23,2022-08-21,Sparta Rotterdam,Ajax,0,1,A,0,1,A,,source_reported_FT,Sparta Rotterdam,Ajax
footballcsv/cache.footballdata,https://raw.githubusercontent.com/footballcsv/cache.footballdata/f43a2aa0c65fb061c87e9541e7a567dd58ff933a/2022-23/nl.1.csv,f43a2aa0c65fb061c87e9541e7a567dd58ff933a,25,2026-09-04T07:12:05.433Z,Eredivisie,2022-23,2022-08-21,Waalwijk,Feyenoord,0,1,A,0,0,D,,source_reported_FT,Waalwijk,Feyenoord
footballcsv/cache.footballdata,https://raw.githubusercontent.com/footballcsv/cache.footballdata/f43a2aa0c65fb061c87e9541e7a567dd58ff933a/2022-23/nl.1.csv,f43a2aa0c65fb061c87e9541e7a567dd58ff933a,26,2026-09-04T07:12:05.433Z,Eredivisie,2022-23,2022-08-26,Nijmegen,Groningen,1,1,D,0,0,D,,source_reported_FT,Nijmegen,Groningen
footballcsv/cache.footballdata,https://raw.githubusercontent.com/footballcsv/cache.footballdata/f43a2aa0c65fb061c87e9541e7a567dd58ff933a/2022-23/nl.1.csv,f43a2aa0c65fb061c87e9541e7a567dd58ff933a,29,2026-09-04T07:12:05.433Z,Eredivisie,2022-23,2022-08-27,Feyenoord,FC Emmen,4,0,H,0,0,D,,source_reported_FT,Feyenoord,FC Emmen
footballcsv/cache.footballdata,https://raw.githubusercontent.com/footballcsv/cache.footballdata/f43a2aa0c65fb061c87e9541e7a567dd58ff933a/2022-23/nl.1.csv,f43a2aa0c65fb061c87e9541e7a567dd58ff933a,27,2026-09-04T07:12:05.433Z,Eredivisie,2022-23,2022-08-27,Go Ahead Eagles,Sparta Rotterdam,0,1,A,0,1,A,,source_reported_FT,Go Ahead Eagles,Sparta Rotterdam
footballcsv/cache.footballdata,https://raw.githubusercontent.com/footballcsv/cache.footballdata/f43a2aa0c65fb061c87e9541e7a567dd58ff933a/2022-23/nl.1.csv,f43a2aa0c65fb061c87e9541e7a567dd58ff933a,30,2026-09-04T07:12:05.433Z,Eredivisie,2022-23,2022-08-27,Heerenveen,For Sittard,2,1,H,2,0,H,,source_reported_FT,Heerenveen,For Sittard
footballcsv/cache.footballdata,https://raw.githubusercontent.com/footballcsv/cache.footballdata/f43a2aa0c65fb061c87e9541e7a567dd58ff933a/2022-23/nl.1.csv,f43a2aa0c65fb061c87e9541e7a567dd58ff933a,28,2026-09-04T07:12:05.433Z,Eredivisie,2022-23,2022-08-27,Vitesse,Waalwijk,2,2,D,0,1,A,,source_reported_FT,Vitesse,Waalwijk
footballcsv/cache.footballdata,https://raw.githubusercontent.com/footballcsv/cache.footballdata/f43a2aa0c65fb061c87e9541e7a567dd58ff933a/2022-23/nl.1.csv,f43a2aa0c65fb061c87e9541e7a567dd58ff933a,34,2026-09-04T07:12:05.433Z,Eredivisie,2022-23,2022-08-28,Cambuur,AZ Alkmaar,0,1,A,0,0,D,,source_reported_FT,Cambuur,AZ Alkmaar
footballcsv/cache.footballdata,https://raw.githubusercontent.com/footballcsv/cache.footballdata/f43a2aa0c65fb061c87e9541e7a567dd58ff933a/2022-23/nl.1.csv,f43a2aa0c65fb061c87e9541e7a567dd58ff933a,32,2026-09-04T07:12:05.433Z,Eredivisie,2022-23,2022-08-28,Excelsior,PSV Eindhoven,1,6,A,0,3,A,,source_reported_FT,Excelsior,PSV Eindhoven
footballcsv/cache.footballdata,https://raw.githubusercontent.com/footballcsv/cache.footballdata/f43a2aa0c65fb061c87e9541e7a567dd58ff933a/2022-23/nl.1.csv,f43a2aa0c65fb061c87e9541e7a567dd58ff933a,31,2026-09-04T07:12:05.433Z,Eredivisie,2022-23,2022-08-28,Utrecht,Ajax,0,2,A,0,2,A,,source_reported_FT,Utrecht,Ajax
footballcsv/cache.footballdata,https://raw.githubusercontent.com/footballcsv/cache.footballdata/f43a2aa0c65fb061c87e9541e7a567dd58ff933a/2022-23/nl.1.csv,f43a2aa0c65fb061c87e9541e7a567dd58ff933a,33,2026-09-04T07:12:05.433Z,Eredivisie,2022-23,2022-08-28,Volendam,Twente,1,0,H,0,0,D,,source_reported_FT,Volendam,Twente
footballcsv/cache.footballdata,https://raw.githubusercontent.com/footballcsv/cache.footballdata/f43a2aa0c65fb061c87e9541e7a567dd58ff933a/2022-23/nl.1.csv,f43a2aa0c65fb061c87e9541e7a567dd58ff933a,35,2026-09-04T07:12:05.433Z,Eredivisie,2022-23,2022-08-31,PSV Eindhoven,Volendam,7,1,H,3,1,H,,source_reported_FT,PSV Eindhoven,Volendam
footballcsv/cache.footballdata,https://raw.githubusercontent.com/footballcsv/cache.footballdata/f43a2aa0c65fb061c87e9541e7a567dd58ff933a/2022-23/nl.1.csv,f43a2aa0c65fb061c87e9541e7a567dd58ff933a,36,2026-09-04T07:12:05.433Z,Eredivisie,2022-23,2022-08-31,Twente,Excelsior,4,0,H,2,0,H,,source_reported_FT,Twente,Excelsior
footballcsv/cache.footballdata,https://raw.githubusercontent.com/footballcsv/cache.footballdata/f43a2aa0c65fb061c87e9541e7a567dd58ff933a/2022-23/nl.1.csv,f43a2aa0c65fb061c87e9541e7a567dd58ff933a,37,2026-09-04T07:12:05.433Z,Eredivisie,2022-23,2022-09-01,AZ Alkmaar,Nijmegen,1,1,D,0,0,D,,source_reported_FT,AZ Alkmaar,Nijmegen
footballcsv/cache.footballdata,https://raw.githubusercontent.com/footballcsv/cache.footballdata/f43a2aa0c65fb061c87e9541e7a567dd58ff933a/2022-23/nl.1.csv,f43a2aa0c65fb061c87e9541e7a567dd58ff933a,38,2026-09-04T07:12:05.433Z,Eredivisie,2022-23,2022-09-02,For Sittard,Utrecht,3,4,A,0,0,D,,source_reported_FT,For Sittard,Utrecht
footballcsv/cache.footballdata,https://raw.githubusercontent.com/footballcsv/cache.footballdata/f43a2aa0c65fb061c87e9541e7a567dd58ff933a/2022-23/nl.1.csv,f43a2aa0c65fb061c87e9541e7a567dd58ff933a,39,2026-09-04T07:12:05.433Z,Eredivisie,2022-23,2022-09-03,Ajax,Cambuur,4,0,H,2,0,H,,source_reported_FT,Ajax,Cambuur
footballcsv/cache.footballdata,https://raw.githubusercontent.com/footballcsv/cache.footballdata/f43a2aa0c65fb061c87e9541e7a567dd58ff933a/2022-23/nl.1.csv,f43a2aa0c65fb061c87e9541e7a567dd58ff933a,42,2026-09-04T07:12:05.433Z,Eredivisie,2022-23,2022-09-03,Go Ahead Eagles,Feyenoord,3,4,A,2,2,D,,source_reported_FT,Go Ahead Eagles,Feyenoord
footballcsv/cache.footballdata,https://raw.githubusercontent.com/footballcsv/cache.footballdata/f43a2aa0c65fb061c87e9541e7a567dd58ff933a/2022-23/nl.1.csv,f43a2aa0c65fb061c87e9541e7a567dd58ff933a,41,2026-09-04T07:12:05.433Z,Eredivisie,2022-23,2022-09-03,Sparta Rotterdam,Volendam,4,0,H,1,0,H,,source_reported_FT,Sparta Rotterdam,Volendam
footballcsv/cache.footballdata,https://raw.githubusercontent.com/footballcsv/cache.footballdata/f43a2aa0c65fb061c87e9541e7a567dd58ff933a/2022-23/nl.1.csv,f43a2aa0c65fb061c87e9541e7a567dd58ff933a,40,2026-09-04T07:12:05.433Z,Eredivisie,2022-23,2022-09-03,Twente,PSV Eindhoven,2,1,H,2,0,H,,source_reported_FT,Twente,PSV Eindhoven
footballcsv/cache.footballdata,https://raw.githubusercontent.com/footballcsv/cache.footballdata/f43a2aa0c65fb061c87e9541e7a567dd58ff933a/2022-23/nl.1.csv,f43a2aa0c65fb061c87e9541e7a567dd58ff933a,44,2026-09-04T07:12:05.433Z,Eredivisie,2022-23,2022-09-04,FC Emmen,AZ Alkmaar,0,3,A,0,3,A,,source_reported_FT,FC Emmen,AZ Alkmaar
footballcsv/cache.footballdata,https://raw.githubusercontent.com/footballcsv/cache.footballdata/f43a2aa0c65fb061c87e9541e7a567dd58ff933a/2022-23/nl.1.csv,f43a2aa0c65fb061c87e9541e7a567dd58ff933a,46,2026-09-04T07:12:05.433Z,Eredivisie,2022-23,2022-09-04,Groningen,Vitesse,0,1,A,0,0,D,,source_reported_FT,Groningen,Vitesse
footballcsv/cache.footballdata,https://raw.githubusercontent.com/footballcsv/cache.footballdata/f43a2aa0c65fb061c87e9541e7a567dd58ff933a/2022-23/nl.1.csv,f43a2aa0c65fb061c87e9541e7a567dd58ff933a,45,2026-09-04T07:12:05.433Z,Eredivisie,2022-23,2022-09-04,Heerenveen,Nijmegen,0,0,D,0,0,D,,source_reported_FT,Heerenveen,Nijmegen
footballcsv/cache.footballdata,https://raw.githubusercontent.com/footballcsv/cache.footballdata/f43a2aa0c65fb061c87e9541e7a567dd58ff933a/2022-23/nl.1.csv,f43a2aa0c65fb061c87e9541e7a567dd58ff933a,43,2026-09-04T07:12:05.433Z,Eredivisie,2022-23,2022-09-04,Waalwijk,Excelsior,5,2,H,1,2,A,,source_reported_FT,Waalwijk,Excelsior
footballcsv/cache.footballdata,https://raw.githubusercontent.com/footballcsv/cache.footballdata/f43a2aa0c65fb061c87e9541e7a567dd58ff933a/2022-23/nl.1.csv,f43a2aa0c65fb061c87e9541e7a567dd58ff933a,47,2026-09-04T07:12:05.433Z,Eredivisie,2022-23,2022-09-09,Volendam,Go Ahead Eagles,2,3,A,1,1,D,,source_reported_FT,Volendam,Go Ahead Eagles
footballcsv/cache.footballdata,https://raw.githubusercontent.com/footballcsv/cache.footballdata/f43a2aa0c65fb061c87e9541e7a567dd58ff933a/2022-23/nl.1.csv,f43a2aa0c65fb061c87e9541e7a567dd58ff933a,49,2026-09-04T07:12:05.433Z,Eredivisie,2022-23,2022-09-10,Ajax,Heerenveen,5,0,H,2,0,H,,source_reported_FT,Ajax,Heerenveen
footballcsv/cache.footballdata,https://raw.githubusercontent.com/footballcsv/cache.footballdata/f43a2aa0c65fb061c87e9541e7a567dd58ff933a/2022-23/nl.1.csv,f43a2aa0c65fb061c87e9541e7a567dd58ff933a,50,2026-09-04T07:12:05.433Z,Eredivisie,2022-23,2022-09-10,Excelsior,FC Emmen,2,1,H,0,1,A,,source_reported_FT,Excelsior,FC Emmen
footballcsv/cache.footballdata,https://raw.githubusercontent.com/footballcsv/cache.footballdata/f43a2aa0c65fb061c87e9541e7a567dd58ff933a/2022-23/nl.1.csv,f43a2aa0c65fb061c87e9541e7a567dd58ff933a,48,2026-09-04T07:12:05.433Z,Eredivisie,2022-23,2022-09-10,Nijmegen,For Sittard,1,1,D,0,0,D,,source_reported_FT,Nijmegen,For Sittard
footballcsv/cache.footballdata,https://raw.githubusercontent.com/footballcsv/cache.footballdata/f43a2aa0c65fb061c87e9541e7a567dd58ff933a/2022-23/nl.1.csv,f43a2aa0c65fb061c87e9541e7a567dd58ff933a,54,2026-09-04T07:12:05.433Z,Eredivisie,2022-23,2022-09-11,AZ Alkmaar,Twente,1,1,D,0,0,D,,source_reported_FT,AZ Alkmaar,Twente
footballcsv/cache.footballdata,https://raw.githubusercontent.com/footballcsv/cache.footballdata/f43a2aa0c65fb061c87e9541e7a567dd58ff933a/2022-23/nl.1.csv,f43a2aa0c65fb061c87e9541e7a567dd58ff933a,52,2026-09-04T07:12:05.433Z,Eredivisie,2022-23,2022-09-11,Cambuur,Groningen,0,1,A,0,0,D,,source_reported_FT,Cambuur,Groningen
footballcsv/cache.footballdata,https://raw.githubusercontent.com/footballcsv/cache.footballdata/f43a2aa0c65fb061c87e9541e7a567dd58ff933a/2022-23/nl.1.csv,f43a2aa0c65fb061c87e9541e7a567dd58ff933a,55,2026-09-04T07:12:05.433Z,Eredivisie,2022-23,2022-09-11,Feyenoord,Sparta Rotterdam,3,0,H,2,0,H,,source_reported_FT,Feyenoord,Sparta Rotterdam
footballcsv/cache.footballdata,https://raw.githubusercontent.com/footballcsv/cache.footballdata/f43a2aa0c65fb061c87e9541e7a567dd58ff933a/2022-23/nl.1.csv,f43a2aa0c65fb061c87e9541e7a567dd58ff933a,53,2026-09-04T07:12:05.433Z,Eredivisie,2022-23,2022-09-11,PSV Eindhoven,Waalwijk,1,0,H,0,0,D,,source_reported_FT,PSV Eindhoven,Waalwijk
footballcsv/cache.footballdata,https://raw.githubusercontent.com/footballcsv/cache.footballdata/f43a2aa0c65fb061c87e9541e7a567dd58ff933a/2022-23/nl.1.csv,f43a2aa0c65fb061c87e9541e7a567dd58ff933a,51,2026-09-04T07:12:05.433Z,Eredivisie,2022-23,2022-09-11,Utrecht,Vitesse,1,0,H,0,0,D,,source_reported_FT,Utrecht,Vitesse
footballcsv/cache.footballdata,https://raw.githubusercontent.com/footballcsv/cache.footballdata/f43a2aa0c65fb061c87e9541e7a567dd58ff933a/2022-23/nl.1.csv,f43a2aa0c65fb061c87e9541e7a567dd58ff933a,56,2026-09-04T07:12:05.433Z,Eredivisie,2022-23,2022-09-16,Utrecht,Nijmegen,0,0,D,0,0,D,,source_reported_FT,Utrecht,Nijmegen
footballcsv/cache.footballdata,https://raw.githubusercontent.com/footballcsv/cache.footballdata/f43a2aa0c65fb061c87e9541e7a567dd58ff933a/2022-23/nl.1.csv,f43a2aa0c65fb061c87e9541e7a567dd58ff933a,60,2026-09-04T07:12:05.433Z,Eredivisie,2022-23,2022-09-17,For Sittard,Excelsior,1,0,H,0,0,D,,source_reported_FT,For Sittard,Excelsior
footballcsv/cache.footballdata,https://raw.githubusercontent.com/footballcsv/cache.footballdata/f43a2aa0c65fb061c87e9541e7a567dd58ff933a/2022-23/nl.1.csv,f43a2aa0c65fb061c87e9541e7a567dd58ff933a,57,2026-09-04T07:12:05.433Z,Eredivisie,2022-23,2022-09-17,Sparta Rotterdam,Groningen,2,1,H,0,0,D,,source_reported_FT,Sparta Rotterdam,Groningen
footballcsv/cache.footballdata,https://raw.githubusercontent.com/footballcsv/cache.footballdata/f43a2aa0c65fb061c87e9541e7a567dd58ff933a/2022-23/nl.1.csv,f43a2aa0c65fb061c87e9541e7a567dd58ff933a,58,2026-09-04T07:12:05.433Z,Eredivisie,2022-23,2022-09-17,Vitesse,Volendam,1,1,D,0,1,A,,source_reported_FT,Vitesse,Volendam
footballcsv/cache.footballdata,https://raw.githubusercontent.com/footballcsv/cache.footballdata/f43a2aa0c65fb061c87e9541e7a567dd58ff933a/2022-23/nl.1.csv,f43a2aa0c65fb061c87e9541e7a567dd58ff933a,59,2026-09-04T07:12:05.433Z,Eredivisie,2022-23,2022-09-17,Waalwijk,Cambuur,5,1,H,1,1,D,,source_reported_FT,Waalwijk,Cambuur
footballcsv/cache.footballdata,https://raw.githubusercontent.com/footballcsv/cache.footballdata/f43a2aa0c65fb061c87e9541e7a567dd58ff933a/2022-23/nl.1.csv,f43a2aa0c65fb061c87e9541e7a567dd58ff933a,64,2026-09-04T07:12:05.433Z,Eredivisie,2022-23,2022-09-18,AZ Alkmaar,Ajax,2,1,H,2,1,H,,source_reported_FT,AZ Alkmaar,Ajax
footballcsv/cache.footballdata,https://raw.githubusercontent.com/footballcsv/cache.footballdata/f43a2aa0c65fb061c87e9541e7a567dd58ff933a/2022-23/nl.1.csv,f43a2aa0c65fb061c87e9541e7a567dd58ff933a,61,2026-09-04T07:12:05.433Z,Eredivisie,2022-23,2022-09-18,Go Ahead Eagles,FC Emmen,2,0,H,1,0,H,,source_reported_FT,Go Ahead Eagles,FC Emmen
footballcsv/cache.footballdata,https://raw.githubusercontent.com/footballcsv/cache.footballdata/f43a2aa0c65fb061c87e9541e7a567dd58ff933a/2022-23/nl.1.csv,f43a2aa0c65fb061c87e9541e7a567dd58ff933a,62,2026-09-04T07:12:05.433Z,Eredivisie,2022-23,2022-09-18,Heerenveen,Twente,2,1,H,2,1,H,,source_reported_FT,Heerenveen,Twente
footballcsv/cache.footballdata,https://raw.githubusercontent.com/footballcsv/cache.footballdata/f43a2aa0c65fb061c87e9541e7a567dd58ff933a/2022-23/nl.1.csv,f43a2aa0c65fb061c87e9541e7a567dd58ff933a,63,2026-09-04T07:12:05.433Z,Eredivisie,2022-23,2022-09-18,PSV Eindhoven,Feyenoord,4,3,H,2,2,D,,source_reported_FT,PSV Eindhoven,Feyenoord
footballcsv/cache.footballdata,https://raw.githubusercontent.com/footballcsv/cache.footballdata/f43a2aa0c65fb061c87e9541e7a567dd58ff933a/2022-23/nl.1.csv,f43a2aa0c65fb061c87e9541e7a567dd58ff933a,67,2026-09-04T07:12:05.433Z,Eredivisie,2022-23,2022-10-01,Ajax,Go Ahead Eagles,1,1,D,1,0,H,,source_reported_FT,Ajax,Go Ahead Eagles
footballcsv/cache.footballdata,https://raw.githubusercontent.com/footballcsv/cache.footballdata/f43a2aa0c65fb061c87e9541e7a567dd58ff933a/2022-23/nl.1.csv,f43a2aa0c65fb061c87e9541e7a567dd58ff933a,65,2026-09-04T07:12:05.433Z,Eredivisie,2022-23,2022-10-01,Cambuur,PSV Eindhoven,3,0,H,0,0,D,,source_reported_FT,Cambuur,PSV Eindhoven
footballcsv/cache.footballdata,https://raw.githubusercontent.com/footballcsv/cache.footballdata/f43a2aa0c65fb061c87e9541e7a567dd58ff933a/2022-23/nl.1.csv,f43a2aa0c65fb061c87e9541e7a567dd58ff933a,66,2026-09-04T07:12:05.433Z,Eredivisie,2022-23,2022-10-01,Groningen,AZ Alkmaar,1,4,A,1,2,A,,source_reported_FT,Groningen,AZ Alkmaar
footballcsv/cache.footballdata,https://raw.githubusercontent.com/footballcsv/cache.footballdata/f43a2aa0c65fb061c87e9541e7a567dd58ff933a/2022-23/nl.1.csv,f43a2aa0c65fb061c87e9541e7a567dd58ff933a,68,2026-09-04T07:12:05.433Z,Eredivisie,2022-23,2022-10-01,Twente,Vitesse,3,0,H,1,0,H,,source_reported_FT,Twente,Vitesse
footballcsv/cache.footballdata,https://raw.githubusercontent.com/footballcsv/cache.footballdata/f43a2aa0c65fb061c87e9541e7a567dd58ff933a/2022-23/nl.1.csv,f43a2aa0c65fb061c87e9541e7a567dd58ff933a,70,2026-09-04T07:12:05.433Z,Eredivisie,2022-23,2022-10-02,Excelsior,Utrecht,0,1,A,0,1,A,,source_reported_FT,Excelsior,Utrecht
footballcsv/cache.footballdata,https://raw.githubusercontent.com/footballcsv/cache.footballdata/f43a2aa0c65fb061c87e9541e7a567dd58ff933a/2022-23/nl.1.csv,f43a2aa0c65fb061c87e9541e7a567dd58ff933a,73,2026-09-04T07:12:05.433Z,Eredivisie,2022-23,2022-10-02,FC Emmen,Heerenveen,0,0,D,0,0,D,,source_reported_FT,FC Emmen,Heerenveen
footballcsv/cache.footballdata,https://raw.githubusercontent.com/footballcsv/cache.footballdata/f43a2aa0c65fb061c87e9541e7a567dd58ff933a/2022-23/nl.1.csv,f43a2aa0c65fb061c87e9541e7a567dd58ff933a,69,2026-09-04T07:12:05.433Z,Eredivisie,2022-23,2022-10-02,For Sittard,Volendam,2,0,H,2,0,H,,source_reported_FT,For Sittard,Volendam
footballcsv/cache.footballdata,https://raw.githubusercontent.com/footballcsv/cache.footballdata/f43a2aa0c65fb061c87e9541e7a567dd58ff933a/2022-23/nl.1.csv,f43a2aa0c65fb061c87e9541e7a567dd58ff933a,71,2026-09-04T07:12:05.433Z,Eredivisie,2022-23,2022-10-02,Nijmegen,Feyenoord,1,1,D,1,1,D,,source_reported_FT,Nijmegen,Feyenoord
footballcsv/cache.footballdata,https://raw.githubusercontent.com/footballcsv/cache.footballdata/f43a2aa0c65fb061c87e9541e7a567dd58ff933a/2022-23/nl.1.csv,f43a2aa0c65fb061c87e9541e7a567dd58ff933a,72,2026-09-04T07:12:05.433Z,Eredivisie,2022-23,2022-10-02,Waalwijk,Sparta Rotterdam,2,2,D,1,1,D,,source_reported_FT,Waalwijk,Sparta Rotterdam
footballcsv/cache.footballdata,https://raw.githubusercontent.com/footballcsv/cache.footballdata/f43a2aa0c65fb061c87e9541e7a567dd58ff933a/2022-23/nl.1.csv,f43a2aa0c65fb061c87e9541e7a567dd58ff933a,74,2026-09-04T07:12:05.433Z,Eredivisie,2022-23,2022-10-07,Groningen,Waalwijk,2,3,A,1,1,D,,source_reported_FT,Groningen,Waalwijk
footballcsv/cache.footballdata,https://raw.githubusercontent.com/footballcsv/cache.footballdata/f43a2aa0c65fb061c87e9541e7a567dd58ff933a/2022-23/nl.1.csv,f43a2aa0c65fb061c87e9541e7a567dd58ff933a,77,2026-09-04T07:12:05.433Z,Eredivisie,2022-23,2022-10-08,Nijmegen,Excelsior,1,1,D,0,0,D,,source_reported_FT,Nijmegen,Excelsior
footballcsv/cache.footballdata,https://raw.githubusercontent.com/footballcsv/cache.footballdata/f43a2aa0c65fb061c87e9541e7a567dd58ff933a/2022-23/nl.1.csv,f43a2aa0c65fb061c87e9541e7a567dd58ff933a,76,2026-09-04T07:12:05.433Z,Eredivisie,2022-23,2022-10-08,Sparta Rotterdam,FC Emmen,3,1,H,1,0,H,,source_reported_FT,Sparta Rotterdam,FC Emmen
footballcsv/cache.footballdata,https://raw.githubusercontent.com/footballcsv/cache.footballdata/f43a2aa0c65fb061c87e9541e7a567dd58ff933a/2022-23/nl.1.csv,f43a2aa0c65fb061c87e9541e7a567dd58ff933a,75,2026-09-04T07:12:05.433Z,Eredivisie,2022-23,2022-10-08,Volendam,Ajax,2,4,A,0,2,A,,source_reported_FT,Volendam,Ajax
footballcsv/cache.footballdata,https://raw.githubusercontent.com/footballcsv/cache.footballdata/f43a2aa0c65fb061c87e9541e7a567dd58ff933a/2022-23/nl.1.csv,f43a2aa0c65fb061c87e9541e7a567dd58ff933a,79,2026-09-04T07:12:05.433Z,Eredivisie,2022-23,2022-10-09,Feyenoord,Twente,2,0,H,1,0,H,,source_reported_FT,Feyenoord,Twente
footballcsv/cache.footballdata,https://raw.githubusercontent.com/footballcsv/cache.footballdata/f43a2aa0c65fb061c87e9541e7a567dd58ff933a/2022-23/nl.1.csv,f43a2aa0c65fb061c87e9541e7a567dd58ff933a,78,2026-09-04T07:12:05.433Z,Eredivisie,2022-23,2022-10-09,Go Ahead Eagles,Cambuur,0,0,D,0,0,D,,source_reported_FT,Go Ahead Eagles,Cambuur
footballcsv/cache.footballdata,https://raw.githubusercontent.com/footballcsv/cache.footballdata/f43a2aa0c65fb061c87e9541e7a567dd58ff933a/2022-23/nl.1.csv,f43a2aa0c65fb061c87e9541e7a567dd58ff933a,81,2026-09-04T07:12:05.433Z,Eredivisie,2022-23,2022-10-09,Heerenveen,PSV Eindhoven,0,1,A,0,0,D,,source_reported_FT,Heerenveen,PSV Eindhoven
footballcsv/cache.footballdata,https://raw.githubusercontent.com/footballcsv/cache.footballdata/f43a2aa0c65fb061c87e9541e7a567dd58ff933a/2022-23/nl.1.csv,f43a2aa0c65fb061c87e9541e7a567dd58ff933a,80,2026-09-04T07:12:05.433Z,Eredivisie,2022-23,2022-10-09,Utrecht,AZ Alkmaar,1,2,A,0,1,A,,source_reported_FT,Utrecht,AZ Alkmaar
footballcsv/cache.footballdata,https://raw.githubusercontent.com/footballcsv/cache.footballdata/f43a2aa0c65fb061c87e9541e7a567dd58ff933a/2022-23/nl.1.csv,f43a2aa0c65fb061c87e9541e7a567dd58ff933a,82,2026-09-04T07:12:05.433Z,Eredivisie,2022-23,2022-10-09,Vitesse,For Sittard,1,2,A,1,1,D,,source_reported_FT,Vitesse,For Sittard
footballcsv/cache.footballdata,https://raw.githubusercontent.com/footballcsv/cache.footballdata/f43a2aa0c65fb061c87e9541e7a567dd58ff933a/2022-23/nl.1.csv,f43a2aa0c65fb061c87e9541e7a567dd58ff933a,83,2026-09-04T07:12:05.433Z,Eredivisie,2022-23,2022-10-14,FC Emmen,Volendam,1,1,D,0,0,D,,source_reported_FT,FC Emmen,Volendam
footballcsv/cache.footballdata,https://raw.githubusercontent.com/footballcsv/cache.footballdata/f43a2aa0c65fb061c87e9541e7a567dd58ff933a/2022-23/nl.1.csv,f43a2aa0c65fb061c87e9541e7a567dd58ff933a,86,2026-09-04T07:12:05.433Z,Eredivisie,2022-23,2022-10-15,Cambuur,Vitesse,0,3,A,0,1,A,,source_reported_FT,Cambuur,Vitesse
footballcsv/cache.footballdata,https://raw.githubusercontent.com/footballcsv/cache.footballdata/f43a2aa0c65fb061c87e9541e7a567dd58ff933a/2022-23/nl.1.csv,f43a2aa0c65fb061c87e9541e7a567dd58ff933a,84,2026-09-04T07:12:05.433Z,Eredivisie,2022-23,2022-10-15,For Sittard,Waalwijk,0,0,D,0,0,D,,source_reported_FT,For Sittard,Waalwijk
footballcsv/cache.footballdata,https://raw.githubusercontent.com/footballcsv/cache.footballdata/f43a2aa0c65fb061c87e9541e7a567dd58ff933a/2022-23/nl.1.csv,f43a2aa0c65fb061c87e9541e7a567dd58ff933a,85,2026-09-04T07:12:05.433Z,Eredivisie,2022-23,2022-10-15,Go Ahead Eagles,Heerenveen,1,1,D,0,0,D,,source_reported_FT,Go Ahead Eagles,Heerenveen
footballcsv/cache.footballdata,https://raw.githubusercontent.com/footballcsv/cache.footballdata/f43a2aa0c65fb061c87e9541e7a567dd58ff933a/2022-23/nl.1.csv,f43a2aa0c65fb061c87e9541e7a567dd58ff933a,90,2026-09-04T07:12:05.433Z,Eredivisie,2022-23,2022-10-16,AZ Alkmaar,Feyenoord,1,3,A,1,1,D,,source_reported_FT,AZ Alkmaar,Feyenoord
footballcsv/cache.footballdata,https://raw.githubusercontent.com/footballcsv/cache.footballdata/f43a2aa0c65fb061c87e9541e7a567dd58ff933a/2022-23/nl.1.csv,f43a2aa0c65fb061c87e9541e7a567dd58ff933a,91,2026-09-04T07:12:05.433Z,Eredivisie,2022-23,2022-10-16,Ajax,Excelsior,7,1,H,3,0,H,,source_reported_FT,Ajax,Excelsior
footballcsv/cache.footballdata,https://raw.githubusercontent.com/footballcsv/cache.footballdata/f43a2aa0c65fb061c87e9541e7a567dd58ff933a/2022-23/nl.1.csv,f43a2aa0c65fb061c87e9541e7a567dd58ff933a,88,2026-09-04T07:12:05.433Z,Eredivisie,2022-23,2022-10-16,PSV Eindhoven,Utrecht,6,1,H,3,1,H,,source_reported_FT,PSV Eindhoven,Utrecht
footballcsv/cache.footballdata,https://raw.githubusercontent.com/footballcsv/cache.footballdata/f43a2aa0c65fb061c87e9541e7a567dd58ff933a/2022-23/nl.1.csv,f43a2aa0c65fb061c87e9541e7a567dd58ff933a,87,2026-09-04T07:12:05.433Z,Eredivisie,2022-23,2022-10-16,Sparta Rotterdam,Nijmegen,2,0,H,2,0,H,,source_reported_FT,Sparta Rotterdam,Nijmegen
footballcsv/cache.footballdata,https://raw.githubusercontent.com/footballcsv/cache.footballdata/f43a2aa0c65fb061c87e9541e7a567dd58ff933a/2022-23/nl.1.csv,f43a2aa0c65fb061c87e9541e7a567dd58ff933a,89,2026-09-04T07:12:05.433Z,Eredivisie,2022-23,2022-10-16,Twente,Groningen,3,0,H,0,0,D,,source_reported_FT,Twente,Groningen
footballcsv/cache.footballdata,https://raw.githubusercontent.com/footballcsv/cache.footballdata/f43a2aa0c65fb061c87e9541e7a567dd58ff933a/2022-23/nl.1.csv,f43a2aa0c65fb061c87e9541e7a567dd58ff933a,92,2026-09-04T07:12:05.433Z,Eredivisie,2022-23,2022-10-22,Feyenoord,For Sittard,1,1,D,0,1,A,,source_reported_FT,Feyenoord,For Sittard
footballcsv/cache.footballdata,https://raw.githubusercontent.com/footballcsv/cache.footballdata/f43a2aa0c65fb061c87e9541e7a567dd58ff933a/2022-23/nl.1.csv,f43a2aa0c65fb061c87e9541e7a567dd58ff933a,94,2026-09-04T07:12:05.433Z,Eredivisie,2022-23,2022-10-22,Vitesse,FC Emmen,2,1,H,2,0,H,,source_reported_FT,Vitesse,FC Emmen
footballcsv/cache.footballdata,https://raw.githubusercontent.com/footballcsv/cache.footballdata/f43a2aa0c65fb061c87e9541e7a567dd58ff933a/2022-23/nl.1.csv,f43a2aa0c65fb061c87e9541e7a567dd58ff933a,93,2026-09-04T07:12:05.433Z,Eredivisie,2022-23,2022-10-22,Waalwijk,Ajax,1,4,A,1,1,D,,source_reported_FT,Waalwijk,Ajax
footballcsv/cache.footballdata,https://raw.githubusercontent.com/footballcsv/cache.footballdata/f43a2aa0c65fb061c87e9541e7a567dd58ff933a/2022-23/nl.1.csv,f43a2aa0c65fb061c87e9541e7a567dd58ff933a,96,2026-09-04T07:12:05.433Z,Eredivisie,2022-23,2022-10-23,Cambuur,Twente,0,1,A,0,0,D,,source_reported_FT,Cambuur,Twente
footballcsv/cache.footballdata,https://raw.githubusercontent.com/footballcsv/cache.footballdata/f43a2aa0c65fb061c87e9541e7a567dd58ff933a/2022-23/nl.1.csv,f43a2aa0c65fb061c87e9541e7a567dd58ff933a,95,2026-09-04T07:12:05.433Z,Eredivisie,2022-23,2022-10-23,Excelsior,AZ Alkmaar,2,1,H,2,0,H,,source_reported_FT,Excelsior,AZ Alkmaar
footballcsv/cache.footballdata,https://raw.githubusercontent.com/footballcsv/cache.footballdata/f43a2aa0c65fb061c87e9541e7a567dd58ff933a/2022-23/nl.1.csv,f43a2aa0c65fb061c87e9541e7a567dd58ff933a,97,2026-09-04T07:12:05.433Z,Eredivisie,2022-23,2022-10-23,Groningen,PSV Eindhoven,4,2,H,3,1,H,,source_reported_FT,Groningen,PSV Eindhoven
footballcsv/cache.footballdata,https://raw.githubusercontent.com/footballcsv/cache.footballdata/f43a2aa0c65fb061c87e9541e7a567dd58ff933a/2022-23/nl.1.csv,f43a2aa0c65fb061c87e9541e7a567dd58ff933a,98,2026-09-04T07:12:05.433Z,Eredivisie,2022-23,2022-10-23,Nijmegen,Go Ahead Eagles,3,3,D,1,2,A,,source_reported_FT,Nijmegen,Go Ahead Eagles
footballcsv/cache.footballdata,https://raw.githubusercontent.com/footballcsv/cache.footballdata/f43a2aa0c65fb061c87e9541e7a567dd58ff933a/2022-23/nl.1.csv,f43a2aa0c65fb061c87e9541e7a567dd58ff933a,99,2026-09-04T07:12:05.433Z,Eredivisie,2022-23,2022-10-23,Utrecht,Sparta Rotterdam,3,1,H,1,0,H,,source_reported_FT,Utrecht,Sparta Rotterdam
footballcsv/cache.footballdata,https://raw.githubusercontent.com/footballcsv/cache.footballdata/f43a2aa0c65fb061c87e9541e7a567dd58ff933a/2022-23/nl.1.csv,f43a2aa0c65fb061c87e9541e7a567dd58ff933a,100,2026-09-04T07:12:05.433Z,Eredivisie,2022-23,2022-10-23,Volendam,Heerenveen,1,3,A,1,1,D,,source_reported_FT,Volendam,Heerenveen
footballcsv/cache.footballdata,https://raw.githubusercontent.com/footballcsv/cache.footballdata/f43a2aa0c65fb061c87e9541e7a567dd58ff933a/2022-23/nl.1.csv,f43a2aa0c65fb061c87e9541e7a567dd58ff933a,103,2026-09-04T07:12:05.433Z,Eredivisie,2022-23,2022-10-29,Go Ahead Eagles,Excelsior,3,1,H,2,0,H,,source_reported_FT,Go Ahead Eagles,Excelsior
footballcsv/cache.footballdata,https://raw.githubusercontent.com/footballcsv/cache.footballdata/f43a2aa0c65fb061c87e9541e7a567dd58ff933a/2022-23/nl.1.csv,f43a2aa0c65fb061c87e9541e7a567dd58ff933a,101,2026-09-04T07:12:05.433Z,Eredivisie,2022-23,2022-10-29,Heerenveen,Utrecht,1,2,A,1,1,D,,source_reported_FT,Heerenveen,Utrecht
footballcsv/cache.footballdata,https://raw.githubusercontent.com/footballcsv/cache.footballdata/f43a2aa0c65fb061c87e9541e7a567dd58ff933a/2022-23/nl.1.csv,f43a2aa0c65fb061c87e9541e7a567dd58ff933a,102,2026-09-04T07:12:05.433Z,Eredivisie,2022-23,2022-10-29,Sparta Rotterdam,For Sittard,3,1,H,1,1,D,,source_reported_FT,Sparta Rotterdam,For Sittard
footballcsv/cache.footballdata,https://raw.githubusercontent.com/footballcsv/cache.footballdata/f43a2aa0c65fb061c87e9541e7a567dd58ff933a/2022-23/nl.1.csv,f43a2aa0c65fb061c87e9541e7a567dd58ff933a,107,2026-09-04T07:12:05.433Z,Eredivisie,2022-23,2022-10-30,AZ Alkmaar,Volendam,2,1,H,2,0,H,,source_reported_FT,AZ Alkmaar,Volendam
footballcsv/cache.footballdata,https://raw.githubusercontent.com/footballcsv/cache.footballdata/f43a2aa0c65fb061c87e9541e7a567dd58ff933a/2022-23/nl.1.csv,f43a2aa0c65fb061c87e9541e7a567dd58ff933a,104,2026-09-04T07:12:05.433Z,Eredivisie,2022-23,2022-10-30,FC Emmen,Groningen,0,0,D,0,0,D,,source_reported_FT,FC Emmen,Groningen
footballcsv/cache.footballdata,https://raw.githubusercontent.com/footballcsv/cache.footballdata/f43a2aa0c65fb061c87e9541e7a567dd58ff933a/2022-23/nl.1.csv,f43a2aa0c65fb061c87e9541e7a567dd58ff933a,105,2026-09-04T07:12:05.433Z,Eredivisie,2022-23,2022-10-30,PSV Eindhoven,Nijmegen,3,0,H,1,0,H,,source_reported_FT,PSV Eindhoven,Nijmegen
footballcsv/cache.footballdata,https://raw.githubusercontent.com/footballcsv/cache.footballdata/f43a2aa0c65fb061c87e9541e7a567dd58ff933a/2022-23/nl.1.csv,f43a2aa0c65fb061c87e9541e7a567dd58ff933a,106,2026-09-04T07:12:05.433Z,Eredivisie,2022-23,2022-10-30,Twente,Waalwijk,3,0,H,2,0,H,,source_reported_FT,Twente,Waalwijk
footballcsv/cache.footballdata,https://raw.githubusercontent.com/footballcsv/cache.footballdata/f43a2aa0c65fb061c87e9541e7a567dd58ff933a/2022-23/nl.1.csv,f43a2aa0c65fb061c87e9541e7a567dd58ff933a,108,2026-09-04T07:12:05.433Z,Eredivisie,2022-23,2022-11-04,Cambuur,Nijmegen,0,1,A,0,1,A,,source_reported_FT,Cambuur,Nijmegen
footballcsv/cache.footballdata,https://raw.githubusercontent.com/footballcsv/cache.footballdata/f43a2aa0c65fb061c87e9541e7a567dd58ff933a/2022-23/nl.1.csv,f43a2aa0c65fb061c87e9541e7a567dd58ff933a,111,2026-09-04T07:12:05.433Z,Eredivisie,2022-23,2022-11-05,Excelsior,Heerenveen,0,1,A,0,0,D,,source_reported_FT,Excelsior,Heerenveen
footballcsv/cache.footballdata,https://raw.githubusercontent.com/footballcsv/cache.footballdata/f43a2aa0c65fb061c87e9541e7a567dd58ff933a/2022-23/nl.1.csv,f43a2aa0c65fb061c87e9541e7a567dd58ff933a,110,2026-09-04T07:12:05.433Z,Eredivisie,2022-23,2022-11-05,For Sittard,FC Emmen,0,1,A,0,0,D,,source_reported_FT,For Sittard,FC Emmen
footballcsv/cache.footballdata,https://raw.githubusercontent.com/footballcsv/cache.footballdata/f43a2aa0c65fb061c87e9541e7a567dd58ff933a/2022-23/nl.1.csv,f43a2aa0c65fb061c87e9541e7a567dd58ff933a,109,2026-09-04T07:12:05.433Z,Eredivisie,2022-23,2022-11-05,Vitesse,Sparta Rotterdam,0,4,A,0,0,D,,source_reported_FT,Vitesse,Sparta Rotterdam
footballcsv/cache.footballdata,https://raw.githubusercontent.com/footballcsv/cache.footballdata/f43a2aa0c65fb061c87e9541e7a567dd58ff933a/2022-23/nl.1.csv,f43a2aa0c65fb061c87e9541e7a567dd58ff933a,115,2026-09-04T07:12:05.433Z,Eredivisie,2022-23,2022-11-06,Ajax,PSV Eindhoven,1,2,A,0,1,A,,source_reported_FT,Ajax,PSV Eindhoven
footballcsv/cache.footballdata,https://raw.githubusercontent.com/footballcsv/cache.footballdata/f43a2aa0c65fb061c87e9541e7a567dd58ff933a/2022-23/nl.1.csv,f43a2aa0c65fb061c87e9541e7a567dd58ff933a,113,2026-09-04T07:12:05.433Z,Eredivisie,2022-23,2022-11-06,Twente,Go Ahead Eagles,1,1,D,1,0,H,,source_reported_FT,Twente,Go Ahead Eagles
footballcsv/cache.footballdata,https://raw.githubusercontent.com/footballcsv/cache.footballdata/f43a2aa0c65fb061c87e9541e7a567dd58ff933a/2022-23/nl.1.csv,f43a2aa0c65fb061c87e9541e7a567dd58ff933a,112,2026-09-04T07:12:05.433Z,Eredivisie,2022-23,2022-11-06,Utrecht,Groningen,2,1,H,0,1,A,,source_reported_FT,Utrecht,Groningen
footballcsv/cache.footballdata,https://raw.githubusercontent.com/footballcsv/cache.footballdata/f43a2aa0c65fb061c87e9541e7a567dd58ff933a/2022-23/nl.1.csv,f43a2aa0c65fb061c87e9541e7a567dd58ff933a,114,2026-09-04T07:12:05.433Z,Eredivisie,2022-23,2022-11-06,Volendam,Feyenoord,0,2,A,0,2,A,,source_reported_FT,Volendam,Feyenoord
footballcsv/cache.footballdata,https://raw.githubusercontent.com/footballcsv/cache.footballdata/f43a2aa0c65fb061c87e9541e7a567dd58ff933a/2022-23/nl.1.csv,f43a2aa0c65fb061c87e9541e7a567dd58ff933a,116,2026-09-04T07:12:05.433Z,Eredivisie,2022-23,2022-11-06,Waalwijk,AZ Alkmaar,3,1,H,1,1,D,,source_reported_FT,Waalwijk,AZ Alkmaar
footballcsv/cache.footballdata,https://raw.githubusercontent.com/footballcsv/cache.footballdata/f43a2aa0c65fb061c87e9541e7a567dd58ff933a/2022-23/nl.1.csv,f43a2aa0c65fb061c87e9541e7a567dd58ff933a,117,2026-09-04T07:12:05.433Z,Eredivisie,2022-23,2022-11-09,Ajax,Vitesse,2,2,D,1,1,D,,source_reported_FT,Ajax,Vitesse
footballcsv/cache.footballdata,https://raw.githubusercontent.com/footballcsv/cache.footballdata/f43a2aa0c65fb061c87e9541e7a567dd58ff933a/2022-23/nl.1.csv,f43a2aa0c65fb061c87e9541e7a567dd58ff933a,118,2026-09-04T07:12:05.433Z,Eredivisie,2022-23,2022-11-10,Feyenoord,Cambuur,1,0,H,1,0,H,,source_reported_FT,Feyenoord,Cambuur
footballcsv/cache.footballdata,https://raw.githubusercontent.com/footballcsv/cache.footballdata/f43a2aa0c65fb061c87e9541e7a567dd58ff933a/2022-23/nl.1.csv,f43a2aa0c65fb061c87e9541e7a567dd58ff933a,119,2026-09-04T07:12:05.433Z,Eredivisie,2022-23,2022-11-11,Sparta Rotterdam,Twente,1,1,D,0,0,D,,source_reported_FT,Sparta Rotterdam,Twente
footballcsv/cache.footballdata,https://raw.githubusercontent.com/footballcsv/cache.footballdata/f43a2aa0c65fb061c87e9541e7a567dd58ff933a/2022-23/nl.1.csv,f43a2aa0c65fb061c87e9541e7a567dd58ff933a,121,2026-09-04T07:12:05.433Z,Eredivisie,2022-23,2022-11-12,FC Emmen,Ajax,3,3,D,1,3,A,,source_reported_FT,FC Emmen,Ajax
footballcsv/cache.footballdata,https://raw.githubusercontent.com/footballcsv/cache.footballdata/f43a2aa0c65fb061c87e9541e7a567dd58ff933a/2022-23/nl.1.csv,f43a2aa0c65fb061c87e9541e7a567dd58ff933a,122,2026-09-04T07:12:05.433Z,Eredivisie,2022-23,2022-11-12,PSV Eindhoven,AZ Alkmaar,0,1,A,0,1,A,,source_reported_FT,PSV Eindhoven,AZ Alkmaar
footballcsv/cache.footballdata,https://raw.githubusercontent.com/footballcsv/cache.footballdata/f43a2aa0c65fb061c87e9541e7a567dd58ff933a/2022-23/nl.1.csv,f43a2aa0c65fb061c87e9541e7a567dd58ff933a,120,2026-09-04T07:12:05.433Z,Eredivisie,2022-23,2022-11-12,Volendam,Utrecht,0,4,A,0,1,A,,source_reported_FT,Volendam,Utrecht
footballcsv/cache.footballdata,https://raw.githubusercontent.com/footballcsv/cache.footballdata/f43a2aa0c65fb061c87e9541e7a567dd58ff933a/2022-23/nl.1.csv,f43a2aa0c65fb061c87e9541e7a567dd58ff933a,126,2026-09-04T07:12:05.433Z,Eredivisie,2022-23,2022-11-13,Feyenoord,Excelsior,5,1,H,2,1,H,,source_reported_FT,Feyenoord,Excelsior
footballcsv/cache.footballdata,https://raw.githubusercontent.com/footballcsv/cache.footballdata/f43a2aa0c65fb061c87e9541e7a567dd58ff933a/2022-23/nl.1.csv,f43a2aa0c65fb061c87e9541e7a567dd58ff933a,127,2026-09-04T07:12:05.433Z,Eredivisie,2022-23,2022-11-13,Go Ahead Eagles,Vitesse,2,2,D,2,0,H,,source_reported_FT,Go Ahead Eagles,Vitesse
footballcsv/cache.footballdata,https://raw.githubusercontent.com/footballcsv/cache.footballdata/f43a2aa0c65fb061c87e9541e7a567dd58ff933a/2022-23/nl.1.csv,f43a2aa0c65fb061c87e9541e7a567dd58ff933a,124,2026-09-04T07:12:05.433Z,Eredivisie,2022-23,2022-11-13,Groningen,For Sittard,2,3,A,1,0,H,,source_reported_FT,Groningen,For Sittard
footballcsv/cache.footballdata,https://raw.githubusercontent.com/footballcsv/cache.footballdata/f43a2aa0c65fb061c87e9541e7a567dd58ff933a/2022-23/nl.1.csv,f43a2aa0c65fb061c87e9541e7a567dd58ff933a,125,2026-09-04T07:12:05.433Z,Eredivisie,2022-23,2022-11-13,Heerenveen,Cambuur,2,1,H,1,1,D,,source_reported_FT,Heerenveen,Cambuur
footballcsv/cache.footballdata,https://raw.githubusercontent.com/footballcsv/cache.footballdata/f43a2aa0c65fb061c87e9541e7a567dd58ff933a/2022-23/nl.1.csv,f43a2aa0c65fb061c87e9541e7a567dd58ff933a,123,2026-09-04T07:12:05.433Z,Eredivisie,2022-23,2022-11-13,Nijmegen,Waalwijk,6,1,H,1,1,D,,source_reported_FT,Nijmegen,Waalwijk
footballcsv/cache.footballdata,https://raw.githubusercontent.com/footballcsv/cache.footballdata/f43a2aa0c65fb061c87e9541e7a567dd58ff933a/2022-23/nl.1.csv,f43a2aa0c65fb061c87e9541e7a567dd58ff933a,128,2026-09-04T07:12:05.433Z,Eredivisie,2022-23,2023-01-06,Twente,FC Emmen,2,0,H,1,0,H,,source_reported_FT,Twente,FC Emmen
footballcsv/cache.footballdata,https://raw.githubusercontent.com/footballcsv/cache.footballdata/f43a2aa0c65fb061c87e9541e7a567dd58ff933a/2022-23/nl.1.csv,f43a2aa0c65fb061c87e9541e7a567dd58ff933a,130,2026-09-04T07:12:05.433Z,Eredivisie,2022-23,2023-01-07,AZ Alkmaar,Vitesse,1,1,D,0,0,D,,source_reported_FT,AZ Alkmaar,Vitesse
footballcsv/cache.footballdata,https://raw.githubusercontent.com/footballcsv/cache.footballdata/f43a2aa0c65fb061c87e9541e7a567dd58ff933a/2022-23/nl.1.csv,f43a2aa0c65fb061c87e9541e7a567dd58ff933a,131,2026-09-04T07:12:05.433Z,Eredivisie,2022-23,2023-01-07,For Sittard,Go Ahead Eagles,0,2,A,0,2,A,,source_reported_FT,For Sittard,Go Ahead Eagles
footballcsv/cache.footballdata,https://raw.githubusercontent.com/footballcsv/cache.footballdata/f43a2aa0c65fb061c87e9541e7a567dd58ff933a/2022-23/nl.1.csv,f43a2aa0c65fb061c87e9541e7a567dd58ff933a,132,2026-09-04T07:12:05.433Z,Eredivisie,2022-23,2023-01-07,PSV Eindhoven,Sparta Rotterdam,0,0,D,0,0,D,,source_reported_FT,PSV Eindhoven,Sparta Rotterdam
footballcsv/cache.footballdata,https://raw.githubusercontent.com/footballcsv/cache.footballdata/f43a2aa0c65fb061c87e9541e7a567dd58ff933a/2022-23/nl.1.csv,f43a2aa0c65fb061c87e9541e7a567dd58ff933a,129,2026-09-04T07:12:05.433Z,Eredivisie,2022-23,2023-01-07,Waalwijk,Heerenveen,0,0,D,0,0,D,,source_reported_FT,Waalwijk,Heerenveen
footballcsv/cache.footballdata,https://raw.githubusercontent.com/footballcsv/cache.footballdata/f43a2aa0c65fb061c87e9541e7a567dd58ff933a/2022-23/nl.1.csv,f43a2aa0c65fb061c87e9541e7a567dd58ff933a,134,2026-09-04T07:12:05.433Z,Eredivisie,2022-23,2023-01-08,Cambuur,Volendam,0,3,A,0,2,A,,source_reported_FT,Cambuur,Volendam
footballcsv/cache.footballdata,https://raw.githubusercontent.com/footballcsv/cache.footballdata/f43a2aa0c65fb061c87e9541e7a567dd58ff933a/2022-23/nl.1.csv,f43a2aa0c65fb061c87e9541e7a567dd58ff933a,136,2026-09-04T07:12:05.433Z,Eredivisie,2022-23,2023-01-08,Excelsior,Groningen,1,0,H,0,0,D,,source_reported_FT,Excelsior,Groningen
footballcsv/cache.footballdata,https://raw.githubusercontent.com/footballcsv/cache.footballdata/f43a2aa0c65fb061c87e9541e7a567dd58ff933a/2022-23/nl.1.csv,f43a2aa0c65fb061c87e9541e7a567dd58ff933a,135,2026-09-04T07:12:05.433Z,Eredivisie,2022-23,2023-01-08,Nijmegen,Ajax,1,1,D,0,1,A,,source_reported_FT,Nijmegen,Ajax
footballcsv/cache.footballdata,https://raw.githubusercontent.com/footballcsv/cache.footballdata/f43a2aa0c65fb061c87e9541e7a567dd58ff933a/2022-23/nl.1.csv,f43a2aa0c65fb061c87e9541e7a567dd58ff933a,133,2026-09-04T07:12:05.433Z,Eredivisie,2022-23,2023-01-08,Utrecht,Feyenoord,1,1,D,1,0,H,,source_reported_FT,Utrecht,Feyenoord
footballcsv/cache.footballdata,https://raw.githubusercontent.com/footballcsv/cache.footballdata/f43a2aa0c65fb061c87e9541e7a567dd58ff933a/2022-23/nl.1.csv,f43a2aa0c65fb061c87e9541e7a567dd58ff933a,139,2026-09-04T07:12:05.433Z,Eredivisie,2022-23,2023-01-14,Ajax,Twente,0,0,D,0,0,D,,source_reported_FT,Ajax,Twente
footballcsv/cache.footballdata,https://raw.githubusercontent.com/footballcsv/cache.footballdata/f43a2aa0c65fb061c87e9541e7a567dd58ff933a/2022-23/nl.1.csv,f43a2aa0c65fb061c87e9541e7a567dd58ff933a,137,2026-09-04T07:12:05.433Z,Eredivisie,2022-23,2023-01-14,Heerenveen,AZ Alkmaar,0,2,A,0,1,A,,source_reported_FT,Heerenveen,AZ Alkmaar
footballcsv/cache.footballdata,https://raw.githubusercontent.com/footballcsv/cache.footballdata/f43a2aa0c65fb061c87e9541e7a567dd58ff933a/2022-23/nl.1.csv,f43a2aa0c65fb061c87e9541e7a567dd58ff933a,140,2026-09-04T07:12:05.433Z,Eredivisie,2022-23,2023-01-14,Sparta Rotterdam,Excelsior,1,0,H,0,0,D,,source_reported_FT,Sparta Rotterdam,Excelsior
footballcsv/cache.footballdata,https://raw.githubusercontent.com/footballcsv/cache.footballdata/f43a2aa0c65fb061c87e9541e7a567dd58ff933a/2022-23/nl.1.csv,f43a2aa0c65fb061c87e9541e7a567dd58ff933a,138,2026-09-04T07:12:05.433Z,Eredivisie,2022-23,2023-01-14,Volendam,Waalwijk,2,1,H,0,0,D,,source_reported_FT,Volendam,Waalwijk
footballcsv/cache.footballdata,https://raw.githubusercontent.com/footballcsv/cache.footballdata/f43a2aa0c65fb061c87e9541e7a567dd58ff933a/2022-23/nl.1.csv,f43a2aa0c65fb061c87e9541e7a567dd58ff933a,144,2026-09-04T07:12:05.433Z,Eredivisie,2022-23,2023-01-15,FC Emmen,Cambuur,0,0,D,0,0,D,,source_reported_FT,FC Emmen,Cambuur
footballcsv/cache.footballdata,https://raw.githubusercontent.com/footballcsv/cache.footballdata/f43a2aa0c65fb061c87e9541e7a567dd58ff933a/2022-23/nl.1.csv,f43a2aa0c65fb061c87e9541e7a567dd58ff933a,142,2026-09-04T07:12:05.433Z,Eredivisie,2022-23,2023-01-15,For Sittard,PSV Eindhoven,2,2,D,1,0,H,,source_reported_FT,For Sittard,PSV Eindhoven
footballcsv/cache.footballdata,https://raw.githubusercontent.com/footballcsv/cache.footballdata/f43a2aa0c65fb061c87e9541e7a567dd58ff933a/2022-23/nl.1.csv,f43a2aa0c65fb061c87e9541e7a567dd58ff933a,143,2026-09-04T07:12:05.433Z,Eredivisie,2022-23,2023-01-15,Go Ahead Eagles,Utrecht,2,2,D,1,2,A,,source_reported_FT,Go Ahead Eagles,Utrecht
footballcsv/cache.footballdata,https://raw.githubusercontent.com/footballcsv/cache.footballdata/f43a2aa0c65fb061c87e9541e7a567dd58ff933a/2022-23/nl.1.csv,f43a2aa0c65fb061c87e9541e7a567dd58ff933a,145,2026-09-04T07:12:05.433Z,Eredivisie,2022-23,2023-01-15,Groningen,Feyenoord,0,3,A,0,2,A,,source_reported_FT,Groningen,Feyenoord
footballcsv/cache.footballdata,https://raw.githubusercontent.com/footballcsv/cache.footballdata/f43a2aa0c65fb061c87e9541e7a567dd58ff933a/2022-23/nl.1.csv,f43a2aa0c65fb061c87e9541e7a567dd58ff933a,141,2026-09-04T07:12:05.433Z,Eredivisie,2022-23,2023-01-15,Vitesse,Nijmegen,0,0,D,0,0,D,,source_reported_FT,Vitesse,Nijmegen
footballcsv/cache.footballdata,https://raw.githubusercontent.com/footballcsv/cache.footballdata/f43a2aa0c65fb061c87e9541e7a567dd58ff933a/2022-23/nl.1.csv,f43a2aa0c65fb061c87e9541e7a567dd58ff933a,146,2026-09-04T07:12:05.433Z,Eredivisie,2022-23,2023-01-20,Excelsior,Volendam,2,0,H,1,0,H,,source_reported_FT,Excelsior,Volendam
footballcsv/cache.footballdata,https://raw.githubusercontent.com/footballcsv/cache.footballdata/f43a2aa0c65fb061c87e9541e7a567dd58ff933a/2022-23/nl.1.csv,f43a2aa0c65fb061c87e9541e7a567dd58ff933a,148,2026-09-04T07:12:05.433Z,Eredivisie,2022-23,2023-01-21,Cambuur,Sparta Rotterdam,0,3,A,0,2,A,,source_reported_FT,Cambuur,Sparta Rotterdam
footballcsv/cache.footballdata,https://raw.githubusercontent.com/footballcsv/cache.footballdata/f43a2aa0c65fb061c87e9541e7a567dd58ff933a/2022-23/nl.1.csv,f43a2aa0c65fb061c87e9541e7a567dd58ff933a,147,2026-09-04T07:12:05.433Z,Eredivisie,2022-23,2023-01-21,Nijmegen,FC Emmen,3,1,H,2,1,H,,source_reported_FT,Nijmegen,FC Emmen
footballcsv/cache.footballdata,https://raw.githubusercontent.com/footballcsv/cache.footballdata/f43a2aa0c65fb061c87e9541e7a567dd58ff933a/2022-23/nl.1.csv,f43a2aa0c65fb061c87e9541e7a567dd58ff933a,149,2026-09-04T07:12:05.433Z,Eredivisie,2022-23,2023-01-21,PSV Eindhoven,Vitesse,1,0,H,0,0,D,,source_reported_FT,PSV Eindhoven,Vitesse
footballcsv/cache.footballdata,https://raw.githubusercontent.com/footballcsv/cache.footballdata/f43a2aa0c65fb061c87e9541e7a567dd58ff933a/2022-23/nl.1.csv,f43a2aa0c65fb061c87e9541e7a567dd58ff933a,153,2026-09-04T07:12:05.433Z,Eredivisie,2022-23,2023-01-22,AZ Alkmaar,For Sittard,3,1,H,2,1,H,,source_reported_FT,AZ Alkmaar,For Sittard
footballcsv/cache.footballdata,https://raw.githubusercontent.com/footballcsv/cache.footballdata/f43a2aa0c65fb061c87e9541e7a567dd58ff933a/2022-23/nl.1.csv,f43a2aa0c65fb061c87e9541e7a567dd58ff933a,151,2026-09-04T07:12:05.433Z,Eredivisie,2022-23,2023-01-22,Feyenoord,Ajax,1,1,D,1,0,H,,source_reported_FT,Feyenoord,Ajax
footballcsv/cache.footballdata,https://raw.githubusercontent.com/footballcsv/cache.footballdata/f43a2aa0c65fb061c87e9541e7a567dd58ff933a/2022-23/nl.1.csv,f43a2aa0c65fb061c87e9541e7a567dd58ff933a,150,2026-09-04T07:12:05.433Z,Eredivisie,2022-23,2023-01-22,Heerenveen,Groningen,3,1,H,1,1,D,,source_reported_FT,Heerenveen,Groningen
footballcsv/cache.footballdata,https://raw.githubusercontent.com/footballcsv/cache.footballdata/f43a2aa0c65fb061c87e9541e7a567dd58ff933a/2022-23/nl.1.csv,f43a2aa0c65fb061c87e9541e7a567dd58ff933a,152,2026-09-04T07:12:05.433Z,Eredivisie,2022-23,2023-01-22,Twente,Utrecht,2,0,H,1,0,H,,source_reported_FT,Twente,Utrecht
footballcsv/cache.footballdata,https://raw.githubusercontent.com/footballcsv/cache.footballdata/f43a2aa0c65fb061c87e9541e7a567dd58ff933a/2022-23/nl.1.csv,f43a2aa0c65fb061c87e9541e7a567dd58ff933a,154,2026-09-04T07:12:05.433Z,Eredivisie,2022-23,2023-01-24,FC Emmen,PSV Eindhoven,1,0,H,1,0,H,,source_reported_FT,FC Emmen,PSV Eindhoven
footballcsv/cache.footballdata,https://raw.githubusercontent.com/footballcsv/cache.footballdata/f43a2aa0c65fb061c87e9541e7a567dd58ff933a/2022-23/nl.1.csv,f43a2aa0c65fb061c87e9541e7a567dd58ff933a,155,2026-09-04T07:12:05.433Z,Eredivisie,2022-23,2023-01-24,Sparta Rotterdam,Waalwijk,0,0,D,0,0,D,,source_reported_FT,Sparta Rotterdam,Waalwijk
footballcsv/cache.footballdata,https://raw.githubusercontent.com/footballcsv/cache.footballdata/f43a2aa0c65fb061c87e9541e7a567dd58ff933a/2022-23/nl.1.csv,f43a2aa0c65fb061c87e9541e7a567dd58ff933a,159,2026-09-04T07:12:05.433Z,Eredivisie,2022-23,2023-01-25,Feyenoord,Nijmegen,2,0,H,2,0,H,,source_reported_FT,Feyenoord,Nijmegen
footballcsv/cache.footballdata,https://raw.githubusercontent.com/footballcsv/cache.footballdata/f43a2aa0c65fb061c87e9541e7a567dd58ff933a/2022-23/nl.1.csv,f43a2aa0c65fb061c87e9541e7a567dd58ff933a,158,2026-09-04T07:12:05.433Z,Eredivisie,2022-23,2023-01-25,For Sittard,Heerenveen,2,0,H,0,0,D,,source_reported_FT,For Sittard,Heerenveen
footballcsv/cache.footballdata,https://raw.githubusercontent.com/footballcsv/cache.footballdata/f43a2aa0c65fb061c87e9541e7a567dd58ff933a/2022-23/nl.1.csv,f43a2aa0c65fb061c87e9541e7a567dd58ff933a,156,2026-09-04T07:12:05.433Z,Eredivisie,2022-23,2023-01-25,Go Ahead Eagles,AZ Alkmaar,1,4,A,0,1,A,,source_reported_FT,Go Ahead Eagles,AZ Alkmaar
footballcsv/cache.footballdata,https://raw.githubusercontent.com/footballcsv/cache.footballdata/f43a2aa0c65fb061c87e9541e7a567dd58ff933a/2022-23/nl.1.csv,f43a2aa0c65fb061c87e9541e7a567dd58ff933a,160,2026-09-04T07:12:05.433Z,Eredivisie,2022-23,2023-01-25,Utrecht,Excelsior,1,0,H,1,0,H,,source_reported_FT,Utrecht,Excelsior
footballcsv/cache.footballdata,https://raw.githubusercontent.com/footballcsv/cache.footballdata/f43a2aa0c65fb061c87e9541e7a567dd58ff933a/2022-23/nl.1.csv,f43a2aa0c65fb061c87e9541e7a567dd58ff933a,157,2026-09-04T07:12:05.433Z,Eredivisie,2022-23,2023-01-25,Vitesse,Twente,2,2,D,1,1,D,,source_reported_FT,Vitesse,Twente
footballcsv/cache.footballdata,https://raw.githubusercontent.com/footballcsv/cache.footballdata/f43a2aa0c65fb061c87e9541e7a567dd58ff933a/2022-23/nl.1.csv,f43a2aa0c65fb061c87e9541e7a567dd58ff933a,162,2026-09-04T07:12:05.433Z,Eredivisie,2022-23,2023-01-26,Ajax,Volendam,1,1,D,0,0,D,,source_reported_FT,Ajax,Volendam
footballcsv/cache.footballdata,https://raw.githubusercontent.com/footballcsv/cache.footballdata/f43a2aa0c65fb061c87e9541e7a567dd58ff933a/2022-23/nl.1.csv,f43a2aa0c65fb061c87e9541e7a567dd58ff933a,161,2026-09-04T07:12:05.433Z,Eredivisie,2022-23,2023-01-26,Groningen,Cambuur,0,1,A,0,0,D,,source_reported_FT,Groningen,Cambuur
footballcsv/cache.footballdata,https://raw.githubusercontent.com/footballcsv/cache.footballdata/f43a2aa0c65fb061c87e9541e7a567dd58ff933a/2022-23/nl.1.csv,f43a2aa0c65fb061c87e9541e7a567dd58ff933a,167,2026-09-04T07:12:05.433Z,Eredivisie,2022-23,2023-01-28,AZ Alkmaar,Utrecht,5,5,D,3,3,D,,source_reported_FT,AZ Alkmaar,Utrecht
footballcsv/cache.footballdata,https://raw.githubusercontent.com/footballcsv/cache.footballdata/f43a2aa0c65fb061c87e9541e7a567dd58ff933a/2022-23/nl.1.csv,f43a2aa0c65fb061c87e9541e7a567dd58ff933a,165,2026-09-04T07:12:05.433Z,Eredivisie,2022-23,2023-01-28,Heerenveen,Vitesse,1,3,A,1,2,A,,source_reported_FT,Heerenveen,Vitesse
footballcsv/cache.footballdata,https://raw.githubusercontent.com/footballcsv/cache.footballdata/f43a2aa0c65fb061c87e9541e7a567dd58ff933a/2022-23/nl.1.csv,f43a2aa0c65fb061c87e9541e7a567dd58ff933a,166,2026-09-04T07:12:05.433Z,Eredivisie,2022-23,2023-01-28,Nijmegen,Sparta Rotterdam,1,1,D,0,0,D,,source_reported_FT,Nijmegen,Sparta Rotterdam
footballcsv/cache.footballdata,https://raw.githubusercontent.com/footballcsv/cache.footballdata/f43a2aa0c65fb061c87e9541e7a567dd58ff933a/2022-23/nl.1.csv,f43a2aa0c65fb061c87e9541e7a567dd58ff933a,163,2026-09-04T07:12:05.433Z,Eredivisie,2022-23,2023-01-28,PSV Eindhoven,Go Ahead Eagles,2,0,H,1,0,H,,source_reported_FT,PSV Eindhoven,Go Ahead Eagles
footballcsv/cache.footballdata,https://raw.githubusercontent.com/footballcsv/cache.footballdata/f43a2aa0c65fb061c87e9541e7a567dd58ff933a/2022-23/nl.1.csv,f43a2aa0c65fb061c87e9541e7a567dd58ff933a,164,2026-09-04T07:12:05.433Z,Eredivisie,2022-23,2023-01-28,Waalwijk,FC Emmen,2,0,H,2,0,H,,source_reported_FT,Waalwijk,FC Emmen
footballcsv/cache.footballdata,https://raw.githubusercontent.com/footballcsv/cache.footballdata/f43a2aa0c65fb061c87e9541e7a567dd58ff933a/2022-23/nl.1.csv,f43a2aa0c65fb061c87e9541e7a567dd58ff933a,171,2026-09-04T07:12:05.433Z,Eredivisie,2022-23,2023-01-29,Cambuur,For Sittard,1,2,A,1,0,H,,source_reported_FT,Cambuur,For Sittard
footballcsv/cache.footballdata,https://raw.githubusercontent.com/footballcsv/cache.footballdata/f43a2aa0c65fb061c87e9541e7a567dd58ff933a/2022-23/nl.1.csv,f43a2aa0c65fb061c87e9541e7a567dd58ff933a,169,2026-09-04T07:12:05.433Z,Eredivisie,2022-23,2023-01-29,Excelsior,Ajax,1,4,A,1,2,A,,source_reported_FT,Excelsior,Ajax
footballcsv/cache.footballdata,https://raw.githubusercontent.com/footballcsv/cache.footballdata/f43a2aa0c65fb061c87e9541e7a567dd58ff933a/2022-23/nl.1.csv,f43a2aa0c65fb061c87e9541e7a567dd58ff933a,168,2026-09-04T07:12:05.433Z,Eredivisie,2022-23,2023-01-29,Twente,Feyenoord,1,1,D,0,1,A,,source_reported_FT,Twente,Feyenoord
footballcsv/cache.footballdata,https://raw.githubusercontent.com/footballcsv/cache.footballdata/f43a2aa0c65fb061c87e9541e7a567dd58ff933a/2022-23/nl.1.csv,f43a2aa0c65fb061c87e9541e7a567dd58ff933a,170,2026-09-04T07:12:05.433Z,Eredivisie,2022-23,2023-01-29,Volendam,Groningen,3,2,H,1,0,H,,source_reported_FT,Volendam,Groningen
footballcsv/cache.footballdata,https://raw.githubusercontent.com/footballcsv/cache.footballdata/f43a2aa0c65fb061c87e9541e7a567dd58ff933a/2022-23/nl.1.csv,f43a2aa0c65fb061c87e9541e7a567dd58ff933a,172,2026-09-04T07:12:05.433Z,Eredivisie,2022-23,2023-02-01,Waalwijk,Go Ahead Eagles,3,1,H,1,1,D,,source_reported_FT,Waalwijk,Go Ahead Eagles
footballcsv/cache.footballdata,https://raw.githubusercontent.com/footballcsv/cache.footballdata/f43a2aa0c65fb061c87e9541e7a567dd58ff933a/2022-23/nl.1.csv,f43a2aa0c65fb061c87e9541e7a567dd58ff933a,173,2026-09-04T07:12:05.433Z,Eredivisie,2022-23,2023-02-03,For Sittard,Sparta Rotterdam,0,0,D,0,0,D,,source_reported_FT,For Sittard,Sparta Rotterdam
footballcsv/cache.footballdata,https://raw.githubusercontent.com/footballcsv/cache.footballdata/f43a2aa0c65fb061c87e9541e7a567dd58ff933a/2022-23/nl.1.csv,f43a2aa0c65fb061c87e9541e7a567dd58ff933a,177,2026-09-04T07:12:05.433Z,Eredivisie,2022-23,2023-02-04,Excelsior,Waalwijk,0,0,D,0,0,D,,source_reported_FT,Excelsior,Waalwijk
footballcsv/cache.footballdata,https://raw.githubusercontent.com/footballcsv/cache.footballdata/f43a2aa0c65fb061c87e9541e7a567dd58ff933a/2022-23/nl.1.csv,f43a2aa0c65fb061c87e9541e7a567dd58ff933a,175,2026-09-04T07:12:05.433Z,Eredivisie,2022-23,2023-02-04,FC Emmen,Vitesse,2,2,D,1,2,A,,source_reported_FT,FC Emmen,Vitesse
footballcsv/cache.footballdata,https://raw.githubusercontent.com/footballcsv/cache.footballdata/f43a2aa0c65fb061c87e9541e7a567dd58ff933a/2022-23/nl.1.csv,f43a2aa0c65fb061c87e9541e7a567dd58ff933a,176,2026-09-04T07:12:05.433Z,Eredivisie,2022-23,2023-02-04,Utrecht,Heerenveen,1,0,H,0,0,D,,source_reported_FT,Utrecht,Heerenveen
footballcsv/cache.footballdata,https://raw.githubusercontent.com/footballcsv/cache.footballdata/f43a2aa0c65fb061c87e9541e7a567dd58ff933a/2022-23/nl.1.csv,f43a2aa0c65fb061c87e9541e7a567dd58ff933a,174,2026-09-04T07:12:05.433Z,Eredivisie,2022-23,2023-02-04,Volendam,AZ Alkmaar,1,1,D,0,0,D,,source_reported_FT,Volendam,AZ Alkmaar
footballcsv/cache.footballdata,https://raw.githubusercontent.com/footballcsv/cache.footballdata/f43a2aa0c65fb061c87e9541e7a567dd58ff933a/2022-23/nl.1.csv,f43a2aa0c65fb061c87e9541e7a567dd58ff933a,178,2026-09-04T07:12:05.433Z,Eredivisie,2022-23,2023-02-05,Cambuur,Ajax,0,5,A,0,2,A,,source_reported_FT,Cambuur,Ajax
footballcsv/cache.footballdata,https://raw.githubusercontent.com/footballcsv/cache.footballdata/f43a2aa0c65fb061c87e9541e7a567dd58ff933a/2022-23/nl.1.csv,f43a2aa0c65fb061c87e9541e7a567dd58ff933a,179,2026-09-04T07:12:05.433Z,Eredivisie,2022-23,2023-02-05,Feyenoord,PSV Eindhoven,2,2,D,0,1,A,,source_reported_FT,Feyenoord,PSV Eindhoven
footballcsv/cache.footballdata,https://raw.githubusercontent.com/footballcsv/cache.footballdata/f43a2aa0c65fb061c87e9541e7a567dd58ff933a/2022-23/nl.1.csv,f43a2aa0c65fb061c87e9541e7a567dd58ff933a,180,2026-09-04T07:12:05.433Z,Eredivisie,2022-23,2023-02-05,Go Ahead Eagles,Nijmegen,1,0,H,1,0,H,,source_reported_FT,Go Ahead Eagles,Nijmegen
footballcsv/cache.footballdata,https://raw.githubusercontent.com/footballcsv/cache.footballdata/f43a2aa0c65fb061c87e9541e7a567dd58ff933a/2022-23/nl.1.csv,f43a2aa0c65fb061c87e9541e7a567dd58ff933a,181,2026-09-04T07:12:05.433Z,Eredivisie,2022-23,2023-02-05,Groningen,Twente,1,1,D,0,1,A,,source_reported_FT,Groningen,Twente
footballcsv/cache.footballdata,https://raw.githubusercontent.com/footballcsv/cache.footballdata/f43a2aa0c65fb061c87e9541e7a567dd58ff933a/2022-23/nl.1.csv,f43a2aa0c65fb061c87e9541e7a567dd58ff933a,182,2026-09-04T07:12:05.433Z,Eredivisie,2022-23,2023-02-10,AZ Alkmaar,Excelsior,5,0,H,5,0,H,,source_reported_FT,AZ Alkmaar,Excelsior
footballcsv/cache.footballdata,https://raw.githubusercontent.com/footballcsv/cache.footballdata/f43a2aa0c65fb061c87e9541e7a567dd58ff933a/2022-23/nl.1.csv,f43a2aa0c65fb061c87e9541e7a567dd58ff933a,185,2026-09-04T07:12:05.433Z,Eredivisie,2022-23,2023-02-11,FC Emmen,For Sittard,0,1,A,0,0,D,,source_reported_FT,FC Emmen,For Sittard
footballcsv/cache.footballdata,https://raw.githubusercontent.com/footballcsv/cache.footballdata/f43a2aa0c65fb061c87e9541e7a567dd58ff933a/2022-23/nl.1.csv,f43a2aa0c65fb061c87e9541e7a567dd58ff933a,183,2026-09-04T07:12:05.433Z,Eredivisie,2022-23,2023-02-11,Nijmegen,Cambuur,0,0,D,0,0,D,,source_reported_FT,Nijmegen,Cambuur
footballcsv/cache.footballdata,https://raw.githubusercontent.com/footballcsv/cache.footballdata/f43a2aa0c65fb061c87e9541e7a567dd58ff933a/2022-23/nl.1.csv,f43a2aa0c65fb061c87e9541e7a567dd58ff933a,184,2026-09-04T07:12:05.433Z,Eredivisie,2022-23,2023-02-11,PSV Eindhoven,Groningen,6,0,H,1,0,H,,source_reported_FT,PSV Eindhoven,Groningen
footballcsv/cache.footballdata,https://raw.githubusercontent.com/footballcsv/cache.footballdata/f43a2aa0c65fb061c87e9541e7a567dd58ff933a/2022-23/nl.1.csv,f43a2aa0c65fb061c87e9541e7a567dd58ff933a,189,2026-09-04T07:12:05.433Z,Eredivisie,2022-23,2023-02-12,Ajax,Waalwijk,3,1,H,0,1,A,,source_reported_FT,Ajax,Waalwijk
footballcsv/cache.footballdata,https://raw.githubusercontent.com/footballcsv/cache.footballdata/f43a2aa0c65fb061c87e9541e7a567dd58ff933a/2022-23/nl.1.csv,f43a2aa0c65fb061c87e9541e7a567dd58ff933a,187,2026-09-04T07:12:05.433Z,Eredivisie,2022-23,2023-02-12,Heerenveen,Feyenoord,1,2,A,0,2,A,,source_reported_FT,Heerenveen,Feyenoord
footballcsv/cache.footballdata,https://raw.githubusercontent.com/footballcsv/cache.footballdata/f43a2aa0c65fb061c87e9541e7a567dd58ff933a/2022-23/nl.1.csv,f43a2aa0c65fb061c87e9541e7a567dd58ff933a,186,2026-09-04T07:12:05.433Z,Eredivisie,2022-23,2023-02-12,Sparta Rotterdam,Go Ahead Eagles,2,1,H,1,0,H,,source_reported_FT,Sparta Rotterdam,Go Ahead Eagles
footballcsv/cache.footballdata,https://raw.githubusercontent.com/footballcsv/cache.footballdata/f43a2aa0c65fb061c87e9541e7a567dd58ff933a/2022-23/nl.1.csv,f43a2aa0c65fb061c87e9541e7a567dd58ff933a,190,2026-09-04T07:12:05.433Z,Eredivisie,2022-23,2023-02-12,Twente,Volendam,3,0,H,3,0,H,,source_reported_FT,Twente,Volendam
footballcsv/cache.footballdata,https://raw.githubusercontent.com/footballcsv/cache.footballdata/f43a2aa0c65fb061c87e9541e7a567dd58ff933a/2022-23/nl.1.csv,f43a2aa0c65fb061c87e9541e7a567dd58ff933a,188,2026-09-04T07:12:05.433Z,Eredivisie,2022-23,2023-02-12,Vitesse,Utrecht,2,0,H,0,0,D,,source_reported_FT,Vitesse,Utrecht
footballcsv/cache.footballdata,https://raw.githubusercontent.com/footballcsv/cache.footballdata/f43a2aa0c65fb061c87e9541e7a567dd58ff933a/2022-23/nl.1.csv,f43a2aa0c65fb061c87e9541e7a567dd58ff933a,191,2026-09-04T07:12:05.433Z,Eredivisie,2022-23,2023-02-17,Waalwijk,For Sittard,3,1,H,0,0,D,,source_reported_FT,Waalwijk,For Sittard
footballcsv/cache.footballdata,https://raw.githubusercontent.com/footballcsv/cache.footballdata/f43a2aa0c65fb061c87e9541e7a567dd58ff933a/2022-23/nl.1.csv,f43a2aa0c65fb061c87e9541e7a567dd58ff933a,194,2026-09-04T07:12:05.433Z,Eredivisie,2022-23,2023-02-18,Feyenoord,AZ Alkmaar,2,1,H,1,1,D,,source_reported_FT,Feyenoord,AZ Alkmaar
footballcsv/cache.footballdata,https://raw.githubusercontent.com/footballcsv/cache.footballdata/f43a2aa0c65fb061c87e9541e7a567dd58ff933a/2022-23/nl.1.csv,f43a2aa0c65fb061c87e9541e7a567dd58ff933a,193,2026-09-04T07:12:05.433Z,Eredivisie,2022-23,2023-02-18,Groningen,FC Emmen,1,1,D,1,1,D,,source_reported_FT,Groningen,FC Emmen
footballcsv/cache.footballdata,https://raw.githubusercontent.com/footballcsv/cache.footballdata/f43a2aa0c65fb061c87e9541e7a567dd58ff933a/2022-23/nl.1.csv,f43a2aa0c65fb061c87e9541e7a567dd58ff933a,192,2026-09-04T07:12:05.433Z,Eredivisie,2022-23,2023-02-18,Volendam,Vitesse,2,0,H,1,0,H,,source_reported_FT,Volendam,Vitesse
footballcsv/cache.footballdata,https://raw.githubusercontent.com/footballcsv/cache.footballdata/f43a2aa0c65fb061c87e9541e7a567dd58ff933a/2022-23/nl.1.csv,f43a2aa0c65fb061c87e9541e7a567dd58ff933a,198,2026-09-04T07:12:05.433Z,Eredivisie,2022-23,2023-02-19,Ajax,Sparta Rotterdam,4,0,H,2,0,H,,source_reported_FT,Ajax,Sparta Rotterdam
footballcsv/cache.footballdata,https://raw.githubusercontent.com/footballcsv/cache.footballdata/f43a2aa0c65fb061c87e9541e7a567dd58ff933a/2022-23/nl.1.csv,f43a2aa0c65fb061c87e9541e7a567dd58ff933a,195,2026-09-04T07:12:05.433Z,Eredivisie,2022-23,2023-02-19,Cambuur,Heerenveen,1,2,A,1,1,D,,source_reported_FT,Cambuur,Heerenveen
footballcsv/cache.footballdata,https://raw.githubusercontent.com/footballcsv/cache.footballdata/f43a2aa0c65fb061c87e9541e7a567dd58ff933a/2022-23/nl.1.csv,f43a2aa0c65fb061c87e9541e7a567dd58ff933a,199,2026-09-04T07:12:05.433Z,Eredivisie,2022-23,2023-02-19,Excelsior,Nijmegen,0,3,A,0,1,A,,source_reported_FT,Excelsior,Nijmegen
footballcsv/cache.footballdata,https://raw.githubusercontent.com/footballcsv/cache.footballdata/f43a2aa0c65fb061c87e9541e7a567dd58ff933a/2022-23/nl.1.csv,f43a2aa0c65fb061c87e9541e7a567dd58ff933a,196,2026-09-04T07:12:05.433Z,Eredivisie,2022-23,2023-02-19,Go Ahead Eagles,Twente,2,0,H,2,0,H,,source_reported_FT,Go Ahead Eagles,Twente
footballcsv/cache.footballdata,https://raw.githubusercontent.com/footballcsv/cache.footballdata/f43a2aa0c65fb061c87e9541e7a567dd58ff933a/2022-23/nl.1.csv,f43a2aa0c65fb061c87e9541e7a567dd58ff933a,197,2026-09-04T07:12:05.433Z,Eredivisie,2022-23,2023-02-19,Utrecht,PSV Eindhoven,2,2,D,1,1,D,,source_reported_FT,Utrecht,PSV Eindhoven
footballcsv/cache.footballdata,https://raw.githubusercontent.com/footballcsv/cache.footballdata/f43a2aa0c65fb061c87e9541e7a567dd58ff933a/2022-23/nl.1.csv,f43a2aa0c65fb061c87e9541e7a567dd58ff933a,200,2026-09-04T07:12:05.433Z,Eredivisie,2022-23,2023-02-24,Sparta Rotterdam,Utrecht,0,3,A,0,0,D,,source_reported_FT,Sparta Rotterdam,Utrecht
footballcsv/cache.footballdata,https://raw.githubusercontent.com/footballcsv/cache.footballdata/f43a2aa0c65fb061c87e9541e7a567dd58ff933a/2022-23/nl.1.csv,f43a2aa0c65fb061c87e9541e7a567dd58ff933a,203,2026-09-04T07:12:05.433Z,Eredivisie,2022-23,2023-02-25,AZ Alkmaar,Cambuur,2,1,H,1,0,H,,source_reported_FT,AZ Alkmaar,Cambuur
footballcsv/cache.footballdata,https://raw.githubusercontent.com/footballcsv/cache.footballdata/f43a2aa0c65fb061c87e9541e7a567dd58ff933a/2022-23/nl.1.csv,f43a2aa0c65fb061c87e9541e7a567dd58ff933a,201,2026-09-04T07:12:05.433Z,Eredivisie,2022-23,2023-02-25,Groningen,Excelsior,3,0,H,1,0,H,,source_reported_FT,Groningen,Excelsior
footballcsv/cache.footballdata,https://raw.githubusercontent.com/footballcsv/cache.footballdata/f43a2aa0c65fb061c87e9541e7a567dd58ff933a/2022-23/nl.1.csv,f43a2aa0c65fb061c87e9541e7a567dd58ff933a,202,2026-09-04T07:12:05.433Z,Eredivisie,2022-23,2023-02-25,Heerenveen,Waalwijk,1,4,A,1,0,H,,source_reported_FT,Heerenveen,Waalwijk
footballcsv/cache.footballdata,https://raw.githubusercontent.com/footballcsv/cache.footballdata/f43a2aa0c65fb061c87e9541e7a567dd58ff933a/2022-23/nl.1.csv,f43a2aa0c65fb061c87e9541e7a567dd58ff933a,204,2026-09-04T07:12:05.433Z,Eredivisie,2022-23,2023-02-25,Nijmegen,Volendam,3,0,H,0,0,D,,source_reported_FT,Nijmegen,Volendam
footballcsv/cache.footballdata,https://raw.githubusercontent.com/footballcsv/cache.footballdata/f43a2aa0c65fb061c87e9541e7a567dd58ff933a/2022-23/nl.1.csv,f43a2aa0c65fb061c87e9541e7a567dd58ff933a,206,2026-09-04T07:12:05.433Z,Eredivisie,2022-23,2023-02-26,FC Emmen,Go Ahead Eagles,2,2,D,1,1,D,,source_reported_FT,FC Emmen,Go Ahead Eagles
footballcsv/cache.footballdata,https://raw.githubusercontent.com/footballcsv/cache.footballdata/f43a2aa0c65fb061c87e9541e7a567dd58ff933a/2022-23/nl.1.csv,f43a2aa0c65fb061c87e9541e7a567dd58ff933a,205,2026-09-04T07:12:05.433Z,Eredivisie,2022-23,2023-02-26,For Sittard,Feyenoord,2,4,A,0,3,A,,source_reported_FT,For Sittard,Feyenoord
footballcsv/cache.footballdata,https://raw.githubusercontent.com/footballcsv/cache.footballdata/f43a2aa0c65fb061c87e9541e7a567dd58ff933a/2022-23/nl.1.csv,f43a2aa0c65fb061c87e9541e7a567dd58ff933a,208,2026-09-04T07:12:05.433Z,Eredivisie,2022-23,2023-02-26,PSV Eindhoven,Twente,3,1,H,1,0,H,,source_reported_FT,PSV Eindhoven,Twente
footballcsv/cache.footballdata,https://raw.githubusercontent.com/footballcsv/cache.footballdata/f43a2aa0c65fb061c87e9541e7a567dd58ff933a/2022-23/nl.1.csv,f43a2aa0c65fb061c87e9541e7a567dd58ff933a,207,2026-09-04T07:12:05.433Z,Eredivisie,2022-23,2023-02-26,Vitesse,Ajax,1,2,A,1,1,D,,source_reported_FT,Vitesse,Ajax
footballcsv/cache.footballdata,https://raw.githubusercontent.com/footballcsv/cache.footballdata/f43a2aa0c65fb061c87e9541e7a567dd58ff933a/2022-23/nl.1.csv,f43a2aa0c65fb061c87e9541e7a567dd58ff933a,209,2026-09-04T07:12:05.433Z,Eredivisie,2022-23,2023-03-03,Utrecht,For Sittard,1,2,A,0,0,D,,source_reported_FT,Utrecht,For Sittard
footballcsv/cache.footballdata,https://raw.githubusercontent.com/footballcsv/cache.footballdata/f43a2aa0c65fb061c87e9541e7a567dd58ff933a/2022-23/nl.1.csv,f43a2aa0c65fb061c87e9541e7a567dd58ff933a,210,2026-09-04T07:12:05.433Z,Eredivisie,2022-23,2023-03-03,Vitesse,AZ Alkmaar,0,1,A,0,1,A,,source_reported_FT,Vitesse,AZ Alkmaar
footballcsv/cache.footballdata,https://raw.githubusercontent.com/footballcsv/cache.footballdata/f43a2aa0c65fb061c87e9541e7a567dd58ff933a/2022-23/nl.1.csv,f43a2aa0c65fb061c87e9541e7a567dd58ff933a,212,2026-09-04T07:12:05.433Z,Eredivisie,2022-23,2023-03-04,Feyenoord,Groningen,1,0,H,0,0,D,,source_reported_FT,Feyenoord,Groningen
footballcsv/cache.footballdata,https://raw.githubusercontent.com/footballcsv/cache.footballdata/f43a2aa0c65fb061c87e9541e7a567dd58ff933a/2022-23/nl.1.csv,f43a2aa0c65fb061c87e9541e7a567dd58ff933a,213,2026-09-04T07:12:05.433Z,Eredivisie,2022-23,2023-03-04,Twente,Heerenveen,3,3,D,1,1,D,,source_reported_FT,Twente,Heerenveen
footballcsv/cache.footballdata,https://raw.githubusercontent.com/footballcsv/cache.footballdata/f43a2aa0c65fb061c87e9541e7a567dd58ff933a/2022-23/nl.1.csv,f43a2aa0c65fb061c87e9541e7a567dd58ff933a,211,2026-09-04T07:12:05.433Z,Eredivisie,2022-23,2023-03-04,Volendam,FC Emmen,3,1,H,0,0,D,,source_reported_FT,Volendam,FC Emmen
footballcsv/cache.footballdata,https://raw.githubusercontent.com/footballcsv/cache.footballdata/f43a2aa0c65fb061c87e9541e7a567dd58ff933a/2022-23/nl.1.csv,f43a2aa0c65fb061c87e9541e7a567dd58ff933a,216,2026-09-04T07:12:05.433Z,Eredivisie,2022-23,2023-03-05,Ajax,Nijmegen,1,0,H,0,0,D,,source_reported_FT,Ajax,Nijmegen
footballcsv/cache.footballdata,https://raw.githubusercontent.com/footballcsv/cache.footballdata/f43a2aa0c65fb061c87e9541e7a567dd58ff933a/2022-23/nl.1.csv,f43a2aa0c65fb061c87e9541e7a567dd58ff933a,217,2026-09-04T07:12:05.433Z,Eredivisie,2022-23,2023-03-05,Cambuur,Go Ahead Eagles,4,1,H,2,1,H,,source_reported_FT,Cambuur,Go Ahead Eagles
footballcsv/cache.footballdata,https://raw.githubusercontent.com/footballcsv/cache.footballdata/f43a2aa0c65fb061c87e9541e7a567dd58ff933a/2022-23/nl.1.csv,f43a2aa0c65fb061c87e9541e7a567dd58ff933a,214,2026-09-04T07:12:05.433Z,Eredivisie,2022-23,2023-03-05,Excelsior,Sparta Rotterdam,1,4,A,1,1,D,,source_reported_FT,Excelsior,Sparta Rotterdam
footballcsv/cache.footballdata,https://raw.githubusercontent.com/footballcsv/cache.footballdata/f43a2aa0c65fb061c87e9541e7a567dd58ff933a/2022-23/nl.1.csv,f43a2aa0c65fb061c87e9541e7a567dd58ff933a,215,2026-09-04T07:12:05.433Z,Eredivisie,2022-23,2023-03-05,Waalwijk,PSV Eindhoven,0,1,A,0,1,A,,source_reported_FT,Waalwijk,PSV Eindhoven
footballcsv/cache.footballdata,https://raw.githubusercontent.com/footballcsv/cache.footballdata/f43a2aa0c65fb061c87e9541e7a567dd58ff933a/2022-23/nl.1.csv,f43a2aa0c65fb061c87e9541e7a567dd58ff933a,220,2026-09-04T07:12:05.433Z,Eredivisie,2022-23,2023-03-11,AZ Alkmaar,Groningen,1,0,H,1,0,H,,source_reported_FT,AZ Alkmaar,Groningen
footballcsv/cache.footballdata,https://raw.githubusercontent.com/footballcsv/cache.footballdata/f43a2aa0c65fb061c87e9541e7a567dd58ff933a/2022-23/nl.1.csv,f43a2aa0c65fb061c87e9541e7a567dd58ff933a,218,2026-09-04T07:12:05.433Z,Eredivisie,2022-23,2023-03-11,FC Emmen,Excelsior,2,0,H,0,0,D,,source_reported_FT,FC Emmen,Excelsior
footballcsv/cache.footballdata,https://raw.githubusercontent.com/footballcsv/cache.footballdata/f43a2aa0c65fb061c87e9541e7a567dd58ff933a/2022-23/nl.1.csv,f43a2aa0c65fb061c87e9541e7a567dd58ff933a,219,2026-09-04T07:12:05.433Z,Eredivisie,2022-23,2023-03-11,For Sittard,Twente,0,3,A,0,0,D,,source_reported_FT,For Sittard,Twente
footballcsv/cache.footballdata,https://raw.githubusercontent.com/footballcsv/cache.footballdata/f43a2aa0c65fb061c87e9541e7a567dd58ff933a/2022-23/nl.1.csv,f43a2aa0c65fb061c87e9541e7a567dd58ff933a,221,2026-09-04T07:12:05.433Z,Eredivisie,2022-23,2023-03-11,Sparta Rotterdam,Vitesse,3,1,H,2,1,H,,source_reported_FT,Sparta Rotterdam,Vitesse
footballcsv/cache.footballdata,https://raw.githubusercontent.com/footballcsv/cache.footballdata/f43a2aa0c65fb061c87e9541e7a567dd58ff933a/2022-23/nl.1.csv,f43a2aa0c65fb061c87e9541e7a567dd58ff933a,225,2026-09-04T07:12:05.433Z,Eredivisie,2022-23,2023-03-12,Feyenoord,Volendam,2,1,H,0,1,A,,source_reported_FT,Feyenoord,Volendam
footballcsv/cache.footballdata,https://raw.githubusercontent.com/footballcsv/cache.footballdata/f43a2aa0c65fb061c87e9541e7a567dd58ff933a/2022-23/nl.1.csv,f43a2aa0c65fb061c87e9541e7a567dd58ff933a,223,2026-09-04T07:12:05.433Z,Eredivisie,2022-23,2023-03-12,Heerenveen,Ajax,2,4,A,1,3,A,,source_reported_FT,Heerenveen,Ajax
footballcsv/cache.footballdata,https://raw.githubusercontent.com/footballcsv/cache.footballdata/f43a2aa0c65fb061c87e9541e7a567dd58ff933a/2022-23/nl.1.csv,f43a2aa0c65fb061c87e9541e7a567dd58ff933a,222,2026-09-04T07:12:05.433Z,Eredivisie,2022-23,2023-03-12,Nijmegen,Utrecht,2,2,D,1,0,H,,source_reported_FT,Nijmegen,Utrecht
footballcsv/cache.footballdata,https://raw.githubusercontent.com/footballcsv/cache.footballdata/f43a2aa0c65fb061c87e9541e7a567dd58ff933a/2022-23/nl.1.csv,f43a2aa0c65fb061c87e9541e7a567dd58ff933a,224,2026-09-04T07:12:05.433Z,Eredivisie,2022-23,2023-03-12,PSV Eindhoven,Cambuur,5,2,H,1,1,D,,source_reported_FT,PSV Eindhoven,Cambuur
footballcsv/cache.footballdata,https://raw.githubusercontent.com/footballcsv/cache.footballdata/f43a2aa0c65fb061c87e9541e7a567dd58ff933a/2022-23/nl.1.csv,f43a2aa0c65fb061c87e9541e7a567dd58ff933a,226,2026-09-04T07:12:05.433Z,Eredivisie,2022-23,2023-03-17,Volendam,For Sittard,2,1,H,1,0,H,,source_reported_FT,Volendam,For Sittard
footballcsv/cache.footballdata,https://raw.githubusercontent.com/footballcsv/cache.footballdata/f43a2aa0c65fb061c87e9541e7a567dd58ff933a/2022-23/nl.1.csv,f43a2aa0c65fb061c87e9541e7a567dd58ff933a,228,2026-09-04T07:12:05.433Z,Eredivisie,2022-23,2023-03-18,FC Emmen,Sparta Rotterdam,0,2,A,0,1,A,,source_reported_FT,FC Emmen,Sparta Rotterdam
footballcsv/cache.footballdata,https://raw.githubusercontent.com/footballcsv/cache.footballdata/f43a2aa0c65fb061c87e9541e7a567dd58ff933a/2022-23/nl.1.csv,f43a2aa0c65fb061c87e9541e7a567dd58ff933a,227,2026-09-04T07:12:05.433Z,Eredivisie,2022-23,2023-03-18,Utrecht,Go Ahead Eagles,1,2,A,1,1,D,,source_reported_FT,Utrecht,Go Ahead Eagles
footballcsv/cache.footballdata,https://raw.githubusercontent.com/footballcsv/cache.footballdata/f43a2aa0c65fb061c87e9541e7a567dd58ff933a/2022-23/nl.1.csv,f43a2aa0c65fb061c87e9541e7a567dd58ff933a,229,2026-09-04T07:12:05.433Z,Eredivisie,2022-23,2023-03-18,Waalwijk,Nijmegen,1,3,A,0,3,A,,source_reported_FT,Waalwijk,Nijmegen
footballcsv/cache.footballdata,https://raw.githubusercontent.com/footballcsv/cache.footballdata/f43a2aa0c65fb061c87e9541e7a567dd58ff933a/2022-23/nl.1.csv,f43a2aa0c65fb061c87e9541e7a567dd58ff933a,231,2026-09-04T07:12:05.433Z,Eredivisie,2022-23,2023-03-19,Ajax,Feyenoord,2,3,A,2,1,H,,source_reported_FT,Ajax,Feyenoord
footballcsv/cache.footballdata,https://raw.githubusercontent.com/footballcsv/cache.footballdata/f43a2aa0c65fb061c87e9541e7a567dd58ff933a/2022-23/nl.1.csv,f43a2aa0c65fb061c87e9541e7a567dd58ff933a,232,2026-09-04T07:12:05.433Z,Eredivisie,2022-23,2023-03-19,Excelsior,Cambuur,4,1,H,4,0,H,,source_reported_FT,Excelsior,Cambuur
footballcsv/cache.footballdata,https://raw.githubusercontent.com/footballcsv/cache.footballdata/f43a2aa0c65fb061c87e9541e7a567dd58ff933a/2022-23/nl.1.csv,f43a2aa0c65fb061c87e9541e7a567dd58ff933a,230,2026-09-04T07:12:05.433Z,Eredivisie,2022-23,2023-03-19,Groningen,Heerenveen,0,2,A,0,2,A,,source_reported_FT,Groningen,Heerenveen
footballcsv/cache.footballdata,https://raw.githubusercontent.com/footballcsv/cache.footballdata/f43a2aa0c65fb061c87e9541e7a567dd58ff933a/2022-23/nl.1.csv,f43a2aa0c65fb061c87e9541e7a567dd58ff933a,234,2026-09-04T07:12:05.433Z,Eredivisie,2022-23,2023-03-19,Twente,AZ Alkmaar,2,1,H,2,0,H,,source_reported_FT,Twente,AZ Alkmaar
footballcsv/cache.footballdata,https://raw.githubusercontent.com/footballcsv/cache.footballdata/f43a2aa0c65fb061c87e9541e7a567dd58ff933a/2022-23/nl.1.csv,f43a2aa0c65fb061c87e9541e7a567dd58ff933a,233,2026-09-04T07:12:05.433Z,Eredivisie,2022-23,2023-03-19,Vitesse,PSV Eindhoven,1,1,D,0,1,A,,source_reported_FT,Vitesse,PSV Eindhoven
footballcsv/cache.footballdata,https://raw.githubusercontent.com/footballcsv/cache.footballdata/f43a2aa0c65fb061c87e9541e7a567dd58ff933a/2022-23/nl.1.csv,f43a2aa0c65fb061c87e9541e7a567dd58ff933a,235,2026-09-04T07:12:05.433Z,Eredivisie,2022-23,2023-04-01,AZ Alkmaar,Heerenveen,1,1,D,0,1,A,,source_reported_FT,AZ Alkmaar,Heerenveen
footballcsv/cache.footballdata,https://raw.githubusercontent.com/footballcsv/cache.footballdata/f43a2aa0c65fb061c87e9541e7a567dd58ff933a/2022-23/nl.1.csv,f43a2aa0c65fb061c87e9541e7a567dd58ff933a,237,2026-09-04T07:12:05.433Z,Eredivisie,2022-23,2023-04-01,Cambuur,FC Emmen,1,2,A,0,0,D,,source_reported_FT,Cambuur,FC Emmen
footballcsv/cache.footballdata,https://raw.githubusercontent.com/footballcsv/cache.footballdata/f43a2aa0c65fb061c87e9541e7a567dd58ff933a/2022-23/nl.1.csv,f43a2aa0c65fb061c87e9541e7a567dd58ff933a,236,2026-09-04T07:12:05.433Z,Eredivisie,2022-23,2023-04-01,Excelsior,Twente,0,0,D,0,0,D,,source_reported_FT,Excelsior,Twente
footballcsv/cache.footballdata,https://raw.githubusercontent.com/footballcsv/cache.footballdata/f43a2aa0c65fb061c87e9541e7a567dd58ff933a/2022-23/nl.1.csv,f43a2aa0c65fb061c87e9541e7a567dd58ff933a,238,2026-09-04T07:12:05.433Z,Eredivisie,2022-23,2023-04-01,Nijmegen,PSV Eindhoven,2,4,A,0,3,A,,source_reported_FT,Nijmegen,PSV Eindhoven
footballcsv/cache.footballdata,https://raw.githubusercontent.com/footballcsv/cache.footballdata/f43a2aa0c65fb061c87e9541e7a567dd58ff933a/2022-23/nl.1.csv,f43a2aa0c65fb061c87e9541e7a567dd58ff933a,239,2026-09-04T07:12:05.433Z,Eredivisie,2022-23,2023-04-01,Waalwijk,Vitesse,1,0,H,1,0,H,,source_reported_FT,Waalwijk,Vitesse
footballcsv/cache.footballdata,https://raw.githubusercontent.com/footballcsv/cache.footballdata/f43a2aa0c65fb061c87e9541e7a567dd58ff933a/2022-23/nl.1.csv,f43a2aa0c65fb061c87e9541e7a567dd58ff933a,243,2026-09-04T07:12:05.433Z,Eredivisie,2022-23,2023-04-02,For Sittard,Groningen,3,1,H,2,0,H,,source_reported_FT,For Sittard,Groningen
footballcsv/cache.footballdata,https://raw.githubusercontent.com/footballcsv/cache.footballdata/f43a2aa0c65fb061c87e9541e7a567dd58ff933a/2022-23/nl.1.csv,f43a2aa0c65fb061c87e9541e7a567dd58ff933a,240,2026-09-04T07:12:05.433Z,Eredivisie,2022-23,2023-04-02,Go Ahead Eagles,Ajax,0,0,D,0,0,D,,source_reported_FT,Go Ahead Eagles,Ajax
footballcsv/cache.footballdata,https://raw.githubusercontent.com/footballcsv/cache.footballdata/f43a2aa0c65fb061c87e9541e7a567dd58ff933a/2022-23/nl.1.csv,f43a2aa0c65fb061c87e9541e7a567dd58ff933a,241,2026-09-04T07:12:05.433Z,Eredivisie,2022-23,2023-04-02,Sparta Rotterdam,Feyenoord,1,3,A,1,1,D,,source_reported_FT,Sparta Rotterdam,Feyenoord
footballcsv/cache.footballdata,https://raw.githubusercontent.com/footballcsv/cache.footballdata/f43a2aa0c65fb061c87e9541e7a567dd58ff933a/2022-23/nl.1.csv,f43a2aa0c65fb061c87e9541e7a567dd58ff933a,242,2026-09-04T07:12:05.433Z,Eredivisie,2022-23,2023-04-02,Utrecht,Volendam,0,0,D,0,0,D,,source_reported_FT,Utrecht,Volendam
footballcsv/cache.footballdata,https://raw.githubusercontent.com/footballcsv/cache.footballdata/f43a2aa0c65fb061c87e9541e7a567dd58ff933a/2022-23/nl.1.csv,f43a2aa0c65fb061c87e9541e7a567dd58ff933a,244,2026-09-04T07:12:05.433Z,Eredivisie,2022-23,2023-04-07,Groningen,Utrecht,1,2,A,1,1,D,,source_reported_FT,Groningen,Utrecht
footballcsv/cache.footballdata,https://raw.githubusercontent.com/footballcsv/cache.footballdata/f43a2aa0c65fb061c87e9541e7a567dd58ff933a/2022-23/nl.1.csv,f43a2aa0c65fb061c87e9541e7a567dd58ff933a,246,2026-09-04T07:12:05.433Z,Eredivisie,2022-23,2023-04-08,AZ Alkmaar,Sparta Rotterdam,0,1,A,0,1,A,,source_reported_FT,AZ Alkmaar,Sparta Rotterdam
footballcsv/cache.footballdata,https://raw.githubusercontent.com/footballcsv/cache.footballdata/f43a2aa0c65fb061c87e9541e7a567dd58ff933a/2022-23/nl.1.csv,f43a2aa0c65fb061c87e9541e7a567dd58ff933a,248,2026-09-04T07:12:05.433Z,Eredivisie,2022-23,2023-04-08,Heerenveen,Volendam,2,1,H,2,1,H,,source_reported_FT,Heerenveen,Volendam
footballcsv/cache.footballdata,https://raw.githubusercontent.com/footballcsv/cache.footballdata/f43a2aa0c65fb061c87e9541e7a567dd58ff933a/2022-23/nl.1.csv,f43a2aa0c65fb061c87e9541e7a567dd58ff933a,247,2026-09-04T07:12:05.433Z,Eredivisie,2022-23,2023-04-08,PSV Eindhoven,Excelsior,4,0,H,1,0,H,,source_reported_FT,PSV Eindhoven,Excelsior
footballcsv/cache.footballdata,https://raw.githubusercontent.com/footballcsv/cache.footballdata/f43a2aa0c65fb061c87e9541e7a567dd58ff933a/2022-23/nl.1.csv,f43a2aa0c65fb061c87e9541e7a567dd58ff933a,245,2026-09-04T07:12:05.433Z,Eredivisie,2022-23,2023-04-08,Vitesse,Go Ahead Eagles,2,0,H,1,0,H,,source_reported_FT,Vitesse,Go Ahead Eagles
footballcsv/cache.footballdata,https://raw.githubusercontent.com/footballcsv/cache.footballdata/f43a2aa0c65fb061c87e9541e7a567dd58ff933a/2022-23/nl.1.csv,f43a2aa0c65fb061c87e9541e7a567dd58ff933a,251,2026-09-04T07:12:05.433Z,Eredivisie,2022-23,2023-04-09,Ajax,For Sittard,4,0,H,2,0,H,,source_reported_FT,Ajax,For Sittard
footballcsv/cache.footballdata,https://raw.githubusercontent.com/footballcsv/cache.footballdata/f43a2aa0c65fb061c87e9541e7a567dd58ff933a/2022-23/nl.1.csv,f43a2aa0c65fb061c87e9541e7a567dd58ff933a,250,2026-09-04T07:12:05.433Z,Eredivisie,2022-23,2023-04-09,FC Emmen,Nijmegen,0,0,D,0,0,D,,source_reported_FT,FC Emmen,Nijmegen
footballcsv/cache.footballdata,https://raw.githubusercontent.com/footballcsv/cache.footballdata/f43a2aa0c65fb061c87e9541e7a567dd58ff933a/2022-23/nl.1.csv,f43a2aa0c65fb061c87e9541e7a567dd58ff933a,252,2026-09-04T07:12:05.433Z,Eredivisie,2022-23,2023-04-09,Feyenoord,Waalwijk,5,1,H,3,0,H,,source_reported_FT,Feyenoord,Waalwijk
footballcsv/cache.footballdata,https://raw.githubusercontent.com/footballcsv/cache.footballdata/f43a2aa0c65fb061c87e9541e7a567dd58ff933a/2022-23/nl.1.csv,f43a2aa0c65fb061c87e9541e7a567dd58ff933a,249,2026-09-04T07:12:05.433Z,Eredivisie,2022-23,2023-04-09,Twente,Cambuur,4,0,H,3,0,H,,source_reported_FT,Twente,Cambuur
footballcsv/cache.footballdata,https://raw.githubusercontent.com/footballcsv/cache.footballdata/f43a2aa0c65fb061c87e9541e7a567dd58ff933a/2022-23/nl.1.csv,f43a2aa0c65fb061c87e9541e7a567dd58ff933a,253,2026-09-04T07:12:05.433Z,Eredivisie,2022-23,2023-04-14,Excelsior,Go Ahead Eagles,2,1,H,0,0,D,,source_reported_FT,Excelsior,Go Ahead Eagles
footballcsv/cache.footballdata,https://raw.githubusercontent.com/footballcsv/cache.footballdata/f43a2aa0c65fb061c87e9541e7a567dd58ff933a/2022-23/nl.1.csv,f43a2aa0c65fb061c87e9541e7a567dd58ff933a,255,2026-09-04T07:12:05.433Z,Eredivisie,2022-23,2023-04-15,Sparta Rotterdam,Heerenveen,4,0,H,1,0,H,,source_reported_FT,Sparta Rotterdam,Heerenveen
footballcsv/cache.footballdata,https://raw.githubusercontent.com/footballcsv/cache.footballdata/f43a2aa0c65fb061c87e9541e7a567dd58ff933a/2022-23/nl.1.csv,f43a2aa0c65fb061c87e9541e7a567dd58ff933a,254,2026-09-04T07:12:05.433Z,Eredivisie,2022-23,2023-04-15,Waalwijk,Groningen,2,1,H,0,0,D,,source_reported_FT,Waalwijk,Groningen
footballcsv/cache.footballdata,https://raw.githubusercontent.com/footballcsv/cache.footballdata/f43a2aa0c65fb061c87e9541e7a567dd58ff933a/2022-23/nl.1.csv,f43a2aa0c65fb061c87e9541e7a567dd58ff933a,260,2026-09-04T07:12:05.433Z,Eredivisie,2022-23,2023-04-16,Ajax,FC Emmen,3,1,H,2,0,H,,source_reported_FT,Ajax,FC Emmen
footballcsv/cache.footballdata,https://raw.githubusercontent.com/footballcsv/cache.footballdata/f43a2aa0c65fb061c87e9541e7a567dd58ff933a/2022-23/nl.1.csv,f43a2aa0c65fb061c87e9541e7a567dd58ff933a,259,2026-09-04T07:12:05.433Z,Eredivisie,2022-23,2023-04-16,Cambuur,Feyenoord,0,3,A,0,1,A,,source_reported_FT,Cambuur,Feyenoord
footballcsv/cache.footballdata,https://raw.githubusercontent.com/footballcsv/cache.footballdata/f43a2aa0c65fb061c87e9541e7a567dd58ff933a/2022-23/nl.1.csv,f43a2aa0c65fb061c87e9541e7a567dd58ff933a,261,2026-09-04T07:12:05.433Z,Eredivisie,2022-23,2023-04-16,For Sittard,AZ Alkmaar,0,3,A,0,2,A,,source_reported_FT,For Sittard,AZ Alkmaar
footballcsv/cache.footballdata,https://raw.githubusercontent.com/footballcsv/cache.footballdata/f43a2aa0c65fb061c87e9541e7a567dd58ff933a/2022-23/nl.1.csv,f43a2aa0c65fb061c87e9541e7a567dd58ff933a,256,2026-09-04T07:12:05.433Z,Eredivisie,2022-23,2023-04-16,Nijmegen,Vitesse,1,4,A,0,2,A,,source_reported_FT,Nijmegen,Vitesse
footballcsv/cache.footballdata,https://raw.githubusercontent.com/footballcsv/cache.footballdata/f43a2aa0c65fb061c87e9541e7a567dd58ff933a/2022-23/nl.1.csv,f43a2aa0c65fb061c87e9541e7a567dd58ff933a,257,2026-09-04T07:12:05.433Z,Eredivisie,2022-23,2023-04-16,Utrecht,Twente,1,0,H,0,0,D,,source_reported_FT,Utrecht,Twente
footballcsv/cache.footballdata,https://raw.githubusercontent.com/footballcsv/cache.footballdata/f43a2aa0c65fb061c87e9541e7a567dd58ff933a/2022-23/nl.1.csv,f43a2aa0c65fb061c87e9541e7a567dd58ff933a,258,2026-09-04T07:12:05.433Z,Eredivisie,2022-23,2023-04-16,Volendam,PSV Eindhoven,2,3,A,0,2,A,,source_reported_FT,Volendam,PSV Eindhoven
footballcsv/cache.footballdata,https://raw.githubusercontent.com/footballcsv/cache.footballdata/f43a2aa0c65fb061c87e9541e7a567dd58ff933a/2022-23/nl.1.csv,f43a2aa0c65fb061c87e9541e7a567dd58ff933a,262,2026-09-04T07:12:05.433Z,Eredivisie,2022-23,2023-04-19,Go Ahead Eagles,Waalwijk,3,2,H,2,1,H,,source_reported_FT,Go Ahead Eagles,Waalwijk
footballcsv/cache.footballdata,https://raw.githubusercontent.com/footballcsv/cache.footballdata/f43a2aa0c65fb061c87e9541e7a567dd58ff933a/2022-23/nl.1.csv,f43a2aa0c65fb061c87e9541e7a567dd58ff933a,263,2026-09-04T07:12:05.433Z,Eredivisie,2022-23,2023-04-21,Volendam,Cambuur,2,0,H,1,0,H,,source_reported_FT,Volendam,Cambuur
footballcsv/cache.footballdata,https://raw.githubusercontent.com/footballcsv/cache.footballdata/f43a2aa0c65fb061c87e9541e7a567dd58ff933a/2022-23/nl.1.csv,f43a2aa0c65fb061c87e9541e7a567dd58ff933a,264,2026-09-04T07:12:05.433Z,Eredivisie,2022-23,2023-04-22,Heerenveen,FC Emmen,2,3,A,1,0,H,,source_reported_FT,Heerenveen,FC Emmen
footballcsv/cache.footballdata,https://raw.githubusercontent.com/footballcsv/cache.footballdata/f43a2aa0c65fb061c87e9541e7a567dd58ff933a/2022-23/nl.1.csv,f43a2aa0c65fb061c87e9541e7a567dd58ff933a,265,2026-09-04T07:12:05.433Z,Eredivisie,2022-23,2023-04-22,Vitesse,Excelsior,0,0,D,0,0,D,,source_reported_FT,Vitesse,Excelsior
footballcsv/cache.footballdata,https://raw.githubusercontent.com/footballcsv/cache.footballdata/f43a2aa0c65fb061c87e9541e7a567dd58ff933a/2022-23/nl.1.csv,f43a2aa0c65fb061c87e9541e7a567dd58ff933a,270,2026-09-04T07:12:05.433Z,Eredivisie,2022-23,2023-04-23,AZ Alkmaar,Waalwijk,3,0,H,1,0,H,,source_reported_FT,AZ Alkmaar,Waalwijk
footballcsv/cache.footballdata,https://raw.githubusercontent.com/footballcsv/cache.footballdata/f43a2aa0c65fb061c87e9541e7a567dd58ff933a/2022-23/nl.1.csv,f43a2aa0c65fb061c87e9541e7a567dd58ff933a,269,2026-09-04T07:12:05.433Z,Eredivisie,2022-23,2023-04-23,Feyenoord,Utrecht,3,1,H,1,0,H,,source_reported_FT,Feyenoord,Utrecht
footballcsv/cache.footballdata,https://raw.githubusercontent.com/footballcsv/cache.footballdata/f43a2aa0c65fb061c87e9541e7a567dd58ff933a/2022-23/nl.1.csv,f43a2aa0c65fb061c87e9541e7a567dd58ff933a,267,2026-09-04T07:12:05.433Z,Eredivisie,2022-23,2023-04-23,Go Ahead Eagles,For Sittard,2,0,H,1,0,H,,source_reported_FT,Go Ahead Eagles,For Sittard
footballcsv/cache.footballdata,https://raw.githubusercontent.com/footballcsv/cache.footballdata/f43a2aa0c65fb061c87e9541e7a567dd58ff933a/2022-23/nl.1.csv,f43a2aa0c65fb061c87e9541e7a567dd58ff933a,268,2026-09-04T07:12:05.433Z,Eredivisie,2022-23,2023-04-23,PSV Eindhoven,Ajax,3,0,H,1,0,H,,source_reported_FT,PSV Eindhoven,Ajax
footballcsv/cache.footballdata,https://raw.githubusercontent.com/footballcsv/cache.footballdata/f43a2aa0c65fb061c87e9541e7a567dd58ff933a/2022-23/nl.1.csv,f43a2aa0c65fb061c87e9541e7a567dd58ff933a,266,2026-09-04T07:12:05.433Z,Eredivisie,2022-23,2023-04-23,Twente,Sparta Rotterdam,3,3,D,1,2,A,,source_reported_FT,Twente,Sparta Rotterdam
footballcsv/cache.footballdata,https://raw.githubusercontent.com/footballcsv/cache.footballdata/f43a2aa0c65fb061c87e9541e7a567dd58ff933a/2022-23/nl.1.csv,f43a2aa0c65fb061c87e9541e7a567dd58ff933a,271,2026-09-04T07:12:05.433Z,Eredivisie,2022-23,2023-04-25,Groningen,Nijmegen,0,1,A,0,0,D,,source_reported_FT,Groningen,Nijmegen
footballcsv/cache.footballdata,https://raw.githubusercontent.com/footballcsv/cache.footballdata/f43a2aa0c65fb061c87e9541e7a567dd58ff933a/2022-23/nl.1.csv,f43a2aa0c65fb061c87e9541e7a567dd58ff933a,272,2026-09-04T07:12:05.433Z,Eredivisie,2022-23,2023-05-05,Waalwijk,Volendam,4,1,H,2,0,H,,source_reported_FT,Waalwijk,Volendam
footballcsv/cache.footballdata,https://raw.githubusercontent.com/footballcsv/cache.footballdata/f43a2aa0c65fb061c87e9541e7a567dd58ff933a/2022-23/nl.1.csv,f43a2aa0c65fb061c87e9541e7a567dd58ff933a,276,2026-09-04T07:12:05.433Z,Eredivisie,2022-23,2023-05-06,Ajax,AZ Alkmaar,0,0,D,0,0,D,,source_reported_FT,Ajax,AZ Alkmaar
footballcsv/cache.footballdata,https://raw.githubusercontent.com/footballcsv/cache.footballdata/f43a2aa0c65fb061c87e9541e7a567dd58ff933a/2022-23/nl.1.csv,f43a2aa0c65fb061c87e9541e7a567dd58ff933a,274,2026-09-04T07:12:05.433Z,Eredivisie,2022-23,2023-05-06,Cambuur,Utrecht,0,3,A,0,2,A,,source_reported_FT,Cambuur,Utrecht
footballcsv/cache.footballdata,https://raw.githubusercontent.com/footballcsv/cache.footballdata/f43a2aa0c65fb061c87e9541e7a567dd58ff933a/2022-23/nl.1.csv,f43a2aa0c65fb061c87e9541e7a567dd58ff933a,275,2026-09-04T07:12:05.433Z,Eredivisie,2022-23,2023-05-06,Nijmegen,Heerenveen,2,3,A,1,1,D,,source_reported_FT,Nijmegen,Heerenveen
footballcsv/cache.footballdata,https://raw.githubusercontent.com/footballcsv/cache.footballdata/f43a2aa0c65fb061c87e9541e7a567dd58ff933a/2022-23/nl.1.csv,f43a2aa0c65fb061c87e9541e7a567dd58ff933a,273,2026-09-04T07:12:05.433Z,Eredivisie,2022-23,2023-05-06,Sparta Rotterdam,PSV Eindhoven,0,1,A,0,0,D,,source_reported_FT,Sparta Rotterdam,PSV Eindhoven
footballcsv/cache.footballdata,https://raw.githubusercontent.com/footballcsv/cache.footballdata/f43a2aa0c65fb061c87e9541e7a567dd58ff933a/2022-23/nl.1.csv,f43a2aa0c65fb061c87e9541e7a567dd58ff933a,278,2026-09-04T07:12:05.433Z,Eredivisie,2022-23,2023-05-07,Excelsior,Feyenoord,0,2,A,0,1,A,,source_reported_FT,Excelsior,Feyenoord
footballcsv/cache.footballdata,https://raw.githubusercontent.com/footballcsv/cache.footballdata/f43a2aa0c65fb061c87e9541e7a567dd58ff933a/2022-23/nl.1.csv,f43a2aa0c65fb061c87e9541e7a567dd58ff933a,277,2026-09-04T07:12:05.433Z,Eredivisie,2022-23,2023-05-07,FC Emmen,Twente,0,3,A,0,0,D,,source_reported_FT,FC Emmen,Twente
footballcsv/cache.footballdata,https://raw.githubusercontent.com/footballcsv/cache.footballdata/f43a2aa0c65fb061c87e9541e7a567dd58ff933a/2022-23/nl.1.csv,f43a2aa0c65fb061c87e9541e7a567dd58ff933a,280,2026-09-04T07:12:05.433Z,Eredivisie,2022-23,2023-05-07,For Sittard,Vitesse,2,0,H,0,0,D,,source_reported_FT,For Sittard,Vitesse
footballcsv/cache.footballdata,https://raw.githubusercontent.com/footballcsv/cache.footballdata/f43a2aa0c65fb061c87e9541e7a567dd58ff933a/2022-23/nl.1.csv,f43a2aa0c65fb061c87e9541e7a567dd58ff933a,279,2026-09-04T07:12:05.433Z,Eredivisie,2022-23,2023-05-07,Go Ahead Eagles,Groningen,1,1,D,1,1,D,,source_reported_FT,Go Ahead Eagles,Groningen
footballcsv/cache.footballdata,https://raw.githubusercontent.com/footballcsv/cache.footballdata/f43a2aa0c65fb061c87e9541e7a567dd58ff933a/2022-23/nl.1.csv,f43a2aa0c65fb061c87e9541e7a567dd58ff933a,281,2026-09-04T07:12:05.433Z,Eredivisie,2022-23,2023-05-12,Twente,Nijmegen,4,0,H,1,0,H,,source_reported_FT,Twente,Nijmegen
footballcsv/cache.footballdata,https://raw.githubusercontent.com/footballcsv/cache.footballdata/f43a2aa0c65fb061c87e9541e7a567dd58ff933a/2022-23/nl.1.csv,f43a2aa0c65fb061c87e9541e7a567dd58ff933a,283,2026-09-04T07:12:05.433Z,Eredivisie,2022-23,2023-05-13,Heerenveen,Excelsior,0,0,D,0,0,D,,source_reported_FT,Heerenveen,Excelsior
footballcsv/cache.footballdata,https://raw.githubusercontent.com/footballcsv/cache.footballdata/f43a2aa0c65fb061c87e9541e7a567dd58ff933a/2022-23/nl.1.csv,f43a2aa0c65fb061c87e9541e7a567dd58ff933a,284,2026-09-04T07:12:05.433Z,Eredivisie,2022-23,2023-05-13,Utrecht,Waalwijk,2,0,H,0,0,D,,source_reported_FT,Utrecht,Waalwijk
footballcsv/cache.footballdata,https://raw.githubusercontent.com/footballcsv/cache.footballdata/f43a2aa0c65fb061c87e9541e7a567dd58ff933a/2022-23/nl.1.csv,f43a2aa0c65fb061c87e9541e7a567dd58ff933a,282,2026-09-04T07:12:05.433Z,Eredivisie,2022-23,2023-05-13,Volendam,Sparta Rotterdam,2,1,H,1,1,D,,source_reported_FT,Volendam,Sparta Rotterdam
footballcsv/cache.footballdata,https://raw.githubusercontent.com/footballcsv/cache.footballdata/f43a2aa0c65fb061c87e9541e7a567dd58ff933a/2022-23/nl.1.csv,f43a2aa0c65fb061c87e9541e7a567dd58ff933a,287,2026-09-04T07:12:05.433Z,Eredivisie,2022-23,2023-05-14,AZ Alkmaar,FC Emmen,5,1,H,5,0,H,,source_reported_FT,AZ Alkmaar,FC Emmen
footballcsv/cache.footballdata,https://raw.githubusercontent.com/footballcsv/cache.footballdata/f43a2aa0c65fb061c87e9541e7a567dd58ff933a/2022-23/nl.1.csv,f43a2aa0c65fb061c87e9541e7a567dd58ff933a,286,2026-09-04T07:12:05.433Z,Eredivisie,2022-23,2023-05-14,Feyenoord,Go Ahead Eagles,3,0,H,2,0,H,,source_reported_FT,Feyenoord,Go Ahead Eagles
footballcsv/cache.footballdata,https://raw.githubusercontent.com/footballcsv/cache.footballdata/f43a2aa0c65fb061c87e9541e7a567dd58ff933a/2022-23/nl.1.csv,f43a2aa0c65fb061c87e9541e7a567dd58ff933a,289,2026-09-04T07:12:05.433Z,Eredivisie,2022-23,2023-05-14,Groningen,Ajax,2,3,A,1,1,D,,source_reported_FT,Groningen,Ajax
footballcsv/cache.footballdata,https://raw.githubusercontent.com/footballcsv/cache.footballdata/f43a2aa0c65fb061c87e9541e7a567dd58ff933a/2022-23/nl.1.csv,f43a2aa0c65fb061c87e9541e7a567dd58ff933a,288,2026-09-04T07:12:05.433Z,Eredivisie,2022-23,2023-05-14,PSV Eindhoven,For Sittard,2,1,H,1,1,D,,source_reported_FT,PSV Eindhoven,For Sittard
footballcsv/cache.footballdata,https://raw.githubusercontent.com/footballcsv/cache.footballdata/f43a2aa0c65fb061c87e9541e7a567dd58ff933a/2022-23/nl.1.csv,f43a2aa0c65fb061c87e9541e7a567dd58ff933a,285,2026-09-04T07:12:05.433Z,Eredivisie,2022-23,2023-05-14,Vitesse,Cambuur,2,0,H,0,0,D,,source_reported_FT,Vitesse,Cambuur
footballcsv/cache.footballdata,https://raw.githubusercontent.com/footballcsv/cache.footballdata/f43a2aa0c65fb061c87e9541e7a567dd58ff933a/2022-23/nl.1.csv,f43a2aa0c65fb061c87e9541e7a567dd58ff933a,290,2026-09-04T07:12:05.433Z,Eredivisie,2022-23,2023-05-21,Ajax,Utrecht,3,1,H,1,0,H,,source_reported_FT,Ajax,Utrecht
footballcsv/cache.footballdata,https://raw.githubusercontent.com/footballcsv/cache.footballdata/f43a2aa0c65fb061c87e9541e7a567dd58ff933a/2022-23/nl.1.csv,f43a2aa0c65fb061c87e9541e7a567dd58ff933a,291,2026-09-04T07:12:05.433Z,Eredivisie,2022-23,2023-05-21,Excelsior,For Sittard,3,0,H,0,0,D,,source_reported_FT,Excelsior,For Sittard
footballcsv/cache.footballdata,https://raw.githubusercontent.com/footballcsv/cache.footballdata/f43a2aa0c65fb061c87e9541e7a567dd58ff933a/2022-23/nl.1.csv,f43a2aa0c65fb061c87e9541e7a567dd58ff933a,292,2026-09-04T07:12:05.433Z,Eredivisie,2022-23,2023-05-21,FC Emmen,Feyenoord,1,3,A,1,1,D,,source_reported_FT,FC Emmen,Feyenoord
footballcsv/cache.footballdata,https://raw.githubusercontent.com/footballcsv/cache.footballdata/f43a2aa0c65fb061c87e9541e7a567dd58ff933a/2022-23/nl.1.csv,f43a2aa0c65fb061c87e9541e7a567dd58ff933a,293,2026-09-04T07:12:05.433Z,Eredivisie,2022-23,2023-05-21,Go Ahead Eagles,Volendam,3,0,H,1,0,H,,source_reported_FT,Go Ahead Eagles,Volendam
footballcsv/cache.footballdata,https://raw.githubusercontent.com/footballcsv/cache.footballdata/f43a2aa0c65fb061c87e9541e7a567dd58ff933a/2022-23/nl.1.csv,f43a2aa0c65fb061c87e9541e7a567dd58ff933a,294,2026-09-04T07:12:05.433Z,Eredivisie,2022-23,2023-05-21,Nijmegen,AZ Alkmaar,0,3,A,0,2,A,,source_reported_FT,Nijmegen,AZ Alkmaar
footballcsv/cache.footballdata,https://raw.githubusercontent.com/footballcsv/cache.footballdata/f43a2aa0c65fb061c87e9541e7a567dd58ff933a/2022-23/nl.1.csv,f43a2aa0c65fb061c87e9541e7a567dd58ff933a,295,2026-09-04T07:12:05.433Z,Eredivisie,2022-23,2023-05-21,PSV Eindhoven,Heerenveen,3,3,D,1,2,A,,source_reported_FT,PSV Eindhoven,Heerenveen
footballcsv/cache.footballdata,https://raw.githubusercontent.com/footballcsv/cache.footballdata/f43a2aa0c65fb061c87e9541e7a567dd58ff933a/2022-23/nl.1.csv,f43a2aa0c65fb061c87e9541e7a567dd58ff933a,296,2026-09-04T07:12:05.433Z,Eredivisie,2022-23,2023-05-21,Sparta Rotterdam,Cambuur,4,1,H,3,1,H,,source_reported_FT,Sparta Rotterdam,Cambuur
footballcsv/cache.footballdata,https://raw.githubusercontent.com/footballcsv/cache.footballdata/f43a2aa0c65fb061c87e9541e7a567dd58ff933a/2022-23/nl.1.csv,f43a2aa0c65fb061c87e9541e7a567dd58ff933a,297,2026-09-04T07:12:05.433Z,Eredivisie,2022-23,2023-05-21,Vitesse,Groningen,6,0,H,2,0,H,,source_reported_FT,Vitesse,Groningen
footballcsv/cache.footballdata,https://raw.githubusercontent.com/footballcsv/cache.footballdata/f43a2aa0c65fb061c87e9541e7a567dd58ff933a/2022-23/nl.1.csv,f43a2aa0c65fb061c87e9541e7a567dd58ff933a,298,2026-09-04T07:12:05.433Z,Eredivisie,2022-23,2023-05-21,Waalwijk,Twente,0,5,A,0,2,A,,source_reported_FT,Waalwijk,Twente
footballcsv/cache.footballdata,https://raw.githubusercontent.com/footballcsv/cache.footballdata/f43a2aa0c65fb061c87e9541e7a567dd58ff933a/2022-23/nl.1.csv,f43a2aa0c65fb061c87e9541e7a567dd58ff933a,299,2026-09-04T07:12:05.433Z,Eredivisie,2022-23,2023-05-28,AZ Alkmaar,PSV Eindhoven,1,2,A,0,0,D,,source_reported_FT,AZ Alkmaar,PSV Eindhoven
footballcsv/cache.footballdata,https://raw.githubusercontent.com/footballcsv/cache.footballdata/f43a2aa0c65fb061c87e9541e7a567dd58ff933a/2022-23/nl.1.csv,f43a2aa0c65fb061c87e9541e7a567dd58ff933a,300,2026-09-04T07:12:05.433Z,Eredivisie,2022-23,2023-05-28,Cambuur,Waalwijk,4,0,H,2,0,H,,source_reported_FT,Cambuur,Waalwijk
footballcsv/cache.footballdata,https://raw.githubusercontent.com/footballcsv/cache.footballdata/f43a2aa0c65fb061c87e9541e7a567dd58ff933a/2022-23/nl.1.csv,f43a2aa0c65fb061c87e9541e7a567dd58ff933a,301,2026-09-04T07:12:05.433Z,Eredivisie,2022-23,2023-05-28,Feyenoord,Vitesse,0,1,A,0,1,A,,source_reported_FT,Feyenoord,Vitesse
footballcsv/cache.footballdata,https://raw.githubusercontent.com/footballcsv/cache.footballdata/f43a2aa0c65fb061c87e9541e7a567dd58ff933a/2022-23/nl.1.csv,f43a2aa0c65fb061c87e9541e7a567dd58ff933a,302,2026-09-04T07:12:05.433Z,Eredivisie,2022-23,2023-05-28,For Sittard,Nijmegen,1,1,D,0,0,D,,source_reported_FT,For Sittard,Nijmegen
footballcsv/cache.footballdata,https://raw.githubusercontent.com/footballcsv/cache.footballdata/f43a2aa0c65fb061c87e9541e7a567dd58ff933a/2022-23/nl.1.csv,f43a2aa0c65fb061c87e9541e7a567dd58ff933a,303,2026-09-04T07:12:05.433Z,Eredivisie,2022-23,2023-05-28,Groningen,Sparta Rotterdam,0,5,A,0,1,A,,source_reported_FT,Groningen,Sparta Rotterdam
footballcsv/cache.footballdata,https://raw.githubusercontent.com/footballcsv/cache.footballdata/f43a2aa0c65fb061c87e9541e7a567dd58ff933a/2022-23/nl.1.csv,f43a2aa0c65fb061c87e9541e7a567dd58ff933a,304,2026-09-04T07:12:05.433Z,Eredivisie,2022-23,2023-05-28,Heerenveen,Go Ahead Eagles,2,0,H,1,0,H,,source_reported_FT,Heerenveen,Go Ahead Eagles
footballcsv/cache.footballdata,https://raw.githubusercontent.com/footballcsv/cache.footballdata/f43a2aa0c65fb061c87e9541e7a567dd58ff933a/2022-23/nl.1.csv,f43a2aa0c65fb061c87e9541e7a567dd58ff933a,305,2026-09-04T07:12:05.433Z,Eredivisie,2022-23,2023-05-28,Twente,Ajax,3,1,H,0,1,A,,source_reported_FT,Twente,Ajax
footballcsv/cache.footballdata,https://raw.githubusercontent.com/footballcsv/cache.footballdata/f43a2aa0c65fb061c87e9541e7a567dd58ff933a/2022-23/nl.1.csv,f43a2aa0c65fb061c87e9541e7a567dd58ff933a,306,2026-09-04T07:12:05.433Z,Eredivisie,2022-23,2023-05-28,Utrecht,FC Emmen,3,2,H,1,1,D,,source_reported_FT,Utrecht,FC Emmen
footballcsv/cache.footballdata,https://raw.githubusercontent.com/footballcsv/cache.footballdata/f43a2aa0c65fb061c87e9541e7a567dd58ff933a/2022-23/nl.1.csv,f43a2aa0c65fb061c87e9541e7a567dd58ff933a,307,2026-09-04T07:12:05.433Z,Eredivisie,2022-23,2023-05-28,Volendam,Excelsior,3,2,H,3,0,H,,source_reported_FT,Volendam,Excelsior
footballcsv/cache.footballdata,https://raw.githubusercontent.com/footballcsv/cache.footballdata/f43a2aa0c65fb061c87e9541e7a567dd58ff933a/2023-24/nl.1.csv,f43a2aa0c65fb061c87e9541e7a567dd58ff933a,2,2026-09-04T07:12:12.065Z,Eredivisie,2023-24,2023-08-11,Volendam,Vitesse,1,2,A,1,0,H,,source_reported_FT,Volendam,Vitesse
footballcsv/cache.footballdata,https://raw.githubusercontent.com/footballcsv/cache.footballdata/f43a2aa0c65fb061c87e9541e7a567dd58ff933a/2023-24/nl.1.csv,f43a2aa0c65fb061c87e9541e7a567dd58ff933a,5,2026-09-04T07:12:12.065Z,Eredivisie,2023-24,2023-08-12,Ajax,Heracles,4,1,H,1,1,D,,source_reported_FT,Ajax,Heracles
footballcsv/cache.footballdata,https://raw.githubusercontent.com/footballcsv/cache.footballdata/f43a2aa0c65fb061c87e9541e7a567dd58ff933a/2023-24/nl.1.csv,f43a2aa0c65fb061c87e9541e7a567dd58ff933a,4,2026-09-04T07:12:12.065Z,Eredivisie,2023-24,2023-08-12,Heerenveen,Waalwijk,3,1,H,3,0,H,,source_reported_FT,Heerenveen,Waalwijk
footballcsv/cache.footballdata,https://raw.githubusercontent.com/footballcsv/cache.footballdata/f43a2aa0c65fb061c87e9541e7a567dd58ff933a/2023-24/nl.1.csv,f43a2aa0c65fb061c87e9541e7a567dd58ff933a,3,2026-09-04T07:12:12.065Z,Eredivisie,2023-24,2023-08-12,PSV Eindhoven,Utrecht,2,0,H,1,0,H,,source_reported_FT,PSV Eindhoven,Utrecht
footballcsv/cache.footballdata,https://raw.githubusercontent.com/footballcsv/cache.footballdata/f43a2aa0c65fb061c87e9541e7a567dd58ff933a/2023-24/nl.1.csv,f43a2aa0c65fb061c87e9541e7a567dd58ff933a,6,2026-09-04T07:12:12.065Z,Eredivisie,2023-24,2023-08-12,Zwolle,Sparta Rotterdam,1,2,A,0,1,A,,source_reported_FT,Zwolle,Sparta Rotterdam
footballcsv/cache.footballdata,https://raw.githubusercontent.com/footballcsv/cache.footballdata/f43a2aa0c65fb061c87e9541e7a567dd58ff933a/2023-24/nl.1.csv,f43a2aa0c65fb061c87e9541e7a567dd58ff933a,8,2026-09-04T07:12:12.065Z,Eredivisie,2023-24,2023-08-13,AZ Alkmaar,Go Ahead Eagles,5,1,H,2,0,H,,source_reported_FT,AZ Alkmaar,Go Ahead Eagles
footballcsv/cache.footballdata,https://raw.githubusercontent.com/footballcsv/cache.footballdata/f43a2aa0c65fb061c87e9541e7a567dd58ff933a/2023-24/nl.1.csv,f43a2aa0c65fb061c87e9541e7a567dd58ff933a,10,2026-09-04T07:12:12.065Z,Eredivisie,2023-24,2023-08-13,Almere City,Twente,1,4,A,0,0,D,,source_reported_FT,Almere City,Twente
footballcsv/cache.footballdata,https://raw.githubusercontent.com/footballcsv/cache.footballdata/f43a2aa0c65fb061c87e9541e7a567dd58ff933a/2023-24/nl.1.csv,f43a2aa0c65fb061c87e9541e7a567dd58ff933a,9,2026-09-04T07:12:12.065Z,Eredivisie,2023-24,2023-08-13,Feyenoord,For Sittard,0,0,D,0,0,D,,source_reported_FT,Feyenoord,For Sittard
footballcsv/cache.footballdata,https://raw.githubusercontent.com/footballcsv/cache.footballdata/f43a2aa0c65fb061c87e9541e7a567dd58ff933a/2023-24/nl.1.csv,f43a2aa0c65fb061c87e9541e7a567dd58ff933a,7,2026-09-04T07:12:12.065Z,Eredivisie,2023-24,2023-08-13,Nijmegen,Excelsior,3,4,A,2,1,H,,source_reported_FT,Nijmegen,Excelsior
footballcsv/cache.footballdata,https://raw.githubusercontent.com/footballcsv/cache.footballdata/f43a2aa0c65fb061c87e9541e7a567dd58ff933a/2023-24/nl.1.csv,f43a2aa0c65fb061c87e9541e7a567dd58ff933a,11,2026-09-04T07:12:12.065Z,Eredivisie,2023-24,2023-08-18,Heracles,Nijmegen,2,1,H,0,1,A,,source_reported_FT,Heracles,Nijmegen
footballcsv/cache.footballdata,https://raw.githubusercontent.com/footballcsv/cache.footballdata/f43a2aa0c65fb061c87e9541e7a567dd58ff933a/2023-24/nl.1.csv,f43a2aa0c65fb061c87e9541e7a567dd58ff933a,12,2026-09-04T07:12:12.065Z,Eredivisie,2023-24,2023-08-19,Excelsior,Ajax,2,2,D,1,1,D,,source_reported_FT,Excelsior,Ajax
footballcsv/cache.footballdata,https://raw.githubusercontent.com/footballcsv/cache.footballdata/f43a2aa0c65fb061c87e9541e7a567dd58ff933a/2023-24/nl.1.csv,f43a2aa0c65fb061c87e9541e7a567dd58ff933a,14,2026-09-04T07:12:12.065Z,Eredivisie,2023-24,2023-08-19,For Sittard,Almere City,2,1,H,2,1,H,,source_reported_FT,For Sittard,Almere City
footballcsv/cache.footballdata,https://raw.githubusercontent.com/footballcsv/cache.footballdata/f43a2aa0c65fb061c87e9541e7a567dd58ff933a/2023-24/nl.1.csv,f43a2aa0c65fb061c87e9541e7a567dd58ff933a,15,2026-09-04T07:12:12.065Z,Eredivisie,2023-24,2023-08-19,Go Ahead Eagles,Volendam,4,1,H,3,0,H,,source_reported_FT,Go Ahead Eagles,Volendam
footballcsv/cache.footballdata,https://raw.githubusercontent.com/footballcsv/cache.footballdata/f43a2aa0c65fb061c87e9541e7a567dd58ff933a/2023-24/nl.1.csv,f43a2aa0c65fb061c87e9541e7a567dd58ff933a,13,2026-09-04T07:12:12.065Z,Eredivisie,2023-24,2023-08-19,Vitesse,PSV Eindhoven,1,3,A,1,0,H,,source_reported_FT,Vitesse,PSV Eindhoven
footballcsv/cache.footballdata,https://raw.githubusercontent.com/footballcsv/cache.footballdata/f43a2aa0c65fb061c87e9541e7a567dd58ff933a/2023-24/nl.1.csv,f43a2aa0c65fb061c87e9541e7a567dd58ff933a,17,2026-09-04T07:12:12.065Z,Eredivisie,2023-24,2023-08-20,Sparta Rotterdam,Feyenoord,2,2,D,1,0,H,,source_reported_FT,Sparta Rotterdam,Feyenoord
footballcsv/cache.footballdata,https://raw.githubusercontent.com/footballcsv/cache.footballdata/f43a2aa0c65fb061c87e9541e7a567dd58ff933a/2023-24/nl.1.csv,f43a2aa0c65fb061c87e9541e7a567dd58ff933a,18,2026-09-04T07:12:12.065Z,Eredivisie,2023-24,2023-08-20,Twente,Zwolle,3,1,H,1,1,D,,source_reported_FT,Twente,Zwolle
footballcsv/cache.footballdata,https://raw.githubusercontent.com/footballcsv/cache.footballdata/f43a2aa0c65fb061c87e9541e7a567dd58ff933a/2023-24/nl.1.csv,f43a2aa0c65fb061c87e9541e7a567dd58ff933a,16,2026-09-04T07:12:12.065Z,Eredivisie,2023-24,2023-08-20,Utrecht,Heerenveen,0,2,A,0,0,D,,source_reported_FT,Utrecht,Heerenveen
footballcsv/cache.footballdata,https://raw.githubusercontent.com/footballcsv/cache.footballdata/f43a2aa0c65fb061c87e9541e7a567dd58ff933a/2023-24/nl.1.csv,f43a2aa0c65fb061c87e9541e7a567dd58ff933a,19,2026-09-04T07:12:12.065Z,Eredivisie,2023-24,2023-08-20,Waalwijk,AZ Alkmaar,1,3,A,1,0,H,,source_reported_FT,Waalwijk,AZ Alkmaar
footballcsv/cache.footballdata,https://raw.githubusercontent.com/footballcsv/cache.footballdata/f43a2aa0c65fb061c87e9541e7a567dd58ff933a/2023-24/nl.1.csv,f43a2aa0c65fb061c87e9541e7a567dd58ff933a,21,2026-09-04T07:12:12.065Z,Eredivisie,2023-24,2023-08-26,Excelsior,For Sittard,2,2,D,1,0,H,,source_reported_FT,Excelsior,For Sittard
footballcsv/cache.footballdata,https://raw.githubusercontent.com/footballcsv/cache.footballdata/f43a2aa0c65fb061c87e9541e7a567dd58ff933a/2023-24/nl.1.csv,f43a2aa0c65fb061c87e9541e7a567dd58ff933a,20,2026-09-04T07:12:12.065Z,Eredivisie,2023-24,2023-08-26,Nijmegen,Waalwijk,3,0,H,1,0,H,,source_reported_FT,Nijmegen,Waalwijk
footballcsv/cache.footballdata,https://raw.githubusercontent.com/footballcsv/cache.footballdata/f43a2aa0c65fb061c87e9541e7a567dd58ff933a/2023-24/nl.1.csv,f43a2aa0c65fb061c87e9541e7a567dd58ff933a,23,2026-09-04T07:12:12.065Z,Eredivisie,2023-24,2023-08-27,Feyenoord,Almere City,6,1,H,3,0,H,,source_reported_FT,Feyenoord,Almere City
footballcsv/cache.footballdata,https://raw.githubusercontent.com/footballcsv/cache.footballdata/f43a2aa0c65fb061c87e9541e7a567dd58ff933a/2023-24/nl.1.csv,f43a2aa0c65fb061c87e9541e7a567dd58ff933a,24,2026-09-04T07:12:12.065Z,Eredivisie,2023-24,2023-08-27,Heerenveen,Sparta Rotterdam,1,3,A,0,1,A,,source_reported_FT,Heerenveen,Sparta Rotterdam
footballcsv/cache.footballdata,https://raw.githubusercontent.com/footballcsv/cache.footballdata/f43a2aa0c65fb061c87e9541e7a567dd58ff933a/2023-24/nl.1.csv,f43a2aa0c65fb061c87e9541e7a567dd58ff933a,22,2026-09-04T07:12:12.065Z,Eredivisie,2023-24,2023-08-27,Zwolle,Utrecht,1,0,H,0,0,D,,source_reported_FT,Zwolle,Utrecht
footballcsv/cache.footballdata,https://raw.githubusercontent.com/footballcsv/cache.footballdata/f43a2aa0c65fb061c87e9541e7a567dd58ff933a/2023-24/nl.1.csv,f43a2aa0c65fb061c87e9541e7a567dd58ff933a,25,2026-09-04T07:12:12.065Z,Eredivisie,2023-24,2023-09-01,Sparta Rotterdam,Nijmegen,1,1,D,0,0,D,,source_reported_FT,Sparta Rotterdam,Nijmegen
footballcsv/cache.footballdata,https://raw.githubusercontent.com/footballcsv/cache.footballdata/f43a2aa0c65fb061c87e9541e7a567dd58ff933a/2023-24/nl.1.csv,f43a2aa0c65fb061c87e9541e7a567dd58ff933a,26,2026-09-04T07:12:12.065Z,Eredivisie,2023-24,2023-09-02,Almere City,Zwolle,1,2,A,0,1,A,,source_reported_FT,Almere City,Zwolle
footballcsv/cache.footballdata,https://raw.githubusercontent.com/footballcsv/cache.footballdata/f43a2aa0c65fb061c87e9541e7a567dd58ff933a/2023-24/nl.1.csv,f43a2aa0c65fb061c87e9541e7a567dd58ff933a,27,2026-09-04T07:12:12.065Z,Eredivisie,2023-24,2023-09-02,Go Ahead Eagles,Heerenveen,3,2,H,2,1,H,,source_reported_FT,Go Ahead Eagles,Heerenveen
footballcsv/cache.footballdata,https://raw.githubusercontent.com/footballcsv/cache.footballdata/f43a2aa0c65fb061c87e9541e7a567dd58ff933a/2023-24/nl.1.csv,f43a2aa0c65fb061c87e9541e7a567dd58ff933a,29,2026-09-04T07:12:12.065Z,Eredivisie,2023-24,2023-09-02,Heracles,Excelsior,3,1,H,0,1,A,,source_reported_FT,Heracles,Excelsior
footballcsv/cache.footballdata,https://raw.githubusercontent.com/footballcsv/cache.footballdata/f43a2aa0c65fb061c87e9541e7a567dd58ff933a/2023-24/nl.1.csv,f43a2aa0c65fb061c87e9541e7a567dd58ff933a,28,2026-09-04T07:12:12.065Z,Eredivisie,2023-24,2023-09-02,Waalwijk,PSV Eindhoven,0,4,A,0,1,A,,source_reported_FT,Waalwijk,PSV Eindhoven
footballcsv/cache.footballdata,https://raw.githubusercontent.com/footballcsv/cache.footballdata/f43a2aa0c65fb061c87e9541e7a567dd58ff933a/2023-24/nl.1.csv,f43a2aa0c65fb061c87e9541e7a567dd58ff933a,31,2026-09-04T07:12:12.065Z,Eredivisie,2023-24,2023-09-03,For Sittard,Ajax,0,0,D,0,0,D,,source_reported_FT,For Sittard,Ajax
footballcsv/cache.footballdata,https://raw.githubusercontent.com/footballcsv/cache.footballdata/f43a2aa0c65fb061c87e9541e7a567dd58ff933a/2023-24/nl.1.csv,f43a2aa0c65fb061c87e9541e7a567dd58ff933a,30,2026-09-04T07:12:12.065Z,Eredivisie,2023-24,2023-09-03,Utrecht,Feyenoord,1,5,A,1,2,A,,source_reported_FT,Utrecht,Feyenoord
footballcsv/cache.footballdata,https://raw.githubusercontent.com/footballcsv/cache.footballdata/f43a2aa0c65fb061c87e9541e7a567dd58ff933a/2023-24/nl.1.csv,f43a2aa0c65fb061c87e9541e7a567dd58ff933a,33,2026-09-04T07:12:12.065Z,Eredivisie,2023-24,2023-09-03,Vitesse,AZ Alkmaar,0,2,A,0,0,D,,source_reported_FT,Vitesse,AZ Alkmaar
footballcsv/cache.footballdata,https://raw.githubusercontent.com/footballcsv/cache.footballdata/f43a2aa0c65fb061c87e9541e7a567dd58ff933a/2023-24/nl.1.csv,f43a2aa0c65fb061c87e9541e7a567dd58ff933a,32,2026-09-04T07:12:12.065Z,Eredivisie,2023-24,2023-09-03,Volendam,Twente,0,2,A,0,1,A,,source_reported_FT,Volendam,Twente
footballcsv/cache.footballdata,https://raw.githubusercontent.com/footballcsv/cache.footballdata/f43a2aa0c65fb061c87e9541e7a567dd58ff933a/2023-24/nl.1.csv,f43a2aa0c65fb061c87e9541e7a567dd58ff933a,34,2026-09-04T07:12:12.065Z,Eredivisie,2023-24,2023-09-16,Feyenoord,Heerenveen,6,1,H,3,1,H,,source_reported_FT,Feyenoord,Heerenveen
footballcsv/cache.footballdata,https://raw.githubusercontent.com/footballcsv/cache.footballdata/f43a2aa0c65fb061c87e9541e7a567dd58ff933a/2023-24/nl.1.csv,f43a2aa0c65fb061c87e9541e7a567dd58ff933a,36,2026-09-04T07:12:12.065Z,Eredivisie,2023-24,2023-09-16,For Sittard,Volendam,3,1,H,0,1,A,,source_reported_FT,For Sittard,Volendam
footballcsv/cache.footballdata,https://raw.githubusercontent.com/footballcsv/cache.footballdata/f43a2aa0c65fb061c87e9541e7a567dd58ff933a/2023-24/nl.1.csv,f43a2aa0c65fb061c87e9541e7a567dd58ff933a,38,2026-09-04T07:12:12.065Z,Eredivisie,2023-24,2023-09-16,Heracles,Utrecht,1,3,A,0,2,A,,source_reported_FT,Heracles,Utrecht
footballcsv/cache.footballdata,https://raw.githubusercontent.com/footballcsv/cache.footballdata/f43a2aa0c65fb061c87e9541e7a567dd58ff933a/2023-24/nl.1.csv,f43a2aa0c65fb061c87e9541e7a567dd58ff933a,37,2026-09-04T07:12:12.065Z,Eredivisie,2023-24,2023-09-16,PSV Eindhoven,Nijmegen,4,0,H,2,0,H,,source_reported_FT,PSV Eindhoven,Nijmegen
footballcsv/cache.footballdata,https://raw.githubusercontent.com/footballcsv/cache.footballdata/f43a2aa0c65fb061c87e9541e7a567dd58ff933a/2023-24/nl.1.csv,f43a2aa0c65fb061c87e9541e7a567dd58ff933a,35,2026-09-04T07:12:12.065Z,Eredivisie,2023-24,2023-09-16,Vitesse,Waalwijk,0,2,A,0,1,A,,source_reported_FT,Vitesse,Waalwijk
footballcsv/cache.footballdata,https://raw.githubusercontent.com/footballcsv/cache.footballdata/f43a2aa0c65fb061c87e9541e7a567dd58ff933a/2023-24/nl.1.csv,f43a2aa0c65fb061c87e9541e7a567dd58ff933a,42,2026-09-04T07:12:12.065Z,Eredivisie,2023-24,2023-09-17,AZ Alkmaar,Sparta Rotterdam,2,0,H,2,0,H,,source_reported_FT,AZ Alkmaar,Sparta Rotterdam
footballcsv/cache.footballdata,https://raw.githubusercontent.com/footballcsv/cache.footballdata/f43a2aa0c65fb061c87e9541e7a567dd58ff933a/2023-24/nl.1.csv,f43a2aa0c65fb061c87e9541e7a567dd58ff933a,40,2026-09-04T07:12:12.065Z,Eredivisie,2023-24,2023-09-17,Excelsior,Almere City,0,0,D,0,0,D,,source_reported_FT,Excelsior,Almere City
footballcsv/cache.footballdata,https://raw.githubusercontent.com/footballcsv/cache.footballdata/f43a2aa0c65fb061c87e9541e7a567dd58ff933a/2023-24/nl.1.csv,f43a2aa0c65fb061c87e9541e7a567dd58ff933a,41,2026-09-04T07:12:12.065Z,Eredivisie,2023-24,2023-09-17,Twente,Ajax,3,1,H,2,1,H,,source_reported_FT,Twente,Ajax
footballcsv/cache.footballdata,https://raw.githubusercontent.com/footballcsv/cache.footballdata/f43a2aa0c65fb061c87e9541e7a567dd58ff933a/2023-24/nl.1.csv,f43a2aa0c65fb061c87e9541e7a567dd58ff933a,39,2026-09-04T07:12:12.065Z,Eredivisie,2023-24,2023-09-17,Zwolle,Go Ahead Eagles,1,1,D,0,0,D,,source_reported_FT,Zwolle,Go Ahead Eagles
footballcsv/cache.footballdata,https://raw.githubusercontent.com/footballcsv/cache.footballdata/f43a2aa0c65fb061c87e9541e7a567dd58ff933a/2023-24/nl.1.csv,f43a2aa0c65fb061c87e9541e7a567dd58ff933a,43,2026-09-04T07:12:12.065Z,Eredivisie,2023-24,2023-09-22,Go Ahead Eagles,For Sittard,3,0,H,1,0,H,,source_reported_FT,Go Ahead Eagles,For Sittard
footballcsv/cache.footballdata,https://raw.githubusercontent.com/footballcsv/cache.footballdata/f43a2aa0c65fb061c87e9541e7a567dd58ff933a/2023-24/nl.1.csv,f43a2aa0c65fb061c87e9541e7a567dd58ff933a,46,2026-09-04T07:12:12.065Z,Eredivisie,2023-24,2023-09-23,Almere City,PSV Eindhoven,0,4,A,0,2,A,,source_reported_FT,Almere City,PSV Eindhoven
footballcsv/cache.footballdata,https://raw.githubusercontent.com/footballcsv/cache.footballdata/f43a2aa0c65fb061c87e9541e7a567dd58ff933a/2023-24/nl.1.csv,f43a2aa0c65fb061c87e9541e7a567dd58ff933a,47,2026-09-04T07:12:12.065Z,Eredivisie,2023-24,2023-09-23,Heerenveen,Excelsior,0,3,A,0,2,A,,source_reported_FT,Heerenveen,Excelsior
footballcsv/cache.footballdata,https://raw.githubusercontent.com/footballcsv/cache.footballdata/f43a2aa0c65fb061c87e9541e7a567dd58ff933a/2023-24/nl.1.csv,f43a2aa0c65fb061c87e9541e7a567dd58ff933a,45,2026-09-04T07:12:12.065Z,Eredivisie,2023-24,2023-09-23,Nijmegen,Utrecht,3,0,H,2,0,H,,source_reported_FT,Nijmegen,Utrecht
footballcsv/cache.footballdata,https://raw.githubusercontent.com/footballcsv/cache.footballdata/f43a2aa0c65fb061c87e9541e7a567dd58ff933a/2023-24/nl.1.csv,f43a2aa0c65fb061c87e9541e7a567dd58ff933a,44,2026-09-04T07:12:12.065Z,Eredivisie,2023-24,2023-09-23,Volendam,Heracles,2,2,D,0,0,D,,source_reported_FT,Volendam,Heracles
footballcsv/cache.footballdata,https://raw.githubusercontent.com/footballcsv/cache.footballdata/f43a2aa0c65fb061c87e9541e7a567dd58ff933a/2023-24/nl.1.csv,f43a2aa0c65fb061c87e9541e7a567dd58ff933a,48,2026-09-04T07:12:12.065Z,Eredivisie,2023-24,2023-09-24,Sparta Rotterdam,Vitesse,1,0,H,1,0,H,,source_reported_FT,Sparta Rotterdam,Vitesse
footballcsv/cache.footballdata,https://raw.githubusercontent.com/footballcsv/cache.footballdata/f43a2aa0c65fb061c87e9541e7a567dd58ff933a/2023-24/nl.1.csv,f43a2aa0c65fb061c87e9541e7a567dd58ff933a,49,2026-09-04T07:12:12.065Z,Eredivisie,2023-24,2023-09-24,Waalwijk,Twente,1,0,H,0,0,D,,source_reported_FT,Waalwijk,Twente
footballcsv/cache.footballdata,https://raw.githubusercontent.com/footballcsv/cache.footballdata/f43a2aa0c65fb061c87e9541e7a567dd58ff933a/2023-24/nl.1.csv,f43a2aa0c65fb061c87e9541e7a567dd58ff933a,50,2026-09-04T07:12:12.065Z,Eredivisie,2023-24,2023-09-24,Zwolle,AZ Alkmaar,0,3,A,0,1,A,,source_reported_FT,Zwolle,AZ Alkmaar
footballcsv/cache.footballdata,https://raw.githubusercontent.com/footballcsv/cache.footballdata/f43a2aa0c65fb061c87e9541e7a567dd58ff933a/2023-24/nl.1.csv,f43a2aa0c65fb061c87e9541e7a567dd58ff933a,51,2026-09-04T07:12:12.065Z,Eredivisie,2023-24,2023-09-27,Ajax,Feyenoord,0,4,A,0,3,A,,source_reported_FT,Ajax,Feyenoord
footballcsv/cache.footballdata,https://raw.githubusercontent.com/footballcsv/cache.footballdata/f43a2aa0c65fb061c87e9541e7a567dd58ff933a/2023-24/nl.1.csv,f43a2aa0c65fb061c87e9541e7a567dd58ff933a,52,2026-09-04T07:12:12.065Z,Eredivisie,2023-24,2023-09-27,PSV Eindhoven,Go Ahead Eagles,3,0,H,1,0,H,,source_reported_FT,PSV Eindhoven,Go Ahead Eagles
footballcsv/cache.footballdata,https://raw.githubusercontent.com/footballcsv/cache.footballdata/f43a2aa0c65fb061c87e9541e7a567dd58ff933a/2023-24/nl.1.csv,f43a2aa0c65fb061c87e9541e7a567dd58ff933a,53,2026-09-04T07:12:12.065Z,Eredivisie,2023-24,2023-09-27,Twente,Vitesse,1,0,H,1,0,H,,source_reported_FT,Twente,Vitesse
footballcsv/cache.footballdata,https://raw.githubusercontent.com/footballcsv/cache.footballdata/f43a2aa0c65fb061c87e9541e7a567dd58ff933a/2023-24/nl.1.csv,f43a2aa0c65fb061c87e9541e7a567dd58ff933a,54,2026-09-04T07:12:12.065Z,Eredivisie,2023-24,2023-09-28,AZ Alkmaar,Heracles,1,1,D,1,0,H,,source_reported_FT,AZ Alkmaar,Heracles
footballcsv/cache.footballdata,https://raw.githubusercontent.com/footballcsv/cache.footballdata/f43a2aa0c65fb061c87e9541e7a567dd58ff933a/2023-24/nl.1.csv,f43a2aa0c65fb061c87e9541e7a567dd58ff933a,55,2026-09-04T07:12:12.065Z,Eredivisie,2023-24,2023-09-30,Feyenoord,Go Ahead Eagles,3,1,H,1,0,H,,source_reported_FT,Feyenoord,Go Ahead Eagles
footballcsv/cache.footballdata,https://raw.githubusercontent.com/footballcsv/cache.footballdata/f43a2aa0c65fb061c87e9541e7a567dd58ff933a/2023-24/nl.1.csv,f43a2aa0c65fb061c87e9541e7a567dd58ff933a,56,2026-09-04T07:12:12.065Z,Eredivisie,2023-24,2023-09-30,PSV Eindhoven,Volendam,3,1,H,1,0,H,,source_reported_FT,PSV Eindhoven,Volendam
footballcsv/cache.footballdata,https://raw.githubusercontent.com/footballcsv/cache.footballdata/f43a2aa0c65fb061c87e9541e7a567dd58ff933a/2023-24/nl.1.csv,f43a2aa0c65fb061c87e9541e7a567dd58ff933a,58,2026-09-04T07:12:12.065Z,Eredivisie,2023-24,2023-09-30,Twente,Heerenveen,1,0,H,0,0,D,,source_reported_FT,Twente,Heerenveen
footballcsv/cache.footballdata,https://raw.githubusercontent.com/footballcsv/cache.footballdata/f43a2aa0c65fb061c87e9541e7a567dd58ff933a/2023-24/nl.1.csv,f43a2aa0c65fb061c87e9541e7a567dd58ff933a,57,2026-09-04T07:12:12.065Z,Eredivisie,2023-24,2023-09-30,Utrecht,Almere City,0,2,A,0,0,D,,source_reported_FT,Utrecht,Almere City
footballcsv/cache.footballdata,https://raw.githubusercontent.com/footballcsv/cache.footballdata/f43a2aa0c65fb061c87e9541e7a567dd58ff933a/2023-24/nl.1.csv,f43a2aa0c65fb061c87e9541e7a567dd58ff933a,62,2026-09-04T07:12:12.065Z,Eredivisie,2023-24,2023-10-01,AZ Alkmaar,For Sittard,4,0,H,1,0,H,,source_reported_FT,AZ Alkmaar,For Sittard
footballcsv/cache.footballdata,https://raw.githubusercontent.com/footballcsv/cache.footballdata/f43a2aa0c65fb061c87e9541e7a567dd58ff933a/2023-24/nl.1.csv,f43a2aa0c65fb061c87e9541e7a567dd58ff933a,60,2026-09-04T07:12:12.065Z,Eredivisie,2023-24,2023-10-01,Excelsior,Sparta Rotterdam,2,1,H,0,0,D,,source_reported_FT,Excelsior,Sparta Rotterdam
footballcsv/cache.footballdata,https://raw.githubusercontent.com/footballcsv/cache.footballdata/f43a2aa0c65fb061c87e9541e7a567dd58ff933a/2023-24/nl.1.csv,f43a2aa0c65fb061c87e9541e7a567dd58ff933a,61,2026-09-04T07:12:12.065Z,Eredivisie,2023-24,2023-10-01,Heracles,Zwolle,2,1,H,0,0,D,,source_reported_FT,Heracles,Zwolle
footballcsv/cache.footballdata,https://raw.githubusercontent.com/footballcsv/cache.footballdata/f43a2aa0c65fb061c87e9541e7a567dd58ff933a/2023-24/nl.1.csv,f43a2aa0c65fb061c87e9541e7a567dd58ff933a,59,2026-09-04T07:12:12.065Z,Eredivisie,2023-24,2023-10-01,Nijmegen,Vitesse,1,3,A,1,1,D,,source_reported_FT,Nijmegen,Vitesse
footballcsv/cache.footballdata,https://raw.githubusercontent.com/footballcsv/cache.footballdata/f43a2aa0c65fb061c87e9541e7a567dd58ff933a/2023-24/nl.1.csv,f43a2aa0c65fb061c87e9541e7a567dd58ff933a,63,2026-09-04T07:12:12.065Z,Eredivisie,2023-24,2023-10-06,Volendam,Utrecht,1,0,H,0,0,D,,source_reported_FT,Volendam,Utrecht
footballcsv/cache.footballdata,https://raw.githubusercontent.com/footballcsv/cache.footballdata/f43a2aa0c65fb061c87e9541e7a567dd58ff933a/2023-24/nl.1.csv,f43a2aa0c65fb061c87e9541e7a567dd58ff933a,65,2026-09-04T07:12:12.065Z,Eredivisie,2023-24,2023-10-07,Almere City,Waalwijk,1,0,H,1,0,H,,source_reported_FT,Almere City,Waalwijk
footballcsv/cache.footballdata,https://raw.githubusercontent.com/footballcsv/cache.footballdata/f43a2aa0c65fb061c87e9541e7a567dd58ff933a/2023-24/nl.1.csv,f43a2aa0c65fb061c87e9541e7a567dd58ff933a,66,2026-09-04T07:12:12.065Z,Eredivisie,2023-24,2023-10-07,Go Ahead Eagles,Heracles,4,0,H,2,0,H,,source_reported_FT,Go Ahead Eagles,Heracles
footballcsv/cache.footballdata,https://raw.githubusercontent.com/footballcsv/cache.footballdata/f43a2aa0c65fb061c87e9541e7a567dd58ff933a/2023-24/nl.1.csv,f43a2aa0c65fb061c87e9541e7a567dd58ff933a,64,2026-09-04T07:12:12.065Z,Eredivisie,2023-24,2023-10-07,Heerenveen,Nijmegen,1,1,D,1,1,D,,source_reported_FT,Heerenveen,Nijmegen
footballcsv/cache.footballdata,https://raw.githubusercontent.com/footballcsv/cache.footballdata/f43a2aa0c65fb061c87e9541e7a567dd58ff933a/2023-24/nl.1.csv,f43a2aa0c65fb061c87e9541e7a567dd58ff933a,67,2026-09-04T07:12:12.065Z,Eredivisie,2023-24,2023-10-07,Vitesse,Excelsior,0,0,D,0,0,D,,source_reported_FT,Vitesse,Excelsior
footballcsv/cache.footballdata,https://raw.githubusercontent.com/footballcsv/cache.footballdata/f43a2aa0c65fb061c87e9541e7a567dd58ff933a/2023-24/nl.1.csv,f43a2aa0c65fb061c87e9541e7a567dd58ff933a,69,2026-09-04T07:12:12.065Z,Eredivisie,2023-24,2023-10-08,Ajax,AZ Alkmaar,1,2,A,0,1,A,,source_reported_FT,Ajax,AZ Alkmaar
footballcsv/cache.footballdata,https://raw.githubusercontent.com/footballcsv/cache.footballdata/f43a2aa0c65fb061c87e9541e7a567dd58ff933a/2023-24/nl.1.csv,f43a2aa0c65fb061c87e9541e7a567dd58ff933a,70,2026-09-04T07:12:12.065Z,Eredivisie,2023-24,2023-10-08,For Sittard,Twente,0,3,A,0,1,A,,source_reported_FT,For Sittard,Twente
footballcsv/cache.footballdata,https://raw.githubusercontent.com/footballcsv/cache.footballdata/f43a2aa0c65fb061c87e9541e7a567dd58ff933a/2023-24/nl.1.csv,f43a2aa0c65fb061c87e9541e7a567dd58ff933a,71,2026-09-04T07:12:12.065Z,Eredivisie,2023-24,2023-10-08,Sparta Rotterdam,PSV Eindhoven,0,4,A,0,0,D,,source_reported_FT,Sparta Rotterdam,PSV Eindhoven
footballcsv/cache.footballdata,https://raw.githubusercontent.com/footballcsv/cache.footballdata/f43a2aa0c65fb061c87e9541e7a567dd58ff933a/2023-24/nl.1.csv,f43a2aa0c65fb061c87e9541e7a567dd58ff933a,68,2026-09-04T07:12:12.065Z,Eredivisie,2023-24,2023-10-08,Zwolle,Feyenoord,0,2,A,0,1,A,,source_reported_FT,Zwolle,Feyenoord
footballcsv/cache.footballdata,https://raw.githubusercontent.com/footballcsv/cache.footballdata/f43a2aa0c65fb061c87e9541e7a567dd58ff933a/2023-24/nl.1.csv,f43a2aa0c65fb061c87e9541e7a567dd58ff933a,75,2026-09-04T07:12:12.065Z,Eredivisie,2023-24,2023-10-21,AZ Alkmaar,Heerenveen,3,0,H,1,0,H,,source_reported_FT,AZ Alkmaar,Heerenveen
footballcsv/cache.footballdata,https://raw.githubusercontent.com/footballcsv/cache.footballdata/f43a2aa0c65fb061c87e9541e7a567dd58ff933a/2023-24/nl.1.csv,f43a2aa0c65fb061c87e9541e7a567dd58ff933a,76,2026-09-04T07:12:12.065Z,Eredivisie,2023-24,2023-10-21,Feyenoord,Vitesse,4,0,H,2,0,H,,source_reported_FT,Feyenoord,Vitesse
footballcsv/cache.footballdata,https://raw.githubusercontent.com/footballcsv/cache.footballdata/f43a2aa0c65fb061c87e9541e7a567dd58ff933a/2023-24/nl.1.csv,f43a2aa0c65fb061c87e9541e7a567dd58ff933a,74,2026-09-04T07:12:12.065Z,Eredivisie,2023-24,2023-10-21,Nijmegen,Almere City,1,1,D,0,1,A,,source_reported_FT,Nijmegen,Almere City
footballcsv/cache.footballdata,https://raw.githubusercontent.com/footballcsv/cache.footballdata/f43a2aa0c65fb061c87e9541e7a567dd58ff933a/2023-24/nl.1.csv,f43a2aa0c65fb061c87e9541e7a567dd58ff933a,72,2026-09-04T07:12:12.065Z,Eredivisie,2023-24,2023-10-21,PSV Eindhoven,For Sittard,3,1,H,1,0,H,,source_reported_FT,PSV Eindhoven,For Sittard
footballcsv/cache.footballdata,https://raw.githubusercontent.com/footballcsv/cache.footballdata/f43a2aa0c65fb061c87e9541e7a567dd58ff933a/2023-24/nl.1.csv,f43a2aa0c65fb061c87e9541e7a567dd58ff933a,73,2026-09-04T07:12:12.065Z,Eredivisie,2023-24,2023-10-21,Waalwijk,Volendam,2,1,H,1,0,H,,source_reported_FT,Waalwijk,Volendam
footballcsv/cache.footballdata,https://raw.githubusercontent.com/footballcsv/cache.footballdata/f43a2aa0c65fb061c87e9541e7a567dd58ff933a/2023-24/nl.1.csv,f43a2aa0c65fb061c87e9541e7a567dd58ff933a,78,2026-09-04T07:12:12.065Z,Eredivisie,2023-24,2023-10-22,Excelsior,Zwolle,2,4,A,1,0,H,,source_reported_FT,Excelsior,Zwolle
footballcsv/cache.footballdata,https://raw.githubusercontent.com/footballcsv/cache.footballdata/f43a2aa0c65fb061c87e9541e7a567dd58ff933a/2023-24/nl.1.csv,f43a2aa0c65fb061c87e9541e7a567dd58ff933a,80,2026-09-04T07:12:12.065Z,Eredivisie,2023-24,2023-10-22,Go Ahead Eagles,Sparta Rotterdam,0,0,D,0,0,D,,source_reported_FT,Go Ahead Eagles,Sparta Rotterdam
footballcsv/cache.footballdata,https://raw.githubusercontent.com/footballcsv/cache.footballdata/f43a2aa0c65fb061c87e9541e7a567dd58ff933a/2023-24/nl.1.csv,f43a2aa0c65fb061c87e9541e7a567dd58ff933a,79,2026-09-04T07:12:12.065Z,Eredivisie,2023-24,2023-10-22,Heracles,Twente,2,2,D,0,2,A,,source_reported_FT,Heracles,Twente
footballcsv/cache.footballdata,https://raw.githubusercontent.com/footballcsv/cache.footballdata/f43a2aa0c65fb061c87e9541e7a567dd58ff933a/2023-24/nl.1.csv,f43a2aa0c65fb061c87e9541e7a567dd58ff933a,77,2026-09-04T07:12:12.065Z,Eredivisie,2023-24,2023-10-22,Utrecht,Ajax,4,3,H,1,0,H,,source_reported_FT,Utrecht,Ajax
footballcsv/cache.footballdata,https://raw.githubusercontent.com/footballcsv/cache.footballdata/f43a2aa0c65fb061c87e9541e7a567dd58ff933a/2023-24/nl.1.csv,f43a2aa0c65fb061c87e9541e7a567dd58ff933a,81,2026-09-04T07:12:12.065Z,Eredivisie,2023-24,2023-10-27,Vitesse,Zwolle,1,1,D,0,1,A,,source_reported_FT,Vitesse,Zwolle
footballcsv/cache.footballdata,https://raw.githubusercontent.com/footballcsv/cache.footballdata/f43a2aa0c65fb061c87e9541e7a567dd58ff933a/2023-24/nl.1.csv,f43a2aa0c65fb061c87e9541e7a567dd58ff933a,83,2026-09-04T07:12:12.065Z,Eredivisie,2023-24,2023-10-28,Almere City,Go Ahead Eagles,0,0,D,0,0,D,,source_reported_FT,Almere City,Go Ahead Eagles
footballcsv/cache.footballdata,https://raw.githubusercontent.com/footballcsv/cache.footballdata/f43a2aa0c65fb061c87e9541e7a567dd58ff933a/2023-24/nl.1.csv,f43a2aa0c65fb061c87e9541e7a567dd58ff933a,85,2026-09-04T07:12:12.065Z,Eredivisie,2023-24,2023-10-28,For Sittard,Utrecht,0,0,D,0,0,D,,source_reported_FT,For Sittard,Utrecht
footballcsv/cache.footballdata,https://raw.githubusercontent.com/footballcsv/cache.footballdata/f43a2aa0c65fb061c87e9541e7a567dd58ff933a/2023-24/nl.1.csv,f43a2aa0c65fb061c87e9541e7a567dd58ff933a,82,2026-09-04T07:12:12.065Z,Eredivisie,2023-24,2023-10-28,Heerenveen,Heracles,3,0,H,2,0,H,,source_reported_FT,Heerenveen,Heracles
footballcsv/cache.footballdata,https://raw.githubusercontent.com/footballcsv/cache.footballdata/f43a2aa0c65fb061c87e9541e7a567dd58ff933a/2023-24/nl.1.csv,f43a2aa0c65fb061c87e9541e7a567dd58ff933a,84,2026-09-04T07:12:12.065Z,Eredivisie,2023-24,2023-10-28,Sparta Rotterdam,Waalwijk,2,0,H,0,0,D,,source_reported_FT,Sparta Rotterdam,Waalwijk
footballcsv/cache.footballdata,https://raw.githubusercontent.com/footballcsv/cache.footballdata/f43a2aa0c65fb061c87e9541e7a567dd58ff933a/2023-24/nl.1.csv,f43a2aa0c65fb061c87e9541e7a567dd58ff933a,87,2026-09-04T07:12:12.065Z,Eredivisie,2023-24,2023-10-29,PSV Eindhoven,Ajax,5,2,H,1,2,A,,source_reported_FT,PSV Eindhoven,Ajax
footballcsv/cache.footballdata,https://raw.githubusercontent.com/footballcsv/cache.footballdata/f43a2aa0c65fb061c87e9541e7a567dd58ff933a/2023-24/nl.1.csv,f43a2aa0c65fb061c87e9541e7a567dd58ff933a,86,2026-09-04T07:12:12.065Z,Eredivisie,2023-24,2023-10-29,Twente,Feyenoord,2,1,H,1,0,H,,source_reported_FT,Twente,Feyenoord
footballcsv/cache.footballdata,https://raw.githubusercontent.com/footballcsv/cache.footballdata/f43a2aa0c65fb061c87e9541e7a567dd58ff933a/2023-24/nl.1.csv,f43a2aa0c65fb061c87e9541e7a567dd58ff933a,88,2026-09-04T07:12:12.065Z,Eredivisie,2023-24,2023-10-29,Volendam,Excelsior,3,1,H,0,1,A,,source_reported_FT,Volendam,Excelsior
footballcsv/cache.footballdata,https://raw.githubusercontent.com/footballcsv/cache.footballdata/f43a2aa0c65fb061c87e9541e7a567dd58ff933a/2023-24/nl.1.csv,f43a2aa0c65fb061c87e9541e7a567dd58ff933a,89,2026-09-04T07:12:12.065Z,Eredivisie,2023-24,2023-11-02,Ajax,Volendam,2,0,H,0,0,D,,source_reported_FT,Ajax,Volendam
footballcsv/cache.footballdata,https://raw.githubusercontent.com/footballcsv/cache.footballdata/f43a2aa0c65fb061c87e9541e7a567dd58ff933a/2023-24/nl.1.csv,f43a2aa0c65fb061c87e9541e7a567dd58ff933a,91,2026-09-04T07:12:12.065Z,Eredivisie,2023-24,2023-11-04,Excelsior,AZ Alkmaar,1,1,D,0,0,D,,source_reported_FT,Excelsior,AZ Alkmaar
footballcsv/cache.footballdata,https://raw.githubusercontent.com/footballcsv/cache.footballdata/f43a2aa0c65fb061c87e9541e7a567dd58ff933a/2023-24/nl.1.csv,f43a2aa0c65fb061c87e9541e7a567dd58ff933a,93,2026-09-04T07:12:12.065Z,Eredivisie,2023-24,2023-11-04,Go Ahead Eagles,Vitesse,5,1,H,1,0,H,,source_reported_FT,Go Ahead Eagles,Vitesse
footballcsv/cache.footballdata,https://raw.githubusercontent.com/footballcsv/cache.footballdata/f43a2aa0c65fb061c87e9541e7a567dd58ff933a/2023-24/nl.1.csv,f43a2aa0c65fb061c87e9541e7a567dd58ff933a,90,2026-09-04T07:12:12.065Z,Eredivisie,2023-24,2023-11-04,Heracles,PSV Eindhoven,0,6,A,0,2,A,,source_reported_FT,Heracles,PSV Eindhoven
footballcsv/cache.footballdata,https://raw.githubusercontent.com/footballcsv/cache.footballdata/f43a2aa0c65fb061c87e9541e7a567dd58ff933a/2023-24/nl.1.csv,f43a2aa0c65fb061c87e9541e7a567dd58ff933a,92,2026-09-04T07:12:12.065Z,Eredivisie,2023-24,2023-11-04,Waalwijk,Feyenoord,1,2,A,1,1,D,,source_reported_FT,Waalwijk,Feyenoord
footballcsv/cache.footballdata,https://raw.githubusercontent.com/footballcsv/cache.footballdata/f43a2aa0c65fb061c87e9541e7a567dd58ff933a/2023-24/nl.1.csv,f43a2aa0c65fb061c87e9541e7a567dd58ff933a,97,2026-09-04T07:12:12.065Z,Eredivisie,2023-24,2023-11-05,Ajax,Heerenveen,4,1,H,2,1,H,,source_reported_FT,Ajax,Heerenveen
footballcsv/cache.footballdata,https://raw.githubusercontent.com/footballcsv/cache.footballdata/f43a2aa0c65fb061c87e9541e7a567dd58ff933a/2023-24/nl.1.csv,f43a2aa0c65fb061c87e9541e7a567dd58ff933a,95,2026-09-04T07:12:12.065Z,Eredivisie,2023-24,2023-11-05,Nijmegen,Volendam,3,3,D,1,1,D,,source_reported_FT,Nijmegen,Volendam
footballcsv/cache.footballdata,https://raw.githubusercontent.com/footballcsv/cache.footballdata/f43a2aa0c65fb061c87e9541e7a567dd58ff933a/2023-24/nl.1.csv,f43a2aa0c65fb061c87e9541e7a567dd58ff933a,98,2026-09-04T07:12:12.065Z,Eredivisie,2023-24,2023-11-05,Sparta Rotterdam,Almere City,1,2,A,0,1,A,,source_reported_FT,Sparta Rotterdam,Almere City
footballcsv/cache.footballdata,https://raw.githubusercontent.com/footballcsv/cache.footballdata/f43a2aa0c65fb061c87e9541e7a567dd58ff933a/2023-24/nl.1.csv,f43a2aa0c65fb061c87e9541e7a567dd58ff933a,94,2026-09-04T07:12:12.065Z,Eredivisie,2023-24,2023-11-05,Utrecht,Twente,1,1,D,1,1,D,,source_reported_FT,Utrecht,Twente
footballcsv/cache.footballdata,https://raw.githubusercontent.com/footballcsv/cache.footballdata/f43a2aa0c65fb061c87e9541e7a567dd58ff933a/2023-24/nl.1.csv,f43a2aa0c65fb061c87e9541e7a567dd58ff933a,96,2026-09-04T07:12:12.065Z,Eredivisie,2023-24,2023-11-05,Zwolle,For Sittard,2,0,H,1,0,H,,source_reported_FT,Zwolle,For Sittard
footballcsv/cache.footballdata,https://raw.githubusercontent.com/footballcsv/cache.footballdata/f43a2aa0c65fb061c87e9541e7a567dd58ff933a/2023-24/nl.1.csv,f43a2aa0c65fb061c87e9541e7a567dd58ff933a,99,2026-09-04T07:12:12.065Z,Eredivisie,2023-24,2023-11-10,For Sittard,Heracles,4,1,H,4,0,H,,source_reported_FT,For Sittard,Heracles
footballcsv/cache.footballdata,https://raw.githubusercontent.com/footballcsv/cache.footballdata/f43a2aa0c65fb061c87e9541e7a567dd58ff933a/2023-24/nl.1.csv,f43a2aa0c65fb061c87e9541e7a567dd58ff933a,101,2026-09-04T07:12:12.065Z,Eredivisie,2023-24,2023-11-11,Twente,Nijmegen,3,3,D,1,0,H,,source_reported_FT,Twente,Nijmegen
footballcsv/cache.footballdata,https://raw.githubusercontent.com/footballcsv/cache.footballdata/f43a2aa0c65fb061c87e9541e7a567dd58ff933a/2023-24/nl.1.csv,f43a2aa0c65fb061c87e9541e7a567dd58ff933a,102,2026-09-04T07:12:12.065Z,Eredivisie,2023-24,2023-11-11,Vitesse,Heerenveen,1,3,A,1,1,D,,source_reported_FT,Vitesse,Heerenveen
footballcsv/cache.footballdata,https://raw.githubusercontent.com/footballcsv/cache.footballdata/f43a2aa0c65fb061c87e9541e7a567dd58ff933a/2023-24/nl.1.csv,f43a2aa0c65fb061c87e9541e7a567dd58ff933a,100,2026-09-04T07:12:12.065Z,Eredivisie,2023-24,2023-11-11,Waalwijk,Go Ahead Eagles,0,1,A,0,1,A,,source_reported_FT,Waalwijk,Go Ahead Eagles
footballcsv/cache.footballdata,https://raw.githubusercontent.com/footballcsv/cache.footballdata/f43a2aa0c65fb061c87e9541e7a567dd58ff933a/2023-24/nl.1.csv,f43a2aa0c65fb061c87e9541e7a567dd58ff933a,104,2026-09-04T07:12:12.065Z,Eredivisie,2023-24,2023-11-12,Almere City,Ajax,2,2,D,0,0,D,,source_reported_FT,Almere City,Ajax
footballcsv/cache.footballdata,https://raw.githubusercontent.com/footballcsv/cache.footballdata/f43a2aa0c65fb061c87e9541e7a567dd58ff933a/2023-24/nl.1.csv,f43a2aa0c65fb061c87e9541e7a567dd58ff933a,106,2026-09-04T07:12:12.065Z,Eredivisie,2023-24,2023-11-12,Feyenoord,AZ Alkmaar,1,0,H,1,0,H,,source_reported_FT,Feyenoord,AZ Alkmaar
footballcsv/cache.footballdata,https://raw.githubusercontent.com/footballcsv/cache.footballdata/f43a2aa0c65fb061c87e9541e7a567dd58ff933a/2023-24/nl.1.csv,f43a2aa0c65fb061c87e9541e7a567dd58ff933a,103,2026-09-04T07:12:12.065Z,Eredivisie,2023-24,2023-11-12,PSV Eindhoven,Zwolle,4,0,H,2,0,H,,source_reported_FT,PSV Eindhoven,Zwolle
footballcsv/cache.footballdata,https://raw.githubusercontent.com/footballcsv/cache.footballdata/f43a2aa0c65fb061c87e9541e7a567dd58ff933a/2023-24/nl.1.csv,f43a2aa0c65fb061c87e9541e7a567dd58ff933a,107,2026-09-04T07:12:12.065Z,Eredivisie,2023-24,2023-11-12,Utrecht,Excelsior,2,2,D,0,0,D,,source_reported_FT,Utrecht,Excelsior
footballcsv/cache.footballdata,https://raw.githubusercontent.com/footballcsv/cache.footballdata/f43a2aa0c65fb061c87e9541e7a567dd58ff933a/2023-24/nl.1.csv,f43a2aa0c65fb061c87e9541e7a567dd58ff933a,105,2026-09-04T07:12:12.065Z,Eredivisie,2023-24,2023-11-12,Volendam,Sparta Rotterdam,1,4,A,1,2,A,,source_reported_FT,Volendam,Sparta Rotterdam
footballcsv/cache.footballdata,https://raw.githubusercontent.com/footballcsv/cache.footballdata/f43a2aa0c65fb061c87e9541e7a567dd58ff933a/2023-24/nl.1.csv,f43a2aa0c65fb061c87e9541e7a567dd58ff933a,111,2026-09-04T07:12:12.065Z,Eredivisie,2023-24,2023-11-25,Ajax,Vitesse,5,0,H,2,0,H,,source_reported_FT,Ajax,Vitesse
footballcsv/cache.footballdata,https://raw.githubusercontent.com/footballcsv/cache.footballdata/f43a2aa0c65fb061c87e9541e7a567dd58ff933a/2023-24/nl.1.csv,f43a2aa0c65fb061c87e9541e7a567dd58ff933a,108,2026-09-04T07:12:12.065Z,Eredivisie,2023-24,2023-11-25,Excelsior,Feyenoord,2,4,A,1,1,D,,source_reported_FT,Excelsior,Feyenoord
footballcsv/cache.footballdata,https://raw.githubusercontent.com/footballcsv/cache.footballdata/f43a2aa0c65fb061c87e9541e7a567dd58ff933a/2023-24/nl.1.csv,f43a2aa0c65fb061c87e9541e7a567dd58ff933a,109,2026-09-04T07:12:12.065Z,Eredivisie,2023-24,2023-11-25,Heerenveen,For Sittard,3,0,H,1,0,H,,source_reported_FT,Heerenveen,For Sittard
footballcsv/cache.footballdata,https://raw.githubusercontent.com/footballcsv/cache.footballdata/f43a2aa0c65fb061c87e9541e7a567dd58ff933a/2023-24/nl.1.csv,f43a2aa0c65fb061c87e9541e7a567dd58ff933a,110,2026-09-04T07:12:12.065Z,Eredivisie,2023-24,2023-11-25,Twente,PSV Eindhoven,0,3,A,0,1,A,,source_reported_FT,Twente,PSV Eindhoven
footballcsv/cache.footballdata,https://raw.githubusercontent.com/footballcsv/cache.footballdata/f43a2aa0c65fb061c87e9541e7a567dd58ff933a/2023-24/nl.1.csv,f43a2aa0c65fb061c87e9541e7a567dd58ff933a,112,2026-09-04T07:12:12.065Z,Eredivisie,2023-24,2023-11-25,Zwolle,Waalwijk,1,2,A,1,1,D,,source_reported_FT,Zwolle,Waalwijk
footballcsv/cache.footballdata,https://raw.githubusercontent.com/footballcsv/cache.footballdata/f43a2aa0c65fb061c87e9541e7a567dd58ff933a/2023-24/nl.1.csv,f43a2aa0c65fb061c87e9541e7a567dd58ff933a,114,2026-09-04T07:12:12.065Z,Eredivisie,2023-24,2023-11-26,AZ Alkmaar,Volendam,3,0,H,1,0,H,,source_reported_FT,AZ Alkmaar,Volendam
footballcsv/cache.footballdata,https://raw.githubusercontent.com/footballcsv/cache.footballdata/f43a2aa0c65fb061c87e9541e7a567dd58ff933a/2023-24/nl.1.csv,f43a2aa0c65fb061c87e9541e7a567dd58ff933a,113,2026-09-04T07:12:12.065Z,Eredivisie,2023-24,2023-11-26,Almere City,Heracles,0,5,A,0,1,A,,source_reported_FT,Almere City,Heracles
footballcsv/cache.footballdata,https://raw.githubusercontent.com/footballcsv/cache.footballdata/f43a2aa0c65fb061c87e9541e7a567dd58ff933a/2023-24/nl.1.csv,f43a2aa0c65fb061c87e9541e7a567dd58ff933a,115,2026-09-04T07:12:12.065Z,Eredivisie,2023-24,2023-11-26,Nijmegen,Go Ahead Eagles,1,1,D,0,0,D,,source_reported_FT,Nijmegen,Go Ahead Eagles
footballcsv/cache.footballdata,https://raw.githubusercontent.com/footballcsv/cache.footballdata/f43a2aa0c65fb061c87e9541e7a567dd58ff933a/2023-24/nl.1.csv,f43a2aa0c65fb061c87e9541e7a567dd58ff933a,116,2026-09-04T07:12:12.065Z,Eredivisie,2023-24,2023-11-26,Sparta Rotterdam,Utrecht,1,2,A,1,1,D,,source_reported_FT,Sparta Rotterdam,Utrecht
footballcsv/cache.footballdata,https://raw.githubusercontent.com/footballcsv/cache.footballdata/f43a2aa0c65fb061c87e9541e7a567dd58ff933a/2023-24/nl.1.csv,f43a2aa0c65fb061c87e9541e7a567dd58ff933a,117,2026-09-04T07:12:12.065Z,Eredivisie,2023-24,2023-12-01,Heerenveen,Almere City,3,0,H,2,0,H,,source_reported_FT,Heerenveen,Almere City
footballcsv/cache.footballdata,https://raw.githubusercontent.com/footballcsv/cache.footballdata/f43a2aa0c65fb061c87e9541e7a567dd58ff933a/2023-24/nl.1.csv,f43a2aa0c65fb061c87e9541e7a567dd58ff933a,119,2026-09-04T07:12:12.065Z,Eredivisie,2023-24,2023-12-02,For Sittard,Vitesse,3,1,H,2,0,H,,source_reported_FT,For Sittard,Vitesse
footballcsv/cache.footballdata,https://raw.githubusercontent.com/footballcsv/cache.footballdata/f43a2aa0c65fb061c87e9541e7a567dd58ff933a/2023-24/nl.1.csv,f43a2aa0c65fb061c87e9541e7a567dd58ff933a,121,2026-09-04T07:12:12.065Z,Eredivisie,2023-24,2023-12-02,Heracles,Sparta Rotterdam,0,1,A,0,0,D,,source_reported_FT,Heracles,Sparta Rotterdam
footballcsv/cache.footballdata,https://raw.githubusercontent.com/footballcsv/cache.footballdata/f43a2aa0c65fb061c87e9541e7a567dd58ff933a/2023-24/nl.1.csv,f43a2aa0c65fb061c87e9541e7a567dd58ff933a,118,2026-09-04T07:12:12.065Z,Eredivisie,2023-24,2023-12-02,Volendam,Zwolle,0,5,A,0,0,D,,source_reported_FT,Volendam,Zwolle
footballcsv/cache.footballdata,https://raw.githubusercontent.com/footballcsv/cache.footballdata/f43a2aa0c65fb061c87e9541e7a567dd58ff933a/2023-24/nl.1.csv,f43a2aa0c65fb061c87e9541e7a567dd58ff933a,120,2026-09-04T07:12:12.065Z,Eredivisie,2023-24,2023-12-02,Waalwijk,Excelsior,2,2,D,1,0,H,,source_reported_FT,Waalwijk,Excelsior
footballcsv/cache.footballdata,https://raw.githubusercontent.com/footballcsv/cache.footballdata/f43a2aa0c65fb061c87e9541e7a567dd58ff933a/2023-24/nl.1.csv,f43a2aa0c65fb061c87e9541e7a567dd58ff933a,122,2026-09-04T07:12:12.065Z,Eredivisie,2023-24,2023-12-03,Feyenoord,PSV Eindhoven,1,2,A,0,0,D,,source_reported_FT,Feyenoord,PSV Eindhoven
footballcsv/cache.footballdata,https://raw.githubusercontent.com/footballcsv/cache.footballdata/f43a2aa0c65fb061c87e9541e7a567dd58ff933a/2023-24/nl.1.csv,f43a2aa0c65fb061c87e9541e7a567dd58ff933a,123,2026-09-04T07:12:12.065Z,Eredivisie,2023-24,2023-12-03,Go Ahead Eagles,Twente,1,3,A,0,2,A,,source_reported_FT,Go Ahead Eagles,Twente
footballcsv/cache.footballdata,https://raw.githubusercontent.com/footballcsv/cache.footballdata/f43a2aa0c65fb061c87e9541e7a567dd58ff933a/2023-24/nl.1.csv,f43a2aa0c65fb061c87e9541e7a567dd58ff933a,124,2026-09-04T07:12:12.065Z,Eredivisie,2023-24,2023-12-03,Nijmegen,Ajax,1,2,A,0,0,D,,source_reported_FT,Nijmegen,Ajax
footballcsv/cache.footballdata,https://raw.githubusercontent.com/footballcsv/cache.footballdata/f43a2aa0c65fb061c87e9541e7a567dd58ff933a/2023-24/nl.1.csv,f43a2aa0c65fb061c87e9541e7a567dd58ff933a,125,2026-09-04T07:12:12.065Z,Eredivisie,2023-24,2023-12-03,Utrecht,AZ Alkmaar,1,1,D,0,1,A,,source_reported_FT,Utrecht,AZ Alkmaar
footballcsv/cache.footballdata,https://raw.githubusercontent.com/footballcsv/cache.footballdata/f43a2aa0c65fb061c87e9541e7a567dd58ff933a/2023-24/nl.1.csv,f43a2aa0c65fb061c87e9541e7a567dd58ff933a,126,2026-09-04T07:12:12.065Z,Eredivisie,2023-24,2023-12-06,AZ Alkmaar,Nijmegen,1,2,A,0,2,A,,source_reported_FT,AZ Alkmaar,Nijmegen
footballcsv/cache.footballdata,https://raw.githubusercontent.com/footballcsv/cache.footballdata/f43a2aa0c65fb061c87e9541e7a567dd58ff933a/2023-24/nl.1.csv,f43a2aa0c65fb061c87e9541e7a567dd58ff933a,127,2026-09-04T07:12:12.065Z,Eredivisie,2023-24,2023-12-06,Waalwijk,Ajax,2,3,A,1,2,A,,source_reported_FT,Waalwijk,Ajax
footballcsv/cache.footballdata,https://raw.githubusercontent.com/footballcsv/cache.footballdata/f43a2aa0c65fb061c87e9541e7a567dd58ff933a/2023-24/nl.1.csv,f43a2aa0c65fb061c87e9541e7a567dd58ff933a,129,2026-09-04T07:12:12.065Z,Eredivisie,2023-24,2023-12-07,Feyenoord,Volendam,3,1,H,1,1,D,,source_reported_FT,Feyenoord,Volendam
footballcsv/cache.footballdata,https://raw.githubusercontent.com/footballcsv/cache.footballdata/f43a2aa0c65fb061c87e9541e7a567dd58ff933a/2023-24/nl.1.csv,f43a2aa0c65fb061c87e9541e7a567dd58ff933a,128,2026-09-04T07:12:12.065Z,Eredivisie,2023-24,2023-12-07,PSV Eindhoven,Heerenveen,2,0,H,1,0,H,,source_reported_FT,PSV Eindhoven,Heerenveen
footballcsv/cache.footballdata,https://raw.githubusercontent.com/footballcsv/cache.footballdata/f43a2aa0c65fb061c87e9541e7a567dd58ff933a/2023-24/nl.1.csv,f43a2aa0c65fb061c87e9541e7a567dd58ff933a,130,2026-09-04T07:12:12.065Z,Eredivisie,2023-24,2023-12-08,Twente,Excelsior,4,2,H,1,2,A,,source_reported_FT,Twente,Excelsior
footballcsv/cache.footballdata,https://raw.githubusercontent.com/footballcsv/cache.footballdata/f43a2aa0c65fb061c87e9541e7a567dd58ff933a/2023-24/nl.1.csv,f43a2aa0c65fb061c87e9541e7a567dd58ff933a,133,2026-09-04T07:12:12.065Z,Eredivisie,2023-24,2023-12-09,AZ Alkmaar,Almere City,4,1,H,1,0,H,,source_reported_FT,AZ Alkmaar,Almere City
footballcsv/cache.footballdata,https://raw.githubusercontent.com/footballcsv/cache.footballdata/f43a2aa0c65fb061c87e9541e7a567dd58ff933a/2023-24/nl.1.csv,f43a2aa0c65fb061c87e9541e7a567dd58ff933a,131,2026-09-04T07:12:12.065Z,Eredivisie,2023-24,2023-12-09,Ajax,Sparta Rotterdam,2,1,H,2,0,H,,source_reported_FT,Ajax,Sparta Rotterdam
footballcsv/cache.footballdata,https://raw.githubusercontent.com/footballcsv/cache.footballdata/f43a2aa0c65fb061c87e9541e7a567dd58ff933a/2023-24/nl.1.csv,f43a2aa0c65fb061c87e9541e7a567dd58ff933a,132,2026-09-04T07:12:12.065Z,Eredivisie,2023-24,2023-12-09,Zwolle,Nijmegen,1,3,A,0,1,A,,source_reported_FT,Zwolle,Nijmegen
footballcsv/cache.footballdata,https://raw.githubusercontent.com/footballcsv/cache.footballdata/f43a2aa0c65fb061c87e9541e7a567dd58ff933a/2023-24/nl.1.csv,f43a2aa0c65fb061c87e9541e7a567dd58ff933a,135,2026-09-04T07:12:12.065Z,Eredivisie,2023-24,2023-12-10,For Sittard,Waalwijk,1,0,H,0,0,D,,source_reported_FT,For Sittard,Waalwijk
footballcsv/cache.footballdata,https://raw.githubusercontent.com/footballcsv/cache.footballdata/f43a2aa0c65fb061c87e9541e7a567dd58ff933a/2023-24/nl.1.csv,f43a2aa0c65fb061c87e9541e7a567dd58ff933a,134,2026-09-04T07:12:12.065Z,Eredivisie,2023-24,2023-12-10,Go Ahead Eagles,Utrecht,0,2,A,0,2,A,,source_reported_FT,Go Ahead Eagles,Utrecht
footballcsv/cache.footballdata,https://raw.githubusercontent.com/footballcsv/cache.footballdata/f43a2aa0c65fb061c87e9541e7a567dd58ff933a/2023-24/nl.1.csv,f43a2aa0c65fb061c87e9541e7a567dd58ff933a,136,2026-09-04T07:12:12.065Z,Eredivisie,2023-24,2023-12-10,Vitesse,Heracles,2,0,H,1,0,H,,source_reported_FT,Vitesse,Heracles
footballcsv/cache.footballdata,https://raw.githubusercontent.com/footballcsv/cache.footballdata/f43a2aa0c65fb061c87e9541e7a567dd58ff933a/2023-24/nl.1.csv,f43a2aa0c65fb061c87e9541e7a567dd58ff933a,137,2026-09-04T07:12:12.065Z,Eredivisie,2023-24,2023-12-15,Nijmegen,For Sittard,4,1,H,2,0,H,,source_reported_FT,Nijmegen,For Sittard
footballcsv/cache.footballdata,https://raw.githubusercontent.com/footballcsv/cache.footballdata/f43a2aa0c65fb061c87e9541e7a567dd58ff933a/2023-24/nl.1.csv,f43a2aa0c65fb061c87e9541e7a567dd58ff933a,139,2026-09-04T07:12:12.065Z,Eredivisie,2023-24,2023-12-16,Excelsior,Go Ahead Eagles,1,1,D,0,0,D,,source_reported_FT,Excelsior,Go Ahead Eagles
footballcsv/cache.footballdata,https://raw.githubusercontent.com/footballcsv/cache.footballdata/f43a2aa0c65fb061c87e9541e7a567dd58ff933a/2023-24/nl.1.csv,f43a2aa0c65fb061c87e9541e7a567dd58ff933a,140,2026-09-04T07:12:12.065Z,Eredivisie,2023-24,2023-12-16,Heerenveen,Volendam,1,2,A,0,1,A,,source_reported_FT,Heerenveen,Volendam
footballcsv/cache.footballdata,https://raw.githubusercontent.com/footballcsv/cache.footballdata/f43a2aa0c65fb061c87e9541e7a567dd58ff933a/2023-24/nl.1.csv,f43a2aa0c65fb061c87e9541e7a567dd58ff933a,138,2026-09-04T07:12:12.065Z,Eredivisie,2023-24,2023-12-16,Utrecht,Waalwijk,1,1,D,1,1,D,,source_reported_FT,Utrecht,Waalwijk
footballcsv/cache.footballdata,https://raw.githubusercontent.com/footballcsv/cache.footballdata/f43a2aa0c65fb061c87e9541e7a567dd58ff933a/2023-24/nl.1.csv,f43a2aa0c65fb061c87e9541e7a567dd58ff933a,145,2026-09-04T07:12:12.065Z,Eredivisie,2023-24,2023-12-17,AZ Alkmaar,PSV Eindhoven,0,4,A,0,3,A,,source_reported_FT,AZ Alkmaar,PSV Eindhoven
footballcsv/cache.footballdata,https://raw.githubusercontent.com/footballcsv/cache.footballdata/f43a2aa0c65fb061c87e9541e7a567dd58ff933a/2023-24/nl.1.csv,f43a2aa0c65fb061c87e9541e7a567dd58ff933a,144,2026-09-04T07:12:12.065Z,Eredivisie,2023-24,2023-12-17,Ajax,Zwolle,2,2,D,1,0,H,,source_reported_FT,Ajax,Zwolle
footballcsv/cache.footballdata,https://raw.githubusercontent.com/footballcsv/cache.footballdata/f43a2aa0c65fb061c87e9541e7a567dd58ff933a/2023-24/nl.1.csv,f43a2aa0c65fb061c87e9541e7a567dd58ff933a,141,2026-09-04T07:12:12.065Z,Eredivisie,2023-24,2023-12-17,Almere City,Vitesse,5,0,H,2,0,H,,source_reported_FT,Almere City,Vitesse
footballcsv/cache.footballdata,https://raw.githubusercontent.com/footballcsv/cache.footballdata/f43a2aa0c65fb061c87e9541e7a567dd58ff933a/2023-24/nl.1.csv,f43a2aa0c65fb061c87e9541e7a567dd58ff933a,142,2026-09-04T07:12:12.065Z,Eredivisie,2023-24,2023-12-17,Heracles,Feyenoord,0,4,A,0,2,A,,source_reported_FT,Heracles,Feyenoord
footballcsv/cache.footballdata,https://raw.githubusercontent.com/footballcsv/cache.footballdata/f43a2aa0c65fb061c87e9541e7a567dd58ff933a/2023-24/nl.1.csv,f43a2aa0c65fb061c87e9541e7a567dd58ff933a,143,2026-09-04T07:12:12.065Z,Eredivisie,2023-24,2023-12-17,Sparta Rotterdam,Twente,2,2,D,0,1,A,,source_reported_FT,Sparta Rotterdam,Twente
footballcsv/cache.footballdata,https://raw.githubusercontent.com/footballcsv/cache.footballdata/f43a2aa0c65fb061c87e9541e7a567dd58ff933a/2023-24/nl.1.csv,f43a2aa0c65fb061c87e9541e7a567dd58ff933a,146,2026-09-04T07:12:12.065Z,Eredivisie,2023-24,2024-01-12,Waalwijk,Heracles,1,2,A,0,1,A,,source_reported_FT,Waalwijk,Heracles
footballcsv/cache.footballdata,https://raw.githubusercontent.com/footballcsv/cache.footballdata/f43a2aa0c65fb061c87e9541e7a567dd58ff933a/2023-24/nl.1.csv,f43a2aa0c65fb061c87e9541e7a567dd58ff933a,147,2026-09-04T07:12:12.065Z,Eredivisie,2023-24,2024-01-13,For Sittard,Sparta Rotterdam,0,2,A,0,1,A,,source_reported_FT,For Sittard,Sparta Rotterdam
footballcsv/cache.footballdata,https://raw.githubusercontent.com/footballcsv/cache.footballdata/f43a2aa0c65fb061c87e9541e7a567dd58ff933a/2023-24/nl.1.csv,f43a2aa0c65fb061c87e9541e7a567dd58ff933a,150,2026-09-04T07:12:12.065Z,Eredivisie,2023-24,2024-01-13,PSV Eindhoven,Excelsior,3,1,H,2,0,H,,source_reported_FT,PSV Eindhoven,Excelsior
footballcsv/cache.footballdata,https://raw.githubusercontent.com/footballcsv/cache.footballdata/f43a2aa0c65fb061c87e9541e7a567dd58ff933a/2023-24/nl.1.csv,f43a2aa0c65fb061c87e9541e7a567dd58ff933a,148,2026-09-04T07:12:12.065Z,Eredivisie,2023-24,2024-01-13,Twente,AZ Alkmaar,2,1,H,1,1,D,,source_reported_FT,Twente,AZ Alkmaar
footballcsv/cache.footballdata,https://raw.githubusercontent.com/footballcsv/cache.footballdata/f43a2aa0c65fb061c87e9541e7a567dd58ff933a/2023-24/nl.1.csv,f43a2aa0c65fb061c87e9541e7a567dd58ff933a,149,2026-09-04T07:12:12.065Z,Eredivisie,2023-24,2024-01-13,Zwolle,Heerenveen,2,2,D,0,1,A,,source_reported_FT,Zwolle,Heerenveen
footballcsv/cache.footballdata,https://raw.githubusercontent.com/footballcsv/cache.footballdata/f43a2aa0c65fb061c87e9541e7a567dd58ff933a/2023-24/nl.1.csv,f43a2aa0c65fb061c87e9541e7a567dd58ff933a,154,2026-09-04T07:12:12.065Z,Eredivisie,2023-24,2024-01-14,Feyenoord,Nijmegen,2,2,D,2,1,H,,source_reported_FT,Feyenoord,Nijmegen
footballcsv/cache.footballdata,https://raw.githubusercontent.com/footballcsv/cache.footballdata/f43a2aa0c65fb061c87e9541e7a567dd58ff933a/2023-24/nl.1.csv,f43a2aa0c65fb061c87e9541e7a567dd58ff933a,152,2026-09-04T07:12:12.065Z,Eredivisie,2023-24,2024-01-14,Go Ahead Eagles,Ajax,2,3,A,1,2,A,,source_reported_FT,Go Ahead Eagles,Ajax
footballcsv/cache.footballdata,https://raw.githubusercontent.com/footballcsv/cache.footballdata/f43a2aa0c65fb061c87e9541e7a567dd58ff933a/2023-24/nl.1.csv,f43a2aa0c65fb061c87e9541e7a567dd58ff933a,153,2026-09-04T07:12:12.065Z,Eredivisie,2023-24,2024-01-14,Vitesse,Utrecht,0,0,D,0,0,D,,source_reported_FT,Vitesse,Utrecht
footballcsv/cache.footballdata,https://raw.githubusercontent.com/footballcsv/cache.footballdata/f43a2aa0c65fb061c87e9541e7a567dd58ff933a/2023-24/nl.1.csv,f43a2aa0c65fb061c87e9541e7a567dd58ff933a,151,2026-09-04T07:12:12.065Z,Eredivisie,2023-24,2024-01-14,Volendam,Almere City,0,1,A,0,1,A,,source_reported_FT,Volendam,Almere City
footballcsv/cache.footballdata,https://raw.githubusercontent.com/footballcsv/cache.footballdata/f43a2aa0c65fb061c87e9541e7a567dd58ff933a/2023-24/nl.1.csv,f43a2aa0c65fb061c87e9541e7a567dd58ff933a,155,2026-09-04T07:12:12.065Z,Eredivisie,2023-24,2024-01-19,Excelsior,Heerenveen,3,0,H,2,0,H,,source_reported_FT,Excelsior,Heerenveen
footballcsv/cache.footballdata,https://raw.githubusercontent.com/footballcsv/cache.footballdata/f43a2aa0c65fb061c87e9541e7a567dd58ff933a/2023-24/nl.1.csv,f43a2aa0c65fb061c87e9541e7a567dd58ff933a,158,2026-09-04T07:12:12.065Z,Eredivisie,2023-24,2024-01-20,AZ Alkmaar,Zwolle,2,2,D,0,0,D,,source_reported_FT,AZ Alkmaar,Zwolle
footballcsv/cache.footballdata,https://raw.githubusercontent.com/footballcsv/cache.footballdata/f43a2aa0c65fb061c87e9541e7a567dd58ff933a/2023-24/nl.1.csv,f43a2aa0c65fb061c87e9541e7a567dd58ff933a,157,2026-09-04T07:12:12.065Z,Eredivisie,2023-24,2024-01-20,Heracles,Volendam,1,1,D,0,1,A,,source_reported_FT,Heracles,Volendam
footballcsv/cache.footballdata,https://raw.githubusercontent.com/footballcsv/cache.footballdata/f43a2aa0c65fb061c87e9541e7a567dd58ff933a/2023-24/nl.1.csv,f43a2aa0c65fb061c87e9541e7a567dd58ff933a,156,2026-09-04T07:12:12.065Z,Eredivisie,2023-24,2024-01-20,Nijmegen,Twente,1,0,H,0,0,D,,source_reported_FT,Nijmegen,Twente
footballcsv/cache.footballdata,https://raw.githubusercontent.com/footballcsv/cache.footballdata/f43a2aa0c65fb061c87e9541e7a567dd58ff933a/2023-24/nl.1.csv,f43a2aa0c65fb061c87e9541e7a567dd58ff933a,162,2026-09-04T07:12:12.065Z,Eredivisie,2023-24,2024-01-21,Ajax,Waalwijk,4,1,H,2,1,H,,source_reported_FT,Ajax,Waalwijk
footballcsv/cache.footballdata,https://raw.githubusercontent.com/footballcsv/cache.footballdata/f43a2aa0c65fb061c87e9541e7a567dd58ff933a/2023-24/nl.1.csv,f43a2aa0c65fb061c87e9541e7a567dd58ff933a,160,2026-09-04T07:12:12.065Z,Eredivisie,2023-24,2024-01-21,Sparta Rotterdam,Go Ahead Eagles,0,2,A,0,1,A,,source_reported_FT,Sparta Rotterdam,Go Ahead Eagles
footballcsv/cache.footballdata,https://raw.githubusercontent.com/footballcsv/cache.footballdata/f43a2aa0c65fb061c87e9541e7a567dd58ff933a/2023-24/nl.1.csv,f43a2aa0c65fb061c87e9541e7a567dd58ff933a,159,2026-09-04T07:12:12.065Z,Eredivisie,2023-24,2024-01-21,Utrecht,PSV Eindhoven,1,1,D,0,1,A,,source_reported_FT,Utrecht,PSV Eindhoven
footballcsv/cache.footballdata,https://raw.githubusercontent.com/footballcsv/cache.footballdata/f43a2aa0c65fb061c87e9541e7a567dd58ff933a/2023-24/nl.1.csv,f43a2aa0c65fb061c87e9541e7a567dd58ff933a,161,2026-09-04T07:12:12.065Z,Eredivisie,2023-24,2024-01-21,Vitesse,Feyenoord,1,2,A,0,1,A,,source_reported_FT,Vitesse,Feyenoord
footballcsv/cache.footballdata,https://raw.githubusercontent.com/footballcsv/cache.footballdata/f43a2aa0c65fb061c87e9541e7a567dd58ff933a/2023-24/nl.1.csv,f43a2aa0c65fb061c87e9541e7a567dd58ff933a,163,2026-09-04T07:12:12.065Z,Eredivisie,2023-24,2024-01-24,Almere City,For Sittard,0,0,D,0,0,D,,source_reported_FT,Almere City,For Sittard
footballcsv/cache.footballdata,https://raw.githubusercontent.com/footballcsv/cache.footballdata/f43a2aa0c65fb061c87e9541e7a567dd58ff933a/2023-24/nl.1.csv,f43a2aa0c65fb061c87e9541e7a567dd58ff933a,164,2026-09-04T07:12:12.065Z,Eredivisie,2023-24,2024-01-26,Zwolle,Vitesse,1,0,H,1,0,H,,source_reported_FT,Zwolle,Vitesse
footballcsv/cache.footballdata,https://raw.githubusercontent.com/footballcsv/cache.footballdata/f43a2aa0c65fb061c87e9541e7a567dd58ff933a/2023-24/nl.1.csv,f43a2aa0c65fb061c87e9541e7a567dd58ff933a,167,2026-09-04T07:12:12.065Z,Eredivisie,2023-24,2024-01-27,Excelsior,Utrecht,1,1,D,0,0,D,,source_reported_FT,Excelsior,Utrecht
footballcsv/cache.footballdata,https://raw.githubusercontent.com/footballcsv/cache.footballdata/f43a2aa0c65fb061c87e9541e7a567dd58ff933a/2023-24/nl.1.csv,f43a2aa0c65fb061c87e9541e7a567dd58ff933a,168,2026-09-04T07:12:12.065Z,Eredivisie,2023-24,2024-01-27,Heracles,Ajax,2,4,A,1,1,D,,source_reported_FT,Heracles,Ajax
footballcsv/cache.footballdata,https://raw.githubusercontent.com/footballcsv/cache.footballdata/f43a2aa0c65fb061c87e9541e7a567dd58ff933a/2023-24/nl.1.csv,f43a2aa0c65fb061c87e9541e7a567dd58ff933a,165,2026-09-04T07:12:12.065Z,Eredivisie,2023-24,2024-01-27,PSV Eindhoven,Almere City,2,0,H,1,0,H,,source_reported_FT,PSV Eindhoven,Almere City
footballcsv/cache.footballdata,https://raw.githubusercontent.com/footballcsv/cache.footballdata/f43a2aa0c65fb061c87e9541e7a567dd58ff933a/2023-24/nl.1.csv,f43a2aa0c65fb061c87e9541e7a567dd58ff933a,166,2026-09-04T07:12:12.065Z,Eredivisie,2023-24,2024-01-27,Waalwijk,Sparta Rotterdam,1,1,D,0,0,D,,source_reported_FT,Waalwijk,Sparta Rotterdam
footballcsv/cache.footballdata,https://raw.githubusercontent.com/footballcsv/cache.footballdata/f43a2aa0c65fb061c87e9541e7a567dd58ff933a/2023-24/nl.1.csv,f43a2aa0c65fb061c87e9541e7a567dd58ff933a,170,2026-09-04T07:12:12.065Z,Eredivisie,2023-24,2024-01-28,Feyenoord,Twente,0,0,D,0,0,D,,source_reported_FT,Feyenoord,Twente
footballcsv/cache.footballdata,https://raw.githubusercontent.com/footballcsv/cache.footballdata/f43a2aa0c65fb061c87e9541e7a567dd58ff933a/2023-24/nl.1.csv,f43a2aa0c65fb061c87e9541e7a567dd58ff933a,171,2026-09-04T07:12:12.065Z,Eredivisie,2023-24,2024-01-28,Go Ahead Eagles,Nijmegen,2,2,D,0,1,A,,source_reported_FT,Go Ahead Eagles,Nijmegen
footballcsv/cache.footballdata,https://raw.githubusercontent.com/footballcsv/cache.footballdata/f43a2aa0c65fb061c87e9541e7a567dd58ff933a/2023-24/nl.1.csv,f43a2aa0c65fb061c87e9541e7a567dd58ff933a,169,2026-09-04T07:12:12.065Z,Eredivisie,2023-24,2024-01-28,Heerenveen,AZ Alkmaar,2,2,D,1,1,D,,source_reported_FT,Heerenveen,AZ Alkmaar
footballcsv/cache.footballdata,https://raw.githubusercontent.com/footballcsv/cache.footballdata/f43a2aa0c65fb061c87e9541e7a567dd58ff933a/2023-24/nl.1.csv,f43a2aa0c65fb061c87e9541e7a567dd58ff933a,172,2026-09-04T07:12:12.065Z,Eredivisie,2023-24,2024-01-28,Volendam,For Sittard,0,1,A,0,0,D,,source_reported_FT,Volendam,For Sittard
footballcsv/cache.footballdata,https://raw.githubusercontent.com/footballcsv/cache.footballdata/f43a2aa0c65fb061c87e9541e7a567dd58ff933a/2023-24/nl.1.csv,f43a2aa0c65fb061c87e9541e7a567dd58ff933a,173,2026-09-04T07:12:12.065Z,Eredivisie,2023-24,2024-02-02,Almere City,Excelsior,2,1,H,1,1,D,,source_reported_FT,Almere City,Excelsior
footballcsv/cache.footballdata,https://raw.githubusercontent.com/footballcsv/cache.footballdata/f43a2aa0c65fb061c87e9541e7a567dd58ff933a/2023-24/nl.1.csv,f43a2aa0c65fb061c87e9541e7a567dd58ff933a,176,2026-09-04T07:12:12.065Z,Eredivisie,2023-24,2024-02-03,Ajax,PSV Eindhoven,1,1,D,1,1,D,,source_reported_FT,Ajax,PSV Eindhoven
footballcsv/cache.footballdata,https://raw.githubusercontent.com/footballcsv/cache.footballdata/f43a2aa0c65fb061c87e9541e7a567dd58ff933a/2023-24/nl.1.csv,f43a2aa0c65fb061c87e9541e7a567dd58ff933a,175,2026-09-04T07:12:12.065Z,Eredivisie,2023-24,2024-02-03,For Sittard,Heerenveen,3,3,D,0,2,A,,source_reported_FT,For Sittard,Heerenveen
footballcsv/cache.footballdata,https://raw.githubusercontent.com/footballcsv/cache.footballdata/f43a2aa0c65fb061c87e9541e7a567dd58ff933a/2023-24/nl.1.csv,f43a2aa0c65fb061c87e9541e7a567dd58ff933a,177,2026-09-04T07:12:12.065Z,Eredivisie,2023-24,2024-02-03,Nijmegen,Heracles,3,1,H,0,1,A,,source_reported_FT,Nijmegen,Heracles
footballcsv/cache.footballdata,https://raw.githubusercontent.com/footballcsv/cache.footballdata/f43a2aa0c65fb061c87e9541e7a567dd58ff933a/2023-24/nl.1.csv,f43a2aa0c65fb061c87e9541e7a567dd58ff933a,174,2026-09-04T07:12:12.065Z,Eredivisie,2023-24,2024-02-03,Twente,Waalwijk,3,0,H,1,0,H,,source_reported_FT,Twente,Waalwijk
footballcsv/cache.footballdata,https://raw.githubusercontent.com/footballcsv/cache.footballdata/f43a2aa0c65fb061c87e9541e7a567dd58ff933a/2023-24/nl.1.csv,f43a2aa0c65fb061c87e9541e7a567dd58ff933a,179,2026-09-04T07:12:12.065Z,Eredivisie,2023-24,2024-02-04,AZ Alkmaar,Feyenoord,0,1,A,0,1,A,,source_reported_FT,AZ Alkmaar,Feyenoord
footballcsv/cache.footballdata,https://raw.githubusercontent.com/footballcsv/cache.footballdata/f43a2aa0c65fb061c87e9541e7a567dd58ff933a/2023-24/nl.1.csv,f43a2aa0c65fb061c87e9541e7a567dd58ff933a,181,2026-09-04T07:12:12.065Z,Eredivisie,2023-24,2024-02-04,Sparta Rotterdam,Zwolle,0,2,A,0,1,A,,source_reported_FT,Sparta Rotterdam,Zwolle
footballcsv/cache.footballdata,https://raw.githubusercontent.com/footballcsv/cache.footballdata/f43a2aa0c65fb061c87e9541e7a567dd58ff933a/2023-24/nl.1.csv,f43a2aa0c65fb061c87e9541e7a567dd58ff933a,180,2026-09-04T07:12:12.065Z,Eredivisie,2023-24,2024-02-04,Utrecht,Volendam,4,2,H,2,1,H,,source_reported_FT,Utrecht,Volendam
footballcsv/cache.footballdata,https://raw.githubusercontent.com/footballcsv/cache.footballdata/f43a2aa0c65fb061c87e9541e7a567dd58ff933a/2023-24/nl.1.csv,f43a2aa0c65fb061c87e9541e7a567dd58ff933a,178,2026-09-04T07:12:12.065Z,Eredivisie,2023-24,2024-02-04,Vitesse,Go Ahead Eagles,0,2,A,0,1,A,,source_reported_FT,Vitesse,Go Ahead Eagles
footballcsv/cache.footballdata,https://raw.githubusercontent.com/footballcsv/cache.footballdata/f43a2aa0c65fb061c87e9541e7a567dd58ff933a/2023-24/nl.1.csv,f43a2aa0c65fb061c87e9541e7a567dd58ff933a,182,2026-09-04T07:12:12.065Z,Eredivisie,2023-24,2024-02-09,Waalwijk,Nijmegen,2,0,H,2,0,H,,source_reported_FT,Waalwijk,Nijmegen
footballcsv/cache.footballdata,https://raw.githubusercontent.com/footballcsv/cache.footballdata/f43a2aa0c65fb061c87e9541e7a567dd58ff933a/2023-24/nl.1.csv,f43a2aa0c65fb061c87e9541e7a567dd58ff933a,184,2026-09-04T07:12:12.065Z,Eredivisie,2023-24,2024-02-10,Almere City,AZ Alkmaar,0,0,D,0,0,D,,source_reported_FT,Almere City,AZ Alkmaar
footballcsv/cache.footballdata,https://raw.githubusercontent.com/footballcsv/cache.footballdata/f43a2aa0c65fb061c87e9541e7a567dd58ff933a/2023-24/nl.1.csv,f43a2aa0c65fb061c87e9541e7a567dd58ff933a,183,2026-09-04T07:12:12.065Z,Eredivisie,2023-24,2024-02-10,Excelsior,Twente,0,3,A,0,3,A,,source_reported_FT,Excelsior,Twente
footballcsv/cache.footballdata,https://raw.githubusercontent.com/footballcsv/cache.footballdata/f43a2aa0c65fb061c87e9541e7a567dd58ff933a/2023-24/nl.1.csv,f43a2aa0c65fb061c87e9541e7a567dd58ff933a,185,2026-09-04T07:12:12.065Z,Eredivisie,2023-24,2024-02-10,Heracles,Vitesse,3,2,H,1,2,A,,source_reported_FT,Heracles,Vitesse
footballcsv/cache.footballdata,https://raw.githubusercontent.com/footballcsv/cache.footballdata/f43a2aa0c65fb061c87e9541e7a567dd58ff933a/2023-24/nl.1.csv,f43a2aa0c65fb061c87e9541e7a567dd58ff933a,190,2026-09-04T07:12:12.065Z,Eredivisie,2023-24,2024-02-11,Feyenoord,Sparta Rotterdam,2,0,H,0,0,D,,source_reported_FT,Feyenoord,Sparta Rotterdam
footballcsv/cache.footballdata,https://raw.githubusercontent.com/footballcsv/cache.footballdata/f43a2aa0c65fb061c87e9541e7a567dd58ff933a/2023-24/nl.1.csv,f43a2aa0c65fb061c87e9541e7a567dd58ff933a,186,2026-09-04T07:12:12.065Z,Eredivisie,2023-24,2024-02-11,Go Ahead Eagles,Zwolle,1,1,D,0,0,D,,source_reported_FT,Go Ahead Eagles,Zwolle
footballcsv/cache.footballdata,https://raw.githubusercontent.com/footballcsv/cache.footballdata/f43a2aa0c65fb061c87e9541e7a567dd58ff933a/2023-24/nl.1.csv,f43a2aa0c65fb061c87e9541e7a567dd58ff933a,187,2026-09-04T07:12:12.065Z,Eredivisie,2023-24,2024-02-11,Heerenveen,Ajax,3,2,H,2,0,H,,source_reported_FT,Heerenveen,Ajax
footballcsv/cache.footballdata,https://raw.githubusercontent.com/footballcsv/cache.footballdata/f43a2aa0c65fb061c87e9541e7a567dd58ff933a/2023-24/nl.1.csv,f43a2aa0c65fb061c87e9541e7a567dd58ff933a,188,2026-09-04T07:12:12.065Z,Eredivisie,2023-24,2024-02-11,Utrecht,For Sittard,4,0,H,1,0,H,,source_reported_FT,Utrecht,For Sittard
footballcsv/cache.footballdata,https://raw.githubusercontent.com/footballcsv/cache.footballdata/f43a2aa0c65fb061c87e9541e7a567dd58ff933a/2023-24/nl.1.csv,f43a2aa0c65fb061c87e9541e7a567dd58ff933a,189,2026-09-04T07:12:12.065Z,Eredivisie,2023-24,2024-02-11,Volendam,PSV Eindhoven,1,5,A,1,1,D,,source_reported_FT,Volendam,PSV Eindhoven
footballcsv/cache.footballdata,https://raw.githubusercontent.com/footballcsv/cache.footballdata/f43a2aa0c65fb061c87e9541e7a567dd58ff933a/2023-24/nl.1.csv,f43a2aa0c65fb061c87e9541e7a567dd58ff933a,191,2026-09-04T07:12:12.065Z,Eredivisie,2023-24,2024-02-16,PSV Eindhoven,Heracles,2,0,H,1,0,H,,source_reported_FT,PSV Eindhoven,Heracles
footballcsv/cache.footballdata,https://raw.githubusercontent.com/footballcsv/cache.footballdata/f43a2aa0c65fb061c87e9541e7a567dd58ff933a/2023-24/nl.1.csv,f43a2aa0c65fb061c87e9541e7a567dd58ff933a,192,2026-09-04T07:12:12.065Z,Eredivisie,2023-24,2024-02-17,For Sittard,AZ Alkmaar,1,2,A,1,0,H,,source_reported_FT,For Sittard,AZ Alkmaar
footballcsv/cache.footballdata,https://raw.githubusercontent.com/footballcsv/cache.footballdata/f43a2aa0c65fb061c87e9541e7a567dd58ff933a/2023-24/nl.1.csv,f43a2aa0c65fb061c87e9541e7a567dd58ff933a,194,2026-09-04T07:12:12.065Z,Eredivisie,2023-24,2024-02-17,Heerenveen,Go Ahead Eagles,0,2,A,0,0,D,,source_reported_FT,Heerenveen,Go Ahead Eagles
footballcsv/cache.footballdata,https://raw.githubusercontent.com/footballcsv/cache.footballdata/f43a2aa0c65fb061c87e9541e7a567dd58ff933a/2023-24/nl.1.csv,f43a2aa0c65fb061c87e9541e7a567dd58ff933a,193,2026-09-04T07:12:12.065Z,Eredivisie,2023-24,2024-02-17,Sparta Rotterdam,Excelsior,4,2,H,2,2,D,,source_reported_FT,Sparta Rotterdam,Excelsior
footballcsv/cache.footballdata,https://raw.githubusercontent.com/footballcsv/cache.footballdata/f43a2aa0c65fb061c87e9541e7a567dd58ff933a/2023-24/nl.1.csv,f43a2aa0c65fb061c87e9541e7a567dd58ff933a,195,2026-09-04T07:12:12.065Z,Eredivisie,2023-24,2024-02-17,Zwolle,Almere City,0,1,A,0,0,D,,source_reported_FT,Zwolle,Almere City
footballcsv/cache.footballdata,https://raw.githubusercontent.com/footballcsv/cache.footballdata/f43a2aa0c65fb061c87e9541e7a567dd58ff933a/2023-24/nl.1.csv,f43a2aa0c65fb061c87e9541e7a567dd58ff933a,197,2026-09-04T07:12:12.065Z,Eredivisie,2023-24,2024-02-18,Ajax,Nijmegen,2,2,D,1,0,H,,source_reported_FT,Ajax,Nijmegen
footballcsv/cache.footballdata,https://raw.githubusercontent.com/footballcsv/cache.footballdata/f43a2aa0c65fb061c87e9541e7a567dd58ff933a/2023-24/nl.1.csv,f43a2aa0c65fb061c87e9541e7a567dd58ff933a,199,2026-09-04T07:12:12.065Z,Eredivisie,2023-24,2024-02-18,Feyenoord,Waalwijk,1,0,H,0,0,D,,source_reported_FT,Feyenoord,Waalwijk
footballcsv/cache.footballdata,https://raw.githubusercontent.com/footballcsv/cache.footballdata/f43a2aa0c65fb061c87e9541e7a567dd58ff933a/2023-24/nl.1.csv,f43a2aa0c65fb061c87e9541e7a567dd58ff933a,196,2026-09-04T07:12:12.065Z,Eredivisie,2023-24,2024-02-18,Twente,Utrecht,0,1,A,0,1,A,,source_reported_FT,Twente,Utrecht
footballcsv/cache.footballdata,https://raw.githubusercontent.com/footballcsv/cache.footballdata/f43a2aa0c65fb061c87e9541e7a567dd58ff933a/2023-24/nl.1.csv,f43a2aa0c65fb061c87e9541e7a567dd58ff933a,198,2026-09-04T07:12:12.065Z,Eredivisie,2023-24,2024-02-18,Vitesse,Volendam,1,1,D,1,1,D,,source_reported_FT,Vitesse,Volendam
footballcsv/cache.footballdata,https://raw.githubusercontent.com/footballcsv/cache.footballdata/f43a2aa0c65fb061c87e9541e7a567dd58ff933a/2023-24/nl.1.csv,f43a2aa0c65fb061c87e9541e7a567dd58ff933a,200,2026-09-04T07:12:12.065Z,Eredivisie,2023-24,2024-02-23,Utrecht,Heracles,1,0,H,0,0,D,,source_reported_FT,Utrecht,Heracles
footballcsv/cache.footballdata,https://raw.githubusercontent.com/footballcsv/cache.footballdata/f43a2aa0c65fb061c87e9541e7a567dd58ff933a/2023-24/nl.1.csv,f43a2aa0c65fb061c87e9541e7a567dd58ff933a,203,2026-09-04T07:12:12.065Z,Eredivisie,2023-24,2024-02-24,Nijmegen,Sparta Rotterdam,2,0,H,2,0,H,,source_reported_FT,Nijmegen,Sparta Rotterdam
footballcsv/cache.footballdata,https://raw.githubusercontent.com/footballcsv/cache.footballdata/f43a2aa0c65fb061c87e9541e7a567dd58ff933a/2023-24/nl.1.csv,f43a2aa0c65fb061c87e9541e7a567dd58ff933a,201,2026-09-04T07:12:12.065Z,Eredivisie,2023-24,2024-02-24,Waalwijk,For Sittard,0,1,A,0,0,D,,source_reported_FT,Waalwijk,For Sittard
footballcsv/cache.footballdata,https://raw.githubusercontent.com/footballcsv/cache.footballdata/f43a2aa0c65fb061c87e9541e7a567dd58ff933a/2023-24/nl.1.csv,f43a2aa0c65fb061c87e9541e7a567dd58ff933a,202,2026-09-04T07:12:12.065Z,Eredivisie,2023-24,2024-02-24,Zwolle,PSV Eindhoven,1,7,A,1,2,A,,source_reported_FT,Zwolle,PSV Eindhoven
footballcsv/cache.footballdata,https://raw.githubusercontent.com/footballcsv/cache.footballdata/f43a2aa0c65fb061c87e9541e7a567dd58ff933a/2023-24/nl.1.csv,f43a2aa0c65fb061c87e9541e7a567dd58ff933a,207,2026-09-04T07:12:12.065Z,Eredivisie,2023-24,2024-02-25,AZ Alkmaar,Ajax,2,0,H,1,0,H,,source_reported_FT,AZ Alkmaar,Ajax
footballcsv/cache.footballdata,https://raw.githubusercontent.com/footballcsv/cache.footballdata/f43a2aa0c65fb061c87e9541e7a567dd58ff933a/2023-24/nl.1.csv,f43a2aa0c65fb061c87e9541e7a567dd58ff933a,205,2026-09-04T07:12:12.065Z,Eredivisie,2023-24,2024-02-25,Almere City,Feyenoord,0,2,A,0,0,D,,source_reported_FT,Almere City,Feyenoord
footballcsv/cache.footballdata,https://raw.githubusercontent.com/footballcsv/cache.footballdata/f43a2aa0c65fb061c87e9541e7a567dd58ff933a/2023-24/nl.1.csv,f43a2aa0c65fb061c87e9541e7a567dd58ff933a,204,2026-09-04T07:12:12.065Z,Eredivisie,2023-24,2024-02-25,Excelsior,Vitesse,1,2,A,0,0,D,,source_reported_FT,Excelsior,Vitesse
footballcsv/cache.footballdata,https://raw.githubusercontent.com/footballcsv/cache.footballdata/f43a2aa0c65fb061c87e9541e7a567dd58ff933a/2023-24/nl.1.csv,f43a2aa0c65fb061c87e9541e7a567dd58ff933a,206,2026-09-04T07:12:12.065Z,Eredivisie,2023-24,2024-02-25,Twente,Go Ahead Eagles,3,0,H,2,0,H,,source_reported_FT,Twente,Go Ahead Eagles
footballcsv/cache.footballdata,https://raw.githubusercontent.com/footballcsv/cache.footballdata/f43a2aa0c65fb061c87e9541e7a567dd58ff933a/2023-24/nl.1.csv,f43a2aa0c65fb061c87e9541e7a567dd58ff933a,208,2026-09-04T07:12:12.065Z,Eredivisie,2023-24,2024-02-25,Volendam,Heerenveen,0,4,A,0,1,A,,source_reported_FT,Volendam,Heerenveen
footballcsv/cache.footballdata,https://raw.githubusercontent.com/footballcsv/cache.footballdata/f43a2aa0c65fb061c87e9541e7a567dd58ff933a/2023-24/nl.1.csv,f43a2aa0c65fb061c87e9541e7a567dd58ff933a,209,2026-09-04T07:12:12.065Z,Eredivisie,2023-24,2024-03-01,Volendam,Nijmegen,2,5,A,0,3,A,,source_reported_FT,Volendam,Nijmegen
footballcsv/cache.footballdata,https://raw.githubusercontent.com/footballcsv/cache.footballdata/f43a2aa0c65fb061c87e9541e7a567dd58ff933a/2023-24/nl.1.csv,f43a2aa0c65fb061c87e9541e7a567dd58ff933a,210,2026-09-04T07:12:12.065Z,Eredivisie,2023-24,2024-03-02,Go Ahead Eagles,Waalwijk,1,0,H,0,0,D,,source_reported_FT,Go Ahead Eagles,Waalwijk
footballcsv/cache.footballdata,https://raw.githubusercontent.com/footballcsv/cache.footballdata/f43a2aa0c65fb061c87e9541e7a567dd58ff933a/2023-24/nl.1.csv,f43a2aa0c65fb061c87e9541e7a567dd58ff933a,212,2026-09-04T07:12:12.065Z,Eredivisie,2023-24,2024-03-02,Sparta Rotterdam,AZ Alkmaar,1,1,D,0,1,A,,source_reported_FT,Sparta Rotterdam,AZ Alkmaar
footballcsv/cache.footballdata,https://raw.githubusercontent.com/footballcsv/cache.footballdata/f43a2aa0c65fb061c87e9541e7a567dd58ff933a/2023-24/nl.1.csv,f43a2aa0c65fb061c87e9541e7a567dd58ff933a,211,2026-09-04T07:12:12.065Z,Eredivisie,2023-24,2024-03-02,Vitesse,Twente,1,2,A,1,1,D,,source_reported_FT,Vitesse,Twente
footballcsv/cache.footballdata,https://raw.githubusercontent.com/footballcsv/cache.footballdata/f43a2aa0c65fb061c87e9541e7a567dd58ff933a/2023-24/nl.1.csv,f43a2aa0c65fb061c87e9541e7a567dd58ff933a,213,2026-09-04T07:12:12.065Z,Eredivisie,2023-24,2024-03-03,Ajax,Utrecht,2,0,H,1,0,H,,source_reported_FT,Ajax,Utrecht
footballcsv/cache.footballdata,https://raw.githubusercontent.com/footballcsv/cache.footballdata/f43a2aa0c65fb061c87e9541e7a567dd58ff933a/2023-24/nl.1.csv,f43a2aa0c65fb061c87e9541e7a567dd58ff933a,216,2026-09-04T07:12:12.065Z,Eredivisie,2023-24,2024-03-03,For Sittard,Excelsior,5,2,H,4,0,H,,source_reported_FT,For Sittard,Excelsior
footballcsv/cache.footballdata,https://raw.githubusercontent.com/footballcsv/cache.footballdata/f43a2aa0c65fb061c87e9541e7a567dd58ff933a/2023-24/nl.1.csv,f43a2aa0c65fb061c87e9541e7a567dd58ff933a,214,2026-09-04T07:12:12.065Z,Eredivisie,2023-24,2024-03-03,Heerenveen,Zwolle,2,0,H,1,0,H,,source_reported_FT,Heerenveen,Zwolle
footballcsv/cache.footballdata,https://raw.githubusercontent.com/footballcsv/cache.footballdata/f43a2aa0c65fb061c87e9541e7a567dd58ff933a/2023-24/nl.1.csv,f43a2aa0c65fb061c87e9541e7a567dd58ff933a,217,2026-09-04T07:12:12.065Z,Eredivisie,2023-24,2024-03-03,Heracles,Almere City,2,2,D,0,2,A,,source_reported_FT,Heracles,Almere City
footballcsv/cache.footballdata,https://raw.githubusercontent.com/footballcsv/cache.footballdata/f43a2aa0c65fb061c87e9541e7a567dd58ff933a/2023-24/nl.1.csv,f43a2aa0c65fb061c87e9541e7a567dd58ff933a,215,2026-09-04T07:12:12.065Z,Eredivisie,2023-24,2024-03-03,PSV Eindhoven,Feyenoord,2,2,D,1,1,D,,source_reported_FT,PSV Eindhoven,Feyenoord
footballcsv/cache.footballdata,https://raw.githubusercontent.com/footballcsv/cache.footballdata/f43a2aa0c65fb061c87e9541e7a567dd58ff933a/2023-24/nl.1.csv,f43a2aa0c65fb061c87e9541e7a567dd58ff933a,218,2026-09-04T07:12:12.065Z,Eredivisie,2023-24,2024-03-08,Go Ahead Eagles,PSV Eindhoven,0,1,A,0,1,A,,source_reported_FT,Go Ahead Eagles,PSV Eindhoven
footballcsv/cache.footballdata,https://raw.githubusercontent.com/footballcsv/cache.footballdata/f43a2aa0c65fb061c87e9541e7a567dd58ff933a/2023-24/nl.1.csv,f43a2aa0c65fb061c87e9541e7a567dd58ff933a,220,2026-09-04T07:12:12.065Z,Eredivisie,2023-24,2024-03-09,Almere City,Utrecht,1,1,D,1,1,D,,source_reported_FT,Almere City,Utrecht
footballcsv/cache.footballdata,https://raw.githubusercontent.com/footballcsv/cache.footballdata/f43a2aa0c65fb061c87e9541e7a567dd58ff933a/2023-24/nl.1.csv,f43a2aa0c65fb061c87e9541e7a567dd58ff933a,219,2026-09-04T07:12:12.065Z,Eredivisie,2023-24,2024-03-09,Twente,Sparta Rotterdam,2,1,H,1,0,H,,source_reported_FT,Twente,Sparta Rotterdam
footballcsv/cache.footballdata,https://raw.githubusercontent.com/footballcsv/cache.footballdata/f43a2aa0c65fb061c87e9541e7a567dd58ff933a/2023-24/nl.1.csv,f43a2aa0c65fb061c87e9541e7a567dd58ff933a,221,2026-09-04T07:12:12.065Z,Eredivisie,2023-24,2024-03-09,Waalwijk,Vitesse,3,1,H,1,0,H,,source_reported_FT,Waalwijk,Vitesse
footballcsv/cache.footballdata,https://raw.githubusercontent.com/footballcsv/cache.footballdata/f43a2aa0c65fb061c87e9541e7a567dd58ff933a/2023-24/nl.1.csv,f43a2aa0c65fb061c87e9541e7a567dd58ff933a,222,2026-09-04T07:12:12.065Z,Eredivisie,2023-24,2024-03-10,AZ Alkmaar,Excelsior,4,0,H,3,0,H,,source_reported_FT,AZ Alkmaar,Excelsior
footballcsv/cache.footballdata,https://raw.githubusercontent.com/footballcsv/cache.footballdata/f43a2aa0c65fb061c87e9541e7a567dd58ff933a/2023-24/nl.1.csv,f43a2aa0c65fb061c87e9541e7a567dd58ff933a,223,2026-09-04T07:12:12.065Z,Eredivisie,2023-24,2024-03-10,Ajax,For Sittard,2,2,D,1,0,H,,source_reported_FT,Ajax,For Sittard
footballcsv/cache.footballdata,https://raw.githubusercontent.com/footballcsv/cache.footballdata/f43a2aa0c65fb061c87e9541e7a567dd58ff933a/2023-24/nl.1.csv,f43a2aa0c65fb061c87e9541e7a567dd58ff933a,226,2026-09-04T07:12:12.065Z,Eredivisie,2023-24,2024-03-10,Feyenoord,Heracles,3,0,H,2,0,H,,source_reported_FT,Feyenoord,Heracles
footballcsv/cache.footballdata,https://raw.githubusercontent.com/footballcsv/cache.footballdata/f43a2aa0c65fb061c87e9541e7a567dd58ff933a/2023-24/nl.1.csv,f43a2aa0c65fb061c87e9541e7a567dd58ff933a,225,2026-09-04T07:12:12.065Z,Eredivisie,2023-24,2024-03-10,Nijmegen,Heerenveen,2,0,H,0,0,D,,source_reported_FT,Nijmegen,Heerenveen
footballcsv/cache.footballdata,https://raw.githubusercontent.com/footballcsv/cache.footballdata/f43a2aa0c65fb061c87e9541e7a567dd58ff933a/2023-24/nl.1.csv,f43a2aa0c65fb061c87e9541e7a567dd58ff933a,224,2026-09-04T07:12:12.065Z,Eredivisie,2023-24,2024-03-10,Zwolle,Volendam,1,1,D,0,0,D,,source_reported_FT,Zwolle,Volendam
footballcsv/cache.footballdata,https://raw.githubusercontent.com/footballcsv/cache.footballdata/f43a2aa0c65fb061c87e9541e7a567dd58ff933a/2023-24/nl.1.csv,f43a2aa0c65fb061c87e9541e7a567dd58ff933a,227,2026-09-04T07:12:12.065Z,Eredivisie,2023-24,2024-03-15,Heracles,Go Ahead Eagles,2,0,H,0,0,D,,source_reported_FT,Heracles,Go Ahead Eagles
footballcsv/cache.footballdata,https://raw.githubusercontent.com/footballcsv/cache.footballdata/f43a2aa0c65fb061c87e9541e7a567dd58ff933a/2023-24/nl.1.csv,f43a2aa0c65fb061c87e9541e7a567dd58ff933a,229,2026-09-04T07:12:12.065Z,Eredivisie,2023-24,2024-03-16,Excelsior,Waalwijk,1,1,D,1,0,H,,source_reported_FT,Excelsior,Waalwijk
footballcsv/cache.footballdata,https://raw.githubusercontent.com/footballcsv/cache.footballdata/f43a2aa0c65fb061c87e9541e7a567dd58ff933a/2023-24/nl.1.csv,f43a2aa0c65fb061c87e9541e7a567dd58ff933a,228,2026-09-04T07:12:12.065Z,Eredivisie,2023-24,2024-03-16,For Sittard,Zwolle,3,1,H,1,0,H,,source_reported_FT,For Sittard,Zwolle
footballcsv/cache.footballdata,https://raw.githubusercontent.com/footballcsv/cache.footballdata/f43a2aa0c65fb061c87e9541e7a567dd58ff933a/2023-24/nl.1.csv,f43a2aa0c65fb061c87e9541e7a567dd58ff933a,230,2026-09-04T07:12:12.065Z,Eredivisie,2023-24,2024-03-16,Vitesse,Almere City,1,1,D,0,1,A,,source_reported_FT,Vitesse,Almere City
footballcsv/cache.footballdata,https://raw.githubusercontent.com/footballcsv/cache.footballdata/f43a2aa0c65fb061c87e9541e7a567dd58ff933a/2023-24/nl.1.csv,f43a2aa0c65fb061c87e9541e7a567dd58ff933a,232,2026-09-04T07:12:12.065Z,Eredivisie,2023-24,2024-03-17,Heerenveen,Feyenoord,2,3,A,1,1,D,,source_reported_FT,Heerenveen,Feyenoord
footballcsv/cache.footballdata,https://raw.githubusercontent.com/footballcsv/cache.footballdata/f43a2aa0c65fb061c87e9541e7a567dd58ff933a/2023-24/nl.1.csv,f43a2aa0c65fb061c87e9541e7a567dd58ff933a,235,2026-09-04T07:12:12.065Z,Eredivisie,2023-24,2024-03-17,PSV Eindhoven,Twente,1,0,H,0,0,D,,source_reported_FT,PSV Eindhoven,Twente
footballcsv/cache.footballdata,https://raw.githubusercontent.com/footballcsv/cache.footballdata/f43a2aa0c65fb061c87e9541e7a567dd58ff933a/2023-24/nl.1.csv,f43a2aa0c65fb061c87e9541e7a567dd58ff933a,234,2026-09-04T07:12:12.065Z,Eredivisie,2023-24,2024-03-17,Sparta Rotterdam,Ajax,2,2,D,1,0,H,,source_reported_FT,Sparta Rotterdam,Ajax
footballcsv/cache.footballdata,https://raw.githubusercontent.com/footballcsv/cache.footballdata/f43a2aa0c65fb061c87e9541e7a567dd58ff933a/2023-24/nl.1.csv,f43a2aa0c65fb061c87e9541e7a567dd58ff933a,233,2026-09-04T07:12:12.065Z,Eredivisie,2023-24,2024-03-17,Utrecht,Nijmegen,1,0,H,0,0,D,,source_reported_FT,Utrecht,Nijmegen
footballcsv/cache.footballdata,https://raw.githubusercontent.com/footballcsv/cache.footballdata/f43a2aa0c65fb061c87e9541e7a567dd58ff933a/2023-24/nl.1.csv,f43a2aa0c65fb061c87e9541e7a567dd58ff933a,231,2026-09-04T07:12:12.065Z,Eredivisie,2023-24,2024-03-17,Volendam,AZ Alkmaar,0,4,A,0,2,A,,source_reported_FT,Volendam,AZ Alkmaar
footballcsv/cache.footballdata,https://raw.githubusercontent.com/footballcsv/cache.footballdata/f43a2aa0c65fb061c87e9541e7a567dd58ff933a/2023-24/nl.1.csv,f43a2aa0c65fb061c87e9541e7a567dd58ff933a,240,2026-09-04T07:12:12.065Z,Eredivisie,2023-24,2024-03-30,AZ Alkmaar,Vitesse,2,0,H,0,0,D,,source_reported_FT,AZ Alkmaar,Vitesse
footballcsv/cache.footballdata,https://raw.githubusercontent.com/footballcsv/cache.footballdata/f43a2aa0c65fb061c87e9541e7a567dd58ff933a/2023-24/nl.1.csv,f43a2aa0c65fb061c87e9541e7a567dd58ff933a,238,2026-09-04T07:12:12.065Z,Eredivisie,2023-24,2024-03-30,Go Ahead Eagles,Excelsior,3,0,H,1,0,H,,source_reported_FT,Go Ahead Eagles,Excelsior
footballcsv/cache.footballdata,https://raw.githubusercontent.com/footballcsv/cache.footballdata/f43a2aa0c65fb061c87e9541e7a567dd58ff933a/2023-24/nl.1.csv,f43a2aa0c65fb061c87e9541e7a567dd58ff933a,236,2026-09-04T07:12:12.065Z,Eredivisie,2023-24,2024-03-30,Nijmegen,PSV Eindhoven,3,1,H,1,1,D,,source_reported_FT,Nijmegen,PSV Eindhoven
footballcsv/cache.footballdata,https://raw.githubusercontent.com/footballcsv/cache.footballdata/f43a2aa0c65fb061c87e9541e7a567dd58ff933a/2023-24/nl.1.csv,f43a2aa0c65fb061c87e9541e7a567dd58ff933a,237,2026-09-04T07:12:12.065Z,Eredivisie,2023-24,2024-03-30,Sparta Rotterdam,For Sittard,4,0,H,1,0,H,,source_reported_FT,Sparta Rotterdam,For Sittard
footballcsv/cache.footballdata,https://raw.githubusercontent.com/footballcsv/cache.footballdata/f43a2aa0c65fb061c87e9541e7a567dd58ff933a/2023-24/nl.1.csv,f43a2aa0c65fb061c87e9541e7a567dd58ff933a,239,2026-09-04T07:12:12.065Z,Eredivisie,2023-24,2024-03-30,Waalwijk,Heerenveen,1,1,D,0,0,D,,source_reported_FT,Waalwijk,Heerenveen
footballcsv/cache.footballdata,https://raw.githubusercontent.com/footballcsv/cache.footballdata/f43a2aa0c65fb061c87e9541e7a567dd58ff933a/2023-24/nl.1.csv,f43a2aa0c65fb061c87e9541e7a567dd58ff933a,244,2026-09-04T07:12:12.065Z,Eredivisie,2023-24,2024-03-31,Almere City,Volendam,1,1,D,0,0,D,,source_reported_FT,Almere City,Volendam
footballcsv/cache.footballdata,https://raw.githubusercontent.com/footballcsv/cache.footballdata/f43a2aa0c65fb061c87e9541e7a567dd58ff933a/2023-24/nl.1.csv,f43a2aa0c65fb061c87e9541e7a567dd58ff933a,242,2026-09-04T07:12:12.065Z,Eredivisie,2023-24,2024-03-31,Feyenoord,Utrecht,4,2,H,1,2,A,,source_reported_FT,Feyenoord,Utrecht
footballcsv/cache.footballdata,https://raw.githubusercontent.com/footballcsv/cache.footballdata/f43a2aa0c65fb061c87e9541e7a567dd58ff933a/2023-24/nl.1.csv,f43a2aa0c65fb061c87e9541e7a567dd58ff933a,243,2026-09-04T07:12:12.065Z,Eredivisie,2023-24,2024-03-31,Twente,Heracles,1,0,H,0,0,D,,source_reported_FT,Twente,Heracles
footballcsv/cache.footballdata,https://raw.githubusercontent.com/footballcsv/cache.footballdata/f43a2aa0c65fb061c87e9541e7a567dd58ff933a/2023-24/nl.1.csv,f43a2aa0c65fb061c87e9541e7a567dd58ff933a,241,2026-09-04T07:12:12.065Z,Eredivisie,2023-24,2024-03-31,Zwolle,Ajax,1,3,A,0,2,A,,source_reported_FT,Zwolle,Ajax
footballcsv/cache.footballdata,https://raw.githubusercontent.com/footballcsv/cache.footballdata/f43a2aa0c65fb061c87e9541e7a567dd58ff933a/2023-24/nl.1.csv,f43a2aa0c65fb061c87e9541e7a567dd58ff933a,246,2026-09-04T07:12:12.065Z,Eredivisie,2023-24,2024-04-02,Excelsior,PSV Eindhoven,0,2,A,0,0,D,,source_reported_FT,Excelsior,PSV Eindhoven
footballcsv/cache.footballdata,https://raw.githubusercontent.com/footballcsv/cache.footballdata/f43a2aa0c65fb061c87e9541e7a567dd58ff933a/2023-24/nl.1.csv,f43a2aa0c65fb061c87e9541e7a567dd58ff933a,247,2026-09-04T07:12:12.065Z,Eredivisie,2023-24,2024-04-02,For Sittard,Nijmegen,1,1,D,0,0,D,,source_reported_FT,For Sittard,Nijmegen
footballcsv/cache.footballdata,https://raw.githubusercontent.com/footballcsv/cache.footballdata/f43a2aa0c65fb061c87e9541e7a567dd58ff933a/2023-24/nl.1.csv,f43a2aa0c65fb061c87e9541e7a567dd58ff933a,245,2026-09-04T07:12:12.065Z,Eredivisie,2023-24,2024-04-02,Vitesse,Sparta Rotterdam,1,4,A,1,3,A,,source_reported_FT,Vitesse,Sparta Rotterdam
footballcsv/cache.footballdata,https://raw.githubusercontent.com/footballcsv/cache.footballdata/f43a2aa0c65fb061c87e9541e7a567dd58ff933a/2023-24/nl.1.csv,f43a2aa0c65fb061c87e9541e7a567dd58ff933a,250,2026-09-04T07:12:12.065Z,Eredivisie,2023-24,2024-04-03,Heerenveen,Twente,3,3,D,2,3,A,,source_reported_FT,Heerenveen,Twente
footballcsv/cache.footballdata,https://raw.githubusercontent.com/footballcsv/cache.footballdata/f43a2aa0c65fb061c87e9541e7a567dd58ff933a/2023-24/nl.1.csv,f43a2aa0c65fb061c87e9541e7a567dd58ff933a,248,2026-09-04T07:12:12.065Z,Eredivisie,2023-24,2024-04-03,Heracles,AZ Alkmaar,5,0,H,3,0,H,,source_reported_FT,Heracles,AZ Alkmaar
footballcsv/cache.footballdata,https://raw.githubusercontent.com/footballcsv/cache.footballdata/f43a2aa0c65fb061c87e9541e7a567dd58ff933a/2023-24/nl.1.csv,f43a2aa0c65fb061c87e9541e7a567dd58ff933a,249,2026-09-04T07:12:12.065Z,Eredivisie,2023-24,2024-04-03,Utrecht,Zwolle,5,1,H,0,0,D,,source_reported_FT,Utrecht,Zwolle
footballcsv/cache.footballdata,https://raw.githubusercontent.com/footballcsv/cache.footballdata/f43a2aa0c65fb061c87e9541e7a567dd58ff933a/2023-24/nl.1.csv,f43a2aa0c65fb061c87e9541e7a567dd58ff933a,253,2026-09-04T07:12:12.065Z,Eredivisie,2023-24,2024-04-04,Ajax,Go Ahead Eagles,1,1,D,1,0,H,,source_reported_FT,Ajax,Go Ahead Eagles
footballcsv/cache.footballdata,https://raw.githubusercontent.com/footballcsv/cache.footballdata/f43a2aa0c65fb061c87e9541e7a567dd58ff933a/2023-24/nl.1.csv,f43a2aa0c65fb061c87e9541e7a567dd58ff933a,251,2026-09-04T07:12:12.065Z,Eredivisie,2023-24,2024-04-04,Volendam,Feyenoord,0,0,D,0,0,D,,source_reported_FT,Volendam,Feyenoord
footballcsv/cache.footballdata,https://raw.githubusercontent.com/footballcsv/cache.footballdata/f43a2aa0c65fb061c87e9541e7a567dd58ff933a/2023-24/nl.1.csv,f43a2aa0c65fb061c87e9541e7a567dd58ff933a,252,2026-09-04T07:12:12.065Z,Eredivisie,2023-24,2024-04-04,Waalwijk,Almere City,0,0,D,0,0,D,,source_reported_FT,Waalwijk,Almere City
footballcsv/cache.footballdata,https://raw.githubusercontent.com/footballcsv/cache.footballdata/f43a2aa0c65fb061c87e9541e7a567dd58ff933a/2023-24/nl.1.csv,f43a2aa0c65fb061c87e9541e7a567dd58ff933a,255,2026-09-04T07:12:12.065Z,Eredivisie,2023-24,2024-04-06,PSV Eindhoven,AZ Alkmaar,5,1,H,2,0,H,,source_reported_FT,PSV Eindhoven,AZ Alkmaar
footballcsv/cache.footballdata,https://raw.githubusercontent.com/footballcsv/cache.footballdata/f43a2aa0c65fb061c87e9541e7a567dd58ff933a/2023-24/nl.1.csv,f43a2aa0c65fb061c87e9541e7a567dd58ff933a,254,2026-09-04T07:12:12.065Z,Eredivisie,2023-24,2024-04-06,Sparta Rotterdam,Heracles,1,2,A,1,0,H,,source_reported_FT,Sparta Rotterdam,Heracles
footballcsv/cache.footballdata,https://raw.githubusercontent.com/footballcsv/cache.footballdata/f43a2aa0c65fb061c87e9541e7a567dd58ff933a/2023-24/nl.1.csv,f43a2aa0c65fb061c87e9541e7a567dd58ff933a,257,2026-09-04T07:12:12.065Z,Eredivisie,2023-24,2024-04-06,Twente,For Sittard,2,0,H,0,0,D,,source_reported_FT,Twente,For Sittard
footballcsv/cache.footballdata,https://raw.githubusercontent.com/footballcsv/cache.footballdata/f43a2aa0c65fb061c87e9541e7a567dd58ff933a/2023-24/nl.1.csv,f43a2aa0c65fb061c87e9541e7a567dd58ff933a,256,2026-09-04T07:12:12.065Z,Eredivisie,2023-24,2024-04-06,Zwolle,Excelsior,2,1,H,1,0,H,,source_reported_FT,Zwolle,Excelsior
footballcsv/cache.footballdata,https://raw.githubusercontent.com/footballcsv/cache.footballdata/f43a2aa0c65fb061c87e9541e7a567dd58ff933a/2023-24/nl.1.csv,f43a2aa0c65fb061c87e9541e7a567dd58ff933a,259,2026-09-04T07:12:12.065Z,Eredivisie,2023-24,2024-04-07,Feyenoord,Ajax,6,0,H,3,0,H,,source_reported_FT,Feyenoord,Ajax
footballcsv/cache.footballdata,https://raw.githubusercontent.com/footballcsv/cache.footballdata/f43a2aa0c65fb061c87e9541e7a567dd58ff933a/2023-24/nl.1.csv,f43a2aa0c65fb061c87e9541e7a567dd58ff933a,260,2026-09-04T07:12:12.065Z,Eredivisie,2023-24,2024-04-07,Go Ahead Eagles,Almere City,1,1,D,1,1,D,,source_reported_FT,Go Ahead Eagles,Almere City
footballcsv/cache.footballdata,https://raw.githubusercontent.com/footballcsv/cache.footballdata/f43a2aa0c65fb061c87e9541e7a567dd58ff933a/2023-24/nl.1.csv,f43a2aa0c65fb061c87e9541e7a567dd58ff933a,262,2026-09-04T07:12:12.065Z,Eredivisie,2023-24,2024-04-07,Heerenveen,Utrecht,2,3,A,0,1,A,,source_reported_FT,Heerenveen,Utrecht
footballcsv/cache.footballdata,https://raw.githubusercontent.com/footballcsv/cache.footballdata/f43a2aa0c65fb061c87e9541e7a567dd58ff933a/2023-24/nl.1.csv,f43a2aa0c65fb061c87e9541e7a567dd58ff933a,258,2026-09-04T07:12:12.065Z,Eredivisie,2023-24,2024-04-07,Vitesse,Nijmegen,0,3,A,0,0,D,,source_reported_FT,Vitesse,Nijmegen
footballcsv/cache.footballdata,https://raw.githubusercontent.com/footballcsv/cache.footballdata/f43a2aa0c65fb061c87e9541e7a567dd58ff933a/2023-24/nl.1.csv,f43a2aa0c65fb061c87e9541e7a567dd58ff933a,261,2026-09-04T07:12:12.065Z,Eredivisie,2023-24,2024-04-07,Volendam,Waalwijk,3,2,H,2,0,H,,source_reported_FT,Volendam,Waalwijk
footballcsv/cache.footballdata,https://raw.githubusercontent.com/footballcsv/cache.footballdata/f43a2aa0c65fb061c87e9541e7a567dd58ff933a/2023-24/nl.1.csv,f43a2aa0c65fb061c87e9541e7a567dd58ff933a,263,2026-09-04T07:12:12.065Z,Eredivisie,2023-24,2024-04-12,Excelsior,Volendam,4,0,H,2,0,H,,source_reported_FT,Excelsior,Volendam
footballcsv/cache.footballdata,https://raw.githubusercontent.com/footballcsv/cache.footballdata/f43a2aa0c65fb061c87e9541e7a567dd58ff933a/2023-24/nl.1.csv,f43a2aa0c65fb061c87e9541e7a567dd58ff933a,265,2026-09-04T07:12:12.065Z,Eredivisie,2023-24,2024-04-13,AZ Alkmaar,Waalwijk,3,2,H,0,2,A,,source_reported_FT,AZ Alkmaar,Waalwijk
footballcsv/cache.footballdata,https://raw.githubusercontent.com/footballcsv/cache.footballdata/f43a2aa0c65fb061c87e9541e7a567dd58ff933a/2023-24/nl.1.csv,f43a2aa0c65fb061c87e9541e7a567dd58ff933a,266,2026-09-04T07:12:12.065Z,Eredivisie,2023-24,2024-04-13,Almere City,Sparta Rotterdam,2,3,A,1,2,A,,source_reported_FT,Almere City,Sparta Rotterdam
footballcsv/cache.footballdata,https://raw.githubusercontent.com/footballcsv/cache.footballdata/f43a2aa0c65fb061c87e9541e7a567dd58ff933a/2023-24/nl.1.csv,f43a2aa0c65fb061c87e9541e7a567dd58ff933a,264,2026-09-04T07:12:12.065Z,Eredivisie,2023-24,2024-04-13,PSV Eindhoven,Vitesse,6,0,H,3,0,H,,source_reported_FT,PSV Eindhoven,Vitesse
footballcsv/cache.footballdata,https://raw.githubusercontent.com/footballcsv/cache.footballdata/f43a2aa0c65fb061c87e9541e7a567dd58ff933a/2023-24/nl.1.csv,f43a2aa0c65fb061c87e9541e7a567dd58ff933a,270,2026-09-04T07:12:12.065Z,Eredivisie,2023-24,2024-04-14,Ajax,Twente,2,1,H,0,1,A,,source_reported_FT,Ajax,Twente
footballcsv/cache.footballdata,https://raw.githubusercontent.com/footballcsv/cache.footballdata/f43a2aa0c65fb061c87e9541e7a567dd58ff933a/2023-24/nl.1.csv,f43a2aa0c65fb061c87e9541e7a567dd58ff933a,268,2026-09-04T07:12:12.065Z,Eredivisie,2023-24,2024-04-14,For Sittard,Feyenoord,0,1,A,0,1,A,,source_reported_FT,For Sittard,Feyenoord
footballcsv/cache.footballdata,https://raw.githubusercontent.com/footballcsv/cache.footballdata/f43a2aa0c65fb061c87e9541e7a567dd58ff933a/2023-24/nl.1.csv,f43a2aa0c65fb061c87e9541e7a567dd58ff933a,267,2026-09-04T07:12:12.065Z,Eredivisie,2023-24,2024-04-14,Heracles,Heerenveen,0,2,A,0,1,A,,source_reported_FT,Heracles,Heerenveen
footballcsv/cache.footballdata,https://raw.githubusercontent.com/footballcsv/cache.footballdata/f43a2aa0c65fb061c87e9541e7a567dd58ff933a/2023-24/nl.1.csv,f43a2aa0c65fb061c87e9541e7a567dd58ff933a,271,2026-09-04T07:12:12.065Z,Eredivisie,2023-24,2024-04-14,Nijmegen,Zwolle,2,2,D,0,1,A,,source_reported_FT,Nijmegen,Zwolle
footballcsv/cache.footballdata,https://raw.githubusercontent.com/footballcsv/cache.footballdata/f43a2aa0c65fb061c87e9541e7a567dd58ff933a/2023-24/nl.1.csv,f43a2aa0c65fb061c87e9541e7a567dd58ff933a,269,2026-09-04T07:12:12.065Z,Eredivisie,2023-24,2024-04-14,Utrecht,Go Ahead Eagles,2,1,H,1,1,D,,source_reported_FT,Utrecht,Go Ahead Eagles
footballcsv/cache.footballdata,https://raw.githubusercontent.com/footballcsv/cache.footballdata/f43a2aa0c65fb061c87e9541e7a567dd58ff933a/2023-24/nl.1.csv,f43a2aa0c65fb061c87e9541e7a567dd58ff933a,273,2026-09-04T07:12:12.065Z,Eredivisie,2023-24,2024-04-24,Ajax,Excelsior,2,2,D,1,1,D,,source_reported_FT,Ajax,Excelsior
footballcsv/cache.footballdata,https://raw.githubusercontent.com/footballcsv/cache.footballdata/f43a2aa0c65fb061c87e9541e7a567dd58ff933a/2023-24/nl.1.csv,f43a2aa0c65fb061c87e9541e7a567dd58ff933a,272,2026-09-04T07:12:12.065Z,Eredivisie,2023-24,2024-04-24,Twente,Almere City,3,1,H,1,0,H,,source_reported_FT,Twente,Almere City
footballcsv/cache.footballdata,https://raw.githubusercontent.com/footballcsv/cache.footballdata/f43a2aa0c65fb061c87e9541e7a567dd58ff933a/2023-24/nl.1.csv,f43a2aa0c65fb061c87e9541e7a567dd58ff933a,275,2026-09-04T07:12:12.065Z,Eredivisie,2023-24,2024-04-25,Go Ahead Eagles,Feyenoord,1,3,A,1,2,A,,source_reported_FT,Go Ahead Eagles,Feyenoord
footballcsv/cache.footballdata,https://raw.githubusercontent.com/footballcsv/cache.footballdata/f43a2aa0c65fb061c87e9541e7a567dd58ff933a/2023-24/nl.1.csv,f43a2aa0c65fb061c87e9541e7a567dd58ff933a,274,2026-09-04T07:12:12.065Z,Eredivisie,2023-24,2024-04-25,Heerenveen,PSV Eindhoven,0,8,A,0,5,A,,source_reported_FT,Heerenveen,PSV Eindhoven
footballcsv/cache.footballdata,https://raw.githubusercontent.com/footballcsv/cache.footballdata/f43a2aa0c65fb061c87e9541e7a567dd58ff933a/2023-24/nl.1.csv,f43a2aa0c65fb061c87e9541e7a567dd58ff933a,276,2026-09-04T07:12:12.065Z,Eredivisie,2023-24,2024-04-28,Nijmegen,AZ Alkmaar,0,3,A,0,1,A,,source_reported_FT,Nijmegen,AZ Alkmaar
footballcsv/cache.footballdata,https://raw.githubusercontent.com/footballcsv/cache.footballdata/f43a2aa0c65fb061c87e9541e7a567dd58ff933a/2023-24/nl.1.csv,f43a2aa0c65fb061c87e9541e7a567dd58ff933a,278,2026-09-04T07:12:12.065Z,Eredivisie,2023-24,2024-04-28,Sparta Rotterdam,Volendam,1,0,H,0,0,D,,source_reported_FT,Sparta Rotterdam,Volendam
footballcsv/cache.footballdata,https://raw.githubusercontent.com/footballcsv/cache.footballdata/f43a2aa0c65fb061c87e9541e7a567dd58ff933a/2023-24/nl.1.csv,f43a2aa0c65fb061c87e9541e7a567dd58ff933a,280,2026-09-04T07:12:12.065Z,Eredivisie,2023-24,2024-04-28,Vitesse,For Sittard,3,2,H,1,1,D,,source_reported_FT,Vitesse,For Sittard
footballcsv/cache.footballdata,https://raw.githubusercontent.com/footballcsv/cache.footballdata/f43a2aa0c65fb061c87e9541e7a567dd58ff933a/2023-24/nl.1.csv,f43a2aa0c65fb061c87e9541e7a567dd58ff933a,279,2026-09-04T07:12:12.065Z,Eredivisie,2023-24,2024-04-28,Waalwijk,Utrecht,2,2,D,1,0,H,,source_reported_FT,Waalwijk,Utrecht
footballcsv/cache.footballdata,https://raw.githubusercontent.com/footballcsv/cache.footballdata/f43a2aa0c65fb061c87e9541e7a567dd58ff933a/2023-24/nl.1.csv,f43a2aa0c65fb061c87e9541e7a567dd58ff933a,277,2026-09-04T07:12:12.065Z,Eredivisie,2023-24,2024-04-28,Zwolle,Heracles,3,1,H,1,1,D,,source_reported_FT,Zwolle,Heracles
footballcsv/cache.footballdata,https://raw.githubusercontent.com/footballcsv/cache.footballdata/f43a2aa0c65fb061c87e9541e7a567dd58ff933a/2023-24/nl.1.csv,f43a2aa0c65fb061c87e9541e7a567dd58ff933a,281,2026-09-04T07:12:12.065Z,Eredivisie,2023-24,2024-05-03,Almere City,Heerenveen,1,1,D,0,0,D,,source_reported_FT,Almere City,Heerenveen
footballcsv/cache.footballdata,https://raw.githubusercontent.com/footballcsv/cache.footballdata/f43a2aa0c65fb061c87e9541e7a567dd58ff933a/2023-24/nl.1.csv,f43a2aa0c65fb061c87e9541e7a567dd58ff933a,282,2026-09-04T07:12:12.065Z,Eredivisie,2023-24,2024-05-03,For Sittard,Go Ahead Eagles,0,0,D,0,0,D,,source_reported_FT,For Sittard,Go Ahead Eagles
footballcsv/cache.footballdata,https://raw.githubusercontent.com/footballcsv/cache.footballdata/f43a2aa0c65fb061c87e9541e7a567dd58ff933a/2023-24/nl.1.csv,f43a2aa0c65fb061c87e9541e7a567dd58ff933a,287,2026-09-04T07:12:12.065Z,Eredivisie,2023-24,2024-05-05,AZ Alkmaar,Twente,2,1,H,0,1,A,,source_reported_FT,AZ Alkmaar,Twente
footballcsv/cache.footballdata,https://raw.githubusercontent.com/footballcsv/cache.footballdata/f43a2aa0c65fb061c87e9541e7a567dd58ff933a/2023-24/nl.1.csv,f43a2aa0c65fb061c87e9541e7a567dd58ff933a,288,2026-09-04T07:12:12.065Z,Eredivisie,2023-24,2024-05-05,Feyenoord,Zwolle,5,0,H,2,0,H,,source_reported_FT,Feyenoord,Zwolle
footballcsv/cache.footballdata,https://raw.githubusercontent.com/footballcsv/cache.footballdata/f43a2aa0c65fb061c87e9541e7a567dd58ff933a/2023-24/nl.1.csv,f43a2aa0c65fb061c87e9541e7a567dd58ff933a,283,2026-09-04T07:12:12.065Z,Eredivisie,2023-24,2024-05-05,Heracles,Waalwijk,0,5,A,0,2,A,,source_reported_FT,Heracles,Waalwijk
footballcsv/cache.footballdata,https://raw.githubusercontent.com/footballcsv/cache.footballdata/f43a2aa0c65fb061c87e9541e7a567dd58ff933a/2023-24/nl.1.csv,f43a2aa0c65fb061c87e9541e7a567dd58ff933a,284,2026-09-04T07:12:12.065Z,Eredivisie,2023-24,2024-05-05,PSV Eindhoven,Sparta Rotterdam,4,2,H,2,2,D,,source_reported_FT,PSV Eindhoven,Sparta Rotterdam
footballcsv/cache.footballdata,https://raw.githubusercontent.com/footballcsv/cache.footballdata/f43a2aa0c65fb061c87e9541e7a567dd58ff933a/2023-24/nl.1.csv,f43a2aa0c65fb061c87e9541e7a567dd58ff933a,285,2026-09-04T07:12:12.065Z,Eredivisie,2023-24,2024-05-05,Utrecht,Vitesse,1,0,H,0,0,D,,source_reported_FT,Utrecht,Vitesse
footballcsv/cache.footballdata,https://raw.githubusercontent.com/footballcsv/cache.footballdata/f43a2aa0c65fb061c87e9541e7a567dd58ff933a/2023-24/nl.1.csv,f43a2aa0c65fb061c87e9541e7a567dd58ff933a,286,2026-09-04T07:12:12.065Z,Eredivisie,2023-24,2024-05-05,Volendam,Ajax,1,4,A,0,1,A,,source_reported_FT,Volendam,Ajax
footballcsv/cache.footballdata,https://raw.githubusercontent.com/footballcsv/cache.footballdata/f43a2aa0c65fb061c87e9541e7a567dd58ff933a/2023-24/nl.1.csv,f43a2aa0c65fb061c87e9541e7a567dd58ff933a,289,2026-09-04T07:12:12.065Z,Eredivisie,2023-24,2024-05-06,Excelsior,Nijmegen,0,3,A,0,0,D,,source_reported_FT,Excelsior,Nijmegen
footballcsv/cache.footballdata,https://raw.githubusercontent.com/footballcsv/cache.footballdata/f43a2aa0c65fb061c87e9541e7a567dd58ff933a/2023-24/nl.1.csv,f43a2aa0c65fb061c87e9541e7a567dd58ff933a,290,2026-09-04T07:12:12.065Z,Eredivisie,2023-24,2024-05-12,Ajax,Almere City,3,0,H,3,0,H,,source_reported_FT,Ajax,Almere City
footballcsv/cache.footballdata,https://raw.githubusercontent.com/footballcsv/cache.footballdata/f43a2aa0c65fb061c87e9541e7a567dd58ff933a/2023-24/nl.1.csv,f43a2aa0c65fb061c87e9541e7a567dd58ff933a,291,2026-09-04T07:12:12.065Z,Eredivisie,2023-24,2024-05-12,Excelsior,Heracles,4,0,H,1,0,H,,source_reported_FT,Excelsior,Heracles
footballcsv/cache.footballdata,https://raw.githubusercontent.com/footballcsv/cache.footballdata/f43a2aa0c65fb061c87e9541e7a567dd58ff933a/2023-24/nl.1.csv,f43a2aa0c65fb061c87e9541e7a567dd58ff933a,292,2026-09-04T07:12:12.065Z,Eredivisie,2023-24,2024-05-12,For Sittard,PSV Eindhoven,1,1,D,1,0,H,,source_reported_FT,For Sittard,PSV Eindhoven
footballcsv/cache.footballdata,https://raw.githubusercontent.com/footballcsv/cache.footballdata/f43a2aa0c65fb061c87e9541e7a567dd58ff933a/2023-24/nl.1.csv,f43a2aa0c65fb061c87e9541e7a567dd58ff933a,293,2026-09-04T07:12:12.065Z,Eredivisie,2023-24,2024-05-12,Go Ahead Eagles,AZ Alkmaar,0,3,A,0,2,A,,source_reported_FT,Go Ahead Eagles,AZ Alkmaar
footballcsv/cache.footballdata,https://raw.githubusercontent.com/footballcsv/cache.footballdata/f43a2aa0c65fb061c87e9541e7a567dd58ff933a/2023-24/nl.1.csv,f43a2aa0c65fb061c87e9541e7a567dd58ff933a,294,2026-09-04T07:12:12.065Z,Eredivisie,2023-24,2024-05-12,Heerenveen,Vitesse,1,3,A,1,1,D,,source_reported_FT,Heerenveen,Vitesse
footballcsv/cache.footballdata,https://raw.githubusercontent.com/footballcsv/cache.footballdata/f43a2aa0c65fb061c87e9541e7a567dd58ff933a/2023-24/nl.1.csv,f43a2aa0c65fb061c87e9541e7a567dd58ff933a,295,2026-09-04T07:12:12.065Z,Eredivisie,2023-24,2024-05-12,Nijmegen,Feyenoord,2,3,A,0,1,A,,source_reported_FT,Nijmegen,Feyenoord
footballcsv/cache.footballdata,https://raw.githubusercontent.com/footballcsv/cache.footballdata/f43a2aa0c65fb061c87e9541e7a567dd58ff933a/2023-24/nl.1.csv,f43a2aa0c65fb061c87e9541e7a567dd58ff933a,296,2026-09-04T07:12:12.065Z,Eredivisie,2023-24,2024-05-12,Twente,Volendam,7,2,H,5,2,H,,source_reported_FT,Twente,Volendam
footballcsv/cache.footballdata,https://raw.githubusercontent.com/footballcsv/cache.footballdata/f43a2aa0c65fb061c87e9541e7a567dd58ff933a/2023-24/nl.1.csv,f43a2aa0c65fb061c87e9541e7a567dd58ff933a,297,2026-09-04T07:12:12.065Z,Eredivisie,2023-24,2024-05-12,Utrecht,Sparta Rotterdam,0,1,A,0,0,D,,source_reported_FT,Utrecht,Sparta Rotterdam
footballcsv/cache.footballdata,https://raw.githubusercontent.com/footballcsv/cache.footballdata/f43a2aa0c65fb061c87e9541e7a567dd58ff933a/2023-24/nl.1.csv,f43a2aa0c65fb061c87e9541e7a567dd58ff933a,298,2026-09-04T07:12:12.065Z,Eredivisie,2023-24,2024-05-12,Waalwijk,Zwolle,1,1,D,0,0,D,,source_reported_FT,Waalwijk,Zwolle
footballcsv/cache.footballdata,https://raw.githubusercontent.com/footballcsv/cache.footballdata/f43a2aa0c65fb061c87e9541e7a567dd58ff933a/2023-24/nl.1.csv,f43a2aa0c65fb061c87e9541e7a567dd58ff933a,300,2026-09-04T07:12:12.065Z,Eredivisie,2023-24,2024-05-19,AZ Alkmaar,Utrecht,3,3,D,3,0,H,,source_reported_FT,AZ Alkmaar,Utrecht
footballcsv/cache.footballdata,https://raw.githubusercontent.com/footballcsv/cache.footballdata/f43a2aa0c65fb061c87e9541e7a567dd58ff933a/2023-24/nl.1.csv,f43a2aa0c65fb061c87e9541e7a567dd58ff933a,299,2026-09-04T07:12:12.065Z,Eredivisie,2023-24,2024-05-19,Almere City,Nijmegen,1,4,A,1,2,A,,source_reported_FT,Almere City,Nijmegen
footballcsv/cache.footballdata,https://raw.githubusercontent.com/footballcsv/cache.footballdata/f43a2aa0c65fb061c87e9541e7a567dd58ff933a/2023-24/nl.1.csv,f43a2aa0c65fb061c87e9541e7a567dd58ff933a,301,2026-09-04T07:12:12.065Z,Eredivisie,2023-24,2024-05-19,Feyenoord,Excelsior,4,0,H,0,0,D,,source_reported_FT,Feyenoord,Excelsior
footballcsv/cache.footballdata,https://raw.githubusercontent.com/footballcsv/cache.footballdata/f43a2aa0c65fb061c87e9541e7a567dd58ff933a/2023-24/nl.1.csv,f43a2aa0c65fb061c87e9541e7a567dd58ff933a,302,2026-09-04T07:12:12.065Z,Eredivisie,2023-24,2024-05-19,Heracles,For Sittard,0,0,D,0,0,D,,source_reported_FT,Heracles,For Sittard
footballcsv/cache.footballdata,https://raw.githubusercontent.com/footballcsv/cache.footballdata/f43a2aa0c65fb061c87e9541e7a567dd58ff933a/2023-24/nl.1.csv,f43a2aa0c65fb061c87e9541e7a567dd58ff933a,303,2026-09-04T07:12:12.065Z,Eredivisie,2023-24,2024-05-19,PSV Eindhoven,Waalwijk,3,1,H,1,1,D,,source_reported_FT,PSV Eindhoven,Waalwijk
footballcsv/cache.footballdata,https://raw.githubusercontent.com/footballcsv/cache.footballdata/f43a2aa0c65fb061c87e9541e7a567dd58ff933a/2023-24/nl.1.csv,f43a2aa0c65fb061c87e9541e7a567dd58ff933a,304,2026-09-04T07:12:12.065Z,Eredivisie,2023-24,2024-05-19,Sparta Rotterdam,Heerenveen,2,1,H,0,0,D,,source_reported_FT,Sparta Rotterdam,Heerenveen
footballcsv/cache.footballdata,https://raw.githubusercontent.com/footballcsv/cache.footballdata/f43a2aa0c65fb061c87e9541e7a567dd58ff933a/2023-24/nl.1.csv,f43a2aa0c65fb061c87e9541e7a567dd58ff933a,305,2026-09-04T07:12:12.065Z,Eredivisie,2023-24,2024-05-19,Vitesse,Ajax,2,2,D,1,1,D,,source_reported_FT,Vitesse,Ajax
footballcsv/cache.footballdata,https://raw.githubusercontent.com/footballcsv/cache.footballdata/f43a2aa0c65fb061c87e9541e7a567dd58ff933a/2023-24/nl.1.csv,f43a2aa0c65fb061c87e9541e7a567dd58ff933a,306,2026-09-04T07:12:12.065Z,Eredivisie,2023-24,2024-05-19,Volendam,Go Ahead Eagles,1,2,A,1,1,D,,source_reported_FT,Volendam,Go Ahead Eagles
footballcsv/cache.footballdata,https://raw.githubusercontent.com/footballcsv/cache.footballdata/f43a2aa0c65fb061c87e9541e7a567dd58ff933a/2023-24/nl.1.csv,f43a2aa0c65fb061c87e9541e7a567dd58ff933a,307,2026-09-04T07:12:12.065Z,Eredivisie,2023-24,2024-05-19,Zwolle,Twente,1,2,A,0,0,D,,source_reported_FT,Zwolle,Twente
openfootball/football.json,https://raw.githubusercontent.com/openfootball/football.json/8aa4cd0ce0410b21037f063eeb4edd981081d85d/2024-25/nl.1.json,8aa4cd0ce0410b21037f063eeb4edd981081d85d,1,2026-09-04T07:12:24.433Z,Eredivisie,2024-25,2024-08-09,Groningen,NAC Breda,4,1,H,3,0,H,Matchday 1,source_reported_FT,FC Groningen,NAC Breda
openfootball/football.json,https://raw.githubusercontent.com/openfootball/football.json/8aa4cd0ce0410b21037f063eeb4edd981081d85d/2024-25/nl.1.json,8aa4cd0ce0410b21037f063eeb4edd981081d85d,4,2026-09-04T07:12:24.433Z,Eredivisie,2024-25,2024-08-10,Almere City,AZ Alkmaar,0,1,A,0,1,A,Matchday 1,source_reported_FT,Almere City FC,AZ
openfootball/football.json,https://raw.githubusercontent.com/openfootball/football.json/8aa4cd0ce0410b21037f063eeb4edd981081d85d/2024-25/nl.1.json,8aa4cd0ce0410b21037f063eeb4edd981081d85d,2,2026-09-04T07:12:24.433Z,Eredivisie,2024-25,2024-08-10,Feyenoord,Willem II,1,1,D,1,0,H,Matchday 1,source_reported_FT,Feyenoord Rotterdam,Willem II Tilburg
openfootball/football.json,https://raw.githubusercontent.com/openfootball/football.json/8aa4cd0ce0410b21037f063eeb4edd981081d85d/2024-25/nl.1.json,8aa4cd0ce0410b21037f063eeb4edd981081d85d,3,2026-09-04T07:12:24.433Z,Eredivisie,2024-25,2024-08-10,Nijmegen,Twente,1,2,A,1,1,D,Matchday 1,source_reported_FT,NEC,FC Twente '65
openfootball/football.json,https://raw.githubusercontent.com/openfootball/football.json/8aa4cd0ce0410b21037f063eeb4edd981081d85d/2024-25/nl.1.json,8aa4cd0ce0410b21037f063eeb4edd981081d85d,5,2026-09-04T07:12:24.433Z,Eredivisie,2024-25,2024-08-10,PSV Eindhoven,Waalwijk,5,1,H,3,0,H,Matchday 1,source_reported_FT,PSV,RKC Waalwijk
openfootball/football.json,https://raw.githubusercontent.com/openfootball/football.json/8aa4cd0ce0410b21037f063eeb4edd981081d85d/2024-25/nl.1.json,8aa4cd0ce0410b21037f063eeb4edd981081d85d,9,2026-09-04T07:12:24.433Z,Eredivisie,2024-25,2024-08-11,Ajax,Heerenveen,1,0,H,1,0,H,Matchday 1,source_reported_FT,AFC Ajax,SC Heerenveen
openfootball/football.json,https://raw.githubusercontent.com/openfootball/football.json/8aa4cd0ce0410b21037f063eeb4edd981081d85d/2024-25/nl.1.json,8aa4cd0ce0410b21037f063eeb4edd981081d85d,8,2026-09-04T07:12:24.433Z,Eredivisie,2024-25,2024-08-11,Go Ahead Eagles,For Sittard,0,2,A,0,0,D,Matchday 1,source_reported_FT,Go Ahead Eagles,Fortuna Sittard
openfootball/football.json,https://raw.githubusercontent.com/openfootball/football.json/8aa4cd0ce0410b21037f063eeb4edd981081d85d/2024-25/nl.1.json,8aa4cd0ce0410b21037f063eeb4edd981081d85d,6,2026-09-04T07:12:24.433Z,Eredivisie,2024-25,2024-08-11,Sparta Rotterdam,Heracles,0,0,D,,,,Matchday 1,source_reported_FT,Sparta Rotterdam,Heracles Almelo
openfootball/football.json,https://raw.githubusercontent.com/openfootball/football.json/8aa4cd0ce0410b21037f063eeb4edd981081d85d/2024-25/nl.1.json,8aa4cd0ce0410b21037f063eeb4edd981081d85d,7,2026-09-04T07:12:24.433Z,Eredivisie,2024-25,2024-08-11,Utrecht,Zwolle,1,0,H,1,0,H,Matchday 1,source_reported_FT,FC Utrecht,PEC Zwolle
openfootball/football.json,https://raw.githubusercontent.com/openfootball/football.json/8aa4cd0ce0410b21037f063eeb4edd981081d85d/2024-25/nl.1.json,8aa4cd0ce0410b21037f063eeb4edd981081d85d,10,2026-09-04T07:12:24.433Z,Eredivisie,2024-25,2024-08-16,For Sittard,Almere City,3,0,H,1,0,H,Matchday 2,source_reported_FT,Fortuna Sittard,Almere City FC
openfootball/football.json,https://raw.githubusercontent.com/openfootball/football.json/8aa4cd0ce0410b21037f063eeb4edd981081d85d/2024-25/nl.1.json,8aa4cd0ce0410b21037f063eeb4edd981081d85d,13,2026-09-04T07:12:24.433Z,Eredivisie,2024-25,2024-08-17,AZ Alkmaar,Nijmegen,1,0,H,1,0,H,Matchday 2,source_reported_FT,AZ,NEC
openfootball/football.json,https://raw.githubusercontent.com/openfootball/football.json/8aa4cd0ce0410b21037f063eeb4edd981081d85d/2024-25/nl.1.json,8aa4cd0ce0410b21037f063eeb4edd981081d85d,11,2026-09-04T07:12:24.433Z,Eredivisie,2024-25,2024-08-17,Heerenveen,Utrecht,1,1,D,0,1,A,Matchday 2,source_reported_FT,SC Heerenveen,FC Utrecht
openfootball/football.json,https://raw.githubusercontent.com/openfootball/football.json/8aa4cd0ce0410b21037f063eeb4edd981081d85d/2024-25/nl.1.json,8aa4cd0ce0410b21037f063eeb4edd981081d85d,12,2026-09-04T07:12:24.433Z,Eredivisie,2024-25,2024-08-17,Twente,Sparta Rotterdam,1,1,D,0,0,D,Matchday 2,source_reported_FT,FC Twente '65,Sparta Rotterdam
openfootball/football.json,https://raw.githubusercontent.com/openfootball/football.json/8aa4cd0ce0410b21037f063eeb4edd981081d85d/2024-25/nl.1.json,8aa4cd0ce0410b21037f063eeb4edd981081d85d,14,2026-09-04T07:12:24.433Z,Eredivisie,2024-25,2024-08-17,Waalwijk,Groningen,1,2,A,0,1,A,Matchday 2,source_reported_FT,RKC Waalwijk,FC Groningen
openfootball/football.json,https://raw.githubusercontent.com/openfootball/football.json/8aa4cd0ce0410b21037f063eeb4edd981081d85d/2024-25/nl.1.json,8aa4cd0ce0410b21037f063eeb4edd981081d85d,15,2026-09-04T07:12:24.433Z,Eredivisie,2024-25,2024-08-18,Heracles,PSV Eindhoven,1,3,A,1,0,H,Matchday 2,source_reported_FT,Heracles Almelo,PSV
openfootball/football.json,https://raw.githubusercontent.com/openfootball/football.json/8aa4cd0ce0410b21037f063eeb4edd981081d85d/2024-25/nl.1.json,8aa4cd0ce0410b21037f063eeb4edd981081d85d,18,2026-09-04T07:12:24.433Z,Eredivisie,2024-25,2024-08-18,NAC Breda,Ajax,2,1,H,0,0,D,Matchday 2,source_reported_FT,NAC Breda,AFC Ajax
openfootball/football.json,https://raw.githubusercontent.com/openfootball/football.json/8aa4cd0ce0410b21037f063eeb4edd981081d85d/2024-25/nl.1.json,8aa4cd0ce0410b21037f063eeb4edd981081d85d,17,2026-09-04T07:12:24.433Z,Eredivisie,2024-25,2024-08-18,Willem II,Go Ahead Eagles,2,0,H,2,0,H,Matchday 2,source_reported_FT,Willem II Tilburg,Go Ahead Eagles
openfootball/football.json,https://raw.githubusercontent.com/openfootball/football.json/8aa4cd0ce0410b21037f063eeb4edd981081d85d/2024-25/nl.1.json,8aa4cd0ce0410b21037f063eeb4edd981081d85d,16,2026-09-04T07:12:24.433Z,Eredivisie,2024-25,2024-08-18,Zwolle,Feyenoord,1,5,A,0,1,A,Matchday 2,source_reported_FT,PEC Zwolle,Feyenoord Rotterdam
openfootball/football.json,https://raw.githubusercontent.com/openfootball/football.json/8aa4cd0ce0410b21037f063eeb4edd981081d85d/2024-25/nl.1.json,8aa4cd0ce0410b21037f063eeb4edd981081d85d,20,2026-09-04T07:12:24.433Z,Eredivisie,2024-25,2024-08-24,Almere City,PSV Eindhoven,1,7,A,0,2,A,Matchday 3,source_reported_FT,Almere City FC,PSV
openfootball/football.json,https://raw.githubusercontent.com/openfootball/football.json/8aa4cd0ce0410b21037f063eeb4edd981081d85d/2024-25/nl.1.json,8aa4cd0ce0410b21037f063eeb4edd981081d85d,21,2026-09-04T07:12:24.433Z,Eredivisie,2024-25,2024-08-24,NAC Breda,Utrecht,1,2,A,1,0,H,Matchday 3,source_reported_FT,NAC Breda,FC Utrecht
openfootball/football.json,https://raw.githubusercontent.com/openfootball/football.json/8aa4cd0ce0410b21037f063eeb4edd981081d85d/2024-25/nl.1.json,8aa4cd0ce0410b21037f063eeb4edd981081d85d,19,2026-09-04T07:12:24.433Z,Eredivisie,2024-25,2024-08-24,Nijmegen,Zwolle,1,0,H,0,0,D,Matchday 3,source_reported_FT,NEC,PEC Zwolle
openfootball/football.json,https://raw.githubusercontent.com/openfootball/football.json/8aa4cd0ce0410b21037f063eeb4edd981081d85d/2024-25/nl.1.json,8aa4cd0ce0410b21037f063eeb4edd981081d85d,25,2026-09-04T07:12:24.433Z,Eredivisie,2024-25,2024-08-25,Go Ahead Eagles,Waalwijk,2,0,H,1,0,H,Matchday 3,source_reported_FT,Go Ahead Eagles,RKC Waalwijk
openfootball/football.json,https://raw.githubusercontent.com/openfootball/football.json/8aa4cd0ce0410b21037f063eeb4edd981081d85d/2024-25/nl.1.json,8aa4cd0ce0410b21037f063eeb4edd981081d85d,22,2026-09-04T07:12:24.433Z,Eredivisie,2024-25,2024-08-25,Groningen,AZ Alkmaar,0,0,D,,,,Matchday 3,source_reported_FT,FC Groningen,AZ
openfootball/football.json,https://raw.githubusercontent.com/openfootball/football.json/8aa4cd0ce0410b21037f063eeb4edd981081d85d/2024-25/nl.1.json,8aa4cd0ce0410b21037f063eeb4edd981081d85d,23,2026-09-04T07:12:24.433Z,Eredivisie,2024-25,2024-08-25,Heracles,Willem II,1,1,D,1,1,D,Matchday 3,source_reported_FT,Heracles Almelo,Willem II Tilburg
openfootball/football.json,https://raw.githubusercontent.com/openfootball/football.json/8aa4cd0ce0410b21037f063eeb4edd981081d85d/2024-25/nl.1.json,8aa4cd0ce0410b21037f063eeb4edd981081d85d,24,2026-09-04T07:12:24.433Z,Eredivisie,2024-25,2024-08-25,Sparta Rotterdam,Feyenoord,1,1,D,1,0,H,Matchday 3,source_reported_FT,Sparta Rotterdam,Feyenoord Rotterdam
openfootball/football.json,https://raw.githubusercontent.com/openfootball/football.json/8aa4cd0ce0410b21037f063eeb4edd981081d85d/2024-25/nl.1.json,8aa4cd0ce0410b21037f063eeb4edd981081d85d,26,2026-09-04T07:12:24.433Z,Eredivisie,2024-25,2024-08-30,Waalwijk,AZ Alkmaar,0,3,A,0,2,A,Matchday 4,source_reported_FT,RKC Waalwijk,AZ
openfootball/football.json,https://raw.githubusercontent.com/openfootball/football.json/8aa4cd0ce0410b21037f063eeb4edd981081d85d/2024-25/nl.1.json,8aa4cd0ce0410b21037f063eeb4edd981081d85d,27,2026-09-04T07:12:24.433Z,Eredivisie,2024-25,2024-08-31,Almere City,Groningen,1,1,D,1,0,H,Matchday 4,source_reported_FT,Almere City FC,FC Groningen
openfootball/football.json,https://raw.githubusercontent.com/openfootball/football.json/8aa4cd0ce0410b21037f063eeb4edd981081d85d/2024-25/nl.1.json,8aa4cd0ce0410b21037f063eeb4edd981081d85d,28,2026-09-04T07:12:24.433Z,Eredivisie,2024-25,2024-08-31,For Sittard,Nijmegen,0,3,A,0,2,A,Matchday 4,source_reported_FT,Fortuna Sittard,NEC
openfootball/football.json,https://raw.githubusercontent.com/openfootball/football.json/8aa4cd0ce0410b21037f063eeb4edd981081d85d/2024-25/nl.1.json,8aa4cd0ce0410b21037f063eeb4edd981081d85d,29,2026-09-04T07:12:24.433Z,Eredivisie,2024-25,2024-08-31,Heerenveen,NAC Breda,4,0,H,0,0,D,Matchday 4,source_reported_FT,SC Heerenveen,NAC Breda
openfootball/football.json,https://raw.githubusercontent.com/openfootball/football.json/8aa4cd0ce0410b21037f063eeb4edd981081d85d/2024-25/nl.1.json,8aa4cd0ce0410b21037f063eeb4edd981081d85d,30,2026-09-04T07:12:24.433Z,Eredivisie,2024-25,2024-08-31,Willem II,Sparta Rotterdam,1,2,A,0,0,D,Matchday 4,source_reported_FT,Willem II Tilburg,Sparta Rotterdam
openfootball/football.json,https://raw.githubusercontent.com/openfootball/football.json/8aa4cd0ce0410b21037f063eeb4edd981081d85d/2024-25/nl.1.json,8aa4cd0ce0410b21037f063eeb4edd981081d85d,33,2026-09-04T07:12:24.433Z,Eredivisie,2024-25,2024-09-01,PSV Eindhoven,Go Ahead Eagles,3,0,H,2,0,H,Matchday 4,source_reported_FT,PSV,Go Ahead Eagles
openfootball/football.json,https://raw.githubusercontent.com/openfootball/football.json/8aa4cd0ce0410b21037f063eeb4edd981081d85d/2024-25/nl.1.json,8aa4cd0ce0410b21037f063eeb4edd981081d85d,31,2026-09-04T07:12:24.433Z,Eredivisie,2024-25,2024-09-01,Utrecht,Twente,2,1,H,1,1,D,Matchday 4,source_reported_FT,FC Utrecht,FC Twente '65
openfootball/football.json,https://raw.githubusercontent.com/openfootball/football.json/8aa4cd0ce0410b21037f063eeb4edd981081d85d/2024-25/nl.1.json,8aa4cd0ce0410b21037f063eeb4edd981081d85d,32,2026-09-04T07:12:24.433Z,Eredivisie,2024-25,2024-09-01,Zwolle,Heracles,3,0,H,1,0,H,Matchday 4,source_reported_FT,PEC Zwolle,Heracles Almelo
openfootball/football.json,https://raw.githubusercontent.com/openfootball/football.json/8aa4cd0ce0410b21037f063eeb4edd981081d85d/2024-25/nl.1.json,8aa4cd0ce0410b21037f063eeb4edd981081d85d,38,2026-09-04T07:12:24.433Z,Eredivisie,2024-25,2024-09-14,AZ Alkmaar,Heerenveen,9,1,H,2,1,H,Matchday 5,source_reported_FT,AZ,SC Heerenveen
openfootball/football.json,https://raw.githubusercontent.com/openfootball/football.json/8aa4cd0ce0410b21037f063eeb4edd981081d85d/2024-25/nl.1.json,8aa4cd0ce0410b21037f063eeb4edd981081d85d,36,2026-09-04T07:12:24.433Z,Eredivisie,2024-25,2024-09-14,Groningen,Feyenoord,2,2,D,0,1,A,Matchday 5,source_reported_FT,FC Groningen,Feyenoord Rotterdam
openfootball/football.json,https://raw.githubusercontent.com/openfootball/football.json/8aa4cd0ce0410b21037f063eeb4edd981081d85d/2024-25/nl.1.json,8aa4cd0ce0410b21037f063eeb4edd981081d85d,37,2026-09-04T07:12:24.433Z,Eredivisie,2024-25,2024-09-14,NAC Breda,For Sittard,1,0,H,0,0,D,Matchday 5,source_reported_FT,NAC Breda,Fortuna Sittard
openfootball/football.json,https://raw.githubusercontent.com/openfootball/football.json/8aa4cd0ce0410b21037f063eeb4edd981081d85d/2024-25/nl.1.json,8aa4cd0ce0410b21037f063eeb4edd981081d85d,35,2026-09-04T07:12:24.433Z,Eredivisie,2024-25,2024-09-14,PSV Eindhoven,Nijmegen,2,0,H,2,0,H,Matchday 5,source_reported_FT,PSV,NEC
openfootball/football.json,https://raw.githubusercontent.com/openfootball/football.json/8aa4cd0ce0410b21037f063eeb4edd981081d85d/2024-25/nl.1.json,8aa4cd0ce0410b21037f063eeb4edd981081d85d,34,2026-09-04T07:12:24.433Z,Eredivisie,2024-25,2024-09-14,Twente,Zwolle,1,1,D,0,1,A,Matchday 5,source_reported_FT,FC Twente '65,PEC Zwolle
openfootball/football.json,https://raw.githubusercontent.com/openfootball/football.json/8aa4cd0ce0410b21037f063eeb4edd981081d85d/2024-25/nl.1.json,8aa4cd0ce0410b21037f063eeb4edd981081d85d,41,2026-09-04T07:12:24.433Z,Eredivisie,2024-25,2024-09-15,Heracles,Almere City,0,0,D,,,,Matchday 5,source_reported_FT,Heracles Almelo,Almere City FC
openfootball/football.json,https://raw.githubusercontent.com/openfootball/football.json/8aa4cd0ce0410b21037f063eeb4edd981081d85d/2024-25/nl.1.json,8aa4cd0ce0410b21037f063eeb4edd981081d85d,39,2026-09-04T07:12:24.433Z,Eredivisie,2024-25,2024-09-15,Sparta Rotterdam,Go Ahead Eagles,1,2,A,0,1,A,Matchday 5,source_reported_FT,Sparta Rotterdam,Go Ahead Eagles
openfootball/football.json,https://raw.githubusercontent.com/openfootball/football.json/8aa4cd0ce0410b21037f063eeb4edd981081d85d/2024-25/nl.1.json,8aa4cd0ce0410b21037f063eeb4edd981081d85d,40,2026-09-04T07:12:24.433Z,Eredivisie,2024-25,2024-09-15,Willem II,Waalwijk,3,0,H,2,0,H,Matchday 5,source_reported_FT,Willem II Tilburg,RKC Waalwijk
openfootball/football.json,https://raw.githubusercontent.com/openfootball/football.json/8aa4cd0ce0410b21037f063eeb4edd981081d85d/2024-25/nl.1.json,8aa4cd0ce0410b21037f063eeb4edd981081d85d,42,2026-09-04T07:12:24.433Z,Eredivisie,2024-25,2024-09-17,Twente,Heerenveen,2,0,H,2,0,H,Matchday 3,source_reported_FT,FC Twente '65,SC Heerenveen
openfootball/football.json,https://raw.githubusercontent.com/openfootball/football.json/8aa4cd0ce0410b21037f063eeb4edd981081d85d/2024-25/nl.1.json,8aa4cd0ce0410b21037f063eeb4edd981081d85d,43,2026-09-04T07:12:24.433Z,Eredivisie,2024-25,2024-09-18,Ajax,For Sittard,5,0,H,2,0,H,Matchday 3,source_reported_FT,AFC Ajax,Fortuna Sittard
openfootball/football.json,https://raw.githubusercontent.com/openfootball/football.json/8aa4cd0ce0410b21037f063eeb4edd981081d85d/2024-25/nl.1.json,8aa4cd0ce0410b21037f063eeb4edd981081d85d,44,2026-09-04T07:12:24.433Z,Eredivisie,2024-25,2024-09-20,Zwolle,AZ Alkmaar,1,2,A,0,1,A,Matchday 6,source_reported_FT,PEC Zwolle,AZ
openfootball/football.json,https://raw.githubusercontent.com/openfootball/football.json/8aa4cd0ce0410b21037f063eeb4edd981081d85d/2024-25/nl.1.json,8aa4cd0ce0410b21037f063eeb4edd981081d85d,47,2026-09-04T07:12:24.433Z,Eredivisie,2024-25,2024-09-21,Go Ahead Eagles,Ajax,1,1,D,0,0,D,Matchday 6,source_reported_FT,Go Ahead Eagles,AFC Ajax
openfootball/football.json,https://raw.githubusercontent.com/openfootball/football.json/8aa4cd0ce0410b21037f063eeb4edd981081d85d/2024-25/nl.1.json,8aa4cd0ce0410b21037f063eeb4edd981081d85d,48,2026-09-04T07:12:24.433Z,Eredivisie,2024-25,2024-09-21,Nijmegen,Heracles,1,2,A,1,2,A,Matchday 6,source_reported_FT,NEC,Heracles Almelo
openfootball/football.json,https://raw.githubusercontent.com/openfootball/football.json/8aa4cd0ce0410b21037f063eeb4edd981081d85d/2024-25/nl.1.json,8aa4cd0ce0410b21037f063eeb4edd981081d85d,45,2026-09-04T07:12:24.433Z,Eredivisie,2024-25,2024-09-21,Utrecht,Willem II,3,2,H,2,2,D,Matchday 6,source_reported_FT,FC Utrecht,Willem II Tilburg
openfootball/football.json,https://raw.githubusercontent.com/openfootball/football.json/8aa4cd0ce0410b21037f063eeb4edd981081d85d/2024-25/nl.1.json,8aa4cd0ce0410b21037f063eeb4edd981081d85d,46,2026-09-04T07:12:24.433Z,Eredivisie,2024-25,2024-09-21,Waalwijk,Sparta Rotterdam,1,2,A,0,1,A,Matchday 6,source_reported_FT,RKC Waalwijk,Sparta Rotterdam
openfootball/football.json,https://raw.githubusercontent.com/openfootball/football.json/8aa4cd0ce0410b21037f063eeb4edd981081d85d/2024-25/nl.1.json,8aa4cd0ce0410b21037f063eeb4edd981081d85d,50,2026-09-04T07:12:24.433Z,Eredivisie,2024-25,2024-09-22,Almere City,Twente,0,5,A,0,2,A,Matchday 6,source_reported_FT,Almere City FC,FC Twente '65
openfootball/football.json,https://raw.githubusercontent.com/openfootball/football.json/8aa4cd0ce0410b21037f063eeb4edd981081d85d/2024-25/nl.1.json,8aa4cd0ce0410b21037f063eeb4edd981081d85d,51,2026-09-04T07:12:24.433Z,Eredivisie,2024-25,2024-09-22,Feyenoord,NAC Breda,2,0,H,1,0,H,Matchday 6,source_reported_FT,Feyenoord Rotterdam,NAC Breda
openfootball/football.json,https://raw.githubusercontent.com/openfootball/football.json/8aa4cd0ce0410b21037f063eeb4edd981081d85d/2024-25/nl.1.json,8aa4cd0ce0410b21037f063eeb4edd981081d85d,52,2026-09-04T07:12:24.433Z,Eredivisie,2024-25,2024-09-22,For Sittard,PSV Eindhoven,1,3,A,1,1,D,Matchday 6,source_reported_FT,Fortuna Sittard,PSV
openfootball/football.json,https://raw.githubusercontent.com/openfootball/football.json/8aa4cd0ce0410b21037f063eeb4edd981081d85d/2024-25/nl.1.json,8aa4cd0ce0410b21037f063eeb4edd981081d85d,49,2026-09-04T07:12:24.433Z,Eredivisie,2024-25,2024-09-22,Heerenveen,Groningen,2,1,H,1,1,D,Matchday 6,source_reported_FT,SC Heerenveen,FC Groningen
openfootball/football.json,https://raw.githubusercontent.com/openfootball/football.json/8aa4cd0ce0410b21037f063eeb4edd981081d85d/2024-25/nl.1.json,8aa4cd0ce0410b21037f063eeb4edd981081d85d,53,2026-09-04T07:12:24.433Z,Eredivisie,2024-25,2024-09-27,Heracles,Heerenveen,2,1,H,1,0,H,Matchday 7,source_reported_FT,Heracles Almelo,SC Heerenveen
openfootball/football.json,https://raw.githubusercontent.com/openfootball/football.json/8aa4cd0ce0410b21037f063eeb4edd981081d85d/2024-25/nl.1.json,8aa4cd0ce0410b21037f063eeb4edd981081d85d,55,2026-09-04T07:12:24.433Z,Eredivisie,2024-25,2024-09-28,Nijmegen,Feyenoord,1,1,D,1,0,H,Matchday 7,source_reported_FT,NEC,Feyenoord Rotterdam
openfootball/football.json,https://raw.githubusercontent.com/openfootball/football.json/8aa4cd0ce0410b21037f063eeb4edd981081d85d/2024-25/nl.1.json,8aa4cd0ce0410b21037f063eeb4edd981081d85d,56,2026-09-04T07:12:24.433Z,Eredivisie,2024-25,2024-09-28,Sparta Rotterdam,For Sittard,1,1,D,1,1,D,Matchday 7,source_reported_FT,Sparta Rotterdam,Fortuna Sittard
openfootball/football.json,https://raw.githubusercontent.com/openfootball/football.json/8aa4cd0ce0410b21037f063eeb4edd981081d85d/2024-25/nl.1.json,8aa4cd0ce0410b21037f063eeb4edd981081d85d,54,2026-09-04T07:12:24.433Z,Eredivisie,2024-25,2024-09-28,Willem II,PSV Eindhoven,0,2,A,0,0,D,Matchday 7,source_reported_FT,Willem II Tilburg,PSV
openfootball/football.json,https://raw.githubusercontent.com/openfootball/football.json/8aa4cd0ce0410b21037f063eeb4edd981081d85d/2024-25/nl.1.json,8aa4cd0ce0410b21037f063eeb4edd981081d85d,61,2026-09-04T07:12:24.433Z,Eredivisie,2024-25,2024-09-29,AZ Alkmaar,Utrecht,1,2,A,1,1,D,Matchday 7,source_reported_FT,AZ,FC Utrecht
openfootball/football.json,https://raw.githubusercontent.com/openfootball/football.json/8aa4cd0ce0410b21037f063eeb4edd981081d85d/2024-25/nl.1.json,8aa4cd0ce0410b21037f063eeb4edd981081d85d,59,2026-09-04T07:12:24.433Z,Eredivisie,2024-25,2024-09-29,Groningen,Go Ahead Eagles,0,1,A,0,0,D,Matchday 7,source_reported_FT,FC Groningen,Go Ahead Eagles
openfootball/football.json,https://raw.githubusercontent.com/openfootball/football.json/8aa4cd0ce0410b21037f063eeb4edd981081d85d/2024-25/nl.1.json,8aa4cd0ce0410b21037f063eeb4edd981081d85d,58,2026-09-04T07:12:24.433Z,Eredivisie,2024-25,2024-09-29,Twente,NAC Breda,1,0,H,0,0,D,Matchday 7,source_reported_FT,FC Twente '65,NAC Breda
openfootball/football.json,https://raw.githubusercontent.com/openfootball/football.json/8aa4cd0ce0410b21037f063eeb4edd981081d85d/2024-25/nl.1.json,8aa4cd0ce0410b21037f063eeb4edd981081d85d,60,2026-09-04T07:12:24.433Z,Eredivisie,2024-25,2024-09-29,Waalwijk,Ajax,0,2,A,0,0,D,Matchday 7,source_reported_FT,RKC Waalwijk,AFC Ajax
openfootball/football.json,https://raw.githubusercontent.com/openfootball/football.json/8aa4cd0ce0410b21037f063eeb4edd981081d85d/2024-25/nl.1.json,8aa4cd0ce0410b21037f063eeb4edd981081d85d,57,2026-09-04T07:12:24.433Z,Eredivisie,2024-25,2024-09-29,Zwolle,Almere City,1,0,H,0,0,D,Matchday 7,source_reported_FT,PEC Zwolle,Almere City FC
openfootball/football.json,https://raw.githubusercontent.com/openfootball/football.json/8aa4cd0ce0410b21037f063eeb4edd981081d85d/2024-25/nl.1.json,8aa4cd0ce0410b21037f063eeb4edd981081d85d,62,2026-09-04T07:12:24.433Z,Eredivisie,2024-25,2024-10-04,Almere City,Willem II,0,1,A,0,0,D,Matchday 8,source_reported_FT,Almere City FC,Willem II Tilburg
openfootball/football.json,https://raw.githubusercontent.com/openfootball/football.json/8aa4cd0ce0410b21037f063eeb4edd981081d85d/2024-25/nl.1.json,8aa4cd0ce0410b21037f063eeb4edd981081d85d,63,2026-09-04T07:12:24.433Z,Eredivisie,2024-25,2024-10-05,NAC Breda,Nijmegen,1,0,H,0,0,D,Matchday 8,source_reported_FT,NAC Breda,NEC
openfootball/football.json,https://raw.githubusercontent.com/openfootball/football.json/8aa4cd0ce0410b21037f063eeb4edd981081d85d/2024-25/nl.1.json,8aa4cd0ce0410b21037f063eeb4edd981081d85d,64,2026-09-04T07:12:24.433Z,Eredivisie,2024-25,2024-10-05,PSV Eindhoven,Sparta Rotterdam,2,1,H,2,1,H,Matchday 8,source_reported_FT,PSV,Sparta Rotterdam
openfootball/football.json,https://raw.githubusercontent.com/openfootball/football.json/8aa4cd0ce0410b21037f063eeb4edd981081d85d/2024-25/nl.1.json,8aa4cd0ce0410b21037f063eeb4edd981081d85d,65,2026-09-04T07:12:24.433Z,Eredivisie,2024-25,2024-10-05,Utrecht,Waalwijk,3,2,H,1,1,D,Matchday 8,source_reported_FT,FC Utrecht,RKC Waalwijk
openfootball/football.json,https://raw.githubusercontent.com/openfootball/football.json/8aa4cd0ce0410b21037f063eeb4edd981081d85d/2024-25/nl.1.json,8aa4cd0ce0410b21037f063eeb4edd981081d85d,69,2026-09-04T07:12:24.433Z,Eredivisie,2024-25,2024-10-06,Ajax,Groningen,3,1,H,1,0,H,Matchday 8,source_reported_FT,AFC Ajax,FC Groningen
openfootball/football.json,https://raw.githubusercontent.com/openfootball/football.json/8aa4cd0ce0410b21037f063eeb4edd981081d85d/2024-25/nl.1.json,8aa4cd0ce0410b21037f063eeb4edd981081d85d,68,2026-09-04T07:12:24.433Z,Eredivisie,2024-25,2024-10-06,Feyenoord,Twente,2,1,H,2,0,H,Matchday 8,source_reported_FT,Feyenoord Rotterdam,FC Twente '65
openfootball/football.json,https://raw.githubusercontent.com/openfootball/football.json/8aa4cd0ce0410b21037f063eeb4edd981081d85d/2024-25/nl.1.json,8aa4cd0ce0410b21037f063eeb4edd981081d85d,70,2026-09-04T07:12:24.433Z,Eredivisie,2024-25,2024-10-06,For Sittard,AZ Alkmaar,1,0,H,0,0,D,Matchday 8,source_reported_FT,Fortuna Sittard,AZ
openfootball/football.json,https://raw.githubusercontent.com/openfootball/football.json/8aa4cd0ce0410b21037f063eeb4edd981081d85d/2024-25/nl.1.json,8aa4cd0ce0410b21037f063eeb4edd981081d85d,66,2026-09-04T07:12:24.433Z,Eredivisie,2024-25,2024-10-06,Go Ahead Eagles,Heracles,4,1,H,0,1,A,Matchday 8,source_reported_FT,Go Ahead Eagles,Heracles Almelo
openfootball/football.json,https://raw.githubusercontent.com/openfootball/football.json/8aa4cd0ce0410b21037f063eeb4edd981081d85d/2024-25/nl.1.json,8aa4cd0ce0410b21037f063eeb4edd981081d85d,67,2026-09-04T07:12:24.433Z,Eredivisie,2024-25,2024-10-06,Heerenveen,Zwolle,1,1,D,1,1,D,Matchday 8,source_reported_FT,SC Heerenveen,PEC Zwolle
openfootball/football.json,https://raw.githubusercontent.com/openfootball/football.json/8aa4cd0ce0410b21037f063eeb4edd981081d85d/2024-25/nl.1.json,8aa4cd0ce0410b21037f063eeb4edd981081d85d,72,2026-09-04T07:12:24.433Z,Eredivisie,2024-25,2024-10-19,AZ Alkmaar,PSV Eindhoven,1,2,A,0,2,A,Matchday 9,source_reported_FT,AZ,PSV
openfootball/football.json,https://raw.githubusercontent.com/openfootball/football.json/8aa4cd0ce0410b21037f063eeb4edd981081d85d/2024-25/nl.1.json,8aa4cd0ce0410b21037f063eeb4edd981081d85d,75,2026-09-04T07:12:24.433Z,Eredivisie,2024-25,2024-10-19,Go Ahead Eagles,Feyenoord,1,5,A,0,3,A,Matchday 9,source_reported_FT,Go Ahead Eagles,Feyenoord Rotterdam
openfootball/football.json,https://raw.githubusercontent.com/openfootball/football.json/8aa4cd0ce0410b21037f063eeb4edd981081d85d/2024-25/nl.1.json,8aa4cd0ce0410b21037f063eeb4edd981081d85d,73,2026-09-04T07:12:24.433Z,Eredivisie,2024-25,2024-10-19,Nijmegen,Heerenveen,3,0,H,1,0,H,Matchday 9,source_reported_FT,NEC,SC Heerenveen
openfootball/football.json,https://raw.githubusercontent.com/openfootball/football.json/8aa4cd0ce0410b21037f063eeb4edd981081d85d/2024-25/nl.1.json,8aa4cd0ce0410b21037f063eeb4edd981081d85d,71,2026-09-04T07:12:24.433Z,Eredivisie,2024-25,2024-10-19,Sparta Rotterdam,Almere City,2,2,D,0,2,A,Matchday 9,source_reported_FT,Sparta Rotterdam,Almere City FC
openfootball/football.json,https://raw.githubusercontent.com/openfootball/football.json/8aa4cd0ce0410b21037f063eeb4edd981081d85d/2024-25/nl.1.json,8aa4cd0ce0410b21037f063eeb4edd981081d85d,74,2026-09-04T07:12:24.433Z,Eredivisie,2024-25,2024-10-19,Waalwijk,Twente,2,2,D,1,1,D,Matchday 9,source_reported_FT,RKC Waalwijk,FC Twente '65
openfootball/football.json,https://raw.githubusercontent.com/openfootball/football.json/8aa4cd0ce0410b21037f063eeb4edd981081d85d/2024-25/nl.1.json,8aa4cd0ce0410b21037f063eeb4edd981081d85d,77,2026-09-04T07:12:24.433Z,Eredivisie,2024-25,2024-10-20,Groningen,Utrecht,0,1,A,0,1,A,Matchday 9,source_reported_FT,FC Groningen,FC Utrecht
openfootball/football.json,https://raw.githubusercontent.com/openfootball/football.json/8aa4cd0ce0410b21037f063eeb4edd981081d85d/2024-25/nl.1.json,8aa4cd0ce0410b21037f063eeb4edd981081d85d,78,2026-09-04T07:12:24.433Z,Eredivisie,2024-25,2024-10-20,Heracles,Ajax,3,4,A,2,2,D,Matchday 9,source_reported_FT,Heracles Almelo,AFC Ajax
openfootball/football.json,https://raw.githubusercontent.com/openfootball/football.json/8aa4cd0ce0410b21037f063eeb4edd981081d85d/2024-25/nl.1.json,8aa4cd0ce0410b21037f063eeb4edd981081d85d,76,2026-09-04T07:12:24.433Z,Eredivisie,2024-25,2024-10-20,Willem II,For Sittard,0,0,D,,,,Matchday 9,source_reported_FT,Willem II Tilburg,Fortuna Sittard
openfootball/football.json,https://raw.githubusercontent.com/openfootball/football.json/8aa4cd0ce0410b21037f063eeb4edd981081d85d/2024-25/nl.1.json,8aa4cd0ce0410b21037f063eeb4edd981081d85d,79,2026-09-04T07:12:24.433Z,Eredivisie,2024-25,2024-10-20,Zwolle,NAC Breda,1,2,A,0,0,D,Matchday 9,source_reported_FT,PEC Zwolle,NAC Breda
openfootball/football.json,https://raw.githubusercontent.com/openfootball/football.json/8aa4cd0ce0410b21037f063eeb4edd981081d85d/2024-25/nl.1.json,8aa4cd0ce0410b21037f063eeb4edd981081d85d,80,2026-09-04T07:12:24.433Z,Eredivisie,2024-25,2024-10-25,Almere City,Nijmegen,1,0,H,0,0,D,Matchday 10,source_reported_FT,Almere City FC,NEC
openfootball/football.json,https://raw.githubusercontent.com/openfootball/football.json/8aa4cd0ce0410b21037f063eeb4edd981081d85d/2024-25/nl.1.json,8aa4cd0ce0410b21037f063eeb4edd981081d85d,81,2026-09-04T07:12:24.433Z,Eredivisie,2024-25,2024-10-26,For Sittard,Groningen,1,0,H,0,0,D,Matchday 10,source_reported_FT,Fortuna Sittard,FC Groningen
openfootball/football.json,https://raw.githubusercontent.com/openfootball/football.json/8aa4cd0ce0410b21037f063eeb4edd981081d85d/2024-25/nl.1.json,8aa4cd0ce0410b21037f063eeb4edd981081d85d,84,2026-09-04T07:12:24.433Z,Eredivisie,2024-25,2024-10-26,Heerenveen,Sparta Rotterdam,2,0,H,1,0,H,Matchday 10,source_reported_FT,SC Heerenveen,Sparta Rotterdam
openfootball/football.json,https://raw.githubusercontent.com/openfootball/football.json/8aa4cd0ce0410b21037f063eeb4edd981081d85d/2024-25/nl.1.json,8aa4cd0ce0410b21037f063eeb4edd981081d85d,83,2026-09-04T07:12:24.433Z,Eredivisie,2024-25,2024-10-26,NAC Breda,Waalwijk,4,1,H,2,1,H,Matchday 10,source_reported_FT,NAC Breda,RKC Waalwijk
openfootball/football.json,https://raw.githubusercontent.com/openfootball/football.json/8aa4cd0ce0410b21037f063eeb4edd981081d85d/2024-25/nl.1.json,8aa4cd0ce0410b21037f063eeb4edd981081d85d,82,2026-09-04T07:12:24.433Z,Eredivisie,2024-25,2024-10-26,PSV Eindhoven,Zwolle,6,0,H,2,0,H,Matchday 10,source_reported_FT,PSV,PEC Zwolle
openfootball/football.json,https://raw.githubusercontent.com/openfootball/football.json/8aa4cd0ce0410b21037f063eeb4edd981081d85d/2024-25/nl.1.json,8aa4cd0ce0410b21037f063eeb4edd981081d85d,88,2026-09-04T07:12:24.433Z,Eredivisie,2024-25,2024-10-27,AZ Alkmaar,Go Ahead Eagles,2,2,D,1,0,H,Matchday 10,source_reported_FT,AZ,Go Ahead Eagles
openfootball/football.json,https://raw.githubusercontent.com/openfootball/football.json/8aa4cd0ce0410b21037f063eeb4edd981081d85d/2024-25/nl.1.json,8aa4cd0ce0410b21037f063eeb4edd981081d85d,87,2026-09-04T07:12:24.433Z,Eredivisie,2024-25,2024-10-27,Ajax,Willem II,1,0,H,1,0,H,Matchday 10,source_reported_FT,AFC Ajax,Willem II Tilburg
openfootball/football.json,https://raw.githubusercontent.com/openfootball/football.json/8aa4cd0ce0410b21037f063eeb4edd981081d85d/2024-25/nl.1.json,8aa4cd0ce0410b21037f063eeb4edd981081d85d,86,2026-09-04T07:12:24.433Z,Eredivisie,2024-25,2024-10-27,Twente,Heracles,5,0,H,2,0,H,Matchday 10,source_reported_FT,FC Twente '65,Heracles Almelo
openfootball/football.json,https://raw.githubusercontent.com/openfootball/football.json/8aa4cd0ce0410b21037f063eeb4edd981081d85d/2024-25/nl.1.json,8aa4cd0ce0410b21037f063eeb4edd981081d85d,85,2026-09-04T07:12:24.433Z,Eredivisie,2024-25,2024-10-27,Utrecht,Feyenoord,0,2,A,0,1,A,Matchday 10,source_reported_FT,FC Utrecht,Feyenoord Rotterdam
openfootball/football.json,https://raw.githubusercontent.com/openfootball/football.json/8aa4cd0ce0410b21037f063eeb4edd981081d85d/2024-25/nl.1.json,8aa4cd0ce0410b21037f063eeb4edd981081d85d,89,2026-09-04T07:12:24.433Z,Eredivisie,2024-25,2024-10-30,Feyenoord,Ajax,0,2,A,0,2,A,Matchday 4,source_reported_FT,Feyenoord Rotterdam,AFC Ajax
openfootball/football.json,https://raw.githubusercontent.com/openfootball/football.json/8aa4cd0ce0410b21037f063eeb4edd981081d85d/2024-25/nl.1.json,8aa4cd0ce0410b21037f063eeb4edd981081d85d,92,2026-09-04T07:12:24.433Z,Eredivisie,2024-25,2024-11-02,Ajax,PSV Eindhoven,3,2,H,1,1,D,Matchday 11,source_reported_FT,AFC Ajax,PSV
openfootball/football.json,https://raw.githubusercontent.com/openfootball/football.json/8aa4cd0ce0410b21037f063eeb4edd981081d85d/2024-25/nl.1.json,8aa4cd0ce0410b21037f063eeb4edd981081d85d,93,2026-09-04T07:12:24.433Z,Eredivisie,2024-25,2024-11-02,Feyenoord,AZ Alkmaar,3,2,H,0,1,A,Matchday 11,source_reported_FT,Feyenoord Rotterdam,AZ
openfootball/football.json,https://raw.githubusercontent.com/openfootball/football.json/8aa4cd0ce0410b21037f063eeb4edd981081d85d/2024-25/nl.1.json,8aa4cd0ce0410b21037f063eeb4edd981081d85d,94,2026-09-04T07:12:24.433Z,Eredivisie,2024-25,2024-11-02,For Sittard,Heerenveen,3,0,H,1,0,H,Matchday 11,source_reported_FT,Fortuna Sittard,SC Heerenveen
openfootball/football.json,https://raw.githubusercontent.com/openfootball/football.json/8aa4cd0ce0410b21037f063eeb4edd981081d85d/2024-25/nl.1.json,8aa4cd0ce0410b21037f063eeb4edd981081d85d,91,2026-09-04T07:12:24.433Z,Eredivisie,2024-25,2024-11-02,Heracles,NAC Breda,2,0,H,1,0,H,Matchday 11,source_reported_FT,Heracles Almelo,NAC Breda
openfootball/football.json,https://raw.githubusercontent.com/openfootball/football.json/8aa4cd0ce0410b21037f063eeb4edd981081d85d/2024-25/nl.1.json,8aa4cd0ce0410b21037f063eeb4edd981081d85d,90,2026-09-04T07:12:24.433Z,Eredivisie,2024-25,2024-11-02,Willem II,Twente,0,1,A,0,0,D,Matchday 11,source_reported_FT,Willem II Tilburg,FC Twente '65
openfootball/football.json,https://raw.githubusercontent.com/openfootball/football.json/8aa4cd0ce0410b21037f063eeb4edd981081d85d/2024-25/nl.1.json,8aa4cd0ce0410b21037f063eeb4edd981081d85d,95,2026-09-04T07:12:24.433Z,Eredivisie,2024-25,2024-11-03,Go Ahead Eagles,Zwolle,2,2,D,0,2,A,Matchday 11,source_reported_FT,Go Ahead Eagles,PEC Zwolle
openfootball/football.json,https://raw.githubusercontent.com/openfootball/football.json/8aa4cd0ce0410b21037f063eeb4edd981081d85d/2024-25/nl.1.json,8aa4cd0ce0410b21037f063eeb4edd981081d85d,96,2026-09-04T07:12:24.433Z,Eredivisie,2024-25,2024-11-03,Nijmegen,Groningen,6,0,H,3,0,H,Matchday 11,source_reported_FT,NEC,FC Groningen
openfootball/football.json,https://raw.githubusercontent.com/openfootball/football.json/8aa4cd0ce0410b21037f063eeb4edd981081d85d/2024-25/nl.1.json,8aa4cd0ce0410b21037f063eeb4edd981081d85d,97,2026-09-04T07:12:24.433Z,Eredivisie,2024-25,2024-11-03,Sparta Rotterdam,Utrecht,1,4,A,0,1,A,Matchday 11,source_reported_FT,Sparta Rotterdam,FC Utrecht
openfootball/football.json,https://raw.githubusercontent.com/openfootball/football.json/8aa4cd0ce0410b21037f063eeb4edd981081d85d/2024-25/nl.1.json,8aa4cd0ce0410b21037f063eeb4edd981081d85d,98,2026-09-04T07:12:24.433Z,Eredivisie,2024-25,2024-11-03,Waalwijk,Almere City,2,0,H,1,0,H,Matchday 11,source_reported_FT,RKC Waalwijk,Almere City FC
openfootball/football.json,https://raw.githubusercontent.com/openfootball/football.json/8aa4cd0ce0410b21037f063eeb4edd981081d85d/2024-25/nl.1.json,8aa4cd0ce0410b21037f063eeb4edd981081d85d,99,2026-09-04T07:12:24.433Z,Eredivisie,2024-25,2024-11-08,Utrecht,Heracles,1,0,H,0,0,D,Matchday 12,source_reported_FT,FC Utrecht,Heracles Almelo
openfootball/football.json,https://raw.githubusercontent.com/openfootball/football.json/8aa4cd0ce0410b21037f063eeb4edd981081d85d/2024-25/nl.1.json,8aa4cd0ce0410b21037f063eeb4edd981081d85d,100,2026-09-04T07:12:24.433Z,Eredivisie,2024-25,2024-11-09,Groningen,Sparta Rotterdam,1,0,H,1,0,H,Matchday 12,source_reported_FT,FC Groningen,Sparta Rotterdam
openfootball/football.json,https://raw.githubusercontent.com/openfootball/football.json/8aa4cd0ce0410b21037f063eeb4edd981081d85d/2024-25/nl.1.json,8aa4cd0ce0410b21037f063eeb4edd981081d85d,102,2026-09-04T07:12:24.433Z,Eredivisie,2024-25,2024-11-09,NAC Breda,PSV Eindhoven,0,3,A,0,2,A,Matchday 12,source_reported_FT,NAC Breda,PSV
openfootball/football.json,https://raw.githubusercontent.com/openfootball/football.json/8aa4cd0ce0410b21037f063eeb4edd981081d85d/2024-25/nl.1.json,8aa4cd0ce0410b21037f063eeb4edd981081d85d,103,2026-09-04T07:12:24.433Z,Eredivisie,2024-25,2024-11-09,Waalwijk,Nijmegen,0,3,A,0,0,D,Matchday 12,source_reported_FT,RKC Waalwijk,NEC
openfootball/football.json,https://raw.githubusercontent.com/openfootball/football.json/8aa4cd0ce0410b21037f063eeb4edd981081d85d/2024-25/nl.1.json,8aa4cd0ce0410b21037f063eeb4edd981081d85d,101,2026-09-04T07:12:24.433Z,Eredivisie,2024-25,2024-11-09,Zwolle,For Sittard,3,1,H,0,1,A,Matchday 12,source_reported_FT,PEC Zwolle,Fortuna Sittard
openfootball/football.json,https://raw.githubusercontent.com/openfootball/football.json/8aa4cd0ce0410b21037f063eeb4edd981081d85d/2024-25/nl.1.json,8aa4cd0ce0410b21037f063eeb4edd981081d85d,107,2026-09-04T07:12:24.433Z,Eredivisie,2024-25,2024-11-10,AZ Alkmaar,Willem II,1,2,A,0,2,A,Matchday 12,source_reported_FT,AZ,Willem II Tilburg
openfootball/football.json,https://raw.githubusercontent.com/openfootball/football.json/8aa4cd0ce0410b21037f063eeb4edd981081d85d/2024-25/nl.1.json,8aa4cd0ce0410b21037f063eeb4edd981081d85d,104,2026-09-04T07:12:24.433Z,Eredivisie,2024-25,2024-11-10,Almere City,Feyenoord,1,4,A,1,2,A,Matchday 12,source_reported_FT,Almere City FC,Feyenoord Rotterdam
openfootball/football.json,https://raw.githubusercontent.com/openfootball/football.json/8aa4cd0ce0410b21037f063eeb4edd981081d85d/2024-25/nl.1.json,8aa4cd0ce0410b21037f063eeb4edd981081d85d,105,2026-09-04T07:12:24.433Z,Eredivisie,2024-25,2024-11-10,Heerenveen,Go Ahead Eagles,1,0,H,1,0,H,Matchday 12,source_reported_FT,SC Heerenveen,Go Ahead Eagles
openfootball/football.json,https://raw.githubusercontent.com/openfootball/football.json/8aa4cd0ce0410b21037f063eeb4edd981081d85d/2024-25/nl.1.json,8aa4cd0ce0410b21037f063eeb4edd981081d85d,106,2026-09-04T07:12:24.433Z,Eredivisie,2024-25,2024-11-10,Twente,Ajax,2,2,D,1,0,H,Matchday 12,source_reported_FT,FC Twente '65,AFC Ajax
openfootball/football.json,https://raw.githubusercontent.com/openfootball/football.json/8aa4cd0ce0410b21037f063eeb4edd981081d85d/2024-25/nl.1.json,8aa4cd0ce0410b21037f063eeb4edd981081d85d,109,2026-09-04T07:12:24.433Z,Eredivisie,2024-25,2024-11-23,Feyenoord,Heerenveen,3,0,H,2,0,H,Matchday 13,source_reported_FT,Feyenoord Rotterdam,SC Heerenveen
openfootball/football.json,https://raw.githubusercontent.com/openfootball/football.json/8aa4cd0ce0410b21037f063eeb4edd981081d85d/2024-25/nl.1.json,8aa4cd0ce0410b21037f063eeb4edd981081d85d,112,2026-09-04T07:12:24.433Z,Eredivisie,2024-25,2024-11-23,For Sittard,Twente,1,2,A,0,1,A,Matchday 13,source_reported_FT,Fortuna Sittard,FC Twente '65
openfootball/football.json,https://raw.githubusercontent.com/openfootball/football.json/8aa4cd0ce0410b21037f063eeb4edd981081d85d/2024-25/nl.1.json,8aa4cd0ce0410b21037f063eeb4edd981081d85d,108,2026-09-04T07:12:24.433Z,Eredivisie,2024-25,2024-11-23,Go Ahead Eagles,Almere City,3,0,H,2,0,H,Matchday 13,source_reported_FT,Go Ahead Eagles,Almere City FC
openfootball/football.json,https://raw.githubusercontent.com/openfootball/football.json/8aa4cd0ce0410b21037f063eeb4edd981081d85d/2024-25/nl.1.json,8aa4cd0ce0410b21037f063eeb4edd981081d85d,110,2026-09-04T07:12:24.433Z,Eredivisie,2024-25,2024-11-23,Heracles,Waalwijk,2,2,D,1,0,H,Matchday 13,source_reported_FT,Heracles Almelo,RKC Waalwijk
openfootball/football.json,https://raw.githubusercontent.com/openfootball/football.json/8aa4cd0ce0410b21037f063eeb4edd981081d85d/2024-25/nl.1.json,8aa4cd0ce0410b21037f063eeb4edd981081d85d,111,2026-09-04T07:12:24.433Z,Eredivisie,2024-25,2024-11-23,PSV Eindhoven,Groningen,5,0,H,2,0,H,Matchday 13,source_reported_FT,PSV,FC Groningen
openfootball/football.json,https://raw.githubusercontent.com/openfootball/football.json/8aa4cd0ce0410b21037f063eeb4edd981081d85d/2024-25/nl.1.json,8aa4cd0ce0410b21037f063eeb4edd981081d85d,116,2026-09-04T07:12:24.433Z,Eredivisie,2024-25,2024-11-24,Ajax,Zwolle,2,0,H,1,0,H,Matchday 13,source_reported_FT,AFC Ajax,PEC Zwolle
openfootball/football.json,https://raw.githubusercontent.com/openfootball/football.json/8aa4cd0ce0410b21037f063eeb4edd981081d85d/2024-25/nl.1.json,8aa4cd0ce0410b21037f063eeb4edd981081d85d,113,2026-09-04T07:12:24.433Z,Eredivisie,2024-25,2024-11-24,Nijmegen,Utrecht,1,2,A,0,1,A,Matchday 13,source_reported_FT,NEC,FC Utrecht
openfootball/football.json,https://raw.githubusercontent.com/openfootball/football.json/8aa4cd0ce0410b21037f063eeb4edd981081d85d/2024-25/nl.1.json,8aa4cd0ce0410b21037f063eeb4edd981081d85d,114,2026-09-04T07:12:24.433Z,Eredivisie,2024-25,2024-11-24,Sparta Rotterdam,AZ Alkmaar,1,2,A,1,1,D,Matchday 13,source_reported_FT,Sparta Rotterdam,AZ
openfootball/football.json,https://raw.githubusercontent.com/openfootball/football.json/8aa4cd0ce0410b21037f063eeb4edd981081d85d/2024-25/nl.1.json,8aa4cd0ce0410b21037f063eeb4edd981081d85d,115,2026-09-04T07:12:24.433Z,Eredivisie,2024-25,2024-11-24,Willem II,NAC Breda,2,2,D,0,1,A,Matchday 13,source_reported_FT,Willem II Tilburg,NAC Breda
openfootball/football.json,https://raw.githubusercontent.com/openfootball/football.json/8aa4cd0ce0410b21037f063eeb4edd981081d85d/2024-25/nl.1.json,8aa4cd0ce0410b21037f063eeb4edd981081d85d,117,2026-09-04T07:12:24.433Z,Eredivisie,2024-25,2024-11-29,Heerenveen,Waalwijk,1,1,D,1,0,H,Matchday 14,source_reported_FT,SC Heerenveen,RKC Waalwijk
openfootball/football.json,https://raw.githubusercontent.com/openfootball/football.json/8aa4cd0ce0410b21037f063eeb4edd981081d85d/2024-25/nl.1.json,8aa4cd0ce0410b21037f063eeb4edd981081d85d,120,2026-09-04T07:12:24.433Z,Eredivisie,2024-25,2024-11-30,Feyenoord,For Sittard,1,1,D,0,1,A,Matchday 14,source_reported_FT,Feyenoord Rotterdam,Fortuna Sittard
openfootball/football.json,https://raw.githubusercontent.com/openfootball/football.json/8aa4cd0ce0410b21037f063eeb4edd981081d85d/2024-25/nl.1.json,8aa4cd0ce0410b21037f063eeb4edd981081d85d,119,2026-09-04T07:12:24.433Z,Eredivisie,2024-25,2024-11-30,Groningen,Willem II,2,0,H,1,0,H,Matchday 14,source_reported_FT,FC Groningen,Willem II Tilburg
openfootball/football.json,https://raw.githubusercontent.com/openfootball/football.json/8aa4cd0ce0410b21037f063eeb4edd981081d85d/2024-25/nl.1.json,8aa4cd0ce0410b21037f063eeb4edd981081d85d,118,2026-09-04T07:12:24.433Z,Eredivisie,2024-25,2024-11-30,NAC Breda,Almere City,1,0,H,1,0,H,Matchday 14,source_reported_FT,NAC Breda,Almere City FC
openfootball/football.json,https://raw.githubusercontent.com/openfootball/football.json/8aa4cd0ce0410b21037f063eeb4edd981081d85d/2024-25/nl.1.json,8aa4cd0ce0410b21037f063eeb4edd981081d85d,121,2026-09-04T07:12:24.433Z,Eredivisie,2024-25,2024-11-30,Zwolle,Sparta Rotterdam,1,0,H,0,0,D,Matchday 14,source_reported_FT,PEC Zwolle,Sparta Rotterdam
openfootball/football.json,https://raw.githubusercontent.com/openfootball/football.json/8aa4cd0ce0410b21037f063eeb4edd981081d85d/2024-25/nl.1.json,8aa4cd0ce0410b21037f063eeb4edd981081d85d,123,2026-09-04T07:12:24.433Z,Eredivisie,2024-25,2024-12-01,AZ Alkmaar,Heracles,1,0,H,0,0,D,Matchday 14,source_reported_FT,AZ,Heracles Almelo
openfootball/football.json,https://raw.githubusercontent.com/openfootball/football.json/8aa4cd0ce0410b21037f063eeb4edd981081d85d/2024-25/nl.1.json,8aa4cd0ce0410b21037f063eeb4edd981081d85d,125,2026-09-04T07:12:24.433Z,Eredivisie,2024-25,2024-12-01,Nijmegen,Ajax,1,2,A,1,1,D,Matchday 14,source_reported_FT,NEC,AFC Ajax
openfootball/football.json,https://raw.githubusercontent.com/openfootball/football.json/8aa4cd0ce0410b21037f063eeb4edd981081d85d/2024-25/nl.1.json,8aa4cd0ce0410b21037f063eeb4edd981081d85d,124,2026-09-04T07:12:24.433Z,Eredivisie,2024-25,2024-12-01,Twente,Go Ahead Eagles,3,2,H,1,2,A,Matchday 14,source_reported_FT,FC Twente '65,Go Ahead Eagles
openfootball/football.json,https://raw.githubusercontent.com/openfootball/football.json/8aa4cd0ce0410b21037f063eeb4edd981081d85d/2024-25/nl.1.json,8aa4cd0ce0410b21037f063eeb4edd981081d85d,122,2026-09-04T07:12:24.433Z,Eredivisie,2024-25,2024-12-01,Utrecht,PSV Eindhoven,2,5,A,1,1,D,Matchday 14,source_reported_FT,FC Utrecht,PSV
openfootball/football.json,https://raw.githubusercontent.com/openfootball/football.json/8aa4cd0ce0410b21037f063eeb4edd981081d85d/2024-25/nl.1.json,8aa4cd0ce0410b21037f063eeb4edd981081d85d,126,2026-09-04T07:12:24.433Z,Eredivisie,2024-25,2024-12-04,Ajax,Utrecht,2,2,D,2,1,H,Matchday 5,source_reported_FT,AFC Ajax,FC Utrecht
openfootball/football.json,https://raw.githubusercontent.com/openfootball/football.json/8aa4cd0ce0410b21037f063eeb4edd981081d85d/2024-25/nl.1.json,8aa4cd0ce0410b21037f063eeb4edd981081d85d,127,2026-09-04T07:12:24.433Z,Eredivisie,2024-25,2024-12-06,PSV Eindhoven,Twente,6,1,H,3,1,H,Matchday 15,source_reported_FT,PSV,FC Twente '65
openfootball/football.json,https://raw.githubusercontent.com/openfootball/football.json/8aa4cd0ce0410b21037f063eeb4edd981081d85d/2024-25/nl.1.json,8aa4cd0ce0410b21037f063eeb4edd981081d85d,128,2026-09-04T07:12:24.433Z,Eredivisie,2024-25,2024-12-07,Go Ahead Eagles,Nijmegen,5,0,H,4,0,H,Matchday 15,source_reported_FT,Go Ahead Eagles,NEC
openfootball/football.json,https://raw.githubusercontent.com/openfootball/football.json/8aa4cd0ce0410b21037f063eeb4edd981081d85d/2024-25/nl.1.json,8aa4cd0ce0410b21037f063eeb4edd981081d85d,131,2026-09-04T07:12:24.433Z,Eredivisie,2024-25,2024-12-07,Heracles,For Sittard,2,2,D,1,2,A,Matchday 15,source_reported_FT,Heracles Almelo,Fortuna Sittard
openfootball/football.json,https://raw.githubusercontent.com/openfootball/football.json/8aa4cd0ce0410b21037f063eeb4edd981081d85d/2024-25/nl.1.json,8aa4cd0ce0410b21037f063eeb4edd981081d85d,129,2026-09-04T07:12:24.433Z,Eredivisie,2024-25,2024-12-07,Sparta Rotterdam,NAC Breda,0,2,A,0,1,A,Matchday 15,source_reported_FT,Sparta Rotterdam,NAC Breda
openfootball/football.json,https://raw.githubusercontent.com/openfootball/football.json/8aa4cd0ce0410b21037f063eeb4edd981081d85d/2024-25/nl.1.json,8aa4cd0ce0410b21037f063eeb4edd981081d85d,130,2026-09-04T07:12:24.433Z,Eredivisie,2024-25,2024-12-07,Waalwijk,Feyenoord,2,3,A,1,1,D,Matchday 15,source_reported_FT,RKC Waalwijk,Feyenoord Rotterdam
openfootball/football.json,https://raw.githubusercontent.com/openfootball/football.json/8aa4cd0ce0410b21037f063eeb4edd981081d85d/2024-25/nl.1.json,8aa4cd0ce0410b21037f063eeb4edd981081d85d,133,2026-09-04T07:12:24.433Z,Eredivisie,2024-25,2024-12-08,AZ Alkmaar,Ajax,2,1,H,0,0,D,Matchday 15,source_reported_FT,AZ,AFC Ajax
openfootball/football.json,https://raw.githubusercontent.com/openfootball/football.json/8aa4cd0ce0410b21037f063eeb4edd981081d85d/2024-25/nl.1.json,8aa4cd0ce0410b21037f063eeb4edd981081d85d,135,2026-09-04T07:12:24.433Z,Eredivisie,2024-25,2024-12-08,Almere City,Utrecht,1,3,A,0,2,A,Matchday 15,source_reported_FT,Almere City FC,FC Utrecht
openfootball/football.json,https://raw.githubusercontent.com/openfootball/football.json/8aa4cd0ce0410b21037f063eeb4edd981081d85d/2024-25/nl.1.json,8aa4cd0ce0410b21037f063eeb4edd981081d85d,132,2026-09-04T07:12:24.433Z,Eredivisie,2024-25,2024-12-08,Groningen,Zwolle,0,0,D,,,,Matchday 15,source_reported_FT,FC Groningen,PEC Zwolle
openfootball/football.json,https://raw.githubusercontent.com/openfootball/football.json/8aa4cd0ce0410b21037f063eeb4edd981081d85d/2024-25/nl.1.json,8aa4cd0ce0410b21037f063eeb4edd981081d85d,134,2026-09-04T07:12:24.433Z,Eredivisie,2024-25,2024-12-08,Willem II,Heerenveen,1,2,A,0,0,D,Matchday 15,source_reported_FT,Willem II Tilburg,SC Heerenveen
openfootball/football.json,https://raw.githubusercontent.com/openfootball/football.json/8aa4cd0ce0410b21037f063eeb4edd981081d85d/2024-25/nl.1.json,8aa4cd0ce0410b21037f063eeb4edd981081d85d,136,2026-09-04T07:12:24.433Z,Eredivisie,2024-25,2024-12-13,Zwolle,Willem II,0,1,A,0,1,A,Matchday 16,source_reported_FT,PEC Zwolle,Willem II Tilburg
openfootball/football.json,https://raw.githubusercontent.com/openfootball/football.json/8aa4cd0ce0410b21037f063eeb4edd981081d85d/2024-25/nl.1.json,8aa4cd0ce0410b21037f063eeb4edd981081d85d,139,2026-09-04T07:12:24.433Z,Eredivisie,2024-25,2024-12-14,Feyenoord,Heracles,5,2,H,3,1,H,Matchday 16,source_reported_FT,Feyenoord Rotterdam,Heracles Almelo
openfootball/football.json,https://raw.githubusercontent.com/openfootball/football.json/8aa4cd0ce0410b21037f063eeb4edd981081d85d/2024-25/nl.1.json,8aa4cd0ce0410b21037f063eeb4edd981081d85d,138,2026-09-04T07:12:24.433Z,Eredivisie,2024-25,2024-12-14,For Sittard,Waalwijk,3,2,H,3,1,H,Matchday 16,source_reported_FT,Fortuna Sittard,RKC Waalwijk
openfootball/football.json,https://raw.githubusercontent.com/openfootball/football.json/8aa4cd0ce0410b21037f063eeb4edd981081d85d/2024-25/nl.1.json,8aa4cd0ce0410b21037f063eeb4edd981081d85d,137,2026-09-04T07:12:24.433Z,Eredivisie,2024-25,2024-12-14,Heerenveen,PSV Eindhoven,1,0,H,0,0,D,Matchday 16,source_reported_FT,SC Heerenveen,PSV
openfootball/football.json,https://raw.githubusercontent.com/openfootball/football.json/8aa4cd0ce0410b21037f063eeb4edd981081d85d/2024-25/nl.1.json,8aa4cd0ce0410b21037f063eeb4edd981081d85d,143,2026-09-04T07:12:24.433Z,Eredivisie,2024-25,2024-12-15,Ajax,Almere City,3,0,H,2,0,H,Matchday 16,source_reported_FT,AFC Ajax,Almere City FC
openfootball/football.json,https://raw.githubusercontent.com/openfootball/football.json/8aa4cd0ce0410b21037f063eeb4edd981081d85d/2024-25/nl.1.json,8aa4cd0ce0410b21037f063eeb4edd981081d85d,144,2026-09-04T07:12:24.433Z,Eredivisie,2024-25,2024-12-15,NAC Breda,AZ Alkmaar,1,2,A,1,0,H,Matchday 16,source_reported_FT,NAC Breda,AZ
openfootball/football.json,https://raw.githubusercontent.com/openfootball/football.json/8aa4cd0ce0410b21037f063eeb4edd981081d85d/2024-25/nl.1.json,8aa4cd0ce0410b21037f063eeb4edd981081d85d,141,2026-09-04T07:12:24.433Z,Eredivisie,2024-25,2024-12-15,Nijmegen,Sparta Rotterdam,1,1,D,0,0,D,Matchday 16,source_reported_FT,NEC,Sparta Rotterdam
openfootball/football.json,https://raw.githubusercontent.com/openfootball/football.json/8aa4cd0ce0410b21037f063eeb4edd981081d85d/2024-25/nl.1.json,8aa4cd0ce0410b21037f063eeb4edd981081d85d,142,2026-09-04T07:12:24.433Z,Eredivisie,2024-25,2024-12-15,Twente,Groningen,2,0,H,1,0,H,Matchday 16,source_reported_FT,FC Twente '65,FC Groningen
openfootball/football.json,https://raw.githubusercontent.com/openfootball/football.json/8aa4cd0ce0410b21037f063eeb4edd981081d85d/2024-25/nl.1.json,8aa4cd0ce0410b21037f063eeb4edd981081d85d,140,2026-09-04T07:12:24.433Z,Eredivisie,2024-25,2024-12-15,Utrecht,Go Ahead Eagles,3,3,D,1,1,D,Matchday 16,source_reported_FT,FC Utrecht,Go Ahead Eagles
openfootball/football.json,https://raw.githubusercontent.com/openfootball/football.json/8aa4cd0ce0410b21037f063eeb4edd981081d85d/2024-25/nl.1.json,8aa4cd0ce0410b21037f063eeb4edd981081d85d,145,2026-09-04T07:12:24.433Z,Eredivisie,2024-25,2024-12-20,Waalwijk,Zwolle,1,1,D,1,1,D,Matchday 17,source_reported_FT,RKC Waalwijk,PEC Zwolle
openfootball/football.json,https://raw.githubusercontent.com/openfootball/football.json/8aa4cd0ce0410b21037f063eeb4edd981081d85d/2024-25/nl.1.json,8aa4cd0ce0410b21037f063eeb4edd981081d85d,148,2026-09-04T07:12:24.433Z,Eredivisie,2024-25,2024-12-21,AZ Alkmaar,Twente,1,0,H,0,0,D,Matchday 17,source_reported_FT,AZ,FC Twente '65
openfootball/football.json,https://raw.githubusercontent.com/openfootball/football.json/8aa4cd0ce0410b21037f063eeb4edd981081d85d/2024-25/nl.1.json,8aa4cd0ce0410b21037f063eeb4edd981081d85d,147,2026-09-04T07:12:24.433Z,Eredivisie,2024-25,2024-12-21,Almere City,Heerenveen,3,0,H,0,0,D,Matchday 17,source_reported_FT,Almere City FC,SC Heerenveen
openfootball/football.json,https://raw.githubusercontent.com/openfootball/football.json/8aa4cd0ce0410b21037f063eeb4edd981081d85d/2024-25/nl.1.json,8aa4cd0ce0410b21037f063eeb4edd981081d85d,146,2026-09-04T07:12:24.433Z,Eredivisie,2024-25,2024-12-21,Go Ahead Eagles,NAC Breda,2,1,H,0,1,A,Matchday 17,source_reported_FT,Go Ahead Eagles,NAC Breda
openfootball/football.json,https://raw.githubusercontent.com/openfootball/football.json/8aa4cd0ce0410b21037f063eeb4edd981081d85d/2024-25/nl.1.json,8aa4cd0ce0410b21037f063eeb4edd981081d85d,151,2026-09-04T07:12:24.433Z,Eredivisie,2024-25,2024-12-22,PSV Eindhoven,Feyenoord,3,0,H,2,0,H,Matchday 17,source_reported_FT,PSV,Feyenoord Rotterdam
openfootball/football.json,https://raw.githubusercontent.com/openfootball/football.json/8aa4cd0ce0410b21037f063eeb4edd981081d85d/2024-25/nl.1.json,8aa4cd0ce0410b21037f063eeb4edd981081d85d,149,2026-09-04T07:12:24.433Z,Eredivisie,2024-25,2024-12-22,Sparta Rotterdam,Ajax,0,2,A,0,0,D,Matchday 17,source_reported_FT,Sparta Rotterdam,AFC Ajax
openfootball/football.json,https://raw.githubusercontent.com/openfootball/football.json/8aa4cd0ce0410b21037f063eeb4edd981081d85d/2024-25/nl.1.json,8aa4cd0ce0410b21037f063eeb4edd981081d85d,150,2026-09-04T07:12:24.433Z,Eredivisie,2024-25,2024-12-22,Utrecht,For Sittard,2,5,A,1,0,H,Matchday 17,source_reported_FT,FC Utrecht,Fortuna Sittard
openfootball/football.json,https://raw.githubusercontent.com/openfootball/football.json/8aa4cd0ce0410b21037f063eeb4edd981081d85d/2024-25/nl.1.json,8aa4cd0ce0410b21037f063eeb4edd981081d85d,152,2026-09-04T07:12:24.433Z,Eredivisie,2024-25,2024-12-22,Willem II,Nijmegen,4,1,H,2,1,H,Matchday 17,source_reported_FT,Willem II Tilburg,NEC
openfootball/football.json,https://raw.githubusercontent.com/openfootball/football.json/8aa4cd0ce0410b21037f063eeb4edd981081d85d/2024-25/nl.1.json,8aa4cd0ce0410b21037f063eeb4edd981081d85d,153,2026-09-04T07:12:24.433Z,Eredivisie,2024-25,2025-01-10,For Sittard,Go Ahead Eagles,0,3,A,0,1,A,Matchday 18,source_reported_FT,Fortuna Sittard,Go Ahead Eagles
openfootball/football.json,https://raw.githubusercontent.com/openfootball/football.json/8aa4cd0ce0410b21037f063eeb4edd981081d85d/2024-25/nl.1.json,8aa4cd0ce0410b21037f063eeb4edd981081d85d,155,2026-09-04T07:12:24.433Z,Eredivisie,2024-25,2025-01-11,Ajax,Waalwijk,2,1,H,2,0,H,Matchday 18,source_reported_FT,AFC Ajax,RKC Waalwijk
openfootball/football.json,https://raw.githubusercontent.com/openfootball/football.json/8aa4cd0ce0410b21037f063eeb4edd981081d85d/2024-25/nl.1.json,8aa4cd0ce0410b21037f063eeb4edd981081d85d,154,2026-09-04T07:12:24.433Z,Eredivisie,2024-25,2025-01-11,Heracles,Sparta Rotterdam,1,1,D,0,0,D,Matchday 18,source_reported_FT,Heracles Almelo,Sparta Rotterdam
openfootball/football.json,https://raw.githubusercontent.com/openfootball/football.json/8aa4cd0ce0410b21037f063eeb4edd981081d85d/2024-25/nl.1.json,8aa4cd0ce0410b21037f063eeb4edd981081d85d,157,2026-09-04T07:12:24.433Z,Eredivisie,2024-25,2025-01-11,PSV Eindhoven,AZ Alkmaar,2,2,D,0,1,A,Matchday 18,source_reported_FT,PSV,AZ
openfootball/football.json,https://raw.githubusercontent.com/openfootball/football.json/8aa4cd0ce0410b21037f063eeb4edd981081d85d/2024-25/nl.1.json,8aa4cd0ce0410b21037f063eeb4edd981081d85d,156,2026-09-04T07:12:24.433Z,Eredivisie,2024-25,2025-01-11,Zwolle,Nijmegen,0,1,A,0,1,A,Matchday 18,source_reported_FT,PEC Zwolle,NEC
openfootball/football.json,https://raw.githubusercontent.com/openfootball/football.json/8aa4cd0ce0410b21037f063eeb4edd981081d85d/2024-25/nl.1.json,8aa4cd0ce0410b21037f063eeb4edd981081d85d,160,2026-09-04T07:12:24.433Z,Eredivisie,2024-25,2025-01-12,Feyenoord,Utrecht,1,2,A,0,0,D,Matchday 18,source_reported_FT,Feyenoord Rotterdam,FC Utrecht
openfootball/football.json,https://raw.githubusercontent.com/openfootball/football.json/8aa4cd0ce0410b21037f063eeb4edd981081d85d/2024-25/nl.1.json,8aa4cd0ce0410b21037f063eeb4edd981081d85d,159,2026-09-04T07:12:24.433Z,Eredivisie,2024-25,2025-01-12,Groningen,Almere City,0,0,D,,,,Matchday 18,source_reported_FT,FC Groningen,Almere City FC
openfootball/football.json,https://raw.githubusercontent.com/openfootball/football.json/8aa4cd0ce0410b21037f063eeb4edd981081d85d/2024-25/nl.1.json,8aa4cd0ce0410b21037f063eeb4edd981081d85d,161,2026-09-04T07:12:24.433Z,Eredivisie,2024-25,2025-01-12,NAC Breda,Heerenveen,2,4,A,1,3,A,Matchday 18,source_reported_FT,NAC Breda,SC Heerenveen
openfootball/football.json,https://raw.githubusercontent.com/openfootball/football.json/8aa4cd0ce0410b21037f063eeb4edd981081d85d/2024-25/nl.1.json,8aa4cd0ce0410b21037f063eeb4edd981081d85d,158,2026-09-04T07:12:24.433Z,Eredivisie,2024-25,2025-01-12,Twente,Willem II,6,2,H,2,2,D,Matchday 18,source_reported_FT,FC Twente '65,Willem II Tilburg
openfootball/football.json,https://raw.githubusercontent.com/openfootball/football.json/8aa4cd0ce0410b21037f063eeb4edd981081d85d/2024-25/nl.1.json,8aa4cd0ce0410b21037f063eeb4edd981081d85d,165,2026-09-04T07:12:24.433Z,Eredivisie,2024-25,2025-01-18,Go Ahead Eagles,Groningen,2,1,H,1,1,D,Matchday 19,source_reported_FT,Go Ahead Eagles,FC Groningen
openfootball/football.json,https://raw.githubusercontent.com/openfootball/football.json/8aa4cd0ce0410b21037f063eeb4edd981081d85d/2024-25/nl.1.json,8aa4cd0ce0410b21037f063eeb4edd981081d85d,163,2026-09-04T07:12:24.433Z,Eredivisie,2024-25,2025-01-18,Utrecht,AZ Alkmaar,0,0,D,,,,Matchday 19,source_reported_FT,FC Utrecht,AZ
openfootball/football.json,https://raw.githubusercontent.com/openfootball/football.json/8aa4cd0ce0410b21037f063eeb4edd981081d85d/2024-25/nl.1.json,8aa4cd0ce0410b21037f063eeb4edd981081d85d,164,2026-09-04T07:12:24.433Z,Eredivisie,2024-25,2025-01-18,Willem II,Feyenoord,1,1,D,0,1,A,Matchday 19,source_reported_FT,Willem II Tilburg,Feyenoord Rotterdam
openfootball/football.json,https://raw.githubusercontent.com/openfootball/football.json/8aa4cd0ce0410b21037f063eeb4edd981081d85d/2024-25/nl.1.json,8aa4cd0ce0410b21037f063eeb4edd981081d85d,162,2026-09-04T07:12:24.433Z,Eredivisie,2024-25,2025-01-18,Zwolle,PSV Eindhoven,3,1,H,2,1,H,Matchday 19,source_reported_FT,PEC Zwolle,PSV
openfootball/football.json,https://raw.githubusercontent.com/openfootball/football.json/8aa4cd0ce0410b21037f063eeb4edd981081d85d/2024-25/nl.1.json,8aa4cd0ce0410b21037f063eeb4edd981081d85d,167,2026-09-04T07:12:24.433Z,Eredivisie,2024-25,2025-01-19,Almere City,Heracles,0,2,A,0,1,A,Matchday 19,source_reported_FT,Almere City FC,Heracles Almelo
openfootball/football.json,https://raw.githubusercontent.com/openfootball/football.json/8aa4cd0ce0410b21037f063eeb4edd981081d85d/2024-25/nl.1.json,8aa4cd0ce0410b21037f063eeb4edd981081d85d,168,2026-09-04T07:12:24.433Z,Eredivisie,2024-25,2025-01-19,Heerenveen,Ajax,0,2,A,0,1,A,Matchday 19,source_reported_FT,SC Heerenveen,AFC Ajax
openfootball/football.json,https://raw.githubusercontent.com/openfootball/football.json/8aa4cd0ce0410b21037f063eeb4edd981081d85d/2024-25/nl.1.json,8aa4cd0ce0410b21037f063eeb4edd981081d85d,166,2026-09-04T07:12:24.433Z,Eredivisie,2024-25,2025-01-19,NAC Breda,Twente,2,1,H,2,0,H,Matchday 19,source_reported_FT,NAC Breda,FC Twente '65
openfootball/football.json,https://raw.githubusercontent.com/openfootball/football.json/8aa4cd0ce0410b21037f063eeb4edd981081d85d/2024-25/nl.1.json,8aa4cd0ce0410b21037f063eeb4edd981081d85d,169,2026-09-04T07:12:24.433Z,Eredivisie,2024-25,2025-01-19,Nijmegen,For Sittard,4,1,H,1,1,D,Matchday 19,source_reported_FT,NEC,Fortuna Sittard
openfootball/football.json,https://raw.githubusercontent.com/openfootball/football.json/8aa4cd0ce0410b21037f063eeb4edd981081d85d/2024-25/nl.1.json,8aa4cd0ce0410b21037f063eeb4edd981081d85d,170,2026-09-04T07:12:24.433Z,Eredivisie,2024-25,2025-01-19,Sparta Rotterdam,Waalwijk,1,1,D,1,1,D,Matchday 19,source_reported_FT,Sparta Rotterdam,RKC Waalwijk
openfootball/football.json,https://raw.githubusercontent.com/openfootball/football.json/8aa4cd0ce0410b21037f063eeb4edd981081d85d/2024-25/nl.1.json,8aa4cd0ce0410b21037f063eeb4edd981081d85d,171,2026-09-04T07:12:24.433Z,Eredivisie,2024-25,2025-01-24,Heracles,Utrecht,1,1,D,0,0,D,Matchday 20,source_reported_FT,Heracles Almelo,FC Utrecht
openfootball/football.json,https://raw.githubusercontent.com/openfootball/football.json/8aa4cd0ce0410b21037f063eeb4edd981081d85d/2024-25/nl.1.json,8aa4cd0ce0410b21037f063eeb4edd981081d85d,173,2026-09-04T07:12:24.433Z,Eredivisie,2024-25,2025-01-25,Groningen,Heerenveen,1,0,H,0,0,D,Matchday 20,source_reported_FT,FC Groningen,SC Heerenveen
openfootball/football.json,https://raw.githubusercontent.com/openfootball/football.json/8aa4cd0ce0410b21037f063eeb4edd981081d85d/2024-25/nl.1.json,8aa4cd0ce0410b21037f063eeb4edd981081d85d,172,2026-09-04T07:12:24.433Z,Eredivisie,2024-25,2025-01-25,PSV Eindhoven,NAC Breda,3,2,H,2,1,H,Matchday 20,source_reported_FT,PSV,NAC Breda
openfootball/football.json,https://raw.githubusercontent.com/openfootball/football.json/8aa4cd0ce0410b21037f063eeb4edd981081d85d/2024-25/nl.1.json,8aa4cd0ce0410b21037f063eeb4edd981081d85d,176,2026-09-04T07:12:24.433Z,Eredivisie,2024-25,2025-01-26,AZ Alkmaar,Sparta Rotterdam,1,2,A,0,0,D,Matchday 20,source_reported_FT,AZ,Sparta Rotterdam
openfootball/football.json,https://raw.githubusercontent.com/openfootball/football.json/8aa4cd0ce0410b21037f063eeb4edd981081d85d/2024-25/nl.1.json,8aa4cd0ce0410b21037f063eeb4edd981081d85d,174,2026-09-04T07:12:24.433Z,Eredivisie,2024-25,2025-01-26,For Sittard,Zwolle,1,4,A,0,2,A,Matchday 20,source_reported_FT,Fortuna Sittard,PEC Zwolle
openfootball/football.json,https://raw.githubusercontent.com/openfootball/football.json/8aa4cd0ce0410b21037f063eeb4edd981081d85d/2024-25/nl.1.json,8aa4cd0ce0410b21037f063eeb4edd981081d85d,175,2026-09-04T07:12:24.433Z,Eredivisie,2024-25,2025-01-26,Waalwijk,Willem II,2,0,H,1,0,H,Matchday 20,source_reported_FT,RKC Waalwijk,Willem II Tilburg
openfootball/football.json,https://raw.githubusercontent.com/openfootball/football.json/8aa4cd0ce0410b21037f063eeb4edd981081d85d/2024-25/nl.1.json,8aa4cd0ce0410b21037f063eeb4edd981081d85d,177,2026-09-04T07:12:24.433Z,Eredivisie,2024-25,2025-01-28,Heracles,Groningen,1,1,D,1,0,H,Matchday 17,source_reported_FT,Heracles Almelo,FC Groningen
openfootball/football.json,https://raw.githubusercontent.com/openfootball/football.json/8aa4cd0ce0410b21037f063eeb4edd981081d85d/2024-25/nl.1.json,8aa4cd0ce0410b21037f063eeb4edd981081d85d,178,2026-09-04T07:12:24.433Z,Eredivisie,2024-25,2025-01-31,NAC Breda,Heracles,1,1,D,1,0,H,Matchday 21,source_reported_FT,NAC Breda,Heracles Almelo
openfootball/football.json,https://raw.githubusercontent.com/openfootball/football.json/8aa4cd0ce0410b21037f063eeb4edd981081d85d/2024-25/nl.1.json,8aa4cd0ce0410b21037f063eeb4edd981081d85d,180,2026-09-04T07:12:24.433Z,Eredivisie,2024-25,2025-02-01,Heerenveen,For Sittard,2,2,D,1,1,D,Matchday 21,source_reported_FT,SC Heerenveen,Fortuna Sittard
openfootball/football.json,https://raw.githubusercontent.com/openfootball/football.json/8aa4cd0ce0410b21037f063eeb4edd981081d85d/2024-25/nl.1.json,8aa4cd0ce0410b21037f063eeb4edd981081d85d,181,2026-09-04T07:12:24.433Z,Eredivisie,2024-25,2025-02-01,Nijmegen,PSV Eindhoven,3,3,D,0,0,D,Matchday 21,source_reported_FT,NEC,PSV
openfootball/football.json,https://raw.githubusercontent.com/openfootball/football.json/8aa4cd0ce0410b21037f063eeb4edd981081d85d/2024-25/nl.1.json,8aa4cd0ce0410b21037f063eeb4edd981081d85d,179,2026-09-04T07:12:24.433Z,Eredivisie,2024-25,2025-02-01,Zwolle,Utrecht,3,3,D,2,0,H,Matchday 21,source_reported_FT,PEC Zwolle,FC Utrecht
openfootball/football.json,https://raw.githubusercontent.com/openfootball/football.json/8aa4cd0ce0410b21037f063eeb4edd981081d85d/2024-25/nl.1.json,8aa4cd0ce0410b21037f063eeb4edd981081d85d,183,2026-09-04T07:12:24.433Z,Eredivisie,2024-25,2025-02-02,Ajax,Feyenoord,2,1,H,1,0,H,Matchday 21,source_reported_FT,AFC Ajax,Feyenoord Rotterdam
openfootball/football.json,https://raw.githubusercontent.com/openfootball/football.json/8aa4cd0ce0410b21037f063eeb4edd981081d85d/2024-25/nl.1.json,8aa4cd0ce0410b21037f063eeb4edd981081d85d,182,2026-09-04T07:12:24.433Z,Eredivisie,2024-25,2025-02-02,Almere City,Waalwijk,1,4,A,1,0,H,Matchday 21,source_reported_FT,Almere City FC,RKC Waalwijk
openfootball/football.json,https://raw.githubusercontent.com/openfootball/football.json/8aa4cd0ce0410b21037f063eeb4edd981081d85d/2024-25/nl.1.json,8aa4cd0ce0410b21037f063eeb4edd981081d85d,184,2026-09-04T07:12:24.433Z,Eredivisie,2024-25,2025-02-02,Go Ahead Eagles,Twente,2,2,D,1,0,H,Matchday 21,source_reported_FT,Go Ahead Eagles,FC Twente '65
openfootball/football.json,https://raw.githubusercontent.com/openfootball/football.json/8aa4cd0ce0410b21037f063eeb4edd981081d85d/2024-25/nl.1.json,8aa4cd0ce0410b21037f063eeb4edd981081d85d,185,2026-09-04T07:12:24.433Z,Eredivisie,2024-25,2025-02-02,Sparta Rotterdam,Groningen,1,0,H,0,0,D,Matchday 21,source_reported_FT,Sparta Rotterdam,FC Groningen
openfootball/football.json,https://raw.githubusercontent.com/openfootball/football.json/8aa4cd0ce0410b21037f063eeb4edd981081d85d/2024-25/nl.1.json,8aa4cd0ce0410b21037f063eeb4edd981081d85d,186,2026-09-04T07:12:24.433Z,Eredivisie,2024-25,2025-02-02,Willem II,AZ Alkmaar,0,2,A,0,2,A,Matchday 21,source_reported_FT,Willem II Tilburg,AZ
openfootball/football.json,https://raw.githubusercontent.com/openfootball/football.json/8aa4cd0ce0410b21037f063eeb4edd981081d85d/2024-25/nl.1.json,8aa4cd0ce0410b21037f063eeb4edd981081d85d,190,2026-09-04T07:12:24.433Z,Eredivisie,2024-25,2025-02-08,Feyenoord,Sparta Rotterdam,3,0,H,1,0,H,Matchday 22,source_reported_FT,Feyenoord Rotterdam,Sparta Rotterdam
openfootball/football.json,https://raw.githubusercontent.com/openfootball/football.json/8aa4cd0ce0410b21037f063eeb4edd981081d85d/2024-25/nl.1.json,8aa4cd0ce0410b21037f063eeb4edd981081d85d,189,2026-09-04T07:12:24.433Z,Eredivisie,2024-25,2025-02-08,Groningen,Nijmegen,2,1,H,2,0,H,Matchday 22,source_reported_FT,FC Groningen,NEC
openfootball/football.json,https://raw.githubusercontent.com/openfootball/football.json/8aa4cd0ce0410b21037f063eeb4edd981081d85d/2024-25/nl.1.json,8aa4cd0ce0410b21037f063eeb4edd981081d85d,187,2026-09-04T07:12:24.433Z,Eredivisie,2024-25,2025-02-08,Heracles,Go Ahead Eagles,4,2,H,1,1,D,Matchday 22,source_reported_FT,Heracles Almelo,Go Ahead Eagles
openfootball/football.json,https://raw.githubusercontent.com/openfootball/football.json/8aa4cd0ce0410b21037f063eeb4edd981081d85d/2024-25/nl.1.json,8aa4cd0ce0410b21037f063eeb4edd981081d85d,188,2026-09-04T07:12:24.433Z,Eredivisie,2024-25,2025-02-08,PSV Eindhoven,Willem II,1,1,D,0,0,D,Matchday 22,source_reported_FT,PSV,Willem II Tilburg
openfootball/football.json,https://raw.githubusercontent.com/openfootball/football.json/8aa4cd0ce0410b21037f063eeb4edd981081d85d/2024-25/nl.1.json,8aa4cd0ce0410b21037f063eeb4edd981081d85d,194,2026-09-04T07:12:24.433Z,Eredivisie,2024-25,2025-02-09,AZ Alkmaar,Zwolle,2,0,H,1,0,H,Matchday 22,source_reported_FT,AZ,PEC Zwolle
openfootball/football.json,https://raw.githubusercontent.com/openfootball/football.json/8aa4cd0ce0410b21037f063eeb4edd981081d85d/2024-25/nl.1.json,8aa4cd0ce0410b21037f063eeb4edd981081d85d,192,2026-09-04T07:12:24.433Z,Eredivisie,2024-25,2025-02-09,For Sittard,Ajax,0,2,A,0,0,D,Matchday 22,source_reported_FT,Fortuna Sittard,AFC Ajax
openfootball/football.json,https://raw.githubusercontent.com/openfootball/football.json/8aa4cd0ce0410b21037f063eeb4edd981081d85d/2024-25/nl.1.json,8aa4cd0ce0410b21037f063eeb4edd981081d85d,195,2026-09-04T07:12:24.433Z,Eredivisie,2024-25,2025-02-09,Heerenveen,Twente,3,3,D,1,2,A,Matchday 22,source_reported_FT,SC Heerenveen,FC Twente '65
openfootball/football.json,https://raw.githubusercontent.com/openfootball/football.json/8aa4cd0ce0410b21037f063eeb4edd981081d85d/2024-25/nl.1.json,8aa4cd0ce0410b21037f063eeb4edd981081d85d,191,2026-09-04T07:12:24.433Z,Eredivisie,2024-25,2025-02-09,Utrecht,Almere City,0,1,A,0,1,A,Matchday 22,source_reported_FT,FC Utrecht,Almere City FC
openfootball/football.json,https://raw.githubusercontent.com/openfootball/football.json/8aa4cd0ce0410b21037f063eeb4edd981081d85d/2024-25/nl.1.json,8aa4cd0ce0410b21037f063eeb4edd981081d85d,193,2026-09-04T07:12:24.433Z,Eredivisie,2024-25,2025-02-09,Waalwijk,NAC Breda,5,0,H,3,0,H,Matchday 22,source_reported_FT,RKC Waalwijk,NAC Breda
openfootball/football.json,https://raw.githubusercontent.com/openfootball/football.json/8aa4cd0ce0410b21037f063eeb4edd981081d85d/2024-25/nl.1.json,8aa4cd0ce0410b21037f063eeb4edd981081d85d,196,2026-09-04T07:12:24.433Z,Eredivisie,2024-25,2025-02-14,Go Ahead Eagles,Sparta Rotterdam,1,0,H,1,0,H,Matchday 23,source_reported_FT,Go Ahead Eagles,Sparta Rotterdam
openfootball/football.json,https://raw.githubusercontent.com/openfootball/football.json/8aa4cd0ce0410b21037f063eeb4edd981081d85d/2024-25/nl.1.json,8aa4cd0ce0410b21037f063eeb4edd981081d85d,198,2026-09-04T07:12:24.433Z,Eredivisie,2024-25,2025-02-15,NAC Breda,Feyenoord,0,0,D,,,,Matchday 23,source_reported_FT,NAC Breda,Feyenoord Rotterdam
openfootball/football.json,https://raw.githubusercontent.com/openfootball/football.json/8aa4cd0ce0410b21037f063eeb4edd981081d85d/2024-25/nl.1.json,8aa4cd0ce0410b21037f063eeb4edd981081d85d,197,2026-09-04T07:12:24.433Z,Eredivisie,2024-25,2025-02-15,PSV Eindhoven,Utrecht,2,2,D,1,1,D,Matchday 23,source_reported_FT,PSV,FC Utrecht
openfootball/football.json,https://raw.githubusercontent.com/openfootball/football.json/8aa4cd0ce0410b21037f063eeb4edd981081d85d/2024-25/nl.1.json,8aa4cd0ce0410b21037f063eeb4edd981081d85d,199,2026-09-04T07:12:24.433Z,Eredivisie,2024-25,2025-02-15,Willem II,Groningen,1,3,A,0,3,A,Matchday 23,source_reported_FT,Willem II Tilburg,FC Groningen
openfootball/football.json,https://raw.githubusercontent.com/openfootball/football.json/8aa4cd0ce0410b21037f063eeb4edd981081d85d/2024-25/nl.1.json,8aa4cd0ce0410b21037f063eeb4edd981081d85d,203,2026-09-04T07:12:24.433Z,Eredivisie,2024-25,2025-02-16,Ajax,Heracles,4,0,H,2,0,H,Matchday 23,source_reported_FT,AFC Ajax,Heracles Almelo
openfootball/football.json,https://raw.githubusercontent.com/openfootball/football.json/8aa4cd0ce0410b21037f063eeb4edd981081d85d/2024-25/nl.1.json,8aa4cd0ce0410b21037f063eeb4edd981081d85d,200,2026-09-04T07:12:24.433Z,Eredivisie,2024-25,2025-02-16,Nijmegen,Almere City,2,2,D,1,1,D,Matchday 23,source_reported_FT,NEC,Almere City FC
openfootball/football.json,https://raw.githubusercontent.com/openfootball/football.json/8aa4cd0ce0410b21037f063eeb4edd981081d85d/2024-25/nl.1.json,8aa4cd0ce0410b21037f063eeb4edd981081d85d,202,2026-09-04T07:12:24.433Z,Eredivisie,2024-25,2025-02-16,Twente,Waalwijk,2,0,H,1,0,H,Matchday 23,source_reported_FT,FC Twente '65,RKC Waalwijk
openfootball/football.json,https://raw.githubusercontent.com/openfootball/football.json/8aa4cd0ce0410b21037f063eeb4edd981081d85d/2024-25/nl.1.json,8aa4cd0ce0410b21037f063eeb4edd981081d85d,201,2026-09-04T07:12:24.433Z,Eredivisie,2024-25,2025-02-16,Zwolle,Heerenveen,1,1,D,1,0,H,Matchday 23,source_reported_FT,PEC Zwolle,SC Heerenveen
openfootball/football.json,https://raw.githubusercontent.com/openfootball/football.json/8aa4cd0ce0410b21037f063eeb4edd981081d85d/2024-25/nl.1.json,8aa4cd0ce0410b21037f063eeb4edd981081d85d,204,2026-09-04T07:12:24.433Z,Eredivisie,2024-25,2025-02-22,Feyenoord,Almere City,2,1,H,1,1,D,Matchday 20,source_reported_FT,Feyenoord Rotterdam,Almere City FC
openfootball/football.json,https://raw.githubusercontent.com/openfootball/football.json/8aa4cd0ce0410b21037f063eeb4edd981081d85d/2024-25/nl.1.json,8aa4cd0ce0410b21037f063eeb4edd981081d85d,207,2026-09-04T07:12:24.433Z,Eredivisie,2024-25,2025-02-23,AZ Alkmaar,For Sittard,1,0,H,0,0,D,Matchday 23,source_reported_FT,AZ,Fortuna Sittard
openfootball/football.json,https://raw.githubusercontent.com/openfootball/football.json/8aa4cd0ce0410b21037f063eeb4edd981081d85d/2024-25/nl.1.json,8aa4cd0ce0410b21037f063eeb4edd981081d85d,205,2026-09-04T07:12:24.433Z,Eredivisie,2024-25,2025-02-23,Ajax,Go Ahead Eagles,2,0,H,0,0,D,Matchday 20,source_reported_FT,AFC Ajax,Go Ahead Eagles
openfootball/football.json,https://raw.githubusercontent.com/openfootball/football.json/8aa4cd0ce0410b21037f063eeb4edd981081d85d/2024-25/nl.1.json,8aa4cd0ce0410b21037f063eeb4edd981081d85d,206,2026-09-04T07:12:24.433Z,Eredivisie,2024-25,2025-02-23,Twente,Nijmegen,2,0,H,1,0,H,Matchday 20,source_reported_FT,FC Twente '65,NEC
openfootball/football.json,https://raw.githubusercontent.com/openfootball/football.json/8aa4cd0ce0410b21037f063eeb4edd981081d85d/2024-25/nl.1.json,8aa4cd0ce0410b21037f063eeb4edd981081d85d,208,2026-09-04T07:12:24.433Z,Eredivisie,2024-25,2025-02-28,Waalwijk,For Sittard,1,2,A,0,1,A,Matchday 24,source_reported_FT,RKC Waalwijk,Fortuna Sittard
openfootball/football.json,https://raw.githubusercontent.com/openfootball/football.json/8aa4cd0ce0410b21037f063eeb4edd981081d85d/2024-25/nl.1.json,8aa4cd0ce0410b21037f063eeb4edd981081d85d,212,2026-09-04T07:12:24.433Z,Eredivisie,2024-25,2025-03-01,Feyenoord,Nijmegen,0,0,D,,,,Matchday 24,source_reported_FT,Feyenoord Rotterdam,NEC
openfootball/football.json,https://raw.githubusercontent.com/openfootball/football.json/8aa4cd0ce0410b21037f063eeb4edd981081d85d/2024-25/nl.1.json,8aa4cd0ce0410b21037f063eeb4edd981081d85d,210,2026-09-04T07:12:24.433Z,Eredivisie,2024-25,2025-03-01,Go Ahead Eagles,PSV Eindhoven,3,2,H,1,2,A,Matchday 24,source_reported_FT,Go Ahead Eagles,PSV
openfootball/football.json,https://raw.githubusercontent.com/openfootball/football.json/8aa4cd0ce0410b21037f063eeb4edd981081d85d/2024-25/nl.1.json,8aa4cd0ce0410b21037f063eeb4edd981081d85d,211,2026-09-04T07:12:24.433Z,Eredivisie,2024-25,2025-03-01,Groningen,Twente,1,1,D,1,1,D,Matchday 24,source_reported_FT,FC Groningen,FC Twente '65
openfootball/football.json,https://raw.githubusercontent.com/openfootball/football.json/8aa4cd0ce0410b21037f063eeb4edd981081d85d/2024-25/nl.1.json,8aa4cd0ce0410b21037f063eeb4edd981081d85d,209,2026-09-04T07:12:24.433Z,Eredivisie,2024-25,2025-03-01,Utrecht,NAC Breda,1,0,H,0,0,D,Matchday 24,source_reported_FT,FC Utrecht,NAC Breda
openfootball/football.json,https://raw.githubusercontent.com/openfootball/football.json/8aa4cd0ce0410b21037f063eeb4edd981081d85d/2024-25/nl.1.json,8aa4cd0ce0410b21037f063eeb4edd981081d85d,214,2026-09-04T07:12:24.433Z,Eredivisie,2024-25,2025-03-02,Almere City,Ajax,0,1,A,0,1,A,Matchday 24,source_reported_FT,Almere City FC,AFC Ajax
openfootball/football.json,https://raw.githubusercontent.com/openfootball/football.json/8aa4cd0ce0410b21037f063eeb4edd981081d85d/2024-25/nl.1.json,8aa4cd0ce0410b21037f063eeb4edd981081d85d,213,2026-09-04T07:12:24.433Z,Eredivisie,2024-25,2025-03-02,Heerenveen,AZ Alkmaar,3,1,H,1,0,H,Matchday 24,source_reported_FT,SC Heerenveen,AZ
openfootball/football.json,https://raw.githubusercontent.com/openfootball/football.json/8aa4cd0ce0410b21037f063eeb4edd981081d85d/2024-25/nl.1.json,8aa4cd0ce0410b21037f063eeb4edd981081d85d,215,2026-09-04T07:12:24.433Z,Eredivisie,2024-25,2025-03-02,Heracles,Zwolle,4,2,H,2,2,D,Matchday 24,source_reported_FT,Heracles Almelo,PEC Zwolle
openfootball/football.json,https://raw.githubusercontent.com/openfootball/football.json/8aa4cd0ce0410b21037f063eeb4edd981081d85d/2024-25/nl.1.json,8aa4cd0ce0410b21037f063eeb4edd981081d85d,216,2026-09-04T07:12:24.433Z,Eredivisie,2024-25,2025-03-02,Sparta Rotterdam,Willem II,4,0,H,1,0,H,Matchday 24,source_reported_FT,Sparta Rotterdam,Willem II Tilburg
openfootball/football.json,https://raw.githubusercontent.com/openfootball/football.json/8aa4cd0ce0410b21037f063eeb4edd981081d85d/2024-25/nl.1.json,8aa4cd0ce0410b21037f063eeb4edd981081d85d,217,2026-09-04T07:12:24.433Z,Eredivisie,2024-25,2025-03-07,NAC Breda,Sparta Rotterdam,1,1,D,0,1,A,Matchday 25,source_reported_FT,NAC Breda,Sparta Rotterdam
openfootball/football.json,https://raw.githubusercontent.com/openfootball/football.json/8aa4cd0ce0410b21037f063eeb4edd981081d85d/2024-25/nl.1.json,8aa4cd0ce0410b21037f063eeb4edd981081d85d,218,2026-09-04T07:12:24.433Z,Eredivisie,2024-25,2025-03-08,For Sittard,Heracles,1,0,H,0,0,D,Matchday 25,source_reported_FT,Fortuna Sittard,Heracles Almelo
openfootball/football.json,https://raw.githubusercontent.com/openfootball/football.json/8aa4cd0ce0410b21037f063eeb4edd981081d85d/2024-25/nl.1.json,8aa4cd0ce0410b21037f063eeb4edd981081d85d,219,2026-09-04T07:12:24.433Z,Eredivisie,2024-25,2025-03-08,PSV Eindhoven,Heerenveen,2,1,H,1,0,H,Matchday 25,source_reported_FT,PSV,SC Heerenveen
openfootball/football.json,https://raw.githubusercontent.com/openfootball/football.json/8aa4cd0ce0410b21037f063eeb4edd981081d85d/2024-25/nl.1.json,8aa4cd0ce0410b21037f063eeb4edd981081d85d,221,2026-09-04T07:12:24.433Z,Eredivisie,2024-25,2025-03-09,Nijmegen,Go Ahead Eagles,2,3,A,0,1,A,Matchday 25,source_reported_FT,NEC,Go Ahead Eagles
openfootball/football.json,https://raw.githubusercontent.com/openfootball/football.json/8aa4cd0ce0410b21037f063eeb4edd981081d85d/2024-25/nl.1.json,8aa4cd0ce0410b21037f063eeb4edd981081d85d,223,2026-09-04T07:12:24.433Z,Eredivisie,2024-25,2025-03-09,Twente,Almere City,1,0,H,1,0,H,Matchday 25,source_reported_FT,FC Twente '65,Almere City FC
openfootball/football.json,https://raw.githubusercontent.com/openfootball/football.json/8aa4cd0ce0410b21037f063eeb4edd981081d85d/2024-25/nl.1.json,8aa4cd0ce0410b21037f063eeb4edd981081d85d,220,2026-09-04T07:12:24.433Z,Eredivisie,2024-25,2025-03-09,Willem II,Utrecht,2,3,A,1,0,H,Matchday 25,source_reported_FT,Willem II Tilburg,FC Utrecht
openfootball/football.json,https://raw.githubusercontent.com/openfootball/football.json/8aa4cd0ce0410b21037f063eeb4edd981081d85d/2024-25/nl.1.json,8aa4cd0ce0410b21037f063eeb4edd981081d85d,222,2026-09-04T07:12:24.433Z,Eredivisie,2024-25,2025-03-09,Zwolle,Ajax,0,1,A,0,0,D,Matchday 25,source_reported_FT,PEC Zwolle,AFC Ajax
openfootball/football.json,https://raw.githubusercontent.com/openfootball/football.json/8aa4cd0ce0410b21037f063eeb4edd981081d85d/2024-25/nl.1.json,8aa4cd0ce0410b21037f063eeb4edd981081d85d,224,2026-09-04T07:12:24.433Z,Eredivisie,2024-25,2025-03-14,Almere City,NAC Breda,1,1,D,1,1,D,Matchday 26,source_reported_FT,Almere City FC,NAC Breda
openfootball/football.json,https://raw.githubusercontent.com/openfootball/football.json/8aa4cd0ce0410b21037f063eeb4edd981081d85d/2024-25/nl.1.json,8aa4cd0ce0410b21037f063eeb4edd981081d85d,228,2026-09-04T07:12:24.433Z,Eredivisie,2024-25,2025-03-15,Heerenveen,Heracles,1,1,D,1,1,D,Matchday 26,source_reported_FT,SC Heerenveen,Heracles Almelo
openfootball/football.json,https://raw.githubusercontent.com/openfootball/football.json/8aa4cd0ce0410b21037f063eeb4edd981081d85d/2024-25/nl.1.json,8aa4cd0ce0410b21037f063eeb4edd981081d85d,226,2026-09-04T07:12:24.433Z,Eredivisie,2024-25,2025-03-15,Sparta Rotterdam,Zwolle,1,1,D,0,0,D,Matchday 26,source_reported_FT,Sparta Rotterdam,PEC Zwolle
openfootball/football.json,https://raw.githubusercontent.com/openfootball/football.json/8aa4cd0ce0410b21037f063eeb4edd981081d85d/2024-25/nl.1.json,8aa4cd0ce0410b21037f063eeb4edd981081d85d,225,2026-09-04T07:12:24.433Z,Eredivisie,2024-25,2025-03-15,Utrecht,Nijmegen,0,1,A,0,0,D,Matchday 26,source_reported_FT,FC Utrecht,NEC
openfootball/football.json,https://raw.githubusercontent.com/openfootball/football.json/8aa4cd0ce0410b21037f063eeb4edd981081d85d/2024-25/nl.1.json,8aa4cd0ce0410b21037f063eeb4edd981081d85d,227,2026-09-04T07:12:24.433Z,Eredivisie,2024-25,2025-03-15,Waalwijk,PSV Eindhoven,0,3,A,0,2,A,Matchday 26,source_reported_FT,RKC Waalwijk,PSV
openfootball/football.json,https://raw.githubusercontent.com/openfootball/football.json/8aa4cd0ce0410b21037f063eeb4edd981081d85d/2024-25/nl.1.json,8aa4cd0ce0410b21037f063eeb4edd981081d85d,232,2026-09-04T07:12:24.433Z,Eredivisie,2024-25,2025-03-16,Ajax,AZ Alkmaar,2,2,D,0,0,D,Matchday 26,source_reported_FT,AFC Ajax,AZ
openfootball/football.json,https://raw.githubusercontent.com/openfootball/football.json/8aa4cd0ce0410b21037f063eeb4edd981081d85d/2024-25/nl.1.json,8aa4cd0ce0410b21037f063eeb4edd981081d85d,229,2026-09-04T07:12:24.433Z,Eredivisie,2024-25,2025-03-16,Go Ahead Eagles,Willem II,1,0,H,0,0,D,Matchday 26,source_reported_FT,Go Ahead Eagles,Willem II Tilburg
openfootball/football.json,https://raw.githubusercontent.com/openfootball/football.json/8aa4cd0ce0410b21037f063eeb4edd981081d85d/2024-25/nl.1.json,8aa4cd0ce0410b21037f063eeb4edd981081d85d,230,2026-09-04T07:12:24.433Z,Eredivisie,2024-25,2025-03-16,Groningen,For Sittard,1,0,H,0,0,D,Matchday 26,source_reported_FT,FC Groningen,Fortuna Sittard
openfootball/football.json,https://raw.githubusercontent.com/openfootball/football.json/8aa4cd0ce0410b21037f063eeb4edd981081d85d/2024-25/nl.1.json,8aa4cd0ce0410b21037f063eeb4edd981081d85d,231,2026-09-04T07:12:24.433Z,Eredivisie,2024-25,2025-03-16,Twente,Feyenoord,2,6,A,1,3,A,Matchday 26,source_reported_FT,FC Twente '65,Feyenoord Rotterdam
openfootball/football.json,https://raw.githubusercontent.com/openfootball/football.json/8aa4cd0ce0410b21037f063eeb4edd981081d85d/2024-25/nl.1.json,8aa4cd0ce0410b21037f063eeb4edd981081d85d,234,2026-09-04T07:12:24.433Z,Eredivisie,2024-25,2025-03-29,For Sittard,Sparta Rotterdam,0,3,A,0,2,A,Matchday 27,source_reported_FT,Fortuna Sittard,Sparta Rotterdam
openfootball/football.json,https://raw.githubusercontent.com/openfootball/football.json/8aa4cd0ce0410b21037f063eeb4edd981081d85d/2024-25/nl.1.json,8aa4cd0ce0410b21037f063eeb4edd981081d85d,233,2026-09-04T07:12:24.433Z,Eredivisie,2024-25,2025-03-29,NAC Breda,Groningen,1,1,D,0,0,D,Matchday 27,source_reported_FT,NAC Breda,FC Groningen
openfootball/football.json,https://raw.githubusercontent.com/openfootball/football.json/8aa4cd0ce0410b21037f063eeb4edd981081d85d/2024-25/nl.1.json,8aa4cd0ce0410b21037f063eeb4edd981081d85d,236,2026-09-04T07:12:24.433Z,Eredivisie,2024-25,2025-03-29,Nijmegen,AZ Alkmaar,3,3,D,1,2,A,Matchday 27,source_reported_FT,NEC,AZ
openfootball/football.json,https://raw.githubusercontent.com/openfootball/football.json/8aa4cd0ce0410b21037f063eeb4edd981081d85d/2024-25/nl.1.json,8aa4cd0ce0410b21037f063eeb4edd981081d85d,235,2026-09-04T07:12:24.433Z,Eredivisie,2024-25,2025-03-29,Willem II,Almere City,0,2,A,0,1,A,Matchday 27,source_reported_FT,Willem II Tilburg,Almere City FC
openfootball/football.json,https://raw.githubusercontent.com/openfootball/football.json/8aa4cd0ce0410b21037f063eeb4edd981081d85d/2024-25/nl.1.json,8aa4cd0ce0410b21037f063eeb4edd981081d85d,237,2026-09-04T07:12:24.433Z,Eredivisie,2024-25,2025-03-29,Zwolle,Waalwijk,2,0,H,0,0,D,Matchday 27,source_reported_FT,PEC Zwolle,RKC Waalwijk
openfootball/football.json,https://raw.githubusercontent.com/openfootball/football.json/8aa4cd0ce0410b21037f063eeb4edd981081d85d/2024-25/nl.1.json,8aa4cd0ce0410b21037f063eeb4edd981081d85d,241,2026-09-04T07:12:24.433Z,Eredivisie,2024-25,2025-03-30,Feyenoord,Go Ahead Eagles,3,2,H,1,1,D,Matchday 27,source_reported_FT,Feyenoord Rotterdam,Go Ahead Eagles
openfootball/football.json,https://raw.githubusercontent.com/openfootball/football.json/8aa4cd0ce0410b21037f063eeb4edd981081d85d/2024-25/nl.1.json,8aa4cd0ce0410b21037f063eeb4edd981081d85d,239,2026-09-04T07:12:24.433Z,Eredivisie,2024-25,2025-03-30,Heracles,Twente,2,1,H,1,0,H,Matchday 27,source_reported_FT,Heracles Almelo,FC Twente '65
openfootball/football.json,https://raw.githubusercontent.com/openfootball/football.json/8aa4cd0ce0410b21037f063eeb4edd981081d85d/2024-25/nl.1.json,8aa4cd0ce0410b21037f063eeb4edd981081d85d,240,2026-09-04T07:12:24.433Z,Eredivisie,2024-25,2025-03-30,PSV Eindhoven,Ajax,0,2,A,0,1,A,Matchday 27,source_reported_FT,PSV,AFC Ajax
openfootball/football.json,https://raw.githubusercontent.com/openfootball/football.json/8aa4cd0ce0410b21037f063eeb4edd981081d85d/2024-25/nl.1.json,8aa4cd0ce0410b21037f063eeb4edd981081d85d,238,2026-09-04T07:12:24.433Z,Eredivisie,2024-25,2025-03-30,Utrecht,Heerenveen,2,0,H,1,0,H,Matchday 27,source_reported_FT,FC Utrecht,SC Heerenveen
openfootball/football.json,https://raw.githubusercontent.com/openfootball/football.json/8aa4cd0ce0410b21037f063eeb4edd981081d85d/2024-25/nl.1.json,8aa4cd0ce0410b21037f063eeb4edd981081d85d,242,2026-09-04T07:12:24.433Z,Eredivisie,2024-25,2025-04-01,AZ Alkmaar,Waalwijk,2,2,D,1,0,H,Matchday 25,source_reported_FT,AZ,RKC Waalwijk
openfootball/football.json,https://raw.githubusercontent.com/openfootball/football.json/8aa4cd0ce0410b21037f063eeb4edd981081d85d/2024-25/nl.1.json,8aa4cd0ce0410b21037f063eeb4edd981081d85d,243,2026-09-04T07:12:24.433Z,Eredivisie,2024-25,2025-04-02,Feyenoord,Groningen,4,1,H,2,1,H,Matchday 25,source_reported_FT,Feyenoord Rotterdam,FC Groningen
openfootball/football.json,https://raw.githubusercontent.com/openfootball/football.json/8aa4cd0ce0410b21037f063eeb4edd981081d85d/2024-25/nl.1.json,8aa4cd0ce0410b21037f063eeb4edd981081d85d,244,2026-09-04T07:12:24.433Z,Eredivisie,2024-25,2025-04-04,Heerenveen,Willem II,3,1,H,2,0,H,Matchday 28,source_reported_FT,SC Heerenveen,Willem II Tilburg
openfootball/football.json,https://raw.githubusercontent.com/openfootball/football.json/8aa4cd0ce0410b21037f063eeb4edd981081d85d/2024-25/nl.1.json,8aa4cd0ce0410b21037f063eeb4edd981081d85d,245,2026-09-04T07:12:24.433Z,Eredivisie,2024-25,2025-04-05,AZ Alkmaar,Feyenoord,0,1,A,0,1,A,Matchday 28,source_reported_FT,AZ,Feyenoord Rotterdam
openfootball/football.json,https://raw.githubusercontent.com/openfootball/football.json/8aa4cd0ce0410b21037f063eeb4edd981081d85d/2024-25/nl.1.json,8aa4cd0ce0410b21037f063eeb4edd981081d85d,248,2026-09-04T07:12:24.433Z,Eredivisie,2024-25,2025-04-05,Almere City,Zwolle,2,2,D,0,2,A,Matchday 28,source_reported_FT,Almere City FC,PEC Zwolle
openfootball/football.json,https://raw.githubusercontent.com/openfootball/football.json/8aa4cd0ce0410b21037f063eeb4edd981081d85d/2024-25/nl.1.json,8aa4cd0ce0410b21037f063eeb4edd981081d85d,247,2026-09-04T07:12:24.433Z,Eredivisie,2024-25,2025-04-05,Groningen,PSV Eindhoven,1,3,A,1,2,A,Matchday 28,source_reported_FT,FC Groningen,PSV
openfootball/football.json,https://raw.githubusercontent.com/openfootball/football.json/8aa4cd0ce0410b21037f063eeb4edd981081d85d/2024-25/nl.1.json,8aa4cd0ce0410b21037f063eeb4edd981081d85d,246,2026-09-04T07:12:24.433Z,Eredivisie,2024-25,2025-04-05,Twente,For Sittard,1,1,D,1,0,H,Matchday 28,source_reported_FT,FC Twente '65,Fortuna Sittard
openfootball/football.json,https://raw.githubusercontent.com/openfootball/football.json/8aa4cd0ce0410b21037f063eeb4edd981081d85d/2024-25/nl.1.json,8aa4cd0ce0410b21037f063eeb4edd981081d85d,252,2026-09-04T07:12:24.433Z,Eredivisie,2024-25,2025-04-06,Ajax,NAC Breda,3,1,H,2,1,H,Matchday 28,source_reported_FT,AFC Ajax,NAC Breda
openfootball/football.json,https://raw.githubusercontent.com/openfootball/football.json/8aa4cd0ce0410b21037f063eeb4edd981081d85d/2024-25/nl.1.json,8aa4cd0ce0410b21037f063eeb4edd981081d85d,250,2026-09-04T07:12:24.433Z,Eredivisie,2024-25,2025-04-06,Go Ahead Eagles,Utrecht,2,2,D,2,2,D,Matchday 28,source_reported_FT,Go Ahead Eagles,FC Utrecht
openfootball/football.json,https://raw.githubusercontent.com/openfootball/football.json/8aa4cd0ce0410b21037f063eeb4edd981081d85d/2024-25/nl.1.json,8aa4cd0ce0410b21037f063eeb4edd981081d85d,251,2026-09-04T07:12:24.433Z,Eredivisie,2024-25,2025-04-06,Sparta Rotterdam,Nijmegen,2,0,H,1,0,H,Matchday 28,source_reported_FT,Sparta Rotterdam,NEC
openfootball/football.json,https://raw.githubusercontent.com/openfootball/football.json/8aa4cd0ce0410b21037f063eeb4edd981081d85d/2024-25/nl.1.json,8aa4cd0ce0410b21037f063eeb4edd981081d85d,249,2026-09-04T07:12:24.433Z,Eredivisie,2024-25,2025-04-06,Waalwijk,Heracles,0,0,D,,,,Matchday 28,source_reported_FT,RKC Waalwijk,Heracles Almelo
openfootball/football.json,https://raw.githubusercontent.com/openfootball/football.json/8aa4cd0ce0410b21037f063eeb4edd981081d85d/2024-25/nl.1.json,8aa4cd0ce0410b21037f063eeb4edd981081d85d,253,2026-09-04T07:12:24.433Z,Eredivisie,2024-25,2025-04-11,Nijmegen,Waalwijk,2,1,H,0,0,D,Matchday 29,source_reported_FT,NEC,RKC Waalwijk
openfootball/football.json,https://raw.githubusercontent.com/openfootball/football.json/8aa4cd0ce0410b21037f063eeb4edd981081d85d/2024-25/nl.1.json,8aa4cd0ce0410b21037f063eeb4edd981081d85d,254,2026-09-04T07:12:24.433Z,Eredivisie,2024-25,2025-04-12,For Sittard,Feyenoord,0,2,A,0,0,D,Matchday 29,source_reported_FT,Fortuna Sittard,Feyenoord Rotterdam
openfootball/football.json,https://raw.githubusercontent.com/openfootball/football.json/8aa4cd0ce0410b21037f063eeb4edd981081d85d/2024-25/nl.1.json,8aa4cd0ce0410b21037f063eeb4edd981081d85d,257,2026-09-04T07:12:24.433Z,Eredivisie,2024-25,2025-04-12,NAC Breda,Go Ahead Eagles,1,1,D,0,1,A,Matchday 29,source_reported_FT,NAC Breda,Go Ahead Eagles
openfootball/football.json,https://raw.githubusercontent.com/openfootball/football.json/8aa4cd0ce0410b21037f063eeb4edd981081d85d/2024-25/nl.1.json,8aa4cd0ce0410b21037f063eeb4edd981081d85d,256,2026-09-04T07:12:24.433Z,Eredivisie,2024-25,2025-04-12,PSV Eindhoven,Almere City,5,0,H,4,0,H,Matchday 29,source_reported_FT,PSV,Almere City FC
openfootball/football.json,https://raw.githubusercontent.com/openfootball/football.json/8aa4cd0ce0410b21037f063eeb4edd981081d85d/2024-25/nl.1.json,8aa4cd0ce0410b21037f063eeb4edd981081d85d,255,2026-09-04T07:12:24.433Z,Eredivisie,2024-25,2025-04-12,Sparta Rotterdam,Heerenveen,3,1,H,1,0,H,Matchday 29,source_reported_FT,Sparta Rotterdam,SC Heerenveen
openfootball/football.json,https://raw.githubusercontent.com/openfootball/football.json/8aa4cd0ce0410b21037f063eeb4edd981081d85d/2024-25/nl.1.json,8aa4cd0ce0410b21037f063eeb4edd981081d85d,259,2026-09-04T07:12:24.433Z,Eredivisie,2024-25,2025-04-13,Heracles,AZ Alkmaar,1,0,H,0,0,D,Matchday 29,source_reported_FT,Heracles Almelo,AZ
openfootball/football.json,https://raw.githubusercontent.com/openfootball/football.json/8aa4cd0ce0410b21037f063eeb4edd981081d85d/2024-25/nl.1.json,8aa4cd0ce0410b21037f063eeb4edd981081d85d,258,2026-09-04T07:12:24.433Z,Eredivisie,2024-25,2025-04-13,Utrecht,Groningen,3,1,H,3,1,H,Matchday 29,source_reported_FT,FC Utrecht,FC Groningen
openfootball/football.json,https://raw.githubusercontent.com/openfootball/football.json/8aa4cd0ce0410b21037f063eeb4edd981081d85d/2024-25/nl.1.json,8aa4cd0ce0410b21037f063eeb4edd981081d85d,261,2026-09-04T07:12:24.433Z,Eredivisie,2024-25,2025-04-13,Willem II,Ajax,1,2,A,1,0,H,Matchday 29,source_reported_FT,Willem II Tilburg,AFC Ajax
openfootball/football.json,https://raw.githubusercontent.com/openfootball/football.json/8aa4cd0ce0410b21037f063eeb4edd981081d85d/2024-25/nl.1.json,8aa4cd0ce0410b21037f063eeb4edd981081d85d,260,2026-09-04T07:12:24.433Z,Eredivisie,2024-25,2025-04-13,Zwolle,Twente,1,1,D,0,0,D,Matchday 29,source_reported_FT,PEC Zwolle,FC Twente '65
openfootball/football.json,https://raw.githubusercontent.com/openfootball/football.json/8aa4cd0ce0410b21037f063eeb4edd981081d85d/2024-25/nl.1.json,8aa4cd0ce0410b21037f063eeb4edd981081d85d,262,2026-09-04T07:12:24.433Z,Eredivisie,2024-25,2025-04-19,Heerenveen,Almere City,2,1,H,2,1,H,Matchday 31,source_reported_FT,SC Heerenveen,Almere City FC
openfootball/football.json,https://raw.githubusercontent.com/openfootball/football.json/8aa4cd0ce0410b21037f063eeb4edd981081d85d/2024-25/nl.1.json,8aa4cd0ce0410b21037f063eeb4edd981081d85d,263,2026-09-04T07:12:24.433Z,Eredivisie,2024-25,2025-04-20,Utrecht,Ajax,4,0,H,1,0,H,Matchday 31,source_reported_FT,FC Utrecht,AFC Ajax
openfootball/football.json,https://raw.githubusercontent.com/openfootball/football.json/8aa4cd0ce0410b21037f063eeb4edd981081d85d/2024-25/nl.1.json,8aa4cd0ce0410b21037f063eeb4edd981081d85d,264,2026-09-04T07:12:24.433Z,Eredivisie,2024-25,2025-04-23,Groningen,Heracles,4,1,H,2,1,H,Matchday 30,source_reported_FT,FC Groningen,Heracles Almelo
openfootball/football.json,https://raw.githubusercontent.com/openfootball/football.json/8aa4cd0ce0410b21037f063eeb4edd981081d85d/2024-25/nl.1.json,8aa4cd0ce0410b21037f063eeb4edd981081d85d,265,2026-09-04T07:12:24.433Z,Eredivisie,2024-25,2025-04-24,AZ Alkmaar,NAC Breda,1,1,D,0,0,D,Matchday 30,source_reported_FT,AZ,NAC Breda
openfootball/football.json,https://raw.githubusercontent.com/openfootball/football.json/8aa4cd0ce0410b21037f063eeb4edd981081d85d/2024-25/nl.1.json,8aa4cd0ce0410b21037f063eeb4edd981081d85d,266,2026-09-04T07:12:24.433Z,Eredivisie,2024-25,2025-04-24,Twente,PSV Eindhoven,1,3,A,1,1,D,Matchday 30,source_reported_FT,FC Twente '65,PSV
openfootball/football.json,https://raw.githubusercontent.com/openfootball/football.json/8aa4cd0ce0410b21037f063eeb4edd981081d85d/2024-25/nl.1.json,8aa4cd0ce0410b21037f063eeb4edd981081d85d,268,2026-09-04T07:12:24.433Z,Eredivisie,2024-25,2025-04-25,Feyenoord,Zwolle,4,0,H,3,0,H,Matchday 30,source_reported_FT,Feyenoord Rotterdam,PEC Zwolle
openfootball/football.json,https://raw.githubusercontent.com/openfootball/football.json/8aa4cd0ce0410b21037f063eeb4edd981081d85d/2024-25/nl.1.json,8aa4cd0ce0410b21037f063eeb4edd981081d85d,267,2026-09-04T07:12:24.433Z,Eredivisie,2024-25,2025-04-25,Waalwijk,Utrecht,0,4,A,0,3,A,Matchday 30,source_reported_FT,RKC Waalwijk,FC Utrecht
openfootball/football.json,https://raw.githubusercontent.com/openfootball/football.json/8aa4cd0ce0410b21037f063eeb4edd981081d85d/2024-25/nl.1.json,8aa4cd0ce0410b21037f063eeb4edd981081d85d,270,2026-09-04T07:12:24.433Z,Eredivisie,2024-25,2025-04-27,Ajax,Sparta Rotterdam,1,1,D,0,0,D,Matchday 30,source_reported_FT,AFC Ajax,Sparta Rotterdam
openfootball/football.json,https://raw.githubusercontent.com/openfootball/football.json/8aa4cd0ce0410b21037f063eeb4edd981081d85d/2024-25/nl.1.json,8aa4cd0ce0410b21037f063eeb4edd981081d85d,272,2026-09-04T07:12:24.433Z,Eredivisie,2024-25,2025-04-27,Almere City,Go Ahead Eagles,0,0,D,,,,Matchday 30,source_reported_FT,Almere City FC,Go Ahead Eagles
openfootball/football.json,https://raw.githubusercontent.com/openfootball/football.json/8aa4cd0ce0410b21037f063eeb4edd981081d85d/2024-25/nl.1.json,8aa4cd0ce0410b21037f063eeb4edd981081d85d,269,2026-09-04T07:12:24.433Z,Eredivisie,2024-25,2025-04-27,For Sittard,Willem II,1,0,H,0,0,D,Matchday 30,source_reported_FT,Fortuna Sittard,Willem II Tilburg
openfootball/football.json,https://raw.githubusercontent.com/openfootball/football.json/8aa4cd0ce0410b21037f063eeb4edd981081d85d/2024-25/nl.1.json,8aa4cd0ce0410b21037f063eeb4edd981081d85d,271,2026-09-04T07:12:24.433Z,Eredivisie,2024-25,2025-04-27,Heerenveen,Nijmegen,1,0,H,0,0,D,Matchday 30,source_reported_FT,SC Heerenveen,NEC
openfootball/football.json,https://raw.githubusercontent.com/openfootball/football.json/8aa4cd0ce0410b21037f063eeb4edd981081d85d/2024-25/nl.1.json,8aa4cd0ce0410b21037f063eeb4edd981081d85d,275,2026-09-04T07:12:24.433Z,Eredivisie,2024-25,2025-05-03,Groningen,Waalwijk,6,1,H,2,0,H,Matchday 31,source_reported_FT,FC Groningen,RKC Waalwijk
openfootball/football.json,https://raw.githubusercontent.com/openfootball/football.json/8aa4cd0ce0410b21037f063eeb4edd981081d85d/2024-25/nl.1.json,8aa4cd0ce0410b21037f063eeb4edd981081d85d,274,2026-09-04T07:12:24.433Z,Eredivisie,2024-25,2025-05-03,Heracles,Feyenoord,1,4,A,0,3,A,Matchday 31,source_reported_FT,Heracles Almelo,Feyenoord Rotterdam
openfootball/football.json,https://raw.githubusercontent.com/openfootball/football.json/8aa4cd0ce0410b21037f063eeb4edd981081d85d/2024-25/nl.1.json,8aa4cd0ce0410b21037f063eeb4edd981081d85d,273,2026-09-04T07:12:24.433Z,Eredivisie,2024-25,2025-05-03,Nijmegen,Willem II,1,1,D,0,1,A,Matchday 31,source_reported_FT,NEC,Willem II Tilburg
openfootball/football.json,https://raw.githubusercontent.com/openfootball/football.json/8aa4cd0ce0410b21037f063eeb4edd981081d85d/2024-25/nl.1.json,8aa4cd0ce0410b21037f063eeb4edd981081d85d,276,2026-09-04T07:12:24.433Z,Eredivisie,2024-25,2025-05-03,PSV Eindhoven,For Sittard,4,1,H,2,0,H,Matchday 31,source_reported_FT,PSV,Fortuna Sittard
openfootball/football.json,https://raw.githubusercontent.com/openfootball/football.json/8aa4cd0ce0410b21037f063eeb4edd981081d85d/2024-25/nl.1.json,8aa4cd0ce0410b21037f063eeb4edd981081d85d,278,2026-09-04T07:12:24.433Z,Eredivisie,2024-25,2025-05-04,Go Ahead Eagles,AZ Alkmaar,0,3,A,0,2,A,Matchday 31,source_reported_FT,Go Ahead Eagles,AZ
openfootball/football.json,https://raw.githubusercontent.com/openfootball/football.json/8aa4cd0ce0410b21037f063eeb4edd981081d85d/2024-25/nl.1.json,8aa4cd0ce0410b21037f063eeb4edd981081d85d,277,2026-09-04T07:12:24.433Z,Eredivisie,2024-25,2025-05-04,NAC Breda,Zwolle,1,3,A,0,0,D,Matchday 31,source_reported_FT,NAC Breda,PEC Zwolle
openfootball/football.json,https://raw.githubusercontent.com/openfootball/football.json/8aa4cd0ce0410b21037f063eeb4edd981081d85d/2024-25/nl.1.json,8aa4cd0ce0410b21037f063eeb4edd981081d85d,279,2026-09-04T07:12:24.433Z,Eredivisie,2024-25,2025-05-04,Sparta Rotterdam,Twente,0,2,A,0,2,A,Matchday 31,source_reported_FT,Sparta Rotterdam,FC Twente '65
openfootball/football.json,https://raw.githubusercontent.com/openfootball/football.json/8aa4cd0ce0410b21037f063eeb4edd981081d85d/2024-25/nl.1.json,8aa4cd0ce0410b21037f063eeb4edd981081d85d,280,2026-09-04T07:12:24.433Z,Eredivisie,2024-25,2025-05-09,Willem II,Heracles,1,2,A,0,1,A,Matchday 32,source_reported_FT,Willem II Tilburg,Heracles Almelo
openfootball/football.json,https://raw.githubusercontent.com/openfootball/football.json/8aa4cd0ce0410b21037f063eeb4edd981081d85d/2024-25/nl.1.json,8aa4cd0ce0410b21037f063eeb4edd981081d85d,283,2026-09-04T07:12:24.433Z,Eredivisie,2024-25,2025-05-10,Almere City,Sparta Rotterdam,0,3,A,0,0,D,Matchday 32,source_reported_FT,Almere City FC,Sparta Rotterdam
openfootball/football.json,https://raw.githubusercontent.com/openfootball/football.json/8aa4cd0ce0410b21037f063eeb4edd981081d85d/2024-25/nl.1.json,8aa4cd0ce0410b21037f063eeb4edd981081d85d,282,2026-09-04T07:12:24.433Z,Eredivisie,2024-25,2025-05-10,For Sittard,NAC Breda,1,0,H,1,0,H,Matchday 32,source_reported_FT,Fortuna Sittard,NAC Breda
openfootball/football.json,https://raw.githubusercontent.com/openfootball/football.json/8aa4cd0ce0410b21037f063eeb4edd981081d85d/2024-25/nl.1.json,8aa4cd0ce0410b21037f063eeb4edd981081d85d,281,2026-09-04T07:12:24.433Z,Eredivisie,2024-25,2025-05-10,Waalwijk,Heerenveen,3,1,H,1,1,D,Matchday 32,source_reported_FT,RKC Waalwijk,SC Heerenveen
openfootball/football.json,https://raw.githubusercontent.com/openfootball/football.json/8aa4cd0ce0410b21037f063eeb4edd981081d85d/2024-25/nl.1.json,8aa4cd0ce0410b21037f063eeb4edd981081d85d,288,2026-09-04T07:12:24.433Z,Eredivisie,2024-25,2025-05-11,AZ Alkmaar,Groningen,3,0,H,2,0,H,Matchday 32,source_reported_FT,AZ,FC Groningen
openfootball/football.json,https://raw.githubusercontent.com/openfootball/football.json/8aa4cd0ce0410b21037f063eeb4edd981081d85d/2024-25/nl.1.json,8aa4cd0ce0410b21037f063eeb4edd981081d85d,287,2026-09-04T07:12:24.433Z,Eredivisie,2024-25,2025-05-11,Ajax,Nijmegen,0,3,A,0,0,D,Matchday 32,source_reported_FT,AFC Ajax,NEC
openfootball/football.json,https://raw.githubusercontent.com/openfootball/football.json/8aa4cd0ce0410b21037f063eeb4edd981081d85d/2024-25/nl.1.json,8aa4cd0ce0410b21037f063eeb4edd981081d85d,285,2026-09-04T07:12:24.433Z,Eredivisie,2024-25,2025-05-11,Feyenoord,PSV Eindhoven,2,3,A,2,0,H,Matchday 32,source_reported_FT,Feyenoord Rotterdam,PSV
openfootball/football.json,https://raw.githubusercontent.com/openfootball/football.json/8aa4cd0ce0410b21037f063eeb4edd981081d85d/2024-25/nl.1.json,8aa4cd0ce0410b21037f063eeb4edd981081d85d,286,2026-09-04T07:12:24.433Z,Eredivisie,2024-25,2025-05-11,Twente,Utrecht,2,0,H,1,0,H,Matchday 32,source_reported_FT,FC Twente '65,FC Utrecht
openfootball/football.json,https://raw.githubusercontent.com/openfootball/football.json/8aa4cd0ce0410b21037f063eeb4edd981081d85d/2024-25/nl.1.json,8aa4cd0ce0410b21037f063eeb4edd981081d85d,284,2026-09-04T07:12:24.433Z,Eredivisie,2024-25,2025-05-11,Zwolle,Go Ahead Eagles,1,1,D,0,0,D,Matchday 32,source_reported_FT,PEC Zwolle,Go Ahead Eagles
openfootball/football.json,https://raw.githubusercontent.com/openfootball/football.json/8aa4cd0ce0410b21037f063eeb4edd981081d85d/2024-25/nl.1.json,8aa4cd0ce0410b21037f063eeb4edd981081d85d,289,2026-09-04T07:12:24.433Z,Eredivisie,2024-25,2025-05-14,Almere City,For Sittard,1,1,D,1,0,H,Matchday 33,source_reported_FT,Almere City FC,Fortuna Sittard
openfootball/football.json,https://raw.githubusercontent.com/openfootball/football.json/8aa4cd0ce0410b21037f063eeb4edd981081d85d/2024-25/nl.1.json,8aa4cd0ce0410b21037f063eeb4edd981081d85d,292,2026-09-04T07:12:24.433Z,Eredivisie,2024-25,2025-05-14,Feyenoord,Waalwijk,2,0,H,1,0,H,Matchday 33,source_reported_FT,Feyenoord Rotterdam,RKC Waalwijk
openfootball/football.json,https://raw.githubusercontent.com/openfootball/football.json/8aa4cd0ce0410b21037f063eeb4edd981081d85d/2024-25/nl.1.json,8aa4cd0ce0410b21037f063eeb4edd981081d85d,293,2026-09-04T07:12:24.433Z,Eredivisie,2024-25,2025-05-14,Go Ahead Eagles,Heerenveen,1,0,H,0,0,D,Matchday 33,source_reported_FT,Go Ahead Eagles,SC Heerenveen
openfootball/football.json,https://raw.githubusercontent.com/openfootball/football.json/8aa4cd0ce0410b21037f063eeb4edd981081d85d/2024-25/nl.1.json,8aa4cd0ce0410b21037f063eeb4edd981081d85d,290,2026-09-04T07:12:24.433Z,Eredivisie,2024-25,2025-05-14,Groningen,Ajax,2,2,D,0,1,A,Matchday 33,source_reported_FT,FC Groningen,AFC Ajax
openfootball/football.json,https://raw.githubusercontent.com/openfootball/football.json/8aa4cd0ce0410b21037f063eeb4edd981081d85d/2024-25/nl.1.json,8aa4cd0ce0410b21037f063eeb4edd981081d85d,294,2026-09-04T07:12:24.433Z,Eredivisie,2024-25,2025-05-14,Nijmegen,NAC Breda,3,0,H,1,0,H,Matchday 33,source_reported_FT,NEC,NAC Breda
openfootball/football.json,https://raw.githubusercontent.com/openfootball/football.json/8aa4cd0ce0410b21037f063eeb4edd981081d85d/2024-25/nl.1.json,8aa4cd0ce0410b21037f063eeb4edd981081d85d,295,2026-09-04T07:12:24.433Z,Eredivisie,2024-25,2025-05-14,PSV Eindhoven,Heracles,4,1,H,4,0,H,Matchday 33,source_reported_FT,PSV,Heracles Almelo
openfootball/football.json,https://raw.githubusercontent.com/openfootball/football.json/8aa4cd0ce0410b21037f063eeb4edd981081d85d/2024-25/nl.1.json,8aa4cd0ce0410b21037f063eeb4edd981081d85d,296,2026-09-04T07:12:24.433Z,Eredivisie,2024-25,2025-05-14,Twente,AZ Alkmaar,2,3,A,2,2,D,Matchday 33,source_reported_FT,FC Twente '65,AZ
openfootball/football.json,https://raw.githubusercontent.com/openfootball/football.json/8aa4cd0ce0410b21037f063eeb4edd981081d85d/2024-25/nl.1.json,8aa4cd0ce0410b21037f063eeb4edd981081d85d,291,2026-09-04T07:12:24.433Z,Eredivisie,2024-25,2025-05-14,Utrecht,Sparta Rotterdam,1,1,D,1,1,D,Matchday 33,source_reported_FT,FC Utrecht,Sparta Rotterdam
openfootball/football.json,https://raw.githubusercontent.com/openfootball/football.json/8aa4cd0ce0410b21037f063eeb4edd981081d85d/2024-25/nl.1.json,8aa4cd0ce0410b21037f063eeb4edd981081d85d,297,2026-09-04T07:12:24.433Z,Eredivisie,2024-25,2025-05-14,Willem II,Zwolle,1,2,A,0,1,A,Matchday 33,source_reported_FT,Willem II Tilburg,PEC Zwolle
openfootball/football.json,https://raw.githubusercontent.com/openfootball/football.json/8aa4cd0ce0410b21037f063eeb4edd981081d85d/2024-25/nl.1.json,8aa4cd0ce0410b21037f063eeb4edd981081d85d,299,2026-09-04T07:12:24.433Z,Eredivisie,2024-25,2025-05-18,AZ Alkmaar,Almere City,1,1,D,0,1,A,Matchday 34,source_reported_FT,AZ,Almere City FC
openfootball/football.json,https://raw.githubusercontent.com/openfootball/football.json/8aa4cd0ce0410b21037f063eeb4edd981081d85d/2024-25/nl.1.json,8aa4cd0ce0410b21037f063eeb4edd981081d85d,298,2026-09-04T07:12:24.433Z,Eredivisie,2024-25,2025-05-18,Ajax,Twente,2,0,H,1,0,H,Matchday 34,source_reported_FT,AFC Ajax,FC Twente '65
openfootball/football.json,https://raw.githubusercontent.com/openfootball/football.json/8aa4cd0ce0410b21037f063eeb4edd981081d85d/2024-25/nl.1.json,8aa4cd0ce0410b21037f063eeb4edd981081d85d,300,2026-09-04T07:12:24.433Z,Eredivisie,2024-25,2025-05-18,For Sittard,Utrecht,0,0,D,,,,Matchday 34,source_reported_FT,Fortuna Sittard,FC Utrecht
openfootball/football.json,https://raw.githubusercontent.com/openfootball/football.json/8aa4cd0ce0410b21037f063eeb4edd981081d85d/2024-25/nl.1.json,8aa4cd0ce0410b21037f063eeb4edd981081d85d,305,2026-09-04T07:12:24.433Z,Eredivisie,2024-25,2025-05-18,Heerenveen,Feyenoord,2,0,H,2,0,H,Matchday 34,source_reported_FT,SC Heerenveen,Feyenoord Rotterdam
openfootball/football.json,https://raw.githubusercontent.com/openfootball/football.json/8aa4cd0ce0410b21037f063eeb4edd981081d85d/2024-25/nl.1.json,8aa4cd0ce0410b21037f063eeb4edd981081d85d,301,2026-09-04T07:12:24.433Z,Eredivisie,2024-25,2025-05-18,Heracles,Nijmegen,1,2,A,0,0,D,Matchday 34,source_reported_FT,Heracles Almelo,NEC
openfootball/football.json,https://raw.githubusercontent.com/openfootball/football.json/8aa4cd0ce0410b21037f063eeb4edd981081d85d/2024-25/nl.1.json,8aa4cd0ce0410b21037f063eeb4edd981081d85d,302,2026-09-04T07:12:24.433Z,Eredivisie,2024-25,2025-05-18,NAC Breda,Willem II,1,1,D,1,1,D,Matchday 34,source_reported_FT,NAC Breda,Willem II Tilburg
openfootball/football.json,https://raw.githubusercontent.com/openfootball/football.json/8aa4cd0ce0410b21037f063eeb4edd981081d85d/2024-25/nl.1.json,8aa4cd0ce0410b21037f063eeb4edd981081d85d,306,2026-09-04T07:12:24.433Z,Eredivisie,2024-25,2025-05-18,Sparta Rotterdam,PSV Eindhoven,1,3,A,0,1,A,Matchday 34,source_reported_FT,Sparta Rotterdam,PSV
openfootball/football.json,https://raw.githubusercontent.com/openfootball/football.json/8aa4cd0ce0410b21037f063eeb4edd981081d85d/2024-25/nl.1.json,8aa4cd0ce0410b21037f063eeb4edd981081d85d,304,2026-09-04T07:12:24.433Z,Eredivisie,2024-25,2025-05-18,Waalwijk,Go Ahead Eagles,5,3,H,1,1,D,Matchday 34,source_reported_FT,RKC Waalwijk,Go Ahead Eagles
openfootball/football.json,https://raw.githubusercontent.com/openfootball/football.json/8aa4cd0ce0410b21037f063eeb4edd981081d85d/2024-25/nl.1.json,8aa4cd0ce0410b21037f063eeb4edd981081d85d,303,2026-09-04T07:12:24.433Z,Eredivisie,2024-25,2025-05-18,Zwolle,Groningen,2,0,H,1,0,H,Matchday 34,source_reported_FT,PEC Zwolle,FC Groningen
openfootball/football.json,https://raw.githubusercontent.com/openfootball/football.json/8aa4cd0ce0410b21037f063eeb4edd981081d85d/2025-26/nl.1.json,8aa4cd0ce0410b21037f063eeb4edd981081d85d,1,2026-09-04T07:12:29.560Z,Eredivisie,2025-26,2025-08-08,For Sittard,Go Ahead Eagles,2,2,D,1,1,D,Matchday 1,source_reported_FT,Fortuna Sittard,Go Ahead Eagles
openfootball/football.json,https://raw.githubusercontent.com/openfootball/football.json/8aa4cd0ce0410b21037f063eeb4edd981081d85d/2025-26/nl.1.json,8aa4cd0ce0410b21037f063eeb4edd981081d85d,3,2026-09-04T07:12:29.560Z,Eredivisie,2025-26,2025-08-09,Feyenoord,NAC Breda,2,0,H,1,0,H,Matchday 1,source_reported_FT,Feyenoord Rotterdam,NAC Breda
openfootball/football.json,https://raw.githubusercontent.com/openfootball/football.json/8aa4cd0ce0410b21037f063eeb4edd981081d85d/2025-26/nl.1.json,8aa4cd0ce0410b21037f063eeb4edd981081d85d,4,2026-09-04T07:12:29.560Z,Eredivisie,2025-26,2025-08-09,Heerenveen,Volendam,1,1,D,1,0,H,Matchday 1,source_reported_FT,SC Heerenveen,FC Volendam
openfootball/football.json,https://raw.githubusercontent.com/openfootball/football.json/8aa4cd0ce0410b21037f063eeb4edd981081d85d/2025-26/nl.1.json,8aa4cd0ce0410b21037f063eeb4edd981081d85d,2,2026-09-04T07:12:29.560Z,Eredivisie,2025-26,2025-08-09,Nijmegen,Excelsior,5,0,H,1,0,H,Matchday 1,source_reported_FT,NEC,SBV Excelsior
openfootball/football.json,https://raw.githubusercontent.com/openfootball/football.json/8aa4cd0ce0410b21037f063eeb4edd981081d85d/2025-26/nl.1.json,8aa4cd0ce0410b21037f063eeb4edd981081d85d,5,2026-09-04T07:12:29.560Z,Eredivisie,2025-26,2025-08-09,PSV Eindhoven,Sparta Rotterdam,6,1,H,3,0,H,Matchday 1,source_reported_FT,PSV,Sparta Rotterdam
openfootball/football.json,https://raw.githubusercontent.com/openfootball/football.json/8aa4cd0ce0410b21037f063eeb4edd981081d85d/2025-26/nl.1.json,8aa4cd0ce0410b21037f063eeb4edd981081d85d,8,2026-09-04T07:12:29.560Z,Eredivisie,2025-26,2025-08-10,AZ Alkmaar,Groningen,4,1,H,3,1,H,Matchday 1,source_reported_FT,AZ,FC Groningen
openfootball/football.json,https://raw.githubusercontent.com/openfootball/football.json/8aa4cd0ce0410b21037f063eeb4edd981081d85d/2025-26/nl.1.json,8aa4cd0ce0410b21037f063eeb4edd981081d85d,7,2026-09-04T07:12:29.560Z,Eredivisie,2025-26,2025-08-10,Ajax,Telstar,2,0,H,1,0,H,Matchday 1,source_reported_FT,AFC Ajax,Telstar 1963
openfootball/football.json,https://raw.githubusercontent.com/openfootball/football.json/8aa4cd0ce0410b21037f063eeb4edd981081d85d/2025-26/nl.1.json,8aa4cd0ce0410b21037f063eeb4edd981081d85d,9,2026-09-04T07:12:29.560Z,Eredivisie,2025-26,2025-08-10,Utrecht,Heracles,4,0,H,1,0,H,Matchday 1,source_reported_FT,FC Utrecht,Heracles Almelo
openfootball/football.json,https://raw.githubusercontent.com/openfootball/football.json/8aa4cd0ce0410b21037f063eeb4edd981081d85d/2025-26/nl.1.json,8aa4cd0ce0410b21037f063eeb4edd981081d85d,6,2026-09-04T07:12:29.560Z,Eredivisie,2025-26,2025-08-10,Zwolle,Twente,1,0,H,1,0,H,Matchday 1,source_reported_FT,PEC Zwolle,FC Twente '65
openfootball/football.json,https://raw.githubusercontent.com/openfootball/football.json/8aa4cd0ce0410b21037f063eeb4edd981081d85d/2025-26/nl.1.json,8aa4cd0ce0410b21037f063eeb4edd981081d85d,10,2026-09-04T07:12:29.560Z,Eredivisie,2025-26,2025-08-15,Telstar,Zwolle,0,2,A,0,1,A,Matchday 2,source_reported_FT,Telstar 1963,PEC Zwolle
openfootball/football.json,https://raw.githubusercontent.com/openfootball/football.json/8aa4cd0ce0410b21037f063eeb4edd981081d85d/2025-26/nl.1.json,8aa4cd0ce0410b21037f063eeb4edd981081d85d,11,2026-09-04T07:12:29.560Z,Eredivisie,2025-26,2025-08-16,Excelsior,Feyenoord,1,2,A,1,2,A,Matchday 2,source_reported_FT,SBV Excelsior,Feyenoord Rotterdam
openfootball/football.json,https://raw.githubusercontent.com/openfootball/football.json/8aa4cd0ce0410b21037f063eeb4edd981081d85d/2025-26/nl.1.json,8aa4cd0ce0410b21037f063eeb4edd981081d85d,13,2026-09-04T07:12:29.560Z,Eredivisie,2025-26,2025-08-16,Groningen,Heerenveen,2,1,H,1,1,D,Matchday 2,source_reported_FT,FC Groningen,SC Heerenveen
openfootball/football.json,https://raw.githubusercontent.com/openfootball/football.json/8aa4cd0ce0410b21037f063eeb4edd981081d85d/2025-26/nl.1.json,8aa4cd0ce0410b21037f063eeb4edd981081d85d,12,2026-09-04T07:12:29.560Z,Eredivisie,2025-26,2025-08-16,Heracles,Nijmegen,1,4,A,1,1,D,Matchday 2,source_reported_FT,Heracles Almelo,NEC
openfootball/football.json,https://raw.githubusercontent.com/openfootball/football.json/8aa4cd0ce0410b21037f063eeb4edd981081d85d/2025-26/nl.1.json,8aa4cd0ce0410b21037f063eeb4edd981081d85d,14,2026-09-04T07:12:29.560Z,Eredivisie,2025-26,2025-08-17,Go Ahead Eagles,Ajax,2,2,D,2,2,D,Matchday 2,source_reported_FT,Go Ahead Eagles,AFC Ajax
openfootball/football.json,https://raw.githubusercontent.com/openfootball/football.json/8aa4cd0ce0410b21037f063eeb4edd981081d85d/2025-26/nl.1.json,8aa4cd0ce0410b21037f063eeb4edd981081d85d,18,2026-09-04T07:12:29.560Z,Eredivisie,2025-26,2025-08-17,NAC Breda,For Sittard,2,1,H,1,0,H,Matchday 2,source_reported_FT,NAC Breda,Fortuna Sittard
openfootball/football.json,https://raw.githubusercontent.com/openfootball/football.json/8aa4cd0ce0410b21037f063eeb4edd981081d85d/2025-26/nl.1.json,8aa4cd0ce0410b21037f063eeb4edd981081d85d,15,2026-09-04T07:12:29.560Z,Eredivisie,2025-26,2025-08-17,Sparta Rotterdam,Utrecht,2,1,H,1,0,H,Matchday 2,source_reported_FT,Sparta Rotterdam,FC Utrecht
openfootball/football.json,https://raw.githubusercontent.com/openfootball/football.json/8aa4cd0ce0410b21037f063eeb4edd981081d85d/2025-26/nl.1.json,8aa4cd0ce0410b21037f063eeb4edd981081d85d,16,2026-09-04T07:12:29.560Z,Eredivisie,2025-26,2025-08-17,Twente,PSV Eindhoven,0,2,A,0,1,A,Matchday 2,source_reported_FT,FC Twente '65,PSV
openfootball/football.json,https://raw.githubusercontent.com/openfootball/football.json/8aa4cd0ce0410b21037f063eeb4edd981081d85d/2025-26/nl.1.json,8aa4cd0ce0410b21037f063eeb4edd981081d85d,17,2026-09-04T07:12:29.560Z,Eredivisie,2025-26,2025-08-17,Volendam,AZ Alkmaar,2,2,D,1,1,D,Matchday 2,source_reported_FT,FC Volendam,AZ
openfootball/football.json,https://raw.githubusercontent.com/openfootball/football.json/8aa4cd0ce0410b21037f063eeb4edd981081d85d/2025-26/nl.1.json,8aa4cd0ce0410b21037f063eeb4edd981081d85d,19,2026-09-04T07:12:29.560Z,Eredivisie,2025-26,2025-08-23,Go Ahead Eagles,Sparta Rotterdam,0,3,A,0,1,A,Matchday 3,source_reported_FT,Go Ahead Eagles,Sparta Rotterdam
openfootball/football.json,https://raw.githubusercontent.com/openfootball/football.json/8aa4cd0ce0410b21037f063eeb4edd981081d85d/2025-26/nl.1.json,8aa4cd0ce0410b21037f063eeb4edd981081d85d,20,2026-09-04T07:12:29.560Z,Eredivisie,2025-26,2025-08-23,PSV Eindhoven,Groningen,4,2,H,1,1,D,Matchday 3,source_reported_FT,PSV,FC Groningen
openfootball/football.json,https://raw.githubusercontent.com/openfootball/football.json/8aa4cd0ce0410b21037f063eeb4edd981081d85d/2025-26/nl.1.json,8aa4cd0ce0410b21037f063eeb4edd981081d85d,21,2026-09-04T07:12:29.560Z,Eredivisie,2025-26,2025-08-23,Telstar,Volendam,2,2,D,2,0,H,Matchday 3,source_reported_FT,Telstar 1963,FC Volendam
openfootball/football.json,https://raw.githubusercontent.com/openfootball/football.json/8aa4cd0ce0410b21037f063eeb4edd981081d85d/2025-26/nl.1.json,8aa4cd0ce0410b21037f063eeb4edd981081d85d,25,2026-09-04T07:12:29.560Z,Eredivisie,2025-26,2025-08-24,Ajax,Heracles,2,0,H,1,0,H,Matchday 3,source_reported_FT,AFC Ajax,Heracles Almelo
openfootball/football.json,https://raw.githubusercontent.com/openfootball/football.json/8aa4cd0ce0410b21037f063eeb4edd981081d85d/2025-26/nl.1.json,8aa4cd0ce0410b21037f063eeb4edd981081d85d,22,2026-09-04T07:12:29.560Z,Eredivisie,2025-26,2025-08-24,Heerenveen,Twente,1,2,A,0,1,A,Matchday 3,source_reported_FT,SC Heerenveen,FC Twente '65
openfootball/football.json,https://raw.githubusercontent.com/openfootball/football.json/8aa4cd0ce0410b21037f063eeb4edd981081d85d/2025-26/nl.1.json,8aa4cd0ce0410b21037f063eeb4edd981081d85d,24,2026-09-04T07:12:29.560Z,Eredivisie,2025-26,2025-08-24,Nijmegen,NAC Breda,3,0,H,1,0,H,Matchday 3,source_reported_FT,NEC,NAC Breda
openfootball/football.json,https://raw.githubusercontent.com/openfootball/football.json/8aa4cd0ce0410b21037f063eeb4edd981081d85d/2025-26/nl.1.json,8aa4cd0ce0410b21037f063eeb4edd981081d85d,23,2026-09-04T07:12:29.560Z,Eredivisie,2025-26,2025-08-24,Utrecht,Excelsior,4,1,H,2,0,H,Matchday 3,source_reported_FT,FC Utrecht,SBV Excelsior
openfootball/football.json,https://raw.githubusercontent.com/openfootball/football.json/8aa4cd0ce0410b21037f063eeb4edd981081d85d/2025-26/nl.1.json,8aa4cd0ce0410b21037f063eeb4edd981081d85d,26,2026-09-04T07:12:29.560Z,Eredivisie,2025-26,2025-08-29,Groningen,Heracles,4,0,H,3,0,H,Matchday 4,source_reported_FT,FC Groningen,Heracles Almelo
openfootball/football.json,https://raw.githubusercontent.com/openfootball/football.json/8aa4cd0ce0410b21037f063eeb4edd981081d85d/2025-26/nl.1.json,8aa4cd0ce0410b21037f063eeb4edd981081d85d,30,2026-09-04T07:12:29.560Z,Eredivisie,2025-26,2025-08-30,Excelsior,Twente,1,0,H,0,0,D,Matchday 4,source_reported_FT,SBV Excelsior,FC Twente '65
openfootball/football.json,https://raw.githubusercontent.com/openfootball/football.json/8aa4cd0ce0410b21037f063eeb4edd981081d85d/2025-26/nl.1.json,8aa4cd0ce0410b21037f063eeb4edd981081d85d,28,2026-09-04T07:12:29.560Z,Eredivisie,2025-26,2025-08-30,Heerenveen,Go Ahead Eagles,2,2,D,1,1,D,Matchday 4,source_reported_FT,SC Heerenveen,Go Ahead Eagles
openfootball/football.json,https://raw.githubusercontent.com/openfootball/football.json/8aa4cd0ce0410b21037f063eeb4edd981081d85d/2025-26/nl.1.json,8aa4cd0ce0410b21037f063eeb4edd981081d85d,29,2026-09-04T07:12:29.560Z,Eredivisie,2025-26,2025-08-30,PSV Eindhoven,Telstar,0,2,A,0,1,A,Matchday 4,source_reported_FT,PSV,Telstar 1963
openfootball/football.json,https://raw.githubusercontent.com/openfootball/football.json/8aa4cd0ce0410b21037f063eeb4edd981081d85d/2025-26/nl.1.json,8aa4cd0ce0410b21037f063eeb4edd981081d85d,27,2026-09-04T07:12:29.560Z,Eredivisie,2025-26,2025-08-30,Volendam,Ajax,1,1,D,1,0,H,Matchday 4,source_reported_FT,FC Volendam,AFC Ajax
openfootball/football.json,https://raw.githubusercontent.com/openfootball/football.json/8aa4cd0ce0410b21037f063eeb4edd981081d85d/2025-26/nl.1.json,8aa4cd0ce0410b21037f063eeb4edd981081d85d,31,2026-09-04T07:12:29.560Z,Eredivisie,2025-26,2025-08-31,For Sittard,Nijmegen,3,2,H,2,1,H,Matchday 4,source_reported_FT,Fortuna Sittard,NEC
openfootball/football.json,https://raw.githubusercontent.com/openfootball/football.json/8aa4cd0ce0410b21037f063eeb4edd981081d85d/2025-26/nl.1.json,8aa4cd0ce0410b21037f063eeb4edd981081d85d,34,2026-09-04T07:12:29.560Z,Eredivisie,2025-26,2025-08-31,NAC Breda,AZ Alkmaar,0,1,A,0,0,D,Matchday 4,source_reported_FT,NAC Breda,AZ
openfootball/football.json,https://raw.githubusercontent.com/openfootball/football.json/8aa4cd0ce0410b21037f063eeb4edd981081d85d/2025-26/nl.1.json,8aa4cd0ce0410b21037f063eeb4edd981081d85d,33,2026-09-04T07:12:29.560Z,Eredivisie,2025-26,2025-08-31,Sparta Rotterdam,Feyenoord,0,4,A,0,1,A,Matchday 4,source_reported_FT,Sparta Rotterdam,Feyenoord Rotterdam
openfootball/football.json,https://raw.githubusercontent.com/openfootball/football.json/8aa4cd0ce0410b21037f063eeb4edd981081d85d/2025-26/nl.1.json,8aa4cd0ce0410b21037f063eeb4edd981081d85d,32,2026-09-04T07:12:29.560Z,Eredivisie,2025-26,2025-08-31,Zwolle,Utrecht,0,2,A,0,2,A,Matchday 4,source_reported_FT,PEC Zwolle,FC Utrecht
openfootball/football.json,https://raw.githubusercontent.com/openfootball/football.json/8aa4cd0ce0410b21037f063eeb4edd981081d85d/2025-26/nl.1.json,8aa4cd0ce0410b21037f063eeb4edd981081d85d,35,2026-09-04T07:12:29.560Z,Eredivisie,2025-26,2025-09-13,Ajax,Zwolle,3,1,H,2,0,H,Matchday 5,source_reported_FT,AFC Ajax,PEC Zwolle
openfootball/football.json,https://raw.githubusercontent.com/openfootball/football.json/8aa4cd0ce0410b21037f063eeb4edd981081d85d/2025-26/nl.1.json,8aa4cd0ce0410b21037f063eeb4edd981081d85d,38,2026-09-04T07:12:29.560Z,Eredivisie,2025-26,2025-09-13,Feyenoord,Heerenveen,1,0,H,1,0,H,Matchday 5,source_reported_FT,Feyenoord Rotterdam,SC Heerenveen
openfootball/football.json,https://raw.githubusercontent.com/openfootball/football.json/8aa4cd0ce0410b21037f063eeb4edd981081d85d/2025-26/nl.1.json,8aa4cd0ce0410b21037f063eeb4edd981081d85d,37,2026-09-04T07:12:29.560Z,Eredivisie,2025-26,2025-09-13,Go Ahead Eagles,Volendam,3,0,H,3,0,H,Matchday 5,source_reported_FT,Go Ahead Eagles,FC Volendam
openfootball/football.json,https://raw.githubusercontent.com/openfootball/football.json/8aa4cd0ce0410b21037f063eeb4edd981081d85d/2025-26/nl.1.json,8aa4cd0ce0410b21037f063eeb4edd981081d85d,36,2026-09-04T07:12:29.560Z,Eredivisie,2025-26,2025-09-13,Nijmegen,PSV Eindhoven,3,5,A,1,3,A,Matchday 5,source_reported_FT,NEC,PSV
openfootball/football.json,https://raw.githubusercontent.com/openfootball/football.json/8aa4cd0ce0410b21037f063eeb4edd981081d85d/2025-26/nl.1.json,8aa4cd0ce0410b21037f063eeb4edd981081d85d,39,2026-09-04T07:12:29.560Z,Eredivisie,2025-26,2025-09-13,Twente,NAC Breda,2,2,D,0,1,A,Matchday 5,source_reported_FT,FC Twente '65,NAC Breda
openfootball/football.json,https://raw.githubusercontent.com/openfootball/football.json/8aa4cd0ce0410b21037f063eeb4edd981081d85d/2025-26/nl.1.json,8aa4cd0ce0410b21037f063eeb4edd981081d85d,40,2026-09-04T07:12:29.560Z,Eredivisie,2025-26,2025-09-14,Excelsior,Sparta Rotterdam,0,1,A,0,0,D,Matchday 5,source_reported_FT,SBV Excelsior,Sparta Rotterdam
openfootball/football.json,https://raw.githubusercontent.com/openfootball/football.json/8aa4cd0ce0410b21037f063eeb4edd981081d85d/2025-26/nl.1.json,8aa4cd0ce0410b21037f063eeb4edd981081d85d,42,2026-09-04T07:12:29.560Z,Eredivisie,2025-26,2025-09-14,Heracles,AZ Alkmaar,1,2,A,1,1,D,Matchday 5,source_reported_FT,Heracles Almelo,AZ
openfootball/football.json,https://raw.githubusercontent.com/openfootball/football.json/8aa4cd0ce0410b21037f063eeb4edd981081d85d/2025-26/nl.1.json,8aa4cd0ce0410b21037f063eeb4edd981081d85d,43,2026-09-04T07:12:29.560Z,Eredivisie,2025-26,2025-09-14,Telstar,For Sittard,1,3,A,1,1,D,Matchday 5,source_reported_FT,Telstar 1963,Fortuna Sittard
openfootball/football.json,https://raw.githubusercontent.com/openfootball/football.json/8aa4cd0ce0410b21037f063eeb4edd981081d85d/2025-26/nl.1.json,8aa4cd0ce0410b21037f063eeb4edd981081d85d,41,2026-09-04T07:12:29.560Z,Eredivisie,2025-26,2025-09-14,Utrecht,Groningen,0,1,A,0,0,D,Matchday 5,source_reported_FT,FC Utrecht,FC Groningen
openfootball/football.json,https://raw.githubusercontent.com/openfootball/football.json/8aa4cd0ce0410b21037f063eeb4edd981081d85d/2025-26/nl.1.json,8aa4cd0ce0410b21037f063eeb4edd981081d85d,44,2026-09-04T07:12:29.560Z,Eredivisie,2025-26,2025-09-17,Feyenoord,For Sittard,2,0,H,1,0,H,Matchday 3,source_reported_FT,Feyenoord Rotterdam,Fortuna Sittard
openfootball/football.json,https://raw.githubusercontent.com/openfootball/football.json/8aa4cd0ce0410b21037f063eeb4edd981081d85d/2025-26/nl.1.json,8aa4cd0ce0410b21037f063eeb4edd981081d85d,45,2026-09-04T07:12:29.560Z,Eredivisie,2025-26,2025-09-19,Sparta Rotterdam,Twente,1,5,A,1,1,D,Matchday 6,source_reported_FT,Sparta Rotterdam,FC Twente '65
openfootball/football.json,https://raw.githubusercontent.com/openfootball/football.json/8aa4cd0ce0410b21037f063eeb4edd981081d85d/2025-26/nl.1.json,8aa4cd0ce0410b21037f063eeb4edd981081d85d,48,2026-09-04T07:12:29.560Z,Eredivisie,2025-26,2025-09-20,For Sittard,Utrecht,1,0,H,1,0,H,Matchday 6,source_reported_FT,Fortuna Sittard,FC Utrecht
openfootball/football.json,https://raw.githubusercontent.com/openfootball/football.json/8aa4cd0ce0410b21037f063eeb4edd981081d85d/2025-26/nl.1.json,8aa4cd0ce0410b21037f063eeb4edd981081d85d,47,2026-09-04T07:12:29.560Z,Eredivisie,2025-26,2025-09-20,Groningen,Telstar,2,0,H,1,0,H,Matchday 6,source_reported_FT,FC Groningen,Telstar 1963
openfootball/football.json,https://raw.githubusercontent.com/openfootball/football.json/8aa4cd0ce0410b21037f063eeb4edd981081d85d/2025-26/nl.1.json,8aa4cd0ce0410b21037f063eeb4edd981081d85d,49,2026-09-04T07:12:29.560Z,Eredivisie,2025-26,2025-09-20,NAC Breda,Heracles,2,1,H,0,1,A,Matchday 6,source_reported_FT,NAC Breda,Heracles Almelo
openfootball/football.json,https://raw.githubusercontent.com/openfootball/football.json/8aa4cd0ce0410b21037f063eeb4edd981081d85d/2025-26/nl.1.json,8aa4cd0ce0410b21037f063eeb4edd981081d85d,46,2026-09-04T07:12:29.560Z,Eredivisie,2025-26,2025-09-20,Volendam,Excelsior,1,2,A,1,1,D,Matchday 6,source_reported_FT,FC Volendam,SBV Excelsior
openfootball/football.json,https://raw.githubusercontent.com/openfootball/football.json/8aa4cd0ce0410b21037f063eeb4edd981081d85d/2025-26/nl.1.json,8aa4cd0ce0410b21037f063eeb4edd981081d85d,53,2026-09-04T07:12:29.560Z,Eredivisie,2025-26,2025-09-21,AZ Alkmaar,Feyenoord,3,3,D,1,1,D,Matchday 6,source_reported_FT,AZ,Feyenoord Rotterdam
openfootball/football.json,https://raw.githubusercontent.com/openfootball/football.json/8aa4cd0ce0410b21037f063eeb4edd981081d85d/2025-26/nl.1.json,8aa4cd0ce0410b21037f063eeb4edd981081d85d,52,2026-09-04T07:12:29.560Z,Eredivisie,2025-26,2025-09-21,Heerenveen,Nijmegen,3,2,H,1,0,H,Matchday 6,source_reported_FT,SC Heerenveen,NEC
openfootball/football.json,https://raw.githubusercontent.com/openfootball/football.json/8aa4cd0ce0410b21037f063eeb4edd981081d85d/2025-26/nl.1.json,8aa4cd0ce0410b21037f063eeb4edd981081d85d,51,2026-09-04T07:12:29.560Z,Eredivisie,2025-26,2025-09-21,PSV Eindhoven,Ajax,2,2,D,1,1,D,Matchday 6,source_reported_FT,PSV,AFC Ajax
openfootball/football.json,https://raw.githubusercontent.com/openfootball/football.json/8aa4cd0ce0410b21037f063eeb4edd981081d85d/2025-26/nl.1.json,8aa4cd0ce0410b21037f063eeb4edd981081d85d,50,2026-09-04T07:12:29.560Z,Eredivisie,2025-26,2025-09-21,Zwolle,Go Ahead Eagles,0,2,A,0,0,D,Matchday 6,source_reported_FT,PEC Zwolle,Go Ahead Eagles
openfootball/football.json,https://raw.githubusercontent.com/openfootball/football.json/8aa4cd0ce0410b21037f063eeb4edd981081d85d/2025-26/nl.1.json,8aa4cd0ce0410b21037f063eeb4edd981081d85d,54,2026-09-04T07:12:29.560Z,Eredivisie,2025-26,2025-09-24,AZ Alkmaar,Zwolle,2,2,D,2,1,H,Matchday 3,source_reported_FT,AZ,PEC Zwolle
openfootball/football.json,https://raw.githubusercontent.com/openfootball/football.json/8aa4cd0ce0410b21037f063eeb4edd981081d85d/2025-26/nl.1.json,8aa4cd0ce0410b21037f063eeb4edd981081d85d,55,2026-09-04T07:12:29.560Z,Eredivisie,2025-26,2025-09-26,Twente,For Sittard,3,2,H,1,0,H,Matchday 7,source_reported_FT,FC Twente '65,Fortuna Sittard
openfootball/football.json,https://raw.githubusercontent.com/openfootball/football.json/8aa4cd0ce0410b21037f063eeb4edd981081d85d/2025-26/nl.1.json,8aa4cd0ce0410b21037f063eeb4edd981081d85d,56,2026-09-04T07:12:29.560Z,Eredivisie,2025-26,2025-09-27,Ajax,NAC Breda,2,1,H,1,1,D,Matchday 7,source_reported_FT,AFC Ajax,NAC Breda
openfootball/football.json,https://raw.githubusercontent.com/openfootball/football.json/8aa4cd0ce0410b21037f063eeb4edd981081d85d/2025-26/nl.1.json,8aa4cd0ce0410b21037f063eeb4edd981081d85d,58,2026-09-04T07:12:29.560Z,Eredivisie,2025-26,2025-09-27,Excelsior,PSV Eindhoven,1,2,A,1,1,D,Matchday 7,source_reported_FT,SBV Excelsior,PSV
openfootball/football.json,https://raw.githubusercontent.com/openfootball/football.json/8aa4cd0ce0410b21037f063eeb4edd981081d85d/2025-26/nl.1.json,8aa4cd0ce0410b21037f063eeb4edd981081d85d,59,2026-09-04T07:12:29.560Z,Eredivisie,2025-26,2025-09-27,Heracles,Sparta Rotterdam,3,0,H,1,0,H,Matchday 7,source_reported_FT,Heracles Almelo,Sparta Rotterdam
openfootball/football.json,https://raw.githubusercontent.com/openfootball/football.json/8aa4cd0ce0410b21037f063eeb4edd981081d85d/2025-26/nl.1.json,8aa4cd0ce0410b21037f063eeb4edd981081d85d,57,2026-09-04T07:12:29.560Z,Eredivisie,2025-26,2025-09-27,Volendam,Zwolle,2,1,H,1,1,D,Matchday 7,source_reported_FT,FC Volendam,PEC Zwolle
openfootball/football.json,https://raw.githubusercontent.com/openfootball/football.json/8aa4cd0ce0410b21037f063eeb4edd981081d85d/2025-26/nl.1.json,8aa4cd0ce0410b21037f063eeb4edd981081d85d,61,2026-09-04T07:12:29.560Z,Eredivisie,2025-26,2025-09-28,Groningen,Feyenoord,0,1,A,0,0,D,Matchday 7,source_reported_FT,FC Groningen,Feyenoord Rotterdam
openfootball/football.json,https://raw.githubusercontent.com/openfootball/football.json/8aa4cd0ce0410b21037f063eeb4edd981081d85d/2025-26/nl.1.json,8aa4cd0ce0410b21037f063eeb4edd981081d85d,60,2026-09-04T07:12:29.560Z,Eredivisie,2025-26,2025-09-28,Nijmegen,AZ Alkmaar,2,1,H,1,0,H,Matchday 7,source_reported_FT,NEC,AZ
openfootball/football.json,https://raw.githubusercontent.com/openfootball/football.json/8aa4cd0ce0410b21037f063eeb4edd981081d85d/2025-26/nl.1.json,8aa4cd0ce0410b21037f063eeb4edd981081d85d,63,2026-09-04T07:12:29.560Z,Eredivisie,2025-26,2025-09-28,Telstar,Go Ahead Eagles,4,2,H,2,1,H,Matchday 7,source_reported_FT,Telstar 1963,Go Ahead Eagles
openfootball/football.json,https://raw.githubusercontent.com/openfootball/football.json/8aa4cd0ce0410b21037f063eeb4edd981081d85d/2025-26/nl.1.json,8aa4cd0ce0410b21037f063eeb4edd981081d85d,62,2026-09-04T07:12:29.560Z,Eredivisie,2025-26,2025-09-28,Utrecht,Heerenveen,2,2,D,1,1,D,Matchday 7,source_reported_FT,FC Utrecht,SC Heerenveen
openfootball/football.json,https://raw.githubusercontent.com/openfootball/football.json/8aa4cd0ce0410b21037f063eeb4edd981081d85d/2025-26/nl.1.json,8aa4cd0ce0410b21037f063eeb4edd981081d85d,64,2026-09-04T07:12:29.560Z,Eredivisie,2025-26,2025-10-03,NAC Breda,Groningen,1,2,A,0,1,A,Matchday 8,source_reported_FT,NAC Breda,FC Groningen
openfootball/football.json,https://raw.githubusercontent.com/openfootball/football.json/8aa4cd0ce0410b21037f063eeb4edd981081d85d/2025-26/nl.1.json,8aa4cd0ce0410b21037f063eeb4edd981081d85d,66,2026-09-04T07:12:29.560Z,Eredivisie,2025-26,2025-10-04,For Sittard,Volendam,1,0,H,1,0,H,Matchday 8,source_reported_FT,Fortuna Sittard,FC Volendam
openfootball/football.json,https://raw.githubusercontent.com/openfootball/football.json/8aa4cd0ce0410b21037f063eeb4edd981081d85d/2025-26/nl.1.json,8aa4cd0ce0410b21037f063eeb4edd981081d85d,68,2026-09-04T07:12:29.560Z,Eredivisie,2025-26,2025-10-04,Heerenveen,Excelsior,2,1,H,0,1,A,Matchday 8,source_reported_FT,SC Heerenveen,SBV Excelsior
openfootball/football.json,https://raw.githubusercontent.com/openfootball/football.json/8aa4cd0ce0410b21037f063eeb4edd981081d85d/2025-26/nl.1.json,8aa4cd0ce0410b21037f063eeb4edd981081d85d,65,2026-09-04T07:12:29.560Z,Eredivisie,2025-26,2025-10-04,Sparta Rotterdam,Ajax,3,3,D,1,1,D,Matchday 8,source_reported_FT,Sparta Rotterdam,AFC Ajax
openfootball/football.json,https://raw.githubusercontent.com/openfootball/football.json/8aa4cd0ce0410b21037f063eeb4edd981081d85d/2025-26/nl.1.json,8aa4cd0ce0410b21037f063eeb4edd981081d85d,67,2026-09-04T07:12:29.560Z,Eredivisie,2025-26,2025-10-04,Zwolle,PSV Eindhoven,0,4,A,0,2,A,Matchday 8,source_reported_FT,PEC Zwolle,PSV
openfootball/football.json,https://raw.githubusercontent.com/openfootball/football.json/8aa4cd0ce0410b21037f063eeb4edd981081d85d/2025-26/nl.1.json,8aa4cd0ce0410b21037f063eeb4edd981081d85d,71,2026-09-04T07:12:29.560Z,Eredivisie,2025-26,2025-10-05,AZ Alkmaar,Telstar,2,1,H,2,0,H,Matchday 8,source_reported_FT,AZ,Telstar 1963
openfootball/football.json,https://raw.githubusercontent.com/openfootball/football.json/8aa4cd0ce0410b21037f063eeb4edd981081d85d/2025-26/nl.1.json,8aa4cd0ce0410b21037f063eeb4edd981081d85d,70,2026-09-04T07:12:29.560Z,Eredivisie,2025-26,2025-10-05,Feyenoord,Utrecht,3,2,H,1,0,H,Matchday 8,source_reported_FT,Feyenoord Rotterdam,FC Utrecht
openfootball/football.json,https://raw.githubusercontent.com/openfootball/football.json/8aa4cd0ce0410b21037f063eeb4edd981081d85d/2025-26/nl.1.json,8aa4cd0ce0410b21037f063eeb4edd981081d85d,72,2026-09-04T07:12:29.560Z,Eredivisie,2025-26,2025-10-05,Go Ahead Eagles,Nijmegen,1,1,D,0,1,A,Matchday 8,source_reported_FT,Go Ahead Eagles,NEC
openfootball/football.json,https://raw.githubusercontent.com/openfootball/football.json/8aa4cd0ce0410b21037f063eeb4edd981081d85d/2025-26/nl.1.json,8aa4cd0ce0410b21037f063eeb4edd981081d85d,69,2026-09-04T07:12:29.560Z,Eredivisie,2025-26,2025-10-05,Twente,Heracles,2,1,H,0,1,A,Matchday 8,source_reported_FT,FC Twente '65,Heracles Almelo
openfootball/football.json,https://raw.githubusercontent.com/openfootball/football.json/8aa4cd0ce0410b21037f063eeb4edd981081d85d/2025-26/nl.1.json,8aa4cd0ce0410b21037f063eeb4edd981081d85d,76,2026-09-04T07:12:29.560Z,Eredivisie,2025-26,2025-10-18,Ajax,AZ Alkmaar,0,2,A,0,2,A,Matchday 9,source_reported_FT,AFC Ajax,AZ
openfootball/football.json,https://raw.githubusercontent.com/openfootball/football.json/8aa4cd0ce0410b21037f063eeb4edd981081d85d/2025-26/nl.1.json,8aa4cd0ce0410b21037f063eeb4edd981081d85d,77,2026-09-04T07:12:29.560Z,Eredivisie,2025-26,2025-10-18,NAC Breda,Zwolle,2,2,D,2,1,H,Matchday 9,source_reported_FT,NAC Breda,PEC Zwolle
openfootball/football.json,https://raw.githubusercontent.com/openfootball/football.json/8aa4cd0ce0410b21037f063eeb4edd981081d85d/2025-26/nl.1.json,8aa4cd0ce0410b21037f063eeb4edd981081d85d,73,2026-09-04T07:12:29.560Z,Eredivisie,2025-26,2025-10-18,Nijmegen,Twente,3,3,D,1,1,D,Matchday 9,source_reported_FT,NEC,FC Twente '65
openfootball/football.json,https://raw.githubusercontent.com/openfootball/football.json/8aa4cd0ce0410b21037f063eeb4edd981081d85d/2025-26/nl.1.json,8aa4cd0ce0410b21037f063eeb4edd981081d85d,75,2026-09-04T07:12:29.560Z,Eredivisie,2025-26,2025-10-18,PSV Eindhoven,Go Ahead Eagles,2,1,H,1,0,H,Matchday 9,source_reported_FT,PSV,Go Ahead Eagles
openfootball/football.json,https://raw.githubusercontent.com/openfootball/football.json/8aa4cd0ce0410b21037f063eeb4edd981081d85d/2025-26/nl.1.json,8aa4cd0ce0410b21037f063eeb4edd981081d85d,74,2026-09-04T07:12:29.560Z,Eredivisie,2025-26,2025-10-18,Utrecht,Volendam,3,1,H,0,1,A,Matchday 9,source_reported_FT,FC Utrecht,FC Volendam
openfootball/football.json,https://raw.githubusercontent.com/openfootball/football.json/8aa4cd0ce0410b21037f063eeb4edd981081d85d/2025-26/nl.1.json,8aa4cd0ce0410b21037f063eeb4edd981081d85d,80,2026-09-04T07:12:29.560Z,Eredivisie,2025-26,2025-10-19,Excelsior,For Sittard,1,0,H,1,0,H,Matchday 9,source_reported_FT,SBV Excelsior,Fortuna Sittard
openfootball/football.json,https://raw.githubusercontent.com/openfootball/football.json/8aa4cd0ce0410b21037f063eeb4edd981081d85d/2025-26/nl.1.json,8aa4cd0ce0410b21037f063eeb4edd981081d85d,79,2026-09-04T07:12:29.560Z,Eredivisie,2025-26,2025-10-19,Groningen,Sparta Rotterdam,0,2,A,0,1,A,Matchday 9,source_reported_FT,FC Groningen,Sparta Rotterdam
openfootball/football.json,https://raw.githubusercontent.com/openfootball/football.json/8aa4cd0ce0410b21037f063eeb4edd981081d85d/2025-26/nl.1.json,8aa4cd0ce0410b21037f063eeb4edd981081d85d,81,2026-09-04T07:12:29.560Z,Eredivisie,2025-26,2025-10-19,Heracles,Feyenoord,0,7,A,0,4,A,Matchday 9,source_reported_FT,Heracles Almelo,Feyenoord Rotterdam
openfootball/football.json,https://raw.githubusercontent.com/openfootball/football.json/8aa4cd0ce0410b21037f063eeb4edd981081d85d/2025-26/nl.1.json,8aa4cd0ce0410b21037f063eeb4edd981081d85d,78,2026-09-04T07:12:29.560Z,Eredivisie,2025-26,2025-10-19,Telstar,Heerenveen,2,3,A,1,2,A,Matchday 9,source_reported_FT,Telstar 1963,SC Heerenveen
openfootball/football.json,https://raw.githubusercontent.com/openfootball/football.json/8aa4cd0ce0410b21037f063eeb4edd981081d85d/2025-26/nl.1.json,8aa4cd0ce0410b21037f063eeb4edd981081d85d,82,2026-09-04T07:12:29.560Z,Eredivisie,2025-26,2025-10-24,Heerenveen,NAC Breda,3,3,D,1,0,H,Matchday 10,source_reported_FT,SC Heerenveen,NAC Breda
openfootball/football.json,https://raw.githubusercontent.com/openfootball/football.json/8aa4cd0ce0410b21037f063eeb4edd981081d85d/2025-26/nl.1.json,8aa4cd0ce0410b21037f063eeb4edd981081d85d,83,2026-09-04T07:12:29.560Z,Eredivisie,2025-26,2025-10-25,For Sittard,Groningen,1,2,A,0,1,A,Matchday 10,source_reported_FT,Fortuna Sittard,FC Groningen
openfootball/football.json,https://raw.githubusercontent.com/openfootball/football.json/8aa4cd0ce0410b21037f063eeb4edd981081d85d/2025-26/nl.1.json,8aa4cd0ce0410b21037f063eeb4edd981081d85d,84,2026-09-04T07:12:29.560Z,Eredivisie,2025-26,2025-10-25,Sparta Rotterdam,Telstar,1,0,H,1,0,H,Matchday 10,source_reported_FT,Sparta Rotterdam,Telstar 1963
openfootball/football.json,https://raw.githubusercontent.com/openfootball/football.json/8aa4cd0ce0410b21037f063eeb4edd981081d85d/2025-26/nl.1.json,8aa4cd0ce0410b21037f063eeb4edd981081d85d,85,2026-09-04T07:12:29.560Z,Eredivisie,2025-26,2025-10-25,Volendam,Heracles,3,0,H,1,0,H,Matchday 10,source_reported_FT,FC Volendam,Heracles Almelo
openfootball/football.json,https://raw.githubusercontent.com/openfootball/football.json/8aa4cd0ce0410b21037f063eeb4edd981081d85d/2025-26/nl.1.json,8aa4cd0ce0410b21037f063eeb4edd981081d85d,86,2026-09-04T07:12:29.560Z,Eredivisie,2025-26,2025-10-25,Zwolle,Nijmegen,2,2,D,1,1,D,Matchday 10,source_reported_FT,PEC Zwolle,NEC
openfootball/football.json,https://raw.githubusercontent.com/openfootball/football.json/8aa4cd0ce0410b21037f063eeb4edd981081d85d/2025-26/nl.1.json,8aa4cd0ce0410b21037f063eeb4edd981081d85d,89,2026-09-04T07:12:29.560Z,Eredivisie,2025-26,2025-10-26,AZ Alkmaar,Utrecht,4,1,H,2,0,H,Matchday 10,source_reported_FT,AZ,FC Utrecht
openfootball/football.json,https://raw.githubusercontent.com/openfootball/football.json/8aa4cd0ce0410b21037f063eeb4edd981081d85d/2025-26/nl.1.json,8aa4cd0ce0410b21037f063eeb4edd981081d85d,88,2026-09-04T07:12:29.560Z,Eredivisie,2025-26,2025-10-26,Feyenoord,PSV Eindhoven,2,3,A,0,1,A,Matchday 10,source_reported_FT,Feyenoord Rotterdam,PSV
openfootball/football.json,https://raw.githubusercontent.com/openfootball/football.json/8aa4cd0ce0410b21037f063eeb4edd981081d85d/2025-26/nl.1.json,8aa4cd0ce0410b21037f063eeb4edd981081d85d,90,2026-09-04T07:12:29.560Z,Eredivisie,2025-26,2025-10-26,Go Ahead Eagles,Excelsior,2,0,H,0,0,D,Matchday 10,source_reported_FT,Go Ahead Eagles,SBV Excelsior
openfootball/football.json,https://raw.githubusercontent.com/openfootball/football.json/8aa4cd0ce0410b21037f063eeb4edd981081d85d/2025-26/nl.1.json,8aa4cd0ce0410b21037f063eeb4edd981081d85d,87,2026-09-04T07:12:29.560Z,Eredivisie,2025-26,2025-10-26,Twente,Ajax,2,3,A,1,0,H,Matchday 10,source_reported_FT,FC Twente '65,AFC Ajax
openfootball/football.json,https://raw.githubusercontent.com/openfootball/football.json/8aa4cd0ce0410b21037f063eeb4edd981081d85d/2025-26/nl.1.json,8aa4cd0ce0410b21037f063eeb4edd981081d85d,91,2026-09-04T07:12:29.560Z,Eredivisie,2025-26,2025-10-31,PSV Eindhoven,For Sittard,5,2,H,3,0,H,Matchday 11,source_reported_FT,PSV,Fortuna Sittard
openfootball/football.json,https://raw.githubusercontent.com/openfootball/football.json/8aa4cd0ce0410b21037f063eeb4edd981081d85d/2025-26/nl.1.json,8aa4cd0ce0410b21037f063eeb4edd981081d85d,92,2026-09-04T07:12:29.560Z,Eredivisie,2025-26,2025-11-01,Ajax,Heerenveen,1,1,D,1,0,H,Matchday 11,source_reported_FT,AFC Ajax,SC Heerenveen
openfootball/football.json,https://raw.githubusercontent.com/openfootball/football.json/8aa4cd0ce0410b21037f063eeb4edd981081d85d/2025-26/nl.1.json,8aa4cd0ce0410b21037f063eeb4edd981081d85d,94,2026-09-04T07:12:29.560Z,Eredivisie,2025-26,2025-11-01,Feyenoord,Volendam,3,1,H,2,0,H,Matchday 11,source_reported_FT,Feyenoord Rotterdam,FC Volendam
openfootball/football.json,https://raw.githubusercontent.com/openfootball/football.json/8aa4cd0ce0410b21037f063eeb4edd981081d85d/2025-26/nl.1.json,8aa4cd0ce0410b21037f063eeb4edd981081d85d,93,2026-09-04T07:12:29.560Z,Eredivisie,2025-26,2025-11-01,NAC Breda,Go Ahead Eagles,1,0,H,0,0,D,Matchday 11,source_reported_FT,NAC Breda,Go Ahead Eagles
openfootball/football.json,https://raw.githubusercontent.com/openfootball/football.json/8aa4cd0ce0410b21037f063eeb4edd981081d85d/2025-26/nl.1.json,8aa4cd0ce0410b21037f063eeb4edd981081d85d,95,2026-09-04T07:12:29.560Z,Eredivisie,2025-26,2025-11-01,Telstar,Excelsior,2,2,D,2,1,H,Matchday 11,source_reported_FT,Telstar 1963,SBV Excelsior
openfootball/football.json,https://raw.githubusercontent.com/openfootball/football.json/8aa4cd0ce0410b21037f063eeb4edd981081d85d/2025-26/nl.1.json,8aa4cd0ce0410b21037f063eeb4edd981081d85d,97,2026-09-04T07:12:29.560Z,Eredivisie,2025-26,2025-11-02,Groningen,Twente,1,1,D,0,0,D,Matchday 11,source_reported_FT,FC Groningen,FC Twente '65
openfootball/football.json,https://raw.githubusercontent.com/openfootball/football.json/8aa4cd0ce0410b21037f063eeb4edd981081d85d/2025-26/nl.1.json,8aa4cd0ce0410b21037f063eeb4edd981081d85d,96,2026-09-04T07:12:29.560Z,Eredivisie,2025-26,2025-11-02,Heracles,Zwolle,8,2,H,4,1,H,Matchday 11,source_reported_FT,Heracles Almelo,PEC Zwolle
openfootball/football.json,https://raw.githubusercontent.com/openfootball/football.json/8aa4cd0ce0410b21037f063eeb4edd981081d85d/2025-26/nl.1.json,8aa4cd0ce0410b21037f063eeb4edd981081d85d,98,2026-09-04T07:12:29.560Z,Eredivisie,2025-26,2025-11-02,Sparta Rotterdam,AZ Alkmaar,0,1,A,0,0,D,Matchday 11,source_reported_FT,Sparta Rotterdam,AZ
openfootball/football.json,https://raw.githubusercontent.com/openfootball/football.json/8aa4cd0ce0410b21037f063eeb4edd981081d85d/2025-26/nl.1.json,8aa4cd0ce0410b21037f063eeb4edd981081d85d,99,2026-09-04T07:12:29.560Z,Eredivisie,2025-26,2025-11-02,Utrecht,Nijmegen,1,0,H,1,0,H,Matchday 11,source_reported_FT,FC Utrecht,NEC
omarmohamed456/Football-Match-Outcome-Predictor,https://raw.githubusercontent.com/omarmohamed456/Football-Match-Outcome-Predictor/edefc091629a587271b911a08f88c1523502ff11/scraped_data/netherlands_eredivisie_2025-2026_match_data.csv,edefc091629a587271b911a08f88c1523502ff11,253,2026-09-04T07:16:40.714Z,Eredivisie,2025-26,2025-11-07,Twente,Telstar,0,0,D,,,,12,source_reported_FT,Twente,Telstar
openfootball/football.json,https://raw.githubusercontent.com/openfootball/football.json/8aa4cd0ce0410b21037f063eeb4edd981081d85d/2025-26/nl.1.json,8aa4cd0ce0410b21037f063eeb4edd981081d85d,101,2026-09-04T07:12:29.560Z,Eredivisie,2025-26,2025-11-08,Excelsior,Heracles,1,2,A,1,0,H,Matchday 12,source_reported_FT,SBV Excelsior,Heracles Almelo
openfootball/football.json,https://raw.githubusercontent.com/openfootball/football.json/8aa4cd0ce0410b21037f063eeb4edd981081d85d/2025-26/nl.1.json,8aa4cd0ce0410b21037f063eeb4edd981081d85d,103,2026-09-04T07:12:29.560Z,Eredivisie,2025-26,2025-11-08,For Sittard,Heerenveen,2,0,H,0,0,D,Matchday 12,source_reported_FT,Fortuna Sittard,SC Heerenveen
openfootball/football.json,https://raw.githubusercontent.com/openfootball/football.json/8aa4cd0ce0410b21037f063eeb4edd981081d85d/2025-26/nl.1.json,8aa4cd0ce0410b21037f063eeb4edd981081d85d,102,2026-09-04T07:12:29.560Z,Eredivisie,2025-26,2025-11-08,Volendam,NAC Breda,2,1,H,0,1,A,Matchday 12,source_reported_FT,FC Volendam,NAC Breda
openfootball/football.json,https://raw.githubusercontent.com/openfootball/football.json/8aa4cd0ce0410b21037f063eeb4edd981081d85d/2025-26/nl.1.json,8aa4cd0ce0410b21037f063eeb4edd981081d85d,104,2026-09-04T07:12:29.560Z,Eredivisie,2025-26,2025-11-08,Zwolle,Sparta Rotterdam,1,0,H,1,0,H,Matchday 12,source_reported_FT,PEC Zwolle,Sparta Rotterdam
openfootball/football.json,https://raw.githubusercontent.com/openfootball/football.json/8aa4cd0ce0410b21037f063eeb4edd981081d85d/2025-26/nl.1.json,8aa4cd0ce0410b21037f063eeb4edd981081d85d,107,2026-09-04T07:12:29.560Z,Eredivisie,2025-26,2025-11-09,AZ Alkmaar,PSV Eindhoven,1,5,A,1,3,A,Matchday 12,source_reported_FT,AZ,PSV
openfootball/football.json,https://raw.githubusercontent.com/openfootball/football.json/8aa4cd0ce0410b21037f063eeb4edd981081d85d/2025-26/nl.1.json,8aa4cd0ce0410b21037f063eeb4edd981081d85d,108,2026-09-04T07:12:29.560Z,Eredivisie,2025-26,2025-11-09,Go Ahead Eagles,Feyenoord,2,1,H,1,0,H,Matchday 12,source_reported_FT,Go Ahead Eagles,Feyenoord Rotterdam
openfootball/football.json,https://raw.githubusercontent.com/openfootball/football.json/8aa4cd0ce0410b21037f063eeb4edd981081d85d/2025-26/nl.1.json,8aa4cd0ce0410b21037f063eeb4edd981081d85d,106,2026-09-04T07:12:29.560Z,Eredivisie,2025-26,2025-11-09,Nijmegen,Groningen,2,0,H,0,0,D,Matchday 12,source_reported_FT,NEC,FC Groningen
openfootball/football.json,https://raw.githubusercontent.com/openfootball/football.json/8aa4cd0ce0410b21037f063eeb4edd981081d85d/2025-26/nl.1.json,8aa4cd0ce0410b21037f063eeb4edd981081d85d,105,2026-09-04T07:12:29.560Z,Eredivisie,2025-26,2025-11-09,Utrecht,Ajax,2,1,H,1,0,H,Matchday 12,source_reported_FT,FC Utrecht,AFC Ajax
openfootball/football.json,https://raw.githubusercontent.com/openfootball/football.json/8aa4cd0ce0410b21037f063eeb4edd981081d85d/2025-26/nl.1.json,8aa4cd0ce0410b21037f063eeb4edd981081d85d,110,2026-09-04T07:12:29.560Z,Eredivisie,2025-26,2025-11-22,Ajax,Excelsior,1,2,A,0,1,A,Matchday 13,source_reported_FT,AFC Ajax,SBV Excelsior
openfootball/football.json,https://raw.githubusercontent.com/openfootball/football.json/8aa4cd0ce0410b21037f063eeb4edd981081d85d/2025-26/nl.1.json,8aa4cd0ce0410b21037f063eeb4edd981081d85d,112,2026-09-04T07:12:29.560Z,Eredivisie,2025-26,2025-11-22,Heracles,Go Ahead Eagles,4,2,H,1,2,A,Matchday 13,source_reported_FT,Heracles Almelo,Go Ahead Eagles
openfootball/football.json,https://raw.githubusercontent.com/openfootball/football.json/8aa4cd0ce0410b21037f063eeb4edd981081d85d/2025-26/nl.1.json,8aa4cd0ce0410b21037f063eeb4edd981081d85d,109,2026-09-04T07:12:29.560Z,Eredivisie,2025-26,2025-11-22,NAC Breda,PSV Eindhoven,0,1,A,0,1,A,Matchday 13,source_reported_FT,NAC Breda,PSV
openfootball/football.json,https://raw.githubusercontent.com/openfootball/football.json/8aa4cd0ce0410b21037f063eeb4edd981081d85d/2025-26/nl.1.json,8aa4cd0ce0410b21037f063eeb4edd981081d85d,113,2026-09-04T07:12:29.560Z,Eredivisie,2025-26,2025-11-22,Sparta Rotterdam,For Sittard,1,1,D,1,0,H,Matchday 13,source_reported_FT,Sparta Rotterdam,Fortuna Sittard
openfootball/football.json,https://raw.githubusercontent.com/openfootball/football.json/8aa4cd0ce0410b21037f063eeb4edd981081d85d/2025-26/nl.1.json,8aa4cd0ce0410b21037f063eeb4edd981081d85d,111,2026-09-04T07:12:29.560Z,Eredivisie,2025-26,2025-11-22,Volendam,Twente,1,1,D,0,0,D,Matchday 13,source_reported_FT,FC Volendam,FC Twente '65
openfootball/football.json,https://raw.githubusercontent.com/openfootball/football.json/8aa4cd0ce0410b21037f063eeb4edd981081d85d/2025-26/nl.1.json,8aa4cd0ce0410b21037f063eeb4edd981081d85d,115,2026-09-04T07:12:29.560Z,Eredivisie,2025-26,2025-11-23,Feyenoord,Nijmegen,2,4,A,1,1,D,Matchday 13,source_reported_FT,Feyenoord Rotterdam,NEC
openfootball/football.json,https://raw.githubusercontent.com/openfootball/football.json/8aa4cd0ce0410b21037f063eeb4edd981081d85d/2025-26/nl.1.json,8aa4cd0ce0410b21037f063eeb4edd981081d85d,117,2026-09-04T07:12:29.560Z,Eredivisie,2025-26,2025-11-23,Groningen,Zwolle,2,2,D,1,1,D,Matchday 13,source_reported_FT,FC Groningen,PEC Zwolle
openfootball/football.json,https://raw.githubusercontent.com/openfootball/football.json/8aa4cd0ce0410b21037f063eeb4edd981081d85d/2025-26/nl.1.json,8aa4cd0ce0410b21037f063eeb4edd981081d85d,114,2026-09-04T07:12:29.560Z,Eredivisie,2025-26,2025-11-23,Heerenveen,AZ Alkmaar,3,1,H,2,0,H,Matchday 13,source_reported_FT,SC Heerenveen,AZ
openfootball/football.json,https://raw.githubusercontent.com/openfootball/football.json/8aa4cd0ce0410b21037f063eeb4edd981081d85d/2025-26/nl.1.json,8aa4cd0ce0410b21037f063eeb4edd981081d85d,116,2026-09-04T07:12:29.560Z,Eredivisie,2025-26,2025-11-23,Telstar,Utrecht,1,1,D,0,0,D,Matchday 13,source_reported_FT,Telstar 1963,FC Utrecht
openfootball/football.json,https://raw.githubusercontent.com/openfootball/football.json/8aa4cd0ce0410b21037f063eeb4edd981081d85d/2025-26/nl.1.json,8aa4cd0ce0410b21037f063eeb4edd981081d85d,118,2026-09-04T07:12:29.560Z,Eredivisie,2025-26,2025-11-28,Zwolle,Heerenveen,2,1,H,2,1,H,Matchday 14,source_reported_FT,PEC Zwolle,SC Heerenveen
openfootball/football.json,https://raw.githubusercontent.com/openfootball/football.json/8aa4cd0ce0410b21037f063eeb4edd981081d85d/2025-26/nl.1.json,8aa4cd0ce0410b21037f063eeb4edd981081d85d,119,2026-09-04T07:12:29.560Z,Eredivisie,2025-26,2025-11-29,Excelsior,NAC Breda,1,0,H,1,0,H,Matchday 14,source_reported_FT,SBV Excelsior,NAC Breda
openfootball/football.json,https://raw.githubusercontent.com/openfootball/football.json/8aa4cd0ce0410b21037f063eeb4edd981081d85d/2025-26/nl.1.json,8aa4cd0ce0410b21037f063eeb4edd981081d85d,120,2026-09-04T07:12:29.560Z,Eredivisie,2025-26,2025-11-29,For Sittard,Heracles,1,1,D,1,0,H,Matchday 14,source_reported_FT,Fortuna Sittard,Heracles Almelo
openfootball/football.json,https://raw.githubusercontent.com/openfootball/football.json/8aa4cd0ce0410b21037f063eeb4edd981081d85d/2025-26/nl.1.json,8aa4cd0ce0410b21037f063eeb4edd981081d85d,121,2026-09-04T07:12:29.560Z,Eredivisie,2025-26,2025-11-29,Nijmegen,Sparta Rotterdam,3,1,H,2,0,H,Matchday 14,source_reported_FT,NEC,Sparta Rotterdam
openfootball/football.json,https://raw.githubusercontent.com/openfootball/football.json/8aa4cd0ce0410b21037f063eeb4edd981081d85d/2025-26/nl.1.json,8aa4cd0ce0410b21037f063eeb4edd981081d85d,123,2026-09-04T07:12:29.560Z,Eredivisie,2025-26,2025-11-30,Go Ahead Eagles,Utrecht,2,2,D,0,1,A,Matchday 14,source_reported_FT,Go Ahead Eagles,FC Utrecht
openfootball/football.json,https://raw.githubusercontent.com/openfootball/football.json/8aa4cd0ce0410b21037f063eeb4edd981081d85d/2025-26/nl.1.json,8aa4cd0ce0410b21037f063eeb4edd981081d85d,122,2026-09-04T07:12:29.560Z,Eredivisie,2025-26,2025-11-30,PSV Eindhoven,Volendam,3,0,H,2,0,H,Matchday 14,source_reported_FT,PSV,FC Volendam
openfootball/football.json,https://raw.githubusercontent.com/openfootball/football.json/8aa4cd0ce0410b21037f063eeb4edd981081d85d/2025-26/nl.1.json,8aa4cd0ce0410b21037f063eeb4edd981081d85d,124,2026-09-04T07:12:29.560Z,Eredivisie,2025-26,2025-11-30,Telstar,Feyenoord,1,2,A,0,1,A,Matchday 14,source_reported_FT,Telstar 1963,Feyenoord Rotterdam
openfootball/football.json,https://raw.githubusercontent.com/openfootball/football.json/8aa4cd0ce0410b21037f063eeb4edd981081d85d/2025-26/nl.1.json,8aa4cd0ce0410b21037f063eeb4edd981081d85d,125,2026-09-04T07:12:29.560Z,Eredivisie,2025-26,2025-11-30,Twente,AZ Alkmaar,1,0,H,0,0,D,Matchday 14,source_reported_FT,FC Twente '65,AZ
openfootball/football.json,https://raw.githubusercontent.com/openfootball/football.json/8aa4cd0ce0410b21037f063eeb4edd981081d85d/2025-26/nl.1.json,8aa4cd0ce0410b21037f063eeb4edd981081d85d,126,2026-09-04T07:12:29.560Z,Eredivisie,2025-26,2025-12-02,Ajax,Groningen,2,0,H,1,0,H,Matchday 14,source_reported_FT,AFC Ajax,FC Groningen
openfootball/football.json,https://raw.githubusercontent.com/openfootball/football.json/8aa4cd0ce0410b21037f063eeb4edd981081d85d/2025-26/nl.1.json,8aa4cd0ce0410b21037f063eeb4edd981081d85d,127,2026-09-04T07:12:29.560Z,Eredivisie,2025-26,2025-12-05,Excelsior,Groningen,0,2,A,0,0,D,Matchday 15,source_reported_FT,SBV Excelsior,FC Groningen
openfootball/football.json,https://raw.githubusercontent.com/openfootball/football.json/8aa4cd0ce0410b21037f063eeb4edd981081d85d/2025-26/nl.1.json,8aa4cd0ce0410b21037f063eeb4edd981081d85d,131,2026-09-04T07:12:29.560Z,Eredivisie,2025-26,2025-12-06,Feyenoord,Zwolle,6,1,H,4,0,H,Matchday 15,source_reported_FT,Feyenoord Rotterdam,PEC Zwolle
openfootball/football.json,https://raw.githubusercontent.com/openfootball/football.json/8aa4cd0ce0410b21037f063eeb4edd981081d85d/2025-26/nl.1.json,8aa4cd0ce0410b21037f063eeb4edd981081d85d,129,2026-09-04T07:12:29.560Z,Eredivisie,2025-26,2025-12-06,For Sittard,Ajax,1,3,A,1,1,D,Matchday 15,source_reported_FT,Fortuna Sittard,AFC Ajax
openfootball/football.json,https://raw.githubusercontent.com/openfootball/football.json/8aa4cd0ce0410b21037f063eeb4edd981081d85d/2025-26/nl.1.json,8aa4cd0ce0410b21037f063eeb4edd981081d85d,128,2026-09-04T07:12:29.560Z,Eredivisie,2025-26,2025-12-06,Heerenveen,PSV Eindhoven,0,2,A,0,2,A,Matchday 15,source_reported_FT,SC Heerenveen,PSV
openfootball/football.json,https://raw.githubusercontent.com/openfootball/football.json/8aa4cd0ce0410b21037f063eeb4edd981081d85d/2025-26/nl.1.json,8aa4cd0ce0410b21037f063eeb4edd981081d85d,130,2026-09-04T07:12:29.560Z,Eredivisie,2025-26,2025-12-06,Heracles,Telstar,1,1,D,0,0,D,Matchday 15,source_reported_FT,Heracles Almelo,Telstar 1963
openfootball/football.json,https://raw.githubusercontent.com/openfootball/football.json/8aa4cd0ce0410b21037f063eeb4edd981081d85d/2025-26/nl.1.json,8aa4cd0ce0410b21037f063eeb4edd981081d85d,133,2026-09-04T07:12:29.560Z,Eredivisie,2025-26,2025-12-07,AZ Alkmaar,Go Ahead Eagles,2,2,D,2,1,H,Matchday 15,source_reported_FT,AZ,Go Ahead Eagles
openfootball/football.json,https://raw.githubusercontent.com/openfootball/football.json/8aa4cd0ce0410b21037f063eeb4edd981081d85d/2025-26/nl.1.json,8aa4cd0ce0410b21037f063eeb4edd981081d85d,135,2026-09-04T07:12:29.560Z,Eredivisie,2025-26,2025-12-07,Sparta Rotterdam,NAC Breda,1,0,H,1,0,H,Matchday 15,source_reported_FT,Sparta Rotterdam,NAC Breda
openfootball/football.json,https://raw.githubusercontent.com/openfootball/football.json/8aa4cd0ce0410b21037f063eeb4edd981081d85d/2025-26/nl.1.json,8aa4cd0ce0410b21037f063eeb4edd981081d85d,132,2026-09-04T07:12:29.560Z,Eredivisie,2025-26,2025-12-07,Utrecht,Twente,1,1,D,0,0,D,Matchday 15,source_reported_FT,FC Utrecht,FC Twente '65
openfootball/football.json,https://raw.githubusercontent.com/openfootball/football.json/8aa4cd0ce0410b21037f063eeb4edd981081d85d/2025-26/nl.1.json,8aa4cd0ce0410b21037f063eeb4edd981081d85d,134,2026-09-04T07:12:29.560Z,Eredivisie,2025-26,2025-12-07,Volendam,Nijmegen,2,3,A,1,0,H,Matchday 15,source_reported_FT,FC Volendam,NEC
openfootball/football.json,https://raw.githubusercontent.com/openfootball/football.json/8aa4cd0ce0410b21037f063eeb4edd981081d85d/2025-26/nl.1.json,8aa4cd0ce0410b21037f063eeb4edd981081d85d,137,2026-09-04T07:12:29.560Z,Eredivisie,2025-26,2025-12-13,Groningen,Volendam,3,0,H,1,0,H,Matchday 16,source_reported_FT,FC Groningen,FC Volendam
openfootball/football.json,https://raw.githubusercontent.com/openfootball/football.json/8aa4cd0ce0410b21037f063eeb4edd981081d85d/2025-26/nl.1.json,8aa4cd0ce0410b21037f063eeb4edd981081d85d,138,2026-09-04T07:12:29.560Z,Eredivisie,2025-26,2025-12-13,PSV Eindhoven,Heracles,4,3,H,2,1,H,Matchday 16,source_reported_FT,PSV,Heracles Almelo
openfootball/football.json,https://raw.githubusercontent.com/openfootball/football.json/8aa4cd0ce0410b21037f063eeb4edd981081d85d/2025-26/nl.1.json,8aa4cd0ce0410b21037f063eeb4edd981081d85d,136,2026-09-04T07:12:29.560Z,Eredivisie,2025-26,2025-12-13,Telstar,Nijmegen,2,2,D,1,1,D,Matchday 16,source_reported_FT,Telstar 1963,NEC
openfootball/football.json,https://raw.githubusercontent.com/openfootball/football.json/8aa4cd0ce0410b21037f063eeb4edd981081d85d/2025-26/nl.1.json,8aa4cd0ce0410b21037f063eeb4edd981081d85d,139,2026-09-04T07:12:29.560Z,Eredivisie,2025-26,2025-12-13,Zwolle,For Sittard,1,0,H,1,0,H,Matchday 16,source_reported_FT,PEC Zwolle,Fortuna Sittard
openfootball/football.json,https://raw.githubusercontent.com/openfootball/football.json/8aa4cd0ce0410b21037f063eeb4edd981081d85d/2025-26/nl.1.json,8aa4cd0ce0410b21037f063eeb4edd981081d85d,141,2026-09-04T07:12:29.560Z,Eredivisie,2025-26,2025-12-14,Ajax,Feyenoord,2,0,H,1,0,H,Matchday 16,source_reported_FT,AFC Ajax,Feyenoord Rotterdam
openfootball/football.json,https://raw.githubusercontent.com/openfootball/football.json/8aa4cd0ce0410b21037f063eeb4edd981081d85d/2025-26/nl.1.json,8aa4cd0ce0410b21037f063eeb4edd981081d85d,143,2026-09-04T07:12:29.560Z,Eredivisie,2025-26,2025-12-14,NAC Breda,Utrecht,1,1,D,1,1,D,Matchday 16,source_reported_FT,NAC Breda,FC Utrecht
openfootball/football.json,https://raw.githubusercontent.com/openfootball/football.json/8aa4cd0ce0410b21037f063eeb4edd981081d85d/2025-26/nl.1.json,8aa4cd0ce0410b21037f063eeb4edd981081d85d,140,2026-09-04T07:12:29.560Z,Eredivisie,2025-26,2025-12-14,Sparta Rotterdam,Heerenveen,0,3,A,0,1,A,Matchday 16,source_reported_FT,Sparta Rotterdam,SC Heerenveen
openfootball/football.json,https://raw.githubusercontent.com/openfootball/football.json/8aa4cd0ce0410b21037f063eeb4edd981081d85d/2025-26/nl.1.json,8aa4cd0ce0410b21037f063eeb4edd981081d85d,142,2026-09-04T07:12:29.560Z,Eredivisie,2025-26,2025-12-14,Twente,Go Ahead Eagles,2,0,H,2,0,H,Matchday 16,source_reported_FT,FC Twente '65,Go Ahead Eagles
openfootball/football.json,https://raw.githubusercontent.com/openfootball/football.json/8aa4cd0ce0410b21037f063eeb4edd981081d85d/2025-26/nl.1.json,8aa4cd0ce0410b21037f063eeb4edd981081d85d,145,2026-09-04T07:12:29.560Z,Eredivisie,2025-26,2025-12-20,Excelsior,Zwolle,2,1,H,1,0,H,Matchday 17,source_reported_FT,SBV Excelsior,PEC Zwolle
openfootball/football.json,https://raw.githubusercontent.com/openfootball/football.json/8aa4cd0ce0410b21037f063eeb4edd981081d85d/2025-26/nl.1.json,8aa4cd0ce0410b21037f063eeb4edd981081d85d,144,2026-09-04T07:12:29.560Z,Eredivisie,2025-26,2025-12-20,Heracles,Heerenveen,0,3,A,0,0,D,Matchday 17,source_reported_FT,Heracles Almelo,SC Heerenveen
openfootball/football.json,https://raw.githubusercontent.com/openfootball/football.json/8aa4cd0ce0410b21037f063eeb4edd981081d85d/2025-26/nl.1.json,8aa4cd0ce0410b21037f063eeb4edd981081d85d,147,2026-09-04T07:12:29.560Z,Eredivisie,2025-26,2025-12-20,NAC Breda,Telstar,0,1,A,0,0,D,Matchday 17,source_reported_FT,NAC Breda,Telstar 1963
openfootball/football.json,https://raw.githubusercontent.com/openfootball/football.json/8aa4cd0ce0410b21037f063eeb4edd981081d85d/2025-26/nl.1.json,8aa4cd0ce0410b21037f063eeb4edd981081d85d,146,2026-09-04T07:12:29.560Z,Eredivisie,2025-26,2025-12-20,Nijmegen,Ajax,2,2,D,1,2,A,Matchday 17,source_reported_FT,NEC,AFC Ajax
openfootball/football.json,https://raw.githubusercontent.com/openfootball/football.json/8aa4cd0ce0410b21037f063eeb4edd981081d85d/2025-26/nl.1.json,8aa4cd0ce0410b21037f063eeb4edd981081d85d,149,2026-09-04T07:12:29.560Z,Eredivisie,2025-26,2025-12-21,Feyenoord,Twente,1,1,D,0,1,A,Matchday 17,source_reported_FT,Feyenoord Rotterdam,FC Twente '65
openfootball/football.json,https://raw.githubusercontent.com/openfootball/football.json/8aa4cd0ce0410b21037f063eeb4edd981081d85d/2025-26/nl.1.json,8aa4cd0ce0410b21037f063eeb4edd981081d85d,152,2026-09-04T07:12:29.560Z,Eredivisie,2025-26,2025-12-21,For Sittard,AZ Alkmaar,4,3,H,2,2,D,Matchday 17,source_reported_FT,Fortuna Sittard,AZ
openfootball/football.json,https://raw.githubusercontent.com/openfootball/football.json/8aa4cd0ce0410b21037f063eeb4edd981081d85d/2025-26/nl.1.json,8aa4cd0ce0410b21037f063eeb4edd981081d85d,150,2026-09-04T07:12:29.560Z,Eredivisie,2025-26,2025-12-21,Go Ahead Eagles,Groningen,1,1,D,1,0,H,Matchday 17,source_reported_FT,Go Ahead Eagles,FC Groningen
openfootball/football.json,https://raw.githubusercontent.com/openfootball/football.json/8aa4cd0ce0410b21037f063eeb4edd981081d85d/2025-26/nl.1.json,8aa4cd0ce0410b21037f063eeb4edd981081d85d,148,2026-09-04T07:12:29.560Z,Eredivisie,2025-26,2025-12-21,Utrecht,PSV Eindhoven,1,2,A,1,0,H,Matchday 17,source_reported_FT,FC Utrecht,PSV
openfootball/football.json,https://raw.githubusercontent.com/openfootball/football.json/8aa4cd0ce0410b21037f063eeb4edd981081d85d/2025-26/nl.1.json,8aa4cd0ce0410b21037f063eeb4edd981081d85d,151,2026-09-04T07:12:29.560Z,Eredivisie,2025-26,2025-12-21,Volendam,Sparta Rotterdam,0,1,A,0,0,D,Matchday 17,source_reported_FT,FC Volendam,Sparta Rotterdam
openfootball/football.json,https://raw.githubusercontent.com/openfootball/football.json/8aa4cd0ce0410b21037f063eeb4edd981081d85d/2025-26/nl.1.json,8aa4cd0ce0410b21037f063eeb4edd981081d85d,153,2026-09-04T07:12:29.560Z,Eredivisie,2025-26,2026-01-10,AZ Alkmaar,Volendam,1,0,H,1,0,H,Matchday 18,source_reported_FT,AZ,FC Volendam
omarmohamed456/Football-Match-Outcome-Predictor,https://raw.githubusercontent.com/omarmohamed456/Football-Match-Outcome-Predictor/edefc091629a587271b911a08f88c1523502ff11/scraped_data/netherlands_eredivisie_2025-2026_match_data.csv,edefc091629a587271b911a08f88c1523502ff11,153,2026-09-04T07:16:40.714Z,Eredivisie,2025-26,2026-01-10,Groningen,NAC Breda,0,0,D,,,,18,source_reported_FT,Groningen,NAC Breda
openfootball/football.json,https://raw.githubusercontent.com/openfootball/football.json/8aa4cd0ce0410b21037f063eeb4edd981081d85d/2025-26/nl.1.json,8aa4cd0ce0410b21037f063eeb4edd981081d85d,155,2026-09-04T07:12:29.560Z,Eredivisie,2025-26,2026-01-10,PSV Eindhoven,Excelsior,5,1,H,4,1,H,Matchday 18,source_reported_FT,PSV,SBV Excelsior
openfootball/football.json,https://raw.githubusercontent.com/openfootball/football.json/8aa4cd0ce0410b21037f063eeb4edd981081d85d/2025-26/nl.1.json,8aa4cd0ce0410b21037f063eeb4edd981081d85d,154,2026-09-04T07:12:29.560Z,Eredivisie,2025-26,2026-01-10,Twente,Zwolle,1,1,D,0,0,D,Matchday 18,source_reported_FT,FC Twente '65,PEC Zwolle
openfootball/football.json,https://raw.githubusercontent.com/openfootball/football.json/8aa4cd0ce0410b21037f063eeb4edd981081d85d/2025-26/nl.1.json,8aa4cd0ce0410b21037f063eeb4edd981081d85d,159,2026-09-04T07:12:29.560Z,Eredivisie,2025-26,2026-01-11,Go Ahead Eagles,For Sittard,2,2,D,1,1,D,Matchday 18,source_reported_FT,Go Ahead Eagles,Fortuna Sittard
openfootball/football.json,https://raw.githubusercontent.com/openfootball/football.json/8aa4cd0ce0410b21037f063eeb4edd981081d85d/2025-26/nl.1.json,8aa4cd0ce0410b21037f063eeb4edd981081d85d,157,2026-09-04T07:12:29.560Z,Eredivisie,2025-26,2026-01-11,Heerenveen,Feyenoord,2,2,D,1,2,A,Matchday 18,source_reported_FT,SC Heerenveen,Feyenoord Rotterdam
openfootball/football.json,https://raw.githubusercontent.com/openfootball/football.json/8aa4cd0ce0410b21037f063eeb4edd981081d85d/2025-26/nl.1.json,8aa4cd0ce0410b21037f063eeb4edd981081d85d,160,2026-09-04T07:12:29.560Z,Eredivisie,2025-26,2026-01-11,Sparta Rotterdam,Heracles,2,0,H,1,0,H,Matchday 18,source_reported_FT,Sparta Rotterdam,Heracles Almelo
openfootball/football.json,https://raw.githubusercontent.com/openfootball/football.json/8aa4cd0ce0410b21037f063eeb4edd981081d85d/2025-26/nl.1.json,8aa4cd0ce0410b21037f063eeb4edd981081d85d,158,2026-09-04T07:12:29.560Z,Eredivisie,2025-26,2026-01-11,Telstar,Ajax,2,3,A,0,2,A,Matchday 18,source_reported_FT,Telstar 1963,AFC Ajax
openfootball/football.json,https://raw.githubusercontent.com/openfootball/football.json/8aa4cd0ce0410b21037f063eeb4edd981081d85d/2025-26/nl.1.json,8aa4cd0ce0410b21037f063eeb4edd981081d85d,161,2026-09-04T07:12:29.560Z,Eredivisie,2025-26,2026-01-17,Ajax,Go Ahead Eagles,2,2,D,2,0,H,Matchday 19,source_reported_FT,AFC Ajax,Go Ahead Eagles
openfootball/football.json,https://raw.githubusercontent.com/openfootball/football.json/8aa4cd0ce0410b21037f063eeb4edd981081d85d/2025-26/nl.1.json,8aa4cd0ce0410b21037f063eeb4edd981081d85d,163,2026-09-04T07:12:29.560Z,Eredivisie,2025-26,2026-01-17,Excelsior,Telstar,2,2,D,0,0,D,Matchday 19,source_reported_FT,SBV Excelsior,Telstar 1963
openfootball/football.json,https://raw.githubusercontent.com/openfootball/football.json/8aa4cd0ce0410b21037f063eeb4edd981081d85d/2025-26/nl.1.json,8aa4cd0ce0410b21037f063eeb4edd981081d85d,164,2026-09-04T07:12:29.560Z,Eredivisie,2025-26,2026-01-17,For Sittard,PSV Eindhoven,1,2,A,1,1,D,Matchday 19,source_reported_FT,Fortuna Sittard,PSV
openfootball/football.json,https://raw.githubusercontent.com/openfootball/football.json/8aa4cd0ce0410b21037f063eeb4edd981081d85d/2025-26/nl.1.json,8aa4cd0ce0410b21037f063eeb4edd981081d85d,165,2026-09-04T07:12:29.560Z,Eredivisie,2025-26,2026-01-17,NAC Breda,Nijmegen,3,4,A,1,2,A,Matchday 19,source_reported_FT,NAC Breda,NEC
openfootball/football.json,https://raw.githubusercontent.com/openfootball/football.json/8aa4cd0ce0410b21037f063eeb4edd981081d85d/2025-26/nl.1.json,8aa4cd0ce0410b21037f063eeb4edd981081d85d,162,2026-09-04T07:12:29.560Z,Eredivisie,2025-26,2026-01-17,Zwolle,AZ Alkmaar,3,1,H,2,0,H,Matchday 19,source_reported_FT,PEC Zwolle,AZ
openfootball/football.json,https://raw.githubusercontent.com/openfootball/football.json/8aa4cd0ce0410b21037f063eeb4edd981081d85d/2025-26/nl.1.json,8aa4cd0ce0410b21037f063eeb4edd981081d85d,169,2026-09-04T07:12:29.560Z,Eredivisie,2025-26,2026-01-18,Feyenoord,Sparta Rotterdam,3,4,A,0,1,A,Matchday 19,source_reported_FT,Feyenoord Rotterdam,Sparta Rotterdam
openfootball/football.json,https://raw.githubusercontent.com/openfootball/football.json/8aa4cd0ce0410b21037f063eeb4edd981081d85d/2025-26/nl.1.json,8aa4cd0ce0410b21037f063eeb4edd981081d85d,166,2026-09-04T07:12:29.560Z,Eredivisie,2025-26,2026-01-18,Heerenveen,Groningen,0,2,A,0,0,D,Matchday 19,source_reported_FT,SC Heerenveen,FC Groningen
openfootball/football.json,https://raw.githubusercontent.com/openfootball/football.json/8aa4cd0ce0410b21037f063eeb4edd981081d85d/2025-26/nl.1.json,8aa4cd0ce0410b21037f063eeb4edd981081d85d,168,2026-09-04T07:12:29.560Z,Eredivisie,2025-26,2026-01-18,Heracles,Twente,0,2,A,0,1,A,Matchday 19,source_reported_FT,Heracles Almelo,FC Twente '65
openfootball/football.json,https://raw.githubusercontent.com/openfootball/football.json/8aa4cd0ce0410b21037f063eeb4edd981081d85d/2025-26/nl.1.json,8aa4cd0ce0410b21037f063eeb4edd981081d85d,167,2026-09-04T07:12:29.560Z,Eredivisie,2025-26,2026-01-18,Volendam,Utrecht,2,1,H,2,0,H,Matchday 19,source_reported_FT,FC Volendam,FC Utrecht
openfootball/football.json,https://raw.githubusercontent.com/openfootball/football.json/8aa4cd0ce0410b21037f063eeb4edd981081d85d/2025-26/nl.1.json,8aa4cd0ce0410b21037f063eeb4edd981081d85d,170,2026-09-04T07:12:29.560Z,Eredivisie,2025-26,2026-01-21,AZ Alkmaar,Excelsior,1,1,D,0,0,D,Matchday 16,source_reported_FT,AZ,SBV Excelsior
openfootball/football.json,https://raw.githubusercontent.com/openfootball/football.json/8aa4cd0ce0410b21037f063eeb4edd981081d85d/2025-26/nl.1.json,8aa4cd0ce0410b21037f063eeb4edd981081d85d,171,2026-09-04T07:12:29.560Z,Eredivisie,2025-26,2026-01-24,Ajax,Volendam,2,0,H,2,0,H,Matchday 20,source_reported_FT,AFC Ajax,FC Volendam
openfootball/football.json,https://raw.githubusercontent.com/openfootball/football.json/8aa4cd0ce0410b21037f063eeb4edd981081d85d/2025-26/nl.1.json,8aa4cd0ce0410b21037f063eeb4edd981081d85d,172,2026-09-04T07:12:29.560Z,Eredivisie,2025-26,2026-01-24,Nijmegen,Zwolle,2,1,H,1,1,D,Matchday 20,source_reported_FT,NEC,PEC Zwolle
openfootball/football.json,https://raw.githubusercontent.com/openfootball/football.json/8aa4cd0ce0410b21037f063eeb4edd981081d85d/2025-26/nl.1.json,8aa4cd0ce0410b21037f063eeb4edd981081d85d,173,2026-09-04T07:12:29.560Z,Eredivisie,2025-26,2026-01-24,PSV Eindhoven,NAC Breda,2,2,D,1,2,A,Matchday 20,source_reported_FT,PSV,NAC Breda
omarmohamed456/Football-Match-Outcome-Predictor,https://raw.githubusercontent.com/omarmohamed456/Football-Match-Outcome-Predictor/edefc091629a587271b911a08f88c1523502ff11/scraped_data/netherlands_eredivisie_2025-2026_match_data.csv,edefc091629a587271b911a08f88c1523502ff11,79,2026-09-04T07:16:40.714Z,Eredivisie,2025-26,2026-01-24,Twente,Excelsior,0,0,D,,,,20,source_reported_FT,Twente,Excelsior
openfootball/football.json,https://raw.githubusercontent.com/openfootball/football.json/8aa4cd0ce0410b21037f063eeb4edd981081d85d/2025-26/nl.1.json,8aa4cd0ce0410b21037f063eeb4edd981081d85d,178,2026-09-04T07:12:29.560Z,Eredivisie,2025-26,2026-01-25,Feyenoord,Heracles,4,2,H,2,1,H,Matchday 20,source_reported_FT,Feyenoord Rotterdam,Heracles Almelo
openfootball/football.json,https://raw.githubusercontent.com/openfootball/football.json/8aa4cd0ce0410b21037f063eeb4edd981081d85d/2025-26/nl.1.json,8aa4cd0ce0410b21037f063eeb4edd981081d85d,176,2026-09-04T07:12:29.560Z,Eredivisie,2025-26,2026-01-25,Groningen,For Sittard,1,2,A,1,2,A,Matchday 20,source_reported_FT,FC Groningen,Fortuna Sittard
openfootball/football.json,https://raw.githubusercontent.com/openfootball/football.json/8aa4cd0ce0410b21037f063eeb4edd981081d85d/2025-26/nl.1.json,8aa4cd0ce0410b21037f063eeb4edd981081d85d,175,2026-09-04T07:12:29.560Z,Eredivisie,2025-26,2026-01-25,Telstar,AZ Alkmaar,0,1,A,0,0,D,Matchday 20,source_reported_FT,Telstar 1963,AZ
openfootball/football.json,https://raw.githubusercontent.com/openfootball/football.json/8aa4cd0ce0410b21037f063eeb4edd981081d85d/2025-26/nl.1.json,8aa4cd0ce0410b21037f063eeb4edd981081d85d,177,2026-09-04T07:12:29.560Z,Eredivisie,2025-26,2026-01-25,Utrecht,Sparta Rotterdam,0,1,A,0,1,A,Matchday 20,source_reported_FT,FC Utrecht,Sparta Rotterdam
openfootball/football.json,https://raw.githubusercontent.com/openfootball/football.json/8aa4cd0ce0410b21037f063eeb4edd981081d85d/2025-26/nl.1.json,8aa4cd0ce0410b21037f063eeb4edd981081d85d,179,2026-09-04T07:12:29.560Z,Eredivisie,2025-26,2026-01-30,NAC Breda,Twente,2,2,D,0,1,A,Matchday 21,source_reported_FT,NAC Breda,FC Twente '65
openfootball/football.json,https://raw.githubusercontent.com/openfootball/football.json/8aa4cd0ce0410b21037f063eeb4edd981081d85d/2025-26/nl.1.json,8aa4cd0ce0410b21037f063eeb4edd981081d85d,180,2026-09-04T07:12:29.560Z,Eredivisie,2025-26,2026-01-31,AZ Alkmaar,Nijmegen,1,3,A,1,2,A,Matchday 21,source_reported_FT,AZ,NEC
openfootball/football.json,https://raw.githubusercontent.com/openfootball/football.json/8aa4cd0ce0410b21037f063eeb4edd981081d85d/2025-26/nl.1.json,8aa4cd0ce0410b21037f063eeb4edd981081d85d,182,2026-09-04T07:12:29.560Z,Eredivisie,2025-26,2026-01-31,Sparta Rotterdam,Groningen,2,0,H,0,0,D,Matchday 21,source_reported_FT,Sparta Rotterdam,FC Groningen
openfootball/football.json,https://raw.githubusercontent.com/openfootball/football.json/8aa4cd0ce0410b21037f063eeb4edd981081d85d/2025-26/nl.1.json,8aa4cd0ce0410b21037f063eeb4edd981081d85d,181,2026-09-04T07:12:29.560Z,Eredivisie,2025-26,2026-01-31,Zwolle,Telstar,4,1,H,1,0,H,Matchday 21,source_reported_FT,PEC Zwolle,Telstar 1963
openfootball/football.json,https://raw.githubusercontent.com/openfootball/football.json/8aa4cd0ce0410b21037f063eeb4edd981081d85d/2025-26/nl.1.json,8aa4cd0ce0410b21037f063eeb4edd981081d85d,183,2026-09-04T07:12:29.560Z,Eredivisie,2025-26,2026-02-01,Excelsior,Ajax,2,2,D,0,2,A,Matchday 21,source_reported_FT,SBV Excelsior,AFC Ajax
openfootball/football.json,https://raw.githubusercontent.com/openfootball/football.json/8aa4cd0ce0410b21037f063eeb4edd981081d85d/2025-26/nl.1.json,8aa4cd0ce0410b21037f063eeb4edd981081d85d,186,2026-09-04T07:12:29.560Z,Eredivisie,2025-26,2026-02-01,Heerenveen,Utrecht,1,1,D,1,0,H,Matchday 21,source_reported_FT,SC Heerenveen,FC Utrecht
openfootball/football.json,https://raw.githubusercontent.com/openfootball/football.json/8aa4cd0ce0410b21037f063eeb4edd981081d85d/2025-26/nl.1.json,8aa4cd0ce0410b21037f063eeb4edd981081d85d,184,2026-09-04T07:12:29.560Z,Eredivisie,2025-26,2026-02-01,Heracles,For Sittard,2,1,H,2,1,H,Matchday 21,source_reported_FT,Heracles Almelo,Fortuna Sittard
openfootball/football.json,https://raw.githubusercontent.com/openfootball/football.json/8aa4cd0ce0410b21037f063eeb4edd981081d85d/2025-26/nl.1.json,8aa4cd0ce0410b21037f063eeb4edd981081d85d,185,2026-09-04T07:12:29.560Z,Eredivisie,2025-26,2026-02-01,PSV Eindhoven,Feyenoord,3,0,H,3,0,H,Matchday 21,source_reported_FT,PSV,Feyenoord Rotterdam
openfootball/football.json,https://raw.githubusercontent.com/openfootball/football.json/8aa4cd0ce0410b21037f063eeb4edd981081d85d/2025-26/nl.1.json,8aa4cd0ce0410b21037f063eeb4edd981081d85d,187,2026-09-04T07:12:29.560Z,Eredivisie,2025-26,2026-02-01,Volendam,Go Ahead Eagles,1,1,D,0,1,A,Matchday 21,source_reported_FT,FC Volendam,Go Ahead Eagles
openfootball/football.json,https://raw.githubusercontent.com/openfootball/football.json/8aa4cd0ce0410b21037f063eeb4edd981081d85d/2025-26/nl.1.json,8aa4cd0ce0410b21037f063eeb4edd981081d85d,188,2026-09-04T07:12:29.560Z,Eredivisie,2025-26,2026-02-06,NAC Breda,Excelsior,0,2,A,0,2,A,Matchday 22,source_reported_FT,NAC Breda,SBV Excelsior
openfootball/football.json,https://raw.githubusercontent.com/openfootball/football.json/8aa4cd0ce0410b21037f063eeb4edd981081d85d/2025-26/nl.1.json,8aa4cd0ce0410b21037f063eeb4edd981081d85d,192,2026-09-04T07:12:29.560Z,Eredivisie,2025-26,2026-02-07,For Sittard,Sparta Rotterdam,2,2,D,1,0,H,Matchday 22,source_reported_FT,Fortuna Sittard,Sparta Rotterdam
openfootball/football.json,https://raw.githubusercontent.com/openfootball/football.json/8aa4cd0ce0410b21037f063eeb4edd981081d85d/2025-26/nl.1.json,8aa4cd0ce0410b21037f063eeb4edd981081d85d,189,2026-09-04T07:12:29.560Z,Eredivisie,2025-26,2026-02-07,Nijmegen,Heracles,4,1,H,2,1,H,Matchday 22,source_reported_FT,NEC,Heracles Almelo
openfootball/football.json,https://raw.githubusercontent.com/openfootball/football.json/8aa4cd0ce0410b21037f063eeb4edd981081d85d/2025-26/nl.1.json,8aa4cd0ce0410b21037f063eeb4edd981081d85d,191,2026-09-04T07:12:29.560Z,Eredivisie,2025-26,2026-02-07,Twente,Heerenveen,5,0,H,2,0,H,Matchday 22,source_reported_FT,FC Twente '65,SC Heerenveen
openfootball/football.json,https://raw.githubusercontent.com/openfootball/football.json/8aa4cd0ce0410b21037f063eeb4edd981081d85d/2025-26/nl.1.json,8aa4cd0ce0410b21037f063eeb4edd981081d85d,190,2026-09-04T07:12:29.560Z,Eredivisie,2025-26,2026-02-07,Zwolle,Volendam,1,2,A,1,1,D,Matchday 22,source_reported_FT,PEC Zwolle,FC Volendam
openfootball/football.json,https://raw.githubusercontent.com/openfootball/football.json/8aa4cd0ce0410b21037f063eeb4edd981081d85d/2025-26/nl.1.json,8aa4cd0ce0410b21037f063eeb4edd981081d85d,194,2026-09-04T07:12:29.560Z,Eredivisie,2025-26,2026-02-08,AZ Alkmaar,Ajax,1,1,D,0,0,D,Matchday 22,source_reported_FT,AZ,AFC Ajax
openfootball/football.json,https://raw.githubusercontent.com/openfootball/football.json/8aa4cd0ce0410b21037f063eeb4edd981081d85d/2025-26/nl.1.json,8aa4cd0ce0410b21037f063eeb4edd981081d85d,195,2026-09-04T07:12:29.560Z,Eredivisie,2025-26,2026-02-08,Go Ahead Eagles,Telstar,1,1,D,0,0,D,Matchday 22,source_reported_FT,Go Ahead Eagles,Telstar 1963
openfootball/football.json,https://raw.githubusercontent.com/openfootball/football.json/8aa4cd0ce0410b21037f063eeb4edd981081d85d/2025-26/nl.1.json,8aa4cd0ce0410b21037f063eeb4edd981081d85d,196,2026-09-04T07:12:29.560Z,Eredivisie,2025-26,2026-02-08,Groningen,PSV Eindhoven,1,2,A,1,0,H,Matchday 22,source_reported_FT,FC Groningen,PSV
openfootball/football.json,https://raw.githubusercontent.com/openfootball/football.json/8aa4cd0ce0410b21037f063eeb4edd981081d85d/2025-26/nl.1.json,8aa4cd0ce0410b21037f063eeb4edd981081d85d,193,2026-09-04T07:12:29.560Z,Eredivisie,2025-26,2026-02-08,Utrecht,Feyenoord,0,1,A,0,1,A,Matchday 22,source_reported_FT,FC Utrecht,Feyenoord Rotterdam
openfootball/football.json,https://raw.githubusercontent.com/openfootball/football.json/8aa4cd0ce0410b21037f063eeb4edd981081d85d/2025-26/nl.1.json,8aa4cd0ce0410b21037f063eeb4edd981081d85d,197,2026-09-04T07:12:29.560Z,Eredivisie,2025-26,2026-02-11,Go Ahead Eagles,Heerenveen,1,3,A,0,0,D,Matchday 20,source_reported_FT,Go Ahead Eagles,SC Heerenveen
openfootball/football.json,https://raw.githubusercontent.com/openfootball/football.json/8aa4cd0ce0410b21037f063eeb4edd981081d85d/2025-26/nl.1.json,8aa4cd0ce0410b21037f063eeb4edd981081d85d,198,2026-09-04T07:12:29.560Z,Eredivisie,2025-26,2026-02-11,Nijmegen,Utrecht,1,3,A,0,2,A,Matchday 18,source_reported_FT,NEC,FC Utrecht
openfootball/football.json,https://raw.githubusercontent.com/openfootball/football.json/8aa4cd0ce0410b21037f063eeb4edd981081d85d/2025-26/nl.1.json,8aa4cd0ce0410b21037f063eeb4edd981081d85d,199,2026-09-04T07:12:29.560Z,Eredivisie,2025-26,2026-02-13,Volendam,PSV Eindhoven,2,1,H,0,0,D,Matchday 23,source_reported_FT,FC Volendam,PSV
openfootball/football.json,https://raw.githubusercontent.com/openfootball/football.json/8aa4cd0ce0410b21037f063eeb4edd981081d85d/2025-26/nl.1.json,8aa4cd0ce0410b21037f063eeb4edd981081d85d,202,2026-09-04T07:12:29.560Z,Eredivisie,2025-26,2026-02-14,Ajax,For Sittard,4,1,H,3,1,H,Matchday 23,source_reported_FT,AFC Ajax,Fortuna Sittard
openfootball/football.json,https://raw.githubusercontent.com/openfootball/football.json/8aa4cd0ce0410b21037f063eeb4edd981081d85d/2025-26/nl.1.json,8aa4cd0ce0410b21037f063eeb4edd981081d85d,201,2026-09-04T07:12:29.560Z,Eredivisie,2025-26,2026-02-14,Excelsior,AZ Alkmaar,1,2,A,1,0,H,Matchday 23,source_reported_FT,SBV Excelsior,AZ
openfootball/football.json,https://raw.githubusercontent.com/openfootball/football.json/8aa4cd0ce0410b21037f063eeb4edd981081d85d/2025-26/nl.1.json,8aa4cd0ce0410b21037f063eeb4edd981081d85d,203,2026-09-04T07:12:29.560Z,Eredivisie,2025-26,2026-02-14,Groningen,Utrecht,1,2,A,0,0,D,Matchday 23,source_reported_FT,FC Groningen,FC Utrecht
openfootball/football.json,https://raw.githubusercontent.com/openfootball/football.json/8aa4cd0ce0410b21037f063eeb4edd981081d85d/2025-26/nl.1.json,8aa4cd0ce0410b21037f063eeb4edd981081d85d,200,2026-09-04T07:12:29.560Z,Eredivisie,2025-26,2026-02-14,Heracles,NAC Breda,0,1,A,0,0,D,Matchday 23,source_reported_FT,Heracles Almelo,NAC Breda
openfootball/football.json,https://raw.githubusercontent.com/openfootball/football.json/8aa4cd0ce0410b21037f063eeb4edd981081d85d/2025-26/nl.1.json,8aa4cd0ce0410b21037f063eeb4edd981081d85d,204,2026-09-04T07:12:29.560Z,Eredivisie,2025-26,2026-02-15,Feyenoord,Go Ahead Eagles,1,0,H,0,0,D,Matchday 23,source_reported_FT,Feyenoord Rotterdam,Go Ahead Eagles
openfootball/football.json,https://raw.githubusercontent.com/openfootball/football.json/8aa4cd0ce0410b21037f063eeb4edd981081d85d/2025-26/nl.1.json,8aa4cd0ce0410b21037f063eeb4edd981081d85d,205,2026-09-04T07:12:29.560Z,Eredivisie,2025-26,2026-02-15,Heerenveen,Zwolle,4,2,H,1,2,A,Matchday 23,source_reported_FT,SC Heerenveen,PEC Zwolle
openfootball/football.json,https://raw.githubusercontent.com/openfootball/football.json/8aa4cd0ce0410b21037f063eeb4edd981081d85d/2025-26/nl.1.json,8aa4cd0ce0410b21037f063eeb4edd981081d85d,206,2026-09-04T07:12:29.560Z,Eredivisie,2025-26,2026-02-15,Telstar,Twente,1,1,D,1,0,H,Matchday 23,source_reported_FT,Telstar 1963,FC Twente '65
openfootball/football.json,https://raw.githubusercontent.com/openfootball/football.json/8aa4cd0ce0410b21037f063eeb4edd981081d85d/2025-26/nl.1.json,8aa4cd0ce0410b21037f063eeb4edd981081d85d,207,2026-09-04T07:12:29.560Z,Eredivisie,2025-26,2026-02-17,Sparta Rotterdam,Nijmegen,1,1,D,0,0,D,Matchday 23,source_reported_FT,Sparta Rotterdam,NEC
openfootball/football.json,https://raw.githubusercontent.com/openfootball/football.json/8aa4cd0ce0410b21037f063eeb4edd981081d85d/2025-26/nl.1.json,8aa4cd0ce0410b21037f063eeb4edd981081d85d,208,2026-09-04T07:12:29.560Z,Eredivisie,2025-26,2026-02-20,For Sittard,Excelsior,2,1,H,1,0,H,Matchday 24,source_reported_FT,Fortuna Sittard,SBV Excelsior
openfootball/football.json,https://raw.githubusercontent.com/openfootball/football.json/8aa4cd0ce0410b21037f063eeb4edd981081d85d/2025-26/nl.1.json,8aa4cd0ce0410b21037f063eeb4edd981081d85d,211,2026-09-04T07:12:29.560Z,Eredivisie,2025-26,2026-02-21,Ajax,Nijmegen,1,1,D,1,0,H,Matchday 24,source_reported_FT,AFC Ajax,NEC
openfootball/football.json,https://raw.githubusercontent.com/openfootball/football.json/8aa4cd0ce0410b21037f063eeb4edd981081d85d/2025-26/nl.1.json,8aa4cd0ce0410b21037f063eeb4edd981081d85d,210,2026-09-04T07:12:29.560Z,Eredivisie,2025-26,2026-02-21,NAC Breda,Volendam,1,0,H,0,0,D,Matchday 24,source_reported_FT,NAC Breda,FC Volendam
openfootball/football.json,https://raw.githubusercontent.com/openfootball/football.json/8aa4cd0ce0410b21037f063eeb4edd981081d85d/2025-26/nl.1.json,8aa4cd0ce0410b21037f063eeb4edd981081d85d,209,2026-09-04T07:12:29.560Z,Eredivisie,2025-26,2026-02-21,PSV Eindhoven,Heerenveen,3,1,H,1,1,D,Matchday 24,source_reported_FT,PSV,SC Heerenveen
openfootball/football.json,https://raw.githubusercontent.com/openfootball/football.json/8aa4cd0ce0410b21037f063eeb4edd981081d85d/2025-26/nl.1.json,8aa4cd0ce0410b21037f063eeb4edd981081d85d,215,2026-09-04T07:12:29.560Z,Eredivisie,2025-26,2026-02-22,AZ Alkmaar,Sparta Rotterdam,3,1,H,0,0,D,Matchday 24,source_reported_FT,AZ,Sparta Rotterdam
openfootball/football.json,https://raw.githubusercontent.com/openfootball/football.json/8aa4cd0ce0410b21037f063eeb4edd981081d85d/2025-26/nl.1.json,8aa4cd0ce0410b21037f063eeb4edd981081d85d,216,2026-09-04T07:12:29.560Z,Eredivisie,2025-26,2026-02-22,Feyenoord,Telstar,2,1,H,2,1,H,Matchday 24,source_reported_FT,Feyenoord Rotterdam,Telstar 1963
openfootball/football.json,https://raw.githubusercontent.com/openfootball/football.json/8aa4cd0ce0410b21037f063eeb4edd981081d85d/2025-26/nl.1.json,8aa4cd0ce0410b21037f063eeb4edd981081d85d,214,2026-09-04T07:12:29.560Z,Eredivisie,2025-26,2026-02-22,Go Ahead Eagles,Heracles,4,0,H,1,0,H,Matchday 24,source_reported_FT,Go Ahead Eagles,Heracles Almelo
openfootball/football.json,https://raw.githubusercontent.com/openfootball/football.json/8aa4cd0ce0410b21037f063eeb4edd981081d85d/2025-26/nl.1.json,8aa4cd0ce0410b21037f063eeb4edd981081d85d,212,2026-09-04T07:12:29.560Z,Eredivisie,2025-26,2026-02-22,Twente,Groningen,2,1,H,1,1,D,Matchday 24,source_reported_FT,FC Twente '65,FC Groningen
openfootball/football.json,https://raw.githubusercontent.com/openfootball/football.json/8aa4cd0ce0410b21037f063eeb4edd981081d85d/2025-26/nl.1.json,8aa4cd0ce0410b21037f063eeb4edd981081d85d,213,2026-09-04T07:12:29.560Z,Eredivisie,2025-26,2026-02-22,Utrecht,Zwolle,1,1,D,1,0,H,Matchday 24,source_reported_FT,FC Utrecht,PEC Zwolle
openfootball/football.json,https://raw.githubusercontent.com/openfootball/football.json/8aa4cd0ce0410b21037f063eeb4edd981081d85d/2025-26/nl.1.json,8aa4cd0ce0410b21037f063eeb4edd981081d85d,217,2026-09-04T07:12:29.560Z,Eredivisie,2025-26,2026-02-27,Telstar,NAC Breda,3,0,H,1,0,H,Matchday 25,source_reported_FT,Telstar 1963,NAC Breda
openfootball/football.json,https://raw.githubusercontent.com/openfootball/football.json/8aa4cd0ce0410b21037f063eeb4edd981081d85d/2025-26/nl.1.json,8aa4cd0ce0410b21037f063eeb4edd981081d85d,218,2026-09-04T07:12:29.560Z,Eredivisie,2025-26,2026-02-28,Heerenveen,Sparta Rotterdam,2,1,H,1,0,H,Matchday 25,source_reported_FT,SC Heerenveen,Sparta Rotterdam
openfootball/football.json,https://raw.githubusercontent.com/openfootball/football.json/8aa4cd0ce0410b21037f063eeb4edd981081d85d/2025-26/nl.1.json,8aa4cd0ce0410b21037f063eeb4edd981081d85d,219,2026-09-04T07:12:29.560Z,Eredivisie,2025-26,2026-02-28,Heracles,PSV Eindhoven,1,3,A,0,3,A,Matchday 25,source_reported_FT,Heracles Almelo,PSV
openfootball/football.json,https://raw.githubusercontent.com/openfootball/football.json/8aa4cd0ce0410b21037f063eeb4edd981081d85d/2025-26/nl.1.json,8aa4cd0ce0410b21037f063eeb4edd981081d85d,220,2026-09-04T07:12:29.560Z,Eredivisie,2025-26,2026-02-28,Nijmegen,For Sittard,2,3,A,1,1,D,Matchday 25,source_reported_FT,NEC,Fortuna Sittard
openfootball/football.json,https://raw.githubusercontent.com/openfootball/football.json/8aa4cd0ce0410b21037f063eeb4edd981081d85d/2025-26/nl.1.json,8aa4cd0ce0410b21037f063eeb4edd981081d85d,225,2026-09-04T07:12:29.560Z,Eredivisie,2025-26,2026-03-01,Excelsior,Go Ahead Eagles,0,1,A,0,0,D,Matchday 25,source_reported_FT,SBV Excelsior,Go Ahead Eagles
openfootball/football.json,https://raw.githubusercontent.com/openfootball/football.json/8aa4cd0ce0410b21037f063eeb4edd981081d85d/2025-26/nl.1.json,8aa4cd0ce0410b21037f063eeb4edd981081d85d,223,2026-09-04T07:12:29.560Z,Eredivisie,2025-26,2026-03-01,Twente,Feyenoord,2,0,H,1,0,H,Matchday 25,source_reported_FT,FC Twente '65,Feyenoord Rotterdam
openfootball/football.json,https://raw.githubusercontent.com/openfootball/football.json/8aa4cd0ce0410b21037f063eeb4edd981081d85d/2025-26/nl.1.json,8aa4cd0ce0410b21037f063eeb4edd981081d85d,224,2026-09-04T07:12:29.560Z,Eredivisie,2025-26,2026-03-01,Utrecht,AZ Alkmaar,2,0,H,2,0,H,Matchday 25,source_reported_FT,FC Utrecht,AZ
openfootball/football.json,https://raw.githubusercontent.com/openfootball/football.json/8aa4cd0ce0410b21037f063eeb4edd981081d85d/2025-26/nl.1.json,8aa4cd0ce0410b21037f063eeb4edd981081d85d,222,2026-09-04T07:12:29.560Z,Eredivisie,2025-26,2026-03-01,Volendam,Groningen,3,2,H,1,1,D,Matchday 25,source_reported_FT,FC Volendam,FC Groningen
omarmohamed456/Football-Match-Outcome-Predictor,https://raw.githubusercontent.com/omarmohamed456/Football-Match-Outcome-Predictor/edefc091629a587271b911a08f88c1523502ff11/scraped_data/netherlands_eredivisie_2025-2026_match_data.csv,edefc091629a587271b911a08f88c1523502ff11,29,2026-09-04T07:16:40.714Z,Eredivisie,2025-26,2026-03-01,Zwolle,Ajax,0,0,D,,,,25,source_reported_FT,Zwolle,Ajax
omarmohamed456/Football-Match-Outcome-Predictor,https://raw.githubusercontent.com/omarmohamed456/Football-Match-Outcome-Predictor/edefc091629a587271b911a08f88c1523502ff11/scraped_data/netherlands_eredivisie_2025-2026_match_data.csv,edefc091629a587271b911a08f88c1523502ff11,201,2026-09-04T07:16:40.714Z,Eredivisie,2025-26,2026-03-06,Heracles,Utrecht,0,0,D,,,,26,source_reported_FT,Heracles,Utrecht
openfootball/football.json,https://raw.githubusercontent.com/openfootball/football.json/8aa4cd0ce0410b21037f063eeb4edd981081d85d/2025-26/nl.1.json,8aa4cd0ce0410b21037f063eeb4edd981081d85d,229,2026-09-04T07:12:29.560Z,Eredivisie,2025-26,2026-03-07,Excelsior,Heerenveen,1,2,A,0,1,A,Matchday 26,source_reported_FT,SBV Excelsior,SC Heerenveen
openfootball/football.json,https://raw.githubusercontent.com/openfootball/football.json/8aa4cd0ce0410b21037f063eeb4edd981081d85d/2025-26/nl.1.json,8aa4cd0ce0410b21037f063eeb4edd981081d85d,227,2026-09-04T07:12:29.560Z,Eredivisie,2025-26,2026-03-07,Groningen,Ajax,3,1,H,1,1,D,Matchday 26,source_reported_FT,FC Groningen,AFC Ajax
openfootball/football.json,https://raw.githubusercontent.com/openfootball/football.json/8aa4cd0ce0410b21037f063eeb4edd981081d85d/2025-26/nl.1.json,8aa4cd0ce0410b21037f063eeb4edd981081d85d,228,2026-09-04T07:12:29.560Z,Eredivisie,2025-26,2026-03-07,PSV Eindhoven,AZ Alkmaar,2,1,H,1,1,D,Matchday 26,source_reported_FT,PSV,AZ
openfootball/football.json,https://raw.githubusercontent.com/openfootball/football.json/8aa4cd0ce0410b21037f063eeb4edd981081d85d/2025-26/nl.1.json,8aa4cd0ce0410b21037f063eeb4edd981081d85d,231,2026-09-04T07:12:29.560Z,Eredivisie,2025-26,2026-03-08,For Sittard,Telstar,1,4,A,1,2,A,Matchday 26,source_reported_FT,Fortuna Sittard,Telstar 1963
openfootball/football.json,https://raw.githubusercontent.com/openfootball/football.json/8aa4cd0ce0410b21037f063eeb4edd981081d85d/2025-26/nl.1.json,8aa4cd0ce0410b21037f063eeb4edd981081d85d,232,2026-09-04T07:12:29.560Z,Eredivisie,2025-26,2026-03-08,Go Ahead Eagles,Twente,1,4,A,0,2,A,Matchday 26,source_reported_FT,Go Ahead Eagles,FC Twente '65
openfootball/football.json,https://raw.githubusercontent.com/openfootball/football.json/8aa4cd0ce0410b21037f063eeb4edd981081d85d/2025-26/nl.1.json,8aa4cd0ce0410b21037f063eeb4edd981081d85d,233,2026-09-04T07:12:29.560Z,Eredivisie,2025-26,2026-03-08,NAC Breda,Feyenoord,3,3,D,3,2,H,Matchday 26,source_reported_FT,NAC Breda,Feyenoord Rotterdam
openfootball/football.json,https://raw.githubusercontent.com/openfootball/football.json/8aa4cd0ce0410b21037f063eeb4edd981081d85d/2025-26/nl.1.json,8aa4cd0ce0410b21037f063eeb4edd981081d85d,234,2026-09-04T07:12:29.560Z,Eredivisie,2025-26,2026-03-08,Nijmegen,Volendam,3,0,H,1,0,H,Matchday 26,source_reported_FT,NEC,FC Volendam
openfootball/football.json,https://raw.githubusercontent.com/openfootball/football.json/8aa4cd0ce0410b21037f063eeb4edd981081d85d/2025-26/nl.1.json,8aa4cd0ce0410b21037f063eeb4edd981081d85d,230,2026-09-04T07:12:29.560Z,Eredivisie,2025-26,2026-03-08,Sparta Rotterdam,Zwolle,1,1,D,0,0,D,Matchday 26,source_reported_FT,Sparta Rotterdam,PEC Zwolle
openfootball/football.json,https://raw.githubusercontent.com/openfootball/football.json/8aa4cd0ce0410b21037f063eeb4edd981081d85d/2025-26/nl.1.json,8aa4cd0ce0410b21037f063eeb4edd981081d85d,235,2026-09-04T07:12:29.560Z,Eredivisie,2025-26,2026-03-13,Zwolle,Groningen,1,1,D,0,0,D,Matchday 27,source_reported_FT,PEC Zwolle,FC Groningen
openfootball/football.json,https://raw.githubusercontent.com/openfootball/football.json/8aa4cd0ce0410b21037f063eeb4edd981081d85d/2025-26/nl.1.json,8aa4cd0ce0410b21037f063eeb4edd981081d85d,239,2026-09-04T07:12:29.560Z,Eredivisie,2025-26,2026-03-14,Ajax,Sparta Rotterdam,4,0,H,2,0,H,Matchday 27,source_reported_FT,AFC Ajax,Sparta Rotterdam
openfootball/football.json,https://raw.githubusercontent.com/openfootball/football.json/8aa4cd0ce0410b21037f063eeb4edd981081d85d/2025-26/nl.1.json,8aa4cd0ce0410b21037f063eeb4edd981081d85d,238,2026-09-04T07:12:29.560Z,Eredivisie,2025-26,2026-03-14,Heerenveen,Telstar,3,0,H,1,0,H,Matchday 27,source_reported_FT,SC Heerenveen,Telstar 1963
openfootball/football.json,https://raw.githubusercontent.com/openfootball/football.json/8aa4cd0ce0410b21037f063eeb4edd981081d85d/2025-26/nl.1.json,8aa4cd0ce0410b21037f063eeb4edd981081d85d,237,2026-09-04T07:12:29.560Z,Eredivisie,2025-26,2026-03-14,PSV Eindhoven,Nijmegen,2,3,A,1,2,A,Matchday 27,source_reported_FT,PSV,NEC
openfootball/football.json,https://raw.githubusercontent.com/openfootball/football.json/8aa4cd0ce0410b21037f063eeb4edd981081d85d/2025-26/nl.1.json,8aa4cd0ce0410b21037f063eeb4edd981081d85d,236,2026-09-04T07:12:29.560Z,Eredivisie,2025-26,2026-03-14,Volendam,For Sittard,1,2,A,0,2,A,Matchday 27,source_reported_FT,FC Volendam,Fortuna Sittard
openfootball/football.json,https://raw.githubusercontent.com/openfootball/football.json/8aa4cd0ce0410b21037f063eeb4edd981081d85d/2025-26/nl.1.json,8aa4cd0ce0410b21037f063eeb4edd981081d85d,241,2026-09-04T07:12:29.560Z,Eredivisie,2025-26,2026-03-15,AZ Alkmaar,Heracles,4,0,H,2,0,H,Matchday 27,source_reported_FT,AZ,Heracles Almelo
openfootball/football.json,https://raw.githubusercontent.com/openfootball/football.json/8aa4cd0ce0410b21037f063eeb4edd981081d85d/2025-26/nl.1.json,8aa4cd0ce0410b21037f063eeb4edd981081d85d,242,2026-09-04T07:12:29.560Z,Eredivisie,2025-26,2026-03-15,Feyenoord,Excelsior,2,1,H,0,1,A,Matchday 27,source_reported_FT,Feyenoord Rotterdam,SBV Excelsior
openfootball/football.json,https://raw.githubusercontent.com/openfootball/football.json/8aa4cd0ce0410b21037f063eeb4edd981081d85d/2025-26/nl.1.json,8aa4cd0ce0410b21037f063eeb4edd981081d85d,243,2026-09-04T07:12:29.560Z,Eredivisie,2025-26,2026-03-15,Go Ahead Eagles,NAC Breda,6,0,H,3,0,H,Matchday 27,source_reported_FT,Go Ahead Eagles,NAC Breda
openfootball/football.json,https://raw.githubusercontent.com/openfootball/football.json/8aa4cd0ce0410b21037f063eeb4edd981081d85d/2025-26/nl.1.json,8aa4cd0ce0410b21037f063eeb4edd981081d85d,240,2026-09-04T07:12:29.560Z,Eredivisie,2025-26,2026-03-15,Twente,Utrecht,0,2,A,0,1,A,Matchday 27,source_reported_FT,FC Twente '65,FC Utrecht
openfootball/football.json,https://raw.githubusercontent.com/openfootball/football.json/8aa4cd0ce0410b21037f063eeb4edd981081d85d/2025-26/nl.1.json,8aa4cd0ce0410b21037f063eeb4edd981081d85d,244,2026-09-04T07:12:29.560Z,Eredivisie,2025-26,2026-03-20,Heracles,Excelsior,1,1,D,1,0,H,Matchday 28,source_reported_FT,Heracles Almelo,SBV Excelsior
openfootball/football.json,https://raw.githubusercontent.com/openfootball/football.json/8aa4cd0ce0410b21037f063eeb4edd981081d85d/2025-26/nl.1.json,8aa4cd0ce0410b21037f063eeb4edd981081d85d,245,2026-09-04T07:12:29.560Z,Eredivisie,2025-26,2026-03-21,For Sittard,Twente,1,2,A,1,0,H,Matchday 28,source_reported_FT,Fortuna Sittard,FC Twente '65
openfootball/football.json,https://raw.githubusercontent.com/openfootball/football.json/8aa4cd0ce0410b21037f063eeb4edd981081d85d/2025-26/nl.1.json,8aa4cd0ce0410b21037f063eeb4edd981081d85d,246,2026-09-04T07:12:29.560Z,Eredivisie,2025-26,2026-03-21,Sparta Rotterdam,Volendam,2,0,H,2,0,H,Matchday 28,source_reported_FT,Sparta Rotterdam,FC Volendam
openfootball/football.json,https://raw.githubusercontent.com/openfootball/football.json/8aa4cd0ce0410b21037f063eeb4edd981081d85d/2025-26/nl.1.json,8aa4cd0ce0410b21037f063eeb4edd981081d85d,247,2026-09-04T07:12:29.560Z,Eredivisie,2025-26,2026-03-21,Zwolle,NAC Breda,2,1,H,2,0,H,Matchday 28,source_reported_FT,PEC Zwolle,NAC Breda
openfootball/football.json,https://raw.githubusercontent.com/openfootball/football.json/8aa4cd0ce0410b21037f063eeb4edd981081d85d/2025-26/nl.1.json,8aa4cd0ce0410b21037f063eeb4edd981081d85d,250,2026-09-04T07:12:29.560Z,Eredivisie,2025-26,2026-03-22,Feyenoord,Ajax,1,1,D,0,0,D,Matchday 28,source_reported_FT,Feyenoord Rotterdam,AFC Ajax
openfootball/football.json,https://raw.githubusercontent.com/openfootball/football.json/8aa4cd0ce0410b21037f063eeb4edd981081d85d/2025-26/nl.1.json,8aa4cd0ce0410b21037f063eeb4edd981081d85d,251,2026-09-04T07:12:29.560Z,Eredivisie,2025-26,2026-03-22,Groningen,AZ Alkmaar,3,0,H,1,0,H,Matchday 28,source_reported_FT,FC Groningen,AZ
openfootball/football.json,https://raw.githubusercontent.com/openfootball/football.json/8aa4cd0ce0410b21037f063eeb4edd981081d85d/2025-26/nl.1.json,8aa4cd0ce0410b21037f063eeb4edd981081d85d,248,2026-09-04T07:12:29.560Z,Eredivisie,2025-26,2026-03-22,Nijmegen,Heerenveen,2,2,D,1,2,A,Matchday 28,source_reported_FT,NEC,SC Heerenveen
openfootball/football.json,https://raw.githubusercontent.com/openfootball/football.json/8aa4cd0ce0410b21037f063eeb4edd981081d85d/2025-26/nl.1.json,8aa4cd0ce0410b21037f063eeb4edd981081d85d,252,2026-09-04T07:12:29.560Z,Eredivisie,2025-26,2026-03-22,Telstar,PSV Eindhoven,3,1,H,1,0,H,Matchday 28,source_reported_FT,Telstar 1963,PSV
openfootball/football.json,https://raw.githubusercontent.com/openfootball/football.json/8aa4cd0ce0410b21037f063eeb4edd981081d85d/2025-26/nl.1.json,8aa4cd0ce0410b21037f063eeb4edd981081d85d,249,2026-09-04T07:12:29.560Z,Eredivisie,2025-26,2026-03-22,Utrecht,Go Ahead Eagles,2,0,H,2,0,H,Matchday 28,source_reported_FT,FC Utrecht,Go Ahead Eagles
openfootball/football.json,https://raw.githubusercontent.com/openfootball/football.json/8aa4cd0ce0410b21037f063eeb4edd981081d85d/2025-26/nl.1.json,8aa4cd0ce0410b21037f063eeb4edd981081d85d,255,2026-09-04T07:12:29.560Z,Eredivisie,2025-26,2026-04-04,AZ Alkmaar,For Sittard,2,0,H,2,0,H,Matchday 29,source_reported_FT,AZ,Fortuna Sittard
openfootball/football.json,https://raw.githubusercontent.com/openfootball/football.json/8aa4cd0ce0410b21037f063eeb4edd981081d85d/2025-26/nl.1.json,8aa4cd0ce0410b21037f063eeb4edd981081d85d,256,2026-09-04T07:12:29.560Z,Eredivisie,2025-26,2026-04-04,Ajax,Twente,1,2,A,1,1,D,Matchday 29,source_reported_FT,AFC Ajax,FC Twente '65
openfootball/football.json,https://raw.githubusercontent.com/openfootball/football.json/8aa4cd0ce0410b21037f063eeb4edd981081d85d/2025-26/nl.1.json,8aa4cd0ce0410b21037f063eeb4edd981081d85d,257,2026-09-04T07:12:29.560Z,Eredivisie,2025-26,2026-04-04,Excelsior,Nijmegen,0,2,A,0,1,A,Matchday 29,source_reported_FT,SBV Excelsior,NEC
openfootball/football.json,https://raw.githubusercontent.com/openfootball/football.json/8aa4cd0ce0410b21037f063eeb4edd981081d85d/2025-26/nl.1.json,8aa4cd0ce0410b21037f063eeb4edd981081d85d,253,2026-09-04T07:12:29.560Z,Eredivisie,2025-26,2026-04-04,PSV Eindhoven,Utrecht,4,3,H,1,2,A,Matchday 29,source_reported_FT,PSV,FC Utrecht
openfootball/football.json,https://raw.githubusercontent.com/openfootball/football.json/8aa4cd0ce0410b21037f063eeb4edd981081d85d/2025-26/nl.1.json,8aa4cd0ce0410b21037f063eeb4edd981081d85d,254,2026-09-04T07:12:29.560Z,Eredivisie,2025-26,2026-04-04,Telstar,Groningen,0,2,A,0,1,A,Matchday 29,source_reported_FT,Telstar 1963,FC Groningen
openfootball/football.json,https://raw.githubusercontent.com/openfootball/football.json/8aa4cd0ce0410b21037f063eeb4edd981081d85d/2025-26/nl.1.json,8aa4cd0ce0410b21037f063eeb4edd981081d85d,258,2026-09-04T07:12:29.560Z,Eredivisie,2025-26,2026-04-05,Go Ahead Eagles,Zwolle,5,0,H,3,0,H,Matchday 29,source_reported_FT,Go Ahead Eagles,PEC Zwolle
openfootball/football.json,https://raw.githubusercontent.com/openfootball/football.json/8aa4cd0ce0410b21037f063eeb4edd981081d85d/2025-26/nl.1.json,8aa4cd0ce0410b21037f063eeb4edd981081d85d,260,2026-09-04T07:12:29.560Z,Eredivisie,2025-26,2026-04-05,Heerenveen,Heracles,4,1,H,2,1,H,Matchday 29,source_reported_FT,SC Heerenveen,Heracles Almelo
omarmohamed456/Football-Match-Outcome-Predictor,https://raw.githubusercontent.com/omarmohamed456/Football-Match-Outcome-Predictor/edefc091629a587271b911a08f88c1523502ff11/scraped_data/netherlands_eredivisie_2025-2026_match_data.csv,edefc091629a587271b911a08f88c1523502ff11,209,2026-09-04T07:16:40.714Z,Eredivisie,2025-26,2026-04-05,NAC Breda,Sparta Rotterdam,0,0,D,,,,29,source_reported_FT,NAC Breda,Sparta Rotterdam
omarmohamed456/Football-Match-Outcome-Predictor,https://raw.githubusercontent.com/omarmohamed456/Football-Match-Outcome-Predictor/edefc091629a587271b911a08f88c1523502ff11/scraped_data/netherlands_eredivisie_2025-2026_match_data.csv,edefc091629a587271b911a08f88c1523502ff11,83,2026-09-04T07:16:40.714Z,Eredivisie,2025-26,2026-04-05,Volendam,Feyenoord,0,0,D,,,,29,source_reported_FT,FC Volendam,Feyenoord
openfootball/football.json,https://raw.githubusercontent.com/openfootball/football.json/8aa4cd0ce0410b21037f063eeb4edd981081d85d/2025-26/nl.1.json,8aa4cd0ce0410b21037f063eeb4edd981081d85d,262,2026-09-04T07:12:29.560Z,Eredivisie,2025-26,2026-04-10,Twente,Volendam,2,1,H,2,0,H,Matchday 30,source_reported_FT,FC Twente '65,FC Volendam
openfootball/football.json,https://raw.githubusercontent.com/openfootball/football.json/8aa4cd0ce0410b21037f063eeb4edd981081d85d/2025-26/nl.1.json,8aa4cd0ce0410b21037f063eeb4edd981081d85d,266,2026-09-04T07:12:29.560Z,Eredivisie,2025-26,2026-04-11,Heracles,Ajax,0,3,A,0,2,A,Matchday 30,source_reported_FT,Heracles Almelo,AFC Ajax
openfootball/football.json,https://raw.githubusercontent.com/openfootball/football.json/8aa4cd0ce0410b21037f063eeb4edd981081d85d/2025-26/nl.1.json,8aa4cd0ce0410b21037f063eeb4edd981081d85d,264,2026-09-04T07:12:29.560Z,Eredivisie,2025-26,2026-04-11,Sparta Rotterdam,PSV Eindhoven,0,2,A,0,1,A,Matchday 30,source_reported_FT,Sparta Rotterdam,PSV
openfootball/football.json,https://raw.githubusercontent.com/openfootball/football.json/8aa4cd0ce0410b21037f063eeb4edd981081d85d/2025-26/nl.1.json,8aa4cd0ce0410b21037f063eeb4edd981081d85d,263,2026-09-04T07:12:29.560Z,Eredivisie,2025-26,2026-04-11,Utrecht,Telstar,4,1,H,1,0,H,Matchday 30,source_reported_FT,FC Utrecht,Telstar 1963
openfootball/football.json,https://raw.githubusercontent.com/openfootball/football.json/8aa4cd0ce0410b21037f063eeb4edd981081d85d/2025-26/nl.1.json,8aa4cd0ce0410b21037f063eeb4edd981081d85d,270,2026-09-04T07:12:29.560Z,Eredivisie,2025-26,2026-04-12,AZ Alkmaar,Heerenveen,3,0,H,2,0,H,Matchday 30,source_reported_FT,AZ,SC Heerenveen
openfootball/football.json,https://raw.githubusercontent.com/openfootball/football.json/8aa4cd0ce0410b21037f063eeb4edd981081d85d/2025-26/nl.1.json,8aa4cd0ce0410b21037f063eeb4edd981081d85d,267,2026-09-04T07:12:29.560Z,Eredivisie,2025-26,2026-04-12,For Sittard,NAC Breda,1,1,D,0,0,D,Matchday 30,source_reported_FT,Fortuna Sittard,NAC Breda
openfootball/football.json,https://raw.githubusercontent.com/openfootball/football.json/8aa4cd0ce0410b21037f063eeb4edd981081d85d/2025-26/nl.1.json,8aa4cd0ce0410b21037f063eeb4edd981081d85d,268,2026-09-04T07:12:29.560Z,Eredivisie,2025-26,2026-04-12,Nijmegen,Feyenoord,1,1,D,0,1,A,Matchday 30,source_reported_FT,NEC,Feyenoord Rotterdam
openfootball/football.json,https://raw.githubusercontent.com/openfootball/football.json/8aa4cd0ce0410b21037f063eeb4edd981081d85d/2025-26/nl.1.json,8aa4cd0ce0410b21037f063eeb4edd981081d85d,269,2026-09-04T07:12:29.560Z,Eredivisie,2025-26,2026-04-12,Zwolle,Excelsior,2,2,D,1,1,D,Matchday 30,source_reported_FT,PEC Zwolle,SBV Excelsior
openfootball/football.json,https://raw.githubusercontent.com/openfootball/football.json/8aa4cd0ce0410b21037f063eeb4edd981081d85d/2025-26/nl.1.json,8aa4cd0ce0410b21037f063eeb4edd981081d85d,271,2026-09-04T07:12:29.560Z,Eredivisie,2025-26,2026-04-22,Telstar,Sparta Rotterdam,4,1,H,1,1,D,Matchday 31,source_reported_FT,Telstar 1963,Sparta Rotterdam
openfootball/football.json,https://raw.githubusercontent.com/openfootball/football.json/8aa4cd0ce0410b21037f063eeb4edd981081d85d/2025-26/nl.1.json,8aa4cd0ce0410b21037f063eeb4edd981081d85d,273,2026-09-04T07:12:29.560Z,Eredivisie,2025-26,2026-04-23,PSV Eindhoven,Zwolle,6,1,H,1,0,H,Matchday 31,source_reported_FT,PSV,PEC Zwolle
openfootball/football.json,https://raw.githubusercontent.com/openfootball/football.json/8aa4cd0ce0410b21037f063eeb4edd981081d85d/2025-26/nl.1.json,8aa4cd0ce0410b21037f063eeb4edd981081d85d,274,2026-09-04T07:12:29.560Z,Eredivisie,2025-26,2026-04-25,Feyenoord,Groningen,3,1,H,2,0,H,Matchday 31,source_reported_FT,Feyenoord Rotterdam,FC Groningen
openfootball/football.json,https://raw.githubusercontent.com/openfootball/football.json/8aa4cd0ce0410b21037f063eeb4edd981081d85d/2025-26/nl.1.json,8aa4cd0ce0410b21037f063eeb4edd981081d85d,275,2026-09-04T07:12:29.560Z,Eredivisie,2025-26,2026-04-25,Heerenveen,For Sittard,2,1,H,1,1,D,Matchday 31,source_reported_FT,SC Heerenveen,Fortuna Sittard
openfootball/football.json,https://raw.githubusercontent.com/openfootball/football.json/8aa4cd0ce0410b21037f063eeb4edd981081d85d/2025-26/nl.1.json,8aa4cd0ce0410b21037f063eeb4edd981081d85d,276,2026-09-04T07:12:29.560Z,Eredivisie,2025-26,2026-04-25,NAC Breda,Ajax,0,2,A,0,2,A,Matchday 31,source_reported_FT,NAC Breda,AFC Ajax
openfootball/football.json,https://raw.githubusercontent.com/openfootball/football.json/8aa4cd0ce0410b21037f063eeb4edd981081d85d/2025-26/nl.1.json,8aa4cd0ce0410b21037f063eeb4edd981081d85d,277,2026-09-04T07:12:29.560Z,Eredivisie,2025-26,2026-04-25,Twente,Nijmegen,1,1,D,1,1,D,Matchday 31,source_reported_FT,FC Twente '65,NEC
openfootball/football.json,https://raw.githubusercontent.com/openfootball/football.json/8aa4cd0ce0410b21037f063eeb4edd981081d85d/2025-26/nl.1.json,8aa4cd0ce0410b21037f063eeb4edd981081d85d,278,2026-09-04T07:12:29.560Z,Eredivisie,2025-26,2026-04-26,Excelsior,Utrecht,5,0,H,2,0,H,Matchday 31,source_reported_FT,SBV Excelsior,FC Utrecht
openfootball/football.json,https://raw.githubusercontent.com/openfootball/football.json/8aa4cd0ce0410b21037f063eeb4edd981081d85d/2025-26/nl.1.json,8aa4cd0ce0410b21037f063eeb4edd981081d85d,279,2026-09-04T07:12:29.560Z,Eredivisie,2025-26,2026-04-26,Heracles,Volendam,0,2,A,0,0,D,Matchday 31,source_reported_FT,Heracles Almelo,FC Volendam
openfootball/football.json,https://raw.githubusercontent.com/openfootball/football.json/8aa4cd0ce0410b21037f063eeb4edd981081d85d/2025-26/nl.1.json,8aa4cd0ce0410b21037f063eeb4edd981081d85d,282,2026-09-04T07:12:29.560Z,Eredivisie,2025-26,2026-05-02,Ajax,PSV Eindhoven,2,2,D,1,1,D,Matchday 32,source_reported_FT,AFC Ajax,PSV
openfootball/football.json,https://raw.githubusercontent.com/openfootball/football.json/8aa4cd0ce0410b21037f063eeb4edd981081d85d/2025-26/nl.1.json,8aa4cd0ce0410b21037f063eeb4edd981081d85d,281,2026-09-04T07:12:29.560Z,Eredivisie,2025-26,2026-05-02,Groningen,Excelsior,2,3,A,1,1,D,Matchday 32,source_reported_FT,FC Groningen,SBV Excelsior
openfootball/football.json,https://raw.githubusercontent.com/openfootball/football.json/8aa4cd0ce0410b21037f063eeb4edd981081d85d/2025-26/nl.1.json,8aa4cd0ce0410b21037f063eeb4edd981081d85d,283,2026-09-04T07:12:29.560Z,Eredivisie,2025-26,2026-05-02,Nijmegen,Telstar,1,1,D,0,1,A,Matchday 32,source_reported_FT,NEC,Telstar 1963
openfootball/football.json,https://raw.githubusercontent.com/openfootball/football.json/8aa4cd0ce0410b21037f063eeb4edd981081d85d/2025-26/nl.1.json,8aa4cd0ce0410b21037f063eeb4edd981081d85d,280,2026-09-04T07:12:29.560Z,Eredivisie,2025-26,2026-05-02,Utrecht,NAC Breda,2,0,H,0,0,D,Matchday 32,source_reported_FT,FC Utrecht,NAC Breda
openfootball/football.json,https://raw.githubusercontent.com/openfootball/football.json/8aa4cd0ce0410b21037f063eeb4edd981081d85d/2025-26/nl.1.json,8aa4cd0ce0410b21037f063eeb4edd981081d85d,287,2026-09-04T07:12:29.560Z,Eredivisie,2025-26,2026-05-03,AZ Alkmaar,Twente,2,2,D,1,1,D,Matchday 32,source_reported_FT,AZ,FC Twente '65
openfootball/football.json,https://raw.githubusercontent.com/openfootball/football.json/8aa4cd0ce0410b21037f063eeb4edd981081d85d/2025-26/nl.1.json,8aa4cd0ce0410b21037f063eeb4edd981081d85d,285,2026-09-04T07:12:29.560Z,Eredivisie,2025-26,2026-05-03,For Sittard,Feyenoord,1,2,A,0,0,D,Matchday 32,source_reported_FT,Fortuna Sittard,Feyenoord Rotterdam
openfootball/football.json,https://raw.githubusercontent.com/openfootball/football.json/8aa4cd0ce0410b21037f063eeb4edd981081d85d/2025-26/nl.1.json,8aa4cd0ce0410b21037f063eeb4edd981081d85d,288,2026-09-04T07:12:29.560Z,Eredivisie,2025-26,2026-05-03,Sparta Rotterdam,Go Ahead Eagles,2,2,D,1,0,H,Matchday 32,source_reported_FT,Sparta Rotterdam,Go Ahead Eagles
openfootball/football.json,https://raw.githubusercontent.com/openfootball/football.json/8aa4cd0ce0410b21037f063eeb4edd981081d85d/2025-26/nl.1.json,8aa4cd0ce0410b21037f063eeb4edd981081d85d,284,2026-09-04T07:12:29.560Z,Eredivisie,2025-26,2026-05-03,Volendam,Heerenveen,0,2,A,0,1,A,Matchday 32,source_reported_FT,FC Volendam,SC Heerenveen
openfootball/football.json,https://raw.githubusercontent.com/openfootball/football.json/8aa4cd0ce0410b21037f063eeb4edd981081d85d/2025-26/nl.1.json,8aa4cd0ce0410b21037f063eeb4edd981081d85d,286,2026-09-04T07:12:29.560Z,Eredivisie,2025-26,2026-05-03,Zwolle,Heracles,1,0,H,1,0,H,Matchday 32,source_reported_FT,PEC Zwolle,Heracles Almelo
openfootball/football.json,https://raw.githubusercontent.com/openfootball/football.json/8aa4cd0ce0410b21037f063eeb4edd981081d85d/2025-26/nl.1.json,8aa4cd0ce0410b21037f063eeb4edd981081d85d,289,2026-09-04T07:12:29.560Z,Eredivisie,2025-26,2026-05-10,Ajax,Utrecht,1,2,A,0,0,D,Matchday 33,source_reported_FT,AFC Ajax,FC Utrecht
openfootball/football.json,https://raw.githubusercontent.com/openfootball/football.json/8aa4cd0ce0410b21037f063eeb4edd981081d85d/2025-26/nl.1.json,8aa4cd0ce0410b21037f063eeb4edd981081d85d,290,2026-09-04T07:12:29.560Z,Eredivisie,2025-26,2026-05-10,Excelsior,Volendam,1,1,D,1,1,D,Matchday 33,source_reported_FT,SBV Excelsior,FC Volendam
openfootball/football.json,https://raw.githubusercontent.com/openfootball/football.json/8aa4cd0ce0410b21037f063eeb4edd981081d85d/2025-26/nl.1.json,8aa4cd0ce0410b21037f063eeb4edd981081d85d,292,2026-09-04T07:12:29.560Z,Eredivisie,2025-26,2026-05-10,Feyenoord,AZ Alkmaar,1,1,D,0,1,A,Matchday 33,source_reported_FT,Feyenoord Rotterdam,AZ
openfootball/football.json,https://raw.githubusercontent.com/openfootball/football.json/8aa4cd0ce0410b21037f063eeb4edd981081d85d/2025-26/nl.1.json,8aa4cd0ce0410b21037f063eeb4edd981081d85d,293,2026-09-04T07:12:29.560Z,Eredivisie,2025-26,2026-05-10,For Sittard,Zwolle,3,2,H,1,0,H,Matchday 33,source_reported_FT,Fortuna Sittard,PEC Zwolle
openfootball/football.json,https://raw.githubusercontent.com/openfootball/football.json/8aa4cd0ce0410b21037f063eeb4edd981081d85d/2025-26/nl.1.json,8aa4cd0ce0410b21037f063eeb4edd981081d85d,294,2026-09-04T07:12:29.560Z,Eredivisie,2025-26,2026-05-10,Go Ahead Eagles,PSV Eindhoven,1,4,A,1,2,A,Matchday 33,source_reported_FT,Go Ahead Eagles,PSV
openfootball/football.json,https://raw.githubusercontent.com/openfootball/football.json/8aa4cd0ce0410b21037f063eeb4edd981081d85d/2025-26/nl.1.json,8aa4cd0ce0410b21037f063eeb4edd981081d85d,291,2026-09-04T07:12:29.560Z,Eredivisie,2025-26,2026-05-10,Groningen,Nijmegen,2,1,H,1,0,H,Matchday 33,source_reported_FT,FC Groningen,NEC
openfootball/football.json,https://raw.githubusercontent.com/openfootball/football.json/8aa4cd0ce0410b21037f063eeb4edd981081d85d/2025-26/nl.1.json,8aa4cd0ce0410b21037f063eeb4edd981081d85d,296,2026-09-04T07:12:29.560Z,Eredivisie,2025-26,2026-05-10,Telstar,Heracles,3,0,H,0,0,D,Matchday 33,source_reported_FT,Telstar 1963,Heracles Almelo
openfootball/football.json,https://raw.githubusercontent.com/openfootball/football.json/8aa4cd0ce0410b21037f063eeb4edd981081d85d/2025-26/nl.1.json,8aa4cd0ce0410b21037f063eeb4edd981081d85d,297,2026-09-04T07:12:29.560Z,Eredivisie,2025-26,2026-05-10,Twente,Sparta Rotterdam,4,0,H,0,0,D,Matchday 33,source_reported_FT,FC Twente '65,Sparta Rotterdam
openfootball/football.json,https://raw.githubusercontent.com/openfootball/football.json/8aa4cd0ce0410b21037f063eeb4edd981081d85d/2025-26/nl.1.json,8aa4cd0ce0410b21037f063eeb4edd981081d85d,298,2026-09-04T07:12:29.560Z,Eredivisie,2025-26,2026-05-17,AZ Alkmaar,NAC Breda,3,3,D,2,0,H,Matchday 34,source_reported_FT,AZ,NAC Breda
openfootball/football.json,https://raw.githubusercontent.com/openfootball/football.json/8aa4cd0ce0410b21037f063eeb4edd981081d85d/2025-26/nl.1.json,8aa4cd0ce0410b21037f063eeb4edd981081d85d,301,2026-09-04T07:12:29.560Z,Eredivisie,2025-26,2026-05-17,Heracles,Groningen,1,2,A,1,1,D,Matchday 34,source_reported_FT,Heracles Almelo,FC Groningen
openfootball/football.json,https://raw.githubusercontent.com/openfootball/football.json/8aa4cd0ce0410b21037f063eeb4edd981081d85d/2025-26/nl.1.json,8aa4cd0ce0410b21037f063eeb4edd981081d85d,302,2026-09-04T07:12:29.560Z,Eredivisie,2025-26,2026-05-17,Nijmegen,Go Ahead Eagles,2,1,H,2,0,H,Matchday 34,source_reported_FT,NEC,Go Ahead Eagles
openfootball/football.json,https://raw.githubusercontent.com/openfootball/football.json/8aa4cd0ce0410b21037f063eeb4edd981081d85d/2025-26/nl.1.json,8aa4cd0ce0410b21037f063eeb4edd981081d85d,304,2026-09-04T07:12:29.560Z,Eredivisie,2025-26,2026-05-17,PSV Eindhoven,Twente,5,1,H,2,1,H,Matchday 34,source_reported_FT,PSV,FC Twente '65
openfootball/football.json,https://raw.githubusercontent.com/openfootball/football.json/8aa4cd0ce0410b21037f063eeb4edd981081d85d/2025-26/nl.1.json,8aa4cd0ce0410b21037f063eeb4edd981081d85d,306,2026-09-04T07:12:29.560Z,Eredivisie,2025-26,2026-05-17,Sparta Rotterdam,Excelsior,2,3,A,0,1,A,Matchday 34,source_reported_FT,Sparta Rotterdam,SBV Excelsior
openfootball/football.json,https://raw.githubusercontent.com/openfootball/football.json/8aa4cd0ce0410b21037f063eeb4edd981081d85d/2025-26/nl.1.json,8aa4cd0ce0410b21037f063eeb4edd981081d85d,299,2026-09-04T07:12:29.560Z,Eredivisie,2025-26,2026-05-17,Utrecht,For Sittard,2,0,H,1,0,H,Matchday 34,source_reported_FT,FC Utrecht,Fortuna Sittard
openfootball/football.json,https://raw.githubusercontent.com/openfootball/football.json/8aa4cd0ce0410b21037f063eeb4edd981081d85d/2025-26/nl.1.json,8aa4cd0ce0410b21037f063eeb4edd981081d85d,300,2026-09-04T07:12:29.560Z,Eredivisie,2025-26,2026-05-17,Volendam,Telstar,1,2,A,1,1,D,Matchday 34,source_reported_FT,FC Volendam,Telstar 1963
openfootball/football.json,https://raw.githubusercontent.com/openfootball/football.json/8aa4cd0ce0410b21037f063eeb4edd981081d85d/2025-26/nl.1.json,8aa4cd0ce0410b21037f063eeb4edd981081d85d,303,2026-09-04T07:12:29.560Z,Eredivisie,2025-26,2026-05-17,Zwolle,Feyenoord,0,2,A,0,0,D,Matchday 34,source_reported_FT,PEC Zwolle,Feyenoord Rotterdam
