source,source_url,source_revision,source_row,observed_at,league,season,date,home_team,away_team,ft_home_goals,ft_away_goals,ft_result,ht_home_goals,ht_away_goals,ht_result,round,score_period,home_team_raw,away_team_raw
alioh/Saudi-Professional-League-Datasets,https://raw.githubusercontent.com/alioh/Saudi-Professional-League-Datasets/191ad2bf5cbfbceff2caf8e3ed3a7042519b0858/SPL-2016-2017-FS.csv,191ad2bf5cbfbceff2caf8e3ed3a7042519b0858,3,2026-09-04T07:12:38.727Z,Saudi Pro League,2016-17,2016-08-11,Al-Raed,Al-Ittihad FC,2,3,A,,,,1,source_reported_FT,Al-Raed,Al-Ittihad FC
alioh/Saudi-Professional-League-Datasets,https://raw.githubusercontent.com/alioh/Saudi-Professional-League-Datasets/191ad2bf5cbfbceff2caf8e3ed3a7042519b0858/SPL-2016-2017-FS.csv,191ad2bf5cbfbceff2caf8e3ed3a7042519b0858,2,2026-09-04T07:12:38.727Z,Saudi Pro League,2016-17,2016-08-11,Al-Shabab,Al Qadisiya,0,0,D,,,,1,source_reported_FT,Al-Shabab,Al Qadisiya
alioh/Saudi-Professional-League-Datasets,https://raw.githubusercontent.com/alioh/Saudi-Professional-League-Datasets/191ad2bf5cbfbceff2caf8e3ed3a7042519b0858/SPL-2016-2017-FS.csv,191ad2bf5cbfbceff2caf8e3ed3a7042519b0858,6,2026-09-04T07:12:38.727Z,Saudi Pro League,2016-17,2016-08-12,Al Wehda,Al-Taawon,3,2,H,,,,1,source_reported_FT,Al Wehda,Al-Taawon
alioh/Saudi-Professional-League-Datasets,https://raw.githubusercontent.com/alioh/Saudi-Professional-League-Datasets/191ad2bf5cbfbceff2caf8e3ed3a7042519b0858/SPL-2016-2017-FS.csv,191ad2bf5cbfbceff2caf8e3ed3a7042519b0858,4,2026-09-04T07:12:38.727Z,Saudi Pro League,2016-17,2016-08-12,Al-Faisaly,Al Khaleej,3,1,H,,,,1,source_reported_FT,Al-Faisaly,Al Khaleej
alioh/Saudi-Professional-League-Datasets,https://raw.githubusercontent.com/alioh/Saudi-Professional-League-Datasets/191ad2bf5cbfbceff2caf8e3ed3a7042519b0858/SPL-2016-2017-FS.csv,191ad2bf5cbfbceff2caf8e3ed3a7042519b0858,5,2026-09-04T07:12:38.727Z,Saudi Pro League,2016-17,2016-08-12,Al-Nassr,Al-Fateh,4,1,H,,,,1,source_reported_FT,Al-Nassr,Al-Fateh
alioh/Saudi-Professional-League-Datasets,https://raw.githubusercontent.com/alioh/Saudi-Professional-League-Datasets/191ad2bf5cbfbceff2caf8e3ed3a7042519b0858/SPL-2016-2017-FS.csv,191ad2bf5cbfbceff2caf8e3ed3a7042519b0858,7,2026-09-04T07:12:38.727Z,Saudi Pro League,2016-17,2016-08-13,Al-Hilal,Al Batin,2,0,H,,,,1,source_reported_FT,Al-Hilal,Al Batin
alioh/Saudi-Professional-League-Datasets,https://raw.githubusercontent.com/alioh/Saudi-Professional-League-Datasets/191ad2bf5cbfbceff2caf8e3ed3a7042519b0858/SPL-2016-2017-FS.csv,191ad2bf5cbfbceff2caf8e3ed3a7042519b0858,8,2026-09-04T07:12:38.727Z,Saudi Pro League,2016-17,2016-08-14,Al-Ettifaq,Al Ahli SC,1,4,A,,,,1,source_reported_FT,Al-Ettifaq,Al Ahli SC
alioh/Saudi-Professional-League-Datasets,https://raw.githubusercontent.com/alioh/Saudi-Professional-League-Datasets/191ad2bf5cbfbceff2caf8e3ed3a7042519b0858/SPL-2016-2017-FS.csv,191ad2bf5cbfbceff2caf8e3ed3a7042519b0858,9,2026-09-04T07:12:38.727Z,Saudi Pro League,2016-17,2016-08-18,Al-Raed,Al Wehda,3,1,H,,,,2,source_reported_FT,Al-Raed,Al Wehda
alioh/Saudi-Professional-League-Datasets,https://raw.githubusercontent.com/alioh/Saudi-Professional-League-Datasets/191ad2bf5cbfbceff2caf8e3ed3a7042519b0858/SPL-2016-2017-FS.csv,191ad2bf5cbfbceff2caf8e3ed3a7042519b0858,10,2026-09-04T07:12:38.727Z,Saudi Pro League,2016-17,2016-08-19,Al Qadisiya,Al-Faisaly,1,1,D,,,,2,source_reported_FT,Al Qadisiya,Al-Faisaly
alioh/Saudi-Professional-League-Datasets,https://raw.githubusercontent.com/alioh/Saudi-Professional-League-Datasets/191ad2bf5cbfbceff2caf8e3ed3a7042519b0858/SPL-2016-2017-FS.csv,191ad2bf5cbfbceff2caf8e3ed3a7042519b0858,11,2026-09-04T07:12:38.727Z,Saudi Pro League,2016-17,2016-08-19,Al-Taawon,Al-Hilal,0,2,A,,,,2,source_reported_FT,Al-Taawon,Al-Hilal
alioh/Saudi-Professional-League-Datasets,https://raw.githubusercontent.com/alioh/Saudi-Professional-League-Datasets/191ad2bf5cbfbceff2caf8e3ed3a7042519b0858/SPL-2016-2017-FS.csv,191ad2bf5cbfbceff2caf8e3ed3a7042519b0858,12,2026-09-04T07:12:38.727Z,Saudi Pro League,2016-17,2016-08-20,Al Batin,Al-Shabab,1,0,H,,,,2,source_reported_FT,Al Batin,Al-Shabab
alioh/Saudi-Professional-League-Datasets,https://raw.githubusercontent.com/alioh/Saudi-Professional-League-Datasets/191ad2bf5cbfbceff2caf8e3ed3a7042519b0858/SPL-2016-2017-FS.csv,191ad2bf5cbfbceff2caf8e3ed3a7042519b0858,15,2026-09-04T07:12:38.727Z,Saudi Pro League,2016-17,2016-08-20,Al Khaleej,Al-Ittihad FC,2,3,A,,,,2,source_reported_FT,Al Khaleej,Al-Ittihad FC
alioh/Saudi-Professional-League-Datasets,https://raw.githubusercontent.com/alioh/Saudi-Professional-League-Datasets/191ad2bf5cbfbceff2caf8e3ed3a7042519b0858/SPL-2016-2017-FS.csv,191ad2bf5cbfbceff2caf8e3ed3a7042519b0858,14,2026-09-04T07:12:38.727Z,Saudi Pro League,2016-17,2016-08-20,Al-Ettifaq,Al-Nassr,1,0,H,,,,2,source_reported_FT,Al-Ettifaq,Al-Nassr
alioh/Saudi-Professional-League-Datasets,https://raw.githubusercontent.com/alioh/Saudi-Professional-League-Datasets/191ad2bf5cbfbceff2caf8e3ed3a7042519b0858/SPL-2016-2017-FS.csv,191ad2bf5cbfbceff2caf8e3ed3a7042519b0858,13,2026-09-04T07:12:38.727Z,Saudi Pro League,2016-17,2016-08-20,Al-Fateh,Al Ahli SC,0,1,A,,,,2,source_reported_FT,Al-Fateh,Al Ahli SC
alioh/Saudi-Professional-League-Datasets,https://raw.githubusercontent.com/alioh/Saudi-Professional-League-Datasets/191ad2bf5cbfbceff2caf8e3ed3a7042519b0858/SPL-2016-2017-FS.csv,191ad2bf5cbfbceff2caf8e3ed3a7042519b0858,16,2026-09-04T07:12:38.727Z,Saudi Pro League,2016-17,2016-09-16,Al Khaleej,Al Batin,2,2,D,,,,3,source_reported_FT,Al Khaleej,Al Batin
alioh/Saudi-Professional-League-Datasets,https://raw.githubusercontent.com/alioh/Saudi-Professional-League-Datasets/191ad2bf5cbfbceff2caf8e3ed3a7042519b0858/SPL-2016-2017-FS.csv,191ad2bf5cbfbceff2caf8e3ed3a7042519b0858,18,2026-09-04T07:12:38.727Z,Saudi Pro League,2016-17,2016-09-16,Al-Hilal,Al-Ettifaq,1,2,A,,,,3,source_reported_FT,Al-Hilal,Al-Ettifaq
alioh/Saudi-Professional-League-Datasets,https://raw.githubusercontent.com/alioh/Saudi-Professional-League-Datasets/191ad2bf5cbfbceff2caf8e3ed3a7042519b0858/SPL-2016-2017-FS.csv,191ad2bf5cbfbceff2caf8e3ed3a7042519b0858,17,2026-09-04T07:12:38.727Z,Saudi Pro League,2016-17,2016-09-16,Al-Taawon,Al-Raed,2,1,H,,,,3,source_reported_FT,Al-Taawon,Al-Raed
alioh/Saudi-Professional-League-Datasets,https://raw.githubusercontent.com/alioh/Saudi-Professional-League-Datasets/191ad2bf5cbfbceff2caf8e3ed3a7042519b0858/SPL-2016-2017-FS.csv,191ad2bf5cbfbceff2caf8e3ed3a7042519b0858,19,2026-09-04T07:12:38.727Z,Saudi Pro League,2016-17,2016-09-17,Al-Faisaly,Al-Fateh,0,0,D,,,,3,source_reported_FT,Al-Faisaly,Al-Fateh
alioh/Saudi-Professional-League-Datasets,https://raw.githubusercontent.com/alioh/Saudi-Professional-League-Datasets/191ad2bf5cbfbceff2caf8e3ed3a7042519b0858/SPL-2016-2017-FS.csv,191ad2bf5cbfbceff2caf8e3ed3a7042519b0858,20,2026-09-04T07:12:38.727Z,Saudi Pro League,2016-17,2016-09-17,Al-Nassr,Al Qadisiya,1,0,H,,,,3,source_reported_FT,Al-Nassr,Al Qadisiya
alioh/Saudi-Professional-League-Datasets,https://raw.githubusercontent.com/alioh/Saudi-Professional-League-Datasets/191ad2bf5cbfbceff2caf8e3ed3a7042519b0858/SPL-2016-2017-FS.csv,191ad2bf5cbfbceff2caf8e3ed3a7042519b0858,22,2026-09-04T07:12:38.727Z,Saudi Pro League,2016-17,2016-09-18,Al Wehda,Al-Ittihad FC,3,5,A,,,,3,source_reported_FT,Al Wehda,Al-Ittihad FC
alioh/Saudi-Professional-League-Datasets,https://raw.githubusercontent.com/alioh/Saudi-Professional-League-Datasets/191ad2bf5cbfbceff2caf8e3ed3a7042519b0858/SPL-2016-2017-FS.csv,191ad2bf5cbfbceff2caf8e3ed3a7042519b0858,21,2026-09-04T07:12:38.727Z,Saudi Pro League,2016-17,2016-09-18,Al-Shabab,Al Ahli SC,3,2,H,,,,3,source_reported_FT,Al-Shabab,Al Ahli SC
alioh/Saudi-Professional-League-Datasets,https://raw.githubusercontent.com/alioh/Saudi-Professional-League-Datasets/191ad2bf5cbfbceff2caf8e3ed3a7042519b0858/SPL-2016-2017-FS.csv,191ad2bf5cbfbceff2caf8e3ed3a7042519b0858,23,2026-09-04T07:12:38.727Z,Saudi Pro League,2016-17,2016-09-21,Al-Ettifaq,Al Batin,2,1,H,,,,4,source_reported_FT,Al-Ettifaq,Al Batin
alioh/Saudi-Professional-League-Datasets,https://raw.githubusercontent.com/alioh/Saudi-Professional-League-Datasets/191ad2bf5cbfbceff2caf8e3ed3a7042519b0858/SPL-2016-2017-FS.csv,191ad2bf5cbfbceff2caf8e3ed3a7042519b0858,26,2026-09-04T07:12:38.727Z,Saudi Pro League,2016-17,2016-09-22,Al Qadisiya,Al-Hilal,1,2,A,,,,4,source_reported_FT,Al Qadisiya,Al-Hilal
alioh/Saudi-Professional-League-Datasets,https://raw.githubusercontent.com/alioh/Saudi-Professional-League-Datasets/191ad2bf5cbfbceff2caf8e3ed3a7042519b0858/SPL-2016-2017-FS.csv,191ad2bf5cbfbceff2caf8e3ed3a7042519b0858,25,2026-09-04T07:12:38.727Z,Saudi Pro League,2016-17,2016-09-22,Al-Nassr,Al Khaleej,0,1,A,,,,4,source_reported_FT,Al-Nassr,Al Khaleej
alioh/Saudi-Professional-League-Datasets,https://raw.githubusercontent.com/alioh/Saudi-Professional-League-Datasets/191ad2bf5cbfbceff2caf8e3ed3a7042519b0858/SPL-2016-2017-FS.csv,191ad2bf5cbfbceff2caf8e3ed3a7042519b0858,24,2026-09-04T07:12:38.727Z,Saudi Pro League,2016-17,2016-09-22,Al-Raed,Al-Fateh,3,2,H,,,,4,source_reported_FT,Al-Raed,Al-Fateh
alioh/Saudi-Professional-League-Datasets,https://raw.githubusercontent.com/alioh/Saudi-Professional-League-Datasets/191ad2bf5cbfbceff2caf8e3ed3a7042519b0858/SPL-2016-2017-FS.csv,191ad2bf5cbfbceff2caf8e3ed3a7042519b0858,29,2026-09-04T07:12:38.727Z,Saudi Pro League,2016-17,2016-09-23,Al Ahli SC,Al-Ittihad FC,1,1,D,,,,4,source_reported_FT,Al Ahli SC,Al-Ittihad FC
alioh/Saudi-Professional-League-Datasets,https://raw.githubusercontent.com/alioh/Saudi-Professional-League-Datasets/191ad2bf5cbfbceff2caf8e3ed3a7042519b0858/SPL-2016-2017-FS.csv,191ad2bf5cbfbceff2caf8e3ed3a7042519b0858,28,2026-09-04T07:12:38.727Z,Saudi Pro League,2016-17,2016-09-23,Al-Faisaly,Al Wehda,2,1,H,,,,4,source_reported_FT,Al-Faisaly,Al Wehda
alioh/Saudi-Professional-League-Datasets,https://raw.githubusercontent.com/alioh/Saudi-Professional-League-Datasets/191ad2bf5cbfbceff2caf8e3ed3a7042519b0858/SPL-2016-2017-FS.csv,191ad2bf5cbfbceff2caf8e3ed3a7042519b0858,27,2026-09-04T07:12:38.727Z,Saudi Pro League,2016-17,2016-09-23,Al-Shabab,Al-Taawon,2,2,D,,,,4,source_reported_FT,Al-Shabab,Al-Taawon
alioh/Saudi-Professional-League-Datasets,https://raw.githubusercontent.com/alioh/Saudi-Professional-League-Datasets/191ad2bf5cbfbceff2caf8e3ed3a7042519b0858/SPL-2016-2017-FS.csv,191ad2bf5cbfbceff2caf8e3ed3a7042519b0858,32,2026-09-04T07:12:38.727Z,Saudi Pro League,2016-17,2016-10-14,Al Batin,Al-Raed,4,0,H,,,,5,source_reported_FT,Al Batin,Al-Raed
alioh/Saudi-Professional-League-Datasets,https://raw.githubusercontent.com/alioh/Saudi-Professional-League-Datasets/191ad2bf5cbfbceff2caf8e3ed3a7042519b0858/SPL-2016-2017-FS.csv,191ad2bf5cbfbceff2caf8e3ed3a7042519b0858,31,2026-09-04T07:12:38.727Z,Saudi Pro League,2016-17,2016-10-14,Al Khaleej,Al-Shabab,1,2,A,,,,5,source_reported_FT,Al Khaleej,Al-Shabab
alioh/Saudi-Professional-League-Datasets,https://raw.githubusercontent.com/alioh/Saudi-Professional-League-Datasets/191ad2bf5cbfbceff2caf8e3ed3a7042519b0858/SPL-2016-2017-FS.csv,191ad2bf5cbfbceff2caf8e3ed3a7042519b0858,30,2026-09-04T07:12:38.727Z,Saudi Pro League,2016-17,2016-10-14,Al-Fateh,Al-Ettifaq,0,0,D,,,,5,source_reported_FT,Al-Fateh,Al-Ettifaq
alioh/Saudi-Professional-League-Datasets,https://raw.githubusercontent.com/alioh/Saudi-Professional-League-Datasets/191ad2bf5cbfbceff2caf8e3ed3a7042519b0858/SPL-2016-2017-FS.csv,191ad2bf5cbfbceff2caf8e3ed3a7042519b0858,33,2026-09-04T07:12:38.727Z,Saudi Pro League,2016-17,2016-10-14,Al-Ittihad FC,Al-Taawon,3,1,H,,,,5,source_reported_FT,Al-Ittihad FC,Al-Taawon
alioh/Saudi-Professional-League-Datasets,https://raw.githubusercontent.com/alioh/Saudi-Professional-League-Datasets/191ad2bf5cbfbceff2caf8e3ed3a7042519b0858/SPL-2016-2017-FS.csv,191ad2bf5cbfbceff2caf8e3ed3a7042519b0858,36,2026-09-04T07:12:38.727Z,Saudi Pro League,2016-17,2016-10-15,Al Ahli SC,Al Qadisiya,2,0,H,,,,5,source_reported_FT,Al Ahli SC,Al Qadisiya
alioh/Saudi-Professional-League-Datasets,https://raw.githubusercontent.com/alioh/Saudi-Professional-League-Datasets/191ad2bf5cbfbceff2caf8e3ed3a7042519b0858/SPL-2016-2017-FS.csv,191ad2bf5cbfbceff2caf8e3ed3a7042519b0858,35,2026-09-04T07:12:38.727Z,Saudi Pro League,2016-17,2016-10-15,Al Wehda,Al-Nassr,0,3,A,,,,5,source_reported_FT,Al Wehda,Al-Nassr
alioh/Saudi-Professional-League-Datasets,https://raw.githubusercontent.com/alioh/Saudi-Professional-League-Datasets/191ad2bf5cbfbceff2caf8e3ed3a7042519b0858/SPL-2016-2017-FS.csv,191ad2bf5cbfbceff2caf8e3ed3a7042519b0858,34,2026-09-04T07:12:38.727Z,Saudi Pro League,2016-17,2016-10-15,Al-Hilal,Al-Faisaly,4,0,H,,,,5,source_reported_FT,Al-Hilal,Al-Faisaly
alioh/Saudi-Professional-League-Datasets,https://raw.githubusercontent.com/alioh/Saudi-Professional-League-Datasets/191ad2bf5cbfbceff2caf8e3ed3a7042519b0858/SPL-2016-2017-FS.csv,191ad2bf5cbfbceff2caf8e3ed3a7042519b0858,38,2026-09-04T07:12:38.727Z,Saudi Pro League,2016-17,2016-10-20,Al Khaleej,Al-Hilal,1,6,A,,,,6,source_reported_FT,Al Khaleej,Al-Hilal
alioh/Saudi-Professional-League-Datasets,https://raw.githubusercontent.com/alioh/Saudi-Professional-League-Datasets/191ad2bf5cbfbceff2caf8e3ed3a7042519b0858/SPL-2016-2017-FS.csv,191ad2bf5cbfbceff2caf8e3ed3a7042519b0858,39,2026-09-04T07:12:38.727Z,Saudi Pro League,2016-17,2016-10-20,Al-Ittihad FC,Al-Shabab,0,1,A,,,,6,source_reported_FT,Al-Ittihad FC,Al-Shabab
alioh/Saudi-Professional-League-Datasets,https://raw.githubusercontent.com/alioh/Saudi-Professional-League-Datasets/191ad2bf5cbfbceff2caf8e3ed3a7042519b0858/SPL-2016-2017-FS.csv,191ad2bf5cbfbceff2caf8e3ed3a7042519b0858,37,2026-09-04T07:12:38.727Z,Saudi Pro League,2016-17,2016-10-20,Al-Taawon,Al-Fateh,0,0,D,,,,6,source_reported_FT,Al-Taawon,Al-Fateh
alioh/Saudi-Professional-League-Datasets,https://raw.githubusercontent.com/alioh/Saudi-Professional-League-Datasets/191ad2bf5cbfbceff2caf8e3ed3a7042519b0858/SPL-2016-2017-FS.csv,191ad2bf5cbfbceff2caf8e3ed3a7042519b0858,41,2026-09-04T07:12:38.727Z,Saudi Pro League,2016-17,2016-10-21,Al Batin,Al Qadisiya,1,1,D,,,,6,source_reported_FT,Al Batin,Al Qadisiya
alioh/Saudi-Professional-League-Datasets,https://raw.githubusercontent.com/alioh/Saudi-Professional-League-Datasets/191ad2bf5cbfbceff2caf8e3ed3a7042519b0858/SPL-2016-2017-FS.csv,191ad2bf5cbfbceff2caf8e3ed3a7042519b0858,40,2026-09-04T07:12:38.727Z,Saudi Pro League,2016-17,2016-10-21,Al-Ettifaq,Al Wehda,1,3,A,,,,6,source_reported_FT,Al-Ettifaq,Al Wehda
alioh/Saudi-Professional-League-Datasets,https://raw.githubusercontent.com/alioh/Saudi-Professional-League-Datasets/191ad2bf5cbfbceff2caf8e3ed3a7042519b0858/SPL-2016-2017-FS.csv,191ad2bf5cbfbceff2caf8e3ed3a7042519b0858,43,2026-09-04T07:12:38.727Z,Saudi Pro League,2016-17,2016-10-21,Al-Nassr,Al Ahli SC,1,0,H,,,,6,source_reported_FT,Al-Nassr,Al Ahli SC
alioh/Saudi-Professional-League-Datasets,https://raw.githubusercontent.com/alioh/Saudi-Professional-League-Datasets/191ad2bf5cbfbceff2caf8e3ed3a7042519b0858/SPL-2016-2017-FS.csv,191ad2bf5cbfbceff2caf8e3ed3a7042519b0858,42,2026-09-04T07:12:38.727Z,Saudi Pro League,2016-17,2016-10-21,Al-Raed,Al-Faisaly,1,0,H,,,,6,source_reported_FT,Al-Raed,Al-Faisaly
alioh/Saudi-Professional-League-Datasets,https://raw.githubusercontent.com/alioh/Saudi-Professional-League-Datasets/191ad2bf5cbfbceff2caf8e3ed3a7042519b0858/SPL-2016-2017-FS.csv,191ad2bf5cbfbceff2caf8e3ed3a7042519b0858,44,2026-09-04T07:12:38.727Z,Saudi Pro League,2016-17,2016-10-28,Al Qadisiya,Al-Taawon,0,1,A,,,,7,source_reported_FT,Al Qadisiya,Al-Taawon
alioh/Saudi-Professional-League-Datasets,https://raw.githubusercontent.com/alioh/Saudi-Professional-League-Datasets/191ad2bf5cbfbceff2caf8e3ed3a7042519b0858/SPL-2016-2017-FS.csv,191ad2bf5cbfbceff2caf8e3ed3a7042519b0858,46,2026-09-04T07:12:38.727Z,Saudi Pro League,2016-17,2016-10-28,Al-Hilal,Al-Ittihad FC,0,2,A,,,,7,source_reported_FT,Al-Hilal,Al-Ittihad FC
alioh/Saudi-Professional-League-Datasets,https://raw.githubusercontent.com/alioh/Saudi-Professional-League-Datasets/191ad2bf5cbfbceff2caf8e3ed3a7042519b0858/SPL-2016-2017-FS.csv,191ad2bf5cbfbceff2caf8e3ed3a7042519b0858,45,2026-09-04T07:12:38.727Z,Saudi Pro League,2016-17,2016-10-28,Al-Raed,Al-Ettifaq,2,0,H,,,,7,source_reported_FT,Al-Raed,Al-Ettifaq
alioh/Saudi-Professional-League-Datasets,https://raw.githubusercontent.com/alioh/Saudi-Professional-League-Datasets/191ad2bf5cbfbceff2caf8e3ed3a7042519b0858/SPL-2016-2017-FS.csv,191ad2bf5cbfbceff2caf8e3ed3a7042519b0858,50,2026-09-04T07:12:38.727Z,Saudi Pro League,2016-17,2016-10-29,Al Ahli SC,Al Khaleej,4,1,H,,,,7,source_reported_FT,Al Ahli SC,Al Khaleej
alioh/Saudi-Professional-League-Datasets,https://raw.githubusercontent.com/alioh/Saudi-Professional-League-Datasets/191ad2bf5cbfbceff2caf8e3ed3a7042519b0858/SPL-2016-2017-FS.csv,191ad2bf5cbfbceff2caf8e3ed3a7042519b0858,49,2026-09-04T07:12:38.727Z,Saudi Pro League,2016-17,2016-10-29,Al Wehda,Al Batin,5,1,H,,,,7,source_reported_FT,Al Wehda,Al Batin
alioh/Saudi-Professional-League-Datasets,https://raw.githubusercontent.com/alioh/Saudi-Professional-League-Datasets/191ad2bf5cbfbceff2caf8e3ed3a7042519b0858/SPL-2016-2017-FS.csv,191ad2bf5cbfbceff2caf8e3ed3a7042519b0858,48,2026-09-04T07:12:38.727Z,Saudi Pro League,2016-17,2016-10-29,Al-Faisaly,Al-Nassr,1,2,A,,,,7,source_reported_FT,Al-Faisaly,Al-Nassr
alioh/Saudi-Professional-League-Datasets,https://raw.githubusercontent.com/alioh/Saudi-Professional-League-Datasets/191ad2bf5cbfbceff2caf8e3ed3a7042519b0858/SPL-2016-2017-FS.csv,191ad2bf5cbfbceff2caf8e3ed3a7042519b0858,47,2026-09-04T07:12:38.727Z,Saudi Pro League,2016-17,2016-10-29,Al-Shabab,Al-Fateh,2,0,H,,,,7,source_reported_FT,Al-Shabab,Al-Fateh
alioh/Saudi-Professional-League-Datasets,https://raw.githubusercontent.com/alioh/Saudi-Professional-League-Datasets/191ad2bf5cbfbceff2caf8e3ed3a7042519b0858/SPL-2016-2017-FS.csv,191ad2bf5cbfbceff2caf8e3ed3a7042519b0858,51,2026-09-04T07:12:38.727Z,Saudi Pro League,2016-17,2016-11-03,Al-Faisaly,Al-Shabab,0,1,A,,,,8,source_reported_FT,Al-Faisaly,Al-Shabab
alioh/Saudi-Professional-League-Datasets,https://raw.githubusercontent.com/alioh/Saudi-Professional-League-Datasets/191ad2bf5cbfbceff2caf8e3ed3a7042519b0858/SPL-2016-2017-FS.csv,191ad2bf5cbfbceff2caf8e3ed3a7042519b0858,53,2026-09-04T07:12:38.727Z,Saudi Pro League,2016-17,2016-11-03,Al-Ittihad FC,Al Batin,2,0,H,,,,8,source_reported_FT,Al-Ittihad FC,Al Batin
alioh/Saudi-Professional-League-Datasets,https://raw.githubusercontent.com/alioh/Saudi-Professional-League-Datasets/191ad2bf5cbfbceff2caf8e3ed3a7042519b0858/SPL-2016-2017-FS.csv,191ad2bf5cbfbceff2caf8e3ed3a7042519b0858,52,2026-09-04T07:12:38.727Z,Saudi Pro League,2016-17,2016-11-03,Al-Nassr,Al-Raed,3,1,H,,,,8,source_reported_FT,Al-Nassr,Al-Raed
alioh/Saudi-Professional-League-Datasets,https://raw.githubusercontent.com/alioh/Saudi-Professional-League-Datasets/191ad2bf5cbfbceff2caf8e3ed3a7042519b0858/SPL-2016-2017-FS.csv,191ad2bf5cbfbceff2caf8e3ed3a7042519b0858,55,2026-09-04T07:12:38.727Z,Saudi Pro League,2016-17,2016-11-04,Al Ahli SC,Al Wehda,4,0,H,,,,8,source_reported_FT,Al Ahli SC,Al Wehda
alioh/Saudi-Professional-League-Datasets,https://raw.githubusercontent.com/alioh/Saudi-Professional-League-Datasets/191ad2bf5cbfbceff2caf8e3ed3a7042519b0858/SPL-2016-2017-FS.csv,191ad2bf5cbfbceff2caf8e3ed3a7042519b0858,54,2026-09-04T07:12:38.727Z,Saudi Pro League,2016-17,2016-11-04,Al Qadisiya,Al Khaleej,0,0,D,,,,8,source_reported_FT,Al Qadisiya,Al Khaleej
alioh/Saudi-Professional-League-Datasets,https://raw.githubusercontent.com/alioh/Saudi-Professional-League-Datasets/191ad2bf5cbfbceff2caf8e3ed3a7042519b0858/SPL-2016-2017-FS.csv,191ad2bf5cbfbceff2caf8e3ed3a7042519b0858,56,2026-09-04T07:12:38.727Z,Saudi Pro League,2016-17,2016-11-05,Al-Ettifaq,Al-Taawon,3,0,H,,,,8,source_reported_FT,Al-Ettifaq,Al-Taawon
alioh/Saudi-Professional-League-Datasets,https://raw.githubusercontent.com/alioh/Saudi-Professional-League-Datasets/191ad2bf5cbfbceff2caf8e3ed3a7042519b0858/SPL-2016-2017-FS.csv,191ad2bf5cbfbceff2caf8e3ed3a7042519b0858,57,2026-09-04T07:12:38.727Z,Saudi Pro League,2016-17,2016-11-05,Al-Fateh,Al-Hilal,0,1,A,,,,8,source_reported_FT,Al-Fateh,Al-Hilal
alioh/Saudi-Professional-League-Datasets,https://raw.githubusercontent.com/alioh/Saudi-Professional-League-Datasets/191ad2bf5cbfbceff2caf8e3ed3a7042519b0858/SPL-2016-2017-FS.csv,191ad2bf5cbfbceff2caf8e3ed3a7042519b0858,58,2026-09-04T07:12:38.727Z,Saudi Pro League,2016-17,2016-11-18,Al-Fateh,Al Qadisiya,1,1,D,,,,9,source_reported_FT,Al-Fateh,Al Qadisiya
alioh/Saudi-Professional-League-Datasets,https://raw.githubusercontent.com/alioh/Saudi-Professional-League-Datasets/191ad2bf5cbfbceff2caf8e3ed3a7042519b0858/SPL-2016-2017-FS.csv,191ad2bf5cbfbceff2caf8e3ed3a7042519b0858,59,2026-09-04T07:12:38.727Z,Saudi Pro League,2016-17,2016-11-18,Al-Taawon,Al-Faisaly,0,0,D,,,,9,source_reported_FT,Al-Taawon,Al-Faisaly
alioh/Saudi-Professional-League-Datasets,https://raw.githubusercontent.com/alioh/Saudi-Professional-League-Datasets/191ad2bf5cbfbceff2caf8e3ed3a7042519b0858/SPL-2016-2017-FS.csv,191ad2bf5cbfbceff2caf8e3ed3a7042519b0858,60,2026-09-04T07:12:38.727Z,Saudi Pro League,2016-17,2016-11-19,Al Khaleej,Al-Ettifaq,1,2,A,,,,9,source_reported_FT,Al Khaleej,Al-Ettifaq
alioh/Saudi-Professional-League-Datasets,https://raw.githubusercontent.com/alioh/Saudi-Professional-League-Datasets/191ad2bf5cbfbceff2caf8e3ed3a7042519b0858/SPL-2016-2017-FS.csv,191ad2bf5cbfbceff2caf8e3ed3a7042519b0858,61,2026-09-04T07:12:38.727Z,Saudi Pro League,2016-17,2016-11-19,Al-Shabab,Al Wehda,0,0,D,,,,9,source_reported_FT,Al-Shabab,Al Wehda
alioh/Saudi-Professional-League-Datasets,https://raw.githubusercontent.com/alioh/Saudi-Professional-League-Datasets/191ad2bf5cbfbceff2caf8e3ed3a7042519b0858/SPL-2016-2017-FS.csv,191ad2bf5cbfbceff2caf8e3ed3a7042519b0858,63,2026-09-04T07:12:38.727Z,Saudi Pro League,2016-17,2016-11-20,Al Batin,Al Ahli SC,0,1,A,,,,9,source_reported_FT,Al Batin,Al Ahli SC
alioh/Saudi-Professional-League-Datasets,https://raw.githubusercontent.com/alioh/Saudi-Professional-League-Datasets/191ad2bf5cbfbceff2caf8e3ed3a7042519b0858/SPL-2016-2017-FS.csv,191ad2bf5cbfbceff2caf8e3ed3a7042519b0858,62,2026-09-04T07:12:38.727Z,Saudi Pro League,2016-17,2016-11-20,Al-Hilal,Al-Raed,2,1,H,,,,9,source_reported_FT,Al-Hilal,Al-Raed
alioh/Saudi-Professional-League-Datasets,https://raw.githubusercontent.com/alioh/Saudi-Professional-League-Datasets/191ad2bf5cbfbceff2caf8e3ed3a7042519b0858/SPL-2016-2017-FS.csv,191ad2bf5cbfbceff2caf8e3ed3a7042519b0858,64,2026-09-04T07:12:38.727Z,Saudi Pro League,2016-17,2016-11-20,Al-Ittihad FC,Al-Nassr,0,1,A,,,,9,source_reported_FT,Al-Ittihad FC,Al-Nassr
alioh/Saudi-Professional-League-Datasets,https://raw.githubusercontent.com/alioh/Saudi-Professional-League-Datasets/191ad2bf5cbfbceff2caf8e3ed3a7042519b0858/SPL-2016-2017-FS.csv,191ad2bf5cbfbceff2caf8e3ed3a7042519b0858,66,2026-09-04T07:12:38.727Z,Saudi Pro League,2016-17,2016-11-24,Al Wehda,Al Khaleej,1,2,A,,,,10,source_reported_FT,Al Wehda,Al Khaleej
alioh/Saudi-Professional-League-Datasets,https://raw.githubusercontent.com/alioh/Saudi-Professional-League-Datasets/191ad2bf5cbfbceff2caf8e3ed3a7042519b0858/SPL-2016-2017-FS.csv,191ad2bf5cbfbceff2caf8e3ed3a7042519b0858,65,2026-09-04T07:12:38.727Z,Saudi Pro League,2016-17,2016-11-24,Al-Ettifaq,Al-Faisaly,3,1,H,,,,10,source_reported_FT,Al-Ettifaq,Al-Faisaly
alioh/Saudi-Professional-League-Datasets,https://raw.githubusercontent.com/alioh/Saudi-Professional-League-Datasets/191ad2bf5cbfbceff2caf8e3ed3a7042519b0858/SPL-2016-2017-FS.csv,191ad2bf5cbfbceff2caf8e3ed3a7042519b0858,69,2026-09-04T07:12:38.727Z,Saudi Pro League,2016-17,2016-11-25,Al Ahli SC,Al-Hilal,1,2,A,,,,10,source_reported_FT,Al Ahli SC,Al-Hilal
alioh/Saudi-Professional-League-Datasets,https://raw.githubusercontent.com/alioh/Saudi-Professional-League-Datasets/191ad2bf5cbfbceff2caf8e3ed3a7042519b0858/SPL-2016-2017-FS.csv,191ad2bf5cbfbceff2caf8e3ed3a7042519b0858,67,2026-09-04T07:12:38.727Z,Saudi Pro League,2016-17,2016-11-25,Al Batin,Al-Fateh,1,1,D,,,,10,source_reported_FT,Al Batin,Al-Fateh
alioh/Saudi-Professional-League-Datasets,https://raw.githubusercontent.com/alioh/Saudi-Professional-League-Datasets/191ad2bf5cbfbceff2caf8e3ed3a7042519b0858/SPL-2016-2017-FS.csv,191ad2bf5cbfbceff2caf8e3ed3a7042519b0858,68,2026-09-04T07:12:38.727Z,Saudi Pro League,2016-17,2016-11-25,Al-Taawon,Al-Nassr,2,1,H,,,,10,source_reported_FT,Al-Taawon,Al-Nassr
alioh/Saudi-Professional-League-Datasets,https://raw.githubusercontent.com/alioh/Saudi-Professional-League-Datasets/191ad2bf5cbfbceff2caf8e3ed3a7042519b0858/SPL-2016-2017-FS.csv,191ad2bf5cbfbceff2caf8e3ed3a7042519b0858,71,2026-09-04T07:12:38.727Z,Saudi Pro League,2016-17,2016-11-26,Al Qadisiya,Al-Ittihad FC,0,3,A,,,,10,source_reported_FT,Al Qadisiya,Al-Ittihad FC
alioh/Saudi-Professional-League-Datasets,https://raw.githubusercontent.com/alioh/Saudi-Professional-League-Datasets/191ad2bf5cbfbceff2caf8e3ed3a7042519b0858/SPL-2016-2017-FS.csv,191ad2bf5cbfbceff2caf8e3ed3a7042519b0858,70,2026-09-04T07:12:38.727Z,Saudi Pro League,2016-17,2016-11-26,Al-Raed,Al-Shabab,2,2,D,,,,10,source_reported_FT,Al-Raed,Al-Shabab
alioh/Saudi-Professional-League-Datasets,https://raw.githubusercontent.com/alioh/Saudi-Professional-League-Datasets/191ad2bf5cbfbceff2caf8e3ed3a7042519b0858/SPL-2016-2017-FS.csv,191ad2bf5cbfbceff2caf8e3ed3a7042519b0858,73,2026-09-04T07:12:38.727Z,Saudi Pro League,2016-17,2016-12-01,Al-Faisaly,Al Ahli SC,3,6,A,,,,11,source_reported_FT,Al-Faisaly,Al Ahli SC
alioh/Saudi-Professional-League-Datasets,https://raw.githubusercontent.com/alioh/Saudi-Professional-League-Datasets/191ad2bf5cbfbceff2caf8e3ed3a7042519b0858/SPL-2016-2017-FS.csv,191ad2bf5cbfbceff2caf8e3ed3a7042519b0858,72,2026-09-04T07:12:38.727Z,Saudi Pro League,2016-17,2016-12-01,Al-Nassr,Al Batin,4,0,H,,,,11,source_reported_FT,Al-Nassr,Al Batin
alioh/Saudi-Professional-League-Datasets,https://raw.githubusercontent.com/alioh/Saudi-Professional-League-Datasets/191ad2bf5cbfbceff2caf8e3ed3a7042519b0858/SPL-2016-2017-FS.csv,191ad2bf5cbfbceff2caf8e3ed3a7042519b0858,74,2026-09-04T07:12:38.727Z,Saudi Pro League,2016-17,2016-12-02,Al Qadisiya,Al-Raed,3,0,H,,,,11,source_reported_FT,Al Qadisiya,Al-Raed
alioh/Saudi-Professional-League-Datasets,https://raw.githubusercontent.com/alioh/Saudi-Professional-League-Datasets/191ad2bf5cbfbceff2caf8e3ed3a7042519b0858/SPL-2016-2017-FS.csv,191ad2bf5cbfbceff2caf8e3ed3a7042519b0858,76,2026-09-04T07:12:38.727Z,Saudi Pro League,2016-17,2016-12-02,Al-Hilal,Al-Shabab,3,0,H,,,,11,source_reported_FT,Al-Hilal,Al-Shabab
alioh/Saudi-Professional-League-Datasets,https://raw.githubusercontent.com/alioh/Saudi-Professional-League-Datasets/191ad2bf5cbfbceff2caf8e3ed3a7042519b0858/SPL-2016-2017-FS.csv,191ad2bf5cbfbceff2caf8e3ed3a7042519b0858,75,2026-09-04T07:12:38.727Z,Saudi Pro League,2016-17,2016-12-02,Al-Ittihad FC,Al-Ettifaq,4,1,H,,,,11,source_reported_FT,Al-Ittihad FC,Al-Ettifaq
alioh/Saudi-Professional-League-Datasets,https://raw.githubusercontent.com/alioh/Saudi-Professional-League-Datasets/191ad2bf5cbfbceff2caf8e3ed3a7042519b0858/SPL-2016-2017-FS.csv,191ad2bf5cbfbceff2caf8e3ed3a7042519b0858,78,2026-09-04T07:12:38.727Z,Saudi Pro League,2016-17,2016-12-03,Al Khaleej,Al-Taawon,0,1,A,,,,11,source_reported_FT,Al Khaleej,Al-Taawon
alioh/Saudi-Professional-League-Datasets,https://raw.githubusercontent.com/alioh/Saudi-Professional-League-Datasets/191ad2bf5cbfbceff2caf8e3ed3a7042519b0858/SPL-2016-2017-FS.csv,191ad2bf5cbfbceff2caf8e3ed3a7042519b0858,77,2026-09-04T07:12:38.727Z,Saudi Pro League,2016-17,2016-12-03,Al-Fateh,Al Wehda,4,2,H,,,,11,source_reported_FT,Al-Fateh,Al Wehda
alioh/Saudi-Professional-League-Datasets,https://raw.githubusercontent.com/alioh/Saudi-Professional-League-Datasets/191ad2bf5cbfbceff2caf8e3ed3a7042519b0858/SPL-2016-2017-FS.csv,191ad2bf5cbfbceff2caf8e3ed3a7042519b0858,79,2026-09-04T07:12:38.727Z,Saudi Pro League,2016-17,2016-12-08,Al Batin,Al-Taawon,1,0,H,,,,12,source_reported_FT,Al Batin,Al-Taawon
alioh/Saudi-Professional-League-Datasets,https://raw.githubusercontent.com/alioh/Saudi-Professional-League-Datasets/191ad2bf5cbfbceff2caf8e3ed3a7042519b0858/SPL-2016-2017-FS.csv,191ad2bf5cbfbceff2caf8e3ed3a7042519b0858,80,2026-09-04T07:12:38.727Z,Saudi Pro League,2016-17,2016-12-08,Al-Hilal,Al Wehda,6,0,H,,,,12,source_reported_FT,Al-Hilal,Al Wehda
alioh/Saudi-Professional-League-Datasets,https://raw.githubusercontent.com/alioh/Saudi-Professional-League-Datasets/191ad2bf5cbfbceff2caf8e3ed3a7042519b0858/SPL-2016-2017-FS.csv,191ad2bf5cbfbceff2caf8e3ed3a7042519b0858,83,2026-09-04T07:12:38.727Z,Saudi Pro League,2016-17,2016-12-09,Al Ahli SC,Al-Raed,1,0,H,,,,12,source_reported_FT,Al Ahli SC,Al-Raed
alioh/Saudi-Professional-League-Datasets,https://raw.githubusercontent.com/alioh/Saudi-Professional-League-Datasets/191ad2bf5cbfbceff2caf8e3ed3a7042519b0858/SPL-2016-2017-FS.csv,191ad2bf5cbfbceff2caf8e3ed3a7042519b0858,81,2026-09-04T07:12:38.727Z,Saudi Pro League,2016-17,2016-12-09,Al-Ettifaq,Al Qadisiya,2,2,D,,,,12,source_reported_FT,Al-Ettifaq,Al Qadisiya
alioh/Saudi-Professional-League-Datasets,https://raw.githubusercontent.com/alioh/Saudi-Professional-League-Datasets/191ad2bf5cbfbceff2caf8e3ed3a7042519b0858/SPL-2016-2017-FS.csv,191ad2bf5cbfbceff2caf8e3ed3a7042519b0858,82,2026-09-04T07:12:38.727Z,Saudi Pro League,2016-17,2016-12-09,Al-Shabab,Al-Nassr,1,1,D,,,,12,source_reported_FT,Al-Shabab,Al-Nassr
alioh/Saudi-Professional-League-Datasets,https://raw.githubusercontent.com/alioh/Saudi-Professional-League-Datasets/191ad2bf5cbfbceff2caf8e3ed3a7042519b0858/SPL-2016-2017-FS.csv,191ad2bf5cbfbceff2caf8e3ed3a7042519b0858,85,2026-09-04T07:12:38.727Z,Saudi Pro League,2016-17,2016-12-10,Al-Faisaly,Al-Ittihad FC,2,4,A,,,,12,source_reported_FT,Al-Faisaly,Al-Ittihad FC
alioh/Saudi-Professional-League-Datasets,https://raw.githubusercontent.com/alioh/Saudi-Professional-League-Datasets/191ad2bf5cbfbceff2caf8e3ed3a7042519b0858/SPL-2016-2017-FS.csv,191ad2bf5cbfbceff2caf8e3ed3a7042519b0858,84,2026-09-04T07:12:38.727Z,Saudi Pro League,2016-17,2016-12-10,Al-Fateh,Al Khaleej,2,4,A,,,,12,source_reported_FT,Al-Fateh,Al Khaleej
alioh/Saudi-Professional-League-Datasets,https://raw.githubusercontent.com/alioh/Saudi-Professional-League-Datasets/191ad2bf5cbfbceff2caf8e3ed3a7042519b0858/SPL-2016-2017-FS.csv,191ad2bf5cbfbceff2caf8e3ed3a7042519b0858,86,2026-09-04T07:12:38.727Z,Saudi Pro League,2016-17,2016-12-14,Al Wehda,Al Qadisiya,2,5,A,,,,13,source_reported_FT,Al Wehda,Al Qadisiya
alioh/Saudi-Professional-League-Datasets,https://raw.githubusercontent.com/alioh/Saudi-Professional-League-Datasets/191ad2bf5cbfbceff2caf8e3ed3a7042519b0858/SPL-2016-2017-FS.csv,191ad2bf5cbfbceff2caf8e3ed3a7042519b0858,87,2026-09-04T07:12:38.727Z,Saudi Pro League,2016-17,2016-12-15,Al Batin,Al-Faisaly,0,0,D,,,,13,source_reported_FT,Al Batin,Al-Faisaly
alioh/Saudi-Professional-League-Datasets,https://raw.githubusercontent.com/alioh/Saudi-Professional-League-Datasets/191ad2bf5cbfbceff2caf8e3ed3a7042519b0858/SPL-2016-2017-FS.csv,191ad2bf5cbfbceff2caf8e3ed3a7042519b0858,88,2026-09-04T07:12:38.727Z,Saudi Pro League,2016-17,2016-12-15,Al-Shabab,Al-Ettifaq,1,1,D,,,,13,source_reported_FT,Al-Shabab,Al-Ettifaq
alioh/Saudi-Professional-League-Datasets,https://raw.githubusercontent.com/alioh/Saudi-Professional-League-Datasets/191ad2bf5cbfbceff2caf8e3ed3a7042519b0858/SPL-2016-2017-FS.csv,191ad2bf5cbfbceff2caf8e3ed3a7042519b0858,90,2026-09-04T07:12:38.727Z,Saudi Pro League,2016-17,2016-12-16,Al-Nassr,Al-Hilal,1,1,D,,,,13,source_reported_FT,Al-Nassr,Al-Hilal
alioh/Saudi-Professional-League-Datasets,https://raw.githubusercontent.com/alioh/Saudi-Professional-League-Datasets/191ad2bf5cbfbceff2caf8e3ed3a7042519b0858/SPL-2016-2017-FS.csv,191ad2bf5cbfbceff2caf8e3ed3a7042519b0858,89,2026-09-04T07:12:38.727Z,Saudi Pro League,2016-17,2016-12-16,Al-Raed,Al Khaleej,3,2,H,,,,13,source_reported_FT,Al-Raed,Al Khaleej
alioh/Saudi-Professional-League-Datasets,https://raw.githubusercontent.com/alioh/Saudi-Professional-League-Datasets/191ad2bf5cbfbceff2caf8e3ed3a7042519b0858/SPL-2016-2017-FS.csv,191ad2bf5cbfbceff2caf8e3ed3a7042519b0858,91,2026-09-04T07:12:38.727Z,Saudi Pro League,2016-17,2016-12-17,Al-Ittihad FC,Al-Fateh,3,2,H,,,,13,source_reported_FT,Al-Ittihad FC,Al-Fateh
alioh/Saudi-Professional-League-Datasets,https://raw.githubusercontent.com/alioh/Saudi-Professional-League-Datasets/191ad2bf5cbfbceff2caf8e3ed3a7042519b0858/SPL-2016-2017-FS.csv,191ad2bf5cbfbceff2caf8e3ed3a7042519b0858,92,2026-09-04T07:12:38.727Z,Saudi Pro League,2016-17,2016-12-17,Al-Taawon,Al Ahli SC,2,3,A,,,,13,source_reported_FT,Al-Taawon,Al Ahli SC
alioh/Saudi-Professional-League-Datasets,https://raw.githubusercontent.com/alioh/Saudi-Professional-League-Datasets/191ad2bf5cbfbceff2caf8e3ed3a7042519b0858/SPL-2016-2017-FS.csv,191ad2bf5cbfbceff2caf8e3ed3a7042519b0858,94,2026-09-04T07:12:38.727Z,Saudi Pro League,2016-17,2016-12-21,Al Batin,Al-Hilal,0,2,A,,,,14,source_reported_FT,Al Batin,Al-Hilal
alioh/Saudi-Professional-League-Datasets,https://raw.githubusercontent.com/alioh/Saudi-Professional-League-Datasets/191ad2bf5cbfbceff2caf8e3ed3a7042519b0858/SPL-2016-2017-FS.csv,191ad2bf5cbfbceff2caf8e3ed3a7042519b0858,93,2026-09-04T07:12:38.727Z,Saudi Pro League,2016-17,2016-12-21,Al Qadisiya,Al-Shabab,1,1,D,,,,14,source_reported_FT,Al Qadisiya,Al-Shabab
alioh/Saudi-Professional-League-Datasets,https://raw.githubusercontent.com/alioh/Saudi-Professional-League-Datasets/191ad2bf5cbfbceff2caf8e3ed3a7042519b0858/SPL-2016-2017-FS.csv,191ad2bf5cbfbceff2caf8e3ed3a7042519b0858,95,2026-09-04T07:12:38.727Z,Saudi Pro League,2016-17,2016-12-21,Al-Fateh,Al-Nassr,1,2,A,,,,14,source_reported_FT,Al-Fateh,Al-Nassr
alioh/Saudi-Professional-League-Datasets,https://raw.githubusercontent.com/alioh/Saudi-Professional-League-Datasets/191ad2bf5cbfbceff2caf8e3ed3a7042519b0858/SPL-2016-2017-FS.csv,191ad2bf5cbfbceff2caf8e3ed3a7042519b0858,97,2026-09-04T07:12:38.727Z,Saudi Pro League,2016-17,2016-12-22,Al Ahli SC,Al-Ettifaq,4,1,H,,,,14,source_reported_FT,Al Ahli SC,Al-Ettifaq
alioh/Saudi-Professional-League-Datasets,https://raw.githubusercontent.com/alioh/Saudi-Professional-League-Datasets/191ad2bf5cbfbceff2caf8e3ed3a7042519b0858/SPL-2016-2017-FS.csv,191ad2bf5cbfbceff2caf8e3ed3a7042519b0858,96,2026-09-04T07:12:38.727Z,Saudi Pro League,2016-17,2016-12-22,Al Khaleej,Al-Faisaly,1,1,D,,,,14,source_reported_FT,Al Khaleej,Al-Faisaly
alioh/Saudi-Professional-League-Datasets,https://raw.githubusercontent.com/alioh/Saudi-Professional-League-Datasets/191ad2bf5cbfbceff2caf8e3ed3a7042519b0858/SPL-2016-2017-FS.csv,191ad2bf5cbfbceff2caf8e3ed3a7042519b0858,99,2026-09-04T07:12:38.727Z,Saudi Pro League,2016-17,2016-12-23,Al-Ittihad FC,Al-Raed,3,2,H,,,,14,source_reported_FT,Al-Ittihad FC,Al-Raed
alioh/Saudi-Professional-League-Datasets,https://raw.githubusercontent.com/alioh/Saudi-Professional-League-Datasets/191ad2bf5cbfbceff2caf8e3ed3a7042519b0858/SPL-2016-2017-FS.csv,191ad2bf5cbfbceff2caf8e3ed3a7042519b0858,98,2026-09-04T07:12:38.727Z,Saudi Pro League,2016-17,2016-12-23,Al-Taawon,Al Wehda,3,1,H,,,,14,source_reported_FT,Al-Taawon,Al Wehda
alioh/Saudi-Professional-League-Datasets,https://raw.githubusercontent.com/alioh/Saudi-Professional-League-Datasets/191ad2bf5cbfbceff2caf8e3ed3a7042519b0858/SPL-2016-2017-FS.csv,191ad2bf5cbfbceff2caf8e3ed3a7042519b0858,100,2026-09-04T07:12:38.727Z,Saudi Pro League,2016-17,2016-12-29,Al-Faisaly,Al Qadisiya,3,2,H,,,,15,source_reported_FT,Al-Faisaly,Al Qadisiya
alioh/Saudi-Professional-League-Datasets,https://raw.githubusercontent.com/alioh/Saudi-Professional-League-Datasets/191ad2bf5cbfbceff2caf8e3ed3a7042519b0858/SPL-2016-2017-FS.csv,191ad2bf5cbfbceff2caf8e3ed3a7042519b0858,102,2026-09-04T07:12:38.727Z,Saudi Pro League,2016-17,2016-12-30,Al Wehda,Al-Raed,2,1,H,,,,15,source_reported_FT,Al Wehda,Al-Raed
alioh/Saudi-Professional-League-Datasets,https://raw.githubusercontent.com/alioh/Saudi-Professional-League-Datasets/191ad2bf5cbfbceff2caf8e3ed3a7042519b0858/SPL-2016-2017-FS.csv,191ad2bf5cbfbceff2caf8e3ed3a7042519b0858,101,2026-09-04T07:12:38.727Z,Saudi Pro League,2016-17,2016-12-30,Al-Shabab,Al Batin,3,1,H,,,,15,source_reported_FT,Al-Shabab,Al Batin
alioh/Saudi-Professional-League-Datasets,https://raw.githubusercontent.com/alioh/Saudi-Professional-League-Datasets/191ad2bf5cbfbceff2caf8e3ed3a7042519b0858/SPL-2016-2017-FS.csv,191ad2bf5cbfbceff2caf8e3ed3a7042519b0858,104,2026-09-04T07:12:38.727Z,Saudi Pro League,2016-17,2016-12-31,Al Ahli SC,Al-Fateh,2,0,H,,,,15,source_reported_FT,Al Ahli SC,Al-Fateh
alioh/Saudi-Professional-League-Datasets,https://raw.githubusercontent.com/alioh/Saudi-Professional-League-Datasets/191ad2bf5cbfbceff2caf8e3ed3a7042519b0858/SPL-2016-2017-FS.csv,191ad2bf5cbfbceff2caf8e3ed3a7042519b0858,103,2026-09-04T07:12:38.727Z,Saudi Pro League,2016-17,2016-12-31,Al-Hilal,Al-Taawon,4,2,H,,,,15,source_reported_FT,Al-Hilal,Al-Taawon
alioh/Saudi-Professional-League-Datasets,https://raw.githubusercontent.com/alioh/Saudi-Professional-League-Datasets/191ad2bf5cbfbceff2caf8e3ed3a7042519b0858/SPL-2016-2017-FS.csv,191ad2bf5cbfbceff2caf8e3ed3a7042519b0858,105,2026-09-04T07:12:38.727Z,Saudi Pro League,2016-17,2017-01-01,Al-Nassr,Al-Ettifaq,2,0,H,,,,15,source_reported_FT,Al-Nassr,Al-Ettifaq
alioh/Saudi-Professional-League-Datasets,https://raw.githubusercontent.com/alioh/Saudi-Professional-League-Datasets/191ad2bf5cbfbceff2caf8e3ed3a7042519b0858/SPL-2016-2017-FS.csv,191ad2bf5cbfbceff2caf8e3ed3a7042519b0858,106,2026-09-04T07:12:38.727Z,Saudi Pro League,2016-17,2017-01-03,Al-Ittihad FC,Al Khaleej,1,1,D,,,,15,source_reported_FT,Al-Ittihad FC,Al Khaleej
alioh/Saudi-Professional-League-Datasets,https://raw.githubusercontent.com/alioh/Saudi-Professional-League-Datasets/191ad2bf5cbfbceff2caf8e3ed3a7042519b0858/SPL-2016-2017-FS.csv,191ad2bf5cbfbceff2caf8e3ed3a7042519b0858,108,2026-09-04T07:12:38.727Z,Saudi Pro League,2016-17,2017-01-26,Al Qadisiya,Al-Nassr,3,2,H,,,,16,source_reported_FT,Al Qadisiya,Al-Nassr
alioh/Saudi-Professional-League-Datasets,https://raw.githubusercontent.com/alioh/Saudi-Professional-League-Datasets/191ad2bf5cbfbceff2caf8e3ed3a7042519b0858/SPL-2016-2017-FS.csv,191ad2bf5cbfbceff2caf8e3ed3a7042519b0858,107,2026-09-04T07:12:38.727Z,Saudi Pro League,2016-17,2017-01-26,Al-Raed,Al-Taawon,3,2,H,,,,16,source_reported_FT,Al-Raed,Al-Taawon
alioh/Saudi-Professional-League-Datasets,https://raw.githubusercontent.com/alioh/Saudi-Professional-League-Datasets/191ad2bf5cbfbceff2caf8e3ed3a7042519b0858/SPL-2016-2017-FS.csv,191ad2bf5cbfbceff2caf8e3ed3a7042519b0858,111,2026-09-04T07:12:38.727Z,Saudi Pro League,2016-17,2017-01-27,Al Ahli SC,Al-Shabab,3,1,H,,,,16,source_reported_FT,Al Ahli SC,Al-Shabab
alioh/Saudi-Professional-League-Datasets,https://raw.githubusercontent.com/alioh/Saudi-Professional-League-Datasets/191ad2bf5cbfbceff2caf8e3ed3a7042519b0858/SPL-2016-2017-FS.csv,191ad2bf5cbfbceff2caf8e3ed3a7042519b0858,109,2026-09-04T07:12:38.727Z,Saudi Pro League,2016-17,2017-01-27,Al Batin,Al Khaleej,1,0,H,,,,16,source_reported_FT,Al Batin,Al Khaleej
alioh/Saudi-Professional-League-Datasets,https://raw.githubusercontent.com/alioh/Saudi-Professional-League-Datasets/191ad2bf5cbfbceff2caf8e3ed3a7042519b0858/SPL-2016-2017-FS.csv,191ad2bf5cbfbceff2caf8e3ed3a7042519b0858,110,2026-09-04T07:12:38.727Z,Saudi Pro League,2016-17,2017-01-27,Al-Fateh,Al-Faisaly,1,0,H,,,,16,source_reported_FT,Al-Fateh,Al-Faisaly
alioh/Saudi-Professional-League-Datasets,https://raw.githubusercontent.com/alioh/Saudi-Professional-League-Datasets/191ad2bf5cbfbceff2caf8e3ed3a7042519b0858/SPL-2016-2017-FS.csv,191ad2bf5cbfbceff2caf8e3ed3a7042519b0858,113,2026-09-04T07:12:38.727Z,Saudi Pro League,2016-17,2017-01-28,Al-Ettifaq,Al-Hilal,0,1,A,,,,16,source_reported_FT,Al-Ettifaq,Al-Hilal
alioh/Saudi-Professional-League-Datasets,https://raw.githubusercontent.com/alioh/Saudi-Professional-League-Datasets/191ad2bf5cbfbceff2caf8e3ed3a7042519b0858/SPL-2016-2017-FS.csv,191ad2bf5cbfbceff2caf8e3ed3a7042519b0858,112,2026-09-04T07:12:38.727Z,Saudi Pro League,2016-17,2017-01-28,Al-Ittihad FC,Al Wehda,1,0,H,,,,16,source_reported_FT,Al-Ittihad FC,Al Wehda
alioh/Saudi-Professional-League-Datasets,https://raw.githubusercontent.com/alioh/Saudi-Professional-League-Datasets/191ad2bf5cbfbceff2caf8e3ed3a7042519b0858/SPL-2016-2017-FS.csv,191ad2bf5cbfbceff2caf8e3ed3a7042519b0858,114,2026-09-04T07:12:38.727Z,Saudi Pro League,2016-17,2017-02-01,Al-Fateh,Al-Raed,3,1,H,,,,17,source_reported_FT,Al-Fateh,Al-Raed
alioh/Saudi-Professional-League-Datasets,https://raw.githubusercontent.com/alioh/Saudi-Professional-League-Datasets/191ad2bf5cbfbceff2caf8e3ed3a7042519b0858/SPL-2016-2017-FS.csv,191ad2bf5cbfbceff2caf8e3ed3a7042519b0858,115,2026-09-04T07:12:38.727Z,Saudi Pro League,2016-17,2017-02-01,Al-Taawon,Al-Shabab,2,0,H,,,,17,source_reported_FT,Al-Taawon,Al-Shabab
alioh/Saudi-Professional-League-Datasets,https://raw.githubusercontent.com/alioh/Saudi-Professional-League-Datasets/191ad2bf5cbfbceff2caf8e3ed3a7042519b0858/SPL-2016-2017-FS.csv,191ad2bf5cbfbceff2caf8e3ed3a7042519b0858,116,2026-09-04T07:12:38.727Z,Saudi Pro League,2016-17,2017-02-02,Al Batin,Al-Ettifaq,2,0,H,,,,17,source_reported_FT,Al Batin,Al-Ettifaq
alioh/Saudi-Professional-League-Datasets,https://raw.githubusercontent.com/alioh/Saudi-Professional-League-Datasets/191ad2bf5cbfbceff2caf8e3ed3a7042519b0858/SPL-2016-2017-FS.csv,191ad2bf5cbfbceff2caf8e3ed3a7042519b0858,117,2026-09-04T07:12:38.727Z,Saudi Pro League,2016-17,2017-02-02,Al-Hilal,Al Qadisiya,1,1,D,,,,17,source_reported_FT,Al-Hilal,Al Qadisiya
alioh/Saudi-Professional-League-Datasets,https://raw.githubusercontent.com/alioh/Saudi-Professional-League-Datasets/191ad2bf5cbfbceff2caf8e3ed3a7042519b0858/SPL-2016-2017-FS.csv,191ad2bf5cbfbceff2caf8e3ed3a7042519b0858,118,2026-09-04T07:12:38.727Z,Saudi Pro League,2016-17,2017-02-03,Al-Ittihad FC,Al Ahli SC,1,4,A,,,,17,source_reported_FT,Al-Ittihad FC,Al Ahli SC
alioh/Saudi-Professional-League-Datasets,https://raw.githubusercontent.com/alioh/Saudi-Professional-League-Datasets/191ad2bf5cbfbceff2caf8e3ed3a7042519b0858/SPL-2016-2017-FS.csv,191ad2bf5cbfbceff2caf8e3ed3a7042519b0858,120,2026-09-04T07:12:38.727Z,Saudi Pro League,2016-17,2017-02-04,Al Khaleej,Al-Nassr,0,3,A,,,,17,source_reported_FT,Al Khaleej,Al-Nassr
alioh/Saudi-Professional-League-Datasets,https://raw.githubusercontent.com/alioh/Saudi-Professional-League-Datasets/191ad2bf5cbfbceff2caf8e3ed3a7042519b0858/SPL-2016-2017-FS.csv,191ad2bf5cbfbceff2caf8e3ed3a7042519b0858,119,2026-09-04T07:12:38.727Z,Saudi Pro League,2016-17,2017-02-04,Al Wehda,Al-Faisaly,0,1,A,,,,17,source_reported_FT,Al Wehda,Al-Faisaly
alioh/Saudi-Professional-League-Datasets,https://raw.githubusercontent.com/alioh/Saudi-Professional-League-Datasets/191ad2bf5cbfbceff2caf8e3ed3a7042519b0858/SPL-2016-2017-FS.csv,191ad2bf5cbfbceff2caf8e3ed3a7042519b0858,122,2026-09-04T07:12:38.727Z,Saudi Pro League,2016-17,2017-02-09,Al Qadisiya,Al Ahli SC,4,1,H,,,,18,source_reported_FT,Al Qadisiya,Al Ahli SC
alioh/Saudi-Professional-League-Datasets,https://raw.githubusercontent.com/alioh/Saudi-Professional-League-Datasets/191ad2bf5cbfbceff2caf8e3ed3a7042519b0858/SPL-2016-2017-FS.csv,191ad2bf5cbfbceff2caf8e3ed3a7042519b0858,121,2026-09-04T07:12:38.727Z,Saudi Pro League,2016-17,2017-02-09,Al-Faisaly,Al-Hilal,0,2,A,,,,18,source_reported_FT,Al-Faisaly,Al-Hilal
alioh/Saudi-Professional-League-Datasets,https://raw.githubusercontent.com/alioh/Saudi-Professional-League-Datasets/191ad2bf5cbfbceff2caf8e3ed3a7042519b0858/SPL-2016-2017-FS.csv,191ad2bf5cbfbceff2caf8e3ed3a7042519b0858,124,2026-09-04T07:12:38.727Z,Saudi Pro League,2016-17,2017-02-10,Al-Nassr,Al Wehda,2,1,H,,,,18,source_reported_FT,Al-Nassr,Al Wehda
alioh/Saudi-Professional-League-Datasets,https://raw.githubusercontent.com/alioh/Saudi-Professional-League-Datasets/191ad2bf5cbfbceff2caf8e3ed3a7042519b0858/SPL-2016-2017-FS.csv,191ad2bf5cbfbceff2caf8e3ed3a7042519b0858,123,2026-09-04T07:12:38.727Z,Saudi Pro League,2016-17,2017-02-10,Al-Shabab,Al Khaleej,1,1,D,,,,18,source_reported_FT,Al-Shabab,Al Khaleej
alioh/Saudi-Professional-League-Datasets,https://raw.githubusercontent.com/alioh/Saudi-Professional-League-Datasets/191ad2bf5cbfbceff2caf8e3ed3a7042519b0858/SPL-2016-2017-FS.csv,191ad2bf5cbfbceff2caf8e3ed3a7042519b0858,125,2026-09-04T07:12:38.727Z,Saudi Pro League,2016-17,2017-02-11,Al-Ettifaq,Al-Fateh,2,2,D,,,,18,source_reported_FT,Al-Ettifaq,Al-Fateh
alioh/Saudi-Professional-League-Datasets,https://raw.githubusercontent.com/alioh/Saudi-Professional-League-Datasets/191ad2bf5cbfbceff2caf8e3ed3a7042519b0858/SPL-2016-2017-FS.csv,191ad2bf5cbfbceff2caf8e3ed3a7042519b0858,126,2026-09-04T07:12:38.727Z,Saudi Pro League,2016-17,2017-02-11,Al-Taawon,Al-Ittihad FC,1,2,A,,,,18,source_reported_FT,Al-Taawon,Al-Ittihad FC
alioh/Saudi-Professional-League-Datasets,https://raw.githubusercontent.com/alioh/Saudi-Professional-League-Datasets/191ad2bf5cbfbceff2caf8e3ed3a7042519b0858/SPL-2016-2017-FS.csv,191ad2bf5cbfbceff2caf8e3ed3a7042519b0858,127,2026-09-04T07:12:38.727Z,Saudi Pro League,2016-17,2017-02-12,Al-Raed,Al Batin,2,1,H,,,,18,source_reported_FT,Al-Raed,Al Batin
alioh/Saudi-Professional-League-Datasets,https://raw.githubusercontent.com/alioh/Saudi-Professional-League-Datasets/191ad2bf5cbfbceff2caf8e3ed3a7042519b0858/SPL-2016-2017-FS.csv,191ad2bf5cbfbceff2caf8e3ed3a7042519b0858,128,2026-09-04T07:12:38.727Z,Saudi Pro League,2016-17,2017-02-16,Al-Fateh,Al-Taawon,0,2,A,,,,19,source_reported_FT,Al-Fateh,Al-Taawon
alioh/Saudi-Professional-League-Datasets,https://raw.githubusercontent.com/alioh/Saudi-Professional-League-Datasets/191ad2bf5cbfbceff2caf8e3ed3a7042519b0858/SPL-2016-2017-FS.csv,191ad2bf5cbfbceff2caf8e3ed3a7042519b0858,129,2026-09-04T07:12:38.727Z,Saudi Pro League,2016-17,2017-02-16,Al-Hilal,Al Khaleej,4,0,H,,,,19,source_reported_FT,Al-Hilal,Al Khaleej
alioh/Saudi-Professional-League-Datasets,https://raw.githubusercontent.com/alioh/Saudi-Professional-League-Datasets/191ad2bf5cbfbceff2caf8e3ed3a7042519b0858/SPL-2016-2017-FS.csv,191ad2bf5cbfbceff2caf8e3ed3a7042519b0858,132,2026-09-04T07:12:38.727Z,Saudi Pro League,2016-17,2017-02-17,Al Ahli SC,Al-Nassr,0,2,A,,,,19,source_reported_FT,Al Ahli SC,Al-Nassr
alioh/Saudi-Professional-League-Datasets,https://raw.githubusercontent.com/alioh/Saudi-Professional-League-Datasets/191ad2bf5cbfbceff2caf8e3ed3a7042519b0858/SPL-2016-2017-FS.csv,191ad2bf5cbfbceff2caf8e3ed3a7042519b0858,131,2026-09-04T07:12:38.727Z,Saudi Pro League,2016-17,2017-02-17,Al Wehda,Al-Ettifaq,2,1,H,,,,19,source_reported_FT,Al Wehda,Al-Ettifaq
alioh/Saudi-Professional-League-Datasets,https://raw.githubusercontent.com/alioh/Saudi-Professional-League-Datasets/191ad2bf5cbfbceff2caf8e3ed3a7042519b0858/SPL-2016-2017-FS.csv,191ad2bf5cbfbceff2caf8e3ed3a7042519b0858,130,2026-09-04T07:12:38.727Z,Saudi Pro League,2016-17,2017-02-17,Al-Faisaly,Al-Raed,1,1,D,,,,19,source_reported_FT,Al-Faisaly,Al-Raed
alioh/Saudi-Professional-League-Datasets,https://raw.githubusercontent.com/alioh/Saudi-Professional-League-Datasets/191ad2bf5cbfbceff2caf8e3ed3a7042519b0858/SPL-2016-2017-FS.csv,191ad2bf5cbfbceff2caf8e3ed3a7042519b0858,133,2026-09-04T07:12:38.727Z,Saudi Pro League,2016-17,2017-02-18,Al Qadisiya,Al Batin,1,1,D,,,,19,source_reported_FT,Al Qadisiya,Al Batin
alioh/Saudi-Professional-League-Datasets,https://raw.githubusercontent.com/alioh/Saudi-Professional-League-Datasets/191ad2bf5cbfbceff2caf8e3ed3a7042519b0858/SPL-2016-2017-FS.csv,191ad2bf5cbfbceff2caf8e3ed3a7042519b0858,134,2026-09-04T07:12:38.727Z,Saudi Pro League,2016-17,2017-02-18,Al-Shabab,Al-Ittihad FC,0,2,A,,,,19,source_reported_FT,Al-Shabab,Al-Ittihad FC
alioh/Saudi-Professional-League-Datasets,https://raw.githubusercontent.com/alioh/Saudi-Professional-League-Datasets/191ad2bf5cbfbceff2caf8e3ed3a7042519b0858/SPL-2016-2017-FS.csv,191ad2bf5cbfbceff2caf8e3ed3a7042519b0858,135,2026-09-04T07:12:38.727Z,Saudi Pro League,2016-17,2017-03-02,Al-Ettifaq,Al-Raed,0,1,A,,,,20,source_reported_FT,Al-Ettifaq,Al-Raed
alioh/Saudi-Professional-League-Datasets,https://raw.githubusercontent.com/alioh/Saudi-Professional-League-Datasets/191ad2bf5cbfbceff2caf8e3ed3a7042519b0858/SPL-2016-2017-FS.csv,191ad2bf5cbfbceff2caf8e3ed3a7042519b0858,136,2026-09-04T07:12:38.727Z,Saudi Pro League,2016-17,2017-03-03,Al Batin,Al Wehda,1,1,D,,,,20,source_reported_FT,Al Batin,Al Wehda
alioh/Saudi-Professional-League-Datasets,https://raw.githubusercontent.com/alioh/Saudi-Professional-League-Datasets/191ad2bf5cbfbceff2caf8e3ed3a7042519b0858/SPL-2016-2017-FS.csv,191ad2bf5cbfbceff2caf8e3ed3a7042519b0858,137,2026-09-04T07:12:38.727Z,Saudi Pro League,2016-17,2017-03-03,Al-Nassr,Al-Faisaly,0,0,D,,,,20,source_reported_FT,Al-Nassr,Al-Faisaly
alioh/Saudi-Professional-League-Datasets,https://raw.githubusercontent.com/alioh/Saudi-Professional-League-Datasets/191ad2bf5cbfbceff2caf8e3ed3a7042519b0858/SPL-2016-2017-FS.csv,191ad2bf5cbfbceff2caf8e3ed3a7042519b0858,140,2026-09-04T07:12:38.727Z,Saudi Pro League,2016-17,2017-03-04,Al Khaleej,Al Ahli SC,2,2,D,,,,20,source_reported_FT,Al Khaleej,Al Ahli SC
alioh/Saudi-Professional-League-Datasets,https://raw.githubusercontent.com/alioh/Saudi-Professional-League-Datasets/191ad2bf5cbfbceff2caf8e3ed3a7042519b0858/SPL-2016-2017-FS.csv,191ad2bf5cbfbceff2caf8e3ed3a7042519b0858,138,2026-09-04T07:12:38.727Z,Saudi Pro League,2016-17,2017-03-04,Al-Fateh,Al-Shabab,1,1,D,,,,20,source_reported_FT,Al-Fateh,Al-Shabab
alioh/Saudi-Professional-League-Datasets,https://raw.githubusercontent.com/alioh/Saudi-Professional-League-Datasets/191ad2bf5cbfbceff2caf8e3ed3a7042519b0858/SPL-2016-2017-FS.csv,191ad2bf5cbfbceff2caf8e3ed3a7042519b0858,139,2026-09-04T07:12:38.727Z,Saudi Pro League,2016-17,2017-03-04,Al-Taawon,Al Qadisiya,1,3,A,,,,20,source_reported_FT,Al-Taawon,Al Qadisiya
alioh/Saudi-Professional-League-Datasets,https://raw.githubusercontent.com/alioh/Saudi-Professional-League-Datasets/191ad2bf5cbfbceff2caf8e3ed3a7042519b0858/SPL-2016-2017-FS.csv,191ad2bf5cbfbceff2caf8e3ed3a7042519b0858,141,2026-09-04T07:12:38.727Z,Saudi Pro League,2016-17,2017-03-05,Al-Ittihad FC,Al-Hilal,1,3,A,,,,20,source_reported_FT,Al-Ittihad FC,Al-Hilal
alioh/Saudi-Professional-League-Datasets,https://raw.githubusercontent.com/alioh/Saudi-Professional-League-Datasets/191ad2bf5cbfbceff2caf8e3ed3a7042519b0858/SPL-2016-2017-FS.csv,191ad2bf5cbfbceff2caf8e3ed3a7042519b0858,144,2026-09-04T07:12:38.727Z,Saudi Pro League,2016-17,2017-03-09,Al Wehda,Al Ahli SC,1,3,A,,,,21,source_reported_FT,Al Wehda,Al Ahli SC
alioh/Saudi-Professional-League-Datasets,https://raw.githubusercontent.com/alioh/Saudi-Professional-League-Datasets/191ad2bf5cbfbceff2caf8e3ed3a7042519b0858/SPL-2016-2017-FS.csv,191ad2bf5cbfbceff2caf8e3ed3a7042519b0858,143,2026-09-04T07:12:38.727Z,Saudi Pro League,2016-17,2017-03-09,Al-Hilal,Al-Fateh,1,0,H,,,,21,source_reported_FT,Al-Hilal,Al-Fateh
alioh/Saudi-Professional-League-Datasets,https://raw.githubusercontent.com/alioh/Saudi-Professional-League-Datasets/191ad2bf5cbfbceff2caf8e3ed3a7042519b0858/SPL-2016-2017-FS.csv,191ad2bf5cbfbceff2caf8e3ed3a7042519b0858,142,2026-09-04T07:12:38.727Z,Saudi Pro League,2016-17,2017-03-09,Al-Taawon,Al-Ettifaq,1,0,H,,,,21,source_reported_FT,Al-Taawon,Al-Ettifaq
alioh/Saudi-Professional-League-Datasets,https://raw.githubusercontent.com/alioh/Saudi-Professional-League-Datasets/191ad2bf5cbfbceff2caf8e3ed3a7042519b0858/SPL-2016-2017-FS.csv,191ad2bf5cbfbceff2caf8e3ed3a7042519b0858,145,2026-09-04T07:12:38.727Z,Saudi Pro League,2016-17,2017-03-11,Al Khaleej,Al Qadisiya,2,1,H,,,,21,source_reported_FT,Al Khaleej,Al Qadisiya
alioh/Saudi-Professional-League-Datasets,https://raw.githubusercontent.com/alioh/Saudi-Professional-League-Datasets/191ad2bf5cbfbceff2caf8e3ed3a7042519b0858/SPL-2016-2017-FS.csv,191ad2bf5cbfbceff2caf8e3ed3a7042519b0858,146,2026-09-04T07:12:38.727Z,Saudi Pro League,2016-17,2017-03-11,Al-Shabab,Al-Faisaly,1,2,A,,,,21,source_reported_FT,Al-Shabab,Al-Faisaly
alioh/Saudi-Professional-League-Datasets,https://raw.githubusercontent.com/alioh/Saudi-Professional-League-Datasets/191ad2bf5cbfbceff2caf8e3ed3a7042519b0858/SPL-2016-2017-FS.csv,191ad2bf5cbfbceff2caf8e3ed3a7042519b0858,147,2026-09-04T07:12:38.727Z,Saudi Pro League,2016-17,2017-03-14,Al Batin,Al-Ittihad FC,0,1,A,,,,21,source_reported_FT,Al Batin,Al-Ittihad FC
alioh/Saudi-Professional-League-Datasets,https://raw.githubusercontent.com/alioh/Saudi-Professional-League-Datasets/191ad2bf5cbfbceff2caf8e3ed3a7042519b0858/SPL-2016-2017-FS.csv,191ad2bf5cbfbceff2caf8e3ed3a7042519b0858,148,2026-09-04T07:12:38.727Z,Saudi Pro League,2016-17,2017-03-14,Al-Raed,Al-Nassr,0,1,A,,,,21,source_reported_FT,Al-Raed,Al-Nassr
alioh/Saudi-Professional-League-Datasets,https://raw.githubusercontent.com/alioh/Saudi-Professional-League-Datasets/191ad2bf5cbfbceff2caf8e3ed3a7042519b0858/SPL-2016-2017-FS.csv,191ad2bf5cbfbceff2caf8e3ed3a7042519b0858,149,2026-09-04T07:12:38.727Z,Saudi Pro League,2016-17,2017-04-06,Al Qadisiya,Al-Fateh,1,2,A,,,,22,source_reported_FT,Al Qadisiya,Al-Fateh
alioh/Saudi-Professional-League-Datasets,https://raw.githubusercontent.com/alioh/Saudi-Professional-League-Datasets/191ad2bf5cbfbceff2caf8e3ed3a7042519b0858/SPL-2016-2017-FS.csv,191ad2bf5cbfbceff2caf8e3ed3a7042519b0858,150,2026-09-04T07:12:38.727Z,Saudi Pro League,2016-17,2017-04-06,Al-Faisaly,Al-Taawon,1,0,H,,,,22,source_reported_FT,Al-Faisaly,Al-Taawon
alioh/Saudi-Professional-League-Datasets,https://raw.githubusercontent.com/alioh/Saudi-Professional-League-Datasets/191ad2bf5cbfbceff2caf8e3ed3a7042519b0858/SPL-2016-2017-FS.csv,191ad2bf5cbfbceff2caf8e3ed3a7042519b0858,151,2026-09-04T07:12:38.727Z,Saudi Pro League,2016-17,2017-04-06,Al-Raed,Al-Hilal,0,3,A,,,,22,source_reported_FT,Al-Raed,Al-Hilal
alioh/Saudi-Professional-League-Datasets,https://raw.githubusercontent.com/alioh/Saudi-Professional-League-Datasets/191ad2bf5cbfbceff2caf8e3ed3a7042519b0858/SPL-2016-2017-FS.csv,191ad2bf5cbfbceff2caf8e3ed3a7042519b0858,153,2026-09-04T07:12:38.727Z,Saudi Pro League,2016-17,2017-04-07,Al Ahli SC,Al Batin,1,1,D,,,,22,source_reported_FT,Al Ahli SC,Al Batin
alioh/Saudi-Professional-League-Datasets,https://raw.githubusercontent.com/alioh/Saudi-Professional-League-Datasets/191ad2bf5cbfbceff2caf8e3ed3a7042519b0858/SPL-2016-2017-FS.csv,191ad2bf5cbfbceff2caf8e3ed3a7042519b0858,152,2026-09-04T07:12:38.727Z,Saudi Pro League,2016-17,2017-04-07,Al-Nassr,Al-Ittihad FC,1,1,D,,,,22,source_reported_FT,Al-Nassr,Al-Ittihad FC
alioh/Saudi-Professional-League-Datasets,https://raw.githubusercontent.com/alioh/Saudi-Professional-League-Datasets/191ad2bf5cbfbceff2caf8e3ed3a7042519b0858/SPL-2016-2017-FS.csv,191ad2bf5cbfbceff2caf8e3ed3a7042519b0858,155,2026-09-04T07:12:38.727Z,Saudi Pro League,2016-17,2017-04-08,Al Wehda,Al-Shabab,1,2,A,,,,22,source_reported_FT,Al Wehda,Al-Shabab
alioh/Saudi-Professional-League-Datasets,https://raw.githubusercontent.com/alioh/Saudi-Professional-League-Datasets/191ad2bf5cbfbceff2caf8e3ed3a7042519b0858/SPL-2016-2017-FS.csv,191ad2bf5cbfbceff2caf8e3ed3a7042519b0858,154,2026-09-04T07:12:38.727Z,Saudi Pro League,2016-17,2017-04-08,Al-Ettifaq,Al Khaleej,3,1,H,,,,22,source_reported_FT,Al-Ettifaq,Al Khaleej
alioh/Saudi-Professional-League-Datasets,https://raw.githubusercontent.com/alioh/Saudi-Professional-League-Datasets/191ad2bf5cbfbceff2caf8e3ed3a7042519b0858/SPL-2016-2017-FS.csv,191ad2bf5cbfbceff2caf8e3ed3a7042519b0858,156,2026-09-04T07:12:38.727Z,Saudi Pro League,2016-17,2017-04-13,Al-Faisaly,Al-Ettifaq,3,3,D,,,,23,source_reported_FT,Al-Faisaly,Al-Ettifaq
alioh/Saudi-Professional-League-Datasets,https://raw.githubusercontent.com/alioh/Saudi-Professional-League-Datasets/191ad2bf5cbfbceff2caf8e3ed3a7042519b0858/SPL-2016-2017-FS.csv,191ad2bf5cbfbceff2caf8e3ed3a7042519b0858,157,2026-09-04T07:12:38.727Z,Saudi Pro League,2016-17,2017-04-13,Al-Shabab,Al-Raed,1,2,A,,,,23,source_reported_FT,Al-Shabab,Al-Raed
alioh/Saudi-Professional-League-Datasets,https://raw.githubusercontent.com/alioh/Saudi-Professional-League-Datasets/191ad2bf5cbfbceff2caf8e3ed3a7042519b0858/SPL-2016-2017-FS.csv,191ad2bf5cbfbceff2caf8e3ed3a7042519b0858,158,2026-09-04T07:12:38.727Z,Saudi Pro League,2016-17,2017-04-14,Al Khaleej,Al Wehda,4,2,H,,,,23,source_reported_FT,Al Khaleej,Al Wehda
alioh/Saudi-Professional-League-Datasets,https://raw.githubusercontent.com/alioh/Saudi-Professional-League-Datasets/191ad2bf5cbfbceff2caf8e3ed3a7042519b0858/SPL-2016-2017-FS.csv,191ad2bf5cbfbceff2caf8e3ed3a7042519b0858,159,2026-09-04T07:12:38.727Z,Saudi Pro League,2016-17,2017-04-14,Al-Ittihad FC,Al Qadisiya,4,2,H,,,,23,source_reported_FT,Al-Ittihad FC,Al Qadisiya
alioh/Saudi-Professional-League-Datasets,https://raw.githubusercontent.com/alioh/Saudi-Professional-League-Datasets/191ad2bf5cbfbceff2caf8e3ed3a7042519b0858/SPL-2016-2017-FS.csv,191ad2bf5cbfbceff2caf8e3ed3a7042519b0858,160,2026-09-04T07:12:38.727Z,Saudi Pro League,2016-17,2017-04-15,Al-Fateh,Al Batin,3,2,H,,,,23,source_reported_FT,Al-Fateh,Al Batin
alioh/Saudi-Professional-League-Datasets,https://raw.githubusercontent.com/alioh/Saudi-Professional-League-Datasets/191ad2bf5cbfbceff2caf8e3ed3a7042519b0858/SPL-2016-2017-FS.csv,191ad2bf5cbfbceff2caf8e3ed3a7042519b0858,162,2026-09-04T07:12:38.727Z,Saudi Pro League,2016-17,2017-04-15,Al-Hilal,Al Ahli SC,0,0,D,,,,23,source_reported_FT,Al-Hilal,Al Ahli SC
alioh/Saudi-Professional-League-Datasets,https://raw.githubusercontent.com/alioh/Saudi-Professional-League-Datasets/191ad2bf5cbfbceff2caf8e3ed3a7042519b0858/SPL-2016-2017-FS.csv,191ad2bf5cbfbceff2caf8e3ed3a7042519b0858,161,2026-09-04T07:12:38.727Z,Saudi Pro League,2016-17,2017-04-15,Al-Nassr,Al-Taawon,2,1,H,,,,23,source_reported_FT,Al-Nassr,Al-Taawon
alioh/Saudi-Professional-League-Datasets,https://raw.githubusercontent.com/alioh/Saudi-Professional-League-Datasets/191ad2bf5cbfbceff2caf8e3ed3a7042519b0858/SPL-2016-2017-FS.csv,191ad2bf5cbfbceff2caf8e3ed3a7042519b0858,166,2026-09-04T07:12:38.727Z,Saudi Pro League,2016-17,2017-04-20,Al Ahli SC,Al-Faisaly,2,1,H,,,,24,source_reported_FT,Al Ahli SC,Al-Faisaly
alioh/Saudi-Professional-League-Datasets,https://raw.githubusercontent.com/alioh/Saudi-Professional-League-Datasets/191ad2bf5cbfbceff2caf8e3ed3a7042519b0858/SPL-2016-2017-FS.csv,191ad2bf5cbfbceff2caf8e3ed3a7042519b0858,165,2026-09-04T07:12:38.727Z,Saudi Pro League,2016-17,2017-04-20,Al Wehda,Al-Fateh,1,2,A,,,,24,source_reported_FT,Al Wehda,Al-Fateh
alioh/Saudi-Professional-League-Datasets,https://raw.githubusercontent.com/alioh/Saudi-Professional-League-Datasets/191ad2bf5cbfbceff2caf8e3ed3a7042519b0858/SPL-2016-2017-FS.csv,191ad2bf5cbfbceff2caf8e3ed3a7042519b0858,164,2026-09-04T07:12:38.727Z,Saudi Pro League,2016-17,2017-04-20,Al-Shabab,Al-Hilal,1,2,A,,,,24,source_reported_FT,Al-Shabab,Al-Hilal
alioh/Saudi-Professional-League-Datasets,https://raw.githubusercontent.com/alioh/Saudi-Professional-League-Datasets/191ad2bf5cbfbceff2caf8e3ed3a7042519b0858/SPL-2016-2017-FS.csv,191ad2bf5cbfbceff2caf8e3ed3a7042519b0858,163,2026-09-04T07:12:38.727Z,Saudi Pro League,2016-17,2017-04-20,Al-Taawon,Al Khaleej,0,0,D,,,,24,source_reported_FT,Al-Taawon,Al Khaleej
alioh/Saudi-Professional-League-Datasets,https://raw.githubusercontent.com/alioh/Saudi-Professional-League-Datasets/191ad2bf5cbfbceff2caf8e3ed3a7042519b0858/SPL-2016-2017-FS.csv,191ad2bf5cbfbceff2caf8e3ed3a7042519b0858,167,2026-09-04T07:12:38.727Z,Saudi Pro League,2016-17,2017-04-21,Al Batin,Al-Nassr,4,3,H,,,,24,source_reported_FT,Al Batin,Al-Nassr
alioh/Saudi-Professional-League-Datasets,https://raw.githubusercontent.com/alioh/Saudi-Professional-League-Datasets/191ad2bf5cbfbceff2caf8e3ed3a7042519b0858/SPL-2016-2017-FS.csv,191ad2bf5cbfbceff2caf8e3ed3a7042519b0858,169,2026-09-04T07:12:38.727Z,Saudi Pro League,2016-17,2017-04-21,Al-Ettifaq,Al-Ittihad FC,1,4,A,,,,24,source_reported_FT,Al-Ettifaq,Al-Ittihad FC
alioh/Saudi-Professional-League-Datasets,https://raw.githubusercontent.com/alioh/Saudi-Professional-League-Datasets/191ad2bf5cbfbceff2caf8e3ed3a7042519b0858/SPL-2016-2017-FS.csv,191ad2bf5cbfbceff2caf8e3ed3a7042519b0858,168,2026-09-04T07:12:38.727Z,Saudi Pro League,2016-17,2017-04-21,Al-Raed,Al Qadisiya,2,1,H,,,,24,source_reported_FT,Al-Raed,Al Qadisiya
alioh/Saudi-Professional-League-Datasets,https://raw.githubusercontent.com/alioh/Saudi-Professional-League-Datasets/191ad2bf5cbfbceff2caf8e3ed3a7042519b0858/SPL-2016-2017-FS.csv,191ad2bf5cbfbceff2caf8e3ed3a7042519b0858,175,2026-09-04T07:12:38.727Z,Saudi Pro League,2016-17,2017-04-29,Al Khaleej,Al-Fateh,1,1,D,,,,25,source_reported_FT,Al Khaleej,Al-Fateh
alioh/Saudi-Professional-League-Datasets,https://raw.githubusercontent.com/alioh/Saudi-Professional-League-Datasets/191ad2bf5cbfbceff2caf8e3ed3a7042519b0858/SPL-2016-2017-FS.csv,191ad2bf5cbfbceff2caf8e3ed3a7042519b0858,174,2026-09-04T07:12:38.727Z,Saudi Pro League,2016-17,2017-04-29,Al Qadisiya,Al-Ettifaq,1,1,D,,,,25,source_reported_FT,Al Qadisiya,Al-Ettifaq
alioh/Saudi-Professional-League-Datasets,https://raw.githubusercontent.com/alioh/Saudi-Professional-League-Datasets/191ad2bf5cbfbceff2caf8e3ed3a7042519b0858/SPL-2016-2017-FS.csv,191ad2bf5cbfbceff2caf8e3ed3a7042519b0858,173,2026-09-04T07:12:38.727Z,Saudi Pro League,2016-17,2017-04-29,Al Wehda,Al-Hilal,1,3,A,,,,25,source_reported_FT,Al Wehda,Al-Hilal
alioh/Saudi-Professional-League-Datasets,https://raw.githubusercontent.com/alioh/Saudi-Professional-League-Datasets/191ad2bf5cbfbceff2caf8e3ed3a7042519b0858/SPL-2016-2017-FS.csv,191ad2bf5cbfbceff2caf8e3ed3a7042519b0858,172,2026-09-04T07:12:38.727Z,Saudi Pro League,2016-17,2017-04-29,Al-Ittihad FC,Al-Faisaly,2,2,D,,,,25,source_reported_FT,Al-Ittihad FC,Al-Faisaly
alioh/Saudi-Professional-League-Datasets,https://raw.githubusercontent.com/alioh/Saudi-Professional-League-Datasets/191ad2bf5cbfbceff2caf8e3ed3a7042519b0858/SPL-2016-2017-FS.csv,191ad2bf5cbfbceff2caf8e3ed3a7042519b0858,171,2026-09-04T07:12:38.727Z,Saudi Pro League,2016-17,2017-04-29,Al-Nassr,Al-Shabab,1,0,H,,,,25,source_reported_FT,Al-Nassr,Al-Shabab
alioh/Saudi-Professional-League-Datasets,https://raw.githubusercontent.com/alioh/Saudi-Professional-League-Datasets/191ad2bf5cbfbceff2caf8e3ed3a7042519b0858/SPL-2016-2017-FS.csv,191ad2bf5cbfbceff2caf8e3ed3a7042519b0858,170,2026-09-04T07:12:38.727Z,Saudi Pro League,2016-17,2017-04-29,Al-Taawon,Al Batin,4,3,H,,,,25,source_reported_FT,Al-Taawon,Al Batin
alioh/Saudi-Professional-League-Datasets,https://raw.githubusercontent.com/alioh/Saudi-Professional-League-Datasets/191ad2bf5cbfbceff2caf8e3ed3a7042519b0858/SPL-2016-2017-FS.csv,191ad2bf5cbfbceff2caf8e3ed3a7042519b0858,176,2026-09-04T07:12:38.727Z,Saudi Pro League,2016-17,2017-04-30,Al-Raed,Al Ahli SC,1,3,A,,,,25,source_reported_FT,Al-Raed,Al Ahli SC
alioh/Saudi-Professional-League-Datasets,https://raw.githubusercontent.com/alioh/Saudi-Professional-League-Datasets/191ad2bf5cbfbceff2caf8e3ed3a7042519b0858/SPL-2016-2017-FS.csv,191ad2bf5cbfbceff2caf8e3ed3a7042519b0858,177,2026-09-04T07:12:38.727Z,Saudi Pro League,2016-17,2017-05-03,Al-Ettifaq,Al-Shabab,0,1,A,,,,26,source_reported_FT,Al-Ettifaq,Al-Shabab
alioh/Saudi-Professional-League-Datasets,https://raw.githubusercontent.com/alioh/Saudi-Professional-League-Datasets/191ad2bf5cbfbceff2caf8e3ed3a7042519b0858/SPL-2016-2017-FS.csv,191ad2bf5cbfbceff2caf8e3ed3a7042519b0858,183,2026-09-04T07:12:38.727Z,Saudi Pro League,2016-17,2017-05-04,Al Ahli SC,Al-Taawon,2,1,H,,,,26,source_reported_FT,Al Ahli SC,Al-Taawon
alioh/Saudi-Professional-League-Datasets,https://raw.githubusercontent.com/alioh/Saudi-Professional-League-Datasets/191ad2bf5cbfbceff2caf8e3ed3a7042519b0858/SPL-2016-2017-FS.csv,191ad2bf5cbfbceff2caf8e3ed3a7042519b0858,182,2026-09-04T07:12:38.727Z,Saudi Pro League,2016-17,2017-05-04,Al Khaleej,Al-Raed,1,2,A,,,,26,source_reported_FT,Al Khaleej,Al-Raed
alioh/Saudi-Professional-League-Datasets,https://raw.githubusercontent.com/alioh/Saudi-Professional-League-Datasets/191ad2bf5cbfbceff2caf8e3ed3a7042519b0858/SPL-2016-2017-FS.csv,191ad2bf5cbfbceff2caf8e3ed3a7042519b0858,181,2026-09-04T07:12:38.727Z,Saudi Pro League,2016-17,2017-05-04,Al Qadisiya,Al Wehda,3,1,H,,,,26,source_reported_FT,Al Qadisiya,Al Wehda
alioh/Saudi-Professional-League-Datasets,https://raw.githubusercontent.com/alioh/Saudi-Professional-League-Datasets/191ad2bf5cbfbceff2caf8e3ed3a7042519b0858/SPL-2016-2017-FS.csv,191ad2bf5cbfbceff2caf8e3ed3a7042519b0858,180,2026-09-04T07:12:38.727Z,Saudi Pro League,2016-17,2017-05-04,Al-Faisaly,Al Batin,2,2,D,,,,26,source_reported_FT,Al-Faisaly,Al Batin
alioh/Saudi-Professional-League-Datasets,https://raw.githubusercontent.com/alioh/Saudi-Professional-League-Datasets/191ad2bf5cbfbceff2caf8e3ed3a7042519b0858/SPL-2016-2017-FS.csv,191ad2bf5cbfbceff2caf8e3ed3a7042519b0858,179,2026-09-04T07:12:38.727Z,Saudi Pro League,2016-17,2017-05-04,Al-Fateh,Al-Ittihad FC,4,1,H,,,,26,source_reported_FT,Al-Fateh,Al-Ittihad FC
alioh/Saudi-Professional-League-Datasets,https://raw.githubusercontent.com/alioh/Saudi-Professional-League-Datasets/191ad2bf5cbfbceff2caf8e3ed3a7042519b0858/SPL-2016-2017-FS.csv,191ad2bf5cbfbceff2caf8e3ed3a7042519b0858,178,2026-09-04T07:12:38.727Z,Saudi Pro League,2016-17,2017-05-04,Al-Hilal,Al-Nassr,5,1,H,,,,26,source_reported_FT,Al-Hilal,Al-Nassr
omarmohamed456/Football-Match-Outcome-Predictor,https://raw.githubusercontent.com/omarmohamed456/Football-Match-Outcome-Predictor/edefc091629a587271b911a08f88c1523502ff11/scraped_data/saudi_saudi_pro_league_2024-2025_match_data.csv,edefc091629a587271b911a08f88c1523502ff11,292,2026-09-04T07:16:42.633Z,Saudi Pro League,2024-25,2024-08-22,Al Wehda,Al Riyadh,3,3,D,,,,1,source_reported_FT,Al Wehda,Al Riyadh
omarmohamed456/Football-Match-Outcome-Predictor,https://raw.githubusercontent.com/omarmohamed456/Football-Match-Outcome-Predictor/edefc091629a587271b911a08f88c1523502ff11/scraped_data/saudi_saudi_pro_league_2024-2025_match_data.csv,edefc091629a587271b911a08f88c1523502ff11,225,2026-09-04T07:16:42.633Z,Saudi Pro League,2024-25,2024-08-22,Al-Nassr,Al-Raed,1,1,D,,,,1,source_reported_FT,Al Nassr,Al Raed
omarmohamed456/Football-Match-Outcome-Predictor,https://raw.githubusercontent.com/omarmohamed456/Football-Match-Outcome-Predictor/edefc091629a587271b911a08f88c1523502ff11/scraped_data/saudi_saudi_pro_league_2024-2025_match_data.csv,edefc091629a587271b911a08f88c1523502ff11,121,2026-09-04T07:16:42.633Z,Saudi Pro League,2024-25,2024-08-22,Al-Taawon,Al Fayha,1,0,H,,,,1,source_reported_FT,Al Taawon,Al Fayha
omarmohamed456/Football-Match-Outcome-Predictor,https://raw.githubusercontent.com/omarmohamed456/Football-Match-Outcome-Predictor/edefc091629a587271b911a08f88c1523502ff11/scraped_data/saudi_saudi_pro_league_2024-2025_match_data.csv,edefc091629a587271b911a08f88c1523502ff11,20,2026-09-04T07:16:42.633Z,Saudi Pro League,2024-25,2024-08-23,Al Ahli SC,Al Orubah,2,0,H,,,,1,source_reported_FT,Al Ahli SC,Al Orubah
omarmohamed456/Football-Match-Outcome-Predictor,https://raw.githubusercontent.com/omarmohamed456/Football-Match-Outcome-Predictor/edefc091629a587271b911a08f88c1523502ff11/scraped_data/saudi_saudi_pro_league_2024-2025_match_data.csv,edefc091629a587271b911a08f88c1523502ff11,84,2026-09-04T07:16:42.633Z,Saudi Pro League,2024-25,2024-08-23,Al Qadisiya,Al-Fateh,3,0,H,,,,1,source_reported_FT,Al Qadsiah,Al Fateh
omarmohamed456/Football-Match-Outcome-Predictor,https://raw.githubusercontent.com/omarmohamed456/Football-Match-Outcome-Predictor/edefc091629a587271b911a08f88c1523502ff11/scraped_data/saudi_saudi_pro_league_2024-2025_match_data.csv,edefc091629a587271b911a08f88c1523502ff11,196,2026-09-04T07:16:42.633Z,Saudi Pro League,2024-25,2024-08-23,Damac,Al Khaleej,0,1,A,,,,1,source_reported_FT,Damac,Al Khaleej
omarmohamed456/Football-Match-Outcome-Predictor,https://raw.githubusercontent.com/omarmohamed456/Football-Match-Outcome-Predictor/edefc091629a587271b911a08f88c1523502ff11/scraped_data/saudi_saudi_pro_league_2024-2025_match_data.csv,edefc091629a587271b911a08f88c1523502ff11,154,2026-09-04T07:16:42.633Z,Saudi Pro League,2024-25,2024-08-24,Al Kholood,Al-Ittihad FC,0,1,A,,,,1,source_reported_FT,Al Kholood,Al Ittihad
omarmohamed456/Football-Match-Outcome-Predictor,https://raw.githubusercontent.com/omarmohamed456/Football-Match-Outcome-Predictor/edefc091629a587271b911a08f88c1523502ff11/scraped_data/saudi_saudi_pro_league_2024-2025_match_data.csv,edefc091629a587271b911a08f88c1523502ff11,135,2026-09-04T07:16:42.633Z,Saudi Pro League,2024-25,2024-08-24,Al Okhdood,Al-Hilal,0,3,A,,,,1,source_reported_FT,Al Okhdood,Al Hilal
omarmohamed456/Football-Match-Outcome-Predictor,https://raw.githubusercontent.com/omarmohamed456/Football-Match-Outcome-Predictor/edefc091629a587271b911a08f88c1523502ff11/scraped_data/saudi_saudi_pro_league_2024-2025_match_data.csv,edefc091629a587271b911a08f88c1523502ff11,60,2026-09-04T07:16:42.633Z,Saudi Pro League,2024-25,2024-08-24,Al-Shabab,Al-Ettifaq,0,1,A,,,,1,source_reported_FT,Al Shabab,Al Ettifaq
omarmohamed456/Football-Match-Outcome-Predictor,https://raw.githubusercontent.com/omarmohamed456/Football-Match-Outcome-Predictor/edefc091629a587271b911a08f88c1523502ff11/scraped_data/saudi_saudi_pro_league_2024-2025_match_data.csv,edefc091629a587271b911a08f88c1523502ff11,106,2026-09-04T07:16:42.633Z,Saudi Pro League,2024-25,2024-08-27,Al Fayha,Al-Nassr,1,4,A,,,,2,source_reported_FT,Al Fayha,Al Nassr
omarmohamed456/Football-Match-Outcome-Predictor,https://raw.githubusercontent.com/omarmohamed456/Football-Match-Outcome-Predictor/edefc091629a587271b911a08f88c1523502ff11/scraped_data/saudi_saudi_pro_league_2024-2025_match_data.csv,edefc091629a587271b911a08f88c1523502ff11,5,2026-09-04T07:16:42.633Z,Saudi Pro League,2024-25,2024-08-27,Al-Fateh,Al Ahli SC,1,0,H,,,,2,source_reported_FT,Al Fateh,Al Ahli SC
omarmohamed456/Football-Match-Outcome-Predictor,https://raw.githubusercontent.com/omarmohamed456/Football-Match-Outcome-Predictor/edefc091629a587271b911a08f88c1523502ff11/scraped_data/saudi_saudi_pro_league_2024-2025_match_data.csv,edefc091629a587271b911a08f88c1523502ff11,266,2026-09-04T07:16:42.633Z,Saudi Pro League,2024-25,2024-08-27,Al-Raed,Al Qadisiya,0,1,A,,,,2,source_reported_FT,Al Raed,Al Qadsiah
omarmohamed456/Football-Match-Outcome-Predictor,https://raw.githubusercontent.com/omarmohamed456/Football-Match-Outcome-Predictor/edefc091629a587271b911a08f88c1523502ff11/scraped_data/saudi_saudi_pro_league_2024-2025_match_data.csv,edefc091629a587271b911a08f88c1523502ff11,263,2026-09-04T07:16:42.633Z,Saudi Pro League,2024-25,2024-08-28,Al Wehda,Al Orubah,2,1,H,,,,2,source_reported_FT,Al Wehda,Al Orubah
omarmohamed456/Football-Match-Outcome-Predictor,https://raw.githubusercontent.com/omarmohamed456/Football-Match-Outcome-Predictor/edefc091629a587271b911a08f88c1523502ff11/scraped_data/saudi_saudi_pro_league_2024-2025_match_data.csv,edefc091629a587271b911a08f88c1523502ff11,50,2026-09-04T07:16:42.633Z,Saudi Pro League,2024-25,2024-08-28,Al-Ettifaq,Al Okhdood,1,0,H,,,,2,source_reported_FT,Al Ettifaq,Al Okhdood
omarmohamed456/Football-Match-Outcome-Predictor,https://raw.githubusercontent.com/omarmohamed456/Football-Match-Outcome-Predictor/edefc091629a587271b911a08f88c1523502ff11/scraped_data/saudi_saudi_pro_league_2024-2025_match_data.csv,edefc091629a587271b911a08f88c1523502ff11,151,2026-09-04T07:16:42.633Z,Saudi Pro League,2024-25,2024-08-28,Al-Hilal,Damac,3,2,H,,,,2,source_reported_FT,Al Hilal,Damac
omarmohamed456/Football-Match-Outcome-Predictor,https://raw.githubusercontent.com/omarmohamed456/Football-Match-Outcome-Predictor/edefc091629a587271b911a08f88c1523502ff11/scraped_data/saudi_saudi_pro_league_2024-2025_match_data.csv,edefc091629a587271b911a08f88c1523502ff11,190,2026-09-04T07:16:42.633Z,Saudi Pro League,2024-25,2024-08-29,Al Khaleej,Al-Shabab,0,1,A,,,,2,source_reported_FT,Al Khaleej,Al Shabab
omarmohamed456/Football-Match-Outcome-Predictor,https://raw.githubusercontent.com/omarmohamed456/Football-Match-Outcome-Predictor/edefc091629a587271b911a08f88c1523502ff11/scraped_data/saudi_saudi_pro_league_2024-2025_match_data.csv,edefc091629a587271b911a08f88c1523502ff11,208,2026-09-04T07:16:42.633Z,Saudi Pro League,2024-25,2024-08-29,Al Riyadh,Al Kholood,3,1,H,,,,2,source_reported_FT,Al Riyadh,Al Kholood
omarmohamed456/Football-Match-Outcome-Predictor,https://raw.githubusercontent.com/omarmohamed456/Football-Match-Outcome-Predictor/edefc091629a587271b911a08f88c1523502ff11/scraped_data/saudi_saudi_pro_league_2024-2025_match_data.csv,edefc091629a587271b911a08f88c1523502ff11,170,2026-09-04T07:16:42.633Z,Saudi Pro League,2024-25,2024-08-29,Al-Ittihad FC,Al-Taawon,2,1,H,,,,2,source_reported_FT,Al Ittihad,Al Taawon
omarmohamed456/Football-Match-Outcome-Predictor,https://raw.githubusercontent.com/omarmohamed456/Football-Match-Outcome-Predictor/edefc091629a587271b911a08f88c1523502ff11/scraped_data/saudi_saudi_pro_league_2024-2025_match_data.csv,edefc091629a587271b911a08f88c1523502ff11,16,2026-09-04T07:16:42.633Z,Saudi Pro League,2024-25,2024-09-13,Al-Nassr,Al Ahli SC,1,1,D,,,,3,source_reported_FT,Al Nassr,Al Ahli SC
omarmohamed456/Football-Match-Outcome-Predictor,https://raw.githubusercontent.com/omarmohamed456/Football-Match-Outcome-Predictor/edefc091629a587271b911a08f88c1523502ff11/scraped_data/saudi_saudi_pro_league_2024-2025_match_data.csv,edefc091629a587271b911a08f88c1523502ff11,193,2026-09-04T07:16:42.633Z,Saudi Pro League,2024-25,2024-09-13,Al-Taawon,Al Khaleej,2,0,H,,,,3,source_reported_FT,Al Taawon,Al Khaleej
omarmohamed456/Football-Match-Outcome-Predictor,https://raw.githubusercontent.com/omarmohamed456/Football-Match-Outcome-Predictor/edefc091629a587271b911a08f88c1523502ff11/scraped_data/saudi_saudi_pro_league_2024-2025_match_data.csv,edefc091629a587271b911a08f88c1523502ff11,250,2026-09-04T07:16:42.633Z,Saudi Pro League,2024-25,2024-09-13,Damac,Al Okhdood,3,1,H,,,,3,source_reported_FT,Damac,Al Okhdood
omarmohamed456/Football-Match-Outcome-Predictor,https://raw.githubusercontent.com/omarmohamed456/Football-Match-Outcome-Predictor/edefc091629a587271b911a08f88c1523502ff11/scraped_data/saudi_saudi_pro_league_2024-2025_match_data.csv,edefc091629a587271b911a08f88c1523502ff11,115,2026-09-04T07:16:42.633Z,Saudi Pro League,2024-25,2024-09-14,Al Fayha,Al-Raed,0,5,A,,,,3,source_reported_FT,Al Fayha,Al Raed
omarmohamed456/Football-Match-Outcome-Predictor,https://raw.githubusercontent.com/omarmohamed456/Football-Match-Outcome-Predictor/edefc091629a587271b911a08f88c1523502ff11/scraped_data/saudi_saudi_pro_league_2024-2025_match_data.csv,edefc091629a587271b911a08f88c1523502ff11,142,2026-09-04T07:16:42.633Z,Saudi Pro League,2024-25,2024-09-14,Al Riyadh,Al-Hilal,0,3,A,,,,3,source_reported_FT,Al Riyadh,Al Hilal
omarmohamed456/Football-Match-Outcome-Predictor,https://raw.githubusercontent.com/omarmohamed456/Football-Match-Outcome-Predictor/edefc091629a587271b911a08f88c1523502ff11/scraped_data/saudi_saudi_pro_league_2024-2025_match_data.csv,edefc091629a587271b911a08f88c1523502ff11,36,2026-09-04T07:16:42.633Z,Saudi Pro League,2024-25,2024-09-14,Al-Fateh,Al-Ettifaq,1,2,A,,,,3,source_reported_FT,Al Fateh,Al Ettifaq
omarmohamed456/Football-Match-Outcome-Predictor,https://raw.githubusercontent.com/omarmohamed456/Football-Match-Outcome-Predictor/edefc091629a587271b911a08f88c1523502ff11/scraped_data/saudi_saudi_pro_league_2024-2025_match_data.csv,edefc091629a587271b911a08f88c1523502ff11,202,2026-09-04T07:16:42.633Z,Saudi Pro League,2024-25,2024-09-15,Al Kholood,Al Orubah,3,3,D,,,,3,source_reported_FT,Al Kholood,Al Orubah
omarmohamed456/Football-Match-Outcome-Predictor,https://raw.githubusercontent.com/omarmohamed456/Football-Match-Outcome-Predictor/edefc091629a587271b911a08f88c1523502ff11/scraped_data/saudi_saudi_pro_league_2024-2025_match_data.csv,edefc091629a587271b911a08f88c1523502ff11,271,2026-09-04T07:16:42.633Z,Saudi Pro League,2024-25,2024-09-15,Al Qadisiya,Al-Shabab,0,1,A,,,,3,source_reported_FT,Al Qadsiah,Al Shabab
omarmohamed456/Football-Match-Outcome-Predictor,https://raw.githubusercontent.com/omarmohamed456/Football-Match-Outcome-Predictor/edefc091629a587271b911a08f88c1523502ff11/scraped_data/saudi_saudi_pro_league_2024-2025_match_data.csv,edefc091629a587271b911a08f88c1523502ff11,173,2026-09-04T07:16:42.633Z,Saudi Pro League,2024-25,2024-09-15,Al-Ittihad FC,Al Wehda,7,1,H,,,,3,source_reported_FT,Al Ittihad,Al Wehda
omarmohamed456/Football-Match-Outcome-Predictor,https://raw.githubusercontent.com/omarmohamed456/Football-Match-Outcome-Predictor/edefc091629a587271b911a08f88c1523502ff11/scraped_data/saudi_saudi_pro_league_2024-2025_match_data.csv,edefc091629a587271b911a08f88c1523502ff11,239,2026-09-04T07:16:42.633Z,Saudi Pro League,2024-25,2024-09-19,Al Okhdood,Al Qadisiya,0,0,D,,,,4,source_reported_FT,Al Okhdood,Al Qadsiah
omarmohamed456/Football-Match-Outcome-Predictor,https://raw.githubusercontent.com/omarmohamed456/Football-Match-Outcome-Predictor/edefc091629a587271b911a08f88c1523502ff11/scraped_data/saudi_saudi_pro_league_2024-2025_match_data.csv,edefc091629a587271b911a08f88c1523502ff11,82,2026-09-04T07:16:42.633Z,Saudi Pro League,2024-25,2024-09-19,Al Orubah,Al-Fateh,1,0,H,,,,4,source_reported_FT,Al Orubah,Al Fateh
omarmohamed456/Football-Match-Outcome-Predictor,https://raw.githubusercontent.com/omarmohamed456/Football-Match-Outcome-Predictor/edefc091629a587271b911a08f88c1523502ff11/scraped_data/saudi_saudi_pro_league_2024-2025_match_data.csv,edefc091629a587271b911a08f88c1523502ff11,214,2026-09-04T07:16:42.633Z,Saudi Pro League,2024-25,2024-09-19,Al Wehda,Al Kholood,0,1,A,,,,4,source_reported_FT,Al Wehda,Al Kholood
omarmohamed456/Football-Match-Outcome-Predictor,https://raw.githubusercontent.com/omarmohamed456/Football-Match-Outcome-Predictor/edefc091629a587271b911a08f88c1523502ff11/scraped_data/saudi_saudi_pro_league_2024-2025_match_data.csv,edefc091629a587271b911a08f88c1523502ff11,34,2026-09-04T07:16:42.633Z,Saudi Pro League,2024-25,2024-09-20,Al Ahli SC,Damac,4,2,H,,,,4,source_reported_FT,Al Ahli SC,Damac
omarmohamed456/Football-Match-Outcome-Predictor,https://raw.githubusercontent.com/omarmohamed456/Football-Match-Outcome-Predictor/edefc091629a587271b911a08f88c1523502ff11/scraped_data/saudi_saudi_pro_league_2024-2025_match_data.csv,edefc091629a587271b911a08f88c1523502ff11,102,2026-09-04T07:16:42.633Z,Saudi Pro League,2024-25,2024-09-20,Al Khaleej,Al Fayha,0,0,D,,,,4,source_reported_FT,Al Khaleej,Al Fayha
omarmohamed456/Football-Match-Outcome-Predictor,https://raw.githubusercontent.com/omarmohamed456/Football-Match-Outcome-Predictor/edefc091629a587271b911a08f88c1523502ff11/scraped_data/saudi_saudi_pro_league_2024-2025_match_data.csv,edefc091629a587271b911a08f88c1523502ff11,48,2026-09-04T07:16:42.633Z,Saudi Pro League,2024-25,2024-09-20,Al-Ettifaq,Al-Nassr,0,3,A,,,,4,source_reported_FT,Al Ettifaq,Al Nassr
omarmohamed456/Football-Match-Outcome-Predictor,https://raw.githubusercontent.com/omarmohamed456/Football-Match-Outcome-Predictor/edefc091629a587271b911a08f88c1523502ff11/scraped_data/saudi_saudi_pro_league_2024-2025_match_data.csv,edefc091629a587271b911a08f88c1523502ff11,127,2026-09-04T07:16:42.633Z,Saudi Pro League,2024-25,2024-09-21,Al-Hilal,Al-Ittihad FC,3,1,H,,,,4,source_reported_FT,Al Hilal,Al Ittihad
omarmohamed456/Football-Match-Outcome-Predictor,https://raw.githubusercontent.com/omarmohamed456/Football-Match-Outcome-Predictor/edefc091629a587271b911a08f88c1523502ff11/scraped_data/saudi_saudi_pro_league_2024-2025_match_data.csv,edefc091629a587271b911a08f88c1523502ff11,278,2026-09-04T07:16:42.633Z,Saudi Pro League,2024-25,2024-09-21,Al-Raed,Al Riyadh,1,2,A,,,,4,source_reported_FT,Al Raed,Al Riyadh
omarmohamed456/Football-Match-Outcome-Predictor,https://raw.githubusercontent.com/omarmohamed456/Football-Match-Outcome-Predictor/edefc091629a587271b911a08f88c1523502ff11/scraped_data/saudi_saudi_pro_league_2024-2025_match_data.csv,edefc091629a587271b911a08f88c1523502ff11,296,2026-09-04T07:16:42.633Z,Saudi Pro League,2024-25,2024-09-21,Al-Shabab,Al-Taawon,1,0,H,,,,4,source_reported_FT,Al Shabab,Al Taawon
omarmohamed456/Football-Match-Outcome-Predictor,https://raw.githubusercontent.com/omarmohamed456/Football-Match-Outcome-Predictor/edefc091629a587271b911a08f88c1523502ff11/scraped_data/saudi_saudi_pro_league_2024-2025_match_data.csv,edefc091629a587271b911a08f88c1523502ff11,23,2026-09-04T07:16:42.633Z,Saudi Pro League,2024-25,2024-09-27,Al Qadisiya,Al Ahli SC,1,0,H,,,,5,source_reported_FT,Al Qadsiah,Al Ahli SC
omarmohamed456/Football-Match-Outcome-Predictor,https://raw.githubusercontent.com/omarmohamed456/Football-Match-Outcome-Predictor/edefc091629a587271b911a08f88c1523502ff11/scraped_data/saudi_saudi_pro_league_2024-2025_match_data.csv,edefc091629a587271b911a08f88c1523502ff11,152,2026-09-04T07:16:42.633Z,Saudi Pro League,2024-25,2024-09-27,Al-Ittihad FC,Al Khaleej,4,1,H,,,,5,source_reported_FT,Al Ittihad,Al Khaleej
omarmohamed456/Football-Match-Outcome-Predictor,https://raw.githubusercontent.com/omarmohamed456/Football-Match-Outcome-Predictor/edefc091629a587271b911a08f88c1523502ff11/scraped_data/saudi_saudi_pro_league_2024-2025_match_data.csv,edefc091629a587271b911a08f88c1523502ff11,232,2026-09-04T07:16:42.633Z,Saudi Pro League,2024-25,2024-09-27,Al-Nassr,Al Wehda,2,0,H,,,,5,source_reported_FT,Al Nassr,Al Wehda
omarmohamed456/Football-Match-Outcome-Predictor,https://raw.githubusercontent.com/omarmohamed456/Football-Match-Outcome-Predictor/edefc091629a587271b911a08f88c1523502ff11/scraped_data/saudi_saudi_pro_league_2024-2025_match_data.csv,edefc091629a587271b911a08f88c1523502ff11,130,2026-09-04T07:16:42.633Z,Saudi Pro League,2024-25,2024-09-28,Al Kholood,Al-Hilal,2,4,A,,,,5,source_reported_FT,Al Kholood,Al Hilal
omarmohamed456/Football-Match-Outcome-Predictor,https://raw.githubusercontent.com/omarmohamed456/Football-Match-Outcome-Predictor/edefc091629a587271b911a08f88c1523502ff11/scraped_data/saudi_saudi_pro_league_2024-2025_match_data.csv,edefc091629a587271b911a08f88c1523502ff11,264,2026-09-04T07:16:42.633Z,Saudi Pro League,2024-25,2024-09-28,Al Orubah,Damac,1,0,H,,,,5,source_reported_FT,Al Orubah,Damac
omarmohamed456/Football-Match-Outcome-Predictor,https://raw.githubusercontent.com/omarmohamed456/Football-Match-Outcome-Predictor/edefc091629a587271b911a08f88c1523502ff11/scraped_data/saudi_saudi_pro_league_2024-2025_match_data.csv,edefc091629a587271b911a08f88c1523502ff11,80,2026-09-04T07:16:42.633Z,Saudi Pro League,2024-25,2024-09-28,Al-Fateh,Al Okhdood,2,4,A,,,,5,source_reported_FT,Al Fateh,Al Okhdood
omarmohamed456/Football-Match-Outcome-Predictor,https://raw.githubusercontent.com/omarmohamed456/Football-Match-Outcome-Predictor/edefc091629a587271b911a08f88c1523502ff11/scraped_data/saudi_saudi_pro_league_2024-2025_match_data.csv,edefc091629a587271b911a08f88c1523502ff11,117,2026-09-04T07:16:42.633Z,Saudi Pro League,2024-25,2024-09-29,Al Fayha,Al Riyadh,2,0,H,,,,5,source_reported_FT,Al Fayha,Al Riyadh
omarmohamed456/Football-Match-Outcome-Predictor,https://raw.githubusercontent.com/omarmohamed456/Football-Match-Outcome-Predictor/edefc091629a587271b911a08f88c1523502ff11/scraped_data/saudi_saudi_pro_league_2024-2025_match_data.csv,edefc091629a587271b911a08f88c1523502ff11,280,2026-09-04T07:16:42.633Z,Saudi Pro League,2024-25,2024-09-29,Al-Shabab,Al-Raed,2,1,H,,,,5,source_reported_FT,Al Shabab,Al Raed
omarmohamed456/Football-Match-Outcome-Predictor,https://raw.githubusercontent.com/omarmohamed456/Football-Match-Outcome-Predictor/edefc091629a587271b911a08f88c1523502ff11/scraped_data/saudi_saudi_pro_league_2024-2025_match_data.csv,edefc091629a587271b911a08f88c1523502ff11,63,2026-09-04T07:16:42.633Z,Saudi Pro League,2024-25,2024-09-29,Al-Taawon,Al-Ettifaq,1,1,D,,,,5,source_reported_FT,Al Taawon,Al Ettifaq
omarmohamed456/Football-Match-Outcome-Predictor,https://raw.githubusercontent.com/omarmohamed456/Football-Match-Outcome-Predictor/edefc091629a587271b911a08f88c1523502ff11/scraped_data/saudi_saudi_pro_league_2024-2025_match_data.csv,edefc091629a587271b911a08f88c1523502ff11,159,2026-09-04T07:16:42.633Z,Saudi Pro League,2024-25,2024-10-03,Al Okhdood,Al-Ittihad FC,1,2,A,,,,6,source_reported_FT,Al Okhdood,Al Ittihad
omarmohamed456/Football-Match-Outcome-Predictor,https://raw.githubusercontent.com/omarmohamed456/Football-Match-Outcome-Predictor/edefc091629a587271b911a08f88c1523502ff11/scraped_data/saudi_saudi_pro_league_2024-2025_match_data.csv,edefc091629a587271b911a08f88c1523502ff11,122,2026-09-04T07:16:42.633Z,Saudi Pro League,2024-25,2024-10-03,Al Wehda,Al Fayha,2,2,D,,,,6,source_reported_FT,Al Wehda,Al Fayha
omarmohamed456/Football-Match-Outcome-Predictor,https://raw.githubusercontent.com/omarmohamed456/Football-Match-Outcome-Predictor/edefc091629a587271b911a08f88c1523502ff11/scraped_data/saudi_saudi_pro_league_2024-2025_match_data.csv,edefc091629a587271b911a08f88c1523502ff11,56,2026-09-04T07:16:42.633Z,Saudi Pro League,2024-25,2024-10-03,Al-Ettifaq,Al-Raed,0,1,A,,,,6,source_reported_FT,Al Ettifaq,Al Raed
omarmohamed456/Football-Match-Outcome-Predictor,https://raw.githubusercontent.com/omarmohamed456/Football-Match-Outcome-Predictor/edefc091629a587271b911a08f88c1523502ff11/scraped_data/saudi_saudi_pro_league_2024-2025_match_data.csv,edefc091629a587271b911a08f88c1523502ff11,176,2026-09-04T07:16:42.633Z,Saudi Pro League,2024-25,2024-10-04,Al Khaleej,Al Kholood,1,0,H,,,,6,source_reported_FT,Al Khaleej,Al Kholood
omarmohamed456/Football-Match-Outcome-Predictor,https://raw.githubusercontent.com/omarmohamed456/Football-Match-Outcome-Predictor/edefc091629a587271b911a08f88c1523502ff11/scraped_data/saudi_saudi_pro_league_2024-2025_match_data.csv,edefc091629a587271b911a08f88c1523502ff11,268,2026-09-04T07:16:42.633Z,Saudi Pro League,2024-25,2024-10-04,Al Riyadh,Al Qadisiya,2,1,H,,,,6,source_reported_FT,Al Riyadh,Al Qadsiah
omarmohamed456/Football-Match-Outcome-Predictor,https://raw.githubusercontent.com/omarmohamed456/Football-Match-Outcome-Predictor/edefc091629a587271b911a08f88c1523502ff11/scraped_data/saudi_saudi_pro_league_2024-2025_match_data.csv,edefc091629a587271b911a08f88c1523502ff11,301,2026-09-04T07:16:42.633Z,Saudi Pro League,2024-25,2024-10-04,Damac,Al-Shabab,1,0,H,,,,6,source_reported_FT,Damac,Al Shabab
omarmohamed456/Football-Match-Outcome-Predictor,https://raw.githubusercontent.com/omarmohamed456/Football-Match-Outcome-Predictor/edefc091629a587271b911a08f88c1523502ff11/scraped_data/saudi_saudi_pro_league_2024-2025_match_data.csv,edefc091629a587271b911a08f88c1523502ff11,8,2026-09-04T07:16:42.633Z,Saudi Pro League,2024-25,2024-10-05,Al Ahli SC,Al-Hilal,1,2,A,,,,6,source_reported_FT,Al Ahli SC,Al Hilal
omarmohamed456/Football-Match-Outcome-Predictor,https://raw.githubusercontent.com/omarmohamed456/Football-Match-Outcome-Predictor/edefc091629a587271b911a08f88c1523502ff11/scraped_data/saudi_saudi_pro_league_2024-2025_match_data.csv,edefc091629a587271b911a08f88c1523502ff11,220,2026-09-04T07:16:42.633Z,Saudi Pro League,2024-25,2024-10-05,Al-Nassr,Al Orubah,3,0,H,,,,6,source_reported_FT,Al Nassr,Al Orubah
omarmohamed456/Football-Match-Outcome-Predictor,https://raw.githubusercontent.com/omarmohamed456/Football-Match-Outcome-Predictor/edefc091629a587271b911a08f88c1523502ff11/scraped_data/saudi_saudi_pro_league_2024-2025_match_data.csv,edefc091629a587271b911a08f88c1523502ff11,92,2026-09-04T07:16:42.633Z,Saudi Pro League,2024-25,2024-10-05,Al-Taawon,Al-Fateh,2,0,H,,,,6,source_reported_FT,Al Taawon,Al Fateh
omarmohamed456/Football-Match-Outcome-Predictor,https://raw.githubusercontent.com/omarmohamed456/Football-Match-Outcome-Predictor/edefc091629a587271b911a08f88c1523502ff11/scraped_data/saudi_saudi_pro_league_2024-2025_match_data.csv,edefc091629a587271b911a08f88c1523502ff11,13,2026-09-04T07:16:42.633Z,Saudi Pro League,2024-25,2024-10-18,Al Khaleej,Al Ahli SC,0,3,A,,,,7,source_reported_FT,Al Khaleej,Al Ahli SC
omarmohamed456/Football-Match-Outcome-Predictor,https://raw.githubusercontent.com/omarmohamed456/Football-Match-Outcome-Predictor/edefc091629a587271b911a08f88c1523502ff11/scraped_data/saudi_saudi_pro_league_2024-2025_match_data.csv,edefc091629a587271b911a08f88c1523502ff11,98,2026-09-04T07:16:42.633Z,Saudi Pro League,2024-25,2024-10-18,Al-Hilal,Al Fayha,3,0,H,,,,7,source_reported_FT,Al Hilal,Al Fayha
omarmohamed456/Football-Match-Outcome-Predictor,https://raw.githubusercontent.com/omarmohamed456/Football-Match-Outcome-Predictor/edefc091629a587271b911a08f88c1523502ff11/scraped_data/saudi_saudi_pro_league_2024-2025_match_data.csv,edefc091629a587271b911a08f88c1523502ff11,229,2026-09-04T07:16:42.633Z,Saudi Pro League,2024-25,2024-10-18,Al-Shabab,Al-Nassr,1,2,A,,,,7,source_reported_FT,Al Shabab,Al Nassr
omarmohamed456/Football-Match-Outcome-Predictor,https://raw.githubusercontent.com/omarmohamed456/Football-Match-Outcome-Predictor/edefc091629a587271b911a08f88c1523502ff11/scraped_data/saudi_saudi_pro_league_2024-2025_match_data.csv,edefc091629a587271b911a08f88c1523502ff11,163,2026-09-04T07:16:42.633Z,Saudi Pro League,2024-25,2024-10-19,Al-Ittihad FC,Al Qadisiya,3,1,H,,,,7,source_reported_FT,Al Ittihad,Al Qadsiah
omarmohamed456/Football-Match-Outcome-Predictor,https://raw.githubusercontent.com/omarmohamed456/Football-Match-Outcome-Predictor/edefc091629a587271b911a08f88c1523502ff11/scraped_data/saudi_saudi_pro_league_2024-2025_match_data.csv,edefc091629a587271b911a08f88c1523502ff11,284,2026-09-04T07:16:42.633Z,Saudi Pro League,2024-25,2024-10-19,Al-Raed,Al Wehda,2,2,D,,,,7,source_reported_FT,Al Raed,Al Wehda
omarmohamed456/Football-Match-Outcome-Predictor,https://raw.githubusercontent.com/omarmohamed456/Football-Match-Outcome-Predictor/edefc091629a587271b911a08f88c1523502ff11/scraped_data/saudi_saudi_pro_league_2024-2025_match_data.csv,edefc091629a587271b911a08f88c1523502ff11,305,2026-09-04T07:16:42.633Z,Saudi Pro League,2024-25,2024-10-19,Damac,Al-Taawon,2,2,D,,,,7,source_reported_FT,Damac,Al Taawon
omarmohamed456/Football-Match-Outcome-Predictor,https://raw.githubusercontent.com/omarmohamed456/Football-Match-Outcome-Predictor/edefc091629a587271b911a08f88c1523502ff11/scraped_data/saudi_saudi_pro_league_2024-2025_match_data.csv,edefc091629a587271b911a08f88c1523502ff11,242,2026-09-04T07:16:42.633Z,Saudi Pro League,2024-25,2024-10-20,Al Okhdood,Al Riyadh,0,1,A,,,,7,source_reported_FT,Al Okhdood,Al Riyadh
omarmohamed456/Football-Match-Outcome-Predictor,https://raw.githubusercontent.com/omarmohamed456/Football-Match-Outcome-Predictor/edefc091629a587271b911a08f88c1523502ff11/scraped_data/saudi_saudi_pro_league_2024-2025_match_data.csv,edefc091629a587271b911a08f88c1523502ff11,53,2026-09-04T07:16:42.633Z,Saudi Pro League,2024-25,2024-10-20,Al-Ettifaq,Al Orubah,2,3,A,,,,7,source_reported_FT,Al Ettifaq,Al Orubah
omarmohamed456/Football-Match-Outcome-Predictor,https://raw.githubusercontent.com/omarmohamed456/Football-Match-Outcome-Predictor/edefc091629a587271b911a08f88c1523502ff11/scraped_data/saudi_saudi_pro_league_2024-2025_match_data.csv,edefc091629a587271b911a08f88c1523502ff11,77,2026-09-04T07:16:42.633Z,Saudi Pro League,2024-25,2024-10-20,Al-Fateh,Al Kholood,1,1,D,,,,7,source_reported_FT,Al Fateh,Al Kholood
omarmohamed456/Football-Match-Outcome-Predictor,https://raw.githubusercontent.com/omarmohamed456/Football-Match-Outcome-Predictor/edefc091629a587271b911a08f88c1523502ff11/scraped_data/saudi_saudi_pro_league_2024-2025_match_data.csv,edefc091629a587271b911a08f88c1523502ff11,258,2026-09-04T07:16:42.633Z,Saudi Pro League,2024-25,2024-10-24,Al Orubah,Al-Shabab,0,3,A,,,,8,source_reported_FT,Al Orubah,Al Shabab
omarmohamed456/Football-Match-Outcome-Predictor,https://raw.githubusercontent.com/omarmohamed456/Football-Match-Outcome-Predictor/edefc091629a587271b911a08f88c1523502ff11/scraped_data/saudi_saudi_pro_league_2024-2025_match_data.csv,edefc091629a587271b911a08f88c1523502ff11,166,2026-09-04T07:16:42.633Z,Saudi Pro League,2024-25,2024-10-24,Al Riyadh,Al-Ittihad FC,0,1,A,,,,8,source_reported_FT,Al Riyadh,Al Ittihad
omarmohamed456/Football-Match-Outcome-Predictor,https://raw.githubusercontent.com/omarmohamed456/Football-Match-Outcome-Predictor/edefc091629a587271b911a08f88c1523502ff11/scraped_data/saudi_saudi_pro_league_2024-2025_match_data.csv,edefc091629a587271b911a08f88c1523502ff11,194,2026-09-04T07:16:42.633Z,Saudi Pro League,2024-25,2024-10-24,Al Wehda,Al Khaleej,1,3,A,,,,8,source_reported_FT,Al Wehda,Al Khaleej
omarmohamed456/Football-Match-Outcome-Predictor,https://raw.githubusercontent.com/omarmohamed456/Football-Match-Outcome-Predictor/edefc091629a587271b911a08f88c1523502ff11/scraped_data/saudi_saudi_pro_league_2024-2025_match_data.csv,edefc091629a587271b911a08f88c1523502ff11,18,2026-09-04T07:16:42.633Z,Saudi Pro League,2024-25,2024-10-25,Al Ahli SC,Al Okhdood,1,1,D,,,,8,source_reported_FT,Al Ahli SC,Al Okhdood
omarmohamed456/Football-Match-Outcome-Predictor,https://raw.githubusercontent.com/omarmohamed456/Football-Match-Outcome-Predictor/edefc091629a587271b911a08f88c1523502ff11/scraped_data/saudi_saudi_pro_league_2024-2025_match_data.csv,edefc091629a587271b911a08f88c1523502ff11,199,2026-09-04T07:16:42.633Z,Saudi Pro League,2024-25,2024-10-25,Al Kholood,Al-Nassr,3,3,D,,,,8,source_reported_FT,Al Kholood,Al Nassr
omarmohamed456/Football-Match-Outcome-Predictor,https://raw.githubusercontent.com/omarmohamed456/Football-Match-Outcome-Predictor/edefc091629a587271b911a08f88c1523502ff11/scraped_data/saudi_saudi_pro_league_2024-2025_match_data.csv,edefc091629a587271b911a08f88c1523502ff11,276,2026-09-04T07:16:42.633Z,Saudi Pro League,2024-25,2024-10-25,Al Qadisiya,Damac,2,1,H,,,,8,source_reported_FT,Al Qadsiah,Damac
omarmohamed456/Football-Match-Outcome-Predictor,https://raw.githubusercontent.com/omarmohamed456/Football-Match-Outcome-Predictor/edefc091629a587271b911a08f88c1523502ff11/scraped_data/saudi_saudi_pro_league_2024-2025_match_data.csv,edefc091629a587271b911a08f88c1523502ff11,39,2026-09-04T07:16:42.633Z,Saudi Pro League,2024-25,2024-10-26,Al Fayha,Al-Ettifaq,1,1,D,,,,8,source_reported_FT,Al Fayha,Al Ettifaq
omarmohamed456/Football-Match-Outcome-Predictor,https://raw.githubusercontent.com/omarmohamed456/Football-Match-Outcome-Predictor/edefc091629a587271b911a08f88c1523502ff11/scraped_data/saudi_saudi_pro_league_2024-2025_match_data.csv,edefc091629a587271b911a08f88c1523502ff11,147,2026-09-04T07:16:42.633Z,Saudi Pro League,2024-25,2024-10-26,Al-Hilal,Al-Taawon,2,0,H,,,,8,source_reported_FT,Al Hilal,Al Taawon
omarmohamed456/Football-Match-Outcome-Predictor,https://raw.githubusercontent.com/omarmohamed456/Football-Match-Outcome-Predictor/edefc091629a587271b911a08f88c1523502ff11/scraped_data/saudi_saudi_pro_league_2024-2025_match_data.csv,edefc091629a587271b911a08f88c1523502ff11,87,2026-09-04T07:16:42.633Z,Saudi Pro League,2024-25,2024-10-26,Al-Raed,Al-Fateh,2,1,H,,,,8,source_reported_FT,Al Raed,Al Fateh
omarmohamed456/Football-Match-Outcome-Predictor,https://raw.githubusercontent.com/omarmohamed456/Football-Match-Outcome-Predictor/edefc091629a587271b911a08f88c1523502ff11/scraped_data/saudi_saudi_pro_league_2024-2025_match_data.csv,edefc091629a587271b911a08f88c1523502ff11,236,2026-09-04T07:16:42.633Z,Saudi Pro League,2024-25,2024-10-31,Al Okhdood,Al Orubah,4,0,H,,,,9,source_reported_FT,Al Okhdood,Al Orubah
omarmohamed456/Football-Match-Outcome-Predictor,https://raw.githubusercontent.com/omarmohamed456/Football-Match-Outcome-Predictor/edefc091629a587271b911a08f88c1523502ff11/scraped_data/saudi_saudi_pro_league_2024-2025_match_data.csv,edefc091629a587271b911a08f88c1523502ff11,11,2026-09-04T07:16:42.633Z,Saudi Pro League,2024-25,2024-10-31,Al-Ittihad FC,Al Ahli SC,1,0,H,,,,9,source_reported_FT,Al Ittihad,Al Ahli SC
omarmohamed456/Football-Match-Outcome-Predictor,https://raw.githubusercontent.com/omarmohamed456/Football-Match-Outcome-Predictor/edefc091629a587271b911a08f88c1523502ff11/scraped_data/saudi_saudi_pro_league_2024-2025_match_data.csv,edefc091629a587271b911a08f88c1523502ff11,298,2026-09-04T07:16:42.633Z,Saudi Pro League,2024-25,2024-10-31,Al-Shabab,Al Wehda,3,1,H,,,,9,source_reported_FT,Al Shabab,Al Wehda
omarmohamed456/Football-Match-Outcome-Predictor,https://raw.githubusercontent.com/omarmohamed456/Football-Match-Outcome-Predictor/edefc091629a587271b911a08f88c1523502ff11/scraped_data/saudi_saudi_pro_league_2024-2025_match_data.csv,edefc091629a587271b911a08f88c1523502ff11,187,2026-09-04T07:16:42.633Z,Saudi Pro League,2024-25,2024-11-01,Al Khaleej,Al-Raed,4,0,H,,,,9,source_reported_FT,Al Khaleej,Al Raed
omarmohamed456/Football-Match-Outcome-Predictor,https://raw.githubusercontent.com/omarmohamed456/Football-Match-Outcome-Predictor/edefc091629a587271b911a08f88c1523502ff11/scraped_data/saudi_saudi_pro_league_2024-2025_match_data.csv,edefc091629a587271b911a08f88c1523502ff11,133,2026-09-04T07:16:42.633Z,Saudi Pro League,2024-25,2024-11-01,Al-Nassr,Al-Hilal,1,1,D,,,,9,source_reported_FT,Al Nassr,Al Hilal
omarmohamed456/Football-Match-Outcome-Predictor,https://raw.githubusercontent.com/omarmohamed456/Football-Match-Outcome-Predictor/edefc091629a587271b911a08f88c1523502ff11/scraped_data/saudi_saudi_pro_league_2024-2025_match_data.csv,edefc091629a587271b911a08f88c1523502ff11,294,2026-09-04T07:16:42.633Z,Saudi Pro League,2024-25,2024-11-01,Damac,Al Riyadh,2,2,D,,,,9,source_reported_FT,Damac,Al Riyadh
omarmohamed456/Football-Match-Outcome-Predictor,https://raw.githubusercontent.com/omarmohamed456/Football-Match-Outcome-Predictor/edefc091629a587271b911a08f88c1523502ff11/scraped_data/saudi_saudi_pro_league_2024-2025_match_data.csv,edefc091629a587271b911a08f88c1523502ff11,55,2026-09-04T07:16:42.633Z,Saudi Pro League,2024-25,2024-11-02,Al-Ettifaq,Al Qadisiya,0,2,A,,,,9,source_reported_FT,Al Ettifaq,Al Qadsiah
omarmohamed456/Football-Match-Outcome-Predictor,https://raw.githubusercontent.com/omarmohamed456/Football-Match-Outcome-Predictor/edefc091629a587271b911a08f88c1523502ff11/scraped_data/saudi_saudi_pro_league_2024-2025_match_data.csv,edefc091629a587271b911a08f88c1523502ff11,68,2026-09-04T07:16:42.633Z,Saudi Pro League,2024-25,2024-11-02,Al-Fateh,Al Fayha,1,1,D,,,,9,source_reported_FT,Al Fateh,Al Fayha
omarmohamed456/Football-Match-Outcome-Predictor,https://raw.githubusercontent.com/omarmohamed456/Football-Match-Outcome-Predictor/edefc091629a587271b911a08f88c1523502ff11/scraped_data/saudi_saudi_pro_league_2024-2025_match_data.csv,edefc091629a587271b911a08f88c1523502ff11,212,2026-09-04T07:16:42.633Z,Saudi Pro League,2024-25,2024-11-02,Al-Taawon,Al Kholood,1,1,D,,,,9,source_reported_FT,Al Taawon,Al Kholood
omarmohamed456/Football-Match-Outcome-Predictor,https://raw.githubusercontent.com/omarmohamed456/Football-Match-Outcome-Predictor/edefc091629a587271b911a08f88c1523502ff11/scraped_data/saudi_saudi_pro_league_2024-2025_match_data.csv,edefc091629a587271b911a08f88c1523502ff11,210,2026-09-04T07:16:42.633Z,Saudi Pro League,2024-25,2024-11-07,Al Kholood,Al-Shabab,0,2,A,,,,10,source_reported_FT,Al Kholood,Al Shabab
omarmohamed456/Football-Match-Outcome-Predictor,https://raw.githubusercontent.com/omarmohamed456/Football-Match-Outcome-Predictor/edefc091629a587271b911a08f88c1523502ff11/scraped_data/saudi_saudi_pro_league_2024-2025_match_data.csv,edefc091629a587271b911a08f88c1523502ff11,161,2026-09-04T07:16:42.633Z,Saudi Pro League,2024-25,2024-11-07,Al Orubah,Al-Ittihad FC,0,2,A,,,,10,source_reported_FT,Al Orubah,Al Ittihad
omarmohamed456/Football-Match-Outcome-Predictor,https://raw.githubusercontent.com/omarmohamed456/Football-Match-Outcome-Predictor/edefc091629a587271b911a08f88c1523502ff11/scraped_data/saudi_saudi_pro_league_2024-2025_match_data.csv,edefc091629a587271b911a08f88c1523502ff11,113,2026-09-04T07:16:42.633Z,Saudi Pro League,2024-25,2024-11-07,Al Qadisiya,Al Fayha,2,0,H,,,,10,source_reported_FT,Al Qadsiah,Al Fayha
omarmohamed456/Football-Match-Outcome-Predictor,https://raw.githubusercontent.com/omarmohamed456/Football-Match-Outcome-Predictor/edefc091629a587271b911a08f88c1523502ff11/scraped_data/saudi_saudi_pro_league_2024-2025_match_data.csv,edefc091629a587271b911a08f88c1523502ff11,25,2026-09-04T07:16:42.633Z,Saudi Pro League,2024-25,2024-11-08,Al Ahli SC,Al-Raed,2,0,H,,,,10,source_reported_FT,Al Ahli SC,Al Raed
omarmohamed456/Football-Match-Outcome-Predictor,https://raw.githubusercontent.com/omarmohamed456/Football-Match-Outcome-Predictor/edefc091629a587271b911a08f88c1523502ff11/scraped_data/saudi_saudi_pro_league_2024-2025_match_data.csv,edefc091629a587271b911a08f88c1523502ff11,226,2026-09-04T07:16:42.633Z,Saudi Pro League,2024-25,2024-11-08,Al Riyadh,Al-Nassr,0,1,A,,,,10,source_reported_FT,Al Riyadh,Al Nassr
omarmohamed456/Football-Match-Outcome-Predictor,https://raw.githubusercontent.com/omarmohamed456/Football-Match-Outcome-Predictor/edefc091629a587271b911a08f88c1523502ff11/scraped_data/saudi_saudi_pro_league_2024-2025_match_data.csv,edefc091629a587271b911a08f88c1523502ff11,41,2026-09-04T07:16:42.633Z,Saudi Pro League,2024-25,2024-11-08,Al-Hilal,Al-Ettifaq,3,1,H,,,,10,source_reported_FT,Al Hilal,Al Ettifaq
omarmohamed456/Football-Match-Outcome-Predictor,https://raw.githubusercontent.com/omarmohamed456/Football-Match-Outcome-Predictor/edefc091629a587271b911a08f88c1523502ff11/scraped_data/saudi_saudi_pro_league_2024-2025_match_data.csv,edefc091629a587271b911a08f88c1523502ff11,307,2026-09-04T07:16:42.633Z,Saudi Pro League,2024-25,2024-11-09,Al Wehda,Damac,2,3,A,,,,10,source_reported_FT,Al Wehda,Damac
omarmohamed456/Football-Match-Outcome-Predictor,https://raw.githubusercontent.com/omarmohamed456/Football-Match-Outcome-Predictor/edefc091629a587271b911a08f88c1523502ff11/scraped_data/saudi_saudi_pro_league_2024-2025_match_data.csv,edefc091629a587271b911a08f88c1523502ff11,75,2026-09-04T07:16:42.633Z,Saudi Pro League,2024-25,2024-11-09,Al-Fateh,Al Khaleej,1,2,A,,,,10,source_reported_FT,Al Fateh,Al Khaleej
omarmohamed456/Football-Match-Outcome-Predictor,https://raw.githubusercontent.com/omarmohamed456/Football-Match-Outcome-Predictor/edefc091629a587271b911a08f88c1523502ff11/scraped_data/saudi_saudi_pro_league_2024-2025_match_data.csv,edefc091629a587271b911a08f88c1523502ff11,247,2026-09-04T07:16:42.633Z,Saudi Pro League,2024-25,2024-11-09,Al-Taawon,Al Okhdood,1,0,H,,,,10,source_reported_FT,Al Taawon,Al Okhdood
omarmohamed456/Football-Match-Outcome-Predictor,https://raw.githubusercontent.com/omarmohamed456/Football-Match-Outcome-Predictor/edefc091629a587271b911a08f88c1523502ff11/scraped_data/saudi_saudi_pro_league_2024-2025_match_data.csv,edefc091629a587271b911a08f88c1523502ff11,6,2026-09-04T07:16:42.633Z,Saudi Pro League,2024-25,2024-11-22,Al Fayha,Al Ahli SC,0,1,A,,,,11,source_reported_FT,Al Fayha,Al Ahli SC
omarmohamed456/Football-Match-Outcome-Predictor,https://raw.githubusercontent.com/omarmohamed456/Football-Match-Outcome-Predictor/edefc091629a587271b911a08f88c1523502ff11/scraped_data/saudi_saudi_pro_league_2024-2025_match_data.csv,edefc091629a587271b911a08f88c1523502ff11,244,2026-09-04T07:16:42.633Z,Saudi Pro League,2024-25,2024-11-22,Al Okhdood,Al-Shabab,1,1,D,,,,11,source_reported_FT,Al Okhdood,Al Shabab
omarmohamed456/Football-Match-Outcome-Predictor,https://raw.githubusercontent.com/omarmohamed456/Football-Match-Outcome-Predictor/edefc091629a587271b911a08f88c1523502ff11/scraped_data/saudi_saudi_pro_league_2024-2025_match_data.csv,edefc091629a587271b911a08f88c1523502ff11,223,2026-09-04T07:16:42.633Z,Saudi Pro League,2024-25,2024-11-22,Al-Nassr,Al Qadisiya,1,2,A,,,,11,source_reported_FT,Al Nassr,Al Qadsiah
omarmohamed456/Football-Match-Outcome-Predictor,https://raw.githubusercontent.com/omarmohamed456/Football-Match-Outcome-Predictor/edefc091629a587271b911a08f88c1523502ff11/scraped_data/saudi_saudi_pro_league_2024-2025_match_data.csv,edefc091629a587271b911a08f88c1523502ff11,128,2026-09-04T07:16:42.633Z,Saudi Pro League,2024-25,2024-11-23,Al Khaleej,Al-Hilal,3,2,H,,,,11,source_reported_FT,Al Khaleej,Al Hilal
omarmohamed456/Football-Match-Outcome-Predictor,https://raw.githubusercontent.com/omarmohamed456/Football-Match-Outcome-Predictor/edefc091629a587271b911a08f88c1523502ff11/scraped_data/saudi_saudi_pro_league_2024-2025_match_data.csv,edefc091629a587271b911a08f88c1523502ff11,302,2026-09-04T07:16:42.633Z,Saudi Pro League,2024-25,2024-11-23,Al Wehda,Al-Taawon,1,0,H,,,,11,source_reported_FT,Al Wehda,Al Taawon
omarmohamed456/Football-Match-Outcome-Predictor,https://raw.githubusercontent.com/omarmohamed456/Football-Match-Outcome-Predictor/edefc091629a587271b911a08f88c1523502ff11/scraped_data/saudi_saudi_pro_league_2024-2025_match_data.csv,edefc091629a587271b911a08f88c1523502ff11,254,2026-09-04T07:16:42.633Z,Saudi Pro League,2024-25,2024-11-23,Al-Raed,Al Orubah,3,1,H,,,,11,source_reported_FT,Al Raed,Al Orubah
omarmohamed456/Football-Match-Outcome-Predictor,https://raw.githubusercontent.com/omarmohamed456/Football-Match-Outcome-Predictor/edefc091629a587271b911a08f88c1523502ff11/scraped_data/saudi_saudi_pro_league_2024-2025_match_data.csv,edefc091629a587271b911a08f88c1523502ff11,59,2026-09-04T07:16:42.633Z,Saudi Pro League,2024-25,2024-11-24,Al Riyadh,Al-Ettifaq,0,0,D,,,,11,source_reported_FT,Al Riyadh,Al Ettifaq
omarmohamed456/Football-Match-Outcome-Predictor,https://raw.githubusercontent.com/omarmohamed456/Football-Match-Outcome-Predictor/edefc091629a587271b911a08f88c1523502ff11/scraped_data/saudi_saudi_pro_league_2024-2025_match_data.csv,edefc091629a587271b911a08f88c1523502ff11,72,2026-09-04T07:16:42.633Z,Saudi Pro League,2024-25,2024-11-24,Al-Ittihad FC,Al-Fateh,2,0,H,,,,11,source_reported_FT,Al Ittihad,Al Fateh
omarmohamed456/Football-Match-Outcome-Predictor,https://raw.githubusercontent.com/omarmohamed456/Football-Match-Outcome-Predictor/edefc091629a587271b911a08f88c1523502ff11/scraped_data/saudi_saudi_pro_league_2024-2025_match_data.csv,edefc091629a587271b911a08f88c1523502ff11,216,2026-09-04T07:16:42.633Z,Saudi Pro League,2024-25,2024-11-24,Damac,Al Kholood,2,1,H,,,,11,source_reported_FT,Damac,Al Kholood
omarmohamed456/Football-Match-Outcome-Predictor,https://raw.githubusercontent.com/omarmohamed456/Football-Match-Outcome-Predictor/edefc091629a587271b911a08f88c1523502ff11/scraped_data/saudi_saudi_pro_league_2024-2025_match_data.csv,edefc091629a587271b911a08f88c1523502ff11,111,2026-09-04T07:16:42.633Z,Saudi Pro League,2024-25,2024-11-28,Al Fayha,Al Orubah,0,1,A,,,,12,source_reported_FT,Al Fayha,Al Orubah
omarmohamed456/Football-Match-Outcome-Predictor,https://raw.githubusercontent.com/omarmohamed456/Football-Match-Outcome-Predictor/edefc091629a587271b911a08f88c1523502ff11/scraped_data/saudi_saudi_pro_league_2024-2025_match_data.csv,edefc091629a587271b911a08f88c1523502ff11,201,2026-09-04T07:16:42.633Z,Saudi Pro League,2024-25,2024-11-28,Al Okhdood,Al Kholood,1,2,A,,,,12,source_reported_FT,Al Okhdood,Al Kholood
omarmohamed456/Football-Match-Outcome-Predictor,https://raw.githubusercontent.com/omarmohamed456/Football-Match-Outcome-Predictor/edefc091629a587271b911a08f88c1523502ff11/scraped_data/saudi_saudi_pro_league_2024-2025_match_data.csv,edefc091629a587271b911a08f88c1523502ff11,88,2026-09-04T07:16:42.633Z,Saudi Pro League,2024-25,2024-11-28,Al-Fateh,Al Riyadh,1,2,A,,,,12,source_reported_FT,Al Fateh,Al Riyadh
omarmohamed456/Football-Match-Outcome-Predictor,https://raw.githubusercontent.com/omarmohamed456/Football-Match-Outcome-Predictor/edefc091629a587271b911a08f88c1523502ff11/scraped_data/saudi_saudi_pro_league_2024-2025_match_data.csv,edefc091629a587271b911a08f88c1523502ff11,33,2026-09-04T07:16:42.633Z,Saudi Pro League,2024-25,2024-11-29,Al Ahli SC,Al Wehda,1,0,H,,,,12,source_reported_FT,Al Ahli SC,Al Wehda
omarmohamed456/Football-Match-Outcome-Predictor,https://raw.githubusercontent.com/omarmohamed456/Football-Match-Outcome-Predictor/edefc091629a587271b911a08f88c1523502ff11/scraped_data/saudi_saudi_pro_league_2024-2025_match_data.csv,edefc091629a587271b911a08f88c1523502ff11,185,2026-09-04T07:16:42.633Z,Saudi Pro League,2024-25,2024-11-29,Al Qadisiya,Al Khaleej,1,0,H,,,,12,source_reported_FT,Al Qadsiah,Al Khaleej
omarmohamed456/Football-Match-Outcome-Predictor,https://raw.githubusercontent.com/omarmohamed456/Football-Match-Outcome-Predictor/edefc091629a587271b911a08f88c1523502ff11/scraped_data/saudi_saudi_pro_league_2024-2025_match_data.csv,edefc091629a587271b911a08f88c1523502ff11,234,2026-09-04T07:16:42.633Z,Saudi Pro League,2024-25,2024-11-29,Al-Nassr,Damac,2,0,H,,,,12,source_reported_FT,Al Nassr,Damac
omarmohamed456/Football-Match-Outcome-Predictor,https://raw.githubusercontent.com/omarmohamed456/Football-Match-Outcome-Predictor/edefc091629a587271b911a08f88c1523502ff11/scraped_data/saudi_saudi_pro_league_2024-2025_match_data.csv,edefc091629a587271b911a08f88c1523502ff11,42,2026-09-04T07:16:42.633Z,Saudi Pro League,2024-25,2024-11-30,Al-Ettifaq,Al-Ittihad FC,0,4,A,,,,12,source_reported_FT,Al Ettifaq,Al Ittihad
omarmohamed456/Football-Match-Outcome-Predictor,https://raw.githubusercontent.com/omarmohamed456/Football-Match-Outcome-Predictor/edefc091629a587271b911a08f88c1523502ff11/scraped_data/saudi_saudi_pro_league_2024-2025_match_data.csv,edefc091629a587271b911a08f88c1523502ff11,282,2026-09-04T07:16:42.633Z,Saudi Pro League,2024-25,2024-11-30,Al-Raed,Al-Taawon,0,1,A,,,,12,source_reported_FT,Al Raed,Al Taawon
omarmohamed456/Football-Match-Outcome-Predictor,https://raw.githubusercontent.com/omarmohamed456/Football-Match-Outcome-Predictor/edefc091629a587271b911a08f88c1523502ff11/scraped_data/saudi_saudi_pro_league_2024-2025_match_data.csv,edefc091629a587271b911a08f88c1523502ff11,144,2026-09-04T07:16:42.633Z,Saudi Pro League,2024-25,2024-11-30,Al-Shabab,Al-Hilal,1,2,A,,,,12,source_reported_FT,Al Shabab,Al Hilal
omarmohamed456/Football-Match-Outcome-Predictor,https://raw.githubusercontent.com/omarmohamed456/Football-Match-Outcome-Predictor/edefc091629a587271b911a08f88c1523502ff11/scraped_data/saudi_saudi_pro_league_2024-2025_match_data.csv,edefc091629a587271b911a08f88c1523502ff11,249,2026-09-04T07:16:42.633Z,Saudi Pro League,2024-25,2024-12-05,Al Wehda,Al Okhdood,2,3,A,,,,13,source_reported_FT,Al Wehda,Al Okhdood
omarmohamed456/Football-Match-Outcome-Predictor,https://raw.githubusercontent.com/omarmohamed456/Football-Match-Outcome-Predictor/edefc091629a587271b911a08f88c1523502ff11/scraped_data/saudi_saudi_pro_league_2024-2025_match_data.csv,edefc091629a587271b911a08f88c1523502ff11,91,2026-09-04T07:16:42.633Z,Saudi Pro League,2024-25,2024-12-05,Al-Shabab,Al-Fateh,2,2,D,,,,13,source_reported_FT,Al Shabab,Al Fateh
omarmohamed456/Football-Match-Outcome-Predictor,https://raw.githubusercontent.com/omarmohamed456/Football-Match-Outcome-Predictor/edefc091629a587271b911a08f88c1523502ff11/scraped_data/saudi_saudi_pro_league_2024-2025_match_data.csv,edefc091629a587271b911a08f88c1523502ff11,125,2026-09-04T07:16:42.633Z,Saudi Pro League,2024-25,2024-12-05,Damac,Al Fayha,2,2,D,,,,13,source_reported_FT,Damac,Al Fayha
omarmohamed456/Football-Match-Outcome-Predictor,https://raw.githubusercontent.com/omarmohamed456/Football-Match-Outcome-Predictor/edefc091629a587271b911a08f88c1523502ff11/scraped_data/saudi_saudi_pro_league_2024-2025_match_data.csv,edefc091629a587271b911a08f88c1523502ff11,205,2026-09-04T07:16:42.633Z,Saudi Pro League,2024-25,2024-12-06,Al Kholood,Al Qadisiya,0,3,A,,,,13,source_reported_FT,Al Kholood,Al Qadsiah
omarmohamed456/Football-Match-Outcome-Predictor,https://raw.githubusercontent.com/omarmohamed456/Football-Match-Outcome-Predictor/edefc091629a587271b911a08f88c1523502ff11/scraped_data/saudi_saudi_pro_league_2024-2025_match_data.csv,edefc091629a587271b911a08f88c1523502ff11,256,2026-09-04T07:16:42.633Z,Saudi Pro League,2024-25,2024-12-06,Al Orubah,Al Riyadh,0,1,A,,,,13,source_reported_FT,Al Orubah,Al Riyadh
omarmohamed456/Football-Match-Outcome-Predictor,https://raw.githubusercontent.com/omarmohamed456/Football-Match-Outcome-Predictor/edefc091629a587271b911a08f88c1523502ff11/scraped_data/saudi_saudi_pro_league_2024-2025_match_data.csv,edefc091629a587271b911a08f88c1523502ff11,156,2026-09-04T07:16:42.633Z,Saudi Pro League,2024-25,2024-12-06,Al-Ittihad FC,Al-Nassr,2,1,H,,,,13,source_reported_FT,Al Ittihad,Al Nassr
omarmohamed456/Football-Match-Outcome-Predictor,https://raw.githubusercontent.com/omarmohamed456/Football-Match-Outcome-Predictor/edefc091629a587271b911a08f88c1523502ff11/scraped_data/saudi_saudi_pro_league_2024-2025_match_data.csv,edefc091629a587271b911a08f88c1523502ff11,44,2026-09-04T07:16:42.633Z,Saudi Pro League,2024-25,2024-12-07,Al Khaleej,Al-Ettifaq,1,2,A,,,,13,source_reported_FT,Al Khaleej,Al Ettifaq
omarmohamed456/Football-Match-Outcome-Predictor,https://raw.githubusercontent.com/omarmohamed456/Football-Match-Outcome-Predictor/edefc091629a587271b911a08f88c1523502ff11/scraped_data/saudi_saudi_pro_league_2024-2025_match_data.csv,edefc091629a587271b911a08f88c1523502ff11,140,2026-09-04T07:16:42.633Z,Saudi Pro League,2024-25,2024-12-07,Al-Hilal,Al-Raed,3,2,H,,,,13,source_reported_FT,Al Hilal,Al Raed
omarmohamed456/Football-Match-Outcome-Predictor,https://raw.githubusercontent.com/omarmohamed456/Football-Match-Outcome-Predictor/edefc091629a587271b911a08f88c1523502ff11/scraped_data/saudi_saudi_pro_league_2024-2025_match_data.csv,edefc091629a587271b911a08f88c1523502ff11,30,2026-09-04T07:16:42.633Z,Saudi Pro League,2024-25,2024-12-07,Al-Taawon,Al Ahli SC,2,4,A,,,,13,source_reported_FT,Al Taawon,Al Ahli SC
omarmohamed456/Football-Match-Outcome-Predictor,https://raw.githubusercontent.com/omarmohamed456/Football-Match-Outcome-Predictor/edefc091629a587271b911a08f88c1523502ff11/scraped_data/saudi_saudi_pro_league_2024-2025_match_data.csv,edefc091629a587271b911a08f88c1523502ff11,189,2026-09-04T07:16:42.633Z,Saudi Pro League,2024-25,2025-01-09,Al Riyadh,Al Khaleej,2,2,D,,,,14,source_reported_FT,Al Riyadh,Al Khaleej
omarmohamed456/Football-Match-Outcome-Predictor,https://raw.githubusercontent.com/omarmohamed456/Football-Match-Outcome-Predictor/edefc091629a587271b911a08f88c1523502ff11/scraped_data/saudi_saudi_pro_league_2024-2025_match_data.csv,edefc091629a587271b911a08f88c1523502ff11,94,2026-09-04T07:16:42.633Z,Saudi Pro League,2024-25,2025-01-09,Al-Fateh,Al Wehda,1,2,A,,,,14,source_reported_FT,Al Fateh,Al Wehda
omarmohamed456/Football-Match-Outcome-Predictor,https://raw.githubusercontent.com/omarmohamed456/Football-Match-Outcome-Predictor/edefc091629a587271b911a08f88c1523502ff11/scraped_data/saudi_saudi_pro_league_2024-2025_match_data.csv,edefc091629a587271b911a08f88c1523502ff11,218,2026-09-04T07:16:42.633Z,Saudi Pro League,2024-25,2025-01-09,Al-Nassr,Al Okhdood,3,1,H,,,,14,source_reported_FT,Al Nassr,Al Okhdood
omarmohamed456/Football-Match-Outcome-Predictor,https://raw.githubusercontent.com/omarmohamed456/Football-Match-Outcome-Predictor/edefc091629a587271b911a08f88c1523502ff11/scraped_data/saudi_saudi_pro_league_2024-2025_match_data.csv,edefc091629a587271b911a08f88c1523502ff11,29,2026-09-04T07:16:42.633Z,Saudi Pro League,2024-25,2025-01-10,Al Ahli SC,Al-Shabab,3,2,H,,,,14,source_reported_FT,Al Ahli SC,Al Shabab
omarmohamed456/Football-Match-Outcome-Predictor,https://raw.githubusercontent.com/omarmohamed456/Football-Match-Outcome-Predictor/edefc091629a587271b911a08f88c1523502ff11/scraped_data/saudi_saudi_pro_league_2024-2025_match_data.csv,edefc091629a587271b911a08f88c1523502ff11,46,2026-09-04T07:16:42.633Z,Saudi Pro League,2024-25,2025-01-10,Al-Ettifaq,Al Kholood,2,3,A,,,,14,source_reported_FT,Al Ettifaq,Al Kholood
omarmohamed456/Football-Match-Outcome-Predictor,https://raw.githubusercontent.com/omarmohamed456/Football-Match-Outcome-Predictor/edefc091629a587271b911a08f88c1523502ff11/scraped_data/saudi_saudi_pro_league_2024-2025_match_data.csv,edefc091629a587271b911a08f88c1523502ff11,286,2026-09-04T07:16:42.633Z,Saudi Pro League,2024-25,2025-01-10,Al-Raed,Damac,0,2,A,,,,14,source_reported_FT,Al Raed,Damac
omarmohamed456/Football-Match-Outcome-Predictor,https://raw.githubusercontent.com/omarmohamed456/Football-Match-Outcome-Predictor/edefc091629a587271b911a08f88c1523502ff11/scraped_data/saudi_saudi_pro_league_2024-2025_match_data.csv,edefc091629a587271b911a08f88c1523502ff11,101,2026-09-04T07:16:42.633Z,Saudi Pro League,2024-25,2025-01-11,Al Fayha,Al-Ittihad FC,1,1,D,,,,14,source_reported_FT,Al Fayha,Al Ittihad
omarmohamed456/Football-Match-Outcome-Predictor,https://raw.githubusercontent.com/omarmohamed456/Football-Match-Outcome-Predictor/edefc091629a587271b911a08f88c1523502ff11/scraped_data/saudi_saudi_pro_league_2024-2025_match_data.csv,edefc091629a587271b911a08f88c1523502ff11,136,2026-09-04T07:16:42.633Z,Saudi Pro League,2024-25,2025-01-11,Al Orubah,Al-Hilal,0,5,A,,,,14,source_reported_FT,Al Orubah,Al Hilal
omarmohamed456/Football-Match-Outcome-Predictor,https://raw.githubusercontent.com/omarmohamed456/Football-Match-Outcome-Predictor/edefc091629a587271b911a08f88c1523502ff11/scraped_data/saudi_saudi_pro_league_2024-2025_match_data.csv,edefc091629a587271b911a08f88c1523502ff11,272,2026-09-04T07:16:42.633Z,Saudi Pro League,2024-25,2025-01-11,Al Qadisiya,Al-Taawon,0,3,A,,,,14,source_reported_FT,Al Qadsiah,Al Taawon
omarmohamed456/Football-Match-Outcome-Predictor,https://raw.githubusercontent.com/omarmohamed456/Football-Match-Outcome-Predictor/edefc091629a587271b911a08f88c1523502ff11/scraped_data/saudi_saudi_pro_league_2024-2025_match_data.csv,edefc091629a587271b911a08f88c1523502ff11,14,2026-09-04T07:16:42.633Z,Saudi Pro League,2024-25,2025-01-15,Al Kholood,Al Ahli SC,1,0,H,,,,15,source_reported_FT,Al Kholood,Al Ahli SC
omarmohamed456/Football-Match-Outcome-Predictor,https://raw.githubusercontent.com/omarmohamed456/Football-Match-Outcome-Predictor/edefc091629a587271b911a08f88c1523502ff11/scraped_data/saudi_saudi_pro_league_2024-2025_match_data.csv,edefc091629a587271b911a08f88c1523502ff11,289,2026-09-04T07:16:42.633Z,Saudi Pro League,2024-25,2025-01-15,Al-Shabab,Al Riyadh,2,1,H,,,,15,source_reported_FT,Al Shabab,Al Riyadh
omarmohamed456/Football-Match-Outcome-Predictor,https://raw.githubusercontent.com/omarmohamed456/Football-Match-Outcome-Predictor/edefc091629a587271b911a08f88c1523502ff11/scraped_data/saudi_saudi_pro_league_2024-2025_match_data.csv,edefc091629a587271b911a08f88c1523502ff11,66,2026-09-04T07:16:42.633Z,Saudi Pro League,2024-25,2025-01-15,Damac,Al-Ettifaq,0,3,A,,,,15,source_reported_FT,Damac,Al Ettifaq
omarmohamed456/Football-Match-Outcome-Predictor,https://raw.githubusercontent.com/omarmohamed456/Football-Match-Outcome-Predictor/edefc091629a587271b911a08f88c1523502ff11/scraped_data/saudi_saudi_pro_league_2024-2025_match_data.csv,edefc091629a587271b911a08f88c1523502ff11,109,2026-09-04T07:16:42.633Z,Saudi Pro League,2024-25,2025-01-16,Al Okhdood,Al Fayha,1,2,A,,,,15,source_reported_FT,Al Okhdood,Al Fayha
omarmohamed456/Football-Match-Outcome-Predictor,https://raw.githubusercontent.com/omarmohamed456/Football-Match-Outcome-Predictor/edefc091629a587271b911a08f88c1523502ff11/scraped_data/saudi_saudi_pro_league_2024-2025_match_data.csv,edefc091629a587271b911a08f88c1523502ff11,71,2026-09-04T07:16:42.633Z,Saudi Pro League,2024-25,2025-01-16,Al-Hilal,Al-Fateh,9,0,H,,,,15,source_reported_FT,Al Hilal,Al Fateh
omarmohamed456/Football-Match-Outcome-Predictor,https://raw.githubusercontent.com/omarmohamed456/Football-Match-Outcome-Predictor/edefc091629a587271b911a08f88c1523502ff11/scraped_data/saudi_saudi_pro_league_2024-2025_match_data.csv,edefc091629a587271b911a08f88c1523502ff11,164,2026-09-04T07:16:42.633Z,Saudi Pro League,2024-25,2025-01-16,Al-Ittihad FC,Al-Raed,4,1,H,,,,15,source_reported_FT,Al Ittihad,Al Raed
omarmohamed456/Football-Match-Outcome-Predictor,https://raw.githubusercontent.com/omarmohamed456/Football-Match-Outcome-Predictor/edefc091629a587271b911a08f88c1523502ff11/scraped_data/saudi_saudi_pro_league_2024-2025_match_data.csv,edefc091629a587271b911a08f88c1523502ff11,183,2026-09-04T07:16:42.633Z,Saudi Pro League,2024-25,2025-01-17,Al Khaleej,Al Orubah,3,0,H,,,,15,source_reported_FT,Al Khaleej,Al Orubah
omarmohamed456/Football-Match-Outcome-Predictor,https://raw.githubusercontent.com/omarmohamed456/Football-Match-Outcome-Predictor/edefc091629a587271b911a08f88c1523502ff11/scraped_data/saudi_saudi_pro_league_2024-2025_match_data.csv,edefc091629a587271b911a08f88c1523502ff11,274,2026-09-04T07:16:42.633Z,Saudi Pro League,2024-25,2025-01-17,Al Wehda,Al Qadisiya,0,3,A,,,,15,source_reported_FT,Al Wehda,Al Qadsiah
omarmohamed456/Football-Match-Outcome-Predictor,https://raw.githubusercontent.com/omarmohamed456/Football-Match-Outcome-Predictor/edefc091629a587271b911a08f88c1523502ff11/scraped_data/saudi_saudi_pro_league_2024-2025_match_data.csv,edefc091629a587271b911a08f88c1523502ff11,230,2026-09-04T07:16:42.633Z,Saudi Pro League,2024-25,2025-01-17,Al-Taawon,Al-Nassr,1,1,D,,,,15,source_reported_FT,Al Taawon,Al Nassr
omarmohamed456/Football-Match-Outcome-Predictor,https://raw.githubusercontent.com/omarmohamed456/Football-Match-Outcome-Predictor/edefc091629a587271b911a08f88c1523502ff11/scraped_data/saudi_saudi_pro_league_2024-2025_match_data.csv,edefc091629a587271b911a08f88c1523502ff11,105,2026-09-04T07:16:42.633Z,Saudi Pro League,2024-25,2025-01-20,Al Fayha,Al Kholood,1,0,H,,,,16,source_reported_FT,Al Fayha,Al Kholood
omarmohamed456/Football-Match-Outcome-Predictor,https://raw.githubusercontent.com/omarmohamed456/Football-Match-Outcome-Predictor/edefc091629a587271b911a08f88c1523502ff11/scraped_data/saudi_saudi_pro_league_2024-2025_match_data.csv,edefc091629a587271b911a08f88c1523502ff11,2,2026-09-04T07:16:42.633Z,Saudi Pro League,2024-25,2025-01-20,Al-Ettifaq,Al Ahli SC,1,2,A,,,,16,source_reported_FT,Al Ettifaq,Al Ahli SC
omarmohamed456/Football-Match-Outcome-Predictor,https://raw.githubusercontent.com/omarmohamed456/Football-Match-Outcome-Predictor/edefc091629a587271b911a08f88c1523502ff11/scraped_data/saudi_saudi_pro_league_2024-2025_match_data.csv,edefc091629a587271b911a08f88c1523502ff11,240,2026-09-04T07:16:42.633Z,Saudi Pro League,2024-25,2025-01-20,Al-Raed,Al Okhdood,0,2,A,,,,16,source_reported_FT,Al Raed,Al Okhdood
omarmohamed456/Football-Match-Outcome-Predictor,https://raw.githubusercontent.com/omarmohamed456/Football-Match-Outcome-Predictor/edefc091629a587271b911a08f88c1523502ff11/scraped_data/saudi_saudi_pro_league_2024-2025_match_data.csv,edefc091629a587271b911a08f88c1523502ff11,179,2026-09-04T07:16:42.633Z,Saudi Pro League,2024-25,2025-01-21,Al Khaleej,Al-Nassr,1,3,A,,,,16,source_reported_FT,Al Khaleej,Al Nassr
omarmohamed456/Football-Match-Outcome-Predictor,https://raw.githubusercontent.com/omarmohamed456/Football-Match-Outcome-Predictor/edefc091629a587271b911a08f88c1523502ff11/scraped_data/saudi_saudi_pro_league_2024-2025_match_data.csv,edefc091629a587271b911a08f88c1523502ff11,290,2026-09-04T07:16:42.633Z,Saudi Pro League,2024-25,2025-01-21,Al Riyadh,Al-Taawon,1,0,H,,,,16,source_reported_FT,Al Riyadh,Al Taawon
omarmohamed456/Football-Match-Outcome-Predictor,https://raw.githubusercontent.com/omarmohamed456/Football-Match-Outcome-Predictor/edefc091629a587271b911a08f88c1523502ff11/scraped_data/saudi_saudi_pro_league_2024-2025_match_data.csv,edefc091629a587271b911a08f88c1523502ff11,148,2026-09-04T07:16:42.633Z,Saudi Pro League,2024-25,2025-01-21,Al-Hilal,Al Wehda,4,1,H,,,,16,source_reported_FT,Al Hilal,Al Wehda
omarmohamed456/Football-Match-Outcome-Predictor,https://raw.githubusercontent.com/omarmohamed456/Football-Match-Outcome-Predictor/edefc091629a587271b911a08f88c1523502ff11/scraped_data/saudi_saudi_pro_league_2024-2025_match_data.csv,edefc091629a587271b911a08f88c1523502ff11,253,2026-09-04T07:16:42.633Z,Saudi Pro League,2024-25,2025-01-22,Al Orubah,Al Qadisiya,0,2,A,,,,16,source_reported_FT,Al Orubah,Al Qadsiah
omarmohamed456/Football-Match-Outcome-Predictor,https://raw.githubusercontent.com/omarmohamed456/Football-Match-Outcome-Predictor/edefc091629a587271b911a08f88c1523502ff11/scraped_data/saudi_saudi_pro_league_2024-2025_match_data.csv,edefc091629a587271b911a08f88c1523502ff11,96,2026-09-04T07:16:42.633Z,Saudi Pro League,2024-25,2025-01-22,Al-Fateh,Damac,2,1,H,,,,16,source_reported_FT,Al Fateh,Damac
omarmohamed456/Football-Match-Outcome-Predictor,https://raw.githubusercontent.com/omarmohamed456/Football-Match-Outcome-Predictor/edefc091629a587271b911a08f88c1523502ff11/scraped_data/saudi_saudi_pro_league_2024-2025_match_data.csv,edefc091629a587271b911a08f88c1523502ff11,168,2026-09-04T07:16:42.633Z,Saudi Pro League,2024-25,2025-01-22,Al-Ittihad FC,Al-Shabab,2,1,H,,,,16,source_reported_FT,Al Ittihad,Al Shabab
omarmohamed456/Football-Match-Outcome-Predictor,https://raw.githubusercontent.com/omarmohamed456/Football-Match-Outcome-Predictor/edefc091629a587271b911a08f88c1523502ff11/scraped_data/saudi_saudi_pro_league_2024-2025_match_data.csv,edefc091629a587271b911a08f88c1523502ff11,207,2026-09-04T07:16:42.633Z,Saudi Pro League,2024-25,2025-01-25,Al Kholood,Al-Raed,2,1,H,,,,17,source_reported_FT,Al Kholood,Al Raed
omarmohamed456/Football-Match-Outcome-Predictor,https://raw.githubusercontent.com/omarmohamed456/Football-Match-Outcome-Predictor/edefc091629a587271b911a08f88c1523502ff11/scraped_data/saudi_saudi_pro_league_2024-2025_match_data.csv,edefc091629a587271b911a08f88c1523502ff11,64,2026-09-04T07:16:42.633Z,Saudi Pro League,2024-25,2025-01-25,Al Wehda,Al-Ettifaq,2,2,D,,,,17,source_reported_FT,Al Wehda,Al Ettifaq
omarmohamed456/Football-Match-Outcome-Predictor,https://raw.githubusercontent.com/omarmohamed456/Football-Match-Outcome-Predictor/edefc091629a587271b911a08f88c1523502ff11/scraped_data/saudi_saudi_pro_league_2024-2025_match_data.csv,edefc091629a587271b911a08f88c1523502ff11,27,2026-09-04T07:16:42.633Z,Saudi Pro League,2024-25,2025-01-26,Al Ahli SC,Al Riyadh,5,0,H,,,,17,source_reported_FT,Al Ahli SC,Al Riyadh
omarmohamed456/Football-Match-Outcome-Predictor,https://raw.githubusercontent.com/omarmohamed456/Football-Match-Outcome-Predictor/edefc091629a587271b911a08f88c1523502ff11/scraped_data/saudi_saudi_pro_league_2024-2025_match_data.csv,edefc091629a587271b911a08f88c1523502ff11,180,2026-09-04T07:16:42.633Z,Saudi Pro League,2024-25,2025-01-26,Al Okhdood,Al Khaleej,1,2,A,,,,17,source_reported_FT,Al Okhdood,Al Khaleej
omarmohamed456/Football-Match-Outcome-Predictor,https://raw.githubusercontent.com/omarmohamed456/Football-Match-Outcome-Predictor/edefc091629a587271b911a08f88c1523502ff11/scraped_data/saudi_saudi_pro_league_2024-2025_match_data.csv,edefc091629a587271b911a08f88c1523502ff11,79,2026-09-04T07:16:42.633Z,Saudi Pro League,2024-25,2025-01-26,Al-Nassr,Al-Fateh,3,1,H,,,,17,source_reported_FT,Al Nassr,Al Fateh
omarmohamed456/Football-Match-Outcome-Predictor,https://raw.githubusercontent.com/omarmohamed456/Football-Match-Outcome-Predictor/edefc091629a587271b911a08f88c1523502ff11/scraped_data/saudi_saudi_pro_league_2024-2025_match_data.csv,edefc091629a587271b911a08f88c1523502ff11,261,2026-09-04T07:16:42.633Z,Saudi Pro League,2024-25,2025-01-26,Al-Taawon,Al Orubah,0,0,D,,,,17,source_reported_FT,Al Taawon,Al Orubah
omarmohamed456/Football-Match-Outcome-Predictor,https://raw.githubusercontent.com/omarmohamed456/Football-Match-Outcome-Predictor/edefc091629a587271b911a08f88c1523502ff11/scraped_data/saudi_saudi_pro_league_2024-2025_match_data.csv,edefc091629a587271b911a08f88c1523502ff11,139,2026-09-04T07:16:42.633Z,Saudi Pro League,2024-25,2025-01-27,Al Qadisiya,Al-Hilal,2,1,H,,,,17,source_reported_FT,Al Qadsiah,Al Hilal
omarmohamed456/Football-Match-Outcome-Predictor,https://raw.githubusercontent.com/omarmohamed456/Football-Match-Outcome-Predictor/edefc091629a587271b911a08f88c1523502ff11/scraped_data/saudi_saudi_pro_league_2024-2025_match_data.csv,edefc091629a587271b911a08f88c1523502ff11,119,2026-09-04T07:16:42.633Z,Saudi Pro League,2024-25,2025-01-27,Al-Shabab,Al Fayha,2,1,H,,,,17,source_reported_FT,Al Shabab,Al Fayha
omarmohamed456/Football-Match-Outcome-Predictor,https://raw.githubusercontent.com/omarmohamed456/Football-Match-Outcome-Predictor/edefc091629a587271b911a08f88c1523502ff11/scraped_data/saudi_saudi_pro_league_2024-2025_match_data.csv,edefc091629a587271b911a08f88c1523502ff11,174,2026-09-04T07:16:42.633Z,Saudi Pro League,2024-25,2025-01-27,Damac,Al-Ittihad FC,2,1,H,,,,17,source_reported_FT,Damac,Al Ittihad
omarmohamed456/Football-Match-Outcome-Predictor,https://raw.githubusercontent.com/omarmohamed456/Football-Match-Outcome-Predictor/edefc091629a587271b911a08f88c1523502ff11/scraped_data/saudi_saudi_pro_league_2024-2025_match_data.csv,edefc091629a587271b911a08f88c1523502ff11,21,2026-09-04T07:16:42.633Z,Saudi Pro League,2024-25,2025-01-30,Al Orubah,Al Ahli SC,0,2,A,,,,18,source_reported_FT,Al Orubah,Al Ahli SC
omarmohamed456/Football-Match-Outcome-Predictor,https://raw.githubusercontent.com/omarmohamed456/Football-Match-Outcome-Predictor/edefc091629a587271b911a08f88c1523502ff11/scraped_data/saudi_saudi_pro_league_2024-2025_match_data.csv,edefc091629a587271b911a08f88c1523502ff11,293,2026-09-04T07:16:42.633Z,Saudi Pro League,2024-25,2025-01-30,Al Riyadh,Al Wehda,1,0,H,,,,18,source_reported_FT,Al Riyadh,Al Wehda
omarmohamed456/Football-Match-Outcome-Predictor,https://raw.githubusercontent.com/omarmohamed456/Football-Match-Outcome-Predictor/edefc091629a587271b911a08f88c1523502ff11/scraped_data/saudi_saudi_pro_league_2024-2025_match_data.csv,edefc091629a587271b911a08f88c1523502ff11,224,2026-09-04T07:16:42.633Z,Saudi Pro League,2024-25,2025-01-30,Al-Raed,Al-Nassr,1,2,A,,,,18,source_reported_FT,Al Raed,Al Nassr
omarmohamed456/Football-Match-Outcome-Predictor,https://raw.githubusercontent.com/omarmohamed456/Football-Match-Outcome-Predictor/edefc091629a587271b911a08f88c1523502ff11/scraped_data/saudi_saudi_pro_league_2024-2025_match_data.csv,edefc091629a587271b911a08f88c1523502ff11,120,2026-09-04T07:16:42.633Z,Saudi Pro League,2024-25,2025-01-31,Al Fayha,Al-Taawon,0,0,D,,,,18,source_reported_FT,Al Fayha,Al Taawon
omarmohamed456/Football-Match-Outcome-Predictor,https://raw.githubusercontent.com/omarmohamed456/Football-Match-Outcome-Predictor/edefc091629a587271b911a08f88c1523502ff11/scraped_data/saudi_saudi_pro_league_2024-2025_match_data.csv,edefc091629a587271b911a08f88c1523502ff11,61,2026-09-04T07:16:42.633Z,Saudi Pro League,2024-25,2025-01-31,Al-Ettifaq,Al-Shabab,3,1,H,,,,18,source_reported_FT,Al Ettifaq,Al Shabab
omarmohamed456/Football-Match-Outcome-Predictor,https://raw.githubusercontent.com/omarmohamed456/Football-Match-Outcome-Predictor/edefc091629a587271b911a08f88c1523502ff11/scraped_data/saudi_saudi_pro_league_2024-2025_match_data.csv,edefc091629a587271b911a08f88c1523502ff11,134,2026-09-04T07:16:42.633Z,Saudi Pro League,2024-25,2025-01-31,Al-Hilal,Al Okhdood,4,0,H,,,,18,source_reported_FT,Al Hilal,Al Okhdood
omarmohamed456/Football-Match-Outcome-Predictor,https://raw.githubusercontent.com/omarmohamed456/Football-Match-Outcome-Predictor/edefc091629a587271b911a08f88c1523502ff11/scraped_data/saudi_saudi_pro_league_2024-2025_match_data.csv,edefc091629a587271b911a08f88c1523502ff11,197,2026-09-04T07:16:42.633Z,Saudi Pro League,2024-25,2025-02-01,Al Khaleej,Damac,1,1,D,,,,18,source_reported_FT,Al Khaleej,Damac
omarmohamed456/Football-Match-Outcome-Predictor,https://raw.githubusercontent.com/omarmohamed456/Football-Match-Outcome-Predictor/edefc091629a587271b911a08f88c1523502ff11/scraped_data/saudi_saudi_pro_league_2024-2025_match_data.csv,edefc091629a587271b911a08f88c1523502ff11,85,2026-09-04T07:16:42.633Z,Saudi Pro League,2024-25,2025-02-01,Al-Fateh,Al Qadisiya,1,1,D,,,,18,source_reported_FT,Al Fateh,Al Qadsiah
omarmohamed456/Football-Match-Outcome-Predictor,https://raw.githubusercontent.com/omarmohamed456/Football-Match-Outcome-Predictor/edefc091629a587271b911a08f88c1523502ff11/scraped_data/saudi_saudi_pro_league_2024-2025_match_data.csv,edefc091629a587271b911a08f88c1523502ff11,155,2026-09-04T07:16:42.633Z,Saudi Pro League,2024-25,2025-02-01,Al-Ittihad FC,Al Kholood,4,3,H,,,,18,source_reported_FT,Al Ittihad,Al Kholood
omarmohamed456/Football-Match-Outcome-Predictor,https://raw.githubusercontent.com/omarmohamed456/Football-Match-Outcome-Predictor/edefc091629a587271b911a08f88c1523502ff11/scraped_data/saudi_saudi_pro_league_2024-2025_match_data.csv,edefc091629a587271b911a08f88c1523502ff11,267,2026-09-04T07:16:42.633Z,Saudi Pro League,2024-25,2025-02-06,Al Qadisiya,Al-Raed,2,0,H,,,,19,source_reported_FT,Al Qadsiah,Al Raed
omarmohamed456/Football-Match-Outcome-Predictor,https://raw.githubusercontent.com/omarmohamed456/Football-Match-Outcome-Predictor/edefc091629a587271b911a08f88c1523502ff11/scraped_data/saudi_saudi_pro_league_2024-2025_match_data.csv,edefc091629a587271b911a08f88c1523502ff11,191,2026-09-04T07:16:42.633Z,Saudi Pro League,2024-25,2025-02-06,Al-Shabab,Al Khaleej,5,1,H,,,,19,source_reported_FT,Al Shabab,Al Khaleej
omarmohamed456/Football-Match-Outcome-Predictor,https://raw.githubusercontent.com/omarmohamed456/Football-Match-Outcome-Predictor/edefc091629a587271b911a08f88c1523502ff11/scraped_data/saudi_saudi_pro_league_2024-2025_match_data.csv,edefc091629a587271b911a08f88c1523502ff11,171,2026-09-04T07:16:42.633Z,Saudi Pro League,2024-25,2025-02-06,Al-Taawon,Al-Ittihad FC,1,2,A,,,,19,source_reported_FT,Al Taawon,Al Ittihad
omarmohamed456/Football-Match-Outcome-Predictor,https://raw.githubusercontent.com/omarmohamed456/Football-Match-Outcome-Predictor/edefc091629a587271b911a08f88c1523502ff11/scraped_data/saudi_saudi_pro_league_2024-2025_match_data.csv,edefc091629a587271b911a08f88c1523502ff11,4,2026-09-04T07:16:42.633Z,Saudi Pro League,2024-25,2025-02-07,Al Ahli SC,Al-Fateh,2,0,H,,,,19,source_reported_FT,Al Ahli SC,Al Fateh
omarmohamed456/Football-Match-Outcome-Predictor,https://raw.githubusercontent.com/omarmohamed456/Football-Match-Outcome-Predictor/edefc091629a587271b911a08f88c1523502ff11/scraped_data/saudi_saudi_pro_league_2024-2025_match_data.csv,edefc091629a587271b911a08f88c1523502ff11,262,2026-09-04T07:16:42.633Z,Saudi Pro League,2024-25,2025-02-07,Al Orubah,Al Wehda,4,2,H,,,,19,source_reported_FT,Al Orubah,Al Wehda
omarmohamed456/Football-Match-Outcome-Predictor,https://raw.githubusercontent.com/omarmohamed456/Football-Match-Outcome-Predictor/edefc091629a587271b911a08f88c1523502ff11/scraped_data/saudi_saudi_pro_league_2024-2025_match_data.csv,edefc091629a587271b911a08f88c1523502ff11,107,2026-09-04T07:16:42.633Z,Saudi Pro League,2024-25,2025-02-07,Al-Nassr,Al Fayha,3,0,H,,,,19,source_reported_FT,Al Nassr,Al Fayha
omarmohamed456/Football-Match-Outcome-Predictor,https://raw.githubusercontent.com/omarmohamed456/Football-Match-Outcome-Predictor/edefc091629a587271b911a08f88c1523502ff11/scraped_data/saudi_saudi_pro_league_2024-2025_match_data.csv,edefc091629a587271b911a08f88c1523502ff11,209,2026-09-04T07:16:42.633Z,Saudi Pro League,2024-25,2025-02-08,Al Kholood,Al Riyadh,3,2,H,,,,19,source_reported_FT,Al Kholood,Al Riyadh
omarmohamed456/Football-Match-Outcome-Predictor,https://raw.githubusercontent.com/omarmohamed456/Football-Match-Outcome-Predictor/edefc091629a587271b911a08f88c1523502ff11/scraped_data/saudi_saudi_pro_league_2024-2025_match_data.csv,edefc091629a587271b911a08f88c1523502ff11,51,2026-09-04T07:16:42.633Z,Saudi Pro League,2024-25,2025-02-08,Al Okhdood,Al-Ettifaq,0,2,A,,,,19,source_reported_FT,Al Okhdood,Al Ettifaq
omarmohamed456/Football-Match-Outcome-Predictor,https://raw.githubusercontent.com/omarmohamed456/Football-Match-Outcome-Predictor/edefc091629a587271b911a08f88c1523502ff11/scraped_data/saudi_saudi_pro_league_2024-2025_match_data.csv,edefc091629a587271b911a08f88c1523502ff11,150,2026-09-04T07:16:42.633Z,Saudi Pro League,2024-25,2025-02-08,Damac,Al-Hilal,2,2,D,,,,19,source_reported_FT,Damac,Al Hilal
omarmohamed456/Football-Match-Outcome-Predictor,https://raw.githubusercontent.com/omarmohamed456/Football-Match-Outcome-Predictor/edefc091629a587271b911a08f88c1523502ff11/scraped_data/saudi_saudi_pro_league_2024-2025_match_data.csv,edefc091629a587271b911a08f88c1523502ff11,17,2026-09-04T07:16:42.633Z,Saudi Pro League,2024-25,2025-02-13,Al Ahli SC,Al-Nassr,2,3,A,,,,20,source_reported_FT,Al Ahli SC,Al Nassr
omarmohamed456/Football-Match-Outcome-Predictor,https://raw.githubusercontent.com/omarmohamed456/Football-Match-Outcome-Predictor/edefc091629a587271b911a08f88c1523502ff11/scraped_data/saudi_saudi_pro_league_2024-2025_match_data.csv,edefc091629a587271b911a08f88c1523502ff11,251,2026-09-04T07:16:42.633Z,Saudi Pro League,2024-25,2025-02-13,Al Okhdood,Damac,0,0,D,,,,20,source_reported_FT,Al Okhdood,Damac
omarmohamed456/Football-Match-Outcome-Predictor,https://raw.githubusercontent.com/omarmohamed456/Football-Match-Outcome-Predictor/edefc091629a587271b911a08f88c1523502ff11/scraped_data/saudi_saudi_pro_league_2024-2025_match_data.csv,edefc091629a587271b911a08f88c1523502ff11,270,2026-09-04T07:16:42.633Z,Saudi Pro League,2024-25,2025-02-13,Al-Shabab,Al Qadisiya,2,3,A,,,,20,source_reported_FT,Al Shabab,Al Qadsiah
omarmohamed456/Football-Match-Outcome-Predictor,https://raw.githubusercontent.com/omarmohamed456/Football-Match-Outcome-Predictor/edefc091629a587271b911a08f88c1523502ff11/scraped_data/saudi_saudi_pro_league_2024-2025_match_data.csv,edefc091629a587271b911a08f88c1523502ff11,203,2026-09-04T07:16:42.633Z,Saudi Pro League,2024-25,2025-02-14,Al Orubah,Al Kholood,2,0,H,,,,20,source_reported_FT,Al Orubah,Al Kholood
omarmohamed456/Football-Match-Outcome-Predictor,https://raw.githubusercontent.com/omarmohamed456/Football-Match-Outcome-Predictor/edefc091629a587271b911a08f88c1523502ff11/scraped_data/saudi_saudi_pro_league_2024-2025_match_data.csv,edefc091629a587271b911a08f88c1523502ff11,37,2026-09-04T07:16:42.633Z,Saudi Pro League,2024-25,2025-02-14,Al-Ettifaq,Al-Fateh,1,2,A,,,,20,source_reported_FT,Al Ettifaq,Al Fateh
omarmohamed456/Football-Match-Outcome-Predictor,https://raw.githubusercontent.com/omarmohamed456/Football-Match-Outcome-Predictor/edefc091629a587271b911a08f88c1523502ff11/scraped_data/saudi_saudi_pro_league_2024-2025_match_data.csv,edefc091629a587271b911a08f88c1523502ff11,143,2026-09-04T07:16:42.633Z,Saudi Pro League,2024-25,2025-02-14,Al-Hilal,Al Riyadh,1,1,D,,,,20,source_reported_FT,Al Hilal,Al Riyadh
omarmohamed456/Football-Match-Outcome-Predictor,https://raw.githubusercontent.com/omarmohamed456/Football-Match-Outcome-Predictor/edefc091629a587271b911a08f88c1523502ff11/scraped_data/saudi_saudi_pro_league_2024-2025_match_data.csv,edefc091629a587271b911a08f88c1523502ff11,192,2026-09-04T07:16:42.633Z,Saudi Pro League,2024-25,2025-02-15,Al Khaleej,Al-Taawon,0,1,A,,,,20,source_reported_FT,Al Khaleej,Al Taawon
omarmohamed456/Football-Match-Outcome-Predictor,https://raw.githubusercontent.com/omarmohamed456/Football-Match-Outcome-Predictor/edefc091629a587271b911a08f88c1523502ff11/scraped_data/saudi_saudi_pro_league_2024-2025_match_data.csv,edefc091629a587271b911a08f88c1523502ff11,172,2026-09-04T07:16:42.633Z,Saudi Pro League,2024-25,2025-02-15,Al Wehda,Al-Ittihad FC,1,4,A,,,,20,source_reported_FT,Al Wehda,Al Ittihad
omarmohamed456/Football-Match-Outcome-Predictor,https://raw.githubusercontent.com/omarmohamed456/Football-Match-Outcome-Predictor/edefc091629a587271b911a08f88c1523502ff11/scraped_data/saudi_saudi_pro_league_2024-2025_match_data.csv,edefc091629a587271b911a08f88c1523502ff11,114,2026-09-04T07:16:42.633Z,Saudi Pro League,2024-25,2025-02-15,Al-Raed,Al Fayha,0,2,A,,,,20,source_reported_FT,Al Raed,Al Fayha
omarmohamed456/Football-Match-Outcome-Predictor,https://raw.githubusercontent.com/omarmohamed456/Football-Match-Outcome-Predictor/edefc091629a587271b911a08f88c1523502ff11/scraped_data/saudi_saudi_pro_league_2024-2025_match_data.csv,edefc091629a587271b911a08f88c1523502ff11,103,2026-09-04T07:16:42.633Z,Saudi Pro League,2024-25,2025-02-20,Al Fayha,Al Khaleej,0,0,D,,,,21,source_reported_FT,Al Fayha,Al Khaleej
omarmohamed456/Football-Match-Outcome-Predictor,https://raw.githubusercontent.com/omarmohamed456/Football-Match-Outcome-Predictor/edefc091629a587271b911a08f88c1523502ff11/scraped_data/saudi_saudi_pro_league_2024-2025_match_data.csv,edefc091629a587271b911a08f88c1523502ff11,279,2026-09-04T07:16:42.633Z,Saudi Pro League,2024-25,2025-02-20,Al Riyadh,Al-Raed,1,3,A,,,,21,source_reported_FT,Al Riyadh,Al Raed
omarmohamed456/Football-Match-Outcome-Predictor,https://raw.githubusercontent.com/omarmohamed456/Football-Match-Outcome-Predictor/edefc091629a587271b911a08f88c1523502ff11/scraped_data/saudi_saudi_pro_league_2024-2025_match_data.csv,edefc091629a587271b911a08f88c1523502ff11,83,2026-09-04T07:16:42.633Z,Saudi Pro League,2024-25,2025-02-20,Al-Fateh,Al Orubah,1,0,H,,,,21,source_reported_FT,Al Fateh,Al Orubah
omarmohamed456/Football-Match-Outcome-Predictor,https://raw.githubusercontent.com/omarmohamed456/Football-Match-Outcome-Predictor/edefc091629a587271b911a08f88c1523502ff11/scraped_data/saudi_saudi_pro_league_2024-2025_match_data.csv,edefc091629a587271b911a08f88c1523502ff11,238,2026-09-04T07:16:42.633Z,Saudi Pro League,2024-25,2025-02-21,Al Qadisiya,Al Okhdood,2,0,H,,,,21,source_reported_FT,Al Qadsiah,Al Okhdood
omarmohamed456/Football-Match-Outcome-Predictor,https://raw.githubusercontent.com/omarmohamed456/Football-Match-Outcome-Predictor/edefc091629a587271b911a08f88c1523502ff11/scraped_data/saudi_saudi_pro_league_2024-2025_match_data.csv,edefc091629a587271b911a08f88c1523502ff11,49,2026-09-04T07:16:42.633Z,Saudi Pro League,2024-25,2025-02-21,Al-Nassr,Al-Ettifaq,2,3,A,,,,21,source_reported_FT,Al Nassr,Al Ettifaq
omarmohamed456/Football-Match-Outcome-Predictor,https://raw.githubusercontent.com/omarmohamed456/Football-Match-Outcome-Predictor/edefc091629a587271b911a08f88c1523502ff11/scraped_data/saudi_saudi_pro_league_2024-2025_match_data.csv,edefc091629a587271b911a08f88c1523502ff11,35,2026-09-04T07:16:42.633Z,Saudi Pro League,2024-25,2025-02-21,Damac,Al Ahli SC,0,2,A,,,,21,source_reported_FT,Damac,Al Ahli SC
omarmohamed456/Football-Match-Outcome-Predictor,https://raw.githubusercontent.com/omarmohamed456/Football-Match-Outcome-Predictor/edefc091629a587271b911a08f88c1523502ff11/scraped_data/saudi_saudi_pro_league_2024-2025_match_data.csv,edefc091629a587271b911a08f88c1523502ff11,215,2026-09-04T07:16:42.633Z,Saudi Pro League,2024-25,2025-02-22,Al Kholood,Al Wehda,1,0,H,,,,21,source_reported_FT,Al Kholood,Al Wehda
omarmohamed456/Football-Match-Outcome-Predictor,https://raw.githubusercontent.com/omarmohamed456/Football-Match-Outcome-Predictor/edefc091629a587271b911a08f88c1523502ff11/scraped_data/saudi_saudi_pro_league_2024-2025_match_data.csv,edefc091629a587271b911a08f88c1523502ff11,126,2026-09-04T07:16:42.633Z,Saudi Pro League,2024-25,2025-02-22,Al-Ittihad FC,Al-Hilal,4,1,H,,,,21,source_reported_FT,Al Ittihad,Al Hilal
omarmohamed456/Football-Match-Outcome-Predictor,https://raw.githubusercontent.com/omarmohamed456/Football-Match-Outcome-Predictor/edefc091629a587271b911a08f88c1523502ff11/scraped_data/saudi_saudi_pro_league_2024-2025_match_data.csv,edefc091629a587271b911a08f88c1523502ff11,297,2026-09-04T07:16:42.633Z,Saudi Pro League,2024-25,2025-02-22,Al-Taawon,Al-Shabab,2,2,D,,,,21,source_reported_FT,Al Taawon,Al Shabab
omarmohamed456/Football-Match-Outcome-Predictor,https://raw.githubusercontent.com/omarmohamed456/Football-Match-Outcome-Predictor/edefc091629a587271b911a08f88c1523502ff11/scraped_data/saudi_saudi_pro_league_2024-2025_match_data.csv,edefc091629a587271b911a08f88c1523502ff11,81,2026-09-04T07:16:42.633Z,Saudi Pro League,2024-25,2025-02-24,Al Okhdood,Al-Fateh,1,3,A,,,,22,source_reported_FT,Al Okhdood,Al Fateh
omarmohamed456/Football-Match-Outcome-Predictor,https://raw.githubusercontent.com/omarmohamed456/Football-Match-Outcome-Predictor/edefc091629a587271b911a08f88c1523502ff11/scraped_data/saudi_saudi_pro_league_2024-2025_match_data.csv,edefc091629a587271b911a08f88c1523502ff11,265,2026-09-04T07:16:42.633Z,Saudi Pro League,2024-25,2025-02-24,Damac,Al Orubah,1,2,A,,,,22,source_reported_FT,Damac,Al Orubah
omarmohamed456/Football-Match-Outcome-Predictor,https://raw.githubusercontent.com/omarmohamed456/Football-Match-Outcome-Predictor/edefc091629a587271b911a08f88c1523502ff11/scraped_data/saudi_saudi_pro_league_2024-2025_match_data.csv,edefc091629a587271b911a08f88c1523502ff11,22,2026-09-04T07:16:42.633Z,Saudi Pro League,2024-25,2025-02-25,Al Ahli SC,Al Qadisiya,4,1,H,,,,22,source_reported_FT,Al Ahli SC,Al Qadsiah
omarmohamed456/Football-Match-Outcome-Predictor,https://raw.githubusercontent.com/omarmohamed456/Football-Match-Outcome-Predictor/edefc091629a587271b911a08f88c1523502ff11/scraped_data/saudi_saudi_pro_league_2024-2025_match_data.csv,edefc091629a587271b911a08f88c1523502ff11,233,2026-09-04T07:16:42.633Z,Saudi Pro League,2024-25,2025-02-25,Al Wehda,Al-Nassr,0,2,A,,,,22,source_reported_FT,Al Wehda,Al Nassr
omarmohamed456/Football-Match-Outcome-Predictor,https://raw.githubusercontent.com/omarmohamed456/Football-Match-Outcome-Predictor/edefc091629a587271b911a08f88c1523502ff11/scraped_data/saudi_saudi_pro_league_2024-2025_match_data.csv,edefc091629a587271b911a08f88c1523502ff11,131,2026-09-04T07:16:42.633Z,Saudi Pro League,2024-25,2025-02-25,Al-Hilal,Al Kholood,5,1,H,,,,22,source_reported_FT,Al Hilal,Al Kholood
omarmohamed456/Football-Match-Outcome-Predictor,https://raw.githubusercontent.com/omarmohamed456/Football-Match-Outcome-Predictor/edefc091629a587271b911a08f88c1523502ff11/scraped_data/saudi_saudi_pro_league_2024-2025_match_data.csv,edefc091629a587271b911a08f88c1523502ff11,281,2026-09-04T07:16:42.633Z,Saudi Pro League,2024-25,2025-02-25,Al-Raed,Al-Shabab,1,2,A,,,,22,source_reported_FT,Al Raed,Al Shabab
omarmohamed456/Football-Match-Outcome-Predictor,https://raw.githubusercontent.com/omarmohamed456/Football-Match-Outcome-Predictor/edefc091629a587271b911a08f88c1523502ff11/scraped_data/saudi_saudi_pro_league_2024-2025_match_data.csv,edefc091629a587271b911a08f88c1523502ff11,153,2026-09-04T07:16:42.633Z,Saudi Pro League,2024-25,2025-02-26,Al Khaleej,Al-Ittihad FC,1,1,D,,,,22,source_reported_FT,Al Khaleej,Al Ittihad
omarmohamed456/Football-Match-Outcome-Predictor,https://raw.githubusercontent.com/omarmohamed456/Football-Match-Outcome-Predictor/edefc091629a587271b911a08f88c1523502ff11/scraped_data/saudi_saudi_pro_league_2024-2025_match_data.csv,edefc091629a587271b911a08f88c1523502ff11,116,2026-09-04T07:16:42.633Z,Saudi Pro League,2024-25,2025-02-26,Al Riyadh,Al Fayha,0,0,D,,,,22,source_reported_FT,Al Riyadh,Al Fayha
omarmohamed456/Football-Match-Outcome-Predictor,https://raw.githubusercontent.com/omarmohamed456/Football-Match-Outcome-Predictor/edefc091629a587271b911a08f88c1523502ff11/scraped_data/saudi_saudi_pro_league_2024-2025_match_data.csv,edefc091629a587271b911a08f88c1523502ff11,62,2026-09-04T07:16:42.633Z,Saudi Pro League,2024-25,2025-02-26,Al-Ettifaq,Al-Taawon,1,0,H,,,,22,source_reported_FT,Al Ettifaq,Al Taawon
omarmohamed456/Football-Match-Outcome-Predictor,https://raw.githubusercontent.com/omarmohamed456/Football-Match-Outcome-Predictor/edefc091629a587271b911a08f88c1523502ff11/scraped_data/saudi_saudi_pro_league_2024-2025_match_data.csv,edefc091629a587271b911a08f88c1523502ff11,221,2026-09-04T07:16:42.633Z,Saudi Pro League,2024-25,2025-02-28,Al Orubah,Al-Nassr,0,3,A,,,,23,source_reported_FT,Al Orubah,Al Nassr
omarmohamed456/Football-Match-Outcome-Predictor,https://raw.githubusercontent.com/omarmohamed456/Football-Match-Outcome-Predictor/edefc091629a587271b911a08f88c1523502ff11/scraped_data/saudi_saudi_pro_league_2024-2025_match_data.csv,edefc091629a587271b911a08f88c1523502ff11,9,2026-09-04T07:16:42.633Z,Saudi Pro League,2024-25,2025-02-28,Al-Hilal,Al Ahli SC,2,3,A,,,,23,source_reported_FT,Al Hilal,Al Ahli SC
omarmohamed456/Football-Match-Outcome-Predictor,https://raw.githubusercontent.com/omarmohamed456/Football-Match-Outcome-Predictor/edefc091629a587271b911a08f88c1523502ff11/scraped_data/saudi_saudi_pro_league_2024-2025_match_data.csv,edefc091629a587271b911a08f88c1523502ff11,300,2026-09-04T07:16:42.633Z,Saudi Pro League,2024-25,2025-02-28,Al-Shabab,Damac,2,0,H,,,,23,source_reported_FT,Al Shabab,Damac
omarmohamed456/Football-Match-Outcome-Predictor,https://raw.githubusercontent.com/omarmohamed456/Football-Match-Outcome-Predictor/edefc091629a587271b911a08f88c1523502ff11/scraped_data/saudi_saudi_pro_league_2024-2025_match_data.csv,edefc091629a587271b911a08f88c1523502ff11,123,2026-09-04T07:16:42.633Z,Saudi Pro League,2024-25,2025-03-01,Al Fayha,Al Wehda,0,0,D,,,,23,source_reported_FT,Al Fayha,Al Wehda
omarmohamed456/Football-Match-Outcome-Predictor,https://raw.githubusercontent.com/omarmohamed456/Football-Match-Outcome-Predictor/edefc091629a587271b911a08f88c1523502ff11/scraped_data/saudi_saudi_pro_league_2024-2025_match_data.csv,edefc091629a587271b911a08f88c1523502ff11,177,2026-09-04T07:16:42.633Z,Saudi Pro League,2024-25,2025-03-01,Al Kholood,Al Khaleej,2,1,H,,,,23,source_reported_FT,Al Kholood,Al Khaleej
omarmohamed456/Football-Match-Outcome-Predictor,https://raw.githubusercontent.com/omarmohamed456/Football-Match-Outcome-Predictor/edefc091629a587271b911a08f88c1523502ff11/scraped_data/saudi_saudi_pro_league_2024-2025_match_data.csv,edefc091629a587271b911a08f88c1523502ff11,93,2026-09-04T07:16:42.633Z,Saudi Pro League,2024-25,2025-03-01,Al-Fateh,Al-Taawon,1,2,A,,,,23,source_reported_FT,Al Fateh,Al Taawon
omarmohamed456/Football-Match-Outcome-Predictor,https://raw.githubusercontent.com/omarmohamed456/Football-Match-Outcome-Predictor/edefc091629a587271b911a08f88c1523502ff11/scraped_data/saudi_saudi_pro_league_2024-2025_match_data.csv,edefc091629a587271b911a08f88c1523502ff11,269,2026-09-04T07:16:42.633Z,Saudi Pro League,2024-25,2025-03-02,Al Qadisiya,Al Riyadh,1,0,H,,,,23,source_reported_FT,Al Qadsiah,Al Riyadh
omarmohamed456/Football-Match-Outcome-Predictor,https://raw.githubusercontent.com/omarmohamed456/Football-Match-Outcome-Predictor/edefc091629a587271b911a08f88c1523502ff11/scraped_data/saudi_saudi_pro_league_2024-2025_match_data.csv,edefc091629a587271b911a08f88c1523502ff11,158,2026-09-04T07:16:42.633Z,Saudi Pro League,2024-25,2025-03-02,Al-Ittihad FC,Al Okhdood,1,1,D,,,,23,source_reported_FT,Al Ittihad,Al Okhdood
omarmohamed456/Football-Match-Outcome-Predictor,https://raw.githubusercontent.com/omarmohamed456/Football-Match-Outcome-Predictor/edefc091629a587271b911a08f88c1523502ff11/scraped_data/saudi_saudi_pro_league_2024-2025_match_data.csv,edefc091629a587271b911a08f88c1523502ff11,57,2026-09-04T07:16:42.633Z,Saudi Pro League,2024-25,2025-03-02,Al-Raed,Al-Ettifaq,1,1,D,,,,23,source_reported_FT,Al Raed,Al Ettifaq
omarmohamed456/Football-Match-Outcome-Predictor,https://raw.githubusercontent.com/omarmohamed456/Football-Match-Outcome-Predictor/edefc091629a587271b911a08f88c1523502ff11/scraped_data/saudi_saudi_pro_league_2024-2025_match_data.csv,edefc091629a587271b911a08f88c1523502ff11,76,2026-09-04T07:16:42.633Z,Saudi Pro League,2024-25,2025-03-06,Al Kholood,Al-Fateh,2,1,H,,,,24,source_reported_FT,Al Kholood,Al Fateh
omarmohamed456/Football-Match-Outcome-Predictor,https://raw.githubusercontent.com/omarmohamed456/Football-Match-Outcome-Predictor/edefc091629a587271b911a08f88c1523502ff11/scraped_data/saudi_saudi_pro_league_2024-2025_match_data.csv,edefc091629a587271b911a08f88c1523502ff11,162,2026-09-04T07:16:42.633Z,Saudi Pro League,2024-25,2025-03-06,Al Qadisiya,Al-Ittihad FC,1,1,D,,,,24,source_reported_FT,Al Qadsiah,Al Ittihad
omarmohamed456/Football-Match-Outcome-Predictor,https://raw.githubusercontent.com/omarmohamed456/Football-Match-Outcome-Predictor/edefc091629a587271b911a08f88c1523502ff11/scraped_data/saudi_saudi_pro_league_2024-2025_match_data.csv,edefc091629a587271b911a08f88c1523502ff11,285,2026-09-04T07:16:42.633Z,Saudi Pro League,2024-25,2025-03-06,Al Wehda,Al-Raed,3,1,H,,,,24,source_reported_FT,Al Wehda,Al Raed
omarmohamed456/Football-Match-Outcome-Predictor,https://raw.githubusercontent.com/omarmohamed456/Football-Match-Outcome-Predictor/edefc091629a587271b911a08f88c1523502ff11/scraped_data/saudi_saudi_pro_league_2024-2025_match_data.csv,edefc091629a587271b911a08f88c1523502ff11,12,2026-09-04T07:16:42.633Z,Saudi Pro League,2024-25,2025-03-07,Al Ahli SC,Al Khaleej,2,2,D,,,,24,source_reported_FT,Al Ahli SC,Al Khaleej
omarmohamed456/Football-Match-Outcome-Predictor,https://raw.githubusercontent.com/omarmohamed456/Football-Match-Outcome-Predictor/edefc091629a587271b911a08f88c1523502ff11/scraped_data/saudi_saudi_pro_league_2024-2025_match_data.csv,edefc091629a587271b911a08f88c1523502ff11,99,2026-09-04T07:16:42.633Z,Saudi Pro League,2024-25,2025-03-07,Al Fayha,Al-Hilal,0,2,A,,,,24,source_reported_FT,Al Fayha,Al Hilal
omarmohamed456/Football-Match-Outcome-Predictor,https://raw.githubusercontent.com/omarmohamed456/Football-Match-Outcome-Predictor/edefc091629a587271b911a08f88c1523502ff11/scraped_data/saudi_saudi_pro_league_2024-2025_match_data.csv,edefc091629a587271b911a08f88c1523502ff11,228,2026-09-04T07:16:42.633Z,Saudi Pro League,2024-25,2025-03-07,Al-Nassr,Al-Shabab,2,2,D,,,,24,source_reported_FT,Al Nassr,Al Shabab
omarmohamed456/Football-Match-Outcome-Predictor,https://raw.githubusercontent.com/omarmohamed456/Football-Match-Outcome-Predictor/edefc091629a587271b911a08f88c1523502ff11/scraped_data/saudi_saudi_pro_league_2024-2025_match_data.csv,edefc091629a587271b911a08f88c1523502ff11,52,2026-09-04T07:16:42.633Z,Saudi Pro League,2024-25,2025-03-08,Al Orubah,Al-Ettifaq,1,2,A,,,,24,source_reported_FT,Al Orubah,Al Ettifaq
omarmohamed456/Football-Match-Outcome-Predictor,https://raw.githubusercontent.com/omarmohamed456/Football-Match-Outcome-Predictor/edefc091629a587271b911a08f88c1523502ff11/scraped_data/saudi_saudi_pro_league_2024-2025_match_data.csv,edefc091629a587271b911a08f88c1523502ff11,243,2026-09-04T07:16:42.633Z,Saudi Pro League,2024-25,2025-03-08,Al Riyadh,Al Okhdood,1,0,H,,,,24,source_reported_FT,Al Riyadh,Al Okhdood
omarmohamed456/Football-Match-Outcome-Predictor,https://raw.githubusercontent.com/omarmohamed456/Football-Match-Outcome-Predictor/edefc091629a587271b911a08f88c1523502ff11/scraped_data/saudi_saudi_pro_league_2024-2025_match_data.csv,edefc091629a587271b911a08f88c1523502ff11,304,2026-09-04T07:16:42.633Z,Saudi Pro League,2024-25,2025-03-08,Al-Taawon,Damac,3,0,H,,,,24,source_reported_FT,Al Taawon,Damac
omarmohamed456/Football-Match-Outcome-Predictor,https://raw.githubusercontent.com/omarmohamed456/Football-Match-Outcome-Predictor/edefc091629a587271b911a08f88c1523502ff11/scraped_data/saudi_saudi_pro_league_2024-2025_match_data.csv,edefc091629a587271b911a08f88c1523502ff11,86,2026-09-04T07:16:42.633Z,Saudi Pro League,2024-25,2025-03-13,Al-Fateh,Al-Raed,3,1,H,,,,25,source_reported_FT,Al Fateh,Al Raed
omarmohamed456/Football-Match-Outcome-Predictor,https://raw.githubusercontent.com/omarmohamed456/Football-Match-Outcome-Predictor/edefc091629a587271b911a08f88c1523502ff11/scraped_data/saudi_saudi_pro_league_2024-2025_match_data.csv,edefc091629a587271b911a08f88c1523502ff11,167,2026-09-04T07:16:42.633Z,Saudi Pro League,2024-25,2025-03-13,Al-Ittihad FC,Al Riyadh,2,1,H,,,,25,source_reported_FT,Al Ittihad,Al Riyadh
omarmohamed456/Football-Match-Outcome-Predictor,https://raw.githubusercontent.com/omarmohamed456/Football-Match-Outcome-Predictor/edefc091629a587271b911a08f88c1523502ff11/scraped_data/saudi_saudi_pro_league_2024-2025_match_data.csv,edefc091629a587271b911a08f88c1523502ff11,259,2026-09-04T07:16:42.633Z,Saudi Pro League,2024-25,2025-03-13,Al-Shabab,Al Orubah,6,0,H,,,,25,source_reported_FT,Al Shabab,Al Orubah
omarmohamed456/Football-Match-Outcome-Predictor,https://raw.githubusercontent.com/omarmohamed456/Football-Match-Outcome-Predictor/edefc091629a587271b911a08f88c1523502ff11/scraped_data/saudi_saudi_pro_league_2024-2025_match_data.csv,edefc091629a587271b911a08f88c1523502ff11,195,2026-09-04T07:16:42.633Z,Saudi Pro League,2024-25,2025-03-14,Al Khaleej,Al Wehda,0,2,A,,,,25,source_reported_FT,Al Khaleej,Al Wehda
omarmohamed456/Football-Match-Outcome-Predictor,https://raw.githubusercontent.com/omarmohamed456/Football-Match-Outcome-Predictor/edefc091629a587271b911a08f88c1523502ff11/scraped_data/saudi_saudi_pro_league_2024-2025_match_data.csv,edefc091629a587271b911a08f88c1523502ff11,198,2026-09-04T07:16:42.633Z,Saudi Pro League,2024-25,2025-03-14,Al-Nassr,Al Kholood,3,1,H,,,,25,source_reported_FT,Al Nassr,Al Kholood
omarmohamed456/Football-Match-Outcome-Predictor,https://raw.githubusercontent.com/omarmohamed456/Football-Match-Outcome-Predictor/edefc091629a587271b911a08f88c1523502ff11/scraped_data/saudi_saudi_pro_league_2024-2025_match_data.csv,edefc091629a587271b911a08f88c1523502ff11,277,2026-09-04T07:16:42.633Z,Saudi Pro League,2024-25,2025-03-14,Damac,Al Qadisiya,1,0,H,,,,25,source_reported_FT,Damac,Al Qadsiah
omarmohamed456/Football-Match-Outcome-Predictor,https://raw.githubusercontent.com/omarmohamed456/Football-Match-Outcome-Predictor/edefc091629a587271b911a08f88c1523502ff11/scraped_data/saudi_saudi_pro_league_2024-2025_match_data.csv,edefc091629a587271b911a08f88c1523502ff11,19,2026-09-04T07:16:42.633Z,Saudi Pro League,2024-25,2025-03-15,Al Okhdood,Al Ahli SC,2,1,H,,,,25,source_reported_FT,Al Okhdood,Al Ahli SC
omarmohamed456/Football-Match-Outcome-Predictor,https://raw.githubusercontent.com/omarmohamed456/Football-Match-Outcome-Predictor/edefc091629a587271b911a08f88c1523502ff11/scraped_data/saudi_saudi_pro_league_2024-2025_match_data.csv,edefc091629a587271b911a08f88c1523502ff11,38,2026-09-04T07:16:42.633Z,Saudi Pro League,2024-25,2025-03-15,Al-Ettifaq,Al Fayha,0,2,A,,,,25,source_reported_FT,Al Ettifaq,Al Fayha
omarmohamed456/Football-Match-Outcome-Predictor,https://raw.githubusercontent.com/omarmohamed456/Football-Match-Outcome-Predictor/edefc091629a587271b911a08f88c1523502ff11/scraped_data/saudi_saudi_pro_league_2024-2025_match_data.csv,edefc091629a587271b911a08f88c1523502ff11,146,2026-09-04T07:16:42.633Z,Saudi Pro League,2024-25,2025-03-15,Al-Taawon,Al-Hilal,0,2,A,,,,25,source_reported_FT,Al Taawon,Al Hilal
omarmohamed456/Football-Match-Outcome-Predictor,https://raw.githubusercontent.com/omarmohamed456/Football-Match-Outcome-Predictor/edefc091629a587271b911a08f88c1523502ff11/scraped_data/saudi_saudi_pro_league_2024-2025_match_data.csv,edefc091629a587271b911a08f88c1523502ff11,213,2026-09-04T07:16:42.633Z,Saudi Pro League,2024-25,2025-04-04,Al Kholood,Al-Taawon,0,2,A,,,,26,source_reported_FT,Al Kholood,Al Taawon
omarmohamed456/Football-Match-Outcome-Predictor,https://raw.githubusercontent.com/omarmohamed456/Football-Match-Outcome-Predictor/edefc091629a587271b911a08f88c1523502ff11/scraped_data/saudi_saudi_pro_league_2024-2025_match_data.csv,edefc091629a587271b911a08f88c1523502ff11,237,2026-09-04T07:16:42.633Z,Saudi Pro League,2024-25,2025-04-04,Al Orubah,Al Okhdood,0,1,A,,,,26,source_reported_FT,Al Orubah,Al Okhdood
omarmohamed456/Football-Match-Outcome-Predictor,https://raw.githubusercontent.com/omarmohamed456/Football-Match-Outcome-Predictor/edefc091629a587271b911a08f88c1523502ff11/scraped_data/saudi_saudi_pro_league_2024-2025_match_data.csv,edefc091629a587271b911a08f88c1523502ff11,132,2026-09-04T07:16:42.633Z,Saudi Pro League,2024-25,2025-04-04,Al-Hilal,Al-Nassr,1,3,A,,,,26,source_reported_FT,Al Hilal,Al Nassr
omarmohamed456/Football-Match-Outcome-Predictor,https://raw.githubusercontent.com/omarmohamed456/Football-Match-Outcome-Predictor/edefc091629a587271b911a08f88c1523502ff11/scraped_data/saudi_saudi_pro_league_2024-2025_match_data.csv,edefc091629a587271b911a08f88c1523502ff11,10,2026-09-04T07:16:42.633Z,Saudi Pro League,2024-25,2025-04-05,Al Ahli SC,Al-Ittihad FC,2,2,D,,,,26,source_reported_FT,Al Ahli SC,Al Ittihad
omarmohamed456/Football-Match-Outcome-Predictor,https://raw.githubusercontent.com/omarmohamed456/Football-Match-Outcome-Predictor/edefc091629a587271b911a08f88c1523502ff11/scraped_data/saudi_saudi_pro_league_2024-2025_match_data.csv,edefc091629a587271b911a08f88c1523502ff11,54,2026-09-04T07:16:42.633Z,Saudi Pro League,2024-25,2025-04-05,Al Qadisiya,Al-Ettifaq,1,1,D,,,,26,source_reported_FT,Al Qadsiah,Al Ettifaq
omarmohamed456/Football-Match-Outcome-Predictor,https://raw.githubusercontent.com/omarmohamed456/Football-Match-Outcome-Predictor/edefc091629a587271b911a08f88c1523502ff11/scraped_data/saudi_saudi_pro_league_2024-2025_match_data.csv,edefc091629a587271b911a08f88c1523502ff11,295,2026-09-04T07:16:42.633Z,Saudi Pro League,2024-25,2025-04-05,Al Riyadh,Damac,0,0,D,,,,26,source_reported_FT,Al Riyadh,Damac
omarmohamed456/Football-Match-Outcome-Predictor,https://raw.githubusercontent.com/omarmohamed456/Football-Match-Outcome-Predictor/edefc091629a587271b911a08f88c1523502ff11/scraped_data/saudi_saudi_pro_league_2024-2025_match_data.csv,edefc091629a587271b911a08f88c1523502ff11,69,2026-09-04T07:16:42.633Z,Saudi Pro League,2024-25,2025-04-06,Al Fayha,Al-Fateh,1,1,D,,,,26,source_reported_FT,Al Fayha,Al Fateh
omarmohamed456/Football-Match-Outcome-Predictor,https://raw.githubusercontent.com/omarmohamed456/Football-Match-Outcome-Predictor/edefc091629a587271b911a08f88c1523502ff11/scraped_data/saudi_saudi_pro_league_2024-2025_match_data.csv,edefc091629a587271b911a08f88c1523502ff11,299,2026-09-04T07:16:42.633Z,Saudi Pro League,2024-25,2025-04-06,Al Wehda,Al-Shabab,1,3,A,,,,26,source_reported_FT,Al Wehda,Al Shabab
omarmohamed456/Football-Match-Outcome-Predictor,https://raw.githubusercontent.com/omarmohamed456/Football-Match-Outcome-Predictor/edefc091629a587271b911a08f88c1523502ff11/scraped_data/saudi_saudi_pro_league_2024-2025_match_data.csv,edefc091629a587271b911a08f88c1523502ff11,186,2026-09-04T07:16:42.633Z,Saudi Pro League,2024-25,2025-04-06,Al-Raed,Al Khaleej,1,2,A,,,,26,source_reported_FT,Al Raed,Al Khaleej
omarmohamed456/Football-Match-Outcome-Predictor,https://raw.githubusercontent.com/omarmohamed456/Football-Match-Outcome-Predictor/edefc091629a587271b911a08f88c1523502ff11/scraped_data/saudi_saudi_pro_league_2024-2025_match_data.csv,edefc091629a587271b911a08f88c1523502ff11,160,2026-09-04T07:16:42.633Z,Saudi Pro League,2024-25,2025-04-10,Al-Ittihad FC,Al Orubah,2,0,H,,,,27,source_reported_FT,Al Ittihad,Al Orubah
omarmohamed456/Football-Match-Outcome-Predictor,https://raw.githubusercontent.com/omarmohamed456/Football-Match-Outcome-Predictor/edefc091629a587271b911a08f88c1523502ff11/scraped_data/saudi_saudi_pro_league_2024-2025_match_data.csv,edefc091629a587271b911a08f88c1523502ff11,211,2026-09-04T07:16:42.633Z,Saudi Pro League,2024-25,2025-04-10,Al-Shabab,Al Kholood,2,0,H,,,,27,source_reported_FT,Al Shabab,Al Kholood
omarmohamed456/Football-Match-Outcome-Predictor,https://raw.githubusercontent.com/omarmohamed456/Football-Match-Outcome-Predictor/edefc091629a587271b911a08f88c1523502ff11/scraped_data/saudi_saudi_pro_league_2024-2025_match_data.csv,edefc091629a587271b911a08f88c1523502ff11,306,2026-09-04T07:16:42.633Z,Saudi Pro League,2024-25,2025-04-10,Damac,Al Wehda,0,1,A,,,,27,source_reported_FT,Damac,Al Wehda
omarmohamed456/Football-Match-Outcome-Predictor,https://raw.githubusercontent.com/omarmohamed456/Football-Match-Outcome-Predictor/edefc091629a587271b911a08f88c1523502ff11/scraped_data/saudi_saudi_pro_league_2024-2025_match_data.csv,edefc091629a587271b911a08f88c1523502ff11,246,2026-09-04T07:16:42.633Z,Saudi Pro League,2024-25,2025-04-11,Al Okhdood,Al-Taawon,1,1,D,,,,27,source_reported_FT,Al Okhdood,Al Taawon
omarmohamed456/Football-Match-Outcome-Predictor,https://raw.githubusercontent.com/omarmohamed456/Football-Match-Outcome-Predictor/edefc091629a587271b911a08f88c1523502ff11/scraped_data/saudi_saudi_pro_league_2024-2025_match_data.csv,edefc091629a587271b911a08f88c1523502ff11,40,2026-09-04T07:16:42.633Z,Saudi Pro League,2024-25,2025-04-11,Al-Ettifaq,Al-Hilal,1,1,D,,,,27,source_reported_FT,Al Ettifaq,Al Hilal
omarmohamed456/Football-Match-Outcome-Predictor,https://raw.githubusercontent.com/omarmohamed456/Football-Match-Outcome-Predictor/edefc091629a587271b911a08f88c1523502ff11/scraped_data/saudi_saudi_pro_league_2024-2025_match_data.csv,edefc091629a587271b911a08f88c1523502ff11,24,2026-09-04T07:16:42.633Z,Saudi Pro League,2024-25,2025-04-11,Al-Raed,Al Ahli SC,0,2,A,,,,27,source_reported_FT,Al Raed,Al Ahli SC
omarmohamed456/Football-Match-Outcome-Predictor,https://raw.githubusercontent.com/omarmohamed456/Football-Match-Outcome-Predictor/edefc091629a587271b911a08f88c1523502ff11/scraped_data/saudi_saudi_pro_league_2024-2025_match_data.csv,edefc091629a587271b911a08f88c1523502ff11,112,2026-09-04T07:16:42.633Z,Saudi Pro League,2024-25,2025-04-12,Al Fayha,Al Qadisiya,2,1,H,,,,27,source_reported_FT,Al Fayha,Al Qadsiah
omarmohamed456/Football-Match-Outcome-Predictor,https://raw.githubusercontent.com/omarmohamed456/Football-Match-Outcome-Predictor/edefc091629a587271b911a08f88c1523502ff11/scraped_data/saudi_saudi_pro_league_2024-2025_match_data.csv,edefc091629a587271b911a08f88c1523502ff11,74,2026-09-04T07:16:42.633Z,Saudi Pro League,2024-25,2025-04-12,Al Khaleej,Al-Fateh,1,5,A,,,,27,source_reported_FT,Al Khaleej,Al Fateh
omarmohamed456/Football-Match-Outcome-Predictor,https://raw.githubusercontent.com/omarmohamed456/Football-Match-Outcome-Predictor/edefc091629a587271b911a08f88c1523502ff11/scraped_data/saudi_saudi_pro_league_2024-2025_match_data.csv,edefc091629a587271b911a08f88c1523502ff11,227,2026-09-04T07:16:42.633Z,Saudi Pro League,2024-25,2025-04-12,Al-Nassr,Al Riyadh,2,1,H,,,,27,source_reported_FT,Al Nassr,Al Riyadh
omarmohamed456/Football-Match-Outcome-Predictor,https://raw.githubusercontent.com/omarmohamed456/Football-Match-Outcome-Predictor/edefc091629a587271b911a08f88c1523502ff11/scraped_data/saudi_saudi_pro_league_2024-2025_match_data.csv,edefc091629a587271b911a08f88c1523502ff11,58,2026-09-04T07:16:42.633Z,Saudi Pro League,2024-25,2025-04-17,Al-Ettifaq,Al Riyadh,1,0,H,,,,28,source_reported_FT,Al Ettifaq,Al Riyadh
omarmohamed456/Football-Match-Outcome-Predictor,https://raw.githubusercontent.com/omarmohamed456/Football-Match-Outcome-Predictor/edefc091629a587271b911a08f88c1523502ff11/scraped_data/saudi_saudi_pro_league_2024-2025_match_data.csv,edefc091629a587271b911a08f88c1523502ff11,73,2026-09-04T07:16:42.633Z,Saudi Pro League,2024-25,2025-04-17,Al-Fateh,Al-Ittihad FC,2,0,H,,,,28,source_reported_FT,Al Fateh,Al Ittihad
omarmohamed456/Football-Match-Outcome-Predictor,https://raw.githubusercontent.com/omarmohamed456/Football-Match-Outcome-Predictor/edefc091629a587271b911a08f88c1523502ff11/scraped_data/saudi_saudi_pro_league_2024-2025_match_data.csv,edefc091629a587271b911a08f88c1523502ff11,129,2026-09-04T07:16:42.633Z,Saudi Pro League,2024-25,2025-04-17,Al-Hilal,Al Khaleej,3,0,H,,,,28,source_reported_FT,Al Hilal,Al Khaleej
omarmohamed456/Football-Match-Outcome-Predictor,https://raw.githubusercontent.com/omarmohamed456/Football-Match-Outcome-Predictor/edefc091629a587271b911a08f88c1523502ff11/scraped_data/saudi_saudi_pro_league_2024-2025_match_data.csv,edefc091629a587271b911a08f88c1523502ff11,245,2026-09-04T07:16:42.633Z,Saudi Pro League,2024-25,2025-04-17,Al-Shabab,Al Okhdood,0,0,D,,,,28,source_reported_FT,Al Shabab,Al Okhdood
omarmohamed456/Football-Match-Outcome-Predictor,https://raw.githubusercontent.com/omarmohamed456/Football-Match-Outcome-Predictor/edefc091629a587271b911a08f88c1523502ff11/scraped_data/saudi_saudi_pro_league_2024-2025_match_data.csv,edefc091629a587271b911a08f88c1523502ff11,7,2026-09-04T07:16:42.633Z,Saudi Pro League,2024-25,2025-04-18,Al Ahli SC,Al Fayha,5,0,H,,,,28,source_reported_FT,Al Ahli SC,Al Fayha
omarmohamed456/Football-Match-Outcome-Predictor,https://raw.githubusercontent.com/omarmohamed456/Football-Match-Outcome-Predictor/edefc091629a587271b911a08f88c1523502ff11/scraped_data/saudi_saudi_pro_league_2024-2025_match_data.csv,edefc091629a587271b911a08f88c1523502ff11,217,2026-09-04T07:16:42.633Z,Saudi Pro League,2024-25,2025-04-18,Al Kholood,Damac,1,3,A,,,,28,source_reported_FT,Al Kholood,Damac
omarmohamed456/Football-Match-Outcome-Predictor,https://raw.githubusercontent.com/omarmohamed456/Football-Match-Outcome-Predictor/edefc091629a587271b911a08f88c1523502ff11/scraped_data/saudi_saudi_pro_league_2024-2025_match_data.csv,edefc091629a587271b911a08f88c1523502ff11,222,2026-09-04T07:16:42.633Z,Saudi Pro League,2024-25,2025-04-18,Al Qadisiya,Al-Nassr,2,1,H,,,,28,source_reported_FT,Al Qadsiah,Al Nassr
omarmohamed456/Football-Match-Outcome-Predictor,https://raw.githubusercontent.com/omarmohamed456/Football-Match-Outcome-Predictor/edefc091629a587271b911a08f88c1523502ff11/scraped_data/saudi_saudi_pro_league_2024-2025_match_data.csv,edefc091629a587271b911a08f88c1523502ff11,255,2026-09-04T07:16:42.633Z,Saudi Pro League,2024-25,2025-04-19,Al Orubah,Al-Raed,0,4,A,,,,28,source_reported_FT,Al Orubah,Al Raed
omarmohamed456/Football-Match-Outcome-Predictor,https://raw.githubusercontent.com/omarmohamed456/Football-Match-Outcome-Predictor/edefc091629a587271b911a08f88c1523502ff11/scraped_data/saudi_saudi_pro_league_2024-2025_match_data.csv,edefc091629a587271b911a08f88c1523502ff11,303,2026-09-04T07:16:42.633Z,Saudi Pro League,2024-25,2025-04-19,Al-Taawon,Al Wehda,0,2,A,,,,28,source_reported_FT,Al Taawon,Al Wehda
omarmohamed456/Football-Match-Outcome-Predictor,https://raw.githubusercontent.com/omarmohamed456/Football-Match-Outcome-Predictor/edefc091629a587271b911a08f88c1523502ff11/scraped_data/saudi_saudi_pro_league_2024-2025_match_data.csv,edefc091629a587271b911a08f88c1523502ff11,145,2026-09-04T07:16:42.633Z,Saudi Pro League,2024-25,2025-04-21,Al-Hilal,Al-Shabab,2,2,D,,,,29,source_reported_FT,Al Hilal,Al Shabab
omarmohamed456/Football-Match-Outcome-Predictor,https://raw.githubusercontent.com/omarmohamed456/Football-Match-Outcome-Predictor/edefc091629a587271b911a08f88c1523502ff11/scraped_data/saudi_saudi_pro_league_2024-2025_match_data.csv,edefc091629a587271b911a08f88c1523502ff11,43,2026-09-04T07:16:42.633Z,Saudi Pro League,2024-25,2025-04-21,Al-Ittihad FC,Al-Ettifaq,3,2,H,,,,29,source_reported_FT,Al Ittihad,Al Ettifaq
omarmohamed456/Football-Match-Outcome-Predictor,https://raw.githubusercontent.com/omarmohamed456/Football-Match-Outcome-Predictor/edefc091629a587271b911a08f88c1523502ff11/scraped_data/saudi_saudi_pro_league_2024-2025_match_data.csv,edefc091629a587271b911a08f88c1523502ff11,32,2026-09-04T07:16:42.633Z,Saudi Pro League,2024-25,2025-04-22,Al Wehda,Al Ahli SC,2,3,A,,,,29,source_reported_FT,Al Wehda,Al Ahli SC
omarmohamed456/Football-Match-Outcome-Predictor,https://raw.githubusercontent.com/omarmohamed456/Football-Match-Outcome-Predictor/edefc091629a587271b911a08f88c1523502ff11/scraped_data/saudi_saudi_pro_league_2024-2025_match_data.csv,edefc091629a587271b911a08f88c1523502ff11,235,2026-09-04T07:16:42.633Z,Saudi Pro League,2024-25,2025-04-22,Damac,Al-Nassr,2,3,A,,,,29,source_reported_FT,Damac,Al Nassr
omarmohamed456/Football-Match-Outcome-Predictor,https://raw.githubusercontent.com/omarmohamed456/Football-Match-Outcome-Predictor/edefc091629a587271b911a08f88c1523502ff11/scraped_data/saudi_saudi_pro_league_2024-2025_match_data.csv,edefc091629a587271b911a08f88c1523502ff11,184,2026-09-04T07:16:42.633Z,Saudi Pro League,2024-25,2025-04-23,Al Khaleej,Al Qadisiya,1,1,D,,,,29,source_reported_FT,Al Khaleej,Al Qadsiah
omarmohamed456/Football-Match-Outcome-Predictor,https://raw.githubusercontent.com/omarmohamed456/Football-Match-Outcome-Predictor/edefc091629a587271b911a08f88c1523502ff11/scraped_data/saudi_saudi_pro_league_2024-2025_match_data.csv,edefc091629a587271b911a08f88c1523502ff11,200,2026-09-04T07:16:42.633Z,Saudi Pro League,2024-25,2025-04-23,Al Kholood,Al Okhdood,0,1,A,,,,29,source_reported_FT,Al Kholood,Al Okhdood
omarmohamed456/Football-Match-Outcome-Predictor,https://raw.githubusercontent.com/omarmohamed456/Football-Match-Outcome-Predictor/edefc091629a587271b911a08f88c1523502ff11/scraped_data/saudi_saudi_pro_league_2024-2025_match_data.csv,edefc091629a587271b911a08f88c1523502ff11,89,2026-09-04T07:16:42.633Z,Saudi Pro League,2024-25,2025-04-23,Al Riyadh,Al-Fateh,2,2,D,,,,29,source_reported_FT,Al Riyadh,Al Fateh
omarmohamed456/Football-Match-Outcome-Predictor,https://raw.githubusercontent.com/omarmohamed456/Football-Match-Outcome-Predictor/edefc091629a587271b911a08f88c1523502ff11/scraped_data/saudi_saudi_pro_league_2024-2025_match_data.csv,edefc091629a587271b911a08f88c1523502ff11,110,2026-09-04T07:16:42.633Z,Saudi Pro League,2024-25,2025-04-24,Al Orubah,Al Fayha,2,2,D,,,,29,source_reported_FT,Al Orubah,Al Fayha
omarmohamed456/Football-Match-Outcome-Predictor,https://raw.githubusercontent.com/omarmohamed456/Football-Match-Outcome-Predictor/edefc091629a587271b911a08f88c1523502ff11/scraped_data/saudi_saudi_pro_league_2024-2025_match_data.csv,edefc091629a587271b911a08f88c1523502ff11,283,2026-09-04T07:16:42.633Z,Saudi Pro League,2024-25,2025-04-24,Al-Taawon,Al-Raed,4,3,H,,,,29,source_reported_FT,Al Taawon,Al Raed
omarmohamed456/Football-Match-Outcome-Predictor,https://raw.githubusercontent.com/omarmohamed456/Football-Match-Outcome-Predictor/edefc091629a587271b911a08f88c1523502ff11/scraped_data/saudi_saudi_pro_league_2024-2025_match_data.csv,edefc091629a587271b911a08f88c1523502ff11,248,2026-09-04T07:16:42.633Z,Saudi Pro League,2024-25,2025-05-01,Al Okhdood,Al Wehda,1,2,A,,,,30,source_reported_FT,Al Okhdood,Al Wehda
omarmohamed456/Football-Match-Outcome-Predictor,https://raw.githubusercontent.com/omarmohamed456/Football-Match-Outcome-Predictor/edefc091629a587271b911a08f88c1523502ff11/scraped_data/saudi_saudi_pro_league_2024-2025_match_data.csv,edefc091629a587271b911a08f88c1523502ff11,257,2026-09-04T07:16:42.633Z,Saudi Pro League,2024-25,2025-05-01,Al Riyadh,Al Orubah,2,4,A,,,,30,source_reported_FT,Al Riyadh,Al Orubah
omarmohamed456/Football-Match-Outcome-Predictor,https://raw.githubusercontent.com/omarmohamed456/Football-Match-Outcome-Predictor/edefc091629a587271b911a08f88c1523502ff11/scraped_data/saudi_saudi_pro_league_2024-2025_match_data.csv,edefc091629a587271b911a08f88c1523502ff11,90,2026-09-04T07:16:42.633Z,Saudi Pro League,2024-25,2025-05-01,Al-Fateh,Al-Shabab,3,1,H,,,,30,source_reported_FT,Al Fateh,Al Shabab
omarmohamed456/Football-Match-Outcome-Predictor,https://raw.githubusercontent.com/omarmohamed456/Football-Match-Outcome-Predictor/edefc091629a587271b911a08f88c1523502ff11/scraped_data/saudi_saudi_pro_league_2024-2025_match_data.csv,edefc091629a587271b911a08f88c1523502ff11,124,2026-09-04T07:16:42.633Z,Saudi Pro League,2024-25,2025-05-02,Al Fayha,Damac,2,1,H,,,,30,source_reported_FT,Al Fayha,Damac
omarmohamed456/Football-Match-Outcome-Predictor,https://raw.githubusercontent.com/omarmohamed456/Football-Match-Outcome-Predictor/edefc091629a587271b911a08f88c1523502ff11/scraped_data/saudi_saudi_pro_league_2024-2025_match_data.csv,edefc091629a587271b911a08f88c1523502ff11,204,2026-09-04T07:16:42.633Z,Saudi Pro League,2024-25,2025-05-02,Al Qadisiya,Al Kholood,4,1,H,,,,30,source_reported_FT,Al Qadsiah,Al Kholood
omarmohamed456/Football-Match-Outcome-Predictor,https://raw.githubusercontent.com/omarmohamed456/Football-Match-Outcome-Predictor/edefc091629a587271b911a08f88c1523502ff11/scraped_data/saudi_saudi_pro_league_2024-2025_match_data.csv,edefc091629a587271b911a08f88c1523502ff11,45,2026-09-04T07:16:42.633Z,Saudi Pro League,2024-25,2025-05-02,Al-Ettifaq,Al Khaleej,2,1,H,,,,30,source_reported_FT,Al Ettifaq,Al Khaleej
omarmohamed456/Football-Match-Outcome-Predictor,https://raw.githubusercontent.com/omarmohamed456/Football-Match-Outcome-Predictor/edefc091629a587271b911a08f88c1523502ff11/scraped_data/saudi_saudi_pro_league_2024-2025_match_data.csv,edefc091629a587271b911a08f88c1523502ff11,31,2026-09-04T07:16:42.633Z,Saudi Pro League,2024-25,2025-05-07,Al Ahli SC,Al-Taawon,2,0,H,,,,30,source_reported_FT,Al Ahli SC,Al Taawon
omarmohamed456/Football-Match-Outcome-Predictor,https://raw.githubusercontent.com/omarmohamed456/Football-Match-Outcome-Predictor/edefc091629a587271b911a08f88c1523502ff11/scraped_data/saudi_saudi_pro_league_2024-2025_match_data.csv,edefc091629a587271b911a08f88c1523502ff11,157,2026-09-04T07:16:42.633Z,Saudi Pro League,2024-25,2025-05-07,Al-Nassr,Al-Ittihad FC,2,3,A,,,,30,source_reported_FT,Al Nassr,Al Ittihad
omarmohamed456/Football-Match-Outcome-Predictor,https://raw.githubusercontent.com/omarmohamed456/Football-Match-Outcome-Predictor/edefc091629a587271b911a08f88c1523502ff11/scraped_data/saudi_saudi_pro_league_2024-2025_match_data.csv,edefc091629a587271b911a08f88c1523502ff11,141,2026-09-04T07:16:42.633Z,Saudi Pro League,2024-25,2025-05-07,Al-Raed,Al-Hilal,3,5,A,,,,30,source_reported_FT,Al Raed,Al Hilal
omarmohamed456/Football-Match-Outcome-Predictor,https://raw.githubusercontent.com/omarmohamed456/Football-Match-Outcome-Predictor/edefc091629a587271b911a08f88c1523502ff11/scraped_data/saudi_saudi_pro_league_2024-2025_match_data.csv,edefc091629a587271b911a08f88c1523502ff11,188,2026-09-04T07:16:42.633Z,Saudi Pro League,2024-25,2025-05-10,Al Khaleej,Al Riyadh,1,2,A,,,,31,source_reported_FT,Al Khaleej,Al Riyadh
omarmohamed456/Football-Match-Outcome-Predictor,https://raw.githubusercontent.com/omarmohamed456/Football-Match-Outcome-Predictor/edefc091629a587271b911a08f88c1523502ff11/scraped_data/saudi_saudi_pro_league_2024-2025_match_data.csv,edefc091629a587271b911a08f88c1523502ff11,47,2026-09-04T07:16:42.633Z,Saudi Pro League,2024-25,2025-05-10,Al Kholood,Al-Ettifaq,1,0,H,,,,31,source_reported_FT,Al Kholood,Al Ettifaq
omarmohamed456/Football-Match-Outcome-Predictor,https://raw.githubusercontent.com/omarmohamed456/Football-Match-Outcome-Predictor/edefc091629a587271b911a08f88c1523502ff11/scraped_data/saudi_saudi_pro_league_2024-2025_match_data.csv,edefc091629a587271b911a08f88c1523502ff11,95,2026-09-04T07:16:42.633Z,Saudi Pro League,2024-25,2025-05-10,Al Wehda,Al-Fateh,1,0,H,,,,31,source_reported_FT,Al Wehda,Al Fateh
omarmohamed456/Football-Match-Outcome-Predictor,https://raw.githubusercontent.com/omarmohamed456/Football-Match-Outcome-Predictor/edefc091629a587271b911a08f88c1523502ff11/scraped_data/saudi_saudi_pro_league_2024-2025_match_data.csv,edefc091629a587271b911a08f88c1523502ff11,100,2026-09-04T07:16:42.633Z,Saudi Pro League,2024-25,2025-05-11,Al-Ittihad FC,Al Fayha,3,0,H,,,,31,source_reported_FT,Al Ittihad,Al Fayha
omarmohamed456/Football-Match-Outcome-Predictor,https://raw.githubusercontent.com/omarmohamed456/Football-Match-Outcome-Predictor/edefc091629a587271b911a08f88c1523502ff11/scraped_data/saudi_saudi_pro_league_2024-2025_match_data.csv,edefc091629a587271b911a08f88c1523502ff11,28,2026-09-04T07:16:42.633Z,Saudi Pro League,2024-25,2025-05-11,Al-Shabab,Al Ahli SC,3,1,H,,,,31,source_reported_FT,Al Shabab,Al Ahli SC
omarmohamed456/Football-Match-Outcome-Predictor,https://raw.githubusercontent.com/omarmohamed456/Football-Match-Outcome-Predictor/edefc091629a587271b911a08f88c1523502ff11/scraped_data/saudi_saudi_pro_league_2024-2025_match_data.csv,edefc091629a587271b911a08f88c1523502ff11,273,2026-09-04T07:16:42.633Z,Saudi Pro League,2024-25,2025-05-11,Al-Taawon,Al Qadisiya,0,1,A,,,,31,source_reported_FT,Al Taawon,Al Qadsiah
omarmohamed456/Football-Match-Outcome-Predictor,https://raw.githubusercontent.com/omarmohamed456/Football-Match-Outcome-Predictor/edefc091629a587271b911a08f88c1523502ff11/scraped_data/saudi_saudi_pro_league_2024-2025_match_data.csv,edefc091629a587271b911a08f88c1523502ff11,287,2026-09-04T07:16:42.633Z,Saudi Pro League,2024-25,2025-05-11,Damac,Al-Raed,1,0,H,,,,31,source_reported_FT,Damac,Al Raed
omarmohamed456/Football-Match-Outcome-Predictor,https://raw.githubusercontent.com/omarmohamed456/Football-Match-Outcome-Predictor/edefc091629a587271b911a08f88c1523502ff11/scraped_data/saudi_saudi_pro_league_2024-2025_match_data.csv,edefc091629a587271b911a08f88c1523502ff11,219,2026-09-04T07:16:42.633Z,Saudi Pro League,2024-25,2025-05-12,Al Okhdood,Al-Nassr,0,9,A,,,,31,source_reported_FT,Al Okhdood,Al Nassr
omarmohamed456/Football-Match-Outcome-Predictor,https://raw.githubusercontent.com/omarmohamed456/Football-Match-Outcome-Predictor/edefc091629a587271b911a08f88c1523502ff11/scraped_data/saudi_saudi_pro_league_2024-2025_match_data.csv,edefc091629a587271b911a08f88c1523502ff11,137,2026-09-04T07:16:42.633Z,Saudi Pro League,2024-25,2025-05-12,Al-Hilal,Al Orubah,4,0,H,,,,31,source_reported_FT,Al Hilal,Al Orubah
omarmohamed456/Football-Match-Outcome-Predictor,https://raw.githubusercontent.com/omarmohamed456/Football-Match-Outcome-Predictor/edefc091629a587271b911a08f88c1523502ff11/scraped_data/saudi_saudi_pro_league_2024-2025_match_data.csv,edefc091629a587271b911a08f88c1523502ff11,275,2026-09-04T07:16:42.633Z,Saudi Pro League,2024-25,2025-05-15,Al Qadisiya,Al Wehda,3,1,H,,,,32,source_reported_FT,Al Qadsiah,Al Wehda
omarmohamed456/Football-Match-Outcome-Predictor,https://raw.githubusercontent.com/omarmohamed456/Football-Match-Outcome-Predictor/edefc091629a587271b911a08f88c1523502ff11/scraped_data/saudi_saudi_pro_league_2024-2025_match_data.csv,edefc091629a587271b911a08f88c1523502ff11,288,2026-09-04T07:16:42.633Z,Saudi Pro League,2024-25,2025-05-15,Al Riyadh,Al-Shabab,1,3,A,,,,32,source_reported_FT,Al Riyadh,Al Shabab
omarmohamed456/Football-Match-Outcome-Predictor,https://raw.githubusercontent.com/omarmohamed456/Football-Match-Outcome-Predictor/edefc091629a587271b911a08f88c1523502ff11/scraped_data/saudi_saudi_pro_league_2024-2025_match_data.csv,edefc091629a587271b911a08f88c1523502ff11,165,2026-09-04T07:16:42.633Z,Saudi Pro League,2024-25,2025-05-15,Al-Raed,Al-Ittihad FC,1,3,A,,,,32,source_reported_FT,Al Raed,Al Ittihad
omarmohamed456/Football-Match-Outcome-Predictor,https://raw.githubusercontent.com/omarmohamed456/Football-Match-Outcome-Predictor/edefc091629a587271b911a08f88c1523502ff11/scraped_data/saudi_saudi_pro_league_2024-2025_match_data.csv,edefc091629a587271b911a08f88c1523502ff11,182,2026-09-04T07:16:42.633Z,Saudi Pro League,2024-25,2025-05-16,Al Orubah,Al Khaleej,1,2,A,,,,32,source_reported_FT,Al Orubah,Al Khaleej
omarmohamed456/Football-Match-Outcome-Predictor,https://raw.githubusercontent.com/omarmohamed456/Football-Match-Outcome-Predictor/edefc091629a587271b911a08f88c1523502ff11/scraped_data/saudi_saudi_pro_league_2024-2025_match_data.csv,edefc091629a587271b911a08f88c1523502ff11,70,2026-09-04T07:16:42.633Z,Saudi Pro League,2024-25,2025-05-16,Al-Fateh,Al-Hilal,3,4,A,,,,32,source_reported_FT,Al Fateh,Al Hilal
omarmohamed456/Football-Match-Outcome-Predictor,https://raw.githubusercontent.com/omarmohamed456/Football-Match-Outcome-Predictor/edefc091629a587271b911a08f88c1523502ff11/scraped_data/saudi_saudi_pro_league_2024-2025_match_data.csv,edefc091629a587271b911a08f88c1523502ff11,231,2026-09-04T07:16:42.633Z,Saudi Pro League,2024-25,2025-05-16,Al-Nassr,Al-Taawon,1,1,D,,,,32,source_reported_FT,Al Nassr,Al Taawon
omarmohamed456/Football-Match-Outcome-Predictor,https://raw.githubusercontent.com/omarmohamed456/Football-Match-Outcome-Predictor/edefc091629a587271b911a08f88c1523502ff11/scraped_data/saudi_saudi_pro_league_2024-2025_match_data.csv,edefc091629a587271b911a08f88c1523502ff11,15,2026-09-04T07:16:42.633Z,Saudi Pro League,2024-25,2025-05-17,Al Ahli SC,Al Kholood,4,1,H,,,,32,source_reported_FT,Al Ahli SC,Al Kholood
omarmohamed456/Football-Match-Outcome-Predictor,https://raw.githubusercontent.com/omarmohamed456/Football-Match-Outcome-Predictor/edefc091629a587271b911a08f88c1523502ff11/scraped_data/saudi_saudi_pro_league_2024-2025_match_data.csv,edefc091629a587271b911a08f88c1523502ff11,108,2026-09-04T07:16:42.633Z,Saudi Pro League,2024-25,2025-05-17,Al Fayha,Al Okhdood,2,0,H,,,,32,source_reported_FT,Al Fayha,Al Okhdood
omarmohamed456/Football-Match-Outcome-Predictor,https://raw.githubusercontent.com/omarmohamed456/Football-Match-Outcome-Predictor/edefc091629a587271b911a08f88c1523502ff11/scraped_data/saudi_saudi_pro_league_2024-2025_match_data.csv,edefc091629a587271b911a08f88c1523502ff11,67,2026-09-04T07:16:42.633Z,Saudi Pro League,2024-25,2025-05-17,Al-Ettifaq,Damac,0,0,D,,,,32,source_reported_FT,Al Ettifaq,Damac
omarmohamed456/Football-Match-Outcome-Predictor,https://raw.githubusercontent.com/omarmohamed456/Football-Match-Outcome-Predictor/edefc091629a587271b911a08f88c1523502ff11/scraped_data/saudi_saudi_pro_league_2024-2025_match_data.csv,edefc091629a587271b911a08f88c1523502ff11,252,2026-09-04T07:16:42.633Z,Saudi Pro League,2024-25,2025-05-20,Al Qadisiya,Al Orubah,3,1,H,,,,33,source_reported_FT,Al Qadsiah,Al Orubah
omarmohamed456/Football-Match-Outcome-Predictor,https://raw.githubusercontent.com/omarmohamed456/Football-Match-Outcome-Predictor/edefc091629a587271b911a08f88c1523502ff11/scraped_data/saudi_saudi_pro_league_2024-2025_match_data.csv,edefc091629a587271b911a08f88c1523502ff11,169,2026-09-04T07:16:42.633Z,Saudi Pro League,2024-25,2025-05-20,Al-Shabab,Al-Ittihad FC,2,3,A,,,,33,source_reported_FT,Al Shabab,Al Ittihad
omarmohamed456/Football-Match-Outcome-Predictor,https://raw.githubusercontent.com/omarmohamed456/Football-Match-Outcome-Predictor/edefc091629a587271b911a08f88c1523502ff11/scraped_data/saudi_saudi_pro_league_2024-2025_match_data.csv,edefc091629a587271b911a08f88c1523502ff11,291,2026-09-04T07:16:42.633Z,Saudi Pro League,2024-25,2025-05-20,Al-Taawon,Al Riyadh,3,2,H,,,,33,source_reported_FT,Al Taawon,Al Riyadh
omarmohamed456/Football-Match-Outcome-Predictor,https://raw.githubusercontent.com/omarmohamed456/Football-Match-Outcome-Predictor/edefc091629a587271b911a08f88c1523502ff11/scraped_data/saudi_saudi_pro_league_2024-2025_match_data.csv,edefc091629a587271b911a08f88c1523502ff11,104,2026-09-04T07:16:42.633Z,Saudi Pro League,2024-25,2025-05-21,Al Kholood,Al Fayha,2,0,H,,,,33,source_reported_FT,Al Kholood,Al Fayha
omarmohamed456/Football-Match-Outcome-Predictor,https://raw.githubusercontent.com/omarmohamed456/Football-Match-Outcome-Predictor/edefc091629a587271b911a08f88c1523502ff11/scraped_data/saudi_saudi_pro_league_2024-2025_match_data.csv,edefc091629a587271b911a08f88c1523502ff11,149,2026-09-04T07:16:42.633Z,Saudi Pro League,2024-25,2025-05-21,Al Wehda,Al-Hilal,1,1,D,,,,33,source_reported_FT,Al Wehda,Al Hilal
omarmohamed456/Football-Match-Outcome-Predictor,https://raw.githubusercontent.com/omarmohamed456/Football-Match-Outcome-Predictor/edefc091629a587271b911a08f88c1523502ff11/scraped_data/saudi_saudi_pro_league_2024-2025_match_data.csv,edefc091629a587271b911a08f88c1523502ff11,178,2026-09-04T07:16:42.633Z,Saudi Pro League,2024-25,2025-05-21,Al-Nassr,Al Khaleej,2,0,H,,,,33,source_reported_FT,Al Nassr,Al Khaleej
omarmohamed456/Football-Match-Outcome-Predictor,https://raw.githubusercontent.com/omarmohamed456/Football-Match-Outcome-Predictor/edefc091629a587271b911a08f88c1523502ff11/scraped_data/saudi_saudi_pro_league_2024-2025_match_data.csv,edefc091629a587271b911a08f88c1523502ff11,3,2026-09-04T07:16:42.633Z,Saudi Pro League,2024-25,2025-05-22,Al Ahli SC,Al-Ettifaq,1,3,A,,,,33,source_reported_FT,Al Ahli SC,Al Ettifaq
omarmohamed456/Football-Match-Outcome-Predictor,https://raw.githubusercontent.com/omarmohamed456/Football-Match-Outcome-Predictor/edefc091629a587271b911a08f88c1523502ff11/scraped_data/saudi_saudi_pro_league_2024-2025_match_data.csv,edefc091629a587271b911a08f88c1523502ff11,241,2026-09-04T07:16:42.633Z,Saudi Pro League,2024-25,2025-05-22,Al Okhdood,Al-Raed,1,0,H,,,,33,source_reported_FT,Al Okhdood,Al Raed
omarmohamed456/Football-Match-Outcome-Predictor,https://raw.githubusercontent.com/omarmohamed456/Football-Match-Outcome-Predictor/edefc091629a587271b911a08f88c1523502ff11/scraped_data/saudi_saudi_pro_league_2024-2025_match_data.csv,edefc091629a587271b911a08f88c1523502ff11,97,2026-09-04T07:16:42.633Z,Saudi Pro League,2024-25,2025-05-22,Damac,Al-Fateh,0,1,A,,,,33,source_reported_FT,Damac,Al Fateh
omarmohamed456/Football-Match-Outcome-Predictor,https://raw.githubusercontent.com/omarmohamed456/Football-Match-Outcome-Predictor/edefc091629a587271b911a08f88c1523502ff11/scraped_data/saudi_saudi_pro_league_2024-2025_match_data.csv,edefc091629a587271b911a08f88c1523502ff11,118,2026-09-04T07:16:42.633Z,Saudi Pro League,2024-25,2025-05-26,Al Fayha,Al-Shabab,0,2,A,,,,34,source_reported_FT,Al Fayha,Al Shabab
omarmohamed456/Football-Match-Outcome-Predictor,https://raw.githubusercontent.com/omarmohamed456/Football-Match-Outcome-Predictor/edefc091629a587271b911a08f88c1523502ff11/scraped_data/saudi_saudi_pro_league_2024-2025_match_data.csv,edefc091629a587271b911a08f88c1523502ff11,181,2026-09-04T07:16:42.633Z,Saudi Pro League,2024-25,2025-05-26,Al Khaleej,Al Okhdood,2,3,A,,,,34,source_reported_FT,Al Khaleej,Al Okhdood
omarmohamed456/Football-Match-Outcome-Predictor,https://raw.githubusercontent.com/omarmohamed456/Football-Match-Outcome-Predictor/edefc091629a587271b911a08f88c1523502ff11/scraped_data/saudi_saudi_pro_league_2024-2025_match_data.csv,edefc091629a587271b911a08f88c1523502ff11,260,2026-09-04T07:16:42.633Z,Saudi Pro League,2024-25,2025-05-26,Al Orubah,Al-Taawon,3,2,H,,,,34,source_reported_FT,Al Orubah,Al Taawon
omarmohamed456/Football-Match-Outcome-Predictor,https://raw.githubusercontent.com/omarmohamed456/Football-Match-Outcome-Predictor/edefc091629a587271b911a08f88c1523502ff11/scraped_data/saudi_saudi_pro_league_2024-2025_match_data.csv,edefc091629a587271b911a08f88c1523502ff11,26,2026-09-04T07:16:42.633Z,Saudi Pro League,2024-25,2025-05-26,Al Riyadh,Al Ahli SC,0,1,A,,,,34,source_reported_FT,Al Riyadh,Al Ahli SC
omarmohamed456/Football-Match-Outcome-Predictor,https://raw.githubusercontent.com/omarmohamed456/Football-Match-Outcome-Predictor/edefc091629a587271b911a08f88c1523502ff11/scraped_data/saudi_saudi_pro_league_2024-2025_match_data.csv,edefc091629a587271b911a08f88c1523502ff11,65,2026-09-04T07:16:42.633Z,Saudi Pro League,2024-25,2025-05-26,Al-Ettifaq,Al Wehda,2,1,H,,,,34,source_reported_FT,Al Ettifaq,Al Wehda
omarmohamed456/Football-Match-Outcome-Predictor,https://raw.githubusercontent.com/omarmohamed456/Football-Match-Outcome-Predictor/edefc091629a587271b911a08f88c1523502ff11/scraped_data/saudi_saudi_pro_league_2024-2025_match_data.csv,edefc091629a587271b911a08f88c1523502ff11,78,2026-09-04T07:16:42.633Z,Saudi Pro League,2024-25,2025-05-26,Al-Fateh,Al-Nassr,3,2,H,,,,34,source_reported_FT,Al Fateh,Al Nassr
omarmohamed456/Football-Match-Outcome-Predictor,https://raw.githubusercontent.com/omarmohamed456/Football-Match-Outcome-Predictor/edefc091629a587271b911a08f88c1523502ff11/scraped_data/saudi_saudi_pro_league_2024-2025_match_data.csv,edefc091629a587271b911a08f88c1523502ff11,138,2026-09-04T07:16:42.633Z,Saudi Pro League,2024-25,2025-05-26,Al-Hilal,Al Qadisiya,2,0,H,,,,34,source_reported_FT,Al Hilal,Al Qadsiah
omarmohamed456/Football-Match-Outcome-Predictor,https://raw.githubusercontent.com/omarmohamed456/Football-Match-Outcome-Predictor/edefc091629a587271b911a08f88c1523502ff11/scraped_data/saudi_saudi_pro_league_2024-2025_match_data.csv,edefc091629a587271b911a08f88c1523502ff11,175,2026-09-04T07:16:42.633Z,Saudi Pro League,2024-25,2025-05-26,Al-Ittihad FC,Damac,1,0,H,,,,34,source_reported_FT,Al Ittihad,Damac
omarmohamed456/Football-Match-Outcome-Predictor,https://raw.githubusercontent.com/omarmohamed456/Football-Match-Outcome-Predictor/edefc091629a587271b911a08f88c1523502ff11/scraped_data/saudi_saudi_pro_league_2024-2025_match_data.csv,edefc091629a587271b911a08f88c1523502ff11,206,2026-09-04T07:16:42.633Z,Saudi Pro League,2024-25,2025-05-26,Al-Raed,Al Kholood,1,2,A,,,,34,source_reported_FT,Al Raed,Al Kholood
omarmohamed456/Football-Match-Outcome-Predictor,https://raw.githubusercontent.com/omarmohamed456/Football-Match-Outcome-Predictor/edefc091629a587271b911a08f88c1523502ff11/scraped_data/saudi_saudi_pro_league_2025-2026_match_data.csv,edefc091629a587271b911a08f88c1523502ff11,28,2026-09-04T07:16:44.568Z,Saudi Pro League,2025-26,2025-08-28,Al Ahli SC,Neom SC,1,0,H,,,,1,source_reported_FT,Al Ahli SC,Neom SC
omarmohamed456/Football-Match-Outcome-Predictor,https://raw.githubusercontent.com/omarmohamed456/Football-Match-Outcome-Predictor/edefc091629a587271b911a08f88c1523502ff11/scraped_data/saudi_saudi_pro_league_2025-2026_match_data.csv,edefc091629a587271b911a08f88c1523502ff11,40,2026-09-04T07:16:44.568Z,Saudi Pro League,2025-26,2025-08-28,Al-Ettifaq,Al Kholood,2,1,H,,,,1,source_reported_FT,Al Ettifaq,Al Kholood
omarmohamed456/Football-Match-Outcome-Predictor,https://raw.githubusercontent.com/omarmohamed456/Football-Match-Outcome-Predictor/edefc091629a587271b911a08f88c1523502ff11/scraped_data/saudi_saudi_pro_league_2025-2026_match_data.csv,edefc091629a587271b911a08f88c1523502ff11,118,2026-09-04T07:16:44.568Z,Saudi Pro League,2025-26,2025-08-28,Damac,Al Hazem,1,1,D,,,,1,source_reported_FT,Damac,Al Hazem
omarmohamed456/Football-Match-Outcome-Predictor,https://raw.githubusercontent.com/omarmohamed456/Football-Match-Outcome-Predictor/edefc091629a587271b911a08f88c1523502ff11/scraped_data/saudi_saudi_pro_league_2025-2026_match_data.csv,edefc091629a587271b911a08f88c1523502ff11,134,2026-09-04T07:16:44.568Z,Saudi Pro League,2025-26,2025-08-29,Al-Hilal,Al Riyadh,2,0,H,,,,1,source_reported_FT,Al Hilal,Al Riyadh
omarmohamed456/Football-Match-Outcome-Predictor,https://raw.githubusercontent.com/omarmohamed456/Football-Match-Outcome-Predictor/edefc091629a587271b911a08f88c1523502ff11/scraped_data/saudi_saudi_pro_league_2025-2026_match_data.csv,edefc091629a587271b911a08f88c1523502ff11,169,2026-09-04T07:16:44.568Z,Saudi Pro League,2025-26,2025-08-29,Al-Shabab,Al Khaleej,1,4,A,,,,1,source_reported_FT,Al Shabab,Al Khaleej
omarmohamed456/Football-Match-Outcome-Predictor,https://raw.githubusercontent.com/omarmohamed456/Football-Match-Outcome-Predictor/edefc091629a587271b911a08f88c1523502ff11/scraped_data/saudi_saudi_pro_league_2025-2026_match_data.csv,edefc091629a587271b911a08f88c1523502ff11,210,2026-09-04T07:16:44.568Z,Saudi Pro League,2025-26,2025-08-29,Al-Taawon,Al-Nassr,0,5,A,,,,1,source_reported_FT,Al Taawon,Al Nassr
omarmohamed456/Football-Match-Outcome-Predictor,https://raw.githubusercontent.com/omarmohamed456/Football-Match-Outcome-Predictor/edefc091629a587271b911a08f88c1523502ff11/scraped_data/saudi_saudi_pro_league_2025-2026_match_data.csv,edefc091629a587271b911a08f88c1523502ff11,149,2026-09-04T07:16:44.568Z,Saudi Pro League,2025-26,2025-08-30,Al Okhdood,Al-Ittihad FC,2,5,A,,,,1,source_reported_FT,Al Okhdood,Al Ittihad
omarmohamed456/Football-Match-Outcome-Predictor,https://raw.githubusercontent.com/omarmohamed456/Football-Match-Outcome-Predictor/edefc091629a587271b911a08f88c1523502ff11/scraped_data/saudi_saudi_pro_league_2025-2026_match_data.csv,edefc091629a587271b911a08f88c1523502ff11,195,2026-09-04T07:16:44.568Z,Saudi Pro League,2025-26,2025-08-30,Al Qadisiya,Al Najma,3,1,H,,,,1,source_reported_FT,Al Qadsiah,Al Najma
omarmohamed456/Football-Match-Outcome-Predictor,https://raw.githubusercontent.com/omarmohamed456/Football-Match-Outcome-Predictor/edefc091629a587271b911a08f88c1523502ff11/scraped_data/saudi_saudi_pro_league_2025-2026_match_data.csv,edefc091629a587271b911a08f88c1523502ff11,55,2026-09-04T07:16:44.568Z,Saudi Pro League,2025-26,2025-08-30,Al-Fateh,Al Fayha,1,2,A,,,,1,source_reported_FT,Al Fateh,Al Fayha
omarmohamed456/Football-Match-Outcome-Predictor,https://raw.githubusercontent.com/omarmohamed456/Football-Match-Outcome-Predictor/edefc091629a587271b911a08f88c1523502ff11/scraped_data/saudi_saudi_pro_league_2025-2026_match_data.csv,edefc091629a587271b911a08f88c1523502ff11,2,2026-09-04T07:16:44.568Z,Saudi Pro League,2025-26,2025-09-12,Al-Ettifaq,Al Ahli SC,0,0,D,,,,2,source_reported_FT,Al Ettifaq,Al Ahli SC
omarmohamed456/Football-Match-Outcome-Predictor,https://raw.githubusercontent.com/omarmohamed456/Football-Match-Outcome-Predictor/edefc091629a587271b911a08f88c1523502ff11/scraped_data/saudi_saudi_pro_league_2025-2026_match_data.csv,edefc091629a587271b911a08f88c1523502ff11,62,2026-09-04T07:16:44.568Z,Saudi Pro League,2025-26,2025-09-12,Al-Ittihad FC,Al-Fateh,4,2,H,,,,2,source_reported_FT,Al Ittihad,Al Fateh
omarmohamed456/Football-Match-Outcome-Predictor,https://raw.githubusercontent.com/omarmohamed456/Football-Match-Outcome-Predictor/edefc091629a587271b911a08f88c1523502ff11/scraped_data/saudi_saudi_pro_league_2025-2026_match_data.csv,edefc091629a587271b911a08f88c1523502ff11,115,2026-09-04T07:16:44.568Z,Saudi Pro League,2025-26,2025-09-12,Al-Shabab,Al Hazem,1,0,H,,,,2,source_reported_FT,Al Shabab,Al Hazem
omarmohamed456/Football-Match-Outcome-Predictor,https://raw.githubusercontent.com/omarmohamed456/Football-Match-Outcome-Predictor/edefc091629a587271b911a08f88c1523502ff11/scraped_data/saudi_saudi_pro_league_2025-2026_match_data.csv,edefc091629a587271b911a08f88c1523502ff11,83,2026-09-04T07:16:44.568Z,Saudi Pro League,2025-26,2025-09-13,Al Khaleej,Al Fayha,3,0,H,,,,2,source_reported_FT,Al Khaleej,Al Fayha
omarmohamed456/Football-Match-Outcome-Predictor,https://raw.githubusercontent.com/omarmohamed456/Football-Match-Outcome-Predictor/edefc091629a587271b911a08f88c1523502ff11/scraped_data/saudi_saudi_pro_league_2025-2026_match_data.csv,edefc091629a587271b911a08f88c1523502ff11,220,2026-09-04T07:16:44.568Z,Saudi Pro League,2025-26,2025-09-13,Al Okhdood,Al-Taawon,2,3,A,,,,2,source_reported_FT,Al Okhdood,Al Taawon
omarmohamed456/Football-Match-Outcome-Predictor,https://raw.githubusercontent.com/omarmohamed456/Football-Match-Outcome-Predictor/edefc091629a587271b911a08f88c1523502ff11/scraped_data/saudi_saudi_pro_league_2025-2026_match_data.csv,edefc091629a587271b911a08f88c1523502ff11,131,2026-09-04T07:16:44.568Z,Saudi Pro League,2025-26,2025-09-13,Al-Hilal,Al Qadisiya,2,2,D,,,,2,source_reported_FT,Al Hilal,Al Qadsiah
omarmohamed456/Football-Match-Outcome-Predictor,https://raw.githubusercontent.com/omarmohamed456/Football-Match-Outcome-Predictor/edefc091629a587271b911a08f88c1523502ff11/scraped_data/saudi_saudi_pro_league_2025-2026_match_data.csv,edefc091629a587271b911a08f88c1523502ff11,198,2026-09-04T07:16:44.568Z,Saudi Pro League,2025-26,2025-09-14,Al Riyadh,Al Najma,2,1,H,,,,2,source_reported_FT,Al Riyadh,Al Najma
omarmohamed456/Football-Match-Outcome-Predictor,https://raw.githubusercontent.com/omarmohamed456/Football-Match-Outcome-Predictor/edefc091629a587271b911a08f88c1523502ff11/scraped_data/saudi_saudi_pro_league_2025-2026_match_data.csv,edefc091629a587271b911a08f88c1523502ff11,177,2026-09-04T07:16:44.568Z,Saudi Pro League,2025-26,2025-09-14,Al-Nassr,Al Kholood,2,0,H,,,,2,source_reported_FT,Al Nassr,Al Kholood
omarmohamed456/Football-Match-Outcome-Predictor,https://raw.githubusercontent.com/omarmohamed456/Football-Match-Outcome-Predictor/edefc091629a587271b911a08f88c1523502ff11/scraped_data/saudi_saudi_pro_league_2025-2026_match_data.csv,edefc091629a587271b911a08f88c1523502ff11,247,2026-09-04T07:16:44.568Z,Saudi Pro League,2025-26,2025-09-14,Damac,Neom SC,1,2,A,,,,2,source_reported_FT,Damac,Neom SC
omarmohamed456/Football-Match-Outcome-Predictor,https://raw.githubusercontent.com/omarmohamed456/Football-Match-Outcome-Predictor/edefc091629a587271b911a08f88c1523502ff11/scraped_data/saudi_saudi_pro_league_2025-2026_match_data.csv,edefc091629a587271b911a08f88c1523502ff11,187,2026-09-04T07:16:44.568Z,Saudi Pro League,2025-26,2025-09-18,Al Kholood,Damac,2,1,H,,,,3,source_reported_FT,Al Kholood,Damac
omarmohamed456/Football-Match-Outcome-Predictor,https://raw.githubusercontent.com/omarmohamed456/Football-Match-Outcome-Predictor/edefc091629a587271b911a08f88c1523502ff11/scraped_data/saudi_saudi_pro_league_2025-2026_match_data.csv,edefc091629a587271b911a08f88c1523502ff11,51,2026-09-04T07:16:44.568Z,Saudi Pro League,2025-26,2025-09-18,Al-Taawon,Al-Ettifaq,4,1,H,,,,3,source_reported_FT,Al Taawon,Al Ettifaq
omarmohamed456/Football-Match-Outcome-Predictor,https://raw.githubusercontent.com/omarmohamed456/Football-Match-Outcome-Predictor/edefc091629a587271b911a08f88c1523502ff11/scraped_data/saudi_saudi_pro_league_2025-2026_match_data.csv,edefc091629a587271b911a08f88c1523502ff11,223,2026-09-04T07:16:44.568Z,Saudi Pro League,2025-26,2025-09-18,Neom SC,Al Okhdood,1,0,H,,,,3,source_reported_FT,Neom SC,Al Okhdood
omarmohamed456/Football-Match-Outcome-Predictor,https://raw.githubusercontent.com/omarmohamed456/Football-Match-Outcome-Predictor/edefc091629a587271b911a08f88c1523502ff11/scraped_data/saudi_saudi_pro_league_2025-2026_match_data.csv,edefc091629a587271b911a08f88c1523502ff11,10,2026-09-04T07:16:44.568Z,Saudi Pro League,2025-26,2025-09-19,Al Ahli SC,Al-Hilal,3,3,D,,,,3,source_reported_FT,Al Ahli SC,Al Hilal
omarmohamed456/Football-Match-Outcome-Predictor,https://raw.githubusercontent.com/omarmohamed456/Football-Match-Outcome-Predictor/edefc091629a587271b911a08f88c1523502ff11/scraped_data/saudi_saudi_pro_league_2025-2026_match_data.csv,edefc091629a587271b911a08f88c1523502ff11,94,2026-09-04T07:16:44.568Z,Saudi Pro League,2025-26,2025-09-19,Al Fayha,Al-Shabab,0,0,D,,,,3,source_reported_FT,Al Fayha,Al Shabab
omarmohamed456/Football-Match-Outcome-Predictor,https://raw.githubusercontent.com/omarmohamed456/Football-Match-Outcome-Predictor/edefc091629a587271b911a08f88c1523502ff11/scraped_data/saudi_saudi_pro_league_2025-2026_match_data.csv,edefc091629a587271b911a08f88c1523502ff11,164,2026-09-04T07:16:44.568Z,Saudi Pro League,2025-26,2025-09-19,Al Qadisiya,Al Khaleej,2,1,H,,,,3,source_reported_FT,Al Qadsiah,Al Khaleej
omarmohamed456/Football-Match-Outcome-Predictor,https://raw.githubusercontent.com/omarmohamed456/Football-Match-Outcome-Predictor/edefc091629a587271b911a08f88c1523502ff11/scraped_data/saudi_saudi_pro_league_2025-2026_match_data.csv,edefc091629a587271b911a08f88c1523502ff11,58,2026-09-04T07:16:44.568Z,Saudi Pro League,2025-26,2025-09-20,Al Hazem,Al-Fateh,0,0,D,,,,3,source_reported_FT,Al Hazem,Al Fateh
omarmohamed456/Football-Match-Outcome-Predictor,https://raw.githubusercontent.com/omarmohamed456/Football-Match-Outcome-Predictor/edefc091629a587271b911a08f88c1523502ff11/scraped_data/saudi_saudi_pro_league_2025-2026_match_data.csv,edefc091629a587271b911a08f88c1523502ff11,144,2026-09-04T07:16:44.568Z,Saudi Pro League,2025-26,2025-09-20,Al Najma,Al-Ittihad FC,0,1,A,,,,3,source_reported_FT,Al Najma,Al Ittihad
omarmohamed456/Football-Match-Outcome-Predictor,https://raw.githubusercontent.com/omarmohamed456/Football-Match-Outcome-Predictor/edefc091629a587271b911a08f88c1523502ff11/scraped_data/saudi_saudi_pro_league_2025-2026_match_data.csv,edefc091629a587271b911a08f88c1523502ff11,207,2026-09-04T07:16:44.568Z,Saudi Pro League,2025-26,2025-09-20,Al-Nassr,Al Riyadh,5,1,H,,,,3,source_reported_FT,Al Nassr,Al Riyadh
omarmohamed456/Football-Match-Outcome-Predictor,https://raw.githubusercontent.com/omarmohamed456/Football-Match-Outcome-Predictor/edefc091629a587271b911a08f88c1523502ff11/scraped_data/saudi_saudi_pro_league_2025-2026_match_data.csv,edefc091629a587271b911a08f88c1523502ff11,171,2026-09-04T07:16:44.568Z,Saudi Pro League,2025-26,2025-09-25,Al Khaleej,Al-Taawon,0,1,A,,,,4,source_reported_FT,Al Khaleej,Al Taawon
omarmohamed456/Football-Match-Outcome-Predictor,https://raw.githubusercontent.com/omarmohamed456/Football-Match-Outcome-Predictor/edefc091629a587271b911a08f88c1523502ff11/scraped_data/saudi_saudi_pro_league_2025-2026_match_data.csv,edefc091629a587271b911a08f88c1523502ff11,129,2026-09-04T07:16:44.568Z,Saudi Pro League,2025-26,2025-09-25,Al-Hilal,Al Okhdood,3,1,H,,,,4,source_reported_FT,Al Hilal,Al Okhdood
omarmohamed456/Football-Match-Outcome-Predictor,https://raw.githubusercontent.com/omarmohamed456/Football-Match-Outcome-Predictor/edefc091629a587271b911a08f88c1523502ff11/scraped_data/saudi_saudi_pro_league_2025-2026_match_data.csv,edefc091629a587271b911a08f88c1523502ff11,184,2026-09-04T07:16:44.568Z,Saudi Pro League,2025-26,2025-09-25,Al-Shabab,Al Kholood,1,2,A,,,,4,source_reported_FT,Al Shabab,Al Kholood
omarmohamed456/Football-Match-Outcome-Predictor,https://raw.githubusercontent.com/omarmohamed456/Football-Match-Outcome-Predictor/edefc091629a587271b911a08f88c1523502ff11/scraped_data/saudi_saudi_pro_league_2025-2026_match_data.csv,edefc091629a587271b911a08f88c1523502ff11,7,2026-09-04T07:16:44.568Z,Saudi Pro League,2025-26,2025-09-26,Al Hazem,Al Ahli SC,0,2,A,,,,4,source_reported_FT,Al Hazem,Al Ahli SC
omarmohamed456/Football-Match-Outcome-Predictor,https://raw.githubusercontent.com/omarmohamed456/Football-Match-Outcome-Predictor/edefc091629a587271b911a08f88c1523502ff11/scraped_data/saudi_saudi_pro_league_2025-2026_match_data.csv,edefc091629a587271b911a08f88c1523502ff11,146,2026-09-04T07:16:44.568Z,Saudi Pro League,2025-26,2025-09-26,Al-Ittihad FC,Al-Nassr,0,2,A,,,,4,source_reported_FT,Al Ittihad,Al Nassr
omarmohamed456/Football-Match-Outcome-Predictor,https://raw.githubusercontent.com/omarmohamed456/Football-Match-Outcome-Predictor/edefc091629a587271b911a08f88c1523502ff11/scraped_data/saudi_saudi_pro_league_2025-2026_match_data.csv,edefc091629a587271b911a08f88c1523502ff11,52,2026-09-04T07:16:44.568Z,Saudi Pro League,2025-26,2025-09-26,Damac,Al-Ettifaq,1,3,A,,,,4,source_reported_FT,Damac,Al Ettifaq
omarmohamed456/Football-Match-Outcome-Predictor,https://raw.githubusercontent.com/omarmohamed456/Football-Match-Outcome-Predictor/edefc091629a587271b911a08f88c1523502ff11/scraped_data/saudi_saudi_pro_league_2025-2026_match_data.csv,edefc091629a587271b911a08f88c1523502ff11,86,2026-09-04T07:16:44.568Z,Saudi Pro League,2025-26,2025-09-27,Al Najma,Al Fayha,1,2,A,,,,4,source_reported_FT,Al Najma,Al Fayha
omarmohamed456/Football-Match-Outcome-Predictor,https://raw.githubusercontent.com/omarmohamed456/Football-Match-Outcome-Predictor/edefc091629a587271b911a08f88c1523502ff11/scraped_data/saudi_saudi_pro_league_2025-2026_match_data.csv,edefc091629a587271b911a08f88c1523502ff11,237,2026-09-04T07:16:44.568Z,Saudi Pro League,2025-26,2025-09-27,Al Riyadh,Neom SC,2,3,A,,,,4,source_reported_FT,Al Riyadh,Neom SC
omarmohamed456/Football-Match-Outcome-Predictor,https://raw.githubusercontent.com/omarmohamed456/Football-Match-Outcome-Predictor/edefc091629a587271b911a08f88c1523502ff11/scraped_data/saudi_saudi_pro_league_2025-2026_match_data.csv,edefc091629a587271b911a08f88c1523502ff11,70,2026-09-04T07:16:44.568Z,Saudi Pro League,2025-26,2025-09-27,Al-Fateh,Al Qadisiya,0,1,A,,,,4,source_reported_FT,Al Fateh,Al Qadsiah
omarmohamed456/Football-Match-Outcome-Predictor,https://raw.githubusercontent.com/omarmohamed456/Football-Match-Outcome-Predictor/edefc091629a587271b911a08f88c1523502ff11/scraped_data/saudi_saudi_pro_league_2025-2026_match_data.csv,edefc091629a587271b911a08f88c1523502ff11,24,2026-09-04T07:16:44.568Z,Saudi Pro League,2025-26,2025-10-17,Al Ahli SC,Al-Shabab,1,1,D,,,,5,source_reported_FT,Al Ahli SC,Al Shabab
omarmohamed456/Football-Match-Outcome-Predictor,https://raw.githubusercontent.com/omarmohamed456/Football-Match-Outcome-Predictor/edefc091629a587271b911a08f88c1523502ff11/scraped_data/saudi_saudi_pro_league_2025-2026_match_data.csv,edefc091629a587271b911a08f88c1523502ff11,82,2026-09-04T07:16:44.568Z,Saudi Pro League,2025-26,2025-10-17,Al Fayha,Al-Ittihad FC,1,1,D,,,,5,source_reported_FT,Al Fayha,Al Ittihad
omarmohamed456/Football-Match-Outcome-Predictor,https://raw.githubusercontent.com/omarmohamed456/Football-Match-Outcome-Predictor/edefc091629a587271b911a08f88c1523502ff11/scraped_data/saudi_saudi_pro_league_2025-2026_match_data.csv,edefc091629a587271b911a08f88c1523502ff11,176,2026-09-04T07:16:44.568Z,Saudi Pro League,2025-26,2025-10-17,Al Kholood,Al Najma,5,1,H,,,,5,source_reported_FT,Al Kholood,Al Najma
omarmohamed456/Football-Match-Outcome-Predictor,https://raw.githubusercontent.com/omarmohamed456/Football-Match-Outcome-Predictor/edefc091629a587271b911a08f88c1523502ff11/scraped_data/saudi_saudi_pro_league_2025-2026_match_data.csv,edefc091629a587271b911a08f88c1523502ff11,111,2026-09-04T07:16:44.568Z,Saudi Pro League,2025-26,2025-10-18,Al Okhdood,Al Hazem,1,2,A,,,,5,source_reported_FT,Al Okhdood,Al Hazem
omarmohamed456/Football-Match-Outcome-Predictor,https://raw.githubusercontent.com/omarmohamed456/Football-Match-Outcome-Predictor/edefc091629a587271b911a08f88c1523502ff11/scraped_data/saudi_saudi_pro_league_2025-2026_match_data.csv,edefc091629a587271b911a08f88c1523502ff11,37,2026-09-04T07:16:44.568Z,Saudi Pro League,2025-26,2025-10-18,Al-Ettifaq,Al-Hilal,0,5,A,,,,5,source_reported_FT,Al Ettifaq,Al Hilal
omarmohamed456/Football-Match-Outcome-Predictor,https://raw.githubusercontent.com/omarmohamed456/Football-Match-Outcome-Predictor/edefc091629a587271b911a08f88c1523502ff11/scraped_data/saudi_saudi_pro_league_2025-2026_match_data.csv,edefc091629a587271b911a08f88c1523502ff11,66,2026-09-04T07:16:44.568Z,Saudi Pro League,2025-26,2025-10-18,Al-Nassr,Al-Fateh,5,1,H,,,,5,source_reported_FT,Al Nassr,Al Fateh
omarmohamed456/Football-Match-Outcome-Predictor,https://raw.githubusercontent.com/omarmohamed456/Football-Match-Outcome-Predictor/edefc091629a587271b911a08f88c1523502ff11/scraped_data/saudi_saudi_pro_league_2025-2026_match_data.csv,edefc091629a587271b911a08f88c1523502ff11,167,2026-09-04T07:16:44.568Z,Saudi Pro League,2025-26,2025-10-19,Al Khaleej,Al Riyadh,4,1,H,,,,5,source_reported_FT,Al Khaleej,Al Riyadh
omarmohamed456/Football-Match-Outcome-Predictor,https://raw.githubusercontent.com/omarmohamed456/Football-Match-Outcome-Predictor/edefc091629a587271b911a08f88c1523502ff11/scraped_data/saudi_saudi_pro_league_2025-2026_match_data.csv,edefc091629a587271b911a08f88c1523502ff11,242,2026-09-04T07:16:44.568Z,Saudi Pro League,2025-26,2025-10-19,Al-Taawon,Damac,6,1,H,,,,5,source_reported_FT,Al Taawon,Damac
omarmohamed456/Football-Match-Outcome-Predictor,https://raw.githubusercontent.com/omarmohamed456/Football-Match-Outcome-Predictor/edefc091629a587271b911a08f88c1523502ff11/scraped_data/saudi_saudi_pro_league_2025-2026_match_data.csv,edefc091629a587271b911a08f88c1523502ff11,230,2026-09-04T07:16:44.568Z,Saudi Pro League,2025-26,2025-10-19,Neom SC,Al Qadisiya,1,3,A,,,,5,source_reported_FT,Neom SC,Al Qadsiah
omarmohamed456/Football-Match-Outcome-Predictor,https://raw.githubusercontent.com/omarmohamed456/Football-Match-Outcome-Predictor/edefc091629a587271b911a08f88c1523502ff11/scraped_data/saudi_saudi_pro_league_2025-2026_match_data.csv,edefc091629a587271b911a08f88c1523502ff11,97,2026-09-04T07:16:44.568Z,Saudi Pro League,2025-26,2025-10-23,Al Fayha,Al-Taawon,1,2,A,,,,6,source_reported_FT,Al Fayha,Al Taawon
omarmohamed456/Football-Match-Outcome-Predictor,https://raw.githubusercontent.com/omarmohamed456/Football-Match-Outcome-Predictor/edefc091629a587271b911a08f88c1523502ff11/scraped_data/saudi_saudi_pro_league_2025-2026_match_data.csv,edefc091629a587271b911a08f88c1523502ff11,16,2026-09-04T07:16:44.568Z,Saudi Pro League,2025-26,2025-10-23,Al Najma,Al Ahli SC,0,1,A,,,,6,source_reported_FT,Al Najma,Al Ahli SC
omarmohamed456/Football-Match-Outcome-Predictor,https://raw.githubusercontent.com/omarmohamed456/Football-Match-Outcome-Predictor/edefc091629a587271b911a08f88c1523502ff11/scraped_data/saudi_saudi_pro_league_2025-2026_match_data.csv,edefc091629a587271b911a08f88c1523502ff11,182,2026-09-04T07:16:44.568Z,Saudi Pro League,2025-26,2025-10-23,Al Riyadh,Al Kholood,1,0,H,,,,6,source_reported_FT,Al Riyadh,Al Kholood
omarmohamed456/Football-Match-Outcome-Predictor,https://raw.githubusercontent.com/omarmohamed456/Football-Match-Outcome-Predictor/edefc091629a587271b911a08f88c1523502ff11/scraped_data/saudi_saudi_pro_league_2025-2026_match_data.csv,edefc091629a587271b911a08f88c1523502ff11,30,2026-09-04T07:16:44.568Z,Saudi Pro League,2025-26,2025-10-24,Al-Fateh,Al-Ettifaq,2,1,H,,,,6,source_reported_FT,Al Fateh,Al Ettifaq
omarmohamed456/Football-Match-Outcome-Predictor,https://raw.githubusercontent.com/omarmohamed456/Football-Match-Outcome-Predictor/edefc091629a587271b911a08f88c1523502ff11/scraped_data/saudi_saudi_pro_league_2025-2026_match_data.csv,edefc091629a587271b911a08f88c1523502ff11,121,2026-09-04T07:16:44.568Z,Saudi Pro League,2025-26,2025-10-24,Al-Ittihad FC,Al-Hilal,0,2,A,,,,6,source_reported_FT,Al Ittihad,Al Hilal
omarmohamed456/Football-Match-Outcome-Predictor,https://raw.githubusercontent.com/omarmohamed456/Football-Match-Outcome-Predictor/edefc091629a587271b911a08f88c1523502ff11/scraped_data/saudi_saudi_pro_league_2025-2026_match_data.csv,edefc091629a587271b911a08f88c1523502ff11,173,2026-09-04T07:16:44.568Z,Saudi Pro League,2025-26,2025-10-24,Neom SC,Al Khaleej,1,1,D,,,,6,source_reported_FT,Neom SC,Al Khaleej
omarmohamed456/Football-Match-Outcome-Predictor,https://raw.githubusercontent.com/omarmohamed456/Football-Match-Outcome-Predictor/edefc091629a587271b911a08f88c1523502ff11/scraped_data/saudi_saudi_pro_league_2025-2026_match_data.csv,edefc091629a587271b911a08f88c1523502ff11,110,2026-09-04T07:16:44.568Z,Saudi Pro League,2025-26,2025-10-25,Al Hazem,Al-Nassr,0,2,A,,,,6,source_reported_FT,Al Hazem,Al Nassr
omarmohamed456/Football-Match-Outcome-Predictor,https://raw.githubusercontent.com/omarmohamed456/Football-Match-Outcome-Predictor/edefc091629a587271b911a08f88c1523502ff11/scraped_data/saudi_saudi_pro_league_2025-2026_match_data.csv,edefc091629a587271b911a08f88c1523502ff11,215,2026-09-04T07:16:44.568Z,Saudi Pro League,2025-26,2025-10-25,Al Qadisiya,Al Okhdood,0,0,D,,,,6,source_reported_FT,Al Qadsiah,Al Okhdood
omarmohamed456/Football-Match-Outcome-Predictor,https://raw.githubusercontent.com/omarmohamed456/Football-Match-Outcome-Predictor/edefc091629a587271b911a08f88c1523502ff11/scraped_data/saudi_saudi_pro_league_2025-2026_match_data.csv,edefc091629a587271b911a08f88c1523502ff11,239,2026-09-04T07:16:44.568Z,Saudi Pro League,2025-26,2025-10-25,Al-Shabab,Damac,1,1,D,,,,6,source_reported_FT,Al Shabab,Damac
omarmohamed456/Football-Match-Outcome-Predictor,https://raw.githubusercontent.com/omarmohamed456/Football-Match-Outcome-Predictor/edefc091629a587271b911a08f88c1523502ff11/scraped_data/saudi_saudi_pro_league_2025-2026_match_data.csv,edefc091629a587271b911a08f88c1523502ff11,22,2026-09-04T07:16:44.568Z,Saudi Pro League,2025-26,2025-10-30,Al Ahli SC,Al Riyadh,1,1,D,,,,7,source_reported_FT,Al Ahli SC,Al Riyadh
omarmohamed456/Football-Match-Outcome-Predictor,https://raw.githubusercontent.com/omarmohamed456/Football-Match-Outcome-Predictor/edefc091629a587271b911a08f88c1523502ff11/scraped_data/saudi_saudi_pro_league_2025-2026_match_data.csv,edefc091629a587271b911a08f88c1523502ff11,189,2026-09-04T07:16:44.568Z,Saudi Pro League,2025-26,2025-10-30,Al Kholood,Neom SC,2,3,A,,,,7,source_reported_FT,Al Kholood,Neom SC
omarmohamed456/Football-Match-Outcome-Predictor,https://raw.githubusercontent.com/omarmohamed456/Football-Match-Outcome-Predictor/edefc091629a587271b911a08f88c1523502ff11/scraped_data/saudi_saudi_pro_league_2025-2026_match_data.csv,edefc091629a587271b911a08f88c1523502ff11,77,2026-09-04T07:16:44.568Z,Saudi Pro League,2025-26,2025-10-30,Damac,Al-Fateh,1,1,D,,,,7,source_reported_FT,Damac,Al Fateh
omarmohamed456/Football-Match-Outcome-Predictor,https://raw.githubusercontent.com/omarmohamed456/Football-Match-Outcome-Predictor/edefc091629a587271b911a08f88c1523502ff11/scraped_data/saudi_saudi_pro_league_2025-2026_match_data.csv,edefc091629a587271b911a08f88c1523502ff11,193,2026-09-04T07:16:44.568Z,Saudi Pro League,2025-26,2025-10-31,Al Okhdood,Al Najma,2,1,H,,,,7,source_reported_FT,Al Okhdood,Al Najma
omarmohamed456/Football-Match-Outcome-Predictor,https://raw.githubusercontent.com/omarmohamed456/Football-Match-Outcome-Predictor/edefc091629a587271b911a08f88c1523502ff11/scraped_data/saudi_saudi_pro_league_2025-2026_match_data.csv,edefc091629a587271b911a08f88c1523502ff11,35,2026-09-04T07:16:44.568Z,Saudi Pro League,2025-26,2025-10-31,Al-Ettifaq,Al Hazem,2,2,D,,,,7,source_reported_FT,Al Ettifaq,Al Hazem
omarmohamed456/Football-Match-Outcome-Predictor,https://raw.githubusercontent.com/omarmohamed456/Football-Match-Outcome-Predictor/edefc091629a587271b911a08f88c1523502ff11/scraped_data/saudi_saudi_pro_league_2025-2026_match_data.csv,edefc091629a587271b911a08f88c1523502ff11,135,2026-09-04T07:16:44.568Z,Saudi Pro League,2025-26,2025-10-31,Al-Hilal,Al-Shabab,1,0,H,,,,7,source_reported_FT,Al Hilal,Al Shabab
omarmohamed456/Football-Match-Outcome-Predictor,https://raw.githubusercontent.com/omarmohamed456/Football-Match-Outcome-Predictor/edefc091629a587271b911a08f88c1523502ff11/scraped_data/saudi_saudi_pro_league_2025-2026_match_data.csv,edefc091629a587271b911a08f88c1523502ff11,141,2026-09-04T07:16:44.568Z,Saudi Pro League,2025-26,2025-11-01,Al Khaleej,Al-Ittihad FC,4,4,D,,,,7,source_reported_FT,Al Khaleej,Al Ittihad
omarmohamed456/Football-Match-Outcome-Predictor,https://raw.githubusercontent.com/omarmohamed456/Football-Match-Outcome-Predictor/edefc091629a587271b911a08f88c1523502ff11/scraped_data/saudi_saudi_pro_league_2025-2026_match_data.csv,edefc091629a587271b911a08f88c1523502ff11,89,2026-09-04T07:16:44.568Z,Saudi Pro League,2025-26,2025-11-01,Al-Nassr,Al Fayha,2,1,H,,,,7,source_reported_FT,Al Nassr,Al Fayha
omarmohamed456/Football-Match-Outcome-Predictor,https://raw.githubusercontent.com/omarmohamed456/Football-Match-Outcome-Predictor/edefc091629a587271b911a08f88c1523502ff11/scraped_data/saudi_saudi_pro_league_2025-2026_match_data.csv,edefc091629a587271b911a08f88c1523502ff11,227,2026-09-04T07:16:44.568Z,Saudi Pro League,2025-26,2025-11-01,Al-Taawon,Al Qadisiya,2,0,H,,,,7,source_reported_FT,Al Taawon,Al Qadsiah
omarmohamed456/Football-Match-Outcome-Predictor,https://raw.githubusercontent.com/omarmohamed456/Football-Match-Outcome-Predictor/edefc091629a587271b911a08f88c1523502ff11/scraped_data/saudi_saudi_pro_league_2025-2026_match_data.csv,edefc091629a587271b911a08f88c1523502ff11,104,2026-09-04T07:16:44.568Z,Saudi Pro League,2025-26,2025-11-06,Al Hazem,Al Khaleej,1,4,A,,,,8,source_reported_FT,Al Hazem,Al Khaleej
omarmohamed456/Football-Match-Outcome-Predictor,https://raw.githubusercontent.com/omarmohamed456/Football-Match-Outcome-Predictor/edefc091629a587271b911a08f88c1523502ff11/scraped_data/saudi_saudi_pro_league_2025-2026_match_data.csv,edefc091629a587271b911a08f88c1523502ff11,181,2026-09-04T07:16:44.568Z,Saudi Pro League,2025-26,2025-11-06,Al Qadisiya,Al Kholood,4,0,H,,,,8,source_reported_FT,Al Qadsiah,Al Kholood
omarmohamed456/Football-Match-Outcome-Predictor,https://raw.githubusercontent.com/omarmohamed456/Football-Match-Outcome-Predictor/edefc091629a587271b911a08f88c1523502ff11/scraped_data/saudi_saudi_pro_league_2025-2026_match_data.csv,edefc091629a587271b911a08f88c1523502ff11,234,2026-09-04T07:16:44.568Z,Saudi Pro League,2025-26,2025-11-06,Al Riyadh,Damac,1,1,D,,,,8,source_reported_FT,Al Riyadh,Damac
omarmohamed456/Football-Match-Outcome-Predictor,https://raw.githubusercontent.com/omarmohamed456/Football-Match-Outcome-Predictor/edefc091629a587271b911a08f88c1523502ff11/scraped_data/saudi_saudi_pro_league_2025-2026_match_data.csv,edefc091629a587271b911a08f88c1523502ff11,90,2026-09-04T07:16:44.568Z,Saudi Pro League,2025-26,2025-11-07,Al Fayha,Al Okhdood,2,0,H,,,,8,source_reported_FT,Al Fayha,Al Okhdood
omarmohamed456/Football-Match-Outcome-Predictor,https://raw.githubusercontent.com/omarmohamed456/Football-Match-Outcome-Predictor/edefc091629a587271b911a08f88c1523502ff11/scraped_data/saudi_saudi_pro_league_2025-2026_match_data.csv,edefc091629a587271b911a08f88c1523502ff11,126,2026-09-04T07:16:44.568Z,Saudi Pro League,2025-26,2025-11-07,Al Najma,Al-Hilal,2,4,A,,,,8,source_reported_FT,Al Najma,Al Hilal
omarmohamed456/Football-Match-Outcome-Predictor,https://raw.githubusercontent.com/omarmohamed456/Football-Match-Outcome-Predictor/edefc091629a587271b911a08f88c1523502ff11/scraped_data/saudi_saudi_pro_league_2025-2026_match_data.csv,edefc091629a587271b911a08f88c1523502ff11,74,2026-09-04T07:16:44.568Z,Saudi Pro League,2025-26,2025-11-07,Al-Fateh,Al-Taawon,2,5,A,,,,8,source_reported_FT,Al Fateh,Al Taawon
omarmohamed456/Football-Match-Outcome-Predictor,https://raw.githubusercontent.com/omarmohamed456/Football-Match-Outcome-Predictor/edefc091629a587271b911a08f88c1523502ff11/scraped_data/saudi_saudi_pro_league_2025-2026_match_data.csv,edefc091629a587271b911a08f88c1523502ff11,12,2026-09-04T07:16:44.568Z,Saudi Pro League,2025-26,2025-11-08,Al-Ittihad FC,Al Ahli SC,0,1,A,,,,8,source_reported_FT,Al Ittihad,Al Ahli SC
omarmohamed456/Football-Match-Outcome-Predictor,https://raw.githubusercontent.com/omarmohamed456/Football-Match-Outcome-Predictor/edefc091629a587271b911a08f88c1523502ff11/scraped_data/saudi_saudi_pro_league_2025-2026_match_data.csv,edefc091629a587271b911a08f88c1523502ff11,49,2026-09-04T07:16:44.568Z,Saudi Pro League,2025-26,2025-11-08,Al-Shabab,Al-Ettifaq,1,1,D,,,,8,source_reported_FT,Al Shabab,Al Ettifaq
omarmohamed456/Football-Match-Outcome-Predictor,https://raw.githubusercontent.com/omarmohamed456/Football-Match-Outcome-Predictor/edefc091629a587271b911a08f88c1523502ff11/scraped_data/saudi_saudi_pro_league_2025-2026_match_data.csv,edefc091629a587271b911a08f88c1523502ff11,213,2026-09-04T07:16:44.568Z,Saudi Pro League,2025-26,2025-11-08,Neom SC,Al-Nassr,1,3,A,,,,8,source_reported_FT,Neom SC,Al Nassr
omarmohamed456/Football-Match-Outcome-Predictor,https://raw.githubusercontent.com/omarmohamed456/Football-Match-Outcome-Predictor/edefc091629a587271b911a08f88c1523502ff11/scraped_data/saudi_saudi_pro_league_2025-2026_match_data.csv,edefc091629a587271b911a08f88c1523502ff11,20,2026-09-04T07:16:44.568Z,Saudi Pro League,2025-26,2025-11-21,Al Ahli SC,Al Qadisiya,2,1,H,,,,9,source_reported_FT,Al Ahli SC,Al Qadsiah
omarmohamed456/Football-Match-Outcome-Predictor,https://raw.githubusercontent.com/omarmohamed456/Football-Match-Outcome-Predictor/edefc091629a587271b911a08f88c1523502ff11/scraped_data/saudi_saudi_pro_league_2025-2026_match_data.csv,edefc091629a587271b911a08f88c1523502ff11,106,2026-09-04T07:16:44.568Z,Saudi Pro League,2025-26,2025-11-21,Al Kholood,Al Hazem,1,2,A,,,,9,source_reported_FT,Al Kholood,Al Hazem
omarmohamed456/Football-Match-Outcome-Predictor,https://raw.githubusercontent.com/omarmohamed456/Football-Match-Outcome-Predictor/edefc091629a587271b911a08f88c1523502ff11/scraped_data/saudi_saudi_pro_league_2025-2026_match_data.csv,edefc091629a587271b911a08f88c1523502ff11,151,2026-09-04T07:16:44.568Z,Saudi Pro League,2025-26,2025-11-21,Al-Ittihad FC,Al Riyadh,2,1,H,,,,9,source_reported_FT,Al Ittihad,Al Riyadh
omarmohamed456/Football-Match-Outcome-Predictor,https://raw.githubusercontent.com/omarmohamed456/Football-Match-Outcome-Predictor/edefc091629a587271b911a08f88c1523502ff11/scraped_data/saudi_saudi_pro_league_2025-2026_match_data.csv,edefc091629a587271b911a08f88c1523502ff11,32,2026-09-04T07:16:44.568Z,Saudi Pro League,2025-26,2025-11-22,Al-Ettifaq,Al Fayha,3,2,H,,,,9,source_reported_FT,Al Ettifaq,Al Fayha
omarmohamed456/Football-Match-Outcome-Predictor,https://raw.githubusercontent.com/omarmohamed456/Football-Match-Outcome-Predictor/edefc091629a587271b911a08f88c1523502ff11/scraped_data/saudi_saudi_pro_league_2025-2026_match_data.csv,edefc091629a587271b911a08f88c1523502ff11,59,2026-09-04T07:16:44.568Z,Saudi Pro League,2025-26,2025-11-22,Al-Hilal,Al-Fateh,2,1,H,,,,9,source_reported_FT,Al Hilal,Al Fateh
omarmohamed456/Football-Match-Outcome-Predictor,https://raw.githubusercontent.com/omarmohamed456/Football-Match-Outcome-Predictor/edefc091629a587271b911a08f88c1523502ff11/scraped_data/saudi_saudi_pro_league_2025-2026_match_data.csv,edefc091629a587271b911a08f88c1523502ff11,201,2026-09-04T07:16:44.568Z,Saudi Pro League,2025-26,2025-11-22,Damac,Al Najma,0,0,D,,,,9,source_reported_FT,Damac,Al Najma
omarmohamed456/Football-Match-Outcome-Predictor,https://raw.githubusercontent.com/omarmohamed456/Football-Match-Outcome-Predictor/edefc091629a587271b911a08f88c1523502ff11/scraped_data/saudi_saudi_pro_league_2025-2026_match_data.csv,edefc091629a587271b911a08f88c1523502ff11,218,2026-09-04T07:16:44.568Z,Saudi Pro League,2025-26,2025-11-23,Al Okhdood,Al-Shabab,1,1,D,,,,9,source_reported_FT,Al Okhdood,Al Shabab
omarmohamed456/Football-Match-Outcome-Predictor,https://raw.githubusercontent.com/omarmohamed456/Football-Match-Outcome-Predictor/edefc091629a587271b911a08f88c1523502ff11/scraped_data/saudi_saudi_pro_league_2025-2026_match_data.csv,edefc091629a587271b911a08f88c1523502ff11,162,2026-09-04T07:16:44.568Z,Saudi Pro League,2025-26,2025-11-23,Al-Nassr,Al Khaleej,4,1,H,,,,9,source_reported_FT,Al Nassr,Al Khaleej
omarmohamed456/Football-Match-Outcome-Predictor,https://raw.githubusercontent.com/omarmohamed456/Football-Match-Outcome-Predictor/edefc091629a587271b911a08f88c1523502ff11/scraped_data/saudi_saudi_pro_league_2025-2026_match_data.csv,edefc091629a587271b911a08f88c1523502ff11,245,2026-09-04T07:16:44.568Z,Saudi Pro League,2025-26,2025-11-23,Al-Taawon,Neom SC,1,1,D,,,,9,source_reported_FT,Al Taawon,Neom SC
omarmohamed456/Football-Match-Outcome-Predictor,https://raw.githubusercontent.com/omarmohamed456/Football-Match-Outcome-Predictor/edefc091629a587271b911a08f88c1523502ff11/scraped_data/saudi_saudi_pro_league_2025-2026_match_data.csv,edefc091629a587271b911a08f88c1523502ff11,79,2026-09-04T07:16:44.568Z,Saudi Pro League,2025-26,2025-12-25,Al Fayha,Al Hazem,0,0,D,,,,11,source_reported_FT,Al Fayha,Al Hazem
omarmohamed456/Football-Match-Outcome-Predictor,https://raw.githubusercontent.com/omarmohamed456/Football-Match-Outcome-Predictor/edefc091629a587271b911a08f88c1523502ff11/scraped_data/saudi_saudi_pro_league_2025-2026_match_data.csv,edefc091629a587271b911a08f88c1523502ff11,47,2026-09-04T07:16:44.568Z,Saudi Pro League,2025-26,2025-12-25,Al Riyadh,Al-Ettifaq,0,2,A,,,,11,source_reported_FT,Al Riyadh,Al Ettifaq
omarmohamed456/Football-Match-Outcome-Predictor,https://raw.githubusercontent.com/omarmohamed456/Football-Match-Outcome-Predictor/edefc091629a587271b911a08f88c1523502ff11/scraped_data/saudi_saudi_pro_league_2025-2026_match_data.csv,edefc091629a587271b911a08f88c1523502ff11,203,2026-09-04T07:16:44.568Z,Saudi Pro League,2025-26,2025-12-25,Neom SC,Al Najma,2,1,H,,,,11,source_reported_FT,Neom SC,Al Najma
omarmohamed456/Football-Match-Outcome-Predictor,https://raw.githubusercontent.com/omarmohamed456/Football-Match-Outcome-Predictor/edefc091629a587271b911a08f88c1523502ff11/scraped_data/saudi_saudi_pro_league_2025-2026_match_data.csv,edefc091629a587271b911a08f88c1523502ff11,186,2026-09-04T07:16:44.568Z,Saudi Pro League,2025-26,2025-12-26,Al Kholood,Al-Taawon,0,2,A,,,,11,source_reported_FT,Al Kholood,Al Taawon
omarmohamed456/Football-Match-Outcome-Predictor,https://raw.githubusercontent.com/omarmohamed456/Football-Match-Outcome-Predictor/edefc091629a587271b911a08f88c1523502ff11/scraped_data/saudi_saudi_pro_league_2025-2026_match_data.csv,edefc091629a587271b911a08f88c1523502ff11,4,2026-09-04T07:16:44.568Z,Saudi Pro League,2025-26,2025-12-26,Al-Fateh,Al Ahli SC,2,1,H,,,,11,source_reported_FT,Al Fateh,Al Ahli SC
omarmohamed456/Football-Match-Outcome-Predictor,https://raw.githubusercontent.com/omarmohamed456/Football-Match-Outcome-Predictor/edefc091629a587271b911a08f88c1523502ff11/scraped_data/saudi_saudi_pro_league_2025-2026_match_data.csv,edefc091629a587271b911a08f88c1523502ff11,123,2026-09-04T07:16:44.568Z,Saudi Pro League,2025-26,2025-12-26,Al-Hilal,Al Khaleej,3,2,H,,,,11,source_reported_FT,Al Hilal,Al Khaleej
omarmohamed456/Football-Match-Outcome-Predictor,https://raw.githubusercontent.com/omarmohamed456/Football-Match-Outcome-Predictor/edefc091629a587271b911a08f88c1523502ff11/scraped_data/saudi_saudi_pro_league_2025-2026_match_data.csv,edefc091629a587271b911a08f88c1523502ff11,228,2026-09-04T07:16:44.568Z,Saudi Pro League,2025-26,2025-12-27,Al Qadisiya,Damac,1,1,D,,,,11,source_reported_FT,Al Qadsiah,Damac
omarmohamed456/Football-Match-Outcome-Predictor,https://raw.githubusercontent.com/omarmohamed456/Football-Match-Outcome-Predictor/edefc091629a587271b911a08f88c1523502ff11/scraped_data/saudi_saudi_pro_league_2025-2026_match_data.csv,edefc091629a587271b911a08f88c1523502ff11,153,2026-09-04T07:16:44.568Z,Saudi Pro League,2025-26,2025-12-27,Al-Ittihad FC,Al-Shabab,2,0,H,,,,11,source_reported_FT,Al Ittihad,Al Shabab
omarmohamed456/Football-Match-Outcome-Predictor,https://raw.githubusercontent.com/omarmohamed456/Football-Match-Outcome-Predictor/edefc091629a587271b911a08f88c1523502ff11/scraped_data/saudi_saudi_pro_league_2025-2026_match_data.csv,edefc091629a587271b911a08f88c1523502ff11,204,2026-09-04T07:16:44.568Z,Saudi Pro League,2025-26,2025-12-27,Al-Nassr,Al Okhdood,3,0,H,,,,11,source_reported_FT,Al Nassr,Al Okhdood
omarmohamed456/Football-Match-Outcome-Predictor,https://raw.githubusercontent.com/omarmohamed456/Football-Match-Outcome-Predictor/edefc091629a587271b911a08f88c1523502ff11/scraped_data/saudi_saudi_pro_league_2025-2026_match_data.csv,edefc091629a587271b911a08f88c1523502ff11,63,2026-09-04T07:16:44.568Z,Saudi Pro League,2025-26,2025-12-29,Al Khaleej,Al-Fateh,0,1,A,,,,12,source_reported_FT,Al Khaleej,Al Fateh
omarmohamed456/Football-Match-Outcome-Predictor,https://raw.githubusercontent.com/omarmohamed456/Football-Match-Outcome-Predictor/edefc091629a587271b911a08f88c1523502ff11/scraped_data/saudi_saudi_pro_league_2025-2026_match_data.csv,edefc091629a587271b911a08f88c1523502ff11,114,2026-09-04T07:16:44.568Z,Saudi Pro League,2025-26,2025-12-29,Al Riyadh,Al Hazem,1,2,A,,,,12,source_reported_FT,Al Riyadh,Al Hazem
omarmohamed456/Football-Match-Outcome-Predictor,https://raw.githubusercontent.com/omarmohamed456/Football-Match-Outcome-Predictor/edefc091629a587271b911a08f88c1523502ff11/scraped_data/saudi_saudi_pro_league_2025-2026_match_data.csv,edefc091629a587271b911a08f88c1523502ff11,200,2026-09-04T07:16:44.568Z,Saudi Pro League,2025-26,2025-12-29,Al-Taawon,Al Najma,1,0,H,,,,12,source_reported_FT,Al Taawon,Al Najma
omarmohamed456/Football-Match-Outcome-Predictor,https://raw.githubusercontent.com/omarmohamed456/Football-Match-Outcome-Predictor/edefc091629a587271b911a08f88c1523502ff11/scraped_data/saudi_saudi_pro_league_2025-2026_match_data.csv,edefc091629a587271b911a08f88c1523502ff11,5,2026-09-04T07:16:44.568Z,Saudi Pro League,2025-26,2025-12-30,Al Ahli SC,Al Fayha,2,0,H,,,,12,source_reported_FT,Al Ahli SC,Al Fayha
omarmohamed456/Football-Match-Outcome-Predictor,https://raw.githubusercontent.com/omarmohamed456/Football-Match-Outcome-Predictor/edefc091629a587271b911a08f88c1523502ff11/scraped_data/saudi_saudi_pro_league_2025-2026_match_data.csv,edefc091629a587271b911a08f88c1523502ff11,221,2026-09-04T07:16:44.568Z,Saudi Pro League,2025-26,2025-12-30,Al Okhdood,Damac,0,1,A,,,,12,source_reported_FT,Al Okhdood,Damac
omarmohamed456/Football-Match-Outcome-Predictor,https://raw.githubusercontent.com/omarmohamed456/Football-Match-Outcome-Predictor/edefc091629a587271b911a08f88c1523502ff11/scraped_data/saudi_saudi_pro_league_2025-2026_match_data.csv,edefc091629a587271b911a08f88c1523502ff11,43,2026-09-04T07:16:44.568Z,Saudi Pro League,2025-26,2025-12-30,Al-Ettifaq,Al-Nassr,2,2,D,,,,12,source_reported_FT,Al Ettifaq,Al Nassr
omarmohamed456/Football-Match-Outcome-Predictor,https://raw.githubusercontent.com/omarmohamed456/Football-Match-Outcome-Predictor/edefc091629a587271b911a08f88c1523502ff11/scraped_data/saudi_saudi_pro_league_2025-2026_match_data.csv,edefc091629a587271b911a08f88c1523502ff11,125,2026-09-04T07:16:44.568Z,Saudi Pro League,2025-26,2025-12-31,Al Kholood,Al-Hilal,1,3,A,,,,12,source_reported_FT,Al Kholood,Al Hilal
omarmohamed456/Football-Match-Outcome-Predictor,https://raw.githubusercontent.com/omarmohamed456/Football-Match-Outcome-Predictor/edefc091629a587271b911a08f88c1523502ff11/scraped_data/saudi_saudi_pro_league_2025-2026_match_data.csv,edefc091629a587271b911a08f88c1523502ff11,225,2026-09-04T07:16:44.568Z,Saudi Pro League,2025-26,2025-12-31,Al-Shabab,Al Qadisiya,2,3,A,,,,12,source_reported_FT,Al Shabab,Al Qadsiah
omarmohamed456/Football-Match-Outcome-Predictor,https://raw.githubusercontent.com/omarmohamed456/Football-Match-Outcome-Predictor/edefc091629a587271b911a08f88c1523502ff11/scraped_data/saudi_saudi_pro_league_2025-2026_match_data.csv,edefc091629a587271b911a08f88c1523502ff11,157,2026-09-04T07:16:44.568Z,Saudi Pro League,2025-26,2025-12-31,Neom SC,Al-Ittihad FC,1,3,A,,,,12,source_reported_FT,Neom SC,Al Ittihad
omarmohamed456/Football-Match-Outcome-Predictor,https://raw.githubusercontent.com/omarmohamed456/Football-Match-Outcome-Predictor/edefc091629a587271b911a08f88c1523502ff11/scraped_data/saudi_saudi_pro_league_2025-2026_match_data.csv,edefc091629a587271b911a08f88c1523502ff11,17,2026-09-04T07:16:44.568Z,Saudi Pro League,2025-26,2026-01-02,Al Ahli SC,Al-Nassr,3,2,H,,,,13,source_reported_FT,Al Ahli SC,Al Nassr
omarmohamed456/Football-Match-Outcome-Predictor,https://raw.githubusercontent.com/omarmohamed456/Football-Match-Outcome-Predictor/edefc091629a587271b911a08f88c1523502ff11/scraped_data/saudi_saudi_pro_league_2025-2026_match_data.csv,edefc091629a587271b911a08f88c1523502ff11,160,2026-09-04T07:16:44.568Z,Saudi Pro League,2025-26,2026-01-02,Al Najma,Al Khaleej,2,2,D,,,,13,source_reported_FT,Al Najma,Al Khaleej
omarmohamed456/Football-Match-Outcome-Predictor,https://raw.githubusercontent.com/omarmohamed456/Football-Match-Outcome-Predictor/edefc091629a587271b911a08f88c1523502ff11/scraped_data/saudi_saudi_pro_league_2025-2026_match_data.csv,edefc091629a587271b911a08f88c1523502ff11,44,2026-09-04T07:16:44.568Z,Saudi Pro League,2025-26,2026-01-02,Al-Ettifaq,Al Okhdood,2,0,H,,,,13,source_reported_FT,Al Ettifaq,Al Okhdood
omarmohamed456/Football-Match-Outcome-Predictor,https://raw.githubusercontent.com/omarmohamed456/Football-Match-Outcome-Predictor/edefc091629a587271b911a08f88c1523502ff11/scraped_data/saudi_saudi_pro_league_2025-2026_match_data.csv,edefc091629a587271b911a08f88c1523502ff11,85,2026-09-04T07:16:44.568Z,Saudi Pro League,2025-26,2026-01-03,Al Fayha,Al Kholood,0,5,A,,,,13,source_reported_FT,Al Fayha,Al Kholood
omarmohamed456/Football-Match-Outcome-Predictor,https://raw.githubusercontent.com/omarmohamed456/Football-Match-Outcome-Predictor/edefc091629a587271b911a08f88c1523502ff11/scraped_data/saudi_saudi_pro_league_2025-2026_match_data.csv,edefc091629a587271b911a08f88c1523502ff11,73,2026-09-04T07:16:44.568Z,Saudi Pro League,2025-26,2026-01-03,Al-Fateh,Al-Shabab,2,0,H,,,,13,source_reported_FT,Al Fateh,Al Shabab
omarmohamed456/Football-Match-Outcome-Predictor,https://raw.githubusercontent.com/omarmohamed456/Football-Match-Outcome-Predictor/edefc091629a587271b911a08f88c1523502ff11/scraped_data/saudi_saudi_pro_league_2025-2026_match_data.csv,edefc091629a587271b911a08f88c1523502ff11,154,2026-09-04T07:16:44.568Z,Saudi Pro League,2025-26,2026-01-03,Al-Ittihad FC,Al-Taawon,1,0,H,,,,13,source_reported_FT,Al Ittihad,Al Taawon
omarmohamed456/Football-Match-Outcome-Predictor,https://raw.githubusercontent.com/omarmohamed456/Football-Match-Outcome-Predictor/edefc091629a587271b911a08f88c1523502ff11/scraped_data/saudi_saudi_pro_league_2025-2026_match_data.csv,edefc091629a587271b911a08f88c1523502ff11,120,2026-09-04T07:16:44.568Z,Saudi Pro League,2025-26,2026-01-04,Al Hazem,Neom SC,1,2,A,,,,13,source_reported_FT,Al Hazem,Neom SC
omarmohamed456/Football-Match-Outcome-Predictor,https://raw.githubusercontent.com/omarmohamed456/Football-Match-Outcome-Predictor/edefc091629a587271b911a08f88c1523502ff11/scraped_data/saudi_saudi_pro_league_2025-2026_match_data.csv,edefc091629a587271b911a08f88c1523502ff11,224,2026-09-04T07:16:44.568Z,Saudi Pro League,2025-26,2026-01-04,Al Qadisiya,Al Riyadh,4,0,H,,,,13,source_reported_FT,Al Qadsiah,Al Riyadh
omarmohamed456/Football-Match-Outcome-Predictor,https://raw.githubusercontent.com/omarmohamed456/Football-Match-Outcome-Predictor/edefc091629a587271b911a08f88c1523502ff11/scraped_data/saudi_saudi_pro_league_2025-2026_match_data.csv,edefc091629a587271b911a08f88c1523502ff11,139,2026-09-04T07:16:44.568Z,Saudi Pro League,2025-26,2026-01-04,Damac,Al-Hilal,0,2,A,,,,13,source_reported_FT,Damac,Al Hilal
omarmohamed456/Football-Match-Outcome-Predictor,https://raw.githubusercontent.com/omarmohamed456/Football-Match-Outcome-Predictor/edefc091629a587271b911a08f88c1523502ff11/scraped_data/saudi_saudi_pro_league_2025-2026_match_data.csv,edefc091629a587271b911a08f88c1523502ff11,42,2026-09-04T07:16:44.568Z,Saudi Pro League,2025-26,2026-01-08,Al Najma,Al-Ettifaq,3,4,A,,,,14,source_reported_FT,Al Najma,Al Ettifaq
omarmohamed456/Football-Match-Outcome-Predictor,https://raw.githubusercontent.com/omarmohamed456/Football-Match-Outcome-Predictor/edefc091629a587271b911a08f88c1523502ff11/scraped_data/saudi_saudi_pro_league_2025-2026_match_data.csv,edefc091629a587271b911a08f88c1523502ff11,101,2026-09-04T07:16:44.568Z,Saudi Pro League,2025-26,2026-01-08,Al-Hilal,Al Hazem,3,0,H,,,,14,source_reported_FT,Al Hilal,Al Hazem
omarmohamed456/Football-Match-Outcome-Predictor,https://raw.githubusercontent.com/omarmohamed456/Football-Match-Outcome-Predictor/edefc091629a587271b911a08f88c1523502ff11/scraped_data/saudi_saudi_pro_league_2025-2026_match_data.csv,edefc091629a587271b911a08f88c1523502ff11,205,2026-09-04T07:16:44.568Z,Saudi Pro League,2025-26,2026-01-08,Al-Nassr,Al Qadisiya,1,2,A,,,,14,source_reported_FT,Al Nassr,Al Qadsiah
omarmohamed456/Football-Match-Outcome-Predictor,https://raw.githubusercontent.com/omarmohamed456/Football-Match-Outcome-Predictor/edefc091629a587271b911a08f88c1523502ff11/scraped_data/saudi_saudi_pro_league_2025-2026_match_data.csv,edefc091629a587271b911a08f88c1523502ff11,172,2026-09-04T07:16:44.568Z,Saudi Pro League,2025-26,2026-01-09,Al Khaleej,Damac,4,0,H,,,,14,source_reported_FT,Al Khaleej,Damac
omarmohamed456/Football-Match-Outcome-Predictor,https://raw.githubusercontent.com/omarmohamed456/Football-Match-Outcome-Predictor/edefc091629a587271b911a08f88c1523502ff11/scraped_data/saudi_saudi_pro_league_2025-2026_match_data.csv,edefc091629a587271b911a08f88c1523502ff11,143,2026-09-04T07:16:44.568Z,Saudi Pro League,2025-26,2026-01-09,Al Kholood,Al-Ittihad FC,0,4,A,,,,14,source_reported_FT,Al Kholood,Al Ittihad
omarmohamed456/Football-Match-Outcome-Predictor,https://raw.githubusercontent.com/omarmohamed456/Football-Match-Outcome-Predictor/edefc091629a587271b911a08f88c1523502ff11/scraped_data/saudi_saudi_pro_league_2025-2026_match_data.csv,edefc091629a587271b911a08f88c1523502ff11,238,2026-09-04T07:16:44.568Z,Saudi Pro League,2025-26,2026-01-09,Al-Taawon,Al-Shabab,2,0,H,,,,14,source_reported_FT,Al Taawon,Al Shabab
omarmohamed456/Football-Match-Outcome-Predictor,https://raw.githubusercontent.com/omarmohamed456/Football-Match-Outcome-Predictor/edefc091629a587271b911a08f88c1523502ff11/scraped_data/saudi_saudi_pro_league_2025-2026_match_data.csv,edefc091629a587271b911a08f88c1523502ff11,18,2026-09-04T07:16:44.568Z,Saudi Pro League,2025-26,2026-01-10,Al Okhdood,Al Ahli SC,0,1,A,,,,14,source_reported_FT,Al Okhdood,Al Ahli SC
omarmohamed456/Football-Match-Outcome-Predictor,https://raw.githubusercontent.com/omarmohamed456/Football-Match-Outcome-Predictor/edefc091629a587271b911a08f88c1523502ff11/scraped_data/saudi_saudi_pro_league_2025-2026_match_data.csv,edefc091629a587271b911a08f88c1523502ff11,93,2026-09-04T07:16:44.568Z,Saudi Pro League,2025-26,2026-01-10,Al Riyadh,Al Fayha,1,1,D,,,,14,source_reported_FT,Al Riyadh,Al Fayha
omarmohamed456/Football-Match-Outcome-Predictor,https://raw.githubusercontent.com/omarmohamed456/Football-Match-Outcome-Predictor/edefc091629a587271b911a08f88c1523502ff11/scraped_data/saudi_saudi_pro_league_2025-2026_match_data.csv,edefc091629a587271b911a08f88c1523502ff11,78,2026-09-04T07:16:44.568Z,Saudi Pro League,2025-26,2026-01-10,Neom SC,Al-Fateh,0,1,A,,,,14,source_reported_FT,Neom SC,Al Fateh
omarmohamed456/Football-Match-Outcome-Predictor,https://raw.githubusercontent.com/omarmohamed456/Football-Match-Outcome-Predictor/edefc091629a587271b911a08f88c1523502ff11/scraped_data/saudi_saudi_pro_league_2025-2026_match_data.csv,edefc091629a587271b911a08f88c1523502ff11,108,2026-09-04T07:16:44.568Z,Saudi Pro League,2025-26,2026-01-12,Al Hazem,Al Najma,3,2,H,,,,15,source_reported_FT,Al Hazem,Al Najma
omarmohamed456/Football-Match-Outcome-Predictor,https://raw.githubusercontent.com/omarmohamed456/Football-Match-Outcome-Predictor/edefc091629a587271b911a08f88c1523502ff11/scraped_data/saudi_saudi_pro_league_2025-2026_match_data.csv,edefc091629a587271b911a08f88c1523502ff11,39,2026-09-04T07:16:44.568Z,Saudi Pro League,2025-26,2026-01-12,Al-Ettifaq,Al Khaleej,1,2,A,,,,15,source_reported_FT,Al Ettifaq,Al Khaleej
omarmohamed456/Football-Match-Outcome-Predictor,https://raw.githubusercontent.com/omarmohamed456/Football-Match-Outcome-Predictor/edefc091629a587271b911a08f88c1523502ff11/scraped_data/saudi_saudi_pro_league_2025-2026_match_data.csv,edefc091629a587271b911a08f88c1523502ff11,128,2026-09-04T07:16:44.568Z,Saudi Pro League,2025-26,2026-01-12,Al-Hilal,Al-Nassr,3,1,H,,,,15,source_reported_FT,Al Hilal,Al Nassr
omarmohamed456/Football-Match-Outcome-Predictor,https://raw.githubusercontent.com/omarmohamed456/Football-Match-Outcome-Predictor/edefc091629a587271b911a08f88c1523502ff11/scraped_data/saudi_saudi_pro_league_2025-2026_match_data.csv,edefc091629a587271b911a08f88c1523502ff11,179,2026-09-04T07:16:44.568Z,Saudi Pro League,2025-26,2026-01-13,Al Okhdood,Al Kholood,1,0,H,,,,15,source_reported_FT,Al Okhdood,Al Kholood
omarmohamed456/Football-Match-Outcome-Predictor,https://raw.githubusercontent.com/omarmohamed456/Football-Match-Outcome-Predictor/edefc091629a587271b911a08f88c1523502ff11/scraped_data/saudi_saudi_pro_league_2025-2026_match_data.csv,edefc091629a587271b911a08f88c1523502ff11,72,2026-09-04T07:16:44.568Z,Saudi Pro League,2025-26,2026-01-13,Al-Fateh,Al Riyadh,3,1,H,,,,15,source_reported_FT,Al Fateh,Al Riyadh
omarmohamed456/Football-Match-Outcome-Predictor,https://raw.githubusercontent.com/omarmohamed456/Football-Match-Outcome-Predictor/edefc091629a587271b911a08f88c1523502ff11/scraped_data/saudi_saudi_pro_league_2025-2026_match_data.csv,edefc091629a587271b911a08f88c1523502ff11,155,2026-09-04T07:16:44.568Z,Saudi Pro League,2025-26,2026-01-13,Damac,Al-Ittihad FC,1,1,D,,,,15,source_reported_FT,Damac,Al Ittihad
omarmohamed456/Football-Match-Outcome-Predictor,https://raw.githubusercontent.com/omarmohamed456/Football-Match-Outcome-Predictor/edefc091629a587271b911a08f88c1523502ff11/scraped_data/saudi_saudi_pro_league_2025-2026_match_data.csv,edefc091629a587271b911a08f88c1523502ff11,25,2026-09-04T07:16:44.568Z,Saudi Pro League,2025-26,2026-01-14,Al Ahli SC,Al-Taawon,2,1,H,,,,15,source_reported_FT,Al Ahli SC,Al Taawon
omarmohamed456/Football-Match-Outcome-Predictor,https://raw.githubusercontent.com/omarmohamed456/Football-Match-Outcome-Predictor/edefc091629a587271b911a08f88c1523502ff11/scraped_data/saudi_saudi_pro_league_2025-2026_match_data.csv,edefc091629a587271b911a08f88c1523502ff11,92,2026-09-04T07:16:44.568Z,Saudi Pro League,2025-26,2026-01-14,Al Qadisiya,Al Fayha,5,0,H,,,,15,source_reported_FT,Al Qadsiah,Al Fayha
omarmohamed456/Football-Match-Outcome-Predictor,https://raw.githubusercontent.com/omarmohamed456/Football-Match-Outcome-Predictor/edefc091629a587271b911a08f88c1523502ff11/scraped_data/saudi_saudi_pro_league_2025-2026_match_data.csv,edefc091629a587271b911a08f88c1523502ff11,241,2026-09-04T07:16:44.568Z,Saudi Pro League,2025-26,2026-01-14,Al-Shabab,Neom SC,3,2,H,,,,15,source_reported_FT,Al Shabab,Neom SC
omarmohamed456/Football-Match-Outcome-Predictor,https://raw.githubusercontent.com/omarmohamed456/Football-Match-Outcome-Predictor/edefc091629a587271b911a08f88c1523502ff11/scraped_data/saudi_saudi_pro_league_2025-2026_match_data.csv,edefc091629a587271b911a08f88c1523502ff11,163,2026-09-04T07:16:44.568Z,Saudi Pro League,2025-26,2026-01-16,Al Khaleej,Al Okhdood,4,1,H,,,,16,source_reported_FT,Al Khaleej,Al Okhdood
omarmohamed456/Football-Match-Outcome-Predictor,https://raw.githubusercontent.com/omarmohamed456/Football-Match-Outcome-Predictor/edefc091629a587271b911a08f88c1523502ff11/scraped_data/saudi_saudi_pro_league_2025-2026_match_data.csv,edefc091629a587271b911a08f88c1523502ff11,65,2026-09-04T07:16:44.568Z,Saudi Pro League,2025-26,2026-01-16,Al Najma,Al-Fateh,1,1,D,,,,16,source_reported_FT,Al Najma,Al Fateh
omarmohamed456/Football-Match-Outcome-Predictor,https://raw.githubusercontent.com/omarmohamed456/Football-Match-Outcome-Predictor/edefc091629a587271b911a08f88c1523502ff11/scraped_data/saudi_saudi_pro_league_2025-2026_match_data.csv,edefc091629a587271b911a08f88c1523502ff11,38,2026-09-04T07:16:44.568Z,Saudi Pro League,2025-26,2026-01-16,Al-Ittihad FC,Al-Ettifaq,0,1,A,,,,16,source_reported_FT,Al Ittihad,Al Ettifaq
omarmohamed456/Football-Match-Outcome-Predictor,https://raw.githubusercontent.com/omarmohamed456/Football-Match-Outcome-Predictor/edefc091629a587271b911a08f88c1523502ff11/scraped_data/saudi_saudi_pro_league_2025-2026_match_data.csv,edefc091629a587271b911a08f88c1523502ff11,98,2026-09-04T07:16:44.568Z,Saudi Pro League,2025-26,2026-01-17,Al Fayha,Damac,1,1,D,,,,16,source_reported_FT,Al Fayha,Damac
omarmohamed456/Football-Match-Outcome-Predictor,https://raw.githubusercontent.com/omarmohamed456/Football-Match-Outcome-Predictor/edefc091629a587271b911a08f88c1523502ff11/scraped_data/saudi_saudi_pro_league_2025-2026_match_data.csv,edefc091629a587271b911a08f88c1523502ff11,14,2026-09-04T07:16:44.568Z,Saudi Pro League,2025-26,2026-01-17,Al Kholood,Al Ahli SC,0,1,A,,,,16,source_reported_FT,Al Kholood,Al Ahli SC
omarmohamed456/Football-Match-Outcome-Predictor,https://raw.githubusercontent.com/omarmohamed456/Football-Match-Outcome-Predictor/edefc091629a587271b911a08f88c1523502ff11/scraped_data/saudi_saudi_pro_league_2025-2026_match_data.csv,edefc091629a587271b911a08f88c1523502ff11,208,2026-09-04T07:16:44.568Z,Saudi Pro League,2025-26,2026-01-17,Al-Nassr,Al-Shabab,3,2,H,,,,16,source_reported_FT,Al Nassr,Al Shabab
omarmohamed456/Football-Match-Outcome-Predictor,https://raw.githubusercontent.com/omarmohamed456/Football-Match-Outcome-Predictor/edefc091629a587271b911a08f88c1523502ff11/scraped_data/saudi_saudi_pro_league_2025-2026_match_data.csv,edefc091629a587271b911a08f88c1523502ff11,113,2026-09-04T07:16:44.568Z,Saudi Pro League,2025-26,2026-01-18,Al Hazem,Al Qadisiya,1,5,A,,,,16,source_reported_FT,Al Hazem,Al Qadsiah
omarmohamed456/Football-Match-Outcome-Predictor,https://raw.githubusercontent.com/omarmohamed456/Football-Match-Outcome-Predictor/edefc091629a587271b911a08f88c1523502ff11/scraped_data/saudi_saudi_pro_league_2025-2026_match_data.csv,edefc091629a587271b911a08f88c1523502ff11,233,2026-09-04T07:16:44.568Z,Saudi Pro League,2025-26,2026-01-18,Al Riyadh,Al-Taawon,1,3,A,,,,16,source_reported_FT,Al Riyadh,Al Taawon
omarmohamed456/Football-Match-Outcome-Predictor,https://raw.githubusercontent.com/omarmohamed456/Football-Match-Outcome-Predictor/edefc091629a587271b911a08f88c1523502ff11/scraped_data/saudi_saudi_pro_league_2025-2026_match_data.csv,edefc091629a587271b911a08f88c1523502ff11,140,2026-09-04T07:16:44.568Z,Saudi Pro League,2025-26,2026-01-18,Neom SC,Al-Hilal,1,2,A,,,,16,source_reported_FT,Neom SC,Al Hilal
omarmohamed456/Football-Match-Outcome-Predictor,https://raw.githubusercontent.com/omarmohamed456/Football-Match-Outcome-Predictor/edefc091629a587271b911a08f88c1523502ff11/scraped_data/saudi_saudi_pro_league_2025-2026_match_data.csv,edefc091629a587271b911a08f88c1523502ff11,13,2026-09-04T07:16:44.568Z,Saudi Pro League,2025-26,2026-01-20,Al Ahli SC,Al Khaleej,4,1,H,,,,17,source_reported_FT,Al Ahli SC,Al Khaleej
omarmohamed456/Football-Match-Outcome-Predictor,https://raw.githubusercontent.com/omarmohamed456/Football-Match-Outcome-Predictor/edefc091629a587271b911a08f88c1523502ff11/scraped_data/saudi_saudi_pro_league_2025-2026_match_data.csv,edefc091629a587271b911a08f88c1523502ff11,64,2026-09-04T07:16:44.568Z,Saudi Pro League,2025-26,2026-01-20,Al-Fateh,Al Kholood,2,5,A,,,,17,source_reported_FT,Al Fateh,Al Kholood
omarmohamed456/Football-Match-Outcome-Predictor,https://raw.githubusercontent.com/omarmohamed456/Football-Match-Outcome-Predictor/edefc091629a587271b911a08f88c1523502ff11/scraped_data/saudi_saudi_pro_league_2025-2026_match_data.csv,edefc091629a587271b911a08f88c1523502ff11,199,2026-09-04T07:16:44.568Z,Saudi Pro League,2025-26,2026-01-20,Al-Shabab,Al Najma,0,0,D,,,,17,source_reported_FT,Al Shabab,Al Najma
omarmohamed456/Football-Match-Outcome-Predictor,https://raw.githubusercontent.com/omarmohamed456/Football-Match-Outcome-Predictor/edefc091629a587271b911a08f88c1523502ff11/scraped_data/saudi_saudi_pro_league_2025-2026_match_data.csv,edefc091629a587271b911a08f88c1523502ff11,216,2026-09-04T07:16:44.568Z,Saudi Pro League,2025-26,2026-01-21,Al Okhdood,Al Riyadh,2,2,D,,,,17,source_reported_FT,Al Okhdood,Al Riyadh
omarmohamed456/Football-Match-Outcome-Predictor,https://raw.githubusercontent.com/omarmohamed456/Football-Match-Outcome-Predictor/edefc091629a587271b911a08f88c1523502ff11/scraped_data/saudi_saudi_pro_league_2025-2026_match_data.csv,edefc091629a587271b911a08f88c1523502ff11,54,2026-09-04T07:16:44.568Z,Saudi Pro League,2025-26,2026-01-21,Al-Ettifaq,Neom SC,0,0,D,,,,17,source_reported_FT,Al Ettifaq,Neom SC
omarmohamed456/Football-Match-Outcome-Predictor,https://raw.githubusercontent.com/omarmohamed456/Football-Match-Outcome-Predictor/edefc091629a587271b911a08f88c1523502ff11/scraped_data/saudi_saudi_pro_league_2025-2026_match_data.csv,edefc091629a587271b911a08f88c1523502ff11,211,2026-09-04T07:16:44.568Z,Saudi Pro League,2025-26,2026-01-21,Damac,Al-Nassr,1,2,A,,,,17,source_reported_FT,Damac,Al Nassr
omarmohamed456/Football-Match-Outcome-Predictor,https://raw.githubusercontent.com/omarmohamed456/Football-Match-Outcome-Predictor/edefc091629a587271b911a08f88c1523502ff11/scraped_data/saudi_saudi_pro_league_2025-2026_match_data.csv,edefc091629a587271b911a08f88c1523502ff11,150,2026-09-04T07:16:44.568Z,Saudi Pro League,2025-26,2026-01-22,Al Qadisiya,Al-Ittihad FC,2,1,H,,,,17,source_reported_FT,Al Qadsiah,Al Ittihad
omarmohamed456/Football-Match-Outcome-Predictor,https://raw.githubusercontent.com/omarmohamed456/Football-Match-Outcome-Predictor/edefc091629a587271b911a08f88c1523502ff11/scraped_data/saudi_saudi_pro_league_2025-2026_match_data.csv,edefc091629a587271b911a08f88c1523502ff11,80,2026-09-04T07:16:44.568Z,Saudi Pro League,2025-26,2026-01-22,Al-Hilal,Al Fayha,4,1,H,,,,17,source_reported_FT,Al Hilal,Al Fayha
omarmohamed456/Football-Match-Outcome-Predictor,https://raw.githubusercontent.com/omarmohamed456/Football-Match-Outcome-Predictor/edefc091629a587271b911a08f88c1523502ff11/scraped_data/saudi_saudi_pro_league_2025-2026_match_data.csv,edefc091629a587271b911a08f88c1523502ff11,117,2026-09-04T07:16:44.568Z,Saudi Pro League,2025-26,2026-01-22,Al-Taawon,Al Hazem,2,2,D,,,,17,source_reported_FT,Al Taawon,Al Hazem
omarmohamed456/Football-Match-Outcome-Predictor,https://raw.githubusercontent.com/omarmohamed456/Football-Match-Outcome-Predictor/edefc091629a587271b911a08f88c1523502ff11/scraped_data/saudi_saudi_pro_league_2025-2026_match_data.csv,edefc091629a587271b911a08f88c1523502ff11,168,2026-09-04T07:16:44.568Z,Saudi Pro League,2025-26,2026-01-24,Al Khaleej,Al-Shabab,0,0,D,,,,18,source_reported_FT,Al Khaleej,Al Shabab
omarmohamed456/Football-Match-Outcome-Predictor,https://raw.githubusercontent.com/omarmohamed456/Football-Match-Outcome-Predictor/edefc091629a587271b911a08f88c1523502ff11/scraped_data/saudi_saudi_pro_league_2025-2026_match_data.csv,edefc091629a587271b911a08f88c1523502ff11,41,2026-09-04T07:16:44.568Z,Saudi Pro League,2025-26,2026-01-24,Al Kholood,Al-Ettifaq,1,2,A,,,,18,source_reported_FT,Al Kholood,Al Ettifaq
omarmohamed456/Football-Match-Outcome-Predictor,https://raw.githubusercontent.com/omarmohamed456/Football-Match-Outcome-Predictor/edefc091629a587271b911a08f88c1523502ff11/scraped_data/saudi_saudi_pro_league_2025-2026_match_data.csv,edefc091629a587271b911a08f88c1523502ff11,29,2026-09-04T07:16:44.568Z,Saudi Pro League,2025-26,2026-01-24,Neom SC,Al Ahli SC,0,3,A,,,,18,source_reported_FT,Neom SC,Al Ahli SC
omarmohamed456/Football-Match-Outcome-Predictor,https://raw.githubusercontent.com/omarmohamed456/Football-Match-Outcome-Predictor/edefc091629a587271b911a08f88c1523502ff11/scraped_data/saudi_saudi_pro_league_2025-2026_match_data.csv,edefc091629a587271b911a08f88c1523502ff11,56,2026-09-04T07:16:44.568Z,Saudi Pro League,2025-26,2026-01-25,Al Fayha,Al-Fateh,2,0,H,,,,18,source_reported_FT,Al Fayha,Al Fateh
omarmohamed456/Football-Match-Outcome-Predictor,https://raw.githubusercontent.com/omarmohamed456/Football-Match-Outcome-Predictor/edefc091629a587271b911a08f88c1523502ff11/scraped_data/saudi_saudi_pro_league_2025-2026_match_data.csv,edefc091629a587271b911a08f88c1523502ff11,196,2026-09-04T07:16:44.568Z,Saudi Pro League,2025-26,2026-01-25,Al Najma,Al Qadisiya,1,3,A,,,,18,source_reported_FT,Al Najma,Al Qadsiah
omarmohamed456/Football-Match-Outcome-Predictor,https://raw.githubusercontent.com/omarmohamed456/Football-Match-Outcome-Predictor/edefc091629a587271b911a08f88c1523502ff11/scraped_data/saudi_saudi_pro_league_2025-2026_match_data.csv,edefc091629a587271b911a08f88c1523502ff11,133,2026-09-04T07:16:44.568Z,Saudi Pro League,2025-26,2026-01-25,Al Riyadh,Al-Hilal,1,1,D,,,,18,source_reported_FT,Al Riyadh,Al Hilal
omarmohamed456/Football-Match-Outcome-Predictor,https://raw.githubusercontent.com/omarmohamed456/Football-Match-Outcome-Predictor/edefc091629a587271b911a08f88c1523502ff11/scraped_data/saudi_saudi_pro_league_2025-2026_match_data.csv,edefc091629a587271b911a08f88c1523502ff11,119,2026-09-04T07:16:44.568Z,Saudi Pro League,2025-26,2026-01-26,Al Hazem,Damac,2,1,H,,,,18,source_reported_FT,Al Hazem,Damac
omarmohamed456/Football-Match-Outcome-Predictor,https://raw.githubusercontent.com/omarmohamed456/Football-Match-Outcome-Predictor/edefc091629a587271b911a08f88c1523502ff11/scraped_data/saudi_saudi_pro_league_2025-2026_match_data.csv,edefc091629a587271b911a08f88c1523502ff11,148,2026-09-04T07:16:44.568Z,Saudi Pro League,2025-26,2026-01-26,Al-Ittihad FC,Al Okhdood,2,1,H,,,,18,source_reported_FT,Al Ittihad,Al Okhdood
omarmohamed456/Football-Match-Outcome-Predictor,https://raw.githubusercontent.com/omarmohamed456/Football-Match-Outcome-Predictor/edefc091629a587271b911a08f88c1523502ff11/scraped_data/saudi_saudi_pro_league_2025-2026_match_data.csv,edefc091629a587271b911a08f88c1523502ff11,209,2026-09-04T07:16:44.568Z,Saudi Pro League,2025-26,2026-01-26,Al-Nassr,Al-Taawon,1,0,H,,,,18,source_reported_FT,Al Nassr,Al Taawon
omarmohamed456/Football-Match-Outcome-Predictor,https://raw.githubusercontent.com/omarmohamed456/Football-Match-Outcome-Predictor/edefc091629a587271b911a08f88c1523502ff11/scraped_data/saudi_saudi_pro_league_2025-2026_match_data.csv,edefc091629a587271b911a08f88c1523502ff11,3,2026-09-04T07:16:44.568Z,Saudi Pro League,2025-26,2026-01-28,Al Ahli SC,Al-Ettifaq,4,0,H,,,,19,source_reported_FT,Al Ahli SC,Al Ettifaq
omarmohamed456/Football-Match-Outcome-Predictor,https://raw.githubusercontent.com/omarmohamed456/Football-Match-Outcome-Predictor/edefc091629a587271b911a08f88c1523502ff11/scraped_data/saudi_saudi_pro_league_2025-2026_match_data.csv,edefc091629a587271b911a08f88c1523502ff11,84,2026-09-04T07:16:44.568Z,Saudi Pro League,2025-26,2026-01-28,Al Fayha,Al Khaleej,3,1,H,,,,19,source_reported_FT,Al Fayha,Al Khaleej
omarmohamed456/Football-Match-Outcome-Predictor,https://raw.githubusercontent.com/omarmohamed456/Football-Match-Outcome-Predictor/edefc091629a587271b911a08f88c1523502ff11/scraped_data/saudi_saudi_pro_league_2025-2026_match_data.csv,edefc091629a587271b911a08f88c1523502ff11,197,2026-09-04T07:16:44.568Z,Saudi Pro League,2025-26,2026-01-28,Al Najma,Al Riyadh,1,1,D,,,,19,source_reported_FT,Al Najma,Al Riyadh
omarmohamed456/Football-Match-Outcome-Predictor,https://raw.githubusercontent.com/omarmohamed456/Football-Match-Outcome-Predictor/edefc091629a587271b911a08f88c1523502ff11/scraped_data/saudi_saudi_pro_league_2025-2026_match_data.csv,edefc091629a587271b911a08f88c1523502ff11,116,2026-09-04T07:16:44.568Z,Saudi Pro League,2025-26,2026-01-29,Al Hazem,Al-Shabab,0,4,A,,,,19,source_reported_FT,Al Hazem,Al Shabab
omarmohamed456/Football-Match-Outcome-Predictor,https://raw.githubusercontent.com/omarmohamed456/Football-Match-Outcome-Predictor/edefc091629a587271b911a08f88c1523502ff11/scraped_data/saudi_saudi_pro_league_2025-2026_match_data.csv,edefc091629a587271b911a08f88c1523502ff11,132,2026-09-04T07:16:44.568Z,Saudi Pro League,2025-26,2026-01-29,Al Qadisiya,Al-Hilal,2,2,D,,,,19,source_reported_FT,Al Qadsiah,Al Hilal
omarmohamed456/Football-Match-Outcome-Predictor,https://raw.githubusercontent.com/omarmohamed456/Football-Match-Outcome-Predictor/edefc091629a587271b911a08f88c1523502ff11/scraped_data/saudi_saudi_pro_league_2025-2026_match_data.csv,edefc091629a587271b911a08f88c1523502ff11,61,2026-09-04T07:16:44.568Z,Saudi Pro League,2025-26,2026-01-29,Al-Fateh,Al-Ittihad FC,2,2,D,,,,19,source_reported_FT,Al Fateh,Al Ittihad
omarmohamed456/Football-Match-Outcome-Predictor,https://raw.githubusercontent.com/omarmohamed456/Football-Match-Outcome-Predictor/edefc091629a587271b911a08f88c1523502ff11/scraped_data/saudi_saudi_pro_league_2025-2026_match_data.csv,edefc091629a587271b911a08f88c1523502ff11,178,2026-09-04T07:16:44.568Z,Saudi Pro League,2025-26,2026-01-30,Al Kholood,Al-Nassr,0,3,A,,,,19,source_reported_FT,Al Kholood,Al Nassr
omarmohamed456/Football-Match-Outcome-Predictor,https://raw.githubusercontent.com/omarmohamed456/Football-Match-Outcome-Predictor/edefc091629a587271b911a08f88c1523502ff11/scraped_data/saudi_saudi_pro_league_2025-2026_match_data.csv,edefc091629a587271b911a08f88c1523502ff11,219,2026-09-04T07:16:44.568Z,Saudi Pro League,2025-26,2026-01-30,Al-Taawon,Al Okhdood,1,0,H,,,,19,source_reported_FT,Al Taawon,Al Okhdood
omarmohamed456/Football-Match-Outcome-Predictor,https://raw.githubusercontent.com/omarmohamed456/Football-Match-Outcome-Predictor/edefc091629a587271b911a08f88c1523502ff11/scraped_data/saudi_saudi_pro_league_2025-2026_match_data.csv,edefc091629a587271b911a08f88c1523502ff11,246,2026-09-04T07:16:44.568Z,Saudi Pro League,2025-26,2026-01-30,Neom SC,Damac,3,0,H,,,,19,source_reported_FT,Neom SC,Damac
omarmohamed456/Football-Match-Outcome-Predictor,https://raw.githubusercontent.com/omarmohamed456/Football-Match-Outcome-Predictor/edefc091629a587271b911a08f88c1523502ff11/scraped_data/saudi_saudi_pro_league_2025-2026_match_data.csv,edefc091629a587271b911a08f88c1523502ff11,57,2026-09-04T07:16:44.568Z,Saudi Pro League,2025-26,2026-02-01,Al-Fateh,Al Hazem,1,1,D,,,,20,source_reported_FT,Al Fateh,Al Hazem
omarmohamed456/Football-Match-Outcome-Predictor,https://raw.githubusercontent.com/omarmohamed456/Football-Match-Outcome-Predictor/edefc091629a587271b911a08f88c1523502ff11/scraped_data/saudi_saudi_pro_league_2025-2026_match_data.csv,edefc091629a587271b911a08f88c1523502ff11,145,2026-09-04T07:16:44.568Z,Saudi Pro League,2025-26,2026-02-01,Al-Ittihad FC,Al Najma,1,0,H,,,,20,source_reported_FT,Al Ittihad,Al Najma
omarmohamed456/Football-Match-Outcome-Predictor,https://raw.githubusercontent.com/omarmohamed456/Football-Match-Outcome-Predictor/edefc091629a587271b911a08f88c1523502ff11/scraped_data/saudi_saudi_pro_league_2025-2026_match_data.csv,edefc091629a587271b911a08f88c1523502ff11,95,2026-09-04T07:16:44.568Z,Saudi Pro League,2025-26,2026-02-01,Al-Shabab,Al Fayha,1,0,H,,,,20,source_reported_FT,Al Shabab,Al Fayha
omarmohamed456/Football-Match-Outcome-Predictor,https://raw.githubusercontent.com/omarmohamed456/Football-Match-Outcome-Predictor/edefc091629a587271b911a08f88c1523502ff11/scraped_data/saudi_saudi_pro_league_2025-2026_match_data.csv,edefc091629a587271b911a08f88c1523502ff11,222,2026-09-04T07:16:44.568Z,Saudi Pro League,2025-26,2026-02-02,Al Okhdood,Neom SC,1,1,D,,,,20,source_reported_FT,Al Okhdood,Neom SC
omarmohamed456/Football-Match-Outcome-Predictor,https://raw.githubusercontent.com/omarmohamed456/Football-Match-Outcome-Predictor/edefc091629a587271b911a08f88c1523502ff11/scraped_data/saudi_saudi_pro_league_2025-2026_match_data.csv,edefc091629a587271b911a08f88c1523502ff11,206,2026-09-04T07:16:44.568Z,Saudi Pro League,2025-26,2026-02-02,Al Riyadh,Al-Nassr,0,1,A,,,,20,source_reported_FT,Al Riyadh,Al Nassr
omarmohamed456/Football-Match-Outcome-Predictor,https://raw.githubusercontent.com/omarmohamed456/Football-Match-Outcome-Predictor/edefc091629a587271b911a08f88c1523502ff11/scraped_data/saudi_saudi_pro_league_2025-2026_match_data.csv,edefc091629a587271b911a08f88c1523502ff11,9,2026-09-04T07:16:44.568Z,Saudi Pro League,2025-26,2026-02-02,Al-Hilal,Al Ahli SC,0,0,D,,,,20,source_reported_FT,Al Hilal,Al Ahli SC
omarmohamed456/Football-Match-Outcome-Predictor,https://raw.githubusercontent.com/omarmohamed456/Football-Match-Outcome-Predictor/edefc091629a587271b911a08f88c1523502ff11/scraped_data/saudi_saudi_pro_league_2025-2026_match_data.csv,edefc091629a587271b911a08f88c1523502ff11,165,2026-09-04T07:16:44.568Z,Saudi Pro League,2025-26,2026-02-03,Al Khaleej,Al Qadisiya,0,1,A,,,,20,source_reported_FT,Al Khaleej,Al Qadsiah
omarmohamed456/Football-Match-Outcome-Predictor,https://raw.githubusercontent.com/omarmohamed456/Football-Match-Outcome-Predictor/edefc091629a587271b911a08f88c1523502ff11/scraped_data/saudi_saudi_pro_league_2025-2026_match_data.csv,edefc091629a587271b911a08f88c1523502ff11,50,2026-09-04T07:16:44.568Z,Saudi Pro League,2025-26,2026-02-03,Al-Ettifaq,Al-Taawon,1,0,H,,,,20,source_reported_FT,Al Ettifaq,Al Taawon
omarmohamed456/Football-Match-Outcome-Predictor,https://raw.githubusercontent.com/omarmohamed456/Football-Match-Outcome-Predictor/edefc091629a587271b911a08f88c1523502ff11/scraped_data/saudi_saudi_pro_league_2025-2026_match_data.csv,edefc091629a587271b911a08f88c1523502ff11,188,2026-09-04T07:16:44.568Z,Saudi Pro League,2025-26,2026-02-03,Damac,Al Kholood,0,0,D,,,,20,source_reported_FT,Damac,Al Kholood
omarmohamed456/Football-Match-Outcome-Predictor,https://raw.githubusercontent.com/omarmohamed456/Football-Match-Outcome-Predictor/edefc091629a587271b911a08f88c1523502ff11/scraped_data/saudi_saudi_pro_league_2025-2026_match_data.csv,edefc091629a587271b911a08f88c1523502ff11,8,2026-09-04T07:16:44.568Z,Saudi Pro League,2025-26,2026-02-05,Al Ahli SC,Al Hazem,2,0,H,,,,21,source_reported_FT,Al Ahli SC,Al Hazem
omarmohamed456/Football-Match-Outcome-Predictor,https://raw.githubusercontent.com/omarmohamed456/Football-Match-Outcome-Predictor/edefc091629a587271b911a08f88c1523502ff11/scraped_data/saudi_saudi_pro_league_2025-2026_match_data.csv,edefc091629a587271b911a08f88c1523502ff11,87,2026-09-04T07:16:44.568Z,Saudi Pro League,2025-26,2026-02-05,Al Fayha,Al Najma,3,0,H,,,,21,source_reported_FT,Al Fayha,Al Najma
omarmohamed456/Football-Match-Outcome-Predictor,https://raw.githubusercontent.com/omarmohamed456/Football-Match-Outcome-Predictor/edefc091629a587271b911a08f88c1523502ff11/scraped_data/saudi_saudi_pro_league_2025-2026_match_data.csv,edefc091629a587271b911a08f88c1523502ff11,130,2026-09-04T07:16:44.568Z,Saudi Pro League,2025-26,2026-02-05,Al Okhdood,Al-Hilal,0,6,A,,,,21,source_reported_FT,Al Okhdood,Al Hilal
omarmohamed456/Football-Match-Outcome-Predictor,https://raw.githubusercontent.com/omarmohamed456/Football-Match-Outcome-Predictor/edefc091629a587271b911a08f88c1523502ff11/scraped_data/saudi_saudi_pro_league_2025-2026_match_data.csv,edefc091629a587271b911a08f88c1523502ff11,53,2026-09-04T07:16:44.568Z,Saudi Pro League,2025-26,2026-02-06,Al-Ettifaq,Damac,2,0,H,,,,21,source_reported_FT,Al Ettifaq,Damac
omarmohamed456/Football-Match-Outcome-Predictor,https://raw.githubusercontent.com/omarmohamed456/Football-Match-Outcome-Predictor/edefc091629a587271b911a08f88c1523502ff11/scraped_data/saudi_saudi_pro_league_2025-2026_match_data.csv,edefc091629a587271b911a08f88c1523502ff11,147,2026-09-04T07:16:44.568Z,Saudi Pro League,2025-26,2026-02-06,Al-Nassr,Al-Ittihad FC,2,0,H,,,,21,source_reported_FT,Al Nassr,Al Ittihad
omarmohamed456/Football-Match-Outcome-Predictor,https://raw.githubusercontent.com/omarmohamed456/Football-Match-Outcome-Predictor/edefc091629a587271b911a08f88c1523502ff11/scraped_data/saudi_saudi_pro_league_2025-2026_match_data.csv,edefc091629a587271b911a08f88c1523502ff11,236,2026-09-04T07:16:44.568Z,Saudi Pro League,2025-26,2026-02-06,Neom SC,Al Riyadh,1,0,H,,,,21,source_reported_FT,Neom SC,Al Riyadh
omarmohamed456/Football-Match-Outcome-Predictor,https://raw.githubusercontent.com/omarmohamed456/Football-Match-Outcome-Predictor/edefc091629a587271b911a08f88c1523502ff11/scraped_data/saudi_saudi_pro_league_2025-2026_match_data.csv,edefc091629a587271b911a08f88c1523502ff11,185,2026-09-04T07:16:44.568Z,Saudi Pro League,2025-26,2026-02-07,Al Kholood,Al-Shabab,1,0,H,,,,21,source_reported_FT,Al Kholood,Al Shabab
omarmohamed456/Football-Match-Outcome-Predictor,https://raw.githubusercontent.com/omarmohamed456/Football-Match-Outcome-Predictor/edefc091629a587271b911a08f88c1523502ff11/scraped_data/saudi_saudi_pro_league_2025-2026_match_data.csv,edefc091629a587271b911a08f88c1523502ff11,71,2026-09-04T07:16:44.568Z,Saudi Pro League,2025-26,2026-02-07,Al Qadisiya,Al-Fateh,1,1,D,,,,21,source_reported_FT,Al Qadsiah,Al Fateh
omarmohamed456/Football-Match-Outcome-Predictor,https://raw.githubusercontent.com/omarmohamed456/Football-Match-Outcome-Predictor/edefc091629a587271b911a08f88c1523502ff11/scraped_data/saudi_saudi_pro_league_2025-2026_match_data.csv,edefc091629a587271b911a08f88c1523502ff11,170,2026-09-04T07:16:44.568Z,Saudi Pro League,2025-26,2026-02-07,Al-Taawon,Al Khaleej,1,1,D,,,,21,source_reported_FT,Al Taawon,Al Khaleej
omarmohamed456/Football-Match-Outcome-Predictor,https://raw.githubusercontent.com/omarmohamed456/Football-Match-Outcome-Predictor/edefc091629a587271b911a08f88c1523502ff11/scraped_data/saudi_saudi_pro_league_2025-2026_match_data.csv,edefc091629a587271b911a08f88c1523502ff11,112,2026-09-04T07:16:44.568Z,Saudi Pro League,2025-26,2026-02-12,Al Hazem,Al Okhdood,2,1,H,,,,22,source_reported_FT,Al Hazem,Al Okhdood
omarmohamed456/Football-Match-Outcome-Predictor,https://raw.githubusercontent.com/omarmohamed456/Football-Match-Outcome-Predictor/edefc091629a587271b911a08f88c1523502ff11/scraped_data/saudi_saudi_pro_league_2025-2026_match_data.csv,edefc091629a587271b911a08f88c1523502ff11,229,2026-09-04T07:16:44.568Z,Saudi Pro League,2025-26,2026-02-12,Al Qadisiya,Neom SC,1,0,H,,,,22,source_reported_FT,Al Qadsiah,Neom SC
omarmohamed456/Football-Match-Outcome-Predictor,https://raw.githubusercontent.com/omarmohamed456/Football-Match-Outcome-Predictor/edefc091629a587271b911a08f88c1523502ff11/scraped_data/saudi_saudi_pro_league_2025-2026_match_data.csv,edefc091629a587271b911a08f88c1523502ff11,243,2026-09-04T07:16:44.568Z,Saudi Pro League,2025-26,2026-02-12,Damac,Al-Taawon,2,1,H,,,,22,source_reported_FT,Damac,Al Taawon
omarmohamed456/Football-Match-Outcome-Predictor,https://raw.githubusercontent.com/omarmohamed456/Football-Match-Outcome-Predictor/edefc091629a587271b911a08f88c1523502ff11/scraped_data/saudi_saudi_pro_league_2025-2026_match_data.csv,edefc091629a587271b911a08f88c1523502ff11,36,2026-09-04T07:16:44.568Z,Saudi Pro League,2025-26,2026-02-13,Al-Hilal,Al-Ettifaq,2,0,H,,,,22,source_reported_FT,Al Hilal,Al Ettifaq
omarmohamed456/Football-Match-Outcome-Predictor,https://raw.githubusercontent.com/omarmohamed456/Football-Match-Outcome-Predictor/edefc091629a587271b911a08f88c1523502ff11/scraped_data/saudi_saudi_pro_league_2025-2026_match_data.csv,edefc091629a587271b911a08f88c1523502ff11,81,2026-09-04T07:16:44.568Z,Saudi Pro League,2025-26,2026-02-13,Al-Ittihad FC,Al Fayha,2,1,H,,,,22,source_reported_FT,Al Ittihad,Al Fayha
omarmohamed456/Football-Match-Outcome-Predictor,https://raw.githubusercontent.com/omarmohamed456/Football-Match-Outcome-Predictor/edefc091629a587271b911a08f88c1523502ff11/scraped_data/saudi_saudi_pro_league_2025-2026_match_data.csv,edefc091629a587271b911a08f88c1523502ff11,23,2026-09-04T07:16:44.568Z,Saudi Pro League,2025-26,2026-02-13,Al-Shabab,Al Ahli SC,2,5,A,,,,22,source_reported_FT,Al Shabab,Al Ahli SC
omarmohamed456/Football-Match-Outcome-Predictor,https://raw.githubusercontent.com/omarmohamed456/Football-Match-Outcome-Predictor/edefc091629a587271b911a08f88c1523502ff11/scraped_data/saudi_saudi_pro_league_2025-2026_match_data.csv,edefc091629a587271b911a08f88c1523502ff11,175,2026-09-04T07:16:44.568Z,Saudi Pro League,2025-26,2026-02-14,Al Najma,Al Kholood,2,1,H,,,,22,source_reported_FT,Al Najma,Al Kholood
omarmohamed456/Football-Match-Outcome-Predictor,https://raw.githubusercontent.com/omarmohamed456/Football-Match-Outcome-Predictor/edefc091629a587271b911a08f88c1523502ff11/scraped_data/saudi_saudi_pro_league_2025-2026_match_data.csv,edefc091629a587271b911a08f88c1523502ff11,166,2026-09-04T07:16:44.568Z,Saudi Pro League,2025-26,2026-02-14,Al Riyadh,Al Khaleej,1,1,D,,,,22,source_reported_FT,Al Riyadh,Al Khaleej
omarmohamed456/Football-Match-Outcome-Predictor,https://raw.githubusercontent.com/omarmohamed456/Football-Match-Outcome-Predictor/edefc091629a587271b911a08f88c1523502ff11/scraped_data/saudi_saudi_pro_league_2025-2026_match_data.csv,edefc091629a587271b911a08f88c1523502ff11,67,2026-09-04T07:16:44.568Z,Saudi Pro League,2025-26,2026-02-14,Al-Fateh,Al-Nassr,0,2,A,,,,22,source_reported_FT,Al Fateh,Al Nassr
omarmohamed456/Football-Match-Outcome-Predictor,https://raw.githubusercontent.com/omarmohamed456/Football-Match-Outcome-Predictor/edefc091629a587271b911a08f88c1523502ff11/scraped_data/saudi_saudi_pro_league_2025-2026_match_data.csv,edefc091629a587271b911a08f88c1523502ff11,15,2026-09-04T07:16:44.568Z,Saudi Pro League,2025-26,2026-02-19,Al Ahli SC,Al Najma,4,1,H,,,,23,source_reported_FT,Al Ahli SC,Al Najma
omarmohamed456/Football-Match-Outcome-Predictor,https://raw.githubusercontent.com/omarmohamed456/Football-Match-Outcome-Predictor/edefc091629a587271b911a08f88c1523502ff11/scraped_data/saudi_saudi_pro_league_2025-2026_match_data.csv,edefc091629a587271b911a08f88c1523502ff11,183,2026-09-04T07:16:44.568Z,Saudi Pro League,2025-26,2026-02-19,Al Kholood,Al Riyadh,0,2,A,,,,23,source_reported_FT,Al Kholood,Al Riyadh
omarmohamed456/Football-Match-Outcome-Predictor,https://raw.githubusercontent.com/omarmohamed456/Football-Match-Outcome-Predictor/edefc091629a587271b911a08f88c1523502ff11/scraped_data/saudi_saudi_pro_league_2025-2026_match_data.csv,edefc091629a587271b911a08f88c1523502ff11,31,2026-09-04T07:16:44.568Z,Saudi Pro League,2025-26,2026-02-19,Al-Ettifaq,Al-Fateh,4,3,H,,,,23,source_reported_FT,Al Ettifaq,Al Fateh
omarmohamed456/Football-Match-Outcome-Predictor,https://raw.githubusercontent.com/omarmohamed456/Football-Match-Outcome-Predictor/edefc091629a587271b911a08f88c1523502ff11/scraped_data/saudi_saudi_pro_league_2025-2026_match_data.csv,edefc091629a587271b911a08f88c1523502ff11,214,2026-09-04T07:16:44.568Z,Saudi Pro League,2025-26,2026-02-20,Al Okhdood,Al Qadisiya,2,4,A,,,,23,source_reported_FT,Al Okhdood,Al Qadsiah
omarmohamed456/Football-Match-Outcome-Predictor,https://raw.githubusercontent.com/omarmohamed456/Football-Match-Outcome-Predictor/edefc091629a587271b911a08f88c1523502ff11/scraped_data/saudi_saudi_pro_league_2025-2026_match_data.csv,edefc091629a587271b911a08f88c1523502ff11,96,2026-09-04T07:16:44.568Z,Saudi Pro League,2025-26,2026-02-20,Al-Taawon,Al Fayha,2,3,A,,,,23,source_reported_FT,Al Taawon,Al Fayha
omarmohamed456/Football-Match-Outcome-Predictor,https://raw.githubusercontent.com/omarmohamed456/Football-Match-Outcome-Predictor/edefc091629a587271b911a08f88c1523502ff11/scraped_data/saudi_saudi_pro_league_2025-2026_match_data.csv,edefc091629a587271b911a08f88c1523502ff11,240,2026-09-04T07:16:44.568Z,Saudi Pro League,2025-26,2026-02-20,Damac,Al-Shabab,1,3,A,,,,23,source_reported_FT,Damac,Al Shabab
omarmohamed456/Football-Match-Outcome-Predictor,https://raw.githubusercontent.com/omarmohamed456/Football-Match-Outcome-Predictor/edefc091629a587271b911a08f88c1523502ff11/scraped_data/saudi_saudi_pro_league_2025-2026_match_data.csv,edefc091629a587271b911a08f88c1523502ff11,174,2026-09-04T07:16:44.568Z,Saudi Pro League,2025-26,2026-02-21,Al Khaleej,Neom SC,0,1,A,,,,23,source_reported_FT,Al Khaleej,Neom SC
omarmohamed456/Football-Match-Outcome-Predictor,https://raw.githubusercontent.com/omarmohamed456/Football-Match-Outcome-Predictor/edefc091629a587271b911a08f88c1523502ff11/scraped_data/saudi_saudi_pro_league_2025-2026_match_data.csv,edefc091629a587271b911a08f88c1523502ff11,122,2026-09-04T07:16:44.568Z,Saudi Pro League,2025-26,2026-02-21,Al-Hilal,Al-Ittihad FC,1,1,D,,,,23,source_reported_FT,Al Hilal,Al Ittihad
omarmohamed456/Football-Match-Outcome-Predictor,https://raw.githubusercontent.com/omarmohamed456/Football-Match-Outcome-Predictor/edefc091629a587271b911a08f88c1523502ff11/scraped_data/saudi_saudi_pro_league_2025-2026_match_data.csv,edefc091629a587271b911a08f88c1523502ff11,109,2026-09-04T07:16:44.568Z,Saudi Pro League,2025-26,2026-02-21,Al-Nassr,Al Hazem,4,0,H,,,,23,source_reported_FT,Al Nassr,Al Hazem
omarmohamed456/Football-Match-Outcome-Predictor,https://raw.githubusercontent.com/omarmohamed456/Football-Match-Outcome-Predictor/edefc091629a587271b911a08f88c1523502ff11/scraped_data/saudi_saudi_pro_league_2025-2026_match_data.csv,edefc091629a587271b911a08f88c1523502ff11,46,2026-09-04T07:16:44.568Z,Saudi Pro League,2025-26,2026-02-23,Al Qadisiya,Al-Ettifaq,4,0,H,,,,10,source_reported_FT,Al Qadsiah,Al Ettifaq
omarmohamed456/Football-Match-Outcome-Predictor,https://raw.githubusercontent.com/omarmohamed456/Football-Match-Outcome-Predictor/edefc091629a587271b911a08f88c1523502ff11/scraped_data/saudi_saudi_pro_league_2025-2026_match_data.csv,edefc091629a587271b911a08f88c1523502ff11,68,2026-09-04T07:16:44.568Z,Saudi Pro League,2025-26,2026-02-23,Al-Fateh,Al Okhdood,2,1,H,,,,10,source_reported_FT,Al Fateh,Al Okhdood
omarmohamed456/Football-Match-Outcome-Predictor,https://raw.githubusercontent.com/omarmohamed456/Football-Match-Outcome-Predictor/edefc091629a587271b911a08f88c1523502ff11/scraped_data/saudi_saudi_pro_league_2025-2026_match_data.csv,edefc091629a587271b911a08f88c1523502ff11,231,2026-09-04T07:16:44.568Z,Saudi Pro League,2025-26,2026-02-23,Al-Shabab,Al Riyadh,3,1,H,,,,10,source_reported_FT,Al Shabab,Al Riyadh
omarmohamed456/Football-Match-Outcome-Predictor,https://raw.githubusercontent.com/omarmohamed456/Football-Match-Outcome-Predictor/edefc091629a587271b911a08f88c1523502ff11/scraped_data/saudi_saudi_pro_league_2025-2026_match_data.csv,edefc091629a587271b911a08f88c1523502ff11,27,2026-09-04T07:16:44.568Z,Saudi Pro League,2025-26,2026-02-23,Damac,Al Ahli SC,0,1,A,,,,10,source_reported_FT,Damac,Al Ahli SC
omarmohamed456/Football-Match-Outcome-Predictor,https://raw.githubusercontent.com/omarmohamed456/Football-Match-Outcome-Predictor/edefc091629a587271b911a08f88c1523502ff11/scraped_data/saudi_saudi_pro_league_2025-2026_match_data.csv,edefc091629a587271b911a08f88c1523502ff11,103,2026-09-04T07:16:44.568Z,Saudi Pro League,2025-26,2026-02-24,Al Hazem,Al-Ittihad FC,1,1,D,,,,10,source_reported_FT,Al Hazem,Al Ittihad
omarmohamed456/Football-Match-Outcome-Predictor,https://raw.githubusercontent.com/omarmohamed456/Football-Match-Outcome-Predictor/edefc091629a587271b911a08f88c1523502ff11/scraped_data/saudi_saudi_pro_league_2025-2026_match_data.csv,edefc091629a587271b911a08f88c1523502ff11,159,2026-09-04T07:16:44.568Z,Saudi Pro League,2025-26,2026-02-24,Al Khaleej,Al Kholood,2,3,A,,,,10,source_reported_FT,Al Khaleej,Al Kholood
omarmohamed456/Football-Match-Outcome-Predictor,https://raw.githubusercontent.com/omarmohamed456/Football-Match-Outcome-Predictor/edefc091629a587271b911a08f88c1523502ff11/scraped_data/saudi_saudi_pro_league_2025-2026_match_data.csv,edefc091629a587271b911a08f88c1523502ff11,137,2026-09-04T07:16:44.568Z,Saudi Pro League,2025-26,2026-02-24,Al-Taawon,Al-Hilal,1,1,D,,,,10,source_reported_FT,Al Taawon,Al Hilal
omarmohamed456/Football-Match-Outcome-Predictor,https://raw.githubusercontent.com/omarmohamed456/Football-Match-Outcome-Predictor/edefc091629a587271b911a08f88c1523502ff11/scraped_data/saudi_saudi_pro_league_2025-2026_match_data.csv,edefc091629a587271b911a08f88c1523502ff11,100,2026-09-04T07:16:44.568Z,Saudi Pro League,2025-26,2026-02-25,Al Fayha,Neom SC,1,1,D,,,,10,source_reported_FT,Al Fayha,Neom SC
omarmohamed456/Football-Match-Outcome-Predictor,https://raw.githubusercontent.com/omarmohamed456/Football-Match-Outcome-Predictor/edefc091629a587271b911a08f88c1523502ff11/scraped_data/saudi_saudi_pro_league_2025-2026_match_data.csv,edefc091629a587271b911a08f88c1523502ff11,191,2026-09-04T07:16:44.568Z,Saudi Pro League,2025-26,2026-02-25,Al Najma,Al-Nassr,0,5,A,,,,10,source_reported_FT,Al Najma,Al Nassr
omarmohamed456/Football-Match-Outcome-Predictor,https://raw.githubusercontent.com/omarmohamed456/Football-Match-Outcome-Predictor/edefc091629a587271b911a08f88c1523502ff11/scraped_data/saudi_saudi_pro_league_2025-2026_match_data.csv,edefc091629a587271b911a08f88c1523502ff11,21,2026-09-04T07:16:44.568Z,Saudi Pro League,2025-26,2026-02-26,Al Riyadh,Al Ahli SC,0,1,A,,,,24,source_reported_FT,Al Riyadh,Al Ahli SC
omarmohamed456/Football-Match-Outcome-Predictor,https://raw.githubusercontent.com/omarmohamed456/Football-Match-Outcome-Predictor/edefc091629a587271b911a08f88c1523502ff11/scraped_data/saudi_saudi_pro_league_2025-2026_match_data.csv,edefc091629a587271b911a08f88c1523502ff11,76,2026-09-04T07:16:44.568Z,Saudi Pro League,2025-26,2026-02-26,Al-Fateh,Damac,1,1,D,,,,24,source_reported_FT,Al Fateh,Damac
omarmohamed456/Football-Match-Outcome-Predictor,https://raw.githubusercontent.com/omarmohamed456/Football-Match-Outcome-Predictor/edefc091629a587271b911a08f88c1523502ff11/scraped_data/saudi_saudi_pro_league_2025-2026_match_data.csv,edefc091629a587271b911a08f88c1523502ff11,34,2026-09-04T07:16:44.568Z,Saudi Pro League,2025-26,2026-02-27,Al Hazem,Al-Ettifaq,3,1,H,,,,24,source_reported_FT,Al Hazem,Al Ettifaq
omarmohamed456/Football-Match-Outcome-Predictor,https://raw.githubusercontent.com/omarmohamed456/Football-Match-Outcome-Predictor/edefc091629a587271b911a08f88c1523502ff11/scraped_data/saudi_saudi_pro_league_2025-2026_match_data.csv,edefc091629a587271b911a08f88c1523502ff11,142,2026-09-04T07:16:44.568Z,Saudi Pro League,2025-26,2026-02-27,Al-Ittihad FC,Al Khaleej,1,0,H,,,,24,source_reported_FT,Al Ittihad,Al Khaleej
omarmohamed456/Football-Match-Outcome-Predictor,https://raw.githubusercontent.com/omarmohamed456/Football-Match-Outcome-Predictor/edefc091629a587271b911a08f88c1523502ff11/scraped_data/saudi_saudi_pro_league_2025-2026_match_data.csv,edefc091629a587271b911a08f88c1523502ff11,136,2026-09-04T07:16:44.568Z,Saudi Pro League,2025-26,2026-02-27,Al-Shabab,Al-Hilal,3,5,A,,,,24,source_reported_FT,Al Shabab,Al Hilal
omarmohamed456/Football-Match-Outcome-Predictor,https://raw.githubusercontent.com/omarmohamed456/Football-Match-Outcome-Predictor/edefc091629a587271b911a08f88c1523502ff11/scraped_data/saudi_saudi_pro_league_2025-2026_match_data.csv,edefc091629a587271b911a08f88c1523502ff11,88,2026-09-04T07:16:44.568Z,Saudi Pro League,2025-26,2026-02-28,Al Fayha,Al-Nassr,1,3,A,,,,24,source_reported_FT,Al Fayha,Al Nassr
omarmohamed456/Football-Match-Outcome-Predictor,https://raw.githubusercontent.com/omarmohamed456/Football-Match-Outcome-Predictor/edefc091629a587271b911a08f88c1523502ff11/scraped_data/saudi_saudi_pro_league_2025-2026_match_data.csv,edefc091629a587271b911a08f88c1523502ff11,194,2026-09-04T07:16:44.568Z,Saudi Pro League,2025-26,2026-02-28,Al Najma,Al Okhdood,1,3,A,,,,24,source_reported_FT,Al Najma,Al Okhdood
omarmohamed456/Football-Match-Outcome-Predictor,https://raw.githubusercontent.com/omarmohamed456/Football-Match-Outcome-Predictor/edefc091629a587271b911a08f88c1523502ff11/scraped_data/saudi_saudi_pro_league_2025-2026_match_data.csv,edefc091629a587271b911a08f88c1523502ff11,226,2026-09-04T07:16:44.568Z,Saudi Pro League,2025-26,2026-02-28,Al Qadisiya,Al-Taawon,1,1,D,,,,24,source_reported_FT,Al Qadsiah,Al Taawon
omarmohamed456/Football-Match-Outcome-Predictor,https://raw.githubusercontent.com/omarmohamed456/Football-Match-Outcome-Predictor/edefc091629a587271b911a08f88c1523502ff11/scraped_data/saudi_saudi_pro_league_2025-2026_match_data.csv,edefc091629a587271b911a08f88c1523502ff11,190,2026-09-04T07:16:44.568Z,Saudi Pro League,2025-26,2026-02-28,Neom SC,Al Kholood,1,2,A,,,,24,source_reported_FT,Neom SC,Al Kholood
omarmohamed456/Football-Match-Outcome-Predictor,https://raw.githubusercontent.com/omarmohamed456/Football-Match-Outcome-Predictor/edefc091629a587271b911a08f88c1523502ff11/scraped_data/saudi_saudi_pro_league_2025-2026_match_data.csv,edefc091629a587271b911a08f88c1523502ff11,235,2026-09-04T07:16:44.568Z,Saudi Pro League,2025-26,2026-03-05,Damac,Al Riyadh,3,0,H,,,,25,source_reported_FT,Damac,Al Riyadh
omarmohamed456/Football-Match-Outcome-Predictor,https://raw.githubusercontent.com/omarmohamed456/Football-Match-Outcome-Predictor/edefc091629a587271b911a08f88c1523502ff11/scraped_data/saudi_saudi_pro_league_2025-2026_match_data.csv,edefc091629a587271b911a08f88c1523502ff11,11,2026-09-04T07:16:44.568Z,Saudi Pro League,2025-26,2026-03-06,Al Ahli SC,Al-Ittihad FC,3,1,H,,,,25,source_reported_FT,Al Ahli SC,Al Ittihad
omarmohamed456/Football-Match-Outcome-Predictor,https://raw.githubusercontent.com/omarmohamed456/Football-Match-Outcome-Predictor/edefc091629a587271b911a08f88c1523502ff11/scraped_data/saudi_saudi_pro_league_2025-2026_match_data.csv,edefc091629a587271b911a08f88c1523502ff11,105,2026-09-04T07:16:44.568Z,Saudi Pro League,2025-26,2026-03-06,Al Khaleej,Al Hazem,2,1,H,,,,25,source_reported_FT,Al Khaleej,Al Hazem
omarmohamed456/Football-Match-Outcome-Predictor,https://raw.githubusercontent.com/omarmohamed456/Football-Match-Outcome-Predictor/edefc091629a587271b911a08f88c1523502ff11/scraped_data/saudi_saudi_pro_league_2025-2026_match_data.csv,edefc091629a587271b911a08f88c1523502ff11,127,2026-09-04T07:16:44.568Z,Saudi Pro League,2025-26,2026-03-06,Al-Hilal,Al Najma,4,0,H,,,,25,source_reported_FT,Al Hilal,Al Najma
omarmohamed456/Football-Match-Outcome-Predictor,https://raw.githubusercontent.com/omarmohamed456/Football-Match-Outcome-Predictor/edefc091629a587271b911a08f88c1523502ff11/scraped_data/saudi_saudi_pro_league_2025-2026_match_data.csv,edefc091629a587271b911a08f88c1523502ff11,75,2026-09-04T07:16:44.568Z,Saudi Pro League,2025-26,2026-03-06,Al-Taawon,Al-Fateh,3,2,H,,,,25,source_reported_FT,Al Taawon,Al Fateh
omarmohamed456/Football-Match-Outcome-Predictor,https://raw.githubusercontent.com/omarmohamed456/Football-Match-Outcome-Predictor/edefc091629a587271b911a08f88c1523502ff11/scraped_data/saudi_saudi_pro_league_2025-2026_match_data.csv,edefc091629a587271b911a08f88c1523502ff11,180,2026-09-04T07:16:44.568Z,Saudi Pro League,2025-26,2026-03-07,Al Kholood,Al Qadisiya,1,4,A,,,,25,source_reported_FT,Al Kholood,Al Qadsiah
omarmohamed456/Football-Match-Outcome-Predictor,https://raw.githubusercontent.com/omarmohamed456/Football-Match-Outcome-Predictor/edefc091629a587271b911a08f88c1523502ff11/scraped_data/saudi_saudi_pro_league_2025-2026_match_data.csv,edefc091629a587271b911a08f88c1523502ff11,91,2026-09-04T07:16:44.568Z,Saudi Pro League,2025-26,2026-03-07,Al Okhdood,Al Fayha,0,5,A,,,,25,source_reported_FT,Al Okhdood,Al Fayha
omarmohamed456/Football-Match-Outcome-Predictor,https://raw.githubusercontent.com/omarmohamed456/Football-Match-Outcome-Predictor/edefc091629a587271b911a08f88c1523502ff11/scraped_data/saudi_saudi_pro_league_2025-2026_match_data.csv,edefc091629a587271b911a08f88c1523502ff11,48,2026-09-04T07:16:44.568Z,Saudi Pro League,2025-26,2026-03-07,Al-Ettifaq,Al-Shabab,1,1,D,,,,25,source_reported_FT,Al Ettifaq,Al Shabab
omarmohamed456/Football-Match-Outcome-Predictor,https://raw.githubusercontent.com/omarmohamed456/Football-Match-Outcome-Predictor/edefc091629a587271b911a08f88c1523502ff11/scraped_data/saudi_saudi_pro_league_2025-2026_match_data.csv,edefc091629a587271b911a08f88c1523502ff11,212,2026-09-04T07:16:44.568Z,Saudi Pro League,2025-26,2026-03-07,Al-Nassr,Neom SC,1,0,H,,,,25,source_reported_FT,Al Nassr,Neom SC
omarmohamed456/Football-Match-Outcome-Predictor,https://raw.githubusercontent.com/omarmohamed456/Football-Match-Outcome-Predictor/edefc091629a587271b911a08f88c1523502ff11/scraped_data/saudi_saudi_pro_league_2025-2026_match_data.csv,edefc091629a587271b911a08f88c1523502ff11,107,2026-09-04T07:16:44.568Z,Saudi Pro League,2025-26,2026-03-12,Al Hazem,Al Kholood,2,1,H,,,,26,source_reported_FT,Al Hazem,Al Kholood
omarmohamed456/Football-Match-Outcome-Predictor,https://raw.githubusercontent.com/omarmohamed456/Football-Match-Outcome-Predictor/edefc091629a587271b911a08f88c1523502ff11/scraped_data/saudi_saudi_pro_league_2025-2026_match_data.csv,edefc091629a587271b911a08f88c1523502ff11,202,2026-09-04T07:16:44.568Z,Saudi Pro League,2025-26,2026-03-12,Al Najma,Damac,1,3,A,,,,26,source_reported_FT,Al Najma,Damac
omarmohamed456/Football-Match-Outcome-Predictor,https://raw.githubusercontent.com/omarmohamed456/Football-Match-Outcome-Predictor/edefc091629a587271b911a08f88c1523502ff11/scraped_data/saudi_saudi_pro_league_2025-2026_match_data.csv,edefc091629a587271b911a08f88c1523502ff11,244,2026-09-04T07:16:44.568Z,Saudi Pro League,2025-26,2026-03-12,Neom SC,Al-Taawon,2,2,D,,,,26,source_reported_FT,Neom SC,Al Taawon
omarmohamed456/Football-Match-Outcome-Predictor,https://raw.githubusercontent.com/omarmohamed456/Football-Match-Outcome-Predictor/edefc091629a587271b911a08f88c1523502ff11/scraped_data/saudi_saudi_pro_league_2025-2026_match_data.csv,edefc091629a587271b911a08f88c1523502ff11,33,2026-09-04T07:16:44.568Z,Saudi Pro League,2025-26,2026-03-13,Al Fayha,Al-Ettifaq,1,0,H,,,,26,source_reported_FT,Al Fayha,Al Ettifaq
omarmohamed456/Football-Match-Outcome-Predictor,https://raw.githubusercontent.com/omarmohamed456/Football-Match-Outcome-Predictor/edefc091629a587271b911a08f88c1523502ff11/scraped_data/saudi_saudi_pro_league_2025-2026_match_data.csv,edefc091629a587271b911a08f88c1523502ff11,19,2026-09-04T07:16:44.568Z,Saudi Pro League,2025-26,2026-03-13,Al Qadisiya,Al Ahli SC,3,2,H,,,,26,source_reported_FT,Al Qadsiah,Al Ahli SC
omarmohamed456/Football-Match-Outcome-Predictor,https://raw.githubusercontent.com/omarmohamed456/Football-Match-Outcome-Predictor/edefc091629a587271b911a08f88c1523502ff11/scraped_data/saudi_saudi_pro_league_2025-2026_match_data.csv,edefc091629a587271b911a08f88c1523502ff11,152,2026-09-04T07:16:44.568Z,Saudi Pro League,2025-26,2026-03-13,Al Riyadh,Al-Ittihad FC,3,1,H,,,,26,source_reported_FT,Al Riyadh,Al Ittihad
omarmohamed456/Football-Match-Outcome-Predictor,https://raw.githubusercontent.com/omarmohamed456/Football-Match-Outcome-Predictor/edefc091629a587271b911a08f88c1523502ff11/scraped_data/saudi_saudi_pro_league_2025-2026_match_data.csv,edefc091629a587271b911a08f88c1523502ff11,161,2026-09-04T07:16:44.568Z,Saudi Pro League,2025-26,2026-03-14,Al Khaleej,Al-Nassr,0,5,A,,,,26,source_reported_FT,Al Khaleej,Al Nassr
omarmohamed456/Football-Match-Outcome-Predictor,https://raw.githubusercontent.com/omarmohamed456/Football-Match-Outcome-Predictor/edefc091629a587271b911a08f88c1523502ff11/scraped_data/saudi_saudi_pro_league_2025-2026_match_data.csv,edefc091629a587271b911a08f88c1523502ff11,60,2026-09-04T07:16:44.568Z,Saudi Pro League,2025-26,2026-03-14,Al-Fateh,Al-Hilal,0,1,A,,,,26,source_reported_FT,Al Fateh,Al Hilal
omarmohamed456/Football-Match-Outcome-Predictor,https://raw.githubusercontent.com/omarmohamed456/Football-Match-Outcome-Predictor/edefc091629a587271b911a08f88c1523502ff11/scraped_data/saudi_saudi_pro_league_2025-2026_match_data.csv,edefc091629a587271b911a08f88c1523502ff11,217,2026-09-04T07:16:44.568Z,Saudi Pro League,2025-26,2026-03-14,Al-Shabab,Al Okhdood,2,0,H,,,,26,source_reported_FT,Al Shabab,Al Okhdood
omarmohamed456/Football-Match-Outcome-Predictor,https://raw.githubusercontent.com/omarmohamed456/Football-Match-Outcome-Predictor/edefc091629a587271b911a08f88c1523502ff11/scraped_data/saudi_saudi_pro_league_2025-2026_match_data.csv,edefc091629a587271b911a08f88c1523502ff11,158,2026-09-04T07:16:44.568Z,Saudi Pro League,2025-26,2026-04-03,Al Kholood,Al Khaleej,2,2,D,,,,27,source_reported_FT,Al Kholood,Al Khaleej
omarmohamed456/Football-Match-Outcome-Predictor,https://raw.githubusercontent.com/omarmohamed456/Football-Match-Outcome-Predictor/edefc091629a587271b911a08f88c1523502ff11/scraped_data/saudi_saudi_pro_league_2025-2026_match_data.csv,edefc091629a587271b911a08f88c1523502ff11,102,2026-09-04T07:16:44.568Z,Saudi Pro League,2025-26,2026-04-03,Al-Ittihad FC,Al Hazem,1,0,H,,,,27,source_reported_FT,Al Ittihad,Al Hazem
omarmohamed456/Football-Match-Outcome-Predictor,https://raw.githubusercontent.com/omarmohamed456/Football-Match-Outcome-Predictor/edefc091629a587271b911a08f88c1523502ff11/scraped_data/saudi_saudi_pro_league_2025-2026_match_data.csv,edefc091629a587271b911a08f88c1523502ff11,192,2026-09-04T07:16:44.568Z,Saudi Pro League,2025-26,2026-04-03,Al-Nassr,Al Najma,5,2,H,,,,27,source_reported_FT,Al Nassr,Al Najma
omarmohamed456/Football-Match-Outcome-Predictor,https://raw.githubusercontent.com/omarmohamed456/Football-Match-Outcome-Predictor/edefc091629a587271b911a08f88c1523502ff11/scraped_data/saudi_saudi_pro_league_2025-2026_match_data.csv,edefc091629a587271b911a08f88c1523502ff11,26,2026-09-04T07:16:44.568Z,Saudi Pro League,2025-26,2026-04-04,Al Ahli SC,Damac,3,0,H,,,,27,source_reported_FT,Al Ahli SC,Damac
omarmohamed456/Football-Match-Outcome-Predictor,https://raw.githubusercontent.com/omarmohamed456/Football-Match-Outcome-Predictor/edefc091629a587271b911a08f88c1523502ff11/scraped_data/saudi_saudi_pro_league_2025-2026_match_data.csv,edefc091629a587271b911a08f88c1523502ff11,138,2026-09-04T07:16:44.568Z,Saudi Pro League,2025-26,2026-04-04,Al-Hilal,Al-Taawon,2,2,D,,,,27,source_reported_FT,Al Hilal,Al Taawon
omarmohamed456/Football-Match-Outcome-Predictor,https://raw.githubusercontent.com/omarmohamed456/Football-Match-Outcome-Predictor/edefc091629a587271b911a08f88c1523502ff11/scraped_data/saudi_saudi_pro_league_2025-2026_match_data.csv,edefc091629a587271b911a08f88c1523502ff11,99,2026-09-04T07:16:44.568Z,Saudi Pro League,2025-26,2026-04-04,Neom SC,Al Fayha,1,0,H,,,,27,source_reported_FT,Neom SC,Al Fayha
omarmohamed456/Football-Match-Outcome-Predictor,https://raw.githubusercontent.com/omarmohamed456/Football-Match-Outcome-Predictor/edefc091629a587271b911a08f88c1523502ff11/scraped_data/saudi_saudi_pro_league_2025-2026_match_data.csv,edefc091629a587271b911a08f88c1523502ff11,69,2026-09-04T07:16:44.568Z,Saudi Pro League,2025-26,2026-04-05,Al Okhdood,Al-Fateh,1,0,H,,,,27,source_reported_FT,Al Okhdood,Al Fateh
omarmohamed456/Football-Match-Outcome-Predictor,https://raw.githubusercontent.com/omarmohamed456/Football-Match-Outcome-Predictor/edefc091629a587271b911a08f88c1523502ff11/scraped_data/saudi_saudi_pro_league_2025-2026_match_data.csv,edefc091629a587271b911a08f88c1523502ff11,232,2026-09-04T07:16:44.568Z,Saudi Pro League,2025-26,2026-04-05,Al Riyadh,Al-Shabab,1,1,D,,,,27,source_reported_FT,Al Riyadh,Al Shabab
omarmohamed456/Football-Match-Outcome-Predictor,https://raw.githubusercontent.com/omarmohamed456/Football-Match-Outcome-Predictor/edefc091629a587271b911a08f88c1523502ff11/scraped_data/saudi_saudi_pro_league_2025-2026_match_data.csv,edefc091629a587271b911a08f88c1523502ff11,45,2026-09-04T07:16:44.568Z,Saudi Pro League,2025-26,2026-04-05,Al-Ettifaq,Al Qadisiya,3,2,H,,,,27,source_reported_FT,Al Ettifaq,Al Qadsiah
omarmohamed456/Football-Match-Outcome-Predictor,https://raw.githubusercontent.com/omarmohamed456/Football-Match-Outcome-Predictor/edefc091629a587271b911a08f88c1523502ff11/scraped_data/saudi_saudi_pro_league_2025-2026_match_data.csv,edefc091629a587271b911a08f88c1523502ff11,6,2026-09-04T07:16:44.568Z,Saudi Pro League,2025-26,2026-04-08,Al Fayha,Al Ahli SC,1,1,D,,,,29,source_reported_FT,Al Fayha,Al Ahli SC
omarmohamed456/Football-Match-Outcome-Predictor,https://raw.githubusercontent.com/omarmohamed456/Football-Match-Outcome-Predictor/edefc091629a587271b911a08f88c1523502ff11/scraped_data/saudi_saudi_pro_league_2025-2026_match_data.csv,edefc091629a587271b911a08f88c1523502ff11,124,2026-09-04T07:16:44.568Z,Saudi Pro League,2025-26,2026-04-08,Al-Hilal,Al Kholood,6,0,H,,,,29,source_reported_FT,Al Hilal,Al Kholood
omarmohamed456/Football-Match-Outcome-Predictor,https://raw.githubusercontent.com/omarmohamed456/Football-Match-Outcome-Predictor/edefc091629a587271b911a08f88c1523502ff11/scraped_data/saudi_saudi_pro_league_2025-2026_match_data.csv,edefc091629a587271b911a08f88c1523502ff11,156,2026-09-04T07:16:44.568Z,Saudi Pro League,2025-26,2026-04-08,Al-Ittihad FC,Neom SC,3,4,A,,,,29,source_reported_FT,Al Ittihad,Neom SC
